<?xml version="1.0"?>
<gpx xmlns="http://www.topografix.com/GPX/1/1" xmlns:gpxx="http://www.garmin.com/xmlschemas/GpxExtensions/v3" creator="CALTOPO" version="1.1"><metadata><name><![CDATA[Chicken Spring Lake-Whitney Meadows]]></name></metadata><wpt lat="36.44835404097802" lon="-118.17051637052069"><name>Cottonwood Pass Trailhead</name></wpt><wpt lat="36.552067204411856" lon="-118.35859107441345"><name>Camp</name></wpt><wpt lat="36.45623230287487" lon="-118.22761550380758"><name>Chicken Spring Lake</name></wpt><trk><name>Chicken Spring Lake-Whitney Meadows</name><trkseg><trkpt lat="36.44833022016493" lon="-118.17066019936124"><ele>3029.0</ele></trkpt><trkpt lat="36.44832878297776" lon="-118.17064131965105"><ele>3029.0</ele></trkpt><trkpt lat="36.44834" lon="-118.17063999999999"><ele>3029.0</ele></trkpt><trkpt lat="36.44834" lon="-118.17063999999999"><ele>3029.0</ele></trkpt><trkpt lat="36.44834" lon="-118.17063999999999"><ele>3029.0</ele></trkpt><trkpt lat="36.44839283826314" lon="-118.17091740088148"><ele>3029.0</ele></trkpt><trkpt lat="36.448400055625896" lon="-118.17095529199537"><ele>3029.0</ele></trkpt><trkpt lat="36.44842" lon="-118.17106000000001"><ele>3029.4980000468477</ele></trkpt><trkpt lat="36.44831" lon="-118.17147"><ele>3029.0</ele></trkpt><trkpt lat="36.44816" lon="-118.17176999999998"><ele>3028.0</ele></trkpt><trkpt lat="36.44805" lon="-118.17203999999998"><ele>3027.7324158931106</ele></trkpt><trkpt lat="36.44802" lon="-118.17261000000002"><ele>3027.0</ele></trkpt><trkpt lat="36.44811" lon="-118.17302000000001"><ele>3027.0</ele></trkpt><trkpt lat="36.44808" lon="-118.17341999999996"><ele>3027.0</ele></trkpt><trkpt lat="36.44811" lon="-118.17362000000003"><ele>3027.0</ele></trkpt><trkpt lat="36.448099533966584" lon="-118.17380141124585"><ele>3027.0</ele></trkpt><trkpt lat="36.44809890459971" lon="-118.17381232029527"><ele>3027.0</ele></trkpt><trkpt lat="36.44808" lon="-118.17413999999997"><ele>3027.0</ele></trkpt><trkpt lat="36.44809" lon="-118.17457000000002"><ele>3027.0</ele></trkpt><trkpt lat="36.44817" lon="-118.17496"><ele>3027.0</ele></trkpt><trkpt lat="36.44818" lon="-118.17527000000001"><ele>3027.0</ele></trkpt><trkpt lat="36.44815" lon="-118.17597"><ele>3026.7237781074064</ele></trkpt><trkpt lat="36.44815" lon="-118.17597"><ele>3026.7237781074064</ele></trkpt><trkpt lat="36.44815" lon="-118.17597"><ele>3026.7237781074064</ele></trkpt><trkpt lat="36.44808" lon="-118.17635999999999"><ele>3025.772450124845</ele></trkpt><trkpt lat="36.44818" lon="-118.17802"><ele>3022.5660436078906</ele></trkpt><trkpt lat="36.44813" lon="-118.17883"><ele>3019.0</ele></trkpt><trkpt lat="36.44827" lon="-118.17917999999997"><ele>3020.0</ele></trkpt><trkpt lat="36.44837" lon="-118.17925000000002"><ele>3020.6875585290327</ele></trkpt><trkpt lat="36.44866" lon="-118.17935999999997"><ele>3023.0</ele></trkpt><trkpt lat="36.44885" lon="-118.17955999999998"><ele>3025.0</ele></trkpt><trkpt lat="36.44917" lon="-118.18043"><ele>3026.2536185602853</ele></trkpt><trkpt lat="36.44953" lon="-118.18123000000003"><ele>3028.0</ele></trkpt><trkpt lat="36.45019" lon="-118.1823"><ele>3030.0</ele></trkpt><trkpt lat="36.45067705316703" lon="-118.18287724819794"><ele>3031.2375747933984</ele></trkpt><trkpt lat="36.450709597079296" lon="-118.18291581867965"><ele>3032.0</ele></trkpt><trkpt lat="36.45073" lon="-118.18294000000003"><ele>3032.0</ele></trkpt><trkpt lat="36.45086" lon="-118.18322999999998"><ele>3032.0</ele></trkpt><trkpt lat="36.45107" lon="-118.18385"><ele>3031.0</ele></trkpt><trkpt lat="36.45145" lon="-118.18444999999997"><ele>3031.930654422117</ele></trkpt><trkpt lat="36.45163" lon="-118.18470000000002"><ele>3032.0</ele></trkpt><trkpt lat="36.45193" lon="-118.18493999999998"><ele>3033.0</ele></trkpt><trkpt lat="36.45268" lon="-118.18588999999997"><ele>3036.0</ele></trkpt><trkpt lat="36.45305" lon="-118.18684999999999"><ele>3038.0</ele></trkpt><trkpt lat="36.45306" lon="-118.18748"><ele>3039.084405368788</ele></trkpt><trkpt lat="36.45301" lon="-118.18788"><ele>3040.0</ele></trkpt><trkpt lat="36.45288" lon="-118.18824000000001"><ele>3040.6092666562536</ele></trkpt><trkpt lat="36.45268" lon="-118.18858"><ele>3041.1549471056387</ele></trkpt><trkpt lat="36.45267" lon="-118.18882000000002"><ele>3042.0</ele></trkpt><trkpt lat="36.45271" lon="-118.18917999999996"><ele>3042.0</ele></trkpt><trkpt lat="36.45264" lon="-118.18937"><ele>3040.0</ele></trkpt><trkpt lat="36.45263" lon="-118.18968999999998"><ele>3039.0</ele></trkpt><trkpt lat="36.45258" lon="-118.18986999999998"><ele>3039.0</ele></trkpt><trkpt lat="36.45248" lon="-118.19009"><ele>3038.0</ele></trkpt><trkpt lat="36.45244" lon="-118.19038999999998"><ele>3038.0</ele></trkpt><trkpt lat="36.45215" lon="-118.19078000000002"><ele>3036.0</ele></trkpt><trkpt lat="36.45208" lon="-118.19092"><ele>3035.0</ele></trkpt><trkpt lat="36.45208" lon="-118.19092"><ele>3035.0</ele></trkpt><trkpt lat="36.45206" lon="-118.19112999999999"><ele>3035.0</ele></trkpt><trkpt lat="36.4521" lon="-118.19132000000002"><ele>3035.0</ele></trkpt><trkpt lat="36.45223" lon="-118.19160999999997"><ele>3036.212856117636</ele></trkpt><trkpt lat="36.45227" lon="-118.19186000000002"><ele>3036.530416596681</ele></trkpt><trkpt lat="36.45227" lon="-118.19218999999998"><ele>3037.0</ele></trkpt><trkpt lat="36.45225" lon="-118.19234"><ele>3036.371636208147</ele></trkpt><trkpt lat="36.45217" lon="-118.19252"><ele>3036.0</ele></trkpt><trkpt lat="36.45209" lon="-118.19290000000001"><ele>3035.0</ele></trkpt><trkpt lat="36.45218" lon="-118.19310999999999"><ele>3035.315907197073</ele></trkpt><trkpt lat="36.45219" lon="-118.19319000000002"><ele>3035.8952968325466</ele></trkpt><trkpt lat="36.45219" lon="-118.19326000000001"><ele>3035.8952968325466</ele></trkpt><trkpt lat="36.45209" lon="-118.19337000000002"><ele>3034.772938667331</ele></trkpt><trkpt lat="36.4521" lon="-118.19348000000002"><ele>3035.0</ele></trkpt><trkpt lat="36.45222" lon="-118.19382999999999"><ele>3037.0</ele></trkpt><trkpt lat="36.45247" lon="-118.19430999999997"><ele>3038.0</ele></trkpt><trkpt lat="36.45267" lon="-118.19443000000001"><ele>3039.0</ele></trkpt><trkpt lat="36.45279" lon="-118.19459999999998"><ele>3041.0</ele></trkpt><trkpt lat="36.45282" lon="-118.19490000000002"><ele>3042.0</ele></trkpt><trkpt lat="36.4529" lon="-118.19511"><ele>3043.0</ele></trkpt><trkpt lat="36.45291" lon="-118.19537000000003"><ele>3044.0</ele></trkpt><trkpt lat="36.45301" lon="-118.19560999999999"><ele>3046.0</ele></trkpt><trkpt lat="36.45303" lon="-118.19576999999998"><ele>3048.0</ele></trkpt><trkpt lat="36.45302" lon="-118.19614000000001"><ele>3050.0</ele></trkpt><trkpt lat="36.45311" lon="-118.19648000000001"><ele>3052.0</ele></trkpt><trkpt lat="36.45312" lon="-118.19682"><ele>3054.0</ele></trkpt><trkpt lat="36.45318" lon="-118.19695000000002"><ele>3055.7118012088736</ele></trkpt><trkpt lat="36.45332" lon="-118.19713999999999"><ele>3057.0</ele></trkpt><trkpt lat="36.45341" lon="-118.19741999999997"><ele>3058.0</ele></trkpt><trkpt lat="36.4537" lon="-118.19776000000002"><ele>3060.0</ele></trkpt><trkpt lat="36.45388" lon="-118.19803000000002"><ele>3060.0</ele></trkpt><trkpt lat="36.45404" lon="-118.19844999999998"><ele>3063.0</ele></trkpt><trkpt lat="36.45409" lon="-118.19869"><ele>3063.0</ele></trkpt><trkpt lat="36.45409" lon="-118.19888000000003"><ele>3064.0</ele></trkpt><trkpt lat="36.45397" lon="-118.19934999999998"><ele>3067.0</ele></trkpt><trkpt lat="36.45384" lon="-118.19972000000001"><ele>3068.0</ele></trkpt><trkpt lat="36.4538" lon="-118.20023000000003"><ele>3072.0</ele></trkpt><trkpt lat="36.45383" lon="-118.20064000000002"><ele>3075.0</ele></trkpt><trkpt lat="36.4538" lon="-118.20089999999999"><ele>3076.0</ele></trkpt><trkpt lat="36.45383" lon="-118.20095000000003"><ele>3076.9162075724453</ele></trkpt><trkpt lat="36.45394" lon="-118.20101"><ele>3078.2896332405508</ele></trkpt><trkpt lat="36.45417" lon="-118.20125999999999"><ele>3082.2916913045497</ele></trkpt><trkpt lat="36.45427" lon="-118.20132000000001"><ele>3084.0</ele></trkpt><trkpt lat="36.45441" lon="-118.20132000000001"><ele>3085.0</ele></trkpt><trkpt lat="36.45454" lon="-118.20145000000002"><ele>3086.364461199921</ele></trkpt><trkpt lat="36.45455" lon="-118.20155999999997"><ele>3087.0</ele></trkpt><trkpt lat="36.45476" lon="-118.20202999999998"><ele>3092.0</ele></trkpt><trkpt lat="36.45487" lon="-118.20242999999999"><ele>3095.174411520362</ele></trkpt><trkpt lat="36.45488" lon="-118.20256"><ele>3096.0437068913384</ele></trkpt><trkpt lat="36.45495" lon="-118.20283999999998"><ele>3099.0</ele></trkpt><trkpt lat="36.45507" lon="-118.20312999999999"><ele>3101.0</ele></trkpt><trkpt lat="36.45522" lon="-118.20395000000002"><ele>3107.0</ele></trkpt><trkpt lat="36.45528" lon="-118.20416"><ele>3108.0</ele></trkpt><trkpt lat="36.45527" lon="-118.20424000000003"><ele>3109.0</ele></trkpt><trkpt lat="36.45521" lon="-118.20436000000001"><ele>3110.0</ele></trkpt><trkpt lat="36.45469" lon="-118.20510999999999"><ele>3119.973636497737</ele></trkpt><trkpt lat="36.45452" lon="-118.20524999999998"><ele>3120.3769043781995</ele></trkpt><trkpt lat="36.45432" lon="-118.20537000000002"><ele>3120.316327671596</ele></trkpt><trkpt lat="36.45404" lon="-118.2056"><ele>3124.732248889748</ele></trkpt><trkpt lat="36.45381" lon="-118.20573000000002"><ele>3126.7906880006194</ele></trkpt><trkpt lat="36.45348" lon="-118.20583999999997"><ele>3130.3327220123792</ele></trkpt><trkpt lat="36.45324" lon="-118.20580999999999"><ele>3132.0</ele></trkpt><trkpt lat="36.45317" lon="-118.20586000000003"><ele>3133.849127112888</ele></trkpt><trkpt lat="36.45319" lon="-118.20591999999999"><ele>3135.6453297771513</ele></trkpt><trkpt lat="36.45342" lon="-118.20601999999997"><ele>3138.3056675540283</ele></trkpt><trkpt lat="36.45326" lon="-118.20601999999997"><ele>3138.3056675540283</ele></trkpt><trkpt lat="36.45321" lon="-118.20609000000002"><ele>3140.9971619702596</ele></trkpt><trkpt lat="36.45338" lon="-118.20614999999998"><ele>3142.0</ele></trkpt><trkpt lat="36.45342" lon="-118.20618000000002"><ele>3143.1225565916134</ele></trkpt><trkpt lat="36.45341" lon="-118.20621"><ele>3144.1603093333542</ele></trkpt><trkpt lat="36.45322" lon="-118.20623"><ele>3145.0923768891953</ele></trkpt><trkpt lat="36.45311" lon="-118.20631000000003"><ele>3147.163688545804</ele></trkpt><trkpt lat="36.45296" lon="-118.20632"><ele>3146.6494200714696</ele></trkpt><trkpt lat="36.45293" lon="-118.20634999999999"><ele>3147.5275131351127</ele></trkpt><trkpt lat="36.45296" lon="-118.20641"><ele>3149.0</ele></trkpt><trkpt lat="36.45305" lon="-118.20645999999999"><ele>3150.586533006146</ele></trkpt><trkpt lat="36.45336" lon="-118.20646999999997"><ele>3154.2771875541657</ele></trkpt><trkpt lat="36.45379" lon="-118.20641"><ele>3156.4809848894365</ele></trkpt><trkpt lat="36.45425" lon="-118.20649000000003"><ele>3162.0</ele></trkpt><trkpt lat="36.45428" lon="-118.20652999999999"><ele>3164.073390221689</ele></trkpt><trkpt lat="36.45422" lon="-118.20658000000003"><ele>3165.4035591129214</ele></trkpt><trkpt lat="36.4539" lon="-118.20664999999997"><ele>3165.6657955539413</ele></trkpt><trkpt lat="36.4539" lon="-118.20672000000002"><ele>3168.928032000549</ele></trkpt><trkpt lat="36.45396" lon="-118.20675"><ele>3170.3261333336122</ele></trkpt><trkpt lat="36.454" lon="-118.20672000000002"><ele>3169.928032000549</ele></trkpt><trkpt lat="36.45408" lon="-118.20679999999999"><ele>3174.656302221585</ele></trkpt><trkpt lat="36.45374" lon="-118.20695"><ele>3177.453796779661</ele></trkpt><trkpt lat="36.45372" lon="-118.20697999999999"><ele>3178.0243768613527</ele></trkpt><trkpt lat="36.45375" lon="-118.20700999999997"><ele>3179.4430115544237</ele></trkpt><trkpt lat="36.45382" lon="-118.20699000000002"><ele>3179.0</ele></trkpt><trkpt lat="36.45386" lon="-118.20700999999997"><ele>3180.097425230313</ele></trkpt><trkpt lat="36.45387" lon="-118.20704"><ele>3181.841112888884</ele></trkpt><trkpt lat="36.4537" lon="-118.20709"><ele>3182.0</ele></trkpt><trkpt lat="36.4537" lon="-118.20713999999998"><ele>3182.8854395565577</ele></trkpt><trkpt lat="36.45372" lon="-118.20717000000002"><ele>3184.899552001152</ele></trkpt><trkpt lat="36.45387" lon="-118.20713999999998"><ele>3185.501450665761</ele></trkpt><trkpt lat="36.45389" lon="-118.20718"><ele>3188.1435364532754</ele></trkpt><trkpt lat="36.45368" lon="-118.2074"><ele>3190.7042763136105</ele></trkpt><trkpt lat="36.45354" lon="-118.20747"><ele>3190.8941311087624</ele></trkpt><trkpt lat="36.45353" lon="-118.20751999999999"><ele>3192.0</ele></trkpt><trkpt lat="36.45355" lon="-118.20756"><ele>3192.7159691802835</ele></trkpt><trkpt lat="36.45376" lon="-118.20749"><ele>3194.699186041869</ele></trkpt><trkpt lat="36.4538" lon="-118.20751999999999"><ele>3196.037511142718</ele></trkpt><trkpt lat="36.45365" lon="-118.20763"><ele>3196.1641654794225</ele></trkpt><trkpt lat="36.45367" lon="-118.20767999999998"><ele>3198.3130610389635</ele></trkpt><trkpt lat="36.45384" lon="-118.20765"><ele>3201.1334048698136</ele></trkpt><trkpt lat="36.45397" lon="-118.20757000000003"><ele>3202.0150597217707</ele></trkpt><trkpt lat="36.454" lon="-118.20758999999998"><ele>3203.472970665898</ele></trkpt><trkpt lat="36.45398" lon="-118.20763"><ele>3204.7396448573045</ele></trkpt><trkpt lat="36.45372" lon="-118.20784000000003"><ele>3205.1238151127473</ele></trkpt><trkpt lat="36.45361" lon="-118.20801"><ele>3206.2157726860605</ele></trkpt><trkpt lat="36.45357" lon="-118.20811000000003"><ele>3208.6019780220636</ele></trkpt><trkpt lat="36.45358" lon="-118.20814000000001"><ele>3209.490811067597</ele></trkpt><trkpt lat="36.45365" lon="-118.2081"><ele>3210.0</ele></trkpt><trkpt lat="36.45368" lon="-118.20812000000001"><ele>3211.359044495748</ele></trkpt><trkpt lat="36.45332" lon="-118.20861000000002"><ele>3214.3752226685174</ele></trkpt><trkpt lat="36.45324" lon="-118.20883000000003"><ele>3217.9154777372005</ele></trkpt><trkpt lat="36.45317" lon="-118.20889"><ele>3217.0</ele></trkpt><trkpt lat="36.45317" lon="-118.20904000000002"><ele>3219.6913602521026</ele></trkpt><trkpt lat="36.45309" lon="-118.20929000000001"><ele>3220.7393827219494</ele></trkpt><trkpt lat="36.4531" lon="-118.20960000000002"><ele>3225.675445406346</ele></trkpt><trkpt lat="36.45308" lon="-118.20969000000002"><ele>3225.9845389736993</ele></trkpt><trkpt lat="36.45285" lon="-118.20994000000002"><ele>3228.0</ele></trkpt><trkpt lat="36.4528" lon="-118.21006999999997"><ele>3229.275798476975</ele></trkpt><trkpt lat="36.45283" lon="-118.21014000000002"><ele>3230.9837456843265</ele></trkpt><trkpt lat="36.45291" lon="-118.21019999999999"><ele>3232.0</ele></trkpt><trkpt lat="36.45294" lon="-118.21026"><ele>3233.0</ele></trkpt><trkpt lat="36.45295" lon="-118.21053999999998"><ele>3236.0</ele></trkpt><trkpt lat="36.45292" lon="-118.21062999999998"><ele>3237.0</ele></trkpt><trkpt lat="36.45285" lon="-118.21069"><ele>3238.0</ele></trkpt><trkpt lat="36.45274" lon="-118.21086000000003"><ele>3240.0</ele></trkpt><trkpt lat="36.4524" lon="-118.21100000000001"><ele>3244.390488889534</ele></trkpt><trkpt lat="36.45236" lon="-118.21105"><ele>3245.720657778438</ele></trkpt><trkpt lat="36.45239" lon="-118.21113000000003"><ele>3246.733774245011</ele></trkpt><trkpt lat="36.45257" lon="-118.21123"><ele>3248.9217563893717</ele></trkpt><trkpt lat="36.45259" lon="-118.21125999999998"><ele>3249.0</ele></trkpt><trkpt lat="36.45256" lon="-118.21129000000002"><ele>3249.905468445737</ele></trkpt><trkpt lat="36.45243" lon="-118.2113"><ele>3250.3715022224933</ele></trkpt><trkpt lat="36.45222" lon="-118.21138000000002"><ele>3254.0</ele></trkpt><trkpt lat="36.45221" lon="-118.21143999999998"><ele>3255.0</ele></trkpt><trkpt lat="36.45229" lon="-118.21154999999999"><ele>3256.0069454045906</ele></trkpt><trkpt lat="36.45237" lon="-118.21176000000003"><ele>3258.5466605091538</ele></trkpt><trkpt lat="36.45268" lon="-118.21195999999998"><ele>3261.0</ele></trkpt><trkpt lat="36.45279" lon="-118.21197000000001"><ele>3260.5957653340884</ele></trkpt><trkpt lat="36.45301" lon="-118.21204999999998"><ele>3264.0</ele></trkpt><trkpt lat="36.45309" lon="-118.21204"><ele>3264.034894788507</ele></trkpt><trkpt lat="36.45313" lon="-118.21208999999999"><ele>3265.4790134026825</ele></trkpt><trkpt lat="36.45295" lon="-118.21226000000001"><ele>3268.1107448898256</ele></trkpt><trkpt lat="36.45295" lon="-118.21231999999998"><ele>3269.906947554555</ele></trkpt><trkpt lat="36.45316" lon="-118.21235000000001"><ele>3271.372074439868</ele></trkpt><trkpt lat="36.45346" lon="-118.21228000000002"><ele>3275.020480941769</ele></trkpt><trkpt lat="36.45395" lon="-118.21235999999999"><ele>3280.7710826667026</ele></trkpt><trkpt lat="36.45411" lon="-118.21228000000002"><ele>3284.0059719375904</ele></trkpt><trkpt lat="36.45425" lon="-118.21215999999998"><ele>3284.5884396784554</ele></trkpt><trkpt lat="36.45432" lon="-118.21215000000001"><ele>3285.984373333864</ele></trkpt><trkpt lat="36.45433" lon="-118.21217000000001"><ele>3286.8123305312015</ele></trkpt><trkpt lat="36.45432" lon="-118.21221000000003"><ele>3287.239630166152</ele></trkpt><trkpt lat="36.45421" lon="-118.21235999999999"><ele>3288.0</ele></trkpt><trkpt lat="36.4542" lon="-118.2124"><ele>3288.7643980484254</ele></trkpt><trkpt lat="36.45424" lon="-118.2124"><ele>3289.8802599392648</ele></trkpt><trkpt lat="36.45437" lon="-118.21233999999998"><ele>3291.839015110396</ele></trkpt><trkpt lat="36.45436" lon="-118.2124"><ele>3292.635217777919</ele></trkpt><trkpt lat="36.45425" lon="-118.21257000000003"><ele>3294.6688544024805</ele></trkpt><trkpt lat="36.45427" lon="-118.21260000000001"><ele>3295.97397550037</ele></trkpt><trkpt lat="36.45443" lon="-118.21249999999998"><ele>3296.20111296245</ele></trkpt><trkpt lat="36.45446" lon="-118.21257000000003"><ele>3298.7429342953383</ele></trkpt><trkpt lat="36.45426" lon="-118.21272999999997"><ele>3301.011903943944</ele></trkpt><trkpt lat="36.45417" lon="-118.21289000000002"><ele>3303.2900182029216</ele></trkpt><trkpt lat="36.45417" lon="-118.21289000000002"><ele>3303.2900182029216</ele></trkpt><trkpt lat="36.45411" lon="-118.21294"><ele>3303.801041778177</ele></trkpt><trkpt lat="36.4541" lon="-118.21299999999997"><ele>3305.3345086764316</ele></trkpt><trkpt lat="36.45412" lon="-118.21303999999998"><ele>3306.8485909599567</ele></trkpt><trkpt lat="36.45433" lon="-118.21292"><ele>3308.0</ele></trkpt><trkpt lat="36.45442" lon="-118.21290999999997"><ele>3308.4029404427856</ele></trkpt><trkpt lat="36.45453" lon="-118.21294"><ele>3310.895452464143</ele></trkpt><trkpt lat="36.45454" lon="-118.21296999999998"><ele>3312.199143110309</ele></trkpt><trkpt lat="36.45436" lon="-118.21308999999997"><ele>3313.0</ele></trkpt><trkpt lat="36.45422" lon="-118.21325000000002"><ele>3315.0</ele></trkpt><trkpt lat="36.45417" lon="-118.21334999999999"><ele>3316.5595146277155</ele></trkpt><trkpt lat="36.45417" lon="-118.21339999999998"><ele>3317.7075568262785</ele></trkpt><trkpt lat="36.45431" lon="-118.21334000000002"><ele>3319.442392889876</ele></trkpt><trkpt lat="36.45475" lon="-118.21325000000002"><ele>3325.4695894876495</ele></trkpt><trkpt lat="36.45483" lon="-118.21321999999998"><ele>3327.7067609066144</ele></trkpt><trkpt lat="36.45492" lon="-118.21312999999998"><ele>3326.655683554709</ele></trkpt><trkpt lat="36.45527" lon="-118.21294999999998"><ele>3329.617934515234</ele></trkpt><trkpt lat="36.45547" lon="-118.21289000000002"><ele>3333.4100003940985</ele></trkpt><trkpt lat="36.45547" lon="-118.21289000000002"><ele>3333.4100003940985</ele></trkpt><trkpt lat="36.45591" lon="-118.21253000000002"><ele>3339.1270803827792</ele></trkpt><trkpt lat="36.45594" lon="-118.21258"><ele>3342.0040903192844</ele></trkpt><trkpt lat="36.4558" lon="-118.21289000000002"><ele>3345.470872889273</ele></trkpt><trkpt lat="36.4558" lon="-118.21289000000002"><ele>3345.470872889273</ele></trkpt><trkpt lat="36.45562" lon="-118.21319"><ele>3350.249275156328</ele></trkpt><trkpt lat="36.45514" lon="-118.21380999999997"><ele>3357.881295733598</ele></trkpt><trkpt lat="36.45477" lon="-118.21434999999997"><ele>3365.8921227790415</ele></trkpt><trkpt lat="36.45468" lon="-118.21452999999997"><ele>3369.900412443094</ele></trkpt><trkpt lat="36.45446" lon="-118.21474999999998"><ele>3373.571832499467</ele></trkpt><trkpt lat="36.45425" lon="-118.21488"><ele>3376.21159466682</ele></trkpt><trkpt lat="36.45427" lon="-118.21492999999998"><ele>3379.6735626300797</ele></trkpt><trkpt lat="36.45463" lon="-118.21492"><ele>3385.3443302102387</ele></trkpt><trkpt lat="36.45464" lon="-118.21497"><ele>3388.253907036502</ele></trkpt><trkpt lat="36.45442" lon="-118.2151"><ele>3389.982804775046</ele></trkpt><trkpt lat="36.45413" lon="-118.21518000000003"><ele>3395.250062750992</ele></trkpt><trkpt lat="36.45402" lon="-118.21524"><ele>3396.9136682511307</ele></trkpt><trkpt lat="36.45389" lon="-118.21527000000003"><ele>3396.3869120017625</ele></trkpt><trkpt lat="36.45382" lon="-118.21533999999997"><ele>3397.8677853296</ele></trkpt><trkpt lat="36.45382" lon="-118.21533999999997"><ele>3397.8677853296</ele></trkpt><trkpt lat="36.45373" lon="-118.21542"><ele>3398.3774186661467</ele></trkpt><trkpt lat="36.45344" lon="-118.21554000000003"><ele>3396.0</ele></trkpt><trkpt lat="36.45337000000784" lon="-118.21558999999439"><ele>3395.0</ele></trkpt><trkpt lat="36.45337" lon="-118.21559000000002"><ele>3395.0</ele></trkpt><trkpt lat="36.45342" lon="-118.21577000000002"><ele>3395.0</ele></trkpt><trkpt lat="36.45341893528556" lon="-118.21577450485711"><ele>3395.0</ele></trkpt><trkpt lat="36.45344" lon="-118.21578"><ele>3395.0</ele></trkpt><trkpt lat="36.45355" lon="-118.21593999999999"><ele>3394.8123588654967</ele></trkpt><trkpt lat="36.4536" lon="-118.21609999999998"><ele>3393.5500320757137</ele></trkpt><trkpt lat="36.45368" lon="-118.21620999999999"><ele>3393.0</ele></trkpt><trkpt lat="36.4538" lon="-118.21647999999999"><ele>3394.81669374625</ele></trkpt><trkpt lat="36.45377" lon="-118.21686999999997"><ele>3396.392113824375</ele></trkpt><trkpt lat="36.45367" lon="-118.21708000000001"><ele>3396.6457863729447</ele></trkpt><trkpt lat="36.45365" lon="-118.21721000000002"><ele>3396.388353493009</ele></trkpt><trkpt lat="36.45331" lon="-118.21780000000001"><ele>3397.0808663726784</ele></trkpt><trkpt lat="36.45328" lon="-118.21798000000001"><ele>3399.6977128525386</ele></trkpt><trkpt lat="36.45318" lon="-118.21818999999999"><ele>3400.119650350867</ele></trkpt><trkpt lat="36.45308" lon="-118.21828"><ele>3400.12435258599</ele></trkpt><trkpt lat="36.45293" lon="-118.21873"><ele>3403.9160809637233</ele></trkpt><trkpt lat="36.45279" lon="-118.21895999999998"><ele>3402.879432209184</ele></trkpt><trkpt lat="36.45279" lon="-118.21904"><ele>3402.0</ele></trkpt><trkpt lat="36.45281" lon="-118.21911999999998"><ele>3402.0</ele></trkpt><trkpt lat="36.45293" lon="-118.21933999999999"><ele>3405.7703370768577</ele></trkpt><trkpt lat="36.45308" lon="-118.21954"><ele>3406.0</ele></trkpt><trkpt lat="36.45342" lon="-118.21985000000001"><ele>3408.0272731021196</ele></trkpt><trkpt lat="36.45354" lon="-118.22007000000002"><ele>3409.113583229482</ele></trkpt><trkpt lat="36.45375" lon="-118.22028"><ele>3414.0</ele></trkpt><trkpt lat="36.45381" lon="-118.22044"><ele>3416.2471977743126</ele></trkpt><trkpt lat="36.45379" lon="-118.22095000000002"><ele>3418.0</ele></trkpt><trkpt lat="36.45383" lon="-118.22107"><ele>3419.628979349158</ele></trkpt><trkpt lat="36.45378" lon="-118.22149999999999"><ele>3423.013937542765</ele></trkpt><trkpt lat="36.45368" lon="-118.22185000000002"><ele>3425.0</ele></trkpt><trkpt lat="36.45365" lon="-118.22222"><ele>3426.0</ele></trkpt><trkpt lat="36.45366" lon="-118.22251"><ele>3424.257433877217</ele></trkpt><trkpt lat="36.45371" lon="-118.22284000000002"><ele>3424.0</ele></trkpt><trkpt lat="36.45381" lon="-118.22302000000002"><ele>3425.0</ele></trkpt><trkpt lat="36.45381" lon="-118.22327000000001"><ele>3424.0</ele></trkpt><trkpt lat="36.45404" lon="-118.22419000000002"><ele>3423.0836644191295</ele></trkpt><trkpt lat="36.45408" lon="-118.22459000000003"><ele>3423.0</ele></trkpt><trkpt lat="36.45413" lon="-118.22471000000002"><ele>3423.0</ele></trkpt><trkpt lat="36.45419" lon="-118.22495000000004"><ele>3422.0</ele></trkpt><trkpt lat="36.45419216079517" lon="-118.22502994942153"><ele>3421.9766297417955</ele></trkpt><trkpt lat="36.45419216079517" lon="-118.22502994942153"><ele>3421.9766297417955</ele></trkpt><trkpt lat="36.45421" lon="-118.22568999999999"><ele>3426.9280345970637</ele></trkpt><trkpt lat="36.45418" lon="-118.22604000000001"><ele>3430.30529066734</ele></trkpt><trkpt lat="36.45422" lon="-118.22615000000002"><ele>3431.0</ele></trkpt><trkpt lat="36.45429826767673" lon="-118.226580472222"><ele>3434.975766815694</ele></trkpt><trkpt lat="36.45429826767673" lon="-118.226580472222"><ele>3434.975766815694</ele></trkpt><trkpt lat="36.45432" lon="-118.2267"><ele>3437.0</ele></trkpt><trkpt lat="36.4544" lon="-118.22698000000003"><ele>3442.0</ele></trkpt><trkpt lat="36.4545" lon="-118.22710999999998"><ele>3443.0</ele></trkpt><trkpt lat="36.45429" lon="-118.22730000000001"><ele>3446.4457552604563</ele></trkpt><trkpt lat="36.45416" lon="-118.22730999999999"><ele>3448.0</ele></trkpt><trkpt lat="36.45408" lon="-118.22737999999998"><ele>3449.0</ele></trkpt><trkpt lat="36.45397" lon="-118.22742"><ele>3450.617951999884</ele></trkpt><trkpt lat="36.45393" lon="-118.2276"><ele>3453.0</ele></trkpt><trkpt lat="36.45395" lon="-118.22768000000002"><ele>3454.0</ele></trkpt><trkpt lat="36.45409" lon="-118.22793999999999"><ele>3457.0</ele></trkpt><trkpt lat="36.45407" lon="-118.22824000000003"><ele>3460.0</ele></trkpt><trkpt lat="36.45412" lon="-118.22834"><ele>3462.0</ele></trkpt><trkpt lat="36.4543" lon="-118.22848999999997"><ele>3464.4835662208498</ele></trkpt><trkpt lat="36.4548" lon="-118.22879999999998"><ele>3470.930613332428</ele></trkpt><trkpt lat="36.45533" lon="-118.22884999999997"><ele>3474.260782221332</ele></trkpt><trkpt lat="36.45572" lon="-118.22902999999997"><ele>3481.0</ele></trkpt><trkpt lat="36.45581" lon="-118.22913"><ele>3484.1117335668214</ele></trkpt><trkpt lat="36.45602" lon="-118.22922"><ele>3485.0972680506675</ele></trkpt><trkpt lat="36.45608" lon="-118.22929999999997"><ele>3487.2323022205383</ele></trkpt><trkpt lat="36.45586" lon="-118.22928000000002"><ele>3489.7638975488953</ele></trkpt><trkpt lat="36.45525" lon="-118.22933"><ele>3495.0</ele></trkpt><trkpt lat="36.45524" lon="-118.22937000000002"><ele>3496.690343643146</ele></trkpt><trkpt lat="36.4553" lon="-118.22950000000003"><ele>3499.0</ele></trkpt><trkpt lat="36.45538" lon="-118.22956999999997"><ele>3500.0</ele></trkpt><trkpt lat="36.45565" lon="-118.22965999999997"><ele>3505.0</ele></trkpt><trkpt lat="36.45591" lon="-118.22983999999997"><ele>3508.2608662355606</ele></trkpt><trkpt lat="36.45622" lon="-118.23019"><ele>3507.0</ele></trkpt><trkpt lat="36.45642" lon="-118.23019999999997"><ele>3506.824657779187</ele></trkpt><trkpt lat="36.45664" lon="-118.23034000000001"><ele>3504.811817791492</ele></trkpt><trkpt lat="36.45664" lon="-118.23034000000001"><ele>3504.811817791492</ele></trkpt><trkpt lat="36.45702" lon="-118.23061999999999"><ele>3502.812227224721</ele></trkpt><trkpt lat="36.45708" lon="-118.23061999999999"><ele>3504.0</ele></trkpt><trkpt lat="36.45721" lon="-118.23075"><ele>3504.0</ele></trkpt><trkpt lat="36.45739" lon="-118.23109"><ele>3502.0653675449403</ele></trkpt><trkpt lat="36.45748" lon="-118.2312"><ele>3504.402885735035</ele></trkpt><trkpt lat="36.45753" lon="-118.23151000000001"><ele>3505.300032624975</ele></trkpt><trkpt lat="36.45757" lon="-118.23160999999999"><ele>3505.617751484737</ele></trkpt><trkpt lat="36.45765" lon="-118.23171000000002"><ele>3507.2531927842647</ele></trkpt><trkpt lat="36.45787" lon="-118.23185999999998"><ele>3509.0</ele></trkpt><trkpt lat="36.45807551898578" lon="-118.23233954430015"><ele>3505.1042463597764</ele></trkpt><trkpt lat="36.45809094724941" lon="-118.23237554351863"><ele>3504.8891372562675</ele></trkpt><trkpt lat="36.45811" lon="-118.23241999999999"><ele>3504.3312259957092</ele></trkpt><trkpt lat="36.45851" lon="-118.23298999999997"><ele>3502.067695269872</ele></trkpt><trkpt lat="36.45859" lon="-118.23313999999999"><ele>3501.5837123956258</ele></trkpt><trkpt lat="36.45876" lon="-118.23331999999999"><ele>3502.0</ele></trkpt><trkpt lat="36.4589" lon="-118.23363"><ele>3499.6576562179253</ele></trkpt><trkpt lat="36.45911" lon="-118.23435"><ele>3493.0</ele></trkpt><trkpt lat="36.45926" lon="-118.23466000000002"><ele>3493.5281405424776</ele></trkpt><trkpt lat="36.45932" lon="-118.23486000000003"><ele>3491.0124849446606</ele></trkpt><trkpt lat="36.45932" lon="-118.23486000000003"><ele>3491.0124849446606</ele></trkpt><trkpt lat="36.45936" lon="-118.23507999999998"><ele>3488.0</ele></trkpt><trkpt lat="36.45955" lon="-118.23550999999998"><ele>3487.582122470421</ele></trkpt><trkpt lat="36.45957" lon="-118.23559"><ele>3486.81814387651</ele></trkpt><trkpt lat="36.45971" lon="-118.23590999999999"><ele>3484.0</ele></trkpt><trkpt lat="36.45978" lon="-118.23613999999998"><ele>3482.0003999554215</ele></trkpt><trkpt lat="36.45984" lon="-118.2362"><ele>3483.323935862865</ele></trkpt><trkpt lat="36.45983" lon="-118.23627999999997"><ele>3481.271774035861</ele></trkpt><trkpt lat="36.4599" lon="-118.23635000000002"><ele>3481.7067301394823</ele></trkpt><trkpt lat="36.45998" lon="-118.23654999999997"><ele>3480.1837620953706</ele></trkpt><trkpt lat="36.46002" lon="-118.23683"><ele>3476.580310638994</ele></trkpt><trkpt lat="36.4601" lon="-118.23716000000002"><ele>3474.2158983945847</ele></trkpt><trkpt lat="36.46024" lon="-118.23752999999999"><ele>3472.4772625538662</ele></trkpt><trkpt lat="36.46028" lon="-118.23773"><ele>3470.547211437486</ele></trkpt><trkpt lat="36.4604" lon="-118.23791"><ele>3470.307258968661</ele></trkpt><trkpt lat="36.46051" lon="-118.23825999999997"><ele>3469.1960668592505</ele></trkpt><trkpt lat="36.4606" lon="-118.23847999999998"><ele>3469.9583581747775</ele></trkpt><trkpt lat="36.46095" lon="-118.23915999999997"><ele>3473.4693136438727</ele></trkpt><trkpt lat="36.46127" lon="-118.23937000000001"><ele>3474.0</ele></trkpt><trkpt lat="36.46141" lon="-118.23950000000002"><ele>3473.051377948501</ele></trkpt><trkpt lat="36.46169" lon="-118.24020999999999"><ele>3468.349197136238</ele></trkpt><trkpt lat="36.46212" lon="-118.24072999999999"><ele>3468.024236637734</ele></trkpt><trkpt lat="36.46219" lon="-118.24090000000001"><ele>3467.32232305035</ele></trkpt><trkpt lat="36.46234" lon="-118.24112000000002"><ele>3467.014297258109</ele></trkpt><trkpt lat="36.46261" lon="-118.24148000000002"><ele>3469.091432455708</ele></trkpt><trkpt lat="36.46278" lon="-118.24193000000002"><ele>3468.0853308906785</ele></trkpt><trkpt lat="36.46293" lon="-118.24225999999999"><ele>3466.0</ele></trkpt><trkpt lat="36.46305" lon="-118.24237"><ele>3465.0</ele></trkpt><trkpt lat="36.46356" lon="-118.24250999999998"><ele>3461.749446411791</ele></trkpt><trkpt lat="36.4641" lon="-118.24286000000001"><ele>3461.0</ele></trkpt><trkpt lat="36.46463" lon="-118.24329"><ele>3458.9388923078554</ele></trkpt><trkpt lat="36.46474" lon="-118.24333000000001"><ele>3459.0</ele></trkpt><trkpt lat="36.46501" lon="-118.24349000000001"><ele>3456.8580285548646</ele></trkpt><trkpt lat="36.46515" lon="-118.24353000000002"><ele>3457.60163199855</ele></trkpt><trkpt lat="36.46549" lon="-118.24376999999998"><ele>3454.0</ele></trkpt><trkpt lat="36.46576" lon="-118.24430000000001"><ele>3449.0</ele></trkpt><trkpt lat="36.46582" lon="-118.24457999999998"><ele>3448.0</ele></trkpt><trkpt lat="36.46598" lon="-118.24493000000001"><ele>3450.9446933045983</ele></trkpt><trkpt lat="36.46604" lon="-118.24504000000002"><ele>3452.0</ele></trkpt><trkpt lat="36.46618" lon="-118.24514999999997"><ele>3454.53456251882</ele></trkpt><trkpt lat="36.46628" lon="-118.24536999999998"><ele>3456.0</ele></trkpt><trkpt lat="36.4663" lon="-118.24543"><ele>3456.0</ele></trkpt><trkpt lat="36.46629" lon="-118.24558000000002"><ele>3454.9148915023443</ele></trkpt><trkpt lat="36.46651" lon="-118.24604"><ele>3456.0</ele></trkpt><trkpt lat="36.46653" lon="-118.24622"><ele>3454.860581984007</ele></trkpt><trkpt lat="36.46666" lon="-118.24658999999997"><ele>3454.350370619446</ele></trkpt><trkpt lat="36.46678" lon="-118.24709999999999"><ele>3455.3043495547026</ele></trkpt><trkpt lat="36.46681" lon="-118.24734999999998"><ele>3456.0428459700197</ele></trkpt><trkpt lat="36.46691" lon="-118.24766999999997"><ele>3459.0</ele></trkpt><trkpt lat="36.46706" lon="-118.24790999999999"><ele>3462.5303422622383</ele></trkpt><trkpt lat="36.46715" lon="-118.24823000000004"><ele>3461.745852364227</ele></trkpt><trkpt lat="36.46727" lon="-118.24849"><ele>3461.834594715341</ele></trkpt><trkpt lat="36.46729" lon="-118.24860999999999"><ele>3461.8588801138103</ele></trkpt><trkpt lat="36.46736" lon="-118.24867999999998"><ele>3463.543963734355</ele></trkpt><trkpt lat="36.46748" lon="-118.24898999999999"><ele>3464.869441209361</ele></trkpt><trkpt lat="36.46764" lon="-118.24921"><ele>3468.126576295747</ele></trkpt><trkpt lat="36.4679" lon="-118.24982999999997"><ele>3470.0</ele></trkpt><trkpt lat="36.46803" lon="-118.25000999999997"><ele>3470.8999348538155</ele></trkpt><trkpt lat="36.4681" lon="-118.25015000000002"><ele>3470.8163847572705</ele></trkpt><trkpt lat="36.46811" lon="-118.25027999999998"><ele>3468.0</ele></trkpt><trkpt lat="36.46815" lon="-118.25034"><ele>3468.0</ele></trkpt><trkpt lat="36.46823" lon="-118.25036999999998"><ele>3468.0</ele></trkpt><trkpt lat="36.46819" lon="-118.25049000000001"><ele>3467.014408348128</ele></trkpt><trkpt lat="36.46821" lon="-118.25056000000001"><ele>3467.1734269652516</ele></trkpt><trkpt lat="36.46825" lon="-118.25054999999998"><ele>3468.491465093568</ele></trkpt><trkpt lat="36.46833" lon="-118.25074999999998"><ele>3467.015974295417</ele></trkpt><trkpt lat="36.4688" lon="-118.25107000000003"><ele>3462.7127464341165</ele></trkpt><trkpt lat="36.46893" lon="-118.25110000000001"><ele>3462.0827931472704</ele></trkpt><trkpt lat="36.46928" lon="-118.25108"><ele>3462.792171391667</ele></trkpt><trkpt lat="36.46954" lon="-118.25121000000001"><ele>3462.0</ele></trkpt><trkpt lat="36.46971" lon="-118.25125000000003"><ele>3460.0</ele></trkpt><trkpt lat="36.4698" lon="-118.25132000000002"><ele>3459.0</ele></trkpt><trkpt lat="36.4702" lon="-118.25132000000002"><ele>3456.0</ele></trkpt><trkpt lat="36.4704" lon="-118.25135999999998"><ele>3455.0</ele></trkpt><trkpt lat="36.47085" lon="-118.25132000000002"><ele>3453.0</ele></trkpt><trkpt lat="36.47094" lon="-118.25133"><ele>3453.0</ele></trkpt><trkpt lat="36.47122" lon="-118.25119999999998"><ele>3453.4845015769033</ele></trkpt><trkpt lat="36.47168" lon="-118.25078000000002"><ele>3457.532498793907</ele></trkpt><trkpt lat="36.47226" lon="-118.25072999999998"><ele>3458.8876865090842</ele></trkpt><trkpt lat="36.4724" lon="-118.25069000000002"><ele>3459.9214471098967</ele></trkpt><trkpt lat="36.47249" lon="-118.2507"><ele>3460.569934600169</ele></trkpt><trkpt lat="36.47261" lon="-118.25076000000001"><ele>3460.9438405712194</ele></trkpt><trkpt lat="36.47274" lon="-118.25074999999998"><ele>3463.6988481562585</ele></trkpt><trkpt lat="36.47282" lon="-118.25080000000003"><ele>3464.0</ele></trkpt><trkpt lat="36.47287" lon="-118.25094000000001"><ele>3463.0630278884328</ele></trkpt><trkpt lat="36.4729" lon="-118.25094999999999"><ele>3463.0</ele></trkpt><trkpt lat="36.47294" lon="-118.25096000000002"><ele>3463.0</ele></trkpt><trkpt lat="36.47301" lon="-118.25092000000001"><ele>3464.202670221217</ele></trkpt><trkpt lat="36.47326" lon="-118.25099"><ele>3466.0</ele></trkpt><trkpt lat="36.47357" lon="-118.25117999999998"><ele>3470.0687361664545</ele></trkpt><trkpt lat="36.47359" lon="-118.25137999999998"><ele>3469.0</ele></trkpt><trkpt lat="36.47363" lon="-118.25149999999996"><ele>3470.2784936074167</ele></trkpt><trkpt lat="36.47362" lon="-118.2518"><ele>3471.698943739757</ele></trkpt><trkpt lat="36.47352" lon="-118.25209000000001"><ele>3471.9034491702914</ele></trkpt><trkpt lat="36.47346" lon="-118.25248999999997"><ele>3475.426156019792</ele></trkpt><trkpt lat="36.47337" lon="-118.25261"><ele>3474.327322657122</ele></trkpt><trkpt lat="36.47334" lon="-118.2527"><ele>3474.0</ele></trkpt><trkpt lat="36.47327" lon="-118.25319000000002"><ele>3467.4147454630584</ele></trkpt><trkpt lat="36.47329" lon="-118.25326000000001"><ele>3467.0</ele></trkpt><trkpt lat="36.47337" lon="-118.25333"><ele>3467.2982581404062</ele></trkpt><trkpt lat="36.47356" lon="-118.2534"><ele>3469.0</ele></trkpt><trkpt lat="36.47359" lon="-118.25344000000001"><ele>3469.0</ele></trkpt><trkpt lat="36.47354" lon="-118.25356999999997"><ele>3469.0</ele></trkpt><trkpt lat="36.47352" lon="-118.25369"><ele>3469.0</ele></trkpt><trkpt lat="36.47344" lon="-118.25383999999997"><ele>3467.267058901489</ele></trkpt><trkpt lat="36.47344" lon="-118.25400000000002"><ele>3466.267058901489</ele></trkpt><trkpt lat="36.4734" lon="-118.25409000000002"><ele>3465.4517997307644</ele></trkpt><trkpt lat="36.47328" lon="-118.25418000000002"><ele>3461.9942927155644</ele></trkpt><trkpt lat="36.47323" lon="-118.2543"><ele>3460.193114411086</ele></trkpt><trkpt lat="36.47319" lon="-118.25432999999998"><ele>3459.0</ele></trkpt><trkpt lat="36.47305" lon="-118.25466"><ele>3460.0624593202033</ele></trkpt><trkpt lat="36.47283" lon="-118.25509"><ele>3464.926115354875</ele></trkpt><trkpt lat="36.47228" lon="-118.25572999999997"><ele>3474.95957688801</ele></trkpt><trkpt lat="36.47226" lon="-118.25585999999998"><ele>3477.0158695417904</ele></trkpt><trkpt lat="36.47214" lon="-118.25605999999999"><ele>3479.0</ele></trkpt><trkpt lat="36.47215" lon="-118.25617"><ele>3480.2352877533235</ele></trkpt><trkpt lat="36.47211" lon="-118.25623999999999"><ele>3480.727299555205</ele></trkpt><trkpt lat="36.47207" lon="-118.25644999999997"><ele>3481.936635593907</ele></trkpt><trkpt lat="36.47191" lon="-118.25671"><ele>3481.0</ele></trkpt><trkpt lat="36.47187" lon="-118.25684000000001"><ele>3481.0</ele></trkpt><trkpt lat="36.47187" lon="-118.25684000000001"><ele>3481.0</ele></trkpt><trkpt lat="36.47185" lon="-118.25727"><ele>3483.0</ele></trkpt><trkpt lat="36.47188" lon="-118.25731000000002"><ele>3482.4070862215012</ele></trkpt><trkpt lat="36.47214" lon="-118.2575"><ele>3479.5524444449693</ele></trkpt><trkpt lat="36.47239" lon="-118.25756999999999"><ele>3476.2902080006897</ele></trkpt><trkpt lat="36.4725" lon="-118.25756999999999"><ele>3475.060992530857</ele></trkpt><trkpt lat="36.47262" lon="-118.25763"><ele>3474.367705227522</ele></trkpt><trkpt lat="36.47278" lon="-118.25774999999999"><ele>3473.901599999983</ele></trkpt><trkpt lat="36.47285" lon="-118.25786"><ele>3472.7918229769853</ele></trkpt><trkpt lat="36.47297" lon="-118.25812000000002"><ele>3470.668040331132</ele></trkpt><trkpt lat="36.47314" lon="-118.25882000000001"><ele>3465.8806380033493</ele></trkpt><trkpt lat="36.47314" lon="-118.25891999999999"><ele>3465.0</ele></trkpt><trkpt lat="36.47316" lon="-118.25905"><ele>3464.012602910421</ele></trkpt><trkpt lat="36.47321" lon="-118.25909999999999"><ele>3465.0</ele></trkpt><trkpt lat="36.47331" lon="-118.25936000000002"><ele>3463.0</ele></trkpt><trkpt lat="36.47344" lon="-118.25981000000002"><ele>3457.9257103925147</ele></trkpt><trkpt lat="36.4735" lon="-118.25986"><ele>3457.678792296356</ele></trkpt><trkpt lat="36.4735" lon="-118.25993"><ele>3455.822640147894</ele></trkpt><trkpt lat="36.47357" lon="-118.25997999999998"><ele>3455.777263076976</ele></trkpt><trkpt lat="36.47361" lon="-118.26008000000002"><ele>3453.3157297773287</ele></trkpt><trkpt lat="36.47373" lon="-118.26017999999999"><ele>3452.0</ele></trkpt><trkpt lat="36.47406" lon="-118.26015999999998"><ele>3453.6696411937533</ele></trkpt><trkpt lat="36.47431" lon="-118.26030000000003"><ele>3449.0629866654053</ele></trkpt><trkpt lat="36.47431" lon="-118.26030000000003"><ele>3449.0629866654053</ele></trkpt><trkpt lat="36.4746" lon="-118.26026000000002"><ele>3447.927121776622</ele></trkpt><trkpt lat="36.47482" lon="-118.2604"><ele>3447.4026488885283</ele></trkpt><trkpt lat="36.47509" lon="-118.26051999999999"><ele>3444.8102435558103</ele></trkpt><trkpt lat="36.47552" lon="-118.26094999999998"><ele>3439.62801079399</ele></trkpt><trkpt lat="36.47589" lon="-118.26144999999997"><ele>3435.121348281906</ele></trkpt><trkpt lat="36.47614" lon="-118.26173"><ele>3433.273963661384</ele></trkpt><trkpt lat="36.4763" lon="-118.26198"><ele>3428.7741527228573</ele></trkpt><trkpt lat="36.47647" lon="-118.26207999999997"><ele>3429.095208870072</ele></trkpt><trkpt lat="36.47681" lon="-118.26242000000002"><ele>3424.263825776987</ele></trkpt><trkpt lat="36.47694" lon="-118.26261"><ele>3424.0</ele></trkpt><trkpt lat="36.47735" lon="-118.26339000000002"><ele>3414.883479161625</ele></trkpt><trkpt lat="36.4774" lon="-118.26351999999997"><ele>3413.0000853267625</ele></trkpt><trkpt lat="36.47748" lon="-118.26391000000001"><ele>3406.0</ele></trkpt><trkpt lat="36.47753" lon="-118.26405999999997"><ele>3403.885432757792</ele></trkpt><trkpt lat="36.47772" lon="-118.26438999999999"><ele>3402.0</ele></trkpt><trkpt lat="36.47781" lon="-118.26476000000002"><ele>3397.211921776645</ele></trkpt><trkpt lat="36.47786" lon="-118.26483999999999"><ele>3395.7081567031328</ele></trkpt><trkpt lat="36.47833" lon="-118.26547"><ele>3393.083404194203</ele></trkpt><trkpt lat="36.4794" lon="-118.26675999999998"><ele>3391.0051662232727</ele></trkpt><trkpt lat="36.47971" lon="-118.2672"><ele>3389.82922001454</ele></trkpt><trkpt lat="36.47978" lon="-118.26734999999996"><ele>3390.0</ele></trkpt><trkpt lat="36.47983" lon="-118.26765"><ele>3390.0</ele></trkpt><trkpt lat="36.47981" lon="-118.26799"><ele>3391.144108014415</ele></trkpt><trkpt lat="36.47965" lon="-118.26832000000002"><ele>3388.0</ele></trkpt><trkpt lat="36.4796" lon="-118.26877000000002"><ele>3385.0941005091795</ele></trkpt><trkpt lat="36.47968" lon="-118.26956999999999"><ele>3380.91987269558</ele></trkpt><trkpt lat="36.47961" lon="-118.26977999999997"><ele>3381.0</ele></trkpt><trkpt lat="36.47949" lon="-118.26997"><ele>3379.5916764447466</ele></trkpt><trkpt lat="36.47904" lon="-118.27039000000002"><ele>3376.85467326861</ele></trkpt><trkpt lat="36.47891" lon="-118.27061000000003"><ele>3374.2912677638233</ele></trkpt><trkpt lat="36.47879" lon="-118.27093000000002"><ele>3371.336200444028</ele></trkpt><trkpt lat="36.47871" lon="-118.27134000000001"><ele>3368.6994948815554</ele></trkpt><trkpt lat="36.4787" lon="-118.27199000000002"><ele>3366.1199070215225</ele></trkpt><trkpt lat="36.4787" lon="-118.27199000000002"><ele>3366.1199070215225</ele></trkpt><trkpt lat="36.4787" lon="-118.27271999999999"><ele>3362.0</ele></trkpt><trkpt lat="36.47879" lon="-118.27300000000002"><ele>3362.0</ele></trkpt><trkpt lat="36.47914" lon="-118.27391"><ele>3357.9209710200284</ele></trkpt><trkpt lat="36.47954" lon="-118.27445999999998"><ele>3356.0</ele></trkpt><trkpt lat="36.48007" lon="-118.27501999999998"><ele>3353.0</ele></trkpt><trkpt lat="36.48024" lon="-118.27517999999998"><ele>3351.2281740344233</ele></trkpt><trkpt lat="36.48042" lon="-118.27528000000001"><ele>3352.0</ele></trkpt><trkpt lat="36.48045" lon="-118.27544"><ele>3350.0</ele></trkpt><trkpt lat="36.48052" lon="-118.27553999999998"><ele>3349.0</ele></trkpt><trkpt lat="36.48066" lon="-118.27591000000001"><ele>3347.0</ele></trkpt><trkpt lat="36.48094" lon="-118.27672000000001"><ele>3344.8438369277383</ele></trkpt><trkpt lat="36.48104" lon="-118.27714000000003"><ele>3343.449895471178</ele></trkpt><trkpt lat="36.48105" lon="-118.2774"><ele>3343.0</ele></trkpt><trkpt lat="36.48123" lon="-118.27810999999997"><ele>3345.0</ele></trkpt><trkpt lat="36.48123" lon="-118.27846"><ele>3347.0</ele></trkpt><trkpt lat="36.48109" lon="-118.27881000000002"><ele>3346.0</ele></trkpt><trkpt lat="36.48109" lon="-118.27881000000002"><ele>3346.0</ele></trkpt><trkpt lat="36.48078" lon="-118.27951999999999"><ele>3343.675791895017</ele></trkpt><trkpt lat="36.48049" lon="-118.27996000000002"><ele>3343.0</ele></trkpt><trkpt lat="36.48041" lon="-118.28005000000002"><ele>3342.0</ele></trkpt><trkpt lat="36.48032" lon="-118.28023999999999"><ele>3342.0</ele></trkpt><trkpt lat="36.4801" lon="-118.28062"><ele>3341.0</ele></trkpt><trkpt lat="36.48005" lon="-118.28075000000001"><ele>3341.0</ele></trkpt><trkpt lat="36.47968" lon="-118.28213"><ele>3338.6542592501346</ele></trkpt><trkpt lat="36.47962" lon="-118.28224"><ele>3338.0</ele></trkpt><trkpt lat="36.47952" lon="-118.28233"><ele>3338.0</ele></trkpt><trkpt lat="36.47941" lon="-118.28255999999999"><ele>3339.0</ele></trkpt><trkpt lat="36.4792" lon="-118.28358000000003"><ele>3337.914160652838</ele></trkpt><trkpt lat="36.47922" lon="-118.28403000000003"><ele>3336.0</ele></trkpt><trkpt lat="36.47918" lon="-118.28471000000002"><ele>3336.0</ele></trkpt><trkpt lat="36.47931" lon="-118.2851"><ele>3336.0</ele></trkpt><trkpt lat="36.47992" lon="-118.28604000000001"><ele>3334.830177873373</ele></trkpt><trkpt lat="36.48028" lon="-118.28634999999997"><ele>3336.0</ele></trkpt><trkpt lat="36.48052" lon="-118.28645"><ele>3337.0</ele></trkpt><trkpt lat="36.48066" lon="-118.28683999999998"><ele>3340.569715061037</ele></trkpt><trkpt lat="36.4806" lon="-118.28710999999998"><ele>3342.0</ele></trkpt><trkpt lat="36.48058" lon="-118.28769"><ele>3345.0</ele></trkpt><trkpt lat="36.48069" lon="-118.28816999999998"><ele>3347.0</ele></trkpt><trkpt lat="36.4807" lon="-118.28863999999999"><ele>3348.0</ele></trkpt><trkpt lat="36.48075" lon="-118.28883000000002"><ele>3348.531381334178</ele></trkpt><trkpt lat="36.48064" lon="-118.28899000000001"><ele>3349.0</ele></trkpt><trkpt lat="36.48054" lon="-118.28926000000001"><ele>3349.0</ele></trkpt><trkpt lat="36.48035" lon="-118.28956"><ele>3349.0</ele></trkpt><trkpt lat="36.48031" lon="-118.28971999999999"><ele>3348.9916124450974</ele></trkpt><trkpt lat="36.48032" lon="-118.28985999999998"><ele>3348.0</ele></trkpt><trkpt lat="36.48031" lon="-118.29070000000002"><ele>3347.0</ele></trkpt><trkpt lat="36.48011" lon="-118.29187000000002"><ele>3345.0</ele></trkpt><trkpt lat="36.48008" lon="-118.29194000000001"><ele>3344.0</ele></trkpt><trkpt lat="36.48013" lon="-118.29232999999999"><ele>3343.0</ele></trkpt><trkpt lat="36.48018" lon="-118.29244"><ele>3343.0</ele></trkpt><trkpt lat="36.48018" lon="-118.29257999999999"><ele>3342.0</ele></trkpt><trkpt lat="36.4802" lon="-118.29272000000003"><ele>3343.0</ele></trkpt><trkpt lat="36.48017" lon="-118.29293999999999"><ele>3343.0</ele></trkpt><trkpt lat="36.48012" lon="-118.29309"><ele>3343.457827072095</ele></trkpt><trkpt lat="36.48004" lon="-118.29314999999997"><ele>3344.0</ele></trkpt><trkpt lat="36.47987" lon="-118.29341"><ele>3345.0</ele></trkpt><trkpt lat="36.47984" lon="-118.29354000000001"><ele>3346.0</ele></trkpt><trkpt lat="36.47981" lon="-118.29359"><ele>3346.0</ele></trkpt><trkpt lat="36.47979" lon="-118.29374999999999"><ele>3346.0</ele></trkpt><trkpt lat="36.4795" lon="-118.29419999999999"><ele>3345.0</ele></trkpt><trkpt lat="36.47941" lon="-118.2944"><ele>3346.0</ele></trkpt><trkpt lat="36.47938" lon="-118.29471999999998"><ele>3347.0</ele></trkpt><trkpt lat="36.47946" lon="-118.29507000000001"><ele>3348.1687974631786</ele></trkpt><trkpt lat="36.47948" lon="-118.29541999999998"><ele>3348.0</ele></trkpt><trkpt lat="36.47949" lon="-118.29611999999997"><ele>3347.0</ele></trkpt><trkpt lat="36.47947" lon="-118.29635000000002"><ele>3347.0</ele></trkpt><trkpt lat="36.4795" lon="-118.29651000000001"><ele>3346.771626106235</ele></trkpt><trkpt lat="36.47948" lon="-118.29672"><ele>3346.0</ele></trkpt><trkpt lat="36.4797" lon="-118.29759000000001"><ele>3345.0</ele></trkpt><trkpt lat="36.47983" lon="-118.29786999999999"><ele>3344.0</ele></trkpt><trkpt lat="36.48008" lon="-118.29829999999998"><ele>3345.0</ele></trkpt><trkpt lat="36.48036" lon="-118.29894999999999"><ele>3347.0</ele></trkpt><trkpt lat="36.48056" lon="-118.29962"><ele>3347.0</ele></trkpt><trkpt lat="36.4807" lon="-118.29997000000003"><ele>3347.0</ele></trkpt><trkpt lat="36.4808" lon="-118.30038000000002"><ele>3346.0</ele></trkpt><trkpt lat="36.48108" lon="-118.30078000000003"><ele>3343.0</ele></trkpt><trkpt lat="36.48108" lon="-118.30078000000003"><ele>3343.0</ele></trkpt><trkpt lat="36.48118" lon="-118.30099999999999"><ele>3341.0</ele></trkpt><trkpt lat="36.48132" lon="-118.30110000000002"><ele>3340.0</ele></trkpt><trkpt lat="36.48141" lon="-118.30122"><ele>3339.0</ele></trkpt><trkpt lat="36.48157" lon="-118.30153000000001"><ele>3337.0</ele></trkpt><trkpt lat="36.48161" lon="-118.30165999999997"><ele>3336.0</ele></trkpt><trkpt lat="36.48173" lon="-118.30187000000001"><ele>3335.0</ele></trkpt><trkpt lat="36.48198" lon="-118.30216999999999"><ele>3334.0</ele></trkpt><trkpt lat="36.4821" lon="-118.30246"><ele>3332.0</ele></trkpt><trkpt lat="36.4822" lon="-118.30259000000001"><ele>3331.221838260383</ele></trkpt><trkpt lat="36.48242" lon="-118.30304999999998"><ele>3330.0</ele></trkpt><trkpt lat="36.48248" lon="-118.30329999999998"><ele>3329.0</ele></trkpt><trkpt lat="36.48255" lon="-118.30342000000002"><ele>3328.0</ele></trkpt><trkpt lat="36.48259" lon="-118.30356"><ele>3328.0</ele></trkpt><trkpt lat="36.4826" lon="-118.30376000000001"><ele>3328.0</ele></trkpt><trkpt lat="36.4827" lon="-118.30408999999997"><ele>3327.0</ele></trkpt><trkpt lat="36.48271" lon="-118.30424"><ele>3327.0</ele></trkpt><trkpt lat="36.48268" lon="-118.30444999999997"><ele>3326.0</ele></trkpt><trkpt lat="36.48274" lon="-118.30482999999998"><ele>3326.0</ele></trkpt><trkpt lat="36.48282" lon="-118.30507999999998"><ele>3326.0</ele></trkpt><trkpt lat="36.48276" lon="-118.30579999999998"><ele>3326.0</ele></trkpt><trkpt lat="36.48276" lon="-118.30608000000001"><ele>3327.0</ele></trkpt><trkpt lat="36.48261" lon="-118.30637000000002"><ele>3325.7444628961384</ele></trkpt><trkpt lat="36.48257" lon="-118.30662999999998"><ele>3325.4259952213615</ele></trkpt><trkpt lat="36.48244" lon="-118.30713000000003"><ele>3326.332510305618</ele></trkpt><trkpt lat="36.48233" lon="-118.30734000000001"><ele>3324.92248082633</ele></trkpt><trkpt lat="36.48222" lon="-118.30768999999998"><ele>3322.0</ele></trkpt><trkpt lat="36.48197" lon="-118.30815000000001"><ele>3314.9679439412694</ele></trkpt><trkpt lat="36.48182" lon="-118.30851000000001"><ele>3310.954947894439</ele></trkpt><trkpt lat="36.48181" lon="-118.30856"><ele>3310.375336775556</ele></trkpt><trkpt lat="36.48185" lon="-118.30878999999999"><ele>3310.0</ele></trkpt><trkpt lat="36.48175" lon="-118.30903"><ele>3307.0</ele></trkpt><trkpt lat="36.48176" lon="-118.30921999999998"><ele>3306.107744462003</ele></trkpt><trkpt lat="36.48173" lon="-118.30939999999998"><ele>3305.0</ele></trkpt><trkpt lat="36.48172" lon="-118.30966000000001"><ele>3303.0</ele></trkpt><trkpt lat="36.48177" lon="-118.31009"><ele>3300.03873318331</ele></trkpt><trkpt lat="36.48176" lon="-118.31043"><ele>3296.9140958744915</ele></trkpt><trkpt lat="36.48179" lon="-118.31056000000001"><ele>3295.8253656959373</ele></trkpt><trkpt lat="36.48188" lon="-118.31078000000002"><ele>3294.2268970039418</ele></trkpt><trkpt lat="36.48191" lon="-118.31103000000002"><ele>3291.0</ele></trkpt><trkpt lat="36.48195" lon="-118.31110999999999"><ele>3291.0</ele></trkpt><trkpt lat="36.48193" lon="-118.31121999999999"><ele>3289.0062795950407</ele></trkpt><trkpt lat="36.48195" lon="-118.31135"><ele>3287.4899778081594</ele></trkpt><trkpt lat="36.48205" lon="-118.31133999999997"><ele>3287.0</ele></trkpt><trkpt lat="36.48209" lon="-118.31141000000002"><ele>3288.0</ele></trkpt><trkpt lat="36.48207" lon="-118.31169"><ele>3284.05138306589</ele></trkpt><trkpt lat="36.48211" lon="-118.31216999999998"><ele>3279.0</ele></trkpt><trkpt lat="36.48207" lon="-118.31229000000002"><ele>3277.4452502485365</ele></trkpt><trkpt lat="36.4821" lon="-118.3127"><ele>3275.0084664885453</ele></trkpt><trkpt lat="36.4821" lon="-118.31349999999998"><ele>3267.0</ele></trkpt><trkpt lat="36.48207" lon="-118.31353000000001"><ele>3266.1625998496647</ele></trkpt><trkpt lat="36.48201" lon="-118.31353000000001"><ele>3265.0</ele></trkpt><trkpt lat="36.48198" lon="-118.31355000000002"><ele>3264.433119998779</ele></trkpt><trkpt lat="36.48198" lon="-118.31358999999998"><ele>3264.0</ele></trkpt><trkpt lat="36.48214" lon="-118.31387000000001"><ele>3263.0</ele></trkpt><trkpt lat="36.48232" lon="-118.31403"><ele>3261.0</ele></trkpt><trkpt lat="36.4824" lon="-118.31425999999999"><ele>3257.427479052916</ele></trkpt><trkpt lat="36.48258" lon="-118.31452999999999"><ele>3253.0</ele></trkpt><trkpt lat="36.48269" lon="-118.31461999999999"><ele>3251.0</ele></trkpt><trkpt lat="36.48268" lon="-118.31465000000003"><ele>3251.0</ele></trkpt><trkpt lat="36.48262" lon="-118.31466"><ele>3249.7995023019826</ele></trkpt><trkpt lat="36.48225" lon="-118.31455"><ele>3243.9792790997703</ele></trkpt><trkpt lat="36.48183" lon="-118.31448999999998"><ele>3241.0</ele></trkpt><trkpt lat="36.48174" lon="-118.31459000000001"><ele>3238.0</ele></trkpt><trkpt lat="36.48167" lon="-118.31459000000001"><ele>3238.0</ele></trkpt><trkpt lat="36.48151" lon="-118.31448999999998"><ele>3238.0</ele></trkpt><trkpt lat="36.48141" lon="-118.31448999999998"><ele>3237.0</ele></trkpt><trkpt lat="36.48122" lon="-118.31435999999997"><ele>3236.6843840018846</ele></trkpt><trkpt lat="36.48101" lon="-118.31447000000003"><ele>3232.0</ele></trkpt><trkpt lat="36.4808" lon="-118.31443000000002"><ele>3228.0</ele></trkpt><trkpt lat="36.48077" lon="-118.31448"><ele>3227.008847294967</ele></trkpt><trkpt lat="36.4808" lon="-118.31462999999997"><ele>3226.084728999442</ele></trkpt><trkpt lat="36.48076" lon="-118.31475"><ele>3224.5165852867067</ele></trkpt><trkpt lat="36.48083" lon="-118.31519000000003"><ele>3221.0</ele></trkpt><trkpt lat="36.481" lon="-118.31555000000003"><ele>3218.2263644430786</ele></trkpt><trkpt lat="36.48099" lon="-118.31560000000002"><ele>3217.7595072335716</ele></trkpt><trkpt lat="36.48105" lon="-118.31576000000001"><ele>3215.0</ele></trkpt><trkpt lat="36.48151" lon="-118.31587000000002"><ele>3214.0</ele></trkpt><trkpt lat="36.48162" lon="-118.31592"><ele>3213.9831146663055</ele></trkpt><trkpt lat="36.48173" lon="-118.31601999999998"><ele>3213.8228726297502</ele></trkpt><trkpt lat="36.4819" lon="-118.31632000000002"><ele>3212.0</ele></trkpt><trkpt lat="36.48226" lon="-118.31639000000001"><ele>3209.0</ele></trkpt><trkpt lat="36.48238" lon="-118.31646999999998"><ele>3206.0</ele></trkpt><trkpt lat="36.48272" lon="-118.31633"><ele>3201.9850558618723</ele></trkpt><trkpt lat="36.48288" lon="-118.31646999999998"><ele>3199.0</ele></trkpt><trkpt lat="36.48298" lon="-118.31644"><ele>3198.1426370783206</ele></trkpt><trkpt lat="36.48327" lon="-118.31659000000002"><ele>3198.0</ele></trkpt><trkpt lat="36.4834" lon="-118.31669"><ele>3197.052650174487</ele></trkpt><trkpt lat="36.48347" lon="-118.31682999999998"><ele>3195.5740408892743</ele></trkpt><trkpt lat="36.48375" lon="-118.31689"><ele>3190.139003687604</ele></trkpt><trkpt lat="36.48393" lon="-118.31687999999997"><ele>3188.436357790753</ele></trkpt><trkpt lat="36.48413" lon="-118.31696"><ele>3186.0</ele></trkpt><trkpt lat="36.48418" lon="-118.31707"><ele>3185.0</ele></trkpt><trkpt lat="36.4842" lon="-118.31727000000001"><ele>3184.0</ele></trkpt><trkpt lat="36.48426" lon="-118.31736000000001"><ele>3183.0</ele></trkpt><trkpt lat="36.48435" lon="-118.3177"><ele>3180.0</ele></trkpt><trkpt lat="36.48441" lon="-118.31776000000002"><ele>3179.0</ele></trkpt><trkpt lat="36.48452" lon="-118.31779"><ele>3178.377902833643</ele></trkpt><trkpt lat="36.4846" lon="-118.31786999999997"><ele>3177.919819025045</ele></trkpt><trkpt lat="36.48466" lon="-118.31788"><ele>3177.0</ele></trkpt><trkpt lat="36.48465" lon="-118.31795999999997"><ele>3175.998938051839</ele></trkpt><trkpt lat="36.48457" lon="-118.31803000000002"><ele>3174.2280451169636</ele></trkpt><trkpt lat="36.48454" lon="-118.31810000000002"><ele>3173.387751109898</ele></trkpt><trkpt lat="36.48459" lon="-118.31822999999997"><ele>3173.0</ele></trkpt><trkpt lat="36.48465" lon="-118.31855999999999"><ele>3171.0</ele></trkpt><trkpt lat="36.48464" lon="-118.31866000000002"><ele>3170.0</ele></trkpt><trkpt lat="36.48468" lon="-118.31873000000002"><ele>3170.0</ele></trkpt><trkpt lat="36.48484" lon="-118.31882000000002"><ele>3169.0</ele></trkpt><trkpt lat="36.48498" lon="-118.31894"><ele>3169.0</ele></trkpt><trkpt lat="36.48508" lon="-118.31925000000001"><ele>3169.0</ele></trkpt><trkpt lat="36.48511" lon="-118.31947000000002"><ele>3170.0</ele></trkpt><trkpt lat="36.48522" lon="-118.31952999999999"><ele>3171.027065994218</ele></trkpt><trkpt lat="36.48525" lon="-118.31957"><ele>3172.0</ele></trkpt><trkpt lat="36.48536" lon="-118.31995999999998"><ele>3172.7472877017262</ele></trkpt><trkpt lat="36.48538" lon="-118.32013999999998"><ele>3172.0</ele></trkpt><trkpt lat="36.48543" lon="-118.32024000000001"><ele>3172.0</ele></trkpt><trkpt lat="36.48545" lon="-118.32045"><ele>3171.0</ele></trkpt><trkpt lat="36.48556" lon="-118.32064000000003"><ele>3171.7387776748496</ele></trkpt><trkpt lat="36.4856" lon="-118.32085999999998"><ele>3170.0533106289804</ele></trkpt><trkpt lat="36.48568" lon="-118.32105999999999"><ele>3171.3049987974387</ele></trkpt><trkpt lat="36.48573" lon="-118.32116000000002"><ele>3172.4599641000227</ele></trkpt><trkpt lat="36.48585" lon="-118.32123999999999"><ele>3175.0</ele></trkpt><trkpt lat="36.48589" lon="-118.32130999999998"><ele>3174.6824636672973</ele></trkpt><trkpt lat="36.48589" lon="-118.32137999999998"><ele>3174.0</ele></trkpt><trkpt lat="36.48592" lon="-118.32141999999999"><ele>3174.0</ele></trkpt><trkpt lat="36.48603" lon="-118.32144"><ele>3173.0</ele></trkpt><trkpt lat="36.48611" lon="-118.32155999999998"><ele>3172.0</ele></trkpt><trkpt lat="36.48627" lon="-118.32159999999999"><ele>3170.0</ele></trkpt><trkpt lat="36.48633" lon="-118.32164"><ele>3170.0</ele></trkpt><trkpt lat="36.48656" lon="-118.32186999999999"><ele>3168.0</ele></trkpt><trkpt lat="36.48673" lon="-118.32191"><ele>3166.0</ele></trkpt><trkpt lat="36.48685" lon="-118.32211000000001"><ele>3165.0</ele></trkpt><trkpt lat="36.48705" lon="-118.32227"><ele>3163.8517788741137</ele></trkpt><trkpt lat="36.48732" lon="-118.32238000000001"><ele>3159.22910213268</ele></trkpt><trkpt lat="36.48735" lon="-118.32247999999998"><ele>3158.1347679672267</ele></trkpt><trkpt lat="36.48728" lon="-118.32274999999998"><ele>3157.0</ele></trkpt><trkpt lat="36.48728" lon="-118.32274999999998"><ele>3157.0</ele></trkpt><trkpt lat="36.48725" lon="-118.32281999999998"><ele>3157.0</ele></trkpt><trkpt lat="36.48726" lon="-118.32292000000001"><ele>3155.0</ele></trkpt><trkpt lat="36.4876" lon="-118.32274999999998"><ele>3149.0173052754253</ele></trkpt><trkpt lat="36.4876" lon="-118.32274999999998"><ele>3149.0173052754253</ele></trkpt><trkpt lat="36.48781" lon="-118.32258999999999"><ele>3144.0</ele></trkpt><trkpt lat="36.48786" lon="-118.32247999999998"><ele>3142.985762699374</ele></trkpt><trkpt lat="36.4879" lon="-118.32231999999999"><ele>3143.0</ele></trkpt><trkpt lat="36.48788" lon="-118.32199000000003"><ele>3142.0</ele></trkpt><trkpt lat="36.4878" lon="-118.32175999999998"><ele>3142.0</ele></trkpt><trkpt lat="36.48781" lon="-118.32170000000002"><ele>3142.615591110196</ele></trkpt><trkpt lat="36.48788" lon="-118.32164"><ele>3142.4628904509514</ele></trkpt><trkpt lat="36.4879" lon="-118.32157999999998"><ele>3141.922550342839</ele></trkpt><trkpt lat="36.4879" lon="-118.32125000000002"><ele>3136.259145382886</ele></trkpt><trkpt lat="36.48796" lon="-118.32127000000003"><ele>3135.443015339204</ele></trkpt><trkpt lat="36.48822" lon="-118.32148999999998"><ele>3133.0</ele></trkpt><trkpt lat="36.4883" lon="-118.32139000000001"><ele>3130.9650048860185</ele></trkpt><trkpt lat="36.48835" lon="-118.32141000000001"><ele>3128.543014600873</ele></trkpt><trkpt lat="36.48854" lon="-118.32182999999998"><ele>3124.0</ele></trkpt><trkpt lat="36.48861" lon="-118.32189"><ele>3124.6409621013913</ele></trkpt><trkpt lat="36.48866" lon="-118.32175999999998"><ele>3122.0</ele></trkpt><trkpt lat="36.48866" lon="-118.32154000000003"><ele>3121.0</ele></trkpt><trkpt lat="36.48862" lon="-118.32139000000001"><ele>3121.0558837491617</ele></trkpt><trkpt lat="36.48866" lon="-118.32127000000003"><ele>3120.3449564459734</ele></trkpt><trkpt lat="36.4888" lon="-118.32128"><ele>3118.0</ele></trkpt><trkpt lat="36.48893" lon="-118.32117"><ele>3117.0</ele></trkpt><trkpt lat="36.48903" lon="-118.32114000000001"><ele>3117.0</ele></trkpt><trkpt lat="36.48912" lon="-118.32107000000002"><ele>3117.024280889891</ele></trkpt><trkpt lat="36.48944" lon="-118.32099"><ele>3113.106453848953</ele></trkpt><trkpt lat="36.48965" lon="-118.32112000000001"><ele>3108.120446962655</ele></trkpt><trkpt lat="36.48962" lon="-118.32146"><ele>3105.940441469466</ele></trkpt><trkpt lat="36.48973" lon="-118.32139999999998"><ele>3102.818157339486</ele></trkpt><trkpt lat="36.48983" lon="-118.32141999999999"><ele>3100.916977177721</ele></trkpt><trkpt lat="36.48997" lon="-118.32171"><ele>3097.0</ele></trkpt><trkpt lat="36.49005" lon="-118.32177999999999"><ele>3096.0</ele></trkpt><trkpt lat="36.49019" lon="-118.32217000000003"><ele>3091.0</ele></trkpt><trkpt lat="36.49029" lon="-118.32220999999998"><ele>3090.8478684453294</ele></trkpt><trkpt lat="36.49031" lon="-118.32217000000003"><ele>3091.0</ele></trkpt><trkpt lat="36.49026" lon="-118.32144"><ele>3082.8729801064874</ele></trkpt><trkpt lat="36.49029" lon="-118.32105000000001"><ele>3080.008074520369</ele></trkpt><trkpt lat="36.490269015487314" lon="-118.32094507743659"><ele>3080.0615464828334</ele></trkpt><trkpt lat="36.49027555739599" lon="-118.32097778696789"><ele>3080.0</ele></trkpt><trkpt lat="36.49025" lon="-118.32085000000001"><ele>3079.3134457200676</ele></trkpt><trkpt lat="36.4903" lon="-118.32065999999998"><ele>3075.9591035996445</ele></trkpt><trkpt lat="36.49084" lon="-118.31984999999997"><ele>3063.0</ele></trkpt><trkpt lat="36.49103" lon="-118.31950999999998"><ele>3060.7388267944325</ele></trkpt><trkpt lat="36.49131" lon="-118.31914999999998"><ele>3056.9603718277067</ele></trkpt><trkpt lat="36.49171" lon="-118.31889000000001"><ele>3051.5710826665163</ele></trkpt><trkpt lat="36.49174" lon="-118.31884000000002"><ele>3052.0</ele></trkpt><trkpt lat="36.49175" lon="-118.31887999999998"><ele>3051.474539100306</ele></trkpt><trkpt lat="36.49162" lon="-118.31914999999998"><ele>3046.454204445705</ele></trkpt><trkpt lat="36.49163" lon="-118.31918999999999"><ele>3046.0</ele></trkpt><trkpt lat="36.49182" lon="-118.31916000000001"><ele>3043.0</ele></trkpt><trkpt lat="36.49197" lon="-118.31905"><ele>3044.0</ele></trkpt><trkpt lat="36.49197" lon="-118.31905"><ele>3044.0</ele></trkpt><trkpt lat="36.49202" lon="-118.31902000000002"><ele>3043.0</ele></trkpt><trkpt lat="36.49218" lon="-118.31902000000002"><ele>3043.0</ele></trkpt><trkpt lat="36.49233" lon="-118.31907999999999"><ele>3042.0</ele></trkpt><trkpt lat="36.4926" lon="-118.31932"><ele>3038.4355382476583</ele></trkpt><trkpt lat="36.49264" lon="-118.31938000000002"><ele>3038.0</ele></trkpt><trkpt lat="36.49273" lon="-118.31939"><ele>3038.0</ele></trkpt><trkpt lat="36.49291" lon="-118.31934000000001"><ele>3037.5995626659133</ele></trkpt><trkpt lat="36.49327" lon="-118.31965000000002"><ele>3038.0</ele></trkpt><trkpt lat="36.49351" lon="-118.31993"><ele>3036.0</ele></trkpt><trkpt lat="36.49366" lon="-118.32002"><ele>3034.0</ele></trkpt><trkpt lat="36.49383" lon="-118.32022"><ele>3032.0</ele></trkpt><trkpt lat="36.49396124997617" lon="-118.32046609370536"><ele>3029.0</ele></trkpt><trkpt lat="36.49396124997617" lon="-118.32046609370536"><ele>3029.0</ele></trkpt><trkpt lat="36.49399" lon="-118.32051999999999"><ele>3028.0</ele></trkpt><trkpt lat="36.49402" lon="-118.32062000000002"><ele>3027.0</ele></trkpt><trkpt lat="36.49401" lon="-118.32087000000001"><ele>3024.1314388369274</ele></trkpt><trkpt lat="36.49407" lon="-118.32101999999998"><ele>3022.0</ele></trkpt><trkpt lat="36.49417" lon="-118.3211"><ele>3020.0971618209987</ele></trkpt><trkpt lat="36.49423" lon="-118.3211"><ele>3019.0</ele></trkpt><trkpt lat="36.49437" lon="-118.32105999999999"><ele>3016.0</ele></trkpt><trkpt lat="36.49437" lon="-118.32130999999998"><ele>3012.454080195638</ele></trkpt><trkpt lat="36.49442" lon="-118.32139999999998"><ele>3010.0</ele></trkpt><trkpt lat="36.49452" lon="-118.32143000000002"><ele>3007.1985031096265</ele></trkpt><trkpt lat="36.49459" lon="-118.32139999999998"><ele>3006.8205952141434</ele></trkpt><trkpt lat="36.49467" lon="-118.32143000000002"><ele>3004.1829390898347</ele></trkpt><trkpt lat="36.49473" lon="-118.32166000000001"><ele>3001.0</ele></trkpt><trkpt lat="36.49471" lon="-118.32191"><ele>2998.0</ele></trkpt><trkpt lat="36.49463" lon="-118.32195999999999"><ele>2998.0</ele></trkpt><trkpt lat="36.49442" lon="-118.32236"><ele>2994.8573617776856</ele></trkpt><trkpt lat="36.49417" lon="-118.32256999999998"><ele>2993.0</ele></trkpt><trkpt lat="36.49405" lon="-118.32274999999998"><ele>2992.0</ele></trkpt><trkpt lat="36.49405" lon="-118.32274999999998"><ele>2992.0</ele></trkpt><trkpt lat="36.494" lon="-118.32292000000001"><ele>2990.0</ele></trkpt><trkpt lat="36.49395" lon="-118.32303000000002"><ele>2989.0</ele></trkpt><trkpt lat="36.49378" lon="-118.32317"><ele>2989.0</ele></trkpt><trkpt lat="36.49377" lon="-118.32330000000002"><ele>2988.0</ele></trkpt><trkpt lat="36.49382" lon="-118.32346999999999"><ele>2986.0584197592825</ele></trkpt><trkpt lat="36.49374" lon="-118.32389"><ele>2985.0</ele></trkpt><trkpt lat="36.49363" lon="-118.32412999999997"><ele>2982.0</ele></trkpt><trkpt lat="36.49362" lon="-118.32434"><ele>2982.0</ele></trkpt><trkpt lat="36.49356" lon="-118.3247"><ele>2980.0</ele></trkpt><trkpt lat="36.49361" lon="-118.32504"><ele>2978.0</ele></trkpt><trkpt lat="36.49374" lon="-118.32535999999999"><ele>2973.0953956823796</ele></trkpt><trkpt lat="36.49387" lon="-118.32553999999999"><ele>2971.5592847596854</ele></trkpt><trkpt lat="36.49388" lon="-118.32559000000003"><ele>2971.0</ele></trkpt><trkpt lat="36.49393" lon="-118.32596999999998"><ele>2970.0308761265765</ele></trkpt><trkpt lat="36.49402" lon="-118.32637999999997"><ele>2968.0</ele></trkpt><trkpt lat="36.49396" lon="-118.32686999999999"><ele>2968.0</ele></trkpt><trkpt lat="36.49435" lon="-118.32738999999998"><ele>2964.0</ele></trkpt><trkpt lat="36.49441" lon="-118.32751000000002"><ele>2964.0</ele></trkpt><trkpt lat="36.49443" lon="-118.32762000000002"><ele>2964.0</ele></trkpt><trkpt lat="36.49463" lon="-118.32788"><ele>2961.3022856977295</ele></trkpt><trkpt lat="36.49465" lon="-118.32816000000003"><ele>2960.0</ele></trkpt><trkpt lat="36.49473" lon="-118.32843000000003"><ele>2957.0</ele></trkpt><trkpt lat="36.49494" lon="-118.32870000000003"><ele>2953.391946665477</ele></trkpt><trkpt lat="36.4951" lon="-118.32875000000001"><ele>2951.0</ele></trkpt><trkpt lat="36.49513" lon="-118.32895000000002"><ele>2948.87477720481</ele></trkpt><trkpt lat="36.49545" lon="-118.32933000000003"><ele>2946.0</ele></trkpt><trkpt lat="36.49559" lon="-118.32956000000001"><ele>2944.0</ele></trkpt><trkpt lat="36.49571" lon="-118.32966999999996"><ele>2943.0</ele></trkpt><trkpt lat="36.49571" lon="-118.32966999999996"><ele>2943.0</ele></trkpt><trkpt lat="36.49571" lon="-118.32966999999996"><ele>2943.0</ele></trkpt><trkpt lat="36.49623" lon="-118.32974999999999"><ele>2940.0</ele></trkpt><trkpt lat="36.49657" lon="-118.33001000000002"><ele>2939.0</ele></trkpt><trkpt lat="36.49665" lon="-118.33008000000001"><ele>2938.3677549946997</ele></trkpt><trkpt lat="36.4968" lon="-118.33044999999998"><ele>2936.951398141882</ele></trkpt><trkpt lat="36.49682" lon="-118.33055999999999"><ele>2936.0</ele></trkpt><trkpt lat="36.49684" lon="-118.33067"><ele>2935.7435953853046</ele></trkpt><trkpt lat="36.49682" lon="-118.33078999999998"><ele>2934.995845764691</ele></trkpt><trkpt lat="36.49664" lon="-118.33110999999997"><ele>2935.076183614235</ele></trkpt><trkpt lat="36.49659" lon="-118.33158000000003"><ele>2929.899052266304</ele></trkpt><trkpt lat="36.49651" lon="-118.33184"><ele>2928.0</ele></trkpt><trkpt lat="36.49652" lon="-118.33269000000001"><ele>2926.0</ele></trkpt><trkpt lat="36.49655" lon="-118.33281999999997"><ele>2925.0</ele></trkpt><trkpt lat="36.49661" lon="-118.33290999999997"><ele>2924.0</ele></trkpt><trkpt lat="36.49667" lon="-118.33366999999998"><ele>2921.0</ele></trkpt><trkpt lat="36.49664" lon="-118.33428000000004"><ele>2917.3379018090113</ele></trkpt><trkpt lat="36.49647" lon="-118.33506"><ele>2915.0</ele></trkpt><trkpt lat="36.49641" lon="-118.33553"><ele>2915.0</ele></trkpt><trkpt lat="36.49645" lon="-118.33596999999997"><ele>2914.0</ele></trkpt><trkpt lat="36.49657" lon="-118.33636000000001"><ele>2912.0</ele></trkpt><trkpt lat="36.49657" lon="-118.33641"><ele>2911.079903999809</ele></trkpt><trkpt lat="36.49649" lon="-118.33659"><ele>2909.8996613273875</ele></trkpt><trkpt lat="36.49638" lon="-118.33674000000002"><ele>2908.0</ele></trkpt><trkpt lat="36.49634" lon="-118.33703000000003"><ele>2904.4876900790705</ele></trkpt><trkpt lat="36.49624" lon="-118.33729"><ele>2904.0</ele></trkpt><trkpt lat="36.49627" lon="-118.33740999999998"><ele>2903.0</ele></trkpt><trkpt lat="36.49639" lon="-118.33749"><ele>2901.0</ele></trkpt><trkpt lat="36.49639" lon="-118.33749"><ele>2901.0</ele></trkpt><trkpt lat="36.49644" lon="-118.33753999999999"><ele>2902.2481440812453</ele></trkpt><trkpt lat="36.49644" lon="-118.33753999999999"><ele>2902.2481440812453</ele></trkpt><trkpt lat="36.49661" lon="-118.33796999999998"><ele>2909.1750315553923</ele></trkpt><trkpt lat="36.49665" lon="-118.33798999999999"><ele>2910.3323788352313</ele></trkpt><trkpt lat="36.49676" lon="-118.33785999999998"><ele>2912.0</ele></trkpt><trkpt lat="36.49696" lon="-118.33778999999998"><ele>2915.0</ele></trkpt><trkpt lat="36.49725" lon="-118.33756"><ele>2920.700631167054</ele></trkpt><trkpt lat="36.49735" lon="-118.33753999999999"><ele>2922.0</ele></trkpt><trkpt lat="36.49739" lon="-118.33757000000003"><ele>2923.0</ele></trkpt><trkpt lat="36.49751" lon="-118.33793000000003"><ele>2927.3460217819957</ele></trkpt><trkpt lat="36.49768" lon="-118.33807999999999"><ele>2930.0</ele></trkpt><trkpt lat="36.49781" lon="-118.33829000000003"><ele>2933.8488481026143</ele></trkpt><trkpt lat="36.49783" lon="-118.33839"><ele>2934.0083098951727</ele></trkpt><trkpt lat="36.49795" lon="-118.33855"><ele>2936.0</ele></trkpt><trkpt lat="36.49807" lon="-118.33886000000001"><ele>2941.0</ele></trkpt><trkpt lat="36.49817" lon="-118.33933000000002"><ele>2947.0</ele></trkpt><trkpt lat="36.49816" lon="-118.33994999999999"><ele>2953.910551053694</ele></trkpt><trkpt lat="36.4982" lon="-118.34028"><ele>2958.332268094484</ele></trkpt><trkpt lat="36.4982" lon="-118.34060999999997"><ele>2960.0</ele></trkpt><trkpt lat="36.49833" lon="-118.34123999999997"><ele>2965.0143379202036</ele></trkpt><trkpt lat="36.49832" lon="-118.34183000000002"><ele>2974.415217321366</ele></trkpt><trkpt lat="36.49847" lon="-118.3426"><ele>2991.1551877226034</ele></trkpt><trkpt lat="36.49847" lon="-118.34280000000001"><ele>2994.111245324835</ele></trkpt><trkpt lat="36.4985" lon="-118.34293000000002"><ele>2996.966220179274</ele></trkpt><trkpt lat="36.49847" lon="-118.34302000000002"><ele>2997.0</ele></trkpt><trkpt lat="36.49848" lon="-118.34305"><ele>2997.0</ele></trkpt><trkpt lat="36.49851" lon="-118.34305"><ele>2997.430188972503</ele></trkpt><trkpt lat="36.49858" lon="-118.34287"><ele>3000.0</ele></trkpt><trkpt lat="36.49877" lon="-118.3426"><ele>3007.198826226291</ele></trkpt><trkpt lat="36.4988" lon="-118.34302000000002"><ele>3012.242566231638</ele></trkpt><trkpt lat="36.49884" lon="-118.34307000000001"><ele>3014.692446452592</ele></trkpt><trkpt lat="36.49885" lon="-118.34323"><ele>3016.141258329153</ele></trkpt><trkpt lat="36.49888" lon="-118.34325000000001"><ele>3017.8804744873196</ele></trkpt><trkpt lat="36.49899" lon="-118.34298000000001"><ele>3022.2576061617583</ele></trkpt><trkpt lat="36.4991" lon="-118.34284000000002"><ele>3027.002782738793</ele></trkpt><trkpt lat="36.49913" lon="-118.34276999999997"><ele>3027.6915473337285</ele></trkpt><trkpt lat="36.49928" lon="-118.34266000000002"><ele>3031.261294750031</ele></trkpt><trkpt lat="36.49923" lon="-118.34278"><ele>3033.9549918901175</ele></trkpt><trkpt lat="36.49923" lon="-118.34298000000001"><ele>3036.0</ele></trkpt><trkpt lat="36.49931" lon="-118.34337"><ele>3042.8093134555966</ele></trkpt><trkpt lat="36.49933" lon="-118.34338000000002"><ele>3043.0</ele></trkpt><trkpt lat="36.49943" lon="-118.34309000000002"><ele>3046.7662234567106</ele></trkpt><trkpt lat="36.49944" lon="-118.34296"><ele>3048.345966441557</ele></trkpt><trkpt lat="36.49947" lon="-118.34293000000002"><ele>3049.79336322739</ele></trkpt><trkpt lat="36.4995" lon="-118.34294999999997"><ele>3050.8244259357452</ele></trkpt><trkpt lat="36.49955" lon="-118.34336000000002"><ele>3056.723144236952</ele></trkpt><trkpt lat="36.49961" lon="-118.34346"><ele>3059.2016086708754</ele></trkpt><trkpt lat="36.49971" lon="-118.34355"><ele>3062.0</ele></trkpt><trkpt lat="36.49972" lon="-118.34359"><ele>3062.5788004677743</ele></trkpt><trkpt lat="36.49975" lon="-118.34390000000002"><ele>3068.318036166951</ele></trkpt><trkpt lat="36.49973" lon="-118.344"><ele>3068.855397664202</ele></trkpt><trkpt lat="36.49977" lon="-118.34473000000003"><ele>3077.477527005598</ele></trkpt><trkpt lat="36.49977" lon="-118.34473000000003"><ele>3077.477527005598</ele></trkpt><trkpt lat="36.49987" lon="-118.34528"><ele>3086.0803114677115</ele></trkpt><trkpt lat="36.50033" lon="-118.34473000000003"><ele>3100.0</ele></trkpt><trkpt lat="36.50033" lon="-118.34473000000003"><ele>3100.0</ele></trkpt><trkpt lat="36.50049" lon="-118.34447999999998"><ele>3104.219396708533</ele></trkpt><trkpt lat="36.50076" lon="-118.34413"><ele>3111.6092936389286</ele></trkpt><trkpt lat="36.50087" lon="-118.34411"><ele>3114.0</ele></trkpt><trkpt lat="36.50097" lon="-118.34406000000001"><ele>3114.435936000664</ele></trkpt><trkpt lat="36.50108" lon="-118.34393999999998"><ele>3116.4248292930424</ele></trkpt><trkpt lat="36.50122" lon="-118.34373"><ele>3119.030763687938</ele></trkpt><trkpt lat="36.50134" lon="-118.34368999999998"><ele>3122.6911787106656</ele></trkpt><trkpt lat="36.50147" lon="-118.34359999999998"><ele>3124.9984393982527</ele></trkpt><trkpt lat="36.50171" lon="-118.34366999999997"><ele>3128.2474735820174</ele></trkpt><trkpt lat="36.50196" lon="-118.34370000000001"><ele>3131.0</ele></trkpt><trkpt lat="36.50226" lon="-118.34368999999998"><ele>3134.0</ele></trkpt><trkpt lat="36.50238" lon="-118.34373"><ele>3135.7936514653265</ele></trkpt><trkpt lat="36.50249" lon="-118.34370000000001"><ele>3137.0</ele></trkpt><trkpt lat="36.50264" lon="-118.34374000000003"><ele>3139.0</ele></trkpt><trkpt lat="36.50293" lon="-118.34375"><ele>3143.0</ele></trkpt><trkpt lat="36.50301" lon="-118.34377999999998"><ele>3144.123448892517</ele></trkpt><trkpt lat="36.5033" lon="-118.34364"><ele>3149.0</ele></trkpt><trkpt lat="36.50348" lon="-118.34366999999997"><ele>3151.1480988134667</ele></trkpt><trkpt lat="36.50378" lon="-118.34359999999998"><ele>3154.0</ele></trkpt><trkpt lat="36.50393" lon="-118.34359999999998"><ele>3155.9994469328913</ele></trkpt><trkpt lat="36.50411" lon="-118.34365000000003"><ele>3157.0</ele></trkpt><trkpt lat="36.50424" lon="-118.34363000000002"><ele>3157.0</ele></trkpt><trkpt lat="36.50434" lon="-118.34354000000002"><ele>3157.0</ele></trkpt><trkpt lat="36.50455" lon="-118.34355"><ele>3158.0</ele></trkpt><trkpt lat="36.50474" lon="-118.34348"><ele>3158.0</ele></trkpt><trkpt lat="36.50497" lon="-118.34337"><ele>3159.0</ele></trkpt><trkpt lat="36.50501" lon="-118.34332"><ele>3159.0</ele></trkpt><trkpt lat="36.50509" lon="-118.3433"><ele>3159.0</ele></trkpt><trkpt lat="36.5052" lon="-118.34332"><ele>3160.0</ele></trkpt><trkpt lat="36.50527" lon="-118.34328"><ele>3160.0</ele></trkpt><trkpt lat="36.50543" lon="-118.34328"><ele>3160.0</ele></trkpt><trkpt lat="36.50582" lon="-118.34339"><ele>3161.0</ele></trkpt><trkpt lat="36.50594" lon="-118.34336000000002"><ele>3161.0</ele></trkpt><trkpt lat="36.50606" lon="-118.34338000000002"><ele>3160.0</ele></trkpt><trkpt lat="36.50619" lon="-118.34337"><ele>3159.0</ele></trkpt><trkpt lat="36.50624" lon="-118.34334000000001"><ele>3158.481204098859</ele></trkpt><trkpt lat="36.50635" lon="-118.34320000000002"><ele>3157.033727137372</ele></trkpt><trkpt lat="36.50648" lon="-118.34312"><ele>3155.6833489825667</ele></trkpt><trkpt lat="36.50662" lon="-118.34318999999999"><ele>3153.0</ele></trkpt><trkpt lat="36.50677" lon="-118.34316999999999"><ele>3154.3177192099392</ele></trkpt><trkpt lat="36.50703" lon="-118.34323"><ele>3157.09610814011</ele></trkpt><trkpt lat="36.50727" lon="-118.34339"><ele>3157.0</ele></trkpt><trkpt lat="36.50733" lon="-118.34339"><ele>3157.6200349266564</ele></trkpt><trkpt lat="36.50747" lon="-118.34356000000002"><ele>3162.0</ele></trkpt><trkpt lat="36.50762" lon="-118.34356000000002"><ele>3166.0806573440777</ele></trkpt><trkpt lat="36.50765" lon="-118.34359"><ele>3167.0</ele></trkpt><trkpt lat="36.50774" lon="-118.34375"><ele>3168.0</ele></trkpt><trkpt lat="36.50797" lon="-118.34397999999999"><ele>3170.0</ele></trkpt><trkpt lat="36.50815" lon="-118.34402999999998"><ele>3171.0</ele></trkpt><trkpt lat="36.50823" lon="-118.34409"><ele>3171.0</ele></trkpt><trkpt lat="36.50827" lon="-118.34410000000003"><ele>3171.7864240848708</ele></trkpt><trkpt lat="36.50844" lon="-118.34399000000002"><ele>3173.0</ele></trkpt><trkpt lat="36.50853" lon="-118.34402999999998"><ele>3174.0</ele></trkpt><trkpt lat="36.50904" lon="-118.34406999999999"><ele>3177.0</ele></trkpt><trkpt lat="36.50949" lon="-118.34422"><ele>3181.0</ele></trkpt><trkpt lat="36.50964" lon="-118.34420999999998"><ele>3182.0</ele></trkpt><trkpt lat="36.50964" lon="-118.34420999999998"><ele>3182.0</ele></trkpt><trkpt lat="36.50991" lon="-118.34440000000001"><ele>3185.5528035041</ele></trkpt><trkpt lat="36.50998" lon="-118.34447999999998"><ele>3186.0</ele></trkpt><trkpt lat="36.51009" lon="-118.34451000000001"><ele>3187.3319767335556</ele></trkpt><trkpt lat="36.51016906478924" lon="-118.3445856271897"><ele>3188.027164283857</ele></trkpt><trkpt lat="36.51022798538314" lon="-118.3446419859402"><ele>3189.0</ele></trkpt><trkpt lat="36.51032" lon="-118.34473000000003"><ele>3190.0</ele></trkpt><trkpt lat="36.51032" lon="-118.34473000000003"><ele>3190.0</ele></trkpt><trkpt lat="36.51044" lon="-118.34499"><ele>3191.0</ele></trkpt><trkpt lat="36.51061" lon="-118.34519999999998"><ele>3192.0</ele></trkpt><trkpt lat="36.51118" lon="-118.34572000000003"><ele>3194.0</ele></trkpt><trkpt lat="36.51126" lon="-118.34577000000002"><ele>3194.0</ele></trkpt><trkpt lat="36.51134" lon="-118.3458"><ele>3194.0</ele></trkpt><trkpt lat="36.51152" lon="-118.34581000000003"><ele>3195.0</ele></trkpt><trkpt lat="36.5117" lon="-118.34577999999999"><ele>3196.505524776882</ele></trkpt><trkpt lat="36.51181" lon="-118.34586000000002"><ele>3196.853605573175</ele></trkpt><trkpt lat="36.51206" lon="-118.34591"><ele>3197.0143635877866</ele></trkpt><trkpt lat="36.51219" lon="-118.34589"><ele>3198.0</ele></trkpt><trkpt lat="36.51259" lon="-118.34598"><ele>3198.0</ele></trkpt><trkpt lat="36.5127" lon="-118.34595999999999"><ele>3199.0</ele></trkpt><trkpt lat="36.51294" lon="-118.34614999999997"><ele>3199.0</ele></trkpt><trkpt lat="36.51304" lon="-118.34613999999999"><ele>3199.3211547281176</ele></trkpt><trkpt lat="36.51313" lon="-118.34618999999998"><ele>3200.0</ele></trkpt><trkpt lat="36.51333" lon="-118.34623999999997"><ele>3201.0</ele></trkpt><trkpt lat="36.51348" lon="-118.34632999999997"><ele>3202.0</ele></trkpt><trkpt lat="36.5137" lon="-118.34641999999997"><ele>3203.0</ele></trkpt><trkpt lat="36.51417" lon="-118.34647000000001"><ele>3208.0</ele></trkpt><trkpt lat="36.51437" lon="-118.34644000000003"><ele>3210.9949904868404</ele></trkpt><trkpt lat="36.51445" lon="-118.34647999999999"><ele>3211.918874081479</ele></trkpt><trkpt lat="36.51455" lon="-118.34641999999997"><ele>3214.0</ele></trkpt><trkpt lat="36.51466" lon="-118.34640999999999"><ele>3215.0</ele></trkpt><trkpt lat="36.5148" lon="-118.34647999999999"><ele>3216.0</ele></trkpt><trkpt lat="36.51512" lon="-118.34668999999997"><ele>3222.475091725588</ele></trkpt><trkpt lat="36.51517" lon="-118.34674999999999"><ele>3223.3743949960917</ele></trkpt><trkpt lat="36.51528" lon="-118.34680000000003"><ele>3226.0</ele></trkpt><trkpt lat="36.51542" lon="-118.34698000000003"><ele>3229.0</ele></trkpt><trkpt lat="36.51554" lon="-118.34698000000003"><ele>3232.0</ele></trkpt><trkpt lat="36.51557" lon="-118.34703999999999"><ele>3233.0</ele></trkpt><trkpt lat="36.51574" lon="-118.34721000000002"><ele>3238.0</ele></trkpt><trkpt lat="36.51589" lon="-118.34728000000001"><ele>3242.124569825828</ele></trkpt><trkpt lat="36.51601" lon="-118.34737999999999"><ele>3246.0</ele></trkpt><trkpt lat="36.51631" lon="-118.34785"><ele>3254.479017859325</ele></trkpt><trkpt lat="36.51665" lon="-118.34820000000002"><ele>3262.194620227441</ele></trkpt><trkpt lat="36.51671" lon="-118.34823"><ele>3264.0</ele></trkpt><trkpt lat="36.51684" lon="-118.34843000000001"><ele>3269.212200453505</ele></trkpt><trkpt lat="36.51692" lon="-118.34870000000001"><ele>3272.8511896971613</ele></trkpt><trkpt lat="36.51694" lon="-118.34904"><ele>3275.0109377559274</ele></trkpt><trkpt lat="36.51687" lon="-118.34926999999999"><ele>3275.2279936687173</ele></trkpt><trkpt lat="36.51682" lon="-118.34960000000001"><ele>3280.6186488899402</ele></trkpt><trkpt lat="36.51687" lon="-118.34960000000001"><ele>3281.5888429182664</ele></trkpt><trkpt lat="36.51696" lon="-118.34944999999999"><ele>3281.107215156497</ele></trkpt><trkpt lat="36.51706" lon="-118.34938999999997"><ele>3282.8065091674357</ele></trkpt><trkpt lat="36.51711" lon="-118.34924999999998"><ele>3283.8688083663583</ele></trkpt><trkpt lat="36.51714" lon="-118.34926999999999"><ele>3284.608434841037</ele></trkpt><trkpt lat="36.51713" lon="-118.34937000000002"><ele>3285.0</ele></trkpt><trkpt lat="36.51718" lon="-118.34947999999997"><ele>3287.0</ele></trkpt><trkpt lat="36.51718" lon="-118.34962000000002"><ele>3289.5110306364736</ele></trkpt><trkpt lat="36.51729" lon="-118.34955000000002"><ele>3291.3065773230046</ele></trkpt><trkpt lat="36.51738" lon="-118.34935999999999"><ele>3293.2279693637965</ele></trkpt><trkpt lat="36.51741" lon="-118.34935999999999"><ele>3294.265103450045</ele></trkpt><trkpt lat="36.51745" lon="-118.34969999999998"><ele>3297.5846145581454</ele></trkpt><trkpt lat="36.51743" lon="-118.34983999999997"><ele>3299.0</ele></trkpt><trkpt lat="36.51745" lon="-118.34987000000001"><ele>3300.5846145581454</ele></trkpt><trkpt lat="36.51772" lon="-118.34933999999998"><ele>3304.6220162669442</ele></trkpt><trkpt lat="36.51781" lon="-118.34890999999999"><ele>3308.2474779710383</ele></trkpt><trkpt lat="36.51784" lon="-118.34890000000001"><ele>3309.19991068542</ele></trkpt><trkpt lat="36.51786" lon="-118.34892000000002"><ele>3310.0</ele></trkpt><trkpt lat="36.51793" lon="-118.34911"><ele>3311.4188413619995</ele></trkpt><trkpt lat="36.51796" lon="-118.34929"><ele>3313.1716017778963</ele></trkpt><trkpt lat="36.51797" lon="-118.34928000000002"><ele>3313.0</ele></trkpt><trkpt lat="36.51805" lon="-118.34890999999999"><ele>3317.2029345691217</ele></trkpt><trkpt lat="36.51807" lon="-118.34848999999997"><ele>3320.059682052413</ele></trkpt><trkpt lat="36.51815" lon="-118.34869000000003"><ele>3322.176253017038</ele></trkpt><trkpt lat="36.51824" lon="-118.34929999999997"><ele>3326.395204603672</ele></trkpt><trkpt lat="36.51827" lon="-118.34929999999997"><ele>3327.686502749305</ele></trkpt><trkpt lat="36.51835" lon="-118.34919000000002"><ele>3330.2851954544894</ele></trkpt><trkpt lat="36.5184" lon="-118.34917000000002"><ele>3332.6733557451516</ele></trkpt><trkpt lat="36.5184" lon="-118.34917000000002"><ele>3332.6733557451516</ele></trkpt><trkpt lat="36.51845" lon="-118.34913"><ele>3334.0</ele></trkpt><trkpt lat="36.51852" lon="-118.34897999999998"><ele>3335.0</ele></trkpt><trkpt lat="36.51878" lon="-118.34893"><ele>3331.0</ele></trkpt><trkpt lat="36.51891" lon="-118.34887000000003"><ele>3329.0</ele></trkpt><trkpt lat="36.51895" lon="-118.34897000000001"><ele>3326.320951743458</ele></trkpt><trkpt lat="36.51894" lon="-118.34906000000001"><ele>3324.5529452385626</ele></trkpt><trkpt lat="36.51904" lon="-118.34906000000001"><ele>3322.6440107358108</ele></trkpt><trkpt lat="36.51907" lon="-118.34899000000001"><ele>3322.47417797707</ele></trkpt><trkpt lat="36.51926" lon="-118.34886"><ele>3319.8678506668657</ele></trkpt><trkpt lat="36.51958" lon="-118.34870999999998"><ele>3313.8583573345095</ele></trkpt><trkpt lat="36.52006" lon="-118.34860000000003"><ele>3306.0637061299317</ele></trkpt><trkpt lat="36.52023" lon="-118.34851000000003"><ele>3305.179032887332</ele></trkpt><trkpt lat="36.52029" lon="-118.34852000000001"><ele>3303.7129991105758</ele></trkpt><trkpt lat="36.52029" lon="-118.34857"><ele>3302.8315324415835</ele></trkpt><trkpt lat="36.52014" lon="-118.34883000000002"><ele>3299.5782980795398</ele></trkpt><trkpt lat="36.52011" lon="-118.34890000000001"><ele>3299.0</ele></trkpt><trkpt lat="36.52015" lon="-118.34892000000002"><ele>3297.060586527117</ele></trkpt><trkpt lat="36.52043" lon="-118.34879999999998"><ele>3294.6640533334576</ele></trkpt><trkpt lat="36.52068" lon="-118.34861999999998"><ele>3292.0526613341644</ele></trkpt><trkpt lat="36.52136" lon="-118.34860000000003"><ele>3281.984728887677</ele></trkpt><trkpt lat="36.52163" lon="-118.34854000000001"><ele>3279.780931554269</ele></trkpt><trkpt lat="36.52175" lon="-118.34857"><ele>3277.023332942925</ele></trkpt><trkpt lat="36.52187" lon="-118.34852999999998"><ele>3276.3237909121062</ele></trkpt><trkpt lat="36.52251" lon="-118.34860000000003"><ele>3267.9724792842812</ele></trkpt><trkpt lat="36.5227" lon="-118.34866999999997"><ele>3263.722492445726</ele></trkpt><trkpt lat="36.52277" lon="-118.34865000000002"><ele>3263.654559998773</ele></trkpt><trkpt lat="36.52314" lon="-118.34875"><ele>3259.0</ele></trkpt><trkpt lat="36.5235" lon="-118.34879999999998"><ele>3256.0</ele></trkpt><trkpt lat="36.52389" lon="-118.34902999999997"><ele>3253.0</ele></trkpt><trkpt lat="36.52406" lon="-118.34920999999997"><ele>3252.0</ele></trkpt><trkpt lat="36.52429" lon="-118.34951999999998"><ele>3251.0</ele></trkpt><trkpt lat="36.52442" lon="-118.34976"><ele>3250.0</ele></trkpt><trkpt lat="36.52461" lon="-118.35019"><ele>3250.0</ele></trkpt><trkpt lat="36.52472" lon="-118.35034000000002"><ele>3250.894851554185</ele></trkpt><trkpt lat="36.52485" lon="-118.35061999999999"><ele>3250.0</ele></trkpt><trkpt lat="36.52491" lon="-118.35081000000002"><ele>3250.0</ele></trkpt><trkpt lat="36.52514" lon="-118.35134"><ele>3250.0</ele></trkpt><trkpt lat="36.52522" lon="-118.35172"><ele>3249.0</ele></trkpt><trkpt lat="36.52547" lon="-118.35250000000002"><ele>3247.155330924302</ele></trkpt><trkpt lat="36.52553" lon="-118.3528"><ele>3246.0</ele></trkpt><trkpt lat="36.5257" lon="-118.35336999999998"><ele>3244.0</ele></trkpt><trkpt lat="36.52573" lon="-118.35356999999999"><ele>3243.0</ele></trkpt><trkpt lat="36.52595" lon="-118.35435999999999"><ele>3241.0</ele></trkpt><trkpt lat="36.52602" lon="-118.35478"><ele>3240.0</ele></trkpt><trkpt lat="36.52609" lon="-118.35500000000002"><ele>3240.0</ele></trkpt><trkpt lat="36.52611" lon="-118.35519"><ele>3239.787002928555</ele></trkpt><trkpt lat="36.52617" lon="-118.35534999999999"><ele>3239.109845492122</ele></trkpt><trkpt lat="36.52624" lon="-118.35595999999998"><ele>3237.0</ele></trkpt><trkpt lat="36.52635" lon="-118.35658999999998"><ele>3233.0</ele></trkpt><trkpt lat="36.52653" lon="-118.35696999999999"><ele>3231.132292816049</ele></trkpt><trkpt lat="36.52688" lon="-118.35737"><ele>3230.1209376786255</ele></trkpt><trkpt lat="36.52729" lon="-118.35820000000001"><ele>3228.0</ele></trkpt><trkpt lat="36.52729" lon="-118.35820000000001"><ele>3228.0</ele></trkpt><trkpt lat="36.52756" lon="-118.35867000000002"><ele>3226.962490846578</ele></trkpt><trkpt lat="36.52759" lon="-118.35892000000001"><ele>3224.0234554445924</ele></trkpt><trkpt lat="36.52774" lon="-118.35923000000003"><ele>3224.0</ele></trkpt><trkpt lat="36.52782" lon="-118.35960999999998"><ele>3221.0</ele></trkpt><trkpt lat="36.52793" lon="-118.35991999999999"><ele>3219.625543990482</ele></trkpt><trkpt lat="36.52822" lon="-118.36036999999999"><ele>3220.0</ele></trkpt><trkpt lat="36.52824" lon="-118.36052999999998"><ele>3217.320923883091</ele></trkpt><trkpt lat="36.52829" lon="-118.36061999999998"><ele>3217.85276898941</ele></trkpt><trkpt lat="36.52847" lon="-118.36081999999999"><ele>3218.0</ele></trkpt><trkpt lat="36.52857" lon="-118.36099999999999"><ele>3218.0468157378436</ele></trkpt><trkpt lat="36.52862" lon="-118.36104"><ele>3218.084745762213</ele></trkpt><trkpt lat="36.52875" lon="-118.36133999999998"><ele>3215.921705032745</ele></trkpt><trkpt lat="36.52894" lon="-118.36162000000002"><ele>3214.0</ele></trkpt><trkpt lat="36.52943" lon="-118.36203999999998"><ele>3213.0</ele></trkpt><trkpt lat="36.52963" lon="-118.36216000000002"><ele>3214.0399868968643</ele></trkpt><trkpt lat="36.52982" lon="-118.36223000000001"><ele>3216.0</ele></trkpt><trkpt lat="36.52994" lon="-118.36235999999997"><ele>3216.975171494118</ele></trkpt><trkpt lat="36.53027" lon="-118.36239999999998"><ele>3220.042657168791</ele></trkpt><trkpt lat="36.5307" lon="-118.36259999999999"><ele>3221.0</ele></trkpt><trkpt lat="36.53099" lon="-118.36264"><ele>3221.6733048888855</ele></trkpt><trkpt lat="36.53158" lon="-118.36289999999997"><ele>3220.556426668074</ele></trkpt><trkpt lat="36.53218" lon="-118.36297000000002"><ele>3222.243035613761</ele></trkpt><trkpt lat="36.53236" lon="-118.36297000000002"><ele>3223.0</ele></trkpt><trkpt lat="36.53323" lon="-118.36333000000002"><ele>3222.8673163773137</ele></trkpt><trkpt lat="36.53344" lon="-118.36334999999997"><ele>3223.5294836098747</ele></trkpt><trkpt lat="36.53364" lon="-118.36331000000001"><ele>3225.0</ele></trkpt><trkpt lat="36.53377" lon="-118.36333000000002"><ele>3225.0</ele></trkpt><trkpt lat="36.53395" lon="-118.36331000000001"><ele>3226.4490417772904</ele></trkpt><trkpt lat="36.53421" lon="-118.3632"><ele>3229.3252797020104</ele></trkpt><trkpt lat="36.53439" lon="-118.36320999999998"><ele>3230.10937955603</ele></trkpt><trkpt lat="36.53457" lon="-118.36327"><ele>3231.0</ele></trkpt><trkpt lat="36.53489" lon="-118.36329999999998"><ele>3233.0</ele></trkpt><trkpt lat="36.53551" lon="-118.36354"><ele>3235.0</ele></trkpt><trkpt lat="36.53587" lon="-118.36361999999997"><ele>3236.0</ele></trkpt><trkpt lat="36.53598" lon="-118.36370999999997"><ele>3235.0</ele></trkpt><trkpt lat="36.53616" lon="-118.36376000000001"><ele>3235.0</ele></trkpt><trkpt lat="36.53635" lon="-118.36388999999997"><ele>3232.0</ele></trkpt><trkpt lat="36.53647" lon="-118.36394000000001"><ele>3231.0</ele></trkpt><trkpt lat="36.53664" lon="-118.36394999999999"><ele>3229.80827960072</ele></trkpt><trkpt lat="36.5368" lon="-118.36410000000001"><ele>3226.6323733329773</ele></trkpt><trkpt lat="36.53708" lon="-118.36412000000001"><ele>3224.0</ele></trkpt><trkpt lat="36.53719" lon="-118.36423000000002"><ele>3222.0</ele></trkpt><trkpt lat="36.53754" lon="-118.36437999999998"><ele>3217.0</ele></trkpt><trkpt lat="36.53768" lon="-118.36435"><ele>3217.0</ele></trkpt><trkpt lat="36.53783" lon="-118.36442"><ele>3215.0</ele></trkpt><trkpt lat="36.53816" lon="-118.36442999999997"><ele>3214.0</ele></trkpt><trkpt lat="36.53828" lon="-118.36451999999997"><ele>3213.0</ele></trkpt><trkpt lat="36.53851" lon="-118.36457999999999"><ele>3213.0</ele></trkpt><trkpt lat="36.53864" lon="-118.36451"><ele>3213.0</ele></trkpt><trkpt lat="36.53877" lon="-118.36455000000001"><ele>3213.0</ele></trkpt><trkpt lat="36.5389" lon="-118.36466000000001"><ele>3213.5344817768782</ele></trkpt><trkpt lat="36.5395" lon="-118.36481000000003"><ele>3215.0</ele></trkpt><trkpt lat="36.53961" lon="-118.36487999999997"><ele>3215.0</ele></trkpt><trkpt lat="36.54003" lon="-118.36502999999999"><ele>3217.0</ele></trkpt><trkpt lat="36.54063" lon="-118.36536000000001"><ele>3224.0</ele></trkpt><trkpt lat="36.54074" lon="-118.36540000000002"><ele>3225.967545940373</ele></trkpt><trkpt lat="36.54082" lon="-118.36545000000001"><ele>3227.272040952577</ele></trkpt><trkpt lat="36.54093" lon="-118.36588"><ele>3233.3446353506297</ele></trkpt><trkpt lat="36.54097" lon="-118.36586"><ele>3234.259007380486</ele></trkpt><trkpt lat="36.54102" lon="-118.36579999999998"><ele>3235.0</ele></trkpt><trkpt lat="36.54108" lon="-118.36579999999998"><ele>3237.0</ele></trkpt><trkpt lat="36.54114" lon="-118.36606999999998"><ele>3240.0926859373903</ele></trkpt><trkpt lat="36.54118" lon="-118.36608000000001"><ele>3241.543403569806</ele></trkpt><trkpt lat="36.54125" lon="-118.36603000000002"><ele>3242.0</ele></trkpt><trkpt lat="36.54131" lon="-118.36603000000002"><ele>3244.0</ele></trkpt><trkpt lat="36.54143" lon="-118.36608999999999"><ele>3246.4181333694705</ele></trkpt><trkpt lat="36.54151" lon="-118.36608000000001"><ele>3248.634537843928</ele></trkpt><trkpt lat="36.54154" lon="-118.36613999999997"><ele>3249.0</ele></trkpt><trkpt lat="36.54162" lon="-118.36617999999999"><ele>3251.1115391411786</ele></trkpt><trkpt lat="36.54181" lon="-118.36621000000002"><ele>3254.0</ele></trkpt><trkpt lat="36.54195" lon="-118.36617000000001"><ele>3255.0</ele></trkpt><trkpt lat="36.5421" lon="-118.36604999999997"><ele>3256.0</ele></trkpt><trkpt lat="36.5422" lon="-118.36604"><ele>3257.0</ele></trkpt><trkpt lat="36.54238" lon="-118.36606999999998"><ele>3256.920100429479</ele></trkpt><trkpt lat="36.54256" lon="-118.36595999999997"><ele>3256.0</ele></trkpt><trkpt lat="36.54278" lon="-118.36592000000002"><ele>3253.878149585508</ele></trkpt><trkpt lat="36.54324" lon="-118.36571000000004"><ele>3256.0</ele></trkpt><trkpt lat="36.54332" lon="-118.36559999999997"><ele>3257.0</ele></trkpt><trkpt lat="36.54352" lon="-118.36520000000002"><ele>3256.0</ele></trkpt><trkpt lat="36.54367" lon="-118.36520000000002"><ele>3255.0</ele></trkpt><trkpt lat="36.54374" lon="-118.36514"><ele>3255.0</ele></trkpt><trkpt lat="36.54381" lon="-118.36514"><ele>3253.498332993172</ele></trkpt><trkpt lat="36.544" lon="-118.36493999999999"><ele>3251.0</ele></trkpt><trkpt lat="36.54422" lon="-118.36475999999999"><ele>3248.0</ele></trkpt><trkpt lat="36.54439" lon="-118.36473999999998"><ele>3246.0</ele></trkpt><trkpt lat="36.54447" lon="-118.36477000000002"><ele>3245.0</ele></trkpt><trkpt lat="36.54458" lon="-118.36463000000003"><ele>3242.0</ele></trkpt><trkpt lat="36.54475" lon="-118.3646"><ele>3241.0</ele></trkpt><trkpt lat="36.54486" lon="-118.36448999999999"><ele>3235.688355593011</ele></trkpt><trkpt lat="36.54495" lon="-118.36446000000001"><ele>3232.3998727036615</ele></trkpt><trkpt lat="36.54495" lon="-118.36446000000001"><ele>3232.3998727036615</ele></trkpt><trkpt lat="36.54509" lon="-118.36451999999997"><ele>3229.3849477752524</ele></trkpt><trkpt lat="36.54523" lon="-118.36448999999999"><ele>3227.457056000363</ele></trkpt><trkpt lat="36.54527" lon="-118.36455000000001"><ele>3225.5657236003317</ele></trkpt><trkpt lat="36.5454" lon="-118.36442999999997"><ele>3224.0</ele></trkpt><trkpt lat="36.54551" lon="-118.36437999999998"><ele>3221.573376003477</ele></trkpt><trkpt lat="36.5457" lon="-118.36421000000001"><ele>3218.9807732973977</ele></trkpt><trkpt lat="36.54575" lon="-118.36419999999998"><ele>3217.973731029323</ele></trkpt><trkpt lat="36.54584" lon="-118.36406"><ele>3219.0</ele></trkpt><trkpt lat="36.54585" lon="-118.36400000000003"><ele>3219.2927111093886</ele></trkpt><trkpt lat="36.54591" lon="-118.36394999999999"><ele>3221.0</ele></trkpt><trkpt lat="36.54593" lon="-118.36385000000001"><ele>3221.381005220115</ele></trkpt><trkpt lat="36.54608" lon="-118.36367999999999"><ele>3224.0</ele></trkpt><trkpt lat="36.54637" lon="-118.36320999999998"><ele>3229.8061039638537</ele></trkpt><trkpt lat="36.54643" lon="-118.36319000000003"><ele>3229.9840149285637</ele></trkpt><trkpt lat="36.54645" lon="-118.36297000000002"><ele>3230.0</ele></trkpt><trkpt lat="36.54643" lon="-118.3628"><ele>3232.0</ele></trkpt><trkpt lat="36.54652" lon="-118.36268999999999"><ele>3232.0</ele></trkpt><trkpt lat="36.54657" lon="-118.36257"><ele>3232.0</ele></trkpt><trkpt lat="36.54657" lon="-118.36241999999999"><ele>3232.0</ele></trkpt><trkpt lat="36.54663" lon="-118.36238000000003"><ele>3231.0</ele></trkpt><trkpt lat="36.54672" lon="-118.36214999999999"><ele>3228.0</ele></trkpt><trkpt lat="36.54677" lon="-118.36212"><ele>3227.0</ele></trkpt><trkpt lat="36.54681" lon="-118.36205000000001"><ele>3226.570652300492</ele></trkpt><trkpt lat="36.54693" lon="-118.36176999999998"><ele>3224.0</ele></trkpt><trkpt lat="36.54697" lon="-118.36180000000002"><ele>3222.289073046297</ele></trkpt><trkpt lat="36.54699" lon="-118.36178000000001"><ele>3222.096940501496</ele></trkpt><trkpt lat="36.54705" lon="-118.36160000000001"><ele>3221.0</ele></trkpt><trkpt lat="36.54718" lon="-118.36149999999998"><ele>3215.106971124187</ele></trkpt><trkpt lat="36.5472" lon="-118.36149"><ele>3214.960991913048</ele></trkpt><trkpt lat="36.54721" lon="-118.36160000000001"><ele>3214.0</ele></trkpt><trkpt lat="36.54724" lon="-118.36162000000002"><ele>3214.0</ele></trkpt><trkpt lat="36.54728" lon="-118.36149"><ele>3212.3059585746378</ele></trkpt><trkpt lat="36.54733" lon="-118.36151999999998"><ele>3212.0778337965994</ele></trkpt><trkpt lat="36.54734" lon="-118.36148000000003"><ele>3211.266776890494</ele></trkpt><trkpt lat="36.54742" lon="-118.36144000000002"><ele>3210.0</ele></trkpt><trkpt lat="36.54743" lon="-118.36133000000001"><ele>3208.0</ele></trkpt><trkpt lat="36.54746" lon="-118.36133000000001"><ele>3206.864117074758</ele></trkpt><trkpt lat="36.54748" lon="-118.36126999999999"><ele>3205.8460537025003</ele></trkpt><trkpt lat="36.54753" lon="-118.3612"><ele>3203.8033943679184</ele></trkpt><trkpt lat="36.54761" lon="-118.36122999999998"><ele>3204.0</ele></trkpt><trkpt lat="36.54776" lon="-118.36103000000003"><ele>3196.295256889891</ele></trkpt><trkpt lat="36.54778" lon="-118.36097999999998"><ele>3195.9650879995897</ele></trkpt><trkpt lat="36.54783" lon="-118.36095999999998"><ele>3195.0</ele></trkpt><trkpt lat="36.54792" lon="-118.36083000000002"><ele>3191.979138915316</ele></trkpt><trkpt lat="36.54786" lon="-118.36076000000003"><ele>3190.242241573991</ele></trkpt><trkpt lat="36.54793" lon="-118.36068999999998"><ele>3189.0</ele></trkpt><trkpt lat="36.54793" lon="-118.36056000000002"><ele>3187.0</ele></trkpt><trkpt lat="36.54796392457855" lon="-118.36051589804788"><ele>3186.0</ele></trkpt><trkpt lat="36.54793" lon="-118.36062497063199"><ele>3188.0</ele></trkpt><trkpt lat="36.54793" lon="-118.36056000000002"><ele>3187.0</ele></trkpt><trkpt lat="36.54803" lon="-118.36043000000001"><ele>3185.0</ele></trkpt><trkpt lat="36.54823" lon="-118.36034000000001"><ele>3181.307666593329</ele></trkpt><trkpt lat="36.54835" lon="-118.36036999999999"><ele>3177.234654530883</ele></trkpt><trkpt lat="36.54836" lon="-118.36023"><ele>3176.008217592096</ele></trkpt><trkpt lat="36.54847" lon="-118.36005999999998"><ele>3173.273333199322</ele></trkpt><trkpt lat="36.54847" lon="-118.36000000000001"><ele>3172.486811757913</ele></trkpt><trkpt lat="36.54851" lon="-118.35998000000001"><ele>3170.9528903570026</ele></trkpt><trkpt lat="36.54856" lon="-118.35987999999998"><ele>3168.0523351114243</ele></trkpt><trkpt lat="36.54865" lon="-118.35946999999999"><ele>3163.8313309438527</ele></trkpt><trkpt lat="36.54868" lon="-118.35960999999998"><ele>3161.0909948684275</ele></trkpt><trkpt lat="36.54875" lon="-118.35939000000002"><ele>3158.030208069831</ele></trkpt><trkpt lat="36.54879" lon="-118.3596"><ele>3153.7097568195313</ele></trkpt><trkpt lat="36.54884" lon="-118.35949"><ele>3152.8091910667717</ele></trkpt><trkpt lat="36.5489" lon="-118.35953999999998"><ele>3150.425053878147</ele></trkpt><trkpt lat="36.54894" lon="-118.35966000000002"><ele>3148.0080539342016</ele></trkpt><trkpt lat="36.54896" lon="-118.35966000000002"><ele>3147.467466168231</ele></trkpt><trkpt lat="36.54909" lon="-118.35951999999997"><ele>3145.3063341602683</ele></trkpt><trkpt lat="36.54913" lon="-118.35951"><ele>3143.5342220704165</ele></trkpt><trkpt lat="36.54916" lon="-118.35941000000003"><ele>3143.1958767894566</ele></trkpt><trkpt lat="36.54915" lon="-118.35935999999998"><ele>3142.9071743361023</ele></trkpt><trkpt lat="36.54924" lon="-118.35937000000001"><ele>3141.0</ele></trkpt><trkpt lat="36.54928" lon="-118.35950000000003"><ele>3140.7158684600145</ele></trkpt><trkpt lat="36.54933" lon="-118.35951999999997"><ele>3142.0</ele></trkpt><trkpt lat="36.54933" lon="-118.35969999999998"><ele>3138.0707829552703</ele></trkpt><trkpt lat="36.54936" lon="-118.35969999999998"><ele>3136.330431568902</ele></trkpt><trkpt lat="36.54954" lon="-118.35942999999997"><ele>3135.0</ele></trkpt><trkpt lat="36.54964" lon="-118.35933"><ele>3136.0</ele></trkpt><trkpt lat="36.5497" lon="-118.35921000000002"><ele>3137.0</ele></trkpt><trkpt lat="36.54982" lon="-118.35905000000002"><ele>3139.0</ele></trkpt><trkpt lat="36.55002" lon="-118.35863999999998"><ele>3145.588734621372</ele></trkpt><trkpt lat="36.55023" lon="-118.358"><ele>3148.0</ele></trkpt><trkpt lat="36.55032" lon="-118.35786999999999"><ele>3150.048404978588</ele></trkpt><trkpt lat="36.5504" lon="-118.35766999999998"><ele>3149.707907555159</ele></trkpt><trkpt lat="36.55047" lon="-118.35765000000004"><ele>3150.944022791692</ele></trkpt><trkpt lat="36.55057" lon="-118.35755"><ele>3151.0</ele></trkpt><trkpt lat="36.55083" lon="-118.35739000000001"><ele>3150.0</ele></trkpt><trkpt lat="36.55146" lon="-118.35744"><ele>3150.0</ele></trkpt><trkpt lat="36.55163" lon="-118.35739000000001"><ele>3149.674428381117</ele></trkpt><trkpt lat="36.55172" lon="-118.35739999999998"><ele>3150.0</ele></trkpt><trkpt lat="36.55187" lon="-118.35753999999997"><ele>3149.0203960024182</ele></trkpt><trkpt lat="36.55197" lon="-118.35804999999999"><ele>3149.0</ele></trkpt><trkpt lat="36.55199" lon="-118.35834"><ele>3148.9369028324713</ele></trkpt><trkpt lat="36.55212" lon="-118.35870999999997"><ele>3148.0</ele></trkpt><trkpt lat="36.55223" lon="-118.35885000000002"><ele>3147.0</ele></trkpt><trkpt lat="36.55223" lon="-118.35885000000002"><ele>3147.0</ele></trkpt><trkpt lat="36.55229" lon="-118.3589"><ele>3148.0100521297372</ele></trkpt><trkpt lat="36.55229" lon="-118.3589"><ele>3148.0100521297372</ele></trkpt><trkpt lat="36.55231" lon="-118.35890999999998"><ele>3148.7453551780336</ele></trkpt><trkpt lat="36.55235" lon="-118.35879999999997"><ele>3148.3014046234152</ele></trkpt><trkpt lat="36.55252" lon="-118.35863"><ele>3149.821761066119</ele></trkpt><trkpt lat="36.55252" lon="-118.35863"><ele>3149.821761066119</ele></trkpt><trkpt lat="36.55252" lon="-118.35863"><ele>3149.821761066119</ele></trkpt><trkpt lat="36.5526" lon="-118.35863"><ele>3150.1425200949634</ele></trkpt><trkpt lat="36.55268" lon="-118.3587"><ele>3151.988336139189</ele></trkpt><trkpt lat="36.55292" lon="-118.35867999999999"><ele>3156.0</ele></trkpt><trkpt lat="36.553" lon="-118.35870999999997"><ele>3157.1754204430617</ele></trkpt><trkpt lat="36.55306" lon="-118.35879"><ele>3159.904203130087</ele></trkpt><trkpt lat="36.55308" lon="-118.35895"><ele>3162.360231111292</ele></trkpt><trkpt lat="36.55319" lon="-118.35910999999999"><ele>3165.0</ele></trkpt><trkpt lat="36.55319" lon="-118.35910999999999"><ele>3165.0</ele></trkpt><trkpt lat="36.55319" lon="-118.35910999999999"><ele>3165.0</ele></trkpt><trkpt lat="36.55321" lon="-118.35924999999997"><ele>3166.0</ele></trkpt><trkpt lat="36.55326" lon="-118.35926999999998"><ele>3167.0</ele></trkpt><trkpt lat="36.55351" lon="-118.35926"><ele>3169.828848155478</ele></trkpt><trkpt lat="36.55373" lon="-118.35935"><ele>3172.0</ele></trkpt><trkpt lat="36.55399" lon="-118.35931"><ele>3174.0</ele></trkpt><trkpt lat="36.55408" lon="-118.35924"><ele>3174.0</ele></trkpt><trkpt lat="36.55436" lon="-118.35910999999999"><ele>3175.0</ele></trkpt><trkpt lat="36.55463" lon="-118.35914000000002"><ele>3178.0191265764306</ele></trkpt><trkpt lat="36.55473" lon="-118.35917999999998"><ele>3180.8992298486373</ele></trkpt><trkpt lat="36.55481" lon="-118.35928000000001"><ele>3183.0</ele></trkpt><trkpt lat="36.55482" lon="-118.35937999999999"><ele>3185.0</ele></trkpt><trkpt lat="36.55474" lon="-118.35975000000002"><ele>3187.3026562329715</ele></trkpt><trkpt lat="36.55473" lon="-118.35993000000002"><ele>3189.0</ele></trkpt><trkpt lat="36.55478" lon="-118.35996999999998"><ele>3190.7088149577357</ele></trkpt><trkpt lat="36.55479" lon="-118.36003"><ele>3191.2570551350454</ele></trkpt><trkpt lat="36.55494" lon="-118.35998000000001"><ele>3193.073910333216</ele></trkpt><trkpt lat="36.55505" lon="-118.35998000000001"><ele>3196.0</ele></trkpt><trkpt lat="36.55524" lon="-118.36007999999998"><ele>3199.0</ele></trkpt><trkpt lat="36.55534" lon="-118.36016999999998"><ele>3200.4360363617866</ele></trkpt><trkpt lat="36.55542" lon="-118.36027000000001"><ele>3201.921634959057</ele></trkpt><trkpt lat="36.55553" lon="-118.36032999999998"><ele>3203.0</ele></trkpt><trkpt lat="36.5556" lon="-118.36043000000001"><ele>3204.0</ele></trkpt><trkpt lat="36.5557" lon="-118.36049000000003"><ele>3204.0</ele></trkpt><trkpt lat="36.55617" lon="-118.36056000000002"><ele>3207.0</ele></trkpt><trkpt lat="36.55622" lon="-118.36054999999999"><ele>3207.3099895500454</ele></trkpt><trkpt lat="36.5564" lon="-118.36063000000001"><ele>3209.5087015422964</ele></trkpt><trkpt lat="36.55648" lon="-118.36075"><ele>3212.0</ele></trkpt><trkpt lat="36.5566" lon="-118.36075"><ele>3213.5337378975178</ele></trkpt><trkpt lat="36.55666" lon="-118.36086"><ele>3217.8623908851296</ele></trkpt><trkpt lat="36.5571" lon="-118.36067000000003"><ele>3230.0</ele></trkpt><trkpt lat="36.55729" lon="-118.36072999999999"><ele>3232.0</ele></trkpt><trkpt lat="36.55734" lon="-118.36070999999998"><ele>3232.5763354114306</ele></trkpt><trkpt lat="36.55765" lon="-118.3605"><ele>3238.178515515964</ele></trkpt><trkpt lat="36.55789" lon="-118.36041"><ele>3244.5353740726064</ele></trkpt><trkpt lat="36.55804" lon="-118.36039"><ele>3248.434779666085</ele></trkpt><trkpt lat="36.558087099069276" lon="-118.36031464148914"><ele>3248.659453528002</ele></trkpt><trkpt lat="36.558083757338636" lon="-118.36031998826098"><ele>3248.5758307543847</ele></trkpt><trkpt lat="36.55809" lon="-118.36031000000003"><ele>3248.827760528773</ele></trkpt><trkpt lat="36.55824" lon="-118.36016999999998"><ele>3251.530510660261</ele></trkpt><trkpt lat="36.55837" lon="-118.36011000000002"><ele>3255.030632150266</ele></trkpt><trkpt lat="36.55842" lon="-118.36004000000003"><ele>3255.1537808013572</ele></trkpt><trkpt lat="36.55857" lon="-118.36003"><ele>3260.4681395310868</ele></trkpt><trkpt lat="36.55858" lon="-118.36009000000001"><ele>3262.6195458763327</ele></trkpt><trkpt lat="36.55863" lon="-118.36012"><ele>3265.0439231730998</ele></trkpt><trkpt lat="36.55864" lon="-118.36029000000002"><ele>3270.0</ele></trkpt><trkpt lat="36.5586" lon="-118.36058000000003"><ele>3272.135056523861</ele></trkpt><trkpt lat="36.55861" lon="-118.36075"><ele>3274.0</ele></trkpt><trkpt lat="36.55855" lon="-118.36104"><ele>3275.88452383385</ele></trkpt><trkpt lat="36.55862" lon="-118.36131999999998"><ele>3280.9198350055617</ele></trkpt><trkpt lat="36.55878" lon="-118.36167"><ele>3284.121418667026</ele></trkpt><trkpt lat="36.55878582891659" lon="-118.3616764765705"><ele>3284.537870979301</ele></trkpt><trkpt lat="36.55878" lon="-118.36167"><ele>3284.121418667026</ele></trkpt><trkpt lat="36.55862" lon="-118.36131999999998"><ele>3280.9198350055617</ele></trkpt><trkpt lat="36.55855" lon="-118.36104"><ele>3275.88452383385</ele></trkpt><trkpt lat="36.55861" lon="-118.36075"><ele>3274.0</ele></trkpt><trkpt lat="36.5586" lon="-118.36058000000003"><ele>3272.135056523861</ele></trkpt><trkpt lat="36.55864" lon="-118.36029000000002"><ele>3270.0</ele></trkpt><trkpt lat="36.55863" lon="-118.36012"><ele>3265.0439231730998</ele></trkpt><trkpt lat="36.55858" lon="-118.36009000000001"><ele>3262.6195458763327</ele></trkpt><trkpt lat="36.55857" lon="-118.36003"><ele>3260.4681395310868</ele></trkpt><trkpt lat="36.55842" lon="-118.36004000000003"><ele>3255.1537808013572</ele></trkpt><trkpt lat="36.55837" lon="-118.36011000000002"><ele>3255.030632150266</ele></trkpt><trkpt lat="36.55824" lon="-118.36016999999998"><ele>3251.530510660261</ele></trkpt><trkpt lat="36.55809" lon="-118.36031000000003"><ele>3248.827760528773</ele></trkpt><trkpt lat="36.55804" lon="-118.36039"><ele>3248.434779666085</ele></trkpt><trkpt lat="36.55789" lon="-118.36041"><ele>3244.5353740726064</ele></trkpt><trkpt lat="36.55765" lon="-118.3605"><ele>3238.178515515964</ele></trkpt><trkpt lat="36.55734" lon="-118.36070999999998"><ele>3232.5763354114306</ele></trkpt><trkpt lat="36.55729" lon="-118.36072999999999"><ele>3232.0</ele></trkpt><trkpt lat="36.5571" lon="-118.36067000000003"><ele>3230.0</ele></trkpt><trkpt lat="36.55666" lon="-118.36086"><ele>3217.8623908851296</ele></trkpt><trkpt lat="36.5566" lon="-118.36075"><ele>3213.5337378975178</ele></trkpt><trkpt lat="36.55648" lon="-118.36075"><ele>3212.0</ele></trkpt><trkpt lat="36.5564" lon="-118.36063000000001"><ele>3209.5087015422964</ele></trkpt><trkpt lat="36.55622" lon="-118.36054999999999"><ele>3207.3099895500454</ele></trkpt><trkpt lat="36.55617" lon="-118.36056000000002"><ele>3207.0</ele></trkpt><trkpt lat="36.5557" lon="-118.36049000000003"><ele>3204.0</ele></trkpt><trkpt lat="36.5556" lon="-118.36043000000001"><ele>3204.0</ele></trkpt><trkpt lat="36.55553" lon="-118.36032999999998"><ele>3203.0</ele></trkpt><trkpt lat="36.55542" lon="-118.36027000000001"><ele>3201.921634959057</ele></trkpt><trkpt lat="36.55534" lon="-118.36016999999998"><ele>3200.4360363617866</ele></trkpt><trkpt lat="36.55524" lon="-118.36007999999998"><ele>3199.0</ele></trkpt><trkpt lat="36.55505" lon="-118.35998000000001"><ele>3196.0</ele></trkpt><trkpt lat="36.55494" lon="-118.35998000000001"><ele>3193.073910333216</ele></trkpt><trkpt lat="36.55479" lon="-118.36003"><ele>3191.2570551350454</ele></trkpt><trkpt lat="36.55478" lon="-118.35996999999998"><ele>3190.7088149577357</ele></trkpt><trkpt lat="36.55473" lon="-118.35993000000002"><ele>3189.0</ele></trkpt><trkpt lat="36.55474" lon="-118.35975000000002"><ele>3187.3026562329715</ele></trkpt><trkpt lat="36.55482" lon="-118.35937999999999"><ele>3185.0</ele></trkpt><trkpt lat="36.55481" lon="-118.35928000000001"><ele>3183.0</ele></trkpt><trkpt lat="36.55473" lon="-118.35917999999998"><ele>3180.8992298486373</ele></trkpt><trkpt lat="36.55463" lon="-118.35914000000002"><ele>3178.0191265764306</ele></trkpt><trkpt lat="36.55436" lon="-118.35910999999999"><ele>3175.0</ele></trkpt><trkpt lat="36.55408" lon="-118.35924"><ele>3174.0</ele></trkpt><trkpt lat="36.55399" lon="-118.35931"><ele>3174.0</ele></trkpt><trkpt lat="36.55373" lon="-118.35935"><ele>3172.0</ele></trkpt><trkpt lat="36.55351" lon="-118.35926"><ele>3169.828848155478</ele></trkpt><trkpt lat="36.55326" lon="-118.35926999999998"><ele>3167.0</ele></trkpt><trkpt lat="36.55321" lon="-118.35924999999997"><ele>3166.0</ele></trkpt><trkpt lat="36.55319" lon="-118.35910999999999"><ele>3165.0</ele></trkpt><trkpt lat="36.55319" lon="-118.35910999999999"><ele>3165.0</ele></trkpt><trkpt lat="36.55319" lon="-118.35910999999999"><ele>3165.0</ele></trkpt><trkpt lat="36.55308" lon="-118.35895"><ele>3162.360231111292</ele></trkpt><trkpt lat="36.55306" lon="-118.35879"><ele>3159.904203130087</ele></trkpt><trkpt lat="36.553" lon="-118.35870999999997"><ele>3157.1754204430617</ele></trkpt><trkpt lat="36.55292" lon="-118.35867999999999"><ele>3156.0</ele></trkpt><trkpt lat="36.55268" lon="-118.3587"><ele>3151.988336139189</ele></trkpt><trkpt lat="36.5526" lon="-118.35863"><ele>3150.1425200949634</ele></trkpt><trkpt lat="36.55252" lon="-118.35863"><ele>3149.821761066119</ele></trkpt><trkpt lat="36.55252" lon="-118.35863"><ele>3149.821761066119</ele></trkpt><trkpt lat="36.55252" lon="-118.35863"><ele>3149.821761066119</ele></trkpt><trkpt lat="36.55235" lon="-118.35879999999997"><ele>3148.3014046234152</ele></trkpt><trkpt lat="36.55231" lon="-118.35890999999998"><ele>3148.7453551780336</ele></trkpt><trkpt lat="36.55229" lon="-118.3589"><ele>3148.0100521297372</ele></trkpt><trkpt lat="36.55229" lon="-118.3589"><ele>3148.0100521297372</ele></trkpt><trkpt lat="36.55223" lon="-118.35885000000002"><ele>3147.0</ele></trkpt><trkpt lat="36.55223" lon="-118.35885000000002"><ele>3147.0</ele></trkpt><trkpt lat="36.55212" lon="-118.35870999999997"><ele>3148.0</ele></trkpt><trkpt lat="36.55199" lon="-118.35834"><ele>3148.9369028324713</ele></trkpt><trkpt lat="36.55197" lon="-118.35804999999999"><ele>3149.0</ele></trkpt><trkpt lat="36.55187" lon="-118.35753999999997"><ele>3149.0203960024182</ele></trkpt><trkpt lat="36.55172" lon="-118.35739999999998"><ele>3150.0</ele></trkpt><trkpt lat="36.55163" lon="-118.35739000000001"><ele>3149.674428381117</ele></trkpt><trkpt lat="36.55146" lon="-118.35744"><ele>3150.0</ele></trkpt><trkpt lat="36.55083" lon="-118.35739000000001"><ele>3150.0</ele></trkpt><trkpt lat="36.55057" lon="-118.35755"><ele>3151.0</ele></trkpt><trkpt lat="36.55047" lon="-118.35765000000004"><ele>3150.944022791692</ele></trkpt><trkpt lat="36.5504" lon="-118.35766999999998"><ele>3149.707907555159</ele></trkpt><trkpt lat="36.55032" lon="-118.35786999999999"><ele>3150.048404978588</ele></trkpt><trkpt lat="36.55023" lon="-118.358"><ele>3148.0</ele></trkpt><trkpt lat="36.55002" lon="-118.35863999999998"><ele>3145.588734621372</ele></trkpt><trkpt lat="36.54982" lon="-118.35905000000002"><ele>3139.0</ele></trkpt><trkpt lat="36.5497" lon="-118.35921000000002"><ele>3137.0</ele></trkpt><trkpt lat="36.54964" lon="-118.35933"><ele>3136.0</ele></trkpt><trkpt lat="36.54954" lon="-118.35942999999997"><ele>3135.0</ele></trkpt><trkpt lat="36.54936" lon="-118.35969999999998"><ele>3136.330431568902</ele></trkpt><trkpt lat="36.54933" lon="-118.35969999999998"><ele>3138.0707829552703</ele></trkpt><trkpt lat="36.54933" lon="-118.35951999999997"><ele>3142.0</ele></trkpt><trkpt lat="36.54928" lon="-118.35950000000003"><ele>3140.7158684600145</ele></trkpt><trkpt lat="36.54924" lon="-118.35937000000001"><ele>3141.0</ele></trkpt><trkpt lat="36.54915" lon="-118.35935999999998"><ele>3142.9071743361023</ele></trkpt><trkpt lat="36.54916" lon="-118.35941000000003"><ele>3143.1958767894566</ele></trkpt><trkpt lat="36.54913" lon="-118.35951"><ele>3143.5342220704165</ele></trkpt><trkpt lat="36.54909" lon="-118.35951999999997"><ele>3145.3063341602683</ele></trkpt><trkpt lat="36.54896" lon="-118.35966000000002"><ele>3147.467466168231</ele></trkpt><trkpt lat="36.54894" lon="-118.35966000000002"><ele>3148.0080539342016</ele></trkpt><trkpt lat="36.5489" lon="-118.35953999999998"><ele>3150.425053878147</ele></trkpt><trkpt lat="36.54884" lon="-118.35949"><ele>3152.8091910667717</ele></trkpt><trkpt lat="36.54879" lon="-118.3596"><ele>3153.7097568195313</ele></trkpt><trkpt lat="36.54875" lon="-118.35939000000002"><ele>3158.030208069831</ele></trkpt><trkpt lat="36.54868" lon="-118.35960999999998"><ele>3161.0909948684275</ele></trkpt><trkpt lat="36.54865" lon="-118.35946999999999"><ele>3163.8313309438527</ele></trkpt><trkpt lat="36.54856" lon="-118.35987999999998"><ele>3168.0523351114243</ele></trkpt><trkpt lat="36.54851" lon="-118.35998000000001"><ele>3170.9528903570026</ele></trkpt><trkpt lat="36.54847" lon="-118.36000000000001"><ele>3172.486811757913</ele></trkpt><trkpt lat="36.54847" lon="-118.36005999999998"><ele>3173.273333199322</ele></trkpt><trkpt lat="36.54836" lon="-118.36023"><ele>3176.008217592096</ele></trkpt><trkpt lat="36.54835" lon="-118.36036999999999"><ele>3177.234654530883</ele></trkpt><trkpt lat="36.54823" lon="-118.36034000000001"><ele>3181.307666593329</ele></trkpt><trkpt lat="36.54803" lon="-118.36043000000001"><ele>3185.0</ele></trkpt><trkpt lat="36.54793" lon="-118.36056000000002"><ele>3187.0</ele></trkpt><trkpt lat="36.54793" lon="-118.36068999999998"><ele>3189.0</ele></trkpt><trkpt lat="36.54786" lon="-118.36076000000003"><ele>3190.242241573991</ele></trkpt><trkpt lat="36.54792" lon="-118.36083000000002"><ele>3191.979138915316</ele></trkpt><trkpt lat="36.54783" lon="-118.36095999999998"><ele>3195.0</ele></trkpt><trkpt lat="36.54778" lon="-118.36097999999998"><ele>3195.9650879995897</ele></trkpt><trkpt lat="36.54776" lon="-118.36103000000003"><ele>3196.295256889891</ele></trkpt><trkpt lat="36.54761" lon="-118.36122999999998"><ele>3204.0</ele></trkpt><trkpt lat="36.54753" lon="-118.3612"><ele>3203.8033943679184</ele></trkpt><trkpt lat="36.54748" lon="-118.36126999999999"><ele>3205.8460537025003</ele></trkpt><trkpt lat="36.54746" lon="-118.36133000000001"><ele>3206.864117074758</ele></trkpt><trkpt lat="36.54743" lon="-118.36133000000001"><ele>3208.0</ele></trkpt><trkpt lat="36.54742" lon="-118.36144000000002"><ele>3210.0</ele></trkpt><trkpt lat="36.54734" lon="-118.36148000000003"><ele>3211.266776890494</ele></trkpt><trkpt lat="36.54733" lon="-118.36151999999998"><ele>3212.0778337965994</ele></trkpt><trkpt lat="36.54728" lon="-118.36149"><ele>3212.3059585746378</ele></trkpt><trkpt lat="36.54724" lon="-118.36162000000002"><ele>3214.0</ele></trkpt><trkpt lat="36.54721" lon="-118.36160000000001"><ele>3214.0</ele></trkpt><trkpt lat="36.5472" lon="-118.36149"><ele>3214.960991913048</ele></trkpt><trkpt lat="36.54718" lon="-118.36149999999998"><ele>3215.106971124187</ele></trkpt><trkpt lat="36.54705" lon="-118.36160000000001"><ele>3221.0</ele></trkpt><trkpt lat="36.54699" lon="-118.36178000000001"><ele>3222.096940501496</ele></trkpt><trkpt lat="36.54697" lon="-118.36180000000002"><ele>3222.289073046297</ele></trkpt><trkpt lat="36.54693" lon="-118.36176999999998"><ele>3224.0</ele></trkpt><trkpt lat="36.54681" lon="-118.36205000000001"><ele>3226.570652300492</ele></trkpt><trkpt lat="36.54677" lon="-118.36212"><ele>3227.0</ele></trkpt><trkpt lat="36.54672" lon="-118.36214999999999"><ele>3228.0</ele></trkpt><trkpt lat="36.54663" lon="-118.36238000000003"><ele>3231.0</ele></trkpt><trkpt lat="36.54657" lon="-118.36241999999999"><ele>3232.0</ele></trkpt><trkpt lat="36.54657" lon="-118.36257"><ele>3232.0</ele></trkpt><trkpt lat="36.5465314155179" lon="-118.36266260275704"><ele>3232.0</ele></trkpt><trkpt lat="36.54643608179549" lon="-118.36279256669843"><ele>3232.0</ele></trkpt><trkpt lat="36.54643" lon="-118.3628"><ele>3232.0</ele></trkpt><trkpt lat="36.54645" lon="-118.36297000000002"><ele>3230.0</ele></trkpt><trkpt lat="36.54643" lon="-118.36319000000003"><ele>3229.9840149285637</ele></trkpt><trkpt lat="36.54637" lon="-118.36320999999998"><ele>3229.8061039638537</ele></trkpt><trkpt lat="36.54608" lon="-118.36367999999999"><ele>3224.0</ele></trkpt><trkpt lat="36.54593" lon="-118.36385000000001"><ele>3221.381005220115</ele></trkpt><trkpt lat="36.54591" lon="-118.36394999999999"><ele>3221.0</ele></trkpt><trkpt lat="36.54585" lon="-118.36400000000003"><ele>3219.2927111093886</ele></trkpt><trkpt lat="36.54584" lon="-118.36406"><ele>3219.0</ele></trkpt><trkpt lat="36.54575" lon="-118.36419999999998"><ele>3217.973731029323</ele></trkpt><trkpt lat="36.5457" lon="-118.36421000000001"><ele>3218.9807732973977</ele></trkpt><trkpt lat="36.54551" lon="-118.36437999999998"><ele>3221.573376003477</ele></trkpt><trkpt lat="36.5454" lon="-118.36442999999997"><ele>3224.0</ele></trkpt><trkpt lat="36.54527" lon="-118.36455000000001"><ele>3225.5657236003317</ele></trkpt><trkpt lat="36.54523" lon="-118.36448999999999"><ele>3227.457056000363</ele></trkpt><trkpt lat="36.54509" lon="-118.36451999999997"><ele>3229.3849477752524</ele></trkpt><trkpt lat="36.54495" lon="-118.36446000000001"><ele>3232.3998727036615</ele></trkpt><trkpt lat="36.54495" lon="-118.36446000000001"><ele>3232.3998727036615</ele></trkpt><trkpt lat="36.54486" lon="-118.36448999999999"><ele>3235.688355593011</ele></trkpt><trkpt lat="36.54475" lon="-118.3646"><ele>3241.0</ele></trkpt><trkpt lat="36.54458" lon="-118.36463000000003"><ele>3242.0</ele></trkpt><trkpt lat="36.54447" lon="-118.36477000000002"><ele>3245.0</ele></trkpt><trkpt lat="36.54439" lon="-118.36473999999998"><ele>3246.0</ele></trkpt><trkpt lat="36.54422" lon="-118.36475999999999"><ele>3248.0</ele></trkpt><trkpt lat="36.544" lon="-118.36493999999999"><ele>3251.0</ele></trkpt><trkpt lat="36.54381" lon="-118.36514"><ele>3253.498332993172</ele></trkpt><trkpt lat="36.54374" lon="-118.36514"><ele>3255.0</ele></trkpt><trkpt lat="36.54367" lon="-118.36520000000002"><ele>3255.0</ele></trkpt><trkpt lat="36.54352" lon="-118.36520000000002"><ele>3256.0</ele></trkpt><trkpt lat="36.54332" lon="-118.36559999999997"><ele>3257.0</ele></trkpt><trkpt lat="36.54324" lon="-118.36571000000004"><ele>3256.0</ele></trkpt><trkpt lat="36.54278" lon="-118.36592000000002"><ele>3253.878149585508</ele></trkpt><trkpt lat="36.54256" lon="-118.36595999999997"><ele>3256.0</ele></trkpt><trkpt lat="36.54238" lon="-118.36606999999998"><ele>3256.920100429479</ele></trkpt><trkpt lat="36.5422" lon="-118.36604"><ele>3257.0</ele></trkpt><trkpt lat="36.5421" lon="-118.36604999999997"><ele>3256.0</ele></trkpt><trkpt lat="36.54195" lon="-118.36617000000001"><ele>3255.0</ele></trkpt><trkpt lat="36.54181" lon="-118.36621000000002"><ele>3254.0</ele></trkpt><trkpt lat="36.54162" lon="-118.36617999999999"><ele>3251.1115391411786</ele></trkpt><trkpt lat="36.54154" lon="-118.36613999999997"><ele>3249.0</ele></trkpt><trkpt lat="36.54151" lon="-118.36608000000001"><ele>3248.634537843928</ele></trkpt><trkpt lat="36.54143" lon="-118.36608999999999"><ele>3246.4181333694705</ele></trkpt><trkpt lat="36.54131" lon="-118.36603000000002"><ele>3244.0</ele></trkpt><trkpt lat="36.54125" lon="-118.36603000000002"><ele>3242.0</ele></trkpt><trkpt lat="36.54118" lon="-118.36608000000001"><ele>3241.543403569806</ele></trkpt><trkpt lat="36.54114" lon="-118.36606999999998"><ele>3240.0926859373903</ele></trkpt><trkpt lat="36.54108" lon="-118.36579999999998"><ele>3237.0</ele></trkpt><trkpt lat="36.54102" lon="-118.36579999999998"><ele>3235.0</ele></trkpt><trkpt lat="36.54097" lon="-118.36586"><ele>3234.259007380486</ele></trkpt><trkpt lat="36.54093" lon="-118.36588"><ele>3233.3446353506297</ele></trkpt><trkpt lat="36.54082" lon="-118.36545000000001"><ele>3227.272040952577</ele></trkpt><trkpt lat="36.54074" lon="-118.36540000000002"><ele>3225.967545940373</ele></trkpt><trkpt lat="36.54063" lon="-118.36536000000001"><ele>3224.0</ele></trkpt><trkpt lat="36.54003" lon="-118.36502999999999"><ele>3217.0</ele></trkpt><trkpt lat="36.53961" lon="-118.36487999999997"><ele>3215.0</ele></trkpt><trkpt lat="36.5395" lon="-118.36481000000003"><ele>3215.0</ele></trkpt><trkpt lat="36.5389" lon="-118.36466000000001"><ele>3213.5344817768782</ele></trkpt><trkpt lat="36.53877" lon="-118.36455000000001"><ele>3213.0</ele></trkpt><trkpt lat="36.53864" lon="-118.36451"><ele>3213.0</ele></trkpt><trkpt lat="36.53851" lon="-118.36457999999999"><ele>3213.0</ele></trkpt><trkpt lat="36.53828" lon="-118.36451999999997"><ele>3213.0</ele></trkpt><trkpt lat="36.53816" lon="-118.36442999999997"><ele>3214.0</ele></trkpt><trkpt lat="36.53783" lon="-118.36442"><ele>3215.0</ele></trkpt><trkpt lat="36.53768" lon="-118.36435"><ele>3217.0</ele></trkpt><trkpt lat="36.53754" lon="-118.36437999999998"><ele>3217.0</ele></trkpt><trkpt lat="36.53719" lon="-118.36423000000002"><ele>3222.0</ele></trkpt><trkpt lat="36.53708" lon="-118.36412000000001"><ele>3224.0</ele></trkpt><trkpt lat="36.5368" lon="-118.36410000000001"><ele>3226.6323733329773</ele></trkpt><trkpt lat="36.53664" lon="-118.36394999999999"><ele>3229.80827960072</ele></trkpt><trkpt lat="36.53647" lon="-118.36394000000001"><ele>3231.0</ele></trkpt><trkpt lat="36.53635" lon="-118.36388999999997"><ele>3232.0</ele></trkpt><trkpt lat="36.53616" lon="-118.36376000000001"><ele>3235.0</ele></trkpt><trkpt lat="36.53598" lon="-118.36370999999997"><ele>3235.0</ele></trkpt><trkpt lat="36.53587" lon="-118.36361999999997"><ele>3236.0</ele></trkpt><trkpt lat="36.53551" lon="-118.36354"><ele>3235.0</ele></trkpt><trkpt lat="36.53489" lon="-118.36329999999998"><ele>3233.0</ele></trkpt><trkpt lat="36.53457" lon="-118.36327"><ele>3231.0</ele></trkpt><trkpt lat="36.53439" lon="-118.36320999999998"><ele>3230.10937955603</ele></trkpt><trkpt lat="36.53421" lon="-118.3632"><ele>3229.3252797020104</ele></trkpt><trkpt lat="36.53417737757405" lon="-118.36321380179561"><ele>3229.0</ele></trkpt><trkpt lat="36.53398292901039" lon="-118.36329606851609"><ele>3227.0</ele></trkpt><trkpt lat="36.53395" lon="-118.36331000000001"><ele>3226.4490417772904</ele></trkpt><trkpt lat="36.53377" lon="-118.36333000000002"><ele>3225.0</ele></trkpt><trkpt lat="36.53364" lon="-118.36331000000001"><ele>3225.0</ele></trkpt><trkpt lat="36.53344" lon="-118.36334999999997"><ele>3223.5294836098747</ele></trkpt><trkpt lat="36.53323" lon="-118.36333000000002"><ele>3222.8673163773137</ele></trkpt><trkpt lat="36.53236" lon="-118.36297000000002"><ele>3223.0</ele></trkpt><trkpt lat="36.53218" lon="-118.36297000000002"><ele>3222.243035613761</ele></trkpt><trkpt lat="36.53158" lon="-118.36289999999997"><ele>3220.556426668074</ele></trkpt><trkpt lat="36.53099" lon="-118.36264"><ele>3221.6733048888855</ele></trkpt><trkpt lat="36.5307" lon="-118.36259999999999"><ele>3221.0</ele></trkpt><trkpt lat="36.53027" lon="-118.36239999999998"><ele>3220.042657168791</ele></trkpt><trkpt lat="36.52994" lon="-118.36235999999997"><ele>3216.975171494118</ele></trkpt><trkpt lat="36.52982" lon="-118.36223000000001"><ele>3216.0</ele></trkpt><trkpt lat="36.52963" lon="-118.36216000000002"><ele>3214.0399868968643</ele></trkpt><trkpt lat="36.52943" lon="-118.36203999999998"><ele>3213.0</ele></trkpt><trkpt lat="36.52894" lon="-118.36162000000002"><ele>3214.0</ele></trkpt><trkpt lat="36.52875" lon="-118.36133999999998"><ele>3215.921705032745</ele></trkpt><trkpt lat="36.52862" lon="-118.36104"><ele>3218.084745762213</ele></trkpt><trkpt lat="36.52857" lon="-118.36099999999999"><ele>3218.0468157378436</ele></trkpt><trkpt lat="36.52847" lon="-118.36081999999999"><ele>3218.0</ele></trkpt><trkpt lat="36.52829" lon="-118.36061999999998"><ele>3217.85276898941</ele></trkpt><trkpt lat="36.52824" lon="-118.36052999999998"><ele>3217.320923883091</ele></trkpt><trkpt lat="36.52822" lon="-118.36036999999999"><ele>3220.0</ele></trkpt><trkpt lat="36.52793" lon="-118.35991999999999"><ele>3219.625543990482</ele></trkpt><trkpt lat="36.52782" lon="-118.35960999999998"><ele>3221.0</ele></trkpt><trkpt lat="36.52774" lon="-118.35923000000003"><ele>3224.0</ele></trkpt><trkpt lat="36.52759" lon="-118.35892000000001"><ele>3224.0234554445924</ele></trkpt><trkpt lat="36.52756" lon="-118.35867000000002"><ele>3226.962490846578</ele></trkpt><trkpt lat="36.52729" lon="-118.35820000000001"><ele>3228.0</ele></trkpt><trkpt lat="36.52729" lon="-118.35820000000001"><ele>3228.0</ele></trkpt><trkpt lat="36.52688" lon="-118.35737"><ele>3230.1209376786255</ele></trkpt><trkpt lat="36.52653" lon="-118.35696999999999"><ele>3231.132292816049</ele></trkpt><trkpt lat="36.52635" lon="-118.35658999999998"><ele>3233.0</ele></trkpt><trkpt lat="36.52624" lon="-118.35595999999998"><ele>3237.0</ele></trkpt><trkpt lat="36.52617" lon="-118.35534999999999"><ele>3239.109845492122</ele></trkpt><trkpt lat="36.52611" lon="-118.35519"><ele>3239.787002928555</ele></trkpt><trkpt lat="36.52609" lon="-118.35500000000002"><ele>3240.0</ele></trkpt><trkpt lat="36.52602" lon="-118.35478"><ele>3240.0</ele></trkpt><trkpt lat="36.52595" lon="-118.35435999999999"><ele>3241.0</ele></trkpt><trkpt lat="36.52573" lon="-118.35356999999999"><ele>3243.0</ele></trkpt><trkpt lat="36.5257" lon="-118.35336999999998"><ele>3244.0</ele></trkpt><trkpt lat="36.52553" lon="-118.3528"><ele>3246.0</ele></trkpt><trkpt lat="36.52547" lon="-118.35250000000002"><ele>3247.155330924302</ele></trkpt><trkpt lat="36.52522" lon="-118.35172"><ele>3249.0</ele></trkpt><trkpt lat="36.52514" lon="-118.35134"><ele>3250.0</ele></trkpt><trkpt lat="36.52491" lon="-118.35081000000002"><ele>3250.0</ele></trkpt><trkpt lat="36.52485" lon="-118.35061999999999"><ele>3250.0</ele></trkpt><trkpt lat="36.52472" lon="-118.35034000000002"><ele>3250.894851554185</ele></trkpt><trkpt lat="36.52461" lon="-118.35019"><ele>3250.0</ele></trkpt><trkpt lat="36.52442" lon="-118.34976"><ele>3250.0</ele></trkpt><trkpt lat="36.52429" lon="-118.34951999999998"><ele>3251.0</ele></trkpt><trkpt lat="36.52406" lon="-118.34920999999997"><ele>3252.0</ele></trkpt><trkpt lat="36.52389" lon="-118.34902999999997"><ele>3253.0</ele></trkpt><trkpt lat="36.5235" lon="-118.34879999999998"><ele>3256.0</ele></trkpt><trkpt lat="36.52314" lon="-118.34875"><ele>3259.0</ele></trkpt><trkpt lat="36.52277" lon="-118.34865000000002"><ele>3263.654559998773</ele></trkpt><trkpt lat="36.5227" lon="-118.34866999999997"><ele>3263.722492445726</ele></trkpt><trkpt lat="36.52251" lon="-118.34860000000003"><ele>3267.9724792842812</ele></trkpt><trkpt lat="36.52187" lon="-118.34852999999998"><ele>3276.3237909121062</ele></trkpt><trkpt lat="36.52175" lon="-118.34857"><ele>3277.023332942925</ele></trkpt><trkpt lat="36.52163" lon="-118.34854000000001"><ele>3279.780931554269</ele></trkpt><trkpt lat="36.52136" lon="-118.34860000000003"><ele>3281.984728887677</ele></trkpt><trkpt lat="36.52068" lon="-118.34861999999998"><ele>3292.0526613341644</ele></trkpt><trkpt lat="36.52043" lon="-118.34879999999998"><ele>3294.6640533334576</ele></trkpt><trkpt lat="36.52015" lon="-118.34892000000002"><ele>3297.060586527117</ele></trkpt><trkpt lat="36.52011" lon="-118.34890000000001"><ele>3299.0</ele></trkpt><trkpt lat="36.52014" lon="-118.34883000000002"><ele>3299.5782980795398</ele></trkpt><trkpt lat="36.52029" lon="-118.34857"><ele>3302.8315324415835</ele></trkpt><trkpt lat="36.52029" lon="-118.34852000000001"><ele>3303.7129991105758</ele></trkpt><trkpt lat="36.52023" lon="-118.34851000000003"><ele>3305.179032887332</ele></trkpt><trkpt lat="36.52006" lon="-118.34860000000003"><ele>3306.0637061299317</ele></trkpt><trkpt lat="36.51958" lon="-118.34870999999998"><ele>3313.8583573345095</ele></trkpt><trkpt lat="36.51926" lon="-118.34886"><ele>3319.8678506668657</ele></trkpt><trkpt lat="36.51907" lon="-118.34899000000001"><ele>3322.47417797707</ele></trkpt><trkpt lat="36.51904" lon="-118.34906000000001"><ele>3322.6440107358108</ele></trkpt><trkpt lat="36.51894" lon="-118.34906000000001"><ele>3324.5529452385626</ele></trkpt><trkpt lat="36.51895" lon="-118.34897000000001"><ele>3326.320951743458</ele></trkpt><trkpt lat="36.51891" lon="-118.34887000000003"><ele>3329.0</ele></trkpt><trkpt lat="36.51878" lon="-118.34893"><ele>3331.0</ele></trkpt><trkpt lat="36.51852" lon="-118.34897999999998"><ele>3335.0</ele></trkpt><trkpt lat="36.51845" lon="-118.34913"><ele>3334.0</ele></trkpt><trkpt lat="36.5184" lon="-118.34917000000002"><ele>3332.6733557451516</ele></trkpt><trkpt lat="36.5184" lon="-118.34917000000002"><ele>3332.6733557451516</ele></trkpt><trkpt lat="36.51835" lon="-118.34919000000002"><ele>3330.2851954544894</ele></trkpt><trkpt lat="36.51827" lon="-118.34929999999997"><ele>3327.686502749305</ele></trkpt><trkpt lat="36.51824" lon="-118.34929999999997"><ele>3326.395204603672</ele></trkpt><trkpt lat="36.51815" lon="-118.34869000000003"><ele>3322.176253017038</ele></trkpt><trkpt lat="36.51807" lon="-118.34848999999997"><ele>3320.059682052413</ele></trkpt><trkpt lat="36.51805" lon="-118.34890999999999"><ele>3317.2029345691217</ele></trkpt><trkpt lat="36.51797" lon="-118.34928000000002"><ele>3313.0</ele></trkpt><trkpt lat="36.51796" lon="-118.34929"><ele>3313.1716017778963</ele></trkpt><trkpt lat="36.51793" lon="-118.34911"><ele>3311.4188413619995</ele></trkpt><trkpt lat="36.51786" lon="-118.34892000000002"><ele>3310.0</ele></trkpt><trkpt lat="36.51784" lon="-118.34890000000001"><ele>3309.19991068542</ele></trkpt><trkpt lat="36.51781" lon="-118.34890999999999"><ele>3308.2474779710383</ele></trkpt><trkpt lat="36.51772" lon="-118.34933999999998"><ele>3304.6220162669442</ele></trkpt><trkpt lat="36.51745" lon="-118.34987000000001"><ele>3300.5846145581454</ele></trkpt><trkpt lat="36.51743" lon="-118.34983999999997"><ele>3299.0</ele></trkpt><trkpt lat="36.51745" lon="-118.34969999999998"><ele>3297.5846145581454</ele></trkpt><trkpt lat="36.51741" lon="-118.34935999999999"><ele>3294.265103450045</ele></trkpt><trkpt lat="36.51738" lon="-118.34935999999999"><ele>3293.2279693637965</ele></trkpt><trkpt lat="36.51729" lon="-118.34955000000002"><ele>3291.3065773230046</ele></trkpt><trkpt lat="36.51718" lon="-118.34962000000002"><ele>3289.5110306364736</ele></trkpt><trkpt lat="36.51718" lon="-118.34947999999997"><ele>3287.0</ele></trkpt><trkpt lat="36.51713" lon="-118.34937000000002"><ele>3285.0</ele></trkpt><trkpt lat="36.51714" lon="-118.34926999999999"><ele>3284.608434841037</ele></trkpt><trkpt lat="36.51711" lon="-118.34924999999998"><ele>3283.8688083663583</ele></trkpt><trkpt lat="36.51706" lon="-118.34938999999997"><ele>3282.8065091674357</ele></trkpt><trkpt lat="36.51696" lon="-118.34944999999999"><ele>3281.107215156497</ele></trkpt><trkpt lat="36.51687" lon="-118.34960000000001"><ele>3281.5888429182664</ele></trkpt><trkpt lat="36.51682" lon="-118.34960000000001"><ele>3280.6186488899402</ele></trkpt><trkpt lat="36.51687" lon="-118.34926999999999"><ele>3275.2279936687173</ele></trkpt><trkpt lat="36.51694" lon="-118.34904"><ele>3275.0109377559274</ele></trkpt><trkpt lat="36.51692" lon="-118.34870000000001"><ele>3272.8511896971613</ele></trkpt><trkpt lat="36.51684" lon="-118.34843000000001"><ele>3269.212200453505</ele></trkpt><trkpt lat="36.51671" lon="-118.34823"><ele>3264.0</ele></trkpt><trkpt lat="36.51665" lon="-118.34820000000002"><ele>3262.194620227441</ele></trkpt><trkpt lat="36.51631" lon="-118.34785"><ele>3254.479017859325</ele></trkpt><trkpt lat="36.51601" lon="-118.34737999999999"><ele>3246.0</ele></trkpt><trkpt lat="36.51589" lon="-118.34728000000001"><ele>3242.124569825828</ele></trkpt><trkpt lat="36.51574" lon="-118.34721000000002"><ele>3238.0</ele></trkpt><trkpt lat="36.51557" lon="-118.34703999999999"><ele>3233.0</ele></trkpt><trkpt lat="36.51554" lon="-118.34698000000003"><ele>3232.0</ele></trkpt><trkpt lat="36.51542" lon="-118.34698000000003"><ele>3229.0</ele></trkpt><trkpt lat="36.51528" lon="-118.34680000000003"><ele>3226.0</ele></trkpt><trkpt lat="36.51517" lon="-118.34674999999999"><ele>3223.3743949960917</ele></trkpt><trkpt lat="36.51512" lon="-118.34668999999997"><ele>3222.475091725588</ele></trkpt><trkpt lat="36.5148" lon="-118.34647999999999"><ele>3216.0</ele></trkpt><trkpt lat="36.51466" lon="-118.34640999999999"><ele>3215.0</ele></trkpt><trkpt lat="36.51455" lon="-118.34641999999997"><ele>3214.0</ele></trkpt><trkpt lat="36.51445" lon="-118.34647999999999"><ele>3211.918874081479</ele></trkpt><trkpt lat="36.51437" lon="-118.34644000000003"><ele>3210.9949904868404</ele></trkpt><trkpt lat="36.51417" lon="-118.34647000000001"><ele>3208.0</ele></trkpt><trkpt lat="36.5137" lon="-118.34641999999997"><ele>3203.0</ele></trkpt><trkpt lat="36.51348" lon="-118.34632999999997"><ele>3202.0</ele></trkpt><trkpt lat="36.51333" lon="-118.34623999999997"><ele>3201.0</ele></trkpt><trkpt lat="36.51313" lon="-118.34618999999998"><ele>3200.0</ele></trkpt><trkpt lat="36.51304" lon="-118.34613999999999"><ele>3199.3211547281176</ele></trkpt><trkpt lat="36.51294" lon="-118.34614999999997"><ele>3199.0</ele></trkpt><trkpt lat="36.5127" lon="-118.34595999999999"><ele>3199.0</ele></trkpt><trkpt lat="36.51259" lon="-118.34598"><ele>3198.0</ele></trkpt><trkpt lat="36.51219" lon="-118.34589"><ele>3198.0</ele></trkpt><trkpt lat="36.51206" lon="-118.34591"><ele>3197.0143635877866</ele></trkpt><trkpt lat="36.51181" lon="-118.34586000000002"><ele>3196.853605573175</ele></trkpt><trkpt lat="36.5117" lon="-118.34577999999999"><ele>3196.505524776882</ele></trkpt><trkpt lat="36.51152" lon="-118.34581000000003"><ele>3195.0</ele></trkpt><trkpt lat="36.51134" lon="-118.3458"><ele>3194.0</ele></trkpt><trkpt lat="36.51126" lon="-118.34577000000002"><ele>3194.0</ele></trkpt><trkpt lat="36.51118" lon="-118.34572000000003"><ele>3194.0</ele></trkpt><trkpt lat="36.51061" lon="-118.34519999999998"><ele>3192.0</ele></trkpt><trkpt lat="36.51044" lon="-118.34499"><ele>3191.0</ele></trkpt><trkpt lat="36.51032" lon="-118.34473000000003"><ele>3190.0</ele></trkpt><trkpt lat="36.51032" lon="-118.34473000000003"><ele>3190.0</ele></trkpt><trkpt lat="36.51009" lon="-118.34451000000001"><ele>3187.3319767335556</ele></trkpt><trkpt lat="36.50998" lon="-118.34447999999998"><ele>3186.0</ele></trkpt><trkpt lat="36.50991" lon="-118.34440000000001"><ele>3185.5528035041</ele></trkpt><trkpt lat="36.50964" lon="-118.34420999999998"><ele>3182.0</ele></trkpt><trkpt lat="36.50964" lon="-118.34420999999998"><ele>3182.0</ele></trkpt><trkpt lat="36.50949" lon="-118.34422"><ele>3181.0</ele></trkpt><trkpt lat="36.50904" lon="-118.34406999999999"><ele>3177.0</ele></trkpt><trkpt lat="36.50853" lon="-118.34402999999998"><ele>3174.0</ele></trkpt><trkpt lat="36.50844" lon="-118.34399000000002"><ele>3173.0</ele></trkpt><trkpt lat="36.50827" lon="-118.34410000000003"><ele>3171.7864240848708</ele></trkpt><trkpt lat="36.50823" lon="-118.34409"><ele>3171.0</ele></trkpt><trkpt lat="36.50815" lon="-118.34402999999998"><ele>3171.0</ele></trkpt><trkpt lat="36.50797" lon="-118.34397999999999"><ele>3170.0</ele></trkpt><trkpt lat="36.50774" lon="-118.34375"><ele>3168.0</ele></trkpt><trkpt lat="36.50765" lon="-118.34359"><ele>3167.0</ele></trkpt><trkpt lat="36.50762" lon="-118.34356000000002"><ele>3166.0806573440777</ele></trkpt><trkpt lat="36.50747" lon="-118.34356000000002"><ele>3162.0</ele></trkpt><trkpt lat="36.50733" lon="-118.34339"><ele>3157.6200349266564</ele></trkpt><trkpt lat="36.50727" lon="-118.34339"><ele>3157.0</ele></trkpt><trkpt lat="36.50703" lon="-118.34323"><ele>3157.09610814011</ele></trkpt><trkpt lat="36.50677" lon="-118.34316999999999"><ele>3154.3177192099392</ele></trkpt><trkpt lat="36.50662" lon="-118.34318999999999"><ele>3153.0</ele></trkpt><trkpt lat="36.50648" lon="-118.34312"><ele>3155.6833489825667</ele></trkpt><trkpt lat="36.50635" lon="-118.34320000000002"><ele>3157.033727137372</ele></trkpt><trkpt lat="36.50624" lon="-118.34334000000001"><ele>3158.481204098859</ele></trkpt><trkpt lat="36.50619" lon="-118.34337"><ele>3159.0</ele></trkpt><trkpt lat="36.50606" lon="-118.34338000000002"><ele>3160.0</ele></trkpt><trkpt lat="36.50594" lon="-118.34336000000002"><ele>3161.0</ele></trkpt><trkpt lat="36.50582" lon="-118.34339"><ele>3161.0</ele></trkpt><trkpt lat="36.50543" lon="-118.34328"><ele>3160.0</ele></trkpt><trkpt lat="36.50527" lon="-118.34328"><ele>3160.0</ele></trkpt><trkpt lat="36.5052" lon="-118.34332"><ele>3160.0</ele></trkpt><trkpt lat="36.50509" lon="-118.3433"><ele>3159.0</ele></trkpt><trkpt lat="36.50501" lon="-118.34332"><ele>3159.0</ele></trkpt><trkpt lat="36.50497" lon="-118.34337"><ele>3159.0</ele></trkpt><trkpt lat="36.50474" lon="-118.34348"><ele>3158.0</ele></trkpt><trkpt lat="36.50455" lon="-118.34355"><ele>3158.0</ele></trkpt><trkpt lat="36.50434" lon="-118.34354000000002"><ele>3157.0</ele></trkpt><trkpt lat="36.50424" lon="-118.34363000000002"><ele>3157.0</ele></trkpt><trkpt lat="36.50411" lon="-118.34365000000003"><ele>3157.0</ele></trkpt><trkpt lat="36.50393" lon="-118.34359999999998"><ele>3155.9994469328913</ele></trkpt><trkpt lat="36.50378" lon="-118.34359999999998"><ele>3154.0</ele></trkpt><trkpt lat="36.50348" lon="-118.34366999999997"><ele>3151.1480988134667</ele></trkpt><trkpt lat="36.5033" lon="-118.34364"><ele>3149.0</ele></trkpt><trkpt lat="36.50301" lon="-118.34377999999998"><ele>3144.123448892517</ele></trkpt><trkpt lat="36.50293" lon="-118.34375"><ele>3143.0</ele></trkpt><trkpt lat="36.50264" lon="-118.34374000000003"><ele>3139.0</ele></trkpt><trkpt lat="36.50249" lon="-118.34370000000001"><ele>3137.0</ele></trkpt><trkpt lat="36.50238" lon="-118.34373"><ele>3135.7936514653265</ele></trkpt><trkpt lat="36.50226" lon="-118.34368999999998"><ele>3134.0</ele></trkpt><trkpt lat="36.50196" lon="-118.34370000000001"><ele>3131.0</ele></trkpt><trkpt lat="36.50171" lon="-118.34366999999997"><ele>3128.2474735820174</ele></trkpt><trkpt lat="36.50147" lon="-118.34359999999998"><ele>3124.9984393982527</ele></trkpt><trkpt lat="36.50134" lon="-118.34368999999998"><ele>3122.6911787106656</ele></trkpt><trkpt lat="36.50122" lon="-118.34373"><ele>3119.030763687938</ele></trkpt><trkpt lat="36.50108" lon="-118.34393999999998"><ele>3116.4248292930424</ele></trkpt><trkpt lat="36.50097" lon="-118.34406000000001"><ele>3114.435936000664</ele></trkpt><trkpt lat="36.50087" lon="-118.34411"><ele>3114.0</ele></trkpt><trkpt lat="36.50076" lon="-118.34413"><ele>3111.6092936389286</ele></trkpt><trkpt lat="36.50049" lon="-118.34447999999998"><ele>3104.219396708533</ele></trkpt><trkpt lat="36.50033" lon="-118.34473000000003"><ele>3100.0</ele></trkpt><trkpt lat="36.50033" lon="-118.34473000000003"><ele>3100.0</ele></trkpt><trkpt lat="36.49987" lon="-118.34528"><ele>3086.0803114677115</ele></trkpt><trkpt lat="36.49977" lon="-118.34473000000003"><ele>3077.477527005598</ele></trkpt><trkpt lat="36.49977" lon="-118.34473000000003"><ele>3077.477527005598</ele></trkpt><trkpt lat="36.49973" lon="-118.344"><ele>3068.855397664202</ele></trkpt><trkpt lat="36.49975" lon="-118.34390000000002"><ele>3068.318036166951</ele></trkpt><trkpt lat="36.49972" lon="-118.34359"><ele>3062.5788004677743</ele></trkpt><trkpt lat="36.49971" lon="-118.34355"><ele>3062.0</ele></trkpt><trkpt lat="36.49961" lon="-118.34346"><ele>3059.2016086708754</ele></trkpt><trkpt lat="36.49955" lon="-118.34336000000002"><ele>3056.723144236952</ele></trkpt><trkpt lat="36.4995" lon="-118.34294999999997"><ele>3050.8244259357452</ele></trkpt><trkpt lat="36.49947" lon="-118.34293000000002"><ele>3049.79336322739</ele></trkpt><trkpt lat="36.49944" lon="-118.34296"><ele>3048.345966441557</ele></trkpt><trkpt lat="36.49943" lon="-118.34309000000002"><ele>3046.7662234567106</ele></trkpt><trkpt lat="36.49933" lon="-118.34338000000002"><ele>3043.0</ele></trkpt><trkpt lat="36.49931" lon="-118.34337"><ele>3042.8093134555966</ele></trkpt><trkpt lat="36.49923" lon="-118.34298000000001"><ele>3036.0</ele></trkpt><trkpt lat="36.49923" lon="-118.34278"><ele>3033.9549918901175</ele></trkpt><trkpt lat="36.49928" lon="-118.34266000000002"><ele>3031.261294750031</ele></trkpt><trkpt lat="36.49913" lon="-118.34276999999997"><ele>3027.6915473337285</ele></trkpt><trkpt lat="36.4991" lon="-118.34284000000002"><ele>3027.002782738793</ele></trkpt><trkpt lat="36.49899" lon="-118.34298000000001"><ele>3022.2576061617583</ele></trkpt><trkpt lat="36.49888" lon="-118.34325000000001"><ele>3017.8804744873196</ele></trkpt><trkpt lat="36.49885" lon="-118.34323"><ele>3016.141258329153</ele></trkpt><trkpt lat="36.49884" lon="-118.34307000000001"><ele>3014.692446452592</ele></trkpt><trkpt lat="36.4988" lon="-118.34302000000002"><ele>3012.242566231638</ele></trkpt><trkpt lat="36.49877" lon="-118.3426"><ele>3007.198826226291</ele></trkpt><trkpt lat="36.49858" lon="-118.34287"><ele>3000.0</ele></trkpt><trkpt lat="36.49851" lon="-118.34305"><ele>2997.430188972503</ele></trkpt><trkpt lat="36.49848" lon="-118.34305"><ele>2997.0</ele></trkpt><trkpt lat="36.49847" lon="-118.34302000000002"><ele>2997.0</ele></trkpt><trkpt lat="36.4985" lon="-118.34293000000002"><ele>2996.966220179274</ele></trkpt><trkpt lat="36.49847" lon="-118.34280000000001"><ele>2994.111245324835</ele></trkpt><trkpt lat="36.49847" lon="-118.3426"><ele>2991.1551877226034</ele></trkpt><trkpt lat="36.49832" lon="-118.34183000000002"><ele>2974.415217321366</ele></trkpt><trkpt lat="36.49833" lon="-118.34123999999997"><ele>2965.0143379202036</ele></trkpt><trkpt lat="36.4982" lon="-118.34060999999997"><ele>2960.0</ele></trkpt><trkpt lat="36.4982" lon="-118.34028"><ele>2958.332268094484</ele></trkpt><trkpt lat="36.49816" lon="-118.33994999999999"><ele>2953.910551053694</ele></trkpt><trkpt lat="36.49817" lon="-118.33933000000002"><ele>2947.0</ele></trkpt><trkpt lat="36.49807" lon="-118.33886000000001"><ele>2941.0</ele></trkpt><trkpt lat="36.49795" lon="-118.33855"><ele>2936.0</ele></trkpt><trkpt lat="36.49783" lon="-118.33839"><ele>2934.0083098951727</ele></trkpt><trkpt lat="36.49781" lon="-118.33829000000003"><ele>2933.8488481026143</ele></trkpt><trkpt lat="36.49768" lon="-118.33807999999999"><ele>2930.0</ele></trkpt><trkpt lat="36.49751" lon="-118.33793000000003"><ele>2927.3460217819957</ele></trkpt><trkpt lat="36.49739" lon="-118.33757000000003"><ele>2923.0</ele></trkpt><trkpt lat="36.49735" lon="-118.33753999999999"><ele>2922.0</ele></trkpt><trkpt lat="36.49725" lon="-118.33756"><ele>2920.700631167054</ele></trkpt><trkpt lat="36.49696" lon="-118.33778999999998"><ele>2915.0</ele></trkpt><trkpt lat="36.49676" lon="-118.33785999999998"><ele>2912.0</ele></trkpt><trkpt lat="36.49665" lon="-118.33798999999999"><ele>2910.3323788352313</ele></trkpt><trkpt lat="36.49661" lon="-118.33796999999998"><ele>2909.1750315553923</ele></trkpt><trkpt lat="36.49644" lon="-118.33753999999999"><ele>2902.2481440812453</ele></trkpt><trkpt lat="36.49644" lon="-118.33753999999999"><ele>2902.2481440812453</ele></trkpt><trkpt lat="36.49639" lon="-118.33749"><ele>2901.0</ele></trkpt><trkpt lat="36.49639" lon="-118.33749"><ele>2901.0</ele></trkpt><trkpt lat="36.49627" lon="-118.33740999999998"><ele>2903.0</ele></trkpt><trkpt lat="36.49624" lon="-118.33729"><ele>2904.0</ele></trkpt><trkpt lat="36.49634" lon="-118.33703000000003"><ele>2904.4876900790705</ele></trkpt><trkpt lat="36.49638" lon="-118.33674000000002"><ele>2908.0</ele></trkpt><trkpt lat="36.49649" lon="-118.33659"><ele>2909.8996613273875</ele></trkpt><trkpt lat="36.49657" lon="-118.33641"><ele>2911.079903999809</ele></trkpt><trkpt lat="36.49657" lon="-118.33636000000001"><ele>2912.0</ele></trkpt><trkpt lat="36.49645" lon="-118.33596999999997"><ele>2914.0</ele></trkpt><trkpt lat="36.49641" lon="-118.33553"><ele>2915.0</ele></trkpt><trkpt lat="36.49647" lon="-118.33506"><ele>2915.0</ele></trkpt><trkpt lat="36.49664" lon="-118.33428000000004"><ele>2917.3379018090113</ele></trkpt><trkpt lat="36.49667" lon="-118.33366999999998"><ele>2921.0</ele></trkpt><trkpt lat="36.49661" lon="-118.33290999999997"><ele>2924.0</ele></trkpt><trkpt lat="36.49655" lon="-118.33281999999997"><ele>2925.0</ele></trkpt><trkpt lat="36.49652" lon="-118.33269000000001"><ele>2926.0</ele></trkpt><trkpt lat="36.49651" lon="-118.33184"><ele>2928.0</ele></trkpt><trkpt lat="36.49659" lon="-118.33158000000003"><ele>2929.899052266304</ele></trkpt><trkpt lat="36.49664" lon="-118.33110999999997"><ele>2935.076183614235</ele></trkpt><trkpt lat="36.49682" lon="-118.33078999999998"><ele>2934.995845764691</ele></trkpt><trkpt lat="36.49684" lon="-118.33067"><ele>2935.7435953853046</ele></trkpt><trkpt lat="36.49682" lon="-118.33055999999999"><ele>2936.0</ele></trkpt><trkpt lat="36.4968" lon="-118.33044999999998"><ele>2936.951398141882</ele></trkpt><trkpt lat="36.49665" lon="-118.33008000000001"><ele>2938.3677549946997</ele></trkpt><trkpt lat="36.49657" lon="-118.33001000000002"><ele>2939.0</ele></trkpt><trkpt lat="36.49623" lon="-118.32974999999999"><ele>2940.0</ele></trkpt><trkpt lat="36.49571" lon="-118.32966999999996"><ele>2943.0</ele></trkpt><trkpt lat="36.49571" lon="-118.32966999999996"><ele>2943.0</ele></trkpt><trkpt lat="36.49571" lon="-118.32966999999996"><ele>2943.0</ele></trkpt><trkpt lat="36.49559" lon="-118.32956000000001"><ele>2944.0</ele></trkpt><trkpt lat="36.49545" lon="-118.32933000000003"><ele>2946.0</ele></trkpt><trkpt lat="36.49513" lon="-118.32895000000002"><ele>2948.87477720481</ele></trkpt><trkpt lat="36.4951" lon="-118.32875000000001"><ele>2951.0</ele></trkpt><trkpt lat="36.49494" lon="-118.32870000000003"><ele>2953.391946665477</ele></trkpt><trkpt lat="36.49473" lon="-118.32843000000003"><ele>2957.0</ele></trkpt><trkpt lat="36.49465" lon="-118.32816000000003"><ele>2960.0</ele></trkpt><trkpt lat="36.49463" lon="-118.32788"><ele>2961.3022856977295</ele></trkpt><trkpt lat="36.49443" lon="-118.32762000000002"><ele>2964.0</ele></trkpt><trkpt lat="36.49441" lon="-118.32751000000002"><ele>2964.0</ele></trkpt><trkpt lat="36.49435" lon="-118.32738999999998"><ele>2964.0</ele></trkpt><trkpt lat="36.49396" lon="-118.32686999999999"><ele>2968.0</ele></trkpt><trkpt lat="36.49402" lon="-118.32637999999997"><ele>2968.0</ele></trkpt><trkpt lat="36.49393" lon="-118.32596999999998"><ele>2970.0308761265765</ele></trkpt><trkpt lat="36.49388" lon="-118.32559000000003"><ele>2971.0</ele></trkpt><trkpt lat="36.49387" lon="-118.32553999999999"><ele>2971.5592847596854</ele></trkpt><trkpt lat="36.49374" lon="-118.32535999999999"><ele>2973.0953956823796</ele></trkpt><trkpt lat="36.49361" lon="-118.32504"><ele>2978.0</ele></trkpt><trkpt lat="36.49356" lon="-118.3247"><ele>2980.0</ele></trkpt><trkpt lat="36.49362" lon="-118.32434"><ele>2982.0</ele></trkpt><trkpt lat="36.49363" lon="-118.32412999999997"><ele>2982.0</ele></trkpt><trkpt lat="36.49374" lon="-118.32389"><ele>2985.0</ele></trkpt><trkpt lat="36.49382" lon="-118.32346999999999"><ele>2986.0584197592825</ele></trkpt><trkpt lat="36.49377" lon="-118.32330000000002"><ele>2988.0</ele></trkpt><trkpt lat="36.49378" lon="-118.32317"><ele>2989.0</ele></trkpt><trkpt lat="36.49395" lon="-118.32303000000002"><ele>2989.0</ele></trkpt><trkpt lat="36.494" lon="-118.32292000000001"><ele>2990.0</ele></trkpt><trkpt lat="36.49405" lon="-118.32274999999998"><ele>2992.0</ele></trkpt><trkpt lat="36.49405" lon="-118.32274999999998"><ele>2992.0</ele></trkpt><trkpt lat="36.49417" lon="-118.32256999999998"><ele>2993.0</ele></trkpt><trkpt lat="36.49442" lon="-118.32236"><ele>2994.8573617776856</ele></trkpt><trkpt lat="36.49463" lon="-118.32195999999999"><ele>2998.0</ele></trkpt><trkpt lat="36.49471" lon="-118.32191"><ele>2998.0</ele></trkpt><trkpt lat="36.49473" lon="-118.32166000000001"><ele>3001.0</ele></trkpt><trkpt lat="36.49467" lon="-118.32143000000002"><ele>3004.1829390898347</ele></trkpt><trkpt lat="36.49459" lon="-118.32139999999998"><ele>3006.8205952141434</ele></trkpt><trkpt lat="36.49452" lon="-118.32143000000002"><ele>3007.1985031096265</ele></trkpt><trkpt lat="36.49442" lon="-118.32139999999998"><ele>3010.0</ele></trkpt><trkpt lat="36.49437" lon="-118.32130999999998"><ele>3012.454080195638</ele></trkpt><trkpt lat="36.49437" lon="-118.32105999999999"><ele>3016.0</ele></trkpt><trkpt lat="36.49423" lon="-118.3211"><ele>3019.0</ele></trkpt><trkpt lat="36.49417" lon="-118.3211"><ele>3020.0971618209987</ele></trkpt><trkpt lat="36.49407" lon="-118.32101999999998"><ele>3022.0</ele></trkpt><trkpt lat="36.49401" lon="-118.32087000000001"><ele>3024.1314388369274</ele></trkpt><trkpt lat="36.49402" lon="-118.32062000000002"><ele>3027.0</ele></trkpt><trkpt lat="36.49399" lon="-118.32051999999999"><ele>3028.0</ele></trkpt><trkpt lat="36.49396124997617" lon="-118.32046609370536"><ele>3029.0</ele></trkpt><trkpt lat="36.49396124997617" lon="-118.32046609370536"><ele>3029.0</ele></trkpt><trkpt lat="36.49383" lon="-118.32022"><ele>3032.0</ele></trkpt><trkpt lat="36.49366" lon="-118.32002"><ele>3034.0</ele></trkpt><trkpt lat="36.49351" lon="-118.31993"><ele>3036.0</ele></trkpt><trkpt lat="36.49327" lon="-118.31965000000002"><ele>3038.0</ele></trkpt><trkpt lat="36.49291" lon="-118.31934000000001"><ele>3037.5995626659133</ele></trkpt><trkpt lat="36.49273" lon="-118.31939"><ele>3038.0</ele></trkpt><trkpt lat="36.49264" lon="-118.31938000000002"><ele>3038.0</ele></trkpt><trkpt lat="36.4926" lon="-118.31932"><ele>3038.4355382476583</ele></trkpt><trkpt lat="36.49233" lon="-118.31907999999999"><ele>3042.0</ele></trkpt><trkpt lat="36.49218" lon="-118.31902000000002"><ele>3043.0</ele></trkpt><trkpt lat="36.49202" lon="-118.31902000000002"><ele>3043.0</ele></trkpt><trkpt lat="36.49197" lon="-118.31905"><ele>3044.0</ele></trkpt><trkpt lat="36.49197" lon="-118.31905"><ele>3044.0</ele></trkpt><trkpt lat="36.49182" lon="-118.31916000000001"><ele>3043.0</ele></trkpt><trkpt lat="36.49163" lon="-118.31918999999999"><ele>3046.0</ele></trkpt><trkpt lat="36.49162" lon="-118.31914999999998"><ele>3046.454204445705</ele></trkpt><trkpt lat="36.49175" lon="-118.31887999999998"><ele>3051.474539100306</ele></trkpt><trkpt lat="36.49174" lon="-118.31884000000002"><ele>3052.0</ele></trkpt><trkpt lat="36.49171" lon="-118.31889000000001"><ele>3051.5710826665163</ele></trkpt><trkpt lat="36.49131" lon="-118.31914999999998"><ele>3056.9603718277067</ele></trkpt><trkpt lat="36.49103" lon="-118.31950999999998"><ele>3060.7388267944325</ele></trkpt><trkpt lat="36.49084" lon="-118.31984999999997"><ele>3063.0</ele></trkpt><trkpt lat="36.4903" lon="-118.32065999999998"><ele>3075.9591035996445</ele></trkpt><trkpt lat="36.49025" lon="-118.32085000000001"><ele>3079.3134457200676</ele></trkpt><trkpt lat="36.49029" lon="-118.32105000000001"><ele>3080.008074520369</ele></trkpt><trkpt lat="36.49026" lon="-118.32144"><ele>3082.8729801064874</ele></trkpt><trkpt lat="36.49031" lon="-118.32217000000003"><ele>3091.0</ele></trkpt><trkpt lat="36.49029" lon="-118.32220999999998"><ele>3090.8478684453294</ele></trkpt><trkpt lat="36.49019" lon="-118.32217000000003"><ele>3091.0</ele></trkpt><trkpt lat="36.49005" lon="-118.32177999999999"><ele>3096.0</ele></trkpt><trkpt lat="36.48997" lon="-118.32171"><ele>3097.0</ele></trkpt><trkpt lat="36.48983" lon="-118.32141999999999"><ele>3100.916977177721</ele></trkpt><trkpt lat="36.48973" lon="-118.32139999999998"><ele>3102.818157339486</ele></trkpt><trkpt lat="36.48962" lon="-118.32146"><ele>3105.940441469466</ele></trkpt><trkpt lat="36.48965" lon="-118.32112000000001"><ele>3108.120446962655</ele></trkpt><trkpt lat="36.48944" lon="-118.32099"><ele>3113.106453848953</ele></trkpt><trkpt lat="36.48912" lon="-118.32107000000002"><ele>3117.024280889891</ele></trkpt><trkpt lat="36.48903" lon="-118.32114000000001"><ele>3117.0</ele></trkpt><trkpt lat="36.48893" lon="-118.32117"><ele>3117.0</ele></trkpt><trkpt lat="36.4888" lon="-118.32128"><ele>3118.0</ele></trkpt><trkpt lat="36.48866" lon="-118.32127000000003"><ele>3120.3449564459734</ele></trkpt><trkpt lat="36.48862" lon="-118.32139000000001"><ele>3121.0558837491617</ele></trkpt><trkpt lat="36.48866" lon="-118.32154000000003"><ele>3121.0</ele></trkpt><trkpt lat="36.48866" lon="-118.32175999999998"><ele>3122.0</ele></trkpt><trkpt lat="36.48861" lon="-118.32189"><ele>3124.6409621013913</ele></trkpt><trkpt lat="36.48854" lon="-118.32182999999998"><ele>3124.0</ele></trkpt><trkpt lat="36.48835" lon="-118.32141000000001"><ele>3128.543014600873</ele></trkpt><trkpt lat="36.4883" lon="-118.32139000000001"><ele>3130.9650048860185</ele></trkpt><trkpt lat="36.48822" lon="-118.32148999999998"><ele>3133.0</ele></trkpt><trkpt lat="36.48796" lon="-118.32127000000003"><ele>3135.443015339204</ele></trkpt><trkpt lat="36.4879" lon="-118.32125000000002"><ele>3136.259145382886</ele></trkpt><trkpt lat="36.4879" lon="-118.32157999999998"><ele>3141.922550342839</ele></trkpt><trkpt lat="36.48788" lon="-118.32164"><ele>3142.4628904509514</ele></trkpt><trkpt lat="36.48781" lon="-118.32170000000002"><ele>3142.615591110196</ele></trkpt><trkpt lat="36.4878" lon="-118.32175999999998"><ele>3142.0</ele></trkpt><trkpt lat="36.48788" lon="-118.32199000000003"><ele>3142.0</ele></trkpt><trkpt lat="36.4879" lon="-118.32231999999999"><ele>3143.0</ele></trkpt><trkpt lat="36.48786" lon="-118.32247999999998"><ele>3142.985762699374</ele></trkpt><trkpt lat="36.48781" lon="-118.32258999999999"><ele>3144.0</ele></trkpt><trkpt lat="36.4876" lon="-118.32274999999998"><ele>3149.0173052754253</ele></trkpt><trkpt lat="36.4876" lon="-118.32274999999998"><ele>3149.0173052754253</ele></trkpt><trkpt lat="36.48726" lon="-118.32292000000001"><ele>3155.0</ele></trkpt><trkpt lat="36.48725" lon="-118.32281999999998"><ele>3157.0</ele></trkpt><trkpt lat="36.48728" lon="-118.32274999999998"><ele>3157.0</ele></trkpt><trkpt lat="36.48728" lon="-118.32274999999998"><ele>3157.0</ele></trkpt><trkpt lat="36.48735" lon="-118.32247999999998"><ele>3158.1347679672267</ele></trkpt><trkpt lat="36.48732" lon="-118.32238000000001"><ele>3159.22910213268</ele></trkpt><trkpt lat="36.48705" lon="-118.32227"><ele>3163.8517788741137</ele></trkpt><trkpt lat="36.48685" lon="-118.32211000000001"><ele>3165.0</ele></trkpt><trkpt lat="36.48673" lon="-118.32191"><ele>3166.0</ele></trkpt><trkpt lat="36.48656" lon="-118.32186999999999"><ele>3168.0</ele></trkpt><trkpt lat="36.48633" lon="-118.32164"><ele>3170.0</ele></trkpt><trkpt lat="36.48627" lon="-118.32159999999999"><ele>3170.0</ele></trkpt><trkpt lat="36.48611" lon="-118.32155999999998"><ele>3172.0</ele></trkpt><trkpt lat="36.48603" lon="-118.32144"><ele>3173.0</ele></trkpt><trkpt lat="36.48592" lon="-118.32141999999999"><ele>3174.0</ele></trkpt><trkpt lat="36.48589" lon="-118.32137999999998"><ele>3174.0</ele></trkpt><trkpt lat="36.48589" lon="-118.32130999999998"><ele>3174.6824636672973</ele></trkpt><trkpt lat="36.48585" lon="-118.32123999999999"><ele>3175.0</ele></trkpt><trkpt lat="36.48573" lon="-118.32116000000002"><ele>3172.4599641000227</ele></trkpt><trkpt lat="36.48568" lon="-118.32105999999999"><ele>3171.3049987974387</ele></trkpt><trkpt lat="36.4856" lon="-118.32085999999998"><ele>3170.0533106289804</ele></trkpt><trkpt lat="36.48556" lon="-118.32064000000003"><ele>3171.7387776748496</ele></trkpt><trkpt lat="36.48545" lon="-118.32045"><ele>3171.0</ele></trkpt><trkpt lat="36.48543" lon="-118.32024000000001"><ele>3172.0</ele></trkpt><trkpt lat="36.48538" lon="-118.32013999999998"><ele>3172.0</ele></trkpt><trkpt lat="36.48536" lon="-118.31995999999998"><ele>3172.7472877017262</ele></trkpt><trkpt lat="36.48525" lon="-118.31957"><ele>3172.0</ele></trkpt><trkpt lat="36.48522" lon="-118.31952999999999"><ele>3171.027065994218</ele></trkpt><trkpt lat="36.48511" lon="-118.31947000000002"><ele>3170.0</ele></trkpt><trkpt lat="36.48508" lon="-118.31925000000001"><ele>3169.0</ele></trkpt><trkpt lat="36.48498" lon="-118.31894"><ele>3169.0</ele></trkpt><trkpt lat="36.48484" lon="-118.31882000000002"><ele>3169.0</ele></trkpt><trkpt lat="36.48468527934337" lon="-118.31873296963067"><ele>3169.8892282908782</ele></trkpt><trkpt lat="36.48477912213705" lon="-118.3187857561802"><ele>3169.0</ele></trkpt><trkpt lat="36.48468" lon="-118.31873000000002"><ele>3170.0</ele></trkpt><trkpt lat="36.48464" lon="-118.31866000000002"><ele>3170.0</ele></trkpt><trkpt lat="36.48465" lon="-118.31855999999999"><ele>3171.0</ele></trkpt><trkpt lat="36.48459" lon="-118.31822999999997"><ele>3173.0</ele></trkpt><trkpt lat="36.48454" lon="-118.31810000000002"><ele>3173.387751109898</ele></trkpt><trkpt lat="36.48457" lon="-118.31803000000002"><ele>3174.2280451169636</ele></trkpt><trkpt lat="36.48465" lon="-118.31795999999997"><ele>3175.998938051839</ele></trkpt><trkpt lat="36.48466" lon="-118.31788"><ele>3177.0</ele></trkpt><trkpt lat="36.4846" lon="-118.31786999999997"><ele>3177.919819025045</ele></trkpt><trkpt lat="36.48452" lon="-118.31779"><ele>3178.377902833643</ele></trkpt><trkpt lat="36.48441" lon="-118.31776000000002"><ele>3179.0</ele></trkpt><trkpt lat="36.48435" lon="-118.3177"><ele>3180.0</ele></trkpt><trkpt lat="36.48426" lon="-118.31736000000001"><ele>3183.0</ele></trkpt><trkpt lat="36.4842" lon="-118.31727000000001"><ele>3184.0</ele></trkpt><trkpt lat="36.48418" lon="-118.31707"><ele>3185.0</ele></trkpt><trkpt lat="36.48413" lon="-118.31696"><ele>3186.0</ele></trkpt><trkpt lat="36.48393" lon="-118.31687999999997"><ele>3188.436357790753</ele></trkpt><trkpt lat="36.48375" lon="-118.31689"><ele>3190.139003687604</ele></trkpt><trkpt lat="36.48347" lon="-118.31682999999998"><ele>3195.5740408892743</ele></trkpt><trkpt lat="36.4834" lon="-118.31669"><ele>3197.052650174487</ele></trkpt><trkpt lat="36.48327" lon="-118.31659000000002"><ele>3198.0</ele></trkpt><trkpt lat="36.48298" lon="-118.31644"><ele>3198.1426370783206</ele></trkpt><trkpt lat="36.48288" lon="-118.31646999999998"><ele>3199.0</ele></trkpt><trkpt lat="36.48272" lon="-118.31633"><ele>3201.9850558618723</ele></trkpt><trkpt lat="36.48238" lon="-118.31646999999998"><ele>3206.0</ele></trkpt><trkpt lat="36.48226" lon="-118.31639000000001"><ele>3209.0</ele></trkpt><trkpt lat="36.4819" lon="-118.31632000000002"><ele>3212.0</ele></trkpt><trkpt lat="36.48173" lon="-118.31601999999998"><ele>3213.8228726297502</ele></trkpt><trkpt lat="36.48162" lon="-118.31592"><ele>3213.9831146663055</ele></trkpt><trkpt lat="36.48151" lon="-118.31587000000002"><ele>3214.0</ele></trkpt><trkpt lat="36.48105" lon="-118.31576000000001"><ele>3215.0</ele></trkpt><trkpt lat="36.48099" lon="-118.31560000000002"><ele>3217.7595072335716</ele></trkpt><trkpt lat="36.481" lon="-118.31555000000003"><ele>3218.2263644430786</ele></trkpt><trkpt lat="36.48083" lon="-118.31519000000003"><ele>3221.0</ele></trkpt><trkpt lat="36.48076" lon="-118.31475"><ele>3224.5165852867067</ele></trkpt><trkpt lat="36.4808" lon="-118.31462999999997"><ele>3226.084728999442</ele></trkpt><trkpt lat="36.48077" lon="-118.31448"><ele>3227.008847294967</ele></trkpt><trkpt lat="36.4808" lon="-118.31443000000002"><ele>3228.0</ele></trkpt><trkpt lat="36.48101" lon="-118.31447000000003"><ele>3232.0</ele></trkpt><trkpt lat="36.48122" lon="-118.31435999999997"><ele>3236.6843840018846</ele></trkpt><trkpt lat="36.48141" lon="-118.31448999999998"><ele>3237.0</ele></trkpt><trkpt lat="36.48151" lon="-118.31448999999998"><ele>3238.0</ele></trkpt><trkpt lat="36.48167" lon="-118.31459000000001"><ele>3238.0</ele></trkpt><trkpt lat="36.48174" lon="-118.31459000000001"><ele>3238.0</ele></trkpt><trkpt lat="36.48183" lon="-118.31448999999998"><ele>3241.0</ele></trkpt><trkpt lat="36.48225" lon="-118.31455"><ele>3243.9792790997703</ele></trkpt><trkpt lat="36.48262" lon="-118.31466"><ele>3249.7995023019826</ele></trkpt><trkpt lat="36.48268" lon="-118.31465000000003"><ele>3251.0</ele></trkpt><trkpt lat="36.48269" lon="-118.31461999999999"><ele>3251.0</ele></trkpt><trkpt lat="36.48258" lon="-118.31452999999999"><ele>3253.0</ele></trkpt><trkpt lat="36.4824" lon="-118.31425999999999"><ele>3257.427479052916</ele></trkpt><trkpt lat="36.48232" lon="-118.31403"><ele>3261.0</ele></trkpt><trkpt lat="36.48214" lon="-118.31387000000001"><ele>3263.0</ele></trkpt><trkpt lat="36.48198" lon="-118.31358999999998"><ele>3264.0</ele></trkpt><trkpt lat="36.48198" lon="-118.31355000000002"><ele>3264.433119998779</ele></trkpt><trkpt lat="36.48201" lon="-118.31353000000001"><ele>3265.0</ele></trkpt><trkpt lat="36.48207" lon="-118.31353000000001"><ele>3266.1625998496647</ele></trkpt><trkpt lat="36.4821" lon="-118.31349999999998"><ele>3267.0</ele></trkpt><trkpt lat="36.4821" lon="-118.3127"><ele>3275.0084664885453</ele></trkpt><trkpt lat="36.48207" lon="-118.31229000000002"><ele>3277.4452502485365</ele></trkpt><trkpt lat="36.48211" lon="-118.31216999999998"><ele>3279.0</ele></trkpt><trkpt lat="36.48207" lon="-118.31169"><ele>3284.05138306589</ele></trkpt><trkpt lat="36.48209" lon="-118.31141000000002"><ele>3288.0</ele></trkpt><trkpt lat="36.48205" lon="-118.31133999999997"><ele>3287.0</ele></trkpt><trkpt lat="36.48195" lon="-118.31135"><ele>3287.4899778081594</ele></trkpt><trkpt lat="36.48193" lon="-118.31121999999999"><ele>3289.0062795950407</ele></trkpt><trkpt lat="36.48195" lon="-118.31110999999999"><ele>3291.0</ele></trkpt><trkpt lat="36.48191" lon="-118.31103000000002"><ele>3291.0</ele></trkpt><trkpt lat="36.48188" lon="-118.31078000000002"><ele>3294.2268970039418</ele></trkpt><trkpt lat="36.48179" lon="-118.31056000000001"><ele>3295.8253656959373</ele></trkpt><trkpt lat="36.48176" lon="-118.31043"><ele>3296.9140958744915</ele></trkpt><trkpt lat="36.48177" lon="-118.31009"><ele>3300.03873318331</ele></trkpt><trkpt lat="36.48172" lon="-118.30966000000001"><ele>3303.0</ele></trkpt><trkpt lat="36.48173" lon="-118.30939999999998"><ele>3305.0</ele></trkpt><trkpt lat="36.48176" lon="-118.30921999999998"><ele>3306.107744462003</ele></trkpt><trkpt lat="36.48175" lon="-118.30903"><ele>3307.0</ele></trkpt><trkpt lat="36.48185" lon="-118.30878999999999"><ele>3310.0</ele></trkpt><trkpt lat="36.48181" lon="-118.30856"><ele>3310.375336775556</ele></trkpt><trkpt lat="36.48182" lon="-118.30851000000001"><ele>3310.954947894439</ele></trkpt><trkpt lat="36.48197" lon="-118.30815000000001"><ele>3314.9679439412694</ele></trkpt><trkpt lat="36.48222" lon="-118.30768999999998"><ele>3322.0</ele></trkpt><trkpt lat="36.48233" lon="-118.30734000000001"><ele>3324.92248082633</ele></trkpt><trkpt lat="36.48244" lon="-118.30713000000003"><ele>3326.332510305618</ele></trkpt><trkpt lat="36.48257" lon="-118.30662999999998"><ele>3325.4259952213615</ele></trkpt><trkpt lat="36.48261" lon="-118.30637000000002"><ele>3325.7444628961384</ele></trkpt><trkpt lat="36.48276" lon="-118.30608000000001"><ele>3327.0</ele></trkpt><trkpt lat="36.48276" lon="-118.30579999999998"><ele>3326.0</ele></trkpt><trkpt lat="36.48282" lon="-118.30507999999998"><ele>3326.0</ele></trkpt><trkpt lat="36.48274" lon="-118.30482999999998"><ele>3326.0</ele></trkpt><trkpt lat="36.48268" lon="-118.30444999999997"><ele>3326.0</ele></trkpt><trkpt lat="36.48271" lon="-118.30424"><ele>3327.0</ele></trkpt><trkpt lat="36.4827" lon="-118.30408999999997"><ele>3327.0</ele></trkpt><trkpt lat="36.4826" lon="-118.30376000000001"><ele>3328.0</ele></trkpt><trkpt lat="36.48259" lon="-118.30356"><ele>3328.0</ele></trkpt><trkpt lat="36.48255" lon="-118.30342000000002"><ele>3328.0</ele></trkpt><trkpt lat="36.48248" lon="-118.30329999999998"><ele>3329.0</ele></trkpt><trkpt lat="36.48242" lon="-118.30304999999998"><ele>3330.0</ele></trkpt><trkpt lat="36.4822" lon="-118.30259000000001"><ele>3331.221838260383</ele></trkpt><trkpt lat="36.4821" lon="-118.30246"><ele>3332.0</ele></trkpt><trkpt lat="36.48198" lon="-118.30216999999999"><ele>3334.0</ele></trkpt><trkpt lat="36.48173" lon="-118.30187000000001"><ele>3335.0</ele></trkpt><trkpt lat="36.48161" lon="-118.30165999999997"><ele>3336.0</ele></trkpt><trkpt lat="36.48157" lon="-118.30153000000001"><ele>3337.0</ele></trkpt><trkpt lat="36.48141" lon="-118.30122"><ele>3339.0</ele></trkpt><trkpt lat="36.48132" lon="-118.30110000000002"><ele>3340.0</ele></trkpt><trkpt lat="36.48118" lon="-118.30099999999999"><ele>3341.0</ele></trkpt><trkpt lat="36.48108" lon="-118.30078000000003"><ele>3343.0</ele></trkpt><trkpt lat="36.48108" lon="-118.30078000000003"><ele>3343.0</ele></trkpt><trkpt lat="36.4808" lon="-118.30038000000002"><ele>3346.0</ele></trkpt><trkpt lat="36.4807" lon="-118.29997000000003"><ele>3347.0</ele></trkpt><trkpt lat="36.48056" lon="-118.29962"><ele>3347.0</ele></trkpt><trkpt lat="36.48036" lon="-118.29894999999999"><ele>3347.0</ele></trkpt><trkpt lat="36.48008" lon="-118.29829999999998"><ele>3345.0</ele></trkpt><trkpt lat="36.47983" lon="-118.29786999999999"><ele>3344.0</ele></trkpt><trkpt lat="36.4797" lon="-118.29759000000001"><ele>3345.0</ele></trkpt><trkpt lat="36.47948" lon="-118.29672"><ele>3346.0</ele></trkpt><trkpt lat="36.4795" lon="-118.29651000000001"><ele>3346.771626106235</ele></trkpt><trkpt lat="36.47947" lon="-118.29635000000002"><ele>3347.0</ele></trkpt><trkpt lat="36.47949" lon="-118.29611999999997"><ele>3347.0</ele></trkpt><trkpt lat="36.47948" lon="-118.29541999999998"><ele>3348.0</ele></trkpt><trkpt lat="36.47946" lon="-118.29507000000001"><ele>3348.1687974631786</ele></trkpt><trkpt lat="36.47938" lon="-118.29471999999998"><ele>3347.0</ele></trkpt><trkpt lat="36.47941" lon="-118.2944"><ele>3346.0</ele></trkpt><trkpt lat="36.4795" lon="-118.29419999999999"><ele>3345.0</ele></trkpt><trkpt lat="36.47979" lon="-118.29374999999999"><ele>3346.0</ele></trkpt><trkpt lat="36.47981" lon="-118.29359"><ele>3346.0</ele></trkpt><trkpt lat="36.47984" lon="-118.29354000000001"><ele>3346.0</ele></trkpt><trkpt lat="36.47987" lon="-118.29341"><ele>3345.0</ele></trkpt><trkpt lat="36.48004" lon="-118.29314999999997"><ele>3344.0</ele></trkpt><trkpt lat="36.48012" lon="-118.29309"><ele>3343.457827072095</ele></trkpt><trkpt lat="36.48017" lon="-118.29293999999999"><ele>3343.0</ele></trkpt><trkpt lat="36.4802" lon="-118.29272000000003"><ele>3343.0</ele></trkpt><trkpt lat="36.48018" lon="-118.29257999999999"><ele>3342.0</ele></trkpt><trkpt lat="36.48018" lon="-118.29244"><ele>3343.0</ele></trkpt><trkpt lat="36.48013" lon="-118.29232999999999"><ele>3343.0</ele></trkpt><trkpt lat="36.48008" lon="-118.29194000000001"><ele>3344.0</ele></trkpt><trkpt lat="36.48011" lon="-118.29187000000002"><ele>3345.0</ele></trkpt><trkpt lat="36.48031" lon="-118.29070000000002"><ele>3347.0</ele></trkpt><trkpt lat="36.48032" lon="-118.28985999999998"><ele>3348.0</ele></trkpt><trkpt lat="36.48031" lon="-118.28971999999999"><ele>3348.9916124450974</ele></trkpt><trkpt lat="36.48035" lon="-118.28956"><ele>3349.0</ele></trkpt><trkpt lat="36.48054" lon="-118.28926000000001"><ele>3349.0</ele></trkpt><trkpt lat="36.48064" lon="-118.28899000000001"><ele>3349.0</ele></trkpt><trkpt lat="36.48075" lon="-118.28883000000002"><ele>3348.531381334178</ele></trkpt><trkpt lat="36.4807" lon="-118.28863999999999"><ele>3348.0</ele></trkpt><trkpt lat="36.48069" lon="-118.28816999999998"><ele>3347.0</ele></trkpt><trkpt lat="36.48058" lon="-118.28769"><ele>3345.0</ele></trkpt><trkpt lat="36.4806" lon="-118.28710999999998"><ele>3342.0</ele></trkpt><trkpt lat="36.48066" lon="-118.28683999999998"><ele>3340.569715061037</ele></trkpt><trkpt lat="36.48052" lon="-118.28645"><ele>3337.0</ele></trkpt><trkpt lat="36.48028" lon="-118.28634999999997"><ele>3336.0</ele></trkpt><trkpt lat="36.47992" lon="-118.28604000000001"><ele>3334.830177873373</ele></trkpt><trkpt lat="36.47931" lon="-118.2851"><ele>3336.0</ele></trkpt><trkpt lat="36.47918" lon="-118.28471000000002"><ele>3336.0</ele></trkpt><trkpt lat="36.47922" lon="-118.28403000000003"><ele>3336.0</ele></trkpt><trkpt lat="36.4792" lon="-118.28358000000003"><ele>3337.914160652838</ele></trkpt><trkpt lat="36.47941" lon="-118.28255999999999"><ele>3339.0</ele></trkpt><trkpt lat="36.47952" lon="-118.28233"><ele>3338.0</ele></trkpt><trkpt lat="36.47962" lon="-118.28224"><ele>3338.0</ele></trkpt><trkpt lat="36.47968" lon="-118.28213"><ele>3338.6542592501346</ele></trkpt><trkpt lat="36.48005" lon="-118.28075000000001"><ele>3341.0</ele></trkpt><trkpt lat="36.4801" lon="-118.28062"><ele>3341.0</ele></trkpt><trkpt lat="36.48032" lon="-118.28023999999999"><ele>3342.0</ele></trkpt><trkpt lat="36.48041" lon="-118.28005000000002"><ele>3342.0</ele></trkpt><trkpt lat="36.48049" lon="-118.27996000000002"><ele>3343.0</ele></trkpt><trkpt lat="36.48078" lon="-118.27951999999999"><ele>3343.675791895017</ele></trkpt><trkpt lat="36.48109" lon="-118.27881000000002"><ele>3346.0</ele></trkpt><trkpt lat="36.48109" lon="-118.27881000000002"><ele>3346.0</ele></trkpt><trkpt lat="36.48123" lon="-118.27846"><ele>3347.0</ele></trkpt><trkpt lat="36.48123" lon="-118.27810999999997"><ele>3345.0</ele></trkpt><trkpt lat="36.48105" lon="-118.2774"><ele>3343.0</ele></trkpt><trkpt lat="36.48104" lon="-118.27714000000003"><ele>3343.449895471178</ele></trkpt><trkpt lat="36.48094" lon="-118.27672000000001"><ele>3344.8438369277383</ele></trkpt><trkpt lat="36.48066" lon="-118.27591000000001"><ele>3347.0</ele></trkpt><trkpt lat="36.48052" lon="-118.27553999999998"><ele>3349.0</ele></trkpt><trkpt lat="36.48045" lon="-118.27544"><ele>3350.0</ele></trkpt><trkpt lat="36.48042" lon="-118.27528000000001"><ele>3352.0</ele></trkpt><trkpt lat="36.48024" lon="-118.27517999999998"><ele>3351.2281740344233</ele></trkpt><trkpt lat="36.48007" lon="-118.27501999999998"><ele>3353.0</ele></trkpt><trkpt lat="36.47954" lon="-118.27445999999998"><ele>3356.0</ele></trkpt><trkpt lat="36.47914" lon="-118.27391"><ele>3357.9209710200284</ele></trkpt><trkpt lat="36.47879" lon="-118.27300000000002"><ele>3362.0</ele></trkpt><trkpt lat="36.4787" lon="-118.27271999999999"><ele>3362.0</ele></trkpt><trkpt lat="36.4787" lon="-118.27199000000002"><ele>3366.1199070215225</ele></trkpt><trkpt lat="36.4787" lon="-118.27199000000002"><ele>3366.1199070215225</ele></trkpt><trkpt lat="36.47871" lon="-118.27134000000001"><ele>3368.6994948815554</ele></trkpt><trkpt lat="36.47879" lon="-118.27093000000002"><ele>3371.336200444028</ele></trkpt><trkpt lat="36.47891" lon="-118.27061000000003"><ele>3374.2912677638233</ele></trkpt><trkpt lat="36.47904" lon="-118.27039000000002"><ele>3376.85467326861</ele></trkpt><trkpt lat="36.47949" lon="-118.26997"><ele>3379.5916764447466</ele></trkpt><trkpt lat="36.47961" lon="-118.26977999999997"><ele>3381.0</ele></trkpt><trkpt lat="36.47968" lon="-118.26956999999999"><ele>3380.91987269558</ele></trkpt><trkpt lat="36.4796" lon="-118.26877000000002"><ele>3385.0941005091795</ele></trkpt><trkpt lat="36.47965" lon="-118.26832000000002"><ele>3388.0</ele></trkpt><trkpt lat="36.47981" lon="-118.26799"><ele>3391.144108014415</ele></trkpt><trkpt lat="36.47983" lon="-118.26765"><ele>3390.0</ele></trkpt><trkpt lat="36.47978" lon="-118.26734999999996"><ele>3390.0</ele></trkpt><trkpt lat="36.47971" lon="-118.2672"><ele>3389.82922001454</ele></trkpt><trkpt lat="36.4794" lon="-118.26675999999998"><ele>3391.0051662232727</ele></trkpt><trkpt lat="36.47833" lon="-118.26547"><ele>3393.083404194203</ele></trkpt><trkpt lat="36.47786" lon="-118.26483999999999"><ele>3395.7081567031328</ele></trkpt><trkpt lat="36.47781" lon="-118.26476000000002"><ele>3397.211921776645</ele></trkpt><trkpt lat="36.47772" lon="-118.26438999999999"><ele>3402.0</ele></trkpt><trkpt lat="36.47753" lon="-118.26405999999997"><ele>3403.885432757792</ele></trkpt><trkpt lat="36.47748" lon="-118.26391000000001"><ele>3406.0</ele></trkpt><trkpt lat="36.4774" lon="-118.26351999999997"><ele>3413.0000853267625</ele></trkpt><trkpt lat="36.47735" lon="-118.26339000000002"><ele>3414.883479161625</ele></trkpt><trkpt lat="36.47694" lon="-118.26261"><ele>3424.0</ele></trkpt><trkpt lat="36.47681" lon="-118.26242000000002"><ele>3424.263825776987</ele></trkpt><trkpt lat="36.47647" lon="-118.26207999999997"><ele>3429.095208870072</ele></trkpt><trkpt lat="36.4763" lon="-118.26198"><ele>3428.7741527228573</ele></trkpt><trkpt lat="36.47614" lon="-118.26173"><ele>3433.273963661384</ele></trkpt><trkpt lat="36.47589" lon="-118.26144999999997"><ele>3435.121348281906</ele></trkpt><trkpt lat="36.47552" lon="-118.26094999999998"><ele>3439.62801079399</ele></trkpt><trkpt lat="36.47509" lon="-118.26051999999999"><ele>3444.8102435558103</ele></trkpt><trkpt lat="36.47482" lon="-118.2604"><ele>3447.4026488885283</ele></trkpt><trkpt lat="36.4746" lon="-118.26026000000002"><ele>3447.927121776622</ele></trkpt><trkpt lat="36.47431" lon="-118.26030000000003"><ele>3449.0629866654053</ele></trkpt><trkpt lat="36.47431" lon="-118.26030000000003"><ele>3449.0629866654053</ele></trkpt><trkpt lat="36.47406" lon="-118.26015999999998"><ele>3453.6696411937533</ele></trkpt><trkpt lat="36.47373" lon="-118.26017999999999"><ele>3452.0</ele></trkpt><trkpt lat="36.47361" lon="-118.26008000000002"><ele>3453.3157297773287</ele></trkpt><trkpt lat="36.47357" lon="-118.25997999999998"><ele>3455.777263076976</ele></trkpt><trkpt lat="36.4735" lon="-118.25993"><ele>3455.822640147894</ele></trkpt><trkpt lat="36.4735" lon="-118.25986"><ele>3457.678792296356</ele></trkpt><trkpt lat="36.47344" lon="-118.25981000000002"><ele>3457.9257103925147</ele></trkpt><trkpt lat="36.47331" lon="-118.25936000000002"><ele>3463.0</ele></trkpt><trkpt lat="36.47321" lon="-118.25909999999999"><ele>3465.0</ele></trkpt><trkpt lat="36.47316" lon="-118.25905"><ele>3464.012602910421</ele></trkpt><trkpt lat="36.47314" lon="-118.25891999999999"><ele>3465.0</ele></trkpt><trkpt lat="36.47314" lon="-118.25882000000001"><ele>3465.8806380033493</ele></trkpt><trkpt lat="36.47297" lon="-118.25812000000002"><ele>3470.668040331132</ele></trkpt><trkpt lat="36.47285" lon="-118.25786"><ele>3472.7918229769853</ele></trkpt><trkpt lat="36.47278" lon="-118.25774999999999"><ele>3473.901599999983</ele></trkpt><trkpt lat="36.47262" lon="-118.25763"><ele>3474.367705227522</ele></trkpt><trkpt lat="36.4725" lon="-118.25756999999999"><ele>3475.060992530857</ele></trkpt><trkpt lat="36.47239" lon="-118.25756999999999"><ele>3476.2902080006897</ele></trkpt><trkpt lat="36.47214" lon="-118.2575"><ele>3479.5524444449693</ele></trkpt><trkpt lat="36.47188" lon="-118.25731000000002"><ele>3482.4070862215012</ele></trkpt><trkpt lat="36.47185" lon="-118.25727"><ele>3483.0</ele></trkpt><trkpt lat="36.47187" lon="-118.25684000000001"><ele>3481.0</ele></trkpt><trkpt lat="36.47187" lon="-118.25684000000001"><ele>3481.0</ele></trkpt><trkpt lat="36.47191" lon="-118.25671"><ele>3481.0</ele></trkpt><trkpt lat="36.47207" lon="-118.25644999999997"><ele>3481.936635593907</ele></trkpt><trkpt lat="36.47211" lon="-118.25623999999999"><ele>3480.727299555205</ele></trkpt><trkpt lat="36.47215" lon="-118.25617"><ele>3480.2352877533235</ele></trkpt><trkpt lat="36.47214" lon="-118.25605999999999"><ele>3479.0</ele></trkpt><trkpt lat="36.47226" lon="-118.25585999999998"><ele>3477.0158695417904</ele></trkpt><trkpt lat="36.47228" lon="-118.25572999999997"><ele>3474.95957688801</ele></trkpt><trkpt lat="36.47283" lon="-118.25509"><ele>3464.926115354875</ele></trkpt><trkpt lat="36.47305" lon="-118.25466"><ele>3460.0624593202033</ele></trkpt><trkpt lat="36.47319" lon="-118.25432999999998"><ele>3459.0</ele></trkpt><trkpt lat="36.47323" lon="-118.2543"><ele>3460.193114411086</ele></trkpt><trkpt lat="36.47328" lon="-118.25418000000002"><ele>3461.9942927155644</ele></trkpt><trkpt lat="36.4734" lon="-118.25409000000002"><ele>3465.4517997307644</ele></trkpt><trkpt lat="36.47344" lon="-118.25400000000002"><ele>3466.267058901489</ele></trkpt><trkpt lat="36.47344" lon="-118.25383999999997"><ele>3467.267058901489</ele></trkpt><trkpt lat="36.47352" lon="-118.25369"><ele>3469.0</ele></trkpt><trkpt lat="36.47354" lon="-118.25356999999997"><ele>3469.0</ele></trkpt><trkpt lat="36.47359" lon="-118.25344000000001"><ele>3469.0</ele></trkpt><trkpt lat="36.47356" lon="-118.2534"><ele>3469.0</ele></trkpt><trkpt lat="36.47337" lon="-118.25333"><ele>3467.2982581404062</ele></trkpt><trkpt lat="36.47329" lon="-118.25326000000001"><ele>3467.0</ele></trkpt><trkpt lat="36.47327" lon="-118.25319000000002"><ele>3467.4147454630584</ele></trkpt><trkpt lat="36.47334" lon="-118.2527"><ele>3474.0</ele></trkpt><trkpt lat="36.47337" lon="-118.25261"><ele>3474.327322657122</ele></trkpt><trkpt lat="36.47346" lon="-118.25248999999997"><ele>3475.426156019792</ele></trkpt><trkpt lat="36.47352" lon="-118.25209000000001"><ele>3471.9034491702914</ele></trkpt><trkpt lat="36.47362" lon="-118.2518"><ele>3471.698943739757</ele></trkpt><trkpt lat="36.47363" lon="-118.25149999999996"><ele>3470.2784936074167</ele></trkpt><trkpt lat="36.47359" lon="-118.25137999999998"><ele>3469.0</ele></trkpt><trkpt lat="36.47357" lon="-118.25117999999998"><ele>3470.0687361664545</ele></trkpt><trkpt lat="36.47326" lon="-118.25099"><ele>3466.0</ele></trkpt><trkpt lat="36.47301" lon="-118.25092000000001"><ele>3464.202670221217</ele></trkpt><trkpt lat="36.47294" lon="-118.25096000000002"><ele>3463.0</ele></trkpt><trkpt lat="36.4729" lon="-118.25094999999999"><ele>3463.0</ele></trkpt><trkpt lat="36.47287" lon="-118.25094000000001"><ele>3463.0630278884328</ele></trkpt><trkpt lat="36.47282" lon="-118.25080000000003"><ele>3464.0</ele></trkpt><trkpt lat="36.47274" lon="-118.25074999999998"><ele>3463.6988481562585</ele></trkpt><trkpt lat="36.47261" lon="-118.25076000000001"><ele>3460.9438405712194</ele></trkpt><trkpt lat="36.47249" lon="-118.2507"><ele>3460.569934600169</ele></trkpt><trkpt lat="36.4724" lon="-118.25069000000002"><ele>3459.9214471098967</ele></trkpt><trkpt lat="36.47226" lon="-118.25072999999998"><ele>3458.8876865090842</ele></trkpt><trkpt lat="36.47168" lon="-118.25078000000002"><ele>3457.532498793907</ele></trkpt><trkpt lat="36.47122" lon="-118.25119999999998"><ele>3453.4845015769033</ele></trkpt><trkpt lat="36.47094" lon="-118.25133"><ele>3453.0</ele></trkpt><trkpt lat="36.47085" lon="-118.25132000000002"><ele>3453.0</ele></trkpt><trkpt lat="36.4704" lon="-118.25135999999998"><ele>3455.0</ele></trkpt><trkpt lat="36.4702" lon="-118.25132000000002"><ele>3456.0</ele></trkpt><trkpt lat="36.4698" lon="-118.25132000000002"><ele>3459.0</ele></trkpt><trkpt lat="36.46971" lon="-118.25125000000003"><ele>3460.0</ele></trkpt><trkpt lat="36.46954" lon="-118.25121000000001"><ele>3462.0</ele></trkpt><trkpt lat="36.46928" lon="-118.25108"><ele>3462.792171391667</ele></trkpt><trkpt lat="36.46893" lon="-118.25110000000001"><ele>3462.0827931472704</ele></trkpt><trkpt lat="36.4688" lon="-118.25107000000003"><ele>3462.7127464341165</ele></trkpt><trkpt lat="36.46833" lon="-118.25074999999998"><ele>3467.015974295417</ele></trkpt><trkpt lat="36.46825" lon="-118.25054999999998"><ele>3468.491465093568</ele></trkpt><trkpt lat="36.46821" lon="-118.25056000000001"><ele>3467.1734269652516</ele></trkpt><trkpt lat="36.46819" lon="-118.25049000000001"><ele>3467.014408348128</ele></trkpt><trkpt lat="36.46823" lon="-118.25036999999998"><ele>3468.0</ele></trkpt><trkpt lat="36.46815" lon="-118.25034"><ele>3468.0</ele></trkpt><trkpt lat="36.46811" lon="-118.25027999999998"><ele>3468.0</ele></trkpt><trkpt lat="36.4681" lon="-118.25015000000002"><ele>3470.8163847572705</ele></trkpt><trkpt lat="36.46803" lon="-118.25000999999997"><ele>3470.8999348538155</ele></trkpt><trkpt lat="36.4679" lon="-118.24982999999997"><ele>3470.0</ele></trkpt><trkpt lat="36.46764" lon="-118.24921"><ele>3468.126576295747</ele></trkpt><trkpt lat="36.46748" lon="-118.24898999999999"><ele>3464.869441209361</ele></trkpt><trkpt lat="36.46736" lon="-118.24867999999998"><ele>3463.543963734355</ele></trkpt><trkpt lat="36.46729" lon="-118.24860999999999"><ele>3461.8588801138103</ele></trkpt><trkpt lat="36.46728682766131" lon="-118.24859096596788"><ele>3461.6750422958285</ele></trkpt><trkpt lat="36.46727535927135" lon="-118.24852215562521"><ele>3461.0104463025928</ele></trkpt><trkpt lat="36.46727" lon="-118.24849"><ele>3461.834594715341</ele></trkpt><trkpt lat="36.46715" lon="-118.24823000000004"><ele>3461.745852364227</ele></trkpt><trkpt lat="36.46706" lon="-118.24790999999999"><ele>3462.5303422622383</ele></trkpt><trkpt lat="36.46691" lon="-118.24766999999997"><ele>3459.0</ele></trkpt><trkpt lat="36.46681" lon="-118.24734999999998"><ele>3456.0428459700197</ele></trkpt><trkpt lat="36.46678" lon="-118.24709999999999"><ele>3455.3043495547026</ele></trkpt><trkpt lat="36.46666" lon="-118.24658999999997"><ele>3454.350370619446</ele></trkpt><trkpt lat="36.46653" lon="-118.24622"><ele>3454.860581984007</ele></trkpt><trkpt lat="36.46651" lon="-118.24604"><ele>3456.0</ele></trkpt><trkpt lat="36.46629" lon="-118.24558000000002"><ele>3454.9148915023443</ele></trkpt><trkpt lat="36.4663" lon="-118.24543"><ele>3456.0</ele></trkpt><trkpt lat="36.46628" lon="-118.24536999999998"><ele>3456.0</ele></trkpt><trkpt lat="36.46618" lon="-118.24514999999997"><ele>3454.53456251882</ele></trkpt><trkpt lat="36.46604" lon="-118.24504000000002"><ele>3452.0</ele></trkpt><trkpt lat="36.46598" lon="-118.24493000000001"><ele>3450.9446933045983</ele></trkpt><trkpt lat="36.46582" lon="-118.24457999999998"><ele>3448.0</ele></trkpt><trkpt lat="36.46576" lon="-118.24430000000001"><ele>3449.0</ele></trkpt><trkpt lat="36.46549" lon="-118.24376999999998"><ele>3454.0</ele></trkpt><trkpt lat="36.46515" lon="-118.24353000000002"><ele>3457.60163199855</ele></trkpt><trkpt lat="36.46501" lon="-118.24349000000001"><ele>3456.8580285548646</ele></trkpt><trkpt lat="36.46474" lon="-118.24333000000001"><ele>3459.0</ele></trkpt><trkpt lat="36.46463" lon="-118.24329"><ele>3458.9388923078554</ele></trkpt><trkpt lat="36.4641" lon="-118.24286000000001"><ele>3461.0</ele></trkpt><trkpt lat="36.46356" lon="-118.24250999999998"><ele>3461.749446411791</ele></trkpt><trkpt lat="36.46305" lon="-118.24237"><ele>3465.0</ele></trkpt><trkpt lat="36.46293" lon="-118.24225999999999"><ele>3466.0</ele></trkpt><trkpt lat="36.46278" lon="-118.24193000000002"><ele>3468.0853308906785</ele></trkpt><trkpt lat="36.46261" lon="-118.24148000000002"><ele>3469.091432455708</ele></trkpt><trkpt lat="36.46234" lon="-118.24112000000002"><ele>3467.014297258109</ele></trkpt><trkpt lat="36.46219" lon="-118.24090000000001"><ele>3467.32232305035</ele></trkpt><trkpt lat="36.46212" lon="-118.24072999999999"><ele>3468.024236637734</ele></trkpt><trkpt lat="36.46169" lon="-118.24020999999999"><ele>3468.349197136238</ele></trkpt><trkpt lat="36.46141" lon="-118.23950000000002"><ele>3473.051377948501</ele></trkpt><trkpt lat="36.46127" lon="-118.23937000000001"><ele>3474.0</ele></trkpt><trkpt lat="36.46095" lon="-118.23915999999997"><ele>3473.4693136438727</ele></trkpt><trkpt lat="36.4606" lon="-118.23847999999998"><ele>3469.9583581747775</ele></trkpt><trkpt lat="36.46051" lon="-118.23825999999997"><ele>3469.1960668592505</ele></trkpt><trkpt lat="36.4604" lon="-118.23791"><ele>3470.307258968661</ele></trkpt><trkpt lat="36.46028" lon="-118.23773"><ele>3470.547211437486</ele></trkpt><trkpt lat="36.46024" lon="-118.23752999999999"><ele>3472.4772625538662</ele></trkpt><trkpt lat="36.4601" lon="-118.23716000000002"><ele>3474.2158983945847</ele></trkpt><trkpt lat="36.46002" lon="-118.23683"><ele>3476.580310638994</ele></trkpt><trkpt lat="36.45998" lon="-118.23654999999997"><ele>3480.1837620953706</ele></trkpt><trkpt lat="36.4599" lon="-118.23635000000002"><ele>3481.7067301394823</ele></trkpt><trkpt lat="36.45983" lon="-118.23627999999997"><ele>3481.271774035861</ele></trkpt><trkpt lat="36.45984" lon="-118.2362"><ele>3483.323935862865</ele></trkpt><trkpt lat="36.45978" lon="-118.23613999999998"><ele>3482.0003999554215</ele></trkpt><trkpt lat="36.45971" lon="-118.23590999999999"><ele>3484.0</ele></trkpt><trkpt lat="36.45957" lon="-118.23559"><ele>3486.81814387651</ele></trkpt><trkpt lat="36.45955" lon="-118.23550999999998"><ele>3487.582122470421</ele></trkpt><trkpt lat="36.45936" lon="-118.23507999999998"><ele>3488.0</ele></trkpt><trkpt lat="36.45932" lon="-118.23486000000003"><ele>3491.0124849446606</ele></trkpt><trkpt lat="36.45932" lon="-118.23486000000003"><ele>3491.0124849446606</ele></trkpt><trkpt lat="36.45926" lon="-118.23466000000002"><ele>3493.5281405424776</ele></trkpt><trkpt lat="36.45911" lon="-118.23435"><ele>3493.0</ele></trkpt><trkpt lat="36.4589" lon="-118.23363"><ele>3499.6576562179253</ele></trkpt><trkpt lat="36.45876" lon="-118.23331999999999"><ele>3502.0</ele></trkpt><trkpt lat="36.45859" lon="-118.23313999999999"><ele>3501.5837123956258</ele></trkpt><trkpt lat="36.45851" lon="-118.23298999999997"><ele>3502.067695269872</ele></trkpt><trkpt lat="36.45811" lon="-118.23241999999999"><ele>3504.3312259957092</ele></trkpt><trkpt lat="36.45787" lon="-118.23185999999998"><ele>3509.0</ele></trkpt><trkpt lat="36.45765" lon="-118.23171000000002"><ele>3507.2531927842647</ele></trkpt><trkpt lat="36.45757" lon="-118.23160999999999"><ele>3505.617751484737</ele></trkpt><trkpt lat="36.45753" lon="-118.23151000000001"><ele>3505.300032624975</ele></trkpt><trkpt lat="36.45748" lon="-118.2312"><ele>3504.402885735035</ele></trkpt><trkpt lat="36.45748" lon="-118.2312"><ele>3504.402885735035</ele></trkpt><trkpt lat="36.45739121257681" lon="-118.23109148203747"><ele>3502.0719542994075</ele></trkpt><trkpt lat="36.45739" lon="-118.23109"><ele>3502.0653675449403</ele></trkpt><trkpt lat="36.45721" lon="-118.23075"><ele>3504.0</ele></trkpt><trkpt lat="36.45708" lon="-118.23061999999999"><ele>3504.0</ele></trkpt><trkpt lat="36.45702" lon="-118.23061999999999"><ele>3502.812227224721</ele></trkpt><trkpt lat="36.45664" lon="-118.23034000000001"><ele>3504.811817791492</ele></trkpt><trkpt lat="36.45664" lon="-118.23034000000001"><ele>3504.811817791492</ele></trkpt><trkpt lat="36.45642" lon="-118.23019999999997"><ele>3506.824657779187</ele></trkpt><trkpt lat="36.45622" lon="-118.23019"><ele>3507.0</ele></trkpt><trkpt lat="36.45591" lon="-118.22983999999997"><ele>3508.2608662355606</ele></trkpt><trkpt lat="36.45565" lon="-118.22965999999997"><ele>3505.0</ele></trkpt><trkpt lat="36.45538" lon="-118.22956999999997"><ele>3500.0</ele></trkpt><trkpt lat="36.4553" lon="-118.22950000000003"><ele>3499.0</ele></trkpt><trkpt lat="36.45524" lon="-118.22937000000002"><ele>3496.690343643146</ele></trkpt><trkpt lat="36.45525" lon="-118.22933"><ele>3495.0</ele></trkpt><trkpt lat="36.45586" lon="-118.22928000000002"><ele>3489.7638975488953</ele></trkpt><trkpt lat="36.45608" lon="-118.22929999999997"><ele>3487.2323022205383</ele></trkpt><trkpt lat="36.456065383984196" lon="-118.22928051197891"><ele>3486.324094614014</ele></trkpt><trkpt lat="36.456169431470755" lon="-118.22887486382047"><ele>3466.4195202407427</ele></trkpt><trkpt lat="36.456238466063326" lon="-118.22831696434537"><ele>3449.419520240277</ele></trkpt><trkpt lat="36.45627298333658" lon="-118.2276732341818"><ele>3440.0</ele></trkpt><trkpt lat="36.45587603376671" lon="-118.2273513691"><ele>3436.0</ele></trkpt><trkpt lat="36.455358270404815" lon="-118.22707241936246"><ele>3436.4195202407427</ele></trkpt><trkpt lat="36.455271976175126" lon="-118.2270080463461"><ele>3437.0</ele></trkpt><trkpt lat="36.45525951817381" lon="-118.22702956889185"><ele>3437.108370298469</ele></trkpt><trkpt lat="36.45507" lon="-118.22685999999999"><ele>3435.0</ele></trkpt><trkpt lat="36.45505036446539" lon="-118.22685169265844"><ele>3435.0</ele></trkpt><trkpt lat="36.45503920087498" lon="-118.22684696958169"><ele>3434.8927948569467</ele></trkpt><trkpt lat="36.45481" lon="-118.22674999999998"><ele>3433.393688888289</ele></trkpt><trkpt lat="36.45469" lon="-118.22676000000001"><ele>3433.219187006628</ele></trkpt><trkpt lat="36.4543" lon="-118.22658000000001"><ele>3434.9216295357437</ele></trkpt><trkpt lat="36.45429826767673" lon="-118.226580472222"><ele>3434.975766815694</ele></trkpt><trkpt lat="36.45422" lon="-118.22615000000002"><ele>3431.0</ele></trkpt><trkpt lat="36.45418" lon="-118.22604000000001"><ele>3430.30529066734</ele></trkpt><trkpt lat="36.454195597378316" lon="-118.22585803058644"><ele>3428.7432032058227</ele></trkpt><trkpt lat="36.454194780810006" lon="-118.22586755723347"><ele>3428.9482724610716</ele></trkpt><trkpt lat="36.45421" lon="-118.22568999999999"><ele>3426.9280345970637</ele></trkpt><trkpt lat="36.45419216079517" lon="-118.22502994942153"><ele>3421.9766297417955</ele></trkpt><trkpt lat="36.45419216079517" lon="-118.22502994942153"><ele>3421.9766297417955</ele></trkpt><trkpt lat="36.45419" lon="-118.22495000000004"><ele>3422.0</ele></trkpt><trkpt lat="36.45413" lon="-118.22471000000002"><ele>3423.0</ele></trkpt><trkpt lat="36.45408" lon="-118.22459000000003"><ele>3423.0</ele></trkpt><trkpt lat="36.45404" lon="-118.22419000000002"><ele>3423.0836644191295</ele></trkpt><trkpt lat="36.45381" lon="-118.22327000000001"><ele>3424.0</ele></trkpt><trkpt lat="36.45381" lon="-118.22302000000002"><ele>3425.0</ele></trkpt><trkpt lat="36.45371" lon="-118.22284000000002"><ele>3424.0</ele></trkpt><trkpt lat="36.45366" lon="-118.22251"><ele>3424.257433877217</ele></trkpt><trkpt lat="36.45365" lon="-118.22222"><ele>3426.0</ele></trkpt><trkpt lat="36.45368" lon="-118.22185000000002"><ele>3425.0</ele></trkpt><trkpt lat="36.45378" lon="-118.22149999999999"><ele>3423.013937542765</ele></trkpt><trkpt lat="36.45383" lon="-118.22107"><ele>3419.628979349158</ele></trkpt><trkpt lat="36.45379" lon="-118.22095000000002"><ele>3418.0</ele></trkpt><trkpt lat="36.45381" lon="-118.22044"><ele>3416.2471977743126</ele></trkpt><trkpt lat="36.45375" lon="-118.22028"><ele>3414.0</ele></trkpt><trkpt lat="36.45354" lon="-118.22007000000002"><ele>3409.113583229482</ele></trkpt><trkpt lat="36.45342" lon="-118.21985000000001"><ele>3408.0272731021196</ele></trkpt><trkpt lat="36.45308" lon="-118.21954"><ele>3406.0</ele></trkpt><trkpt lat="36.45293" lon="-118.21933999999999"><ele>3405.7703370768577</ele></trkpt><trkpt lat="36.45281" lon="-118.21911999999998"><ele>3402.0</ele></trkpt><trkpt lat="36.45279" lon="-118.21904"><ele>3402.0</ele></trkpt><trkpt lat="36.45279" lon="-118.21895999999998"><ele>3402.879432209184</ele></trkpt><trkpt lat="36.45293" lon="-118.21873"><ele>3403.9160809637233</ele></trkpt><trkpt lat="36.45308" lon="-118.21828"><ele>3400.12435258599</ele></trkpt><trkpt lat="36.45318" lon="-118.21818999999999"><ele>3400.119650350867</ele></trkpt><trkpt lat="36.45328" lon="-118.21798000000001"><ele>3399.6977128525386</ele></trkpt><trkpt lat="36.45331" lon="-118.21780000000001"><ele>3397.0808663726784</ele></trkpt><trkpt lat="36.45365" lon="-118.21721000000002"><ele>3396.388353493009</ele></trkpt><trkpt lat="36.45367" lon="-118.21708000000001"><ele>3396.6457863729447</ele></trkpt><trkpt lat="36.45377" lon="-118.21686999999997"><ele>3396.392113824375</ele></trkpt><trkpt lat="36.4538" lon="-118.21647999999999"><ele>3394.81669374625</ele></trkpt><trkpt lat="36.45368" lon="-118.21620999999999"><ele>3393.0</ele></trkpt><trkpt lat="36.4536" lon="-118.21609999999998"><ele>3393.5500320757137</ele></trkpt><trkpt lat="36.45355" lon="-118.21593999999999"><ele>3394.8123588654967</ele></trkpt><trkpt lat="36.45344" lon="-118.21578"><ele>3395.0</ele></trkpt><trkpt lat="36.45341893528556" lon="-118.21577450485711"><ele>3395.0</ele></trkpt><trkpt lat="36.45342" lon="-118.21577000000002"><ele>3395.0</ele></trkpt><trkpt lat="36.45337" lon="-118.21559000000002"><ele>3395.0</ele></trkpt><trkpt lat="36.45337000000784" lon="-118.21558999999439"><ele>3395.0</ele></trkpt><trkpt lat="36.45344" lon="-118.21554000000003"><ele>3396.0</ele></trkpt><trkpt lat="36.45373" lon="-118.21542"><ele>3398.3774186661467</ele></trkpt><trkpt lat="36.45382" lon="-118.21533999999997"><ele>3397.8677853296</ele></trkpt><trkpt lat="36.45382" lon="-118.21533999999997"><ele>3397.8677853296</ele></trkpt><trkpt lat="36.45389" lon="-118.21527000000003"><ele>3396.3869120017625</ele></trkpt><trkpt lat="36.45402" lon="-118.21524"><ele>3396.9136682511307</ele></trkpt><trkpt lat="36.45413" lon="-118.21518000000003"><ele>3395.250062750992</ele></trkpt><trkpt lat="36.45442" lon="-118.2151"><ele>3389.982804775046</ele></trkpt><trkpt lat="36.45464" lon="-118.21497"><ele>3388.253907036502</ele></trkpt><trkpt lat="36.45463" lon="-118.21492"><ele>3385.3443302102387</ele></trkpt><trkpt lat="36.45427" lon="-118.21492999999998"><ele>3379.6735626300797</ele></trkpt><trkpt lat="36.45425" lon="-118.21488"><ele>3376.21159466682</ele></trkpt><trkpt lat="36.45446" lon="-118.21474999999998"><ele>3373.571832499467</ele></trkpt><trkpt lat="36.45468" lon="-118.21452999999997"><ele>3369.900412443094</ele></trkpt><trkpt lat="36.45477" lon="-118.21434999999997"><ele>3365.8921227790415</ele></trkpt><trkpt lat="36.45514" lon="-118.21380999999997"><ele>3357.881295733598</ele></trkpt><trkpt lat="36.45562" lon="-118.21319"><ele>3350.249275156328</ele></trkpt><trkpt lat="36.4558" lon="-118.21289000000002"><ele>3345.470872889273</ele></trkpt><trkpt lat="36.4558" lon="-118.21289000000002"><ele>3345.470872889273</ele></trkpt><trkpt lat="36.45594" lon="-118.21258"><ele>3342.0040903192844</ele></trkpt><trkpt lat="36.45591" lon="-118.21253000000002"><ele>3339.1270803827792</ele></trkpt><trkpt lat="36.45547" lon="-118.21289000000002"><ele>3333.4100003940985</ele></trkpt><trkpt lat="36.45547" lon="-118.21289000000002"><ele>3333.4100003940985</ele></trkpt><trkpt lat="36.45527" lon="-118.21294999999998"><ele>3329.617934515234</ele></trkpt><trkpt lat="36.45492" lon="-118.21312999999998"><ele>3326.655683554709</ele></trkpt><trkpt lat="36.45483" lon="-118.21321999999998"><ele>3327.7067609066144</ele></trkpt><trkpt lat="36.45475" lon="-118.21325000000002"><ele>3325.4695894876495</ele></trkpt><trkpt lat="36.45431" lon="-118.21334000000002"><ele>3319.442392889876</ele></trkpt><trkpt lat="36.45417" lon="-118.21339999999998"><ele>3317.7075568262785</ele></trkpt><trkpt lat="36.45417" lon="-118.21334999999999"><ele>3316.5595146277155</ele></trkpt><trkpt lat="36.45422" lon="-118.21325000000002"><ele>3315.0</ele></trkpt><trkpt lat="36.45436" lon="-118.21308999999997"><ele>3313.0</ele></trkpt><trkpt lat="36.45454" lon="-118.21296999999998"><ele>3312.199143110309</ele></trkpt><trkpt lat="36.45453" lon="-118.21294"><ele>3310.895452464143</ele></trkpt><trkpt lat="36.45442" lon="-118.21290999999997"><ele>3308.4029404427856</ele></trkpt><trkpt lat="36.45433" lon="-118.21292"><ele>3308.0</ele></trkpt><trkpt lat="36.45412" lon="-118.21303999999998"><ele>3306.8485909599567</ele></trkpt><trkpt lat="36.4541" lon="-118.21299999999997"><ele>3305.3345086764316</ele></trkpt><trkpt lat="36.45411" lon="-118.21294"><ele>3303.801041778177</ele></trkpt><trkpt lat="36.45417" lon="-118.21289000000002"><ele>3303.2900182029216</ele></trkpt><trkpt lat="36.45417" lon="-118.21289000000002"><ele>3303.2900182029216</ele></trkpt><trkpt lat="36.45426" lon="-118.21272999999997"><ele>3301.011903943944</ele></trkpt><trkpt lat="36.45446" lon="-118.21257000000003"><ele>3298.7429342953383</ele></trkpt><trkpt lat="36.45443" lon="-118.21249999999998"><ele>3296.20111296245</ele></trkpt><trkpt lat="36.45427" lon="-118.21260000000001"><ele>3295.97397550037</ele></trkpt><trkpt lat="36.45425" lon="-118.21257000000003"><ele>3294.6688544024805</ele></trkpt><trkpt lat="36.45436" lon="-118.2124"><ele>3292.635217777919</ele></trkpt><trkpt lat="36.45437" lon="-118.21233999999998"><ele>3291.839015110396</ele></trkpt><trkpt lat="36.45424" lon="-118.2124"><ele>3289.8802599392648</ele></trkpt><trkpt lat="36.4542" lon="-118.2124"><ele>3288.7643980484254</ele></trkpt><trkpt lat="36.45421" lon="-118.21235999999999"><ele>3288.0</ele></trkpt><trkpt lat="36.45432" lon="-118.21221000000003"><ele>3287.239630166152</ele></trkpt><trkpt lat="36.45433" lon="-118.21217000000001"><ele>3286.8123305312015</ele></trkpt><trkpt lat="36.45432" lon="-118.21215000000001"><ele>3285.984373333864</ele></trkpt><trkpt lat="36.45425" lon="-118.21215999999998"><ele>3284.5884396784554</ele></trkpt><trkpt lat="36.45411" lon="-118.21228000000002"><ele>3284.0059719375904</ele></trkpt><trkpt lat="36.45395" lon="-118.21235999999999"><ele>3280.7710826667026</ele></trkpt><trkpt lat="36.45346" lon="-118.21228000000002"><ele>3275.020480941769</ele></trkpt><trkpt lat="36.45316" lon="-118.21235000000001"><ele>3271.372074439868</ele></trkpt><trkpt lat="36.45295" lon="-118.21231999999998"><ele>3269.906947554555</ele></trkpt><trkpt lat="36.45295" lon="-118.21226000000001"><ele>3268.1107448898256</ele></trkpt><trkpt lat="36.45313" lon="-118.21208999999999"><ele>3265.4790134026825</ele></trkpt><trkpt lat="36.45309" lon="-118.21204"><ele>3264.034894788507</ele></trkpt><trkpt lat="36.45301" lon="-118.21204999999998"><ele>3264.0</ele></trkpt><trkpt lat="36.45279" lon="-118.21197000000001"><ele>3260.5957653340884</ele></trkpt><trkpt lat="36.45268" lon="-118.21195999999998"><ele>3261.0</ele></trkpt><trkpt lat="36.45237" lon="-118.21176000000003"><ele>3258.5466605091538</ele></trkpt><trkpt lat="36.45229" lon="-118.21154999999999"><ele>3256.0069454045906</ele></trkpt><trkpt lat="36.45221" lon="-118.21143999999998"><ele>3255.0</ele></trkpt><trkpt lat="36.45222" lon="-118.21138000000002"><ele>3254.0</ele></trkpt><trkpt lat="36.45243" lon="-118.2113"><ele>3250.3715022224933</ele></trkpt><trkpt lat="36.45256" lon="-118.21129000000002"><ele>3249.905468445737</ele></trkpt><trkpt lat="36.45259" lon="-118.21125999999998"><ele>3249.0</ele></trkpt><trkpt lat="36.45257" lon="-118.21123"><ele>3248.9217563893717</ele></trkpt><trkpt lat="36.45239" lon="-118.21113000000003"><ele>3246.733774245011</ele></trkpt><trkpt lat="36.45236" lon="-118.21105"><ele>3245.720657778438</ele></trkpt><trkpt lat="36.4524" lon="-118.21100000000001"><ele>3244.390488889534</ele></trkpt><trkpt lat="36.45274" lon="-118.21086000000003"><ele>3240.0</ele></trkpt><trkpt lat="36.45285" lon="-118.21069"><ele>3238.0</ele></trkpt><trkpt lat="36.45292" lon="-118.21062999999998"><ele>3237.0</ele></trkpt><trkpt lat="36.45295" lon="-118.21053999999998"><ele>3236.0</ele></trkpt><trkpt lat="36.45294" lon="-118.21026"><ele>3233.0</ele></trkpt><trkpt lat="36.45291" lon="-118.21019999999999"><ele>3232.0</ele></trkpt><trkpt lat="36.45283" lon="-118.21014000000002"><ele>3230.9837456843265</ele></trkpt><trkpt lat="36.4528" lon="-118.21006999999997"><ele>3229.275798476975</ele></trkpt><trkpt lat="36.45285" lon="-118.20994000000002"><ele>3228.0</ele></trkpt><trkpt lat="36.45308" lon="-118.20969000000002"><ele>3225.9845389736993</ele></trkpt><trkpt lat="36.4531" lon="-118.20960000000002"><ele>3225.675445406346</ele></trkpt><trkpt lat="36.45309" lon="-118.20929000000001"><ele>3220.7393827219494</ele></trkpt><trkpt lat="36.45317" lon="-118.20904000000002"><ele>3219.6913602521026</ele></trkpt><trkpt lat="36.45317" lon="-118.20889"><ele>3217.0</ele></trkpt><trkpt lat="36.45324" lon="-118.20883000000003"><ele>3217.9154777372005</ele></trkpt><trkpt lat="36.45332" lon="-118.20861000000002"><ele>3214.3752226685174</ele></trkpt><trkpt lat="36.45368" lon="-118.20812000000001"><ele>3211.359044495748</ele></trkpt><trkpt lat="36.45365" lon="-118.2081"><ele>3210.0</ele></trkpt><trkpt lat="36.45358" lon="-118.20814000000001"><ele>3209.490811067597</ele></trkpt><trkpt lat="36.45357" lon="-118.20811000000003"><ele>3208.6019780220636</ele></trkpt><trkpt lat="36.45361" lon="-118.20801"><ele>3206.2157726860605</ele></trkpt><trkpt lat="36.45372" lon="-118.20784000000003"><ele>3205.1238151127473</ele></trkpt><trkpt lat="36.45398" lon="-118.20763"><ele>3204.7396448573045</ele></trkpt><trkpt lat="36.454" lon="-118.20758999999998"><ele>3203.472970665898</ele></trkpt><trkpt lat="36.45397" lon="-118.20757000000003"><ele>3202.0150597217707</ele></trkpt><trkpt lat="36.45384" lon="-118.20765"><ele>3201.1334048698136</ele></trkpt><trkpt lat="36.45367" lon="-118.20767999999998"><ele>3198.3130610389635</ele></trkpt><trkpt lat="36.45365" lon="-118.20763"><ele>3196.1641654794225</ele></trkpt><trkpt lat="36.4538" lon="-118.20751999999999"><ele>3196.037511142718</ele></trkpt><trkpt lat="36.45376" lon="-118.20749"><ele>3194.699186041869</ele></trkpt><trkpt lat="36.45355" lon="-118.20756"><ele>3192.7159691802835</ele></trkpt><trkpt lat="36.45353" lon="-118.20751999999999"><ele>3192.0</ele></trkpt><trkpt lat="36.45354" lon="-118.20747"><ele>3190.8941311087624</ele></trkpt><trkpt lat="36.45368" lon="-118.2074"><ele>3190.7042763136105</ele></trkpt><trkpt lat="36.45389" lon="-118.20718"><ele>3188.1435364532754</ele></trkpt><trkpt lat="36.45387" lon="-118.20713999999998"><ele>3185.501450665761</ele></trkpt><trkpt lat="36.45372" lon="-118.20717000000002"><ele>3184.899552001152</ele></trkpt><trkpt lat="36.4537" lon="-118.20713999999998"><ele>3182.8854395565577</ele></trkpt><trkpt lat="36.4537" lon="-118.20709"><ele>3182.0</ele></trkpt><trkpt lat="36.45387" lon="-118.20704"><ele>3181.841112888884</ele></trkpt><trkpt lat="36.45386" lon="-118.20700999999997"><ele>3180.097425230313</ele></trkpt><trkpt lat="36.45382" lon="-118.20699000000002"><ele>3179.0</ele></trkpt><trkpt lat="36.45375" lon="-118.20700999999997"><ele>3179.4430115544237</ele></trkpt><trkpt lat="36.45372" lon="-118.20697999999999"><ele>3178.0243768613527</ele></trkpt><trkpt lat="36.45374" lon="-118.20695"><ele>3177.453796779661</ele></trkpt><trkpt lat="36.45408" lon="-118.20679999999999"><ele>3174.656302221585</ele></trkpt><trkpt lat="36.454" lon="-118.20672000000002"><ele>3169.928032000549</ele></trkpt><trkpt lat="36.45396" lon="-118.20675"><ele>3170.3261333336122</ele></trkpt><trkpt lat="36.4539" lon="-118.20672000000002"><ele>3168.928032000549</ele></trkpt><trkpt lat="36.4539" lon="-118.20664999999997"><ele>3165.6657955539413</ele></trkpt><trkpt lat="36.45422" lon="-118.20658000000003"><ele>3165.4035591129214</ele></trkpt><trkpt lat="36.45428" lon="-118.20652999999999"><ele>3164.073390221689</ele></trkpt><trkpt lat="36.45425" lon="-118.20649000000003"><ele>3162.0</ele></trkpt><trkpt lat="36.45379" lon="-118.20641"><ele>3156.4809848894365</ele></trkpt><trkpt lat="36.45336" lon="-118.20646999999997"><ele>3154.2771875541657</ele></trkpt><trkpt lat="36.45305" lon="-118.20645999999999"><ele>3150.586533006146</ele></trkpt><trkpt lat="36.45296" lon="-118.20641"><ele>3149.0</ele></trkpt><trkpt lat="36.45293" lon="-118.20634999999999"><ele>3147.5275131351127</ele></trkpt><trkpt lat="36.45296" lon="-118.20632"><ele>3146.6494200714696</ele></trkpt><trkpt lat="36.45311" lon="-118.20631000000003"><ele>3147.163688545804</ele></trkpt><trkpt lat="36.45322" lon="-118.20623"><ele>3145.0923768891953</ele></trkpt><trkpt lat="36.45341" lon="-118.20621"><ele>3144.1603093333542</ele></trkpt><trkpt lat="36.45342" lon="-118.20618000000002"><ele>3143.1225565916134</ele></trkpt><trkpt lat="36.45338" lon="-118.20614999999998"><ele>3142.0</ele></trkpt><trkpt lat="36.45321" lon="-118.20609000000002"><ele>3140.9971619702596</ele></trkpt><trkpt lat="36.45326" lon="-118.20601999999997"><ele>3138.3056675540283</ele></trkpt><trkpt lat="36.45342" lon="-118.20601999999997"><ele>3138.3056675540283</ele></trkpt><trkpt lat="36.45319" lon="-118.20591999999999"><ele>3135.6453297771513</ele></trkpt><trkpt lat="36.45317" lon="-118.20586000000003"><ele>3133.849127112888</ele></trkpt><trkpt lat="36.45324" lon="-118.20580999999999"><ele>3132.0</ele></trkpt><trkpt lat="36.45348" lon="-118.20583999999997"><ele>3130.3327220123792</ele></trkpt><trkpt lat="36.45381" lon="-118.20573000000002"><ele>3126.7906880006194</ele></trkpt><trkpt lat="36.45404" lon="-118.2056"><ele>3124.732248889748</ele></trkpt><trkpt lat="36.45432" lon="-118.20537000000002"><ele>3120.316327671596</ele></trkpt><trkpt lat="36.45452" lon="-118.20524999999998"><ele>3120.3769043781995</ele></trkpt><trkpt lat="36.45469" lon="-118.20510999999999"><ele>3119.973636497737</ele></trkpt><trkpt lat="36.45521" lon="-118.20436000000001"><ele>3110.0</ele></trkpt><trkpt lat="36.45527" lon="-118.20424000000003"><ele>3109.0</ele></trkpt><trkpt lat="36.45528" lon="-118.20416"><ele>3108.0</ele></trkpt><trkpt lat="36.45522" lon="-118.20395000000002"><ele>3107.0</ele></trkpt><trkpt lat="36.45508883162593" lon="-118.20323294622176"><ele>3102.0</ele></trkpt><trkpt lat="36.455083534029754" lon="-118.20320398596425"><ele>3102.0</ele></trkpt><trkpt lat="36.45507" lon="-118.20312999999999"><ele>3101.0</ele></trkpt><trkpt lat="36.45495" lon="-118.20283999999998"><ele>3099.0</ele></trkpt><trkpt lat="36.45488" lon="-118.20256"><ele>3096.0437068913384</ele></trkpt><trkpt lat="36.45487" lon="-118.20242999999999"><ele>3095.174411520362</ele></trkpt><trkpt lat="36.45476" lon="-118.20202999999998"><ele>3092.0</ele></trkpt><trkpt lat="36.45455" lon="-118.20155999999997"><ele>3087.0</ele></trkpt><trkpt lat="36.45454" lon="-118.20145000000002"><ele>3086.364461199921</ele></trkpt><trkpt lat="36.45441" lon="-118.20132000000001"><ele>3085.0</ele></trkpt><trkpt lat="36.45427" lon="-118.20132000000001"><ele>3084.0</ele></trkpt><trkpt lat="36.45417" lon="-118.20125999999999"><ele>3082.2916913045497</ele></trkpt><trkpt lat="36.45394" lon="-118.20101"><ele>3078.2896332405508</ele></trkpt><trkpt lat="36.45383" lon="-118.20095000000003"><ele>3076.9162075724453</ele></trkpt><trkpt lat="36.4538" lon="-118.20089999999999"><ele>3076.0</ele></trkpt><trkpt lat="36.45383" lon="-118.20064000000002"><ele>3075.0</ele></trkpt><trkpt lat="36.4538" lon="-118.20023000000003"><ele>3072.0</ele></trkpt><trkpt lat="36.45384" lon="-118.19972000000001"><ele>3068.0</ele></trkpt><trkpt lat="36.45397" lon="-118.19934999999998"><ele>3067.0</ele></trkpt><trkpt lat="36.45409" lon="-118.19888000000003"><ele>3064.0</ele></trkpt><trkpt lat="36.45409" lon="-118.19869"><ele>3063.0</ele></trkpt><trkpt lat="36.45404" lon="-118.19844999999998"><ele>3063.0</ele></trkpt><trkpt lat="36.45388" lon="-118.19803000000002"><ele>3060.0</ele></trkpt><trkpt lat="36.4537" lon="-118.19776000000002"><ele>3060.0</ele></trkpt><trkpt lat="36.45341" lon="-118.19741999999997"><ele>3058.0</ele></trkpt><trkpt lat="36.45332" lon="-118.19713999999999"><ele>3057.0</ele></trkpt><trkpt lat="36.45318" lon="-118.19695000000002"><ele>3055.7118012088736</ele></trkpt><trkpt lat="36.45312" lon="-118.19682"><ele>3054.0</ele></trkpt><trkpt lat="36.45311" lon="-118.19648000000001"><ele>3052.0</ele></trkpt><trkpt lat="36.45302" lon="-118.19614000000001"><ele>3050.0</ele></trkpt><trkpt lat="36.45303" lon="-118.19576999999998"><ele>3048.0</ele></trkpt><trkpt lat="36.45301" lon="-118.19560999999999"><ele>3046.0</ele></trkpt><trkpt lat="36.45291" lon="-118.19537000000003"><ele>3044.0</ele></trkpt><trkpt lat="36.4529" lon="-118.19511"><ele>3043.0</ele></trkpt><trkpt lat="36.45282" lon="-118.19490000000002"><ele>3042.0</ele></trkpt><trkpt lat="36.45279" lon="-118.19459999999998"><ele>3041.0</ele></trkpt><trkpt lat="36.45267" lon="-118.19443000000001"><ele>3039.0</ele></trkpt><trkpt lat="36.45247" lon="-118.19430999999997"><ele>3038.0</ele></trkpt><trkpt lat="36.45222" lon="-118.19382999999999"><ele>3037.0</ele></trkpt><trkpt lat="36.4521" lon="-118.19348000000002"><ele>3035.0</ele></trkpt><trkpt lat="36.45209" lon="-118.19337000000002"><ele>3034.772938667331</ele></trkpt><trkpt lat="36.45219" lon="-118.19326000000001"><ele>3035.8952968325466</ele></trkpt><trkpt lat="36.45219" lon="-118.19319000000002"><ele>3035.8952968325466</ele></trkpt><trkpt lat="36.45218" lon="-118.19310999999999"><ele>3035.315907197073</ele></trkpt><trkpt lat="36.45209" lon="-118.19290000000001"><ele>3035.0</ele></trkpt><trkpt lat="36.45217" lon="-118.19252"><ele>3036.0</ele></trkpt><trkpt lat="36.45225" lon="-118.19234"><ele>3036.371636208147</ele></trkpt><trkpt lat="36.45227" lon="-118.19218999999998"><ele>3037.0</ele></trkpt><trkpt lat="36.45227" lon="-118.19186000000002"><ele>3036.530416596681</ele></trkpt><trkpt lat="36.45223" lon="-118.19160999999997"><ele>3036.212856117636</ele></trkpt><trkpt lat="36.4521" lon="-118.19132000000002"><ele>3035.0</ele></trkpt><trkpt lat="36.45206" lon="-118.19112999999999"><ele>3035.0</ele></trkpt><trkpt lat="36.45208" lon="-118.19092"><ele>3035.0</ele></trkpt><trkpt lat="36.45208" lon="-118.19092"><ele>3035.0</ele></trkpt><trkpt lat="36.45215" lon="-118.19078000000002"><ele>3036.0</ele></trkpt><trkpt lat="36.45244" lon="-118.19038999999998"><ele>3038.0</ele></trkpt><trkpt lat="36.45248" lon="-118.19009"><ele>3038.0</ele></trkpt><trkpt lat="36.45258" lon="-118.18986999999998"><ele>3039.0</ele></trkpt><trkpt lat="36.45263" lon="-118.18968999999998"><ele>3039.0</ele></trkpt><trkpt lat="36.45264" lon="-118.18937"><ele>3040.0</ele></trkpt><trkpt lat="36.45271" lon="-118.18917999999996"><ele>3042.0</ele></trkpt><trkpt lat="36.45267" lon="-118.18882000000002"><ele>3042.0</ele></trkpt><trkpt lat="36.45268" lon="-118.18858"><ele>3041.1549471056387</ele></trkpt><trkpt lat="36.45288" lon="-118.18824000000001"><ele>3040.6092666562536</ele></trkpt><trkpt lat="36.45301" lon="-118.18788"><ele>3040.0</ele></trkpt><trkpt lat="36.45306" lon="-118.18748"><ele>3039.084405368788</ele></trkpt><trkpt lat="36.45305" lon="-118.18684999999999"><ele>3038.0</ele></trkpt><trkpt lat="36.45268" lon="-118.18588999999997"><ele>3036.0</ele></trkpt><trkpt lat="36.45193" lon="-118.18493999999998"><ele>3033.0</ele></trkpt><trkpt lat="36.45163" lon="-118.18470000000002"><ele>3032.0</ele></trkpt><trkpt lat="36.45145" lon="-118.18444999999997"><ele>3031.930654422117</ele></trkpt><trkpt lat="36.45107" lon="-118.18385"><ele>3031.0</ele></trkpt><trkpt lat="36.45086" lon="-118.18322999999998"><ele>3032.0</ele></trkpt><trkpt lat="36.45073" lon="-118.18294000000003"><ele>3032.0</ele></trkpt><trkpt lat="36.45019" lon="-118.1823"><ele>3030.0</ele></trkpt><trkpt lat="36.44953" lon="-118.18123000000003"><ele>3028.0</ele></trkpt><trkpt lat="36.44917" lon="-118.18043"><ele>3026.2536185602853</ele></trkpt><trkpt lat="36.44885" lon="-118.17955999999998"><ele>3025.0</ele></trkpt><trkpt lat="36.44866" lon="-118.17935999999997"><ele>3023.0</ele></trkpt><trkpt lat="36.44837" lon="-118.17925000000002"><ele>3020.6875585290327</ele></trkpt><trkpt lat="36.44827" lon="-118.17917999999997"><ele>3020.0</ele></trkpt><trkpt lat="36.44813" lon="-118.17883"><ele>3019.0</ele></trkpt><trkpt lat="36.44818" lon="-118.17802"><ele>3022.5660436078906</ele></trkpt><trkpt lat="36.44816843568469" lon="-118.17782803236594"><ele>3023.0</ele></trkpt><trkpt lat="36.44816957852848" lon="-118.177847003473"><ele>3023.0</ele></trkpt><trkpt lat="36.44808" lon="-118.17635999999999"><ele>3025.772450124845</ele></trkpt><trkpt lat="36.44815" lon="-118.17597"><ele>3026.7237781074064</ele></trkpt><trkpt lat="36.44815" lon="-118.17597"><ele>3026.7237781074064</ele></trkpt><trkpt lat="36.44815" lon="-118.17597"><ele>3026.7237781074064</ele></trkpt><trkpt lat="36.44818" lon="-118.17527000000001"><ele>3027.0</ele></trkpt><trkpt lat="36.44817" lon="-118.17496"><ele>3027.0</ele></trkpt><trkpt lat="36.44809" lon="-118.17457000000002"><ele>3027.0</ele></trkpt><trkpt lat="36.44808" lon="-118.17413999999997"><ele>3027.0</ele></trkpt><trkpt lat="36.44811" lon="-118.17362000000003"><ele>3027.0</ele></trkpt><trkpt lat="36.44808" lon="-118.17341999999996"><ele>3027.0</ele></trkpt><trkpt lat="36.44811" lon="-118.17302000000001"><ele>3027.0</ele></trkpt><trkpt lat="36.44802" lon="-118.17261000000002"><ele>3027.0</ele></trkpt><trkpt lat="36.44805" lon="-118.17203999999998"><ele>3027.7324158931106</ele></trkpt><trkpt lat="36.44816" lon="-118.17176999999998"><ele>3028.0</ele></trkpt><trkpt lat="36.44831" lon="-118.17147"><ele>3029.0</ele></trkpt><trkpt lat="36.44842" lon="-118.17106000000001"><ele>3029.4980000468477</ele></trkpt><trkpt lat="36.44834" lon="-118.17063999999999"><ele>3029.0</ele></trkpt></trkseg></trk></gpx>