<?xml version="1.0"?>
<gpx xmlns="http://www.topografix.com/GPX/1/1" xmlns:gpxx="http://www.garmin.com/xmlschemas/GpxExtensions/v3" creator="CALTOPO" version="1.1"><metadata><name><![CDATA[Desolation Loop]]></name></metadata><wpt lat="38.87564371750624" lon="-120.15452841278076"><name>Camp 1</name><desc>small wooded area near the shore of Aloha</desc></wpt><wpt lat="38.8771166464014" lon="-120.08044635179797"><name>Glen Alpine Trailhead</name></wpt><wpt lat="38.93535553006506" lon="-120.15452893595884"><name>Camp 2</name><desc>Excellent camping along the shore of Middle Velma</desc></wpt><wpt lat="38.89262880165222" lon="-120.11746038484726"><name>Camp 3</name><desc>Gilmore lake - deep and cold. Easy side hike to Mount Tallac</desc></wpt><trk><name>Desolation Loop: Aloha-Velma</name><trkseg><trkpt lat="38.87711191242256" lon="-120.08046756627567"><ele>1996.0</ele></trkpt><trkpt lat="38.877119999999984" lon="-120.08046000000002"><ele>1996.0</ele></trkpt><trkpt lat="38.87712" lon="-120.08046000000002"><ele>1996.0</ele></trkpt><trkpt lat="38.87712" lon="-120.08046000000002"><ele>1996.0</ele></trkpt><trkpt lat="38.87717" lon="-120.08056999999997"><ele>1996.0</ele></trkpt><trkpt lat="38.87717" lon="-120.08056999999997"><ele>1996.0</ele></trkpt><trkpt lat="38.87723" lon="-120.08076"><ele>1995.0</ele></trkpt><trkpt lat="38.87723" lon="-120.08076"><ele>1995.0</ele></trkpt><trkpt lat="38.87723408258836" lon="-120.08078704714785"><ele>1995.0</ele></trkpt><trkpt lat="38.877235497814674" lon="-120.08079642300311"><ele>1995.0</ele></trkpt><trkpt lat="38.87731" lon="-120.08128999999997"><ele>1995.9391925222938</ele></trkpt><trkpt lat="38.8773" lon="-120.08199000000002"><ele>1995.0</ele></trkpt><trkpt lat="38.87722" lon="-120.08222"><ele>1996.0</ele></trkpt><trkpt lat="38.87701" lon="-120.08248000000003"><ele>1995.6546292072853</ele></trkpt><trkpt lat="38.87695" lon="-120.08262000000002"><ele>1995.499556540217</ele></trkpt><trkpt lat="38.87685" lon="-120.08294999999998"><ele>1996.0</ele></trkpt><trkpt lat="38.87684" lon="-120.08314000000001"><ele>1996.0</ele></trkpt><trkpt lat="38.87683" lon="-120.08347000000003"><ele>1996.0</ele></trkpt><trkpt lat="38.87686" lon="-120.08395999999999"><ele>1997.0</ele></trkpt><trkpt lat="38.87708" lon="-120.08483999999999"><ele>1999.0</ele></trkpt><trkpt lat="38.87707" lon="-120.08494999999999"><ele>1999.0</ele></trkpt><trkpt lat="38.87698" lon="-120.08550000000002"><ele>1999.0</ele></trkpt><trkpt lat="38.87695" lon="-120.08587999999997"><ele>2000.0</ele></trkpt><trkpt lat="38.87676" lon="-120.08663000000001"><ele>2001.0</ele></trkpt><trkpt lat="38.876755434250505" lon="-120.08673044648879"><ele>2002.0</ele></trkpt><trkpt lat="38.876755434250505" lon="-120.08673044648879"><ele>2002.0</ele></trkpt><trkpt lat="38.87675" lon="-120.08685000000003"><ele>2002.0</ele></trkpt><trkpt lat="38.87678" lon="-120.08708000000001"><ele>2003.194220976904</ele></trkpt><trkpt lat="38.87679" lon="-120.08726999999999"><ele>2005.0</ele></trkpt><trkpt lat="38.87665" lon="-120.08771000000002"><ele>2013.0</ele></trkpt><trkpt lat="38.87661" lon="-120.08803999999998"><ele>2017.0174844190478</ele></trkpt><trkpt lat="38.87668" lon="-120.08821"><ele>2018.0</ele></trkpt><trkpt lat="38.87694" lon="-120.08859000000001"><ele>2019.4265706674196</ele></trkpt><trkpt lat="38.8772587851351" lon="-120.08864071581695"><ele>2023.96976191004</ele></trkpt><trkpt lat="38.8772587851351" lon="-120.08864071581695"><ele>2023.96976191004</ele></trkpt><trkpt lat="38.87738" lon="-120.08866"><ele>2026.6888071116991</ele></trkpt><trkpt lat="38.87754" lon="-120.08880999999997"><ele>2028.0</ele></trkpt><trkpt lat="38.87783" lon="-120.08875"><ele>2033.0451045104685</ele></trkpt><trkpt lat="38.87791" lon="-120.08875999999998"><ele>2034.3491448885761</ele></trkpt><trkpt lat="38.87791" lon="-120.08875999999998"><ele>2034.3491448885761</ele></trkpt><trkpt lat="38.87791" lon="-120.08875999999998"><ele>2034.3491448885761</ele></trkpt><trkpt lat="38.878" lon="-120.08879999999999"><ele>2035.3926410083905</ele></trkpt><trkpt lat="38.87807" lon="-120.08888000000002"><ele>2037.9415502231568</ele></trkpt><trkpt lat="38.87816" lon="-120.08913000000001"><ele>2041.0</ele></trkpt><trkpt lat="38.87816585397884" lon="-120.0893202543125"><ele>2044.0</ele></trkpt><trkpt lat="38.87816585397884" lon="-120.0893202543125"><ele>2044.0</ele></trkpt><trkpt lat="38.87818" lon="-120.08978000000002"><ele>2051.8850017128207</ele></trkpt><trkpt lat="38.87806" lon="-120.09044"><ele>2054.5270109043545</ele></trkpt><trkpt lat="38.87805" lon="-120.09081000000003"><ele>2057.2211996559054</ele></trkpt><trkpt lat="38.878" lon="-120.09116"><ele>2061.380266822207</ele></trkpt><trkpt lat="38.87794" lon="-120.09156000000002"><ele>2064.0</ele></trkpt><trkpt lat="38.87779" lon="-120.09212000000002"><ele>2064.614818514291</ele></trkpt><trkpt lat="38.87771" lon="-120.09257000000002"><ele>2064.0</ele></trkpt><trkpt lat="38.87771" lon="-120.09273000000002"><ele>2064.0</ele></trkpt><trkpt lat="38.87774" lon="-120.09318000000002"><ele>2065.0</ele></trkpt><trkpt lat="38.87773" lon="-120.09348999999997"><ele>2065.0</ele></trkpt><trkpt lat="38.87774" lon="-120.09370000000001"><ele>2065.0</ele></trkpt><trkpt lat="38.87783" lon="-120.09415999999999"><ele>2063.0</ele></trkpt><trkpt lat="38.87783" lon="-120.09451999999999"><ele>2063.0</ele></trkpt><trkpt lat="38.87777" lon="-120.09472"><ele>2063.4108833019213</ele></trkpt><trkpt lat="38.87754" lon="-120.09507000000002"><ele>2064.0</ele></trkpt><trkpt lat="38.87732" lon="-120.09527000000003"><ele>2063.0</ele></trkpt><trkpt lat="38.87699" lon="-120.09541000000002"><ele>2066.261607112363</ele></trkpt><trkpt lat="38.87673" lon="-120.09559999999999"><ele>2068.116248888895</ele></trkpt><trkpt lat="38.87661" lon="-120.09559000000002"><ele>2070.0</ele></trkpt><trkpt lat="38.87652" lon="-120.09555"><ele>2071.0</ele></trkpt><trkpt lat="38.87642" lon="-120.09555999999998"><ele>2071.252113776747</ele></trkpt><trkpt lat="38.8762" lon="-120.09568999999999"><ele>2074.0</ele></trkpt><trkpt lat="38.87604" lon="-120.09587999999997"><ele>2075.060857682489</ele></trkpt><trkpt lat="38.87597" lon="-120.09604000000002"><ele>2074.705282766372</ele></trkpt><trkpt lat="38.87598" lon="-120.09672999999998"><ele>2075.0</ele></trkpt><trkpt lat="38.87598" lon="-120.09672999999998"><ele>2075.0</ele></trkpt><trkpt lat="38.87598" lon="-120.09672999999998"><ele>2075.0</ele></trkpt><trkpt lat="38.87593" lon="-120.0969"><ele>2075.2177460333673</ele></trkpt><trkpt lat="38.87582" lon="-120.09710000000001"><ele>2074.731752785935</ele></trkpt><trkpt lat="38.87582" lon="-120.09710000000001"><ele>2074.731752785935</ele></trkpt><trkpt lat="38.87569" lon="-120.09722999999997"><ele>2074.0</ele></trkpt><trkpt lat="38.87535" lon="-120.09717999999998"><ele>2073.8974970519703</ele></trkpt><trkpt lat="38.87518" lon="-120.09731999999997"><ele>2073.5746961176183</ele></trkpt><trkpt lat="38.87489" lon="-120.09740999999997"><ele>2074.0</ele></trkpt><trkpt lat="38.87476" lon="-120.09748000000002"><ele>2074.0</ele></trkpt><trkpt lat="38.87456" lon="-120.09767999999997"><ele>2076.700069146231</ele></trkpt><trkpt lat="38.8743" lon="-120.09752000000003"><ele>2082.594734224025</ele></trkpt><trkpt lat="38.87393" lon="-120.09722999999997"><ele>2084.0</ele></trkpt><trkpt lat="38.87393" lon="-120.09722999999997"><ele>2084.0</ele></trkpt><trkpt lat="38.87387" lon="-120.09717"><ele>2085.0</ele></trkpt><trkpt lat="38.87367" lon="-120.09707000000003"><ele>2088.0</ele></trkpt><trkpt lat="38.87357" lon="-120.09707000000003"><ele>2088.9858331273103</ele></trkpt><trkpt lat="38.87345" lon="-120.09735"><ele>2089.0</ele></trkpt><trkpt lat="38.87333" lon="-120.09751"><ele>2089.0</ele></trkpt><trkpt lat="38.87313" lon="-120.09789999999998"><ele>2092.0</ele></trkpt><trkpt lat="38.87306" lon="-120.09812"><ele>2093.491158472374</ele></trkpt><trkpt lat="38.87308" lon="-120.09870999999998"><ele>2099.293956413865</ele></trkpt><trkpt lat="38.87313" lon="-120.09888000000001"><ele>2102.0</ele></trkpt><trkpt lat="38.87319" lon="-120.09902999999997"><ele>2104.9757651936093</ele></trkpt><trkpt lat="38.87335" lon="-120.09915000000001"><ele>2106.0</ele></trkpt><trkpt lat="38.87338" lon="-120.09923000000003"><ele>2106.0</ele></trkpt><trkpt lat="38.87341" lon="-120.09953000000002"><ele>2107.0</ele></trkpt><trkpt lat="38.87359" lon="-120.10007999999999"><ele>2111.7651900723577</ele></trkpt><trkpt lat="38.87356" lon="-120.1001"><ele>2113.0</ele></trkpt><trkpt lat="38.87351" lon="-120.10001999999997"><ele>2113.057164143244</ele></trkpt><trkpt lat="38.87338" lon="-120.09992"><ele>2115.148743653717</ele></trkpt><trkpt lat="38.87332" lon="-120.09991000000002"><ele>2116.0</ele></trkpt><trkpt lat="38.87314" lon="-120.10001999999997"><ele>2119.0724673515974</ele></trkpt><trkpt lat="38.87321" lon="-120.10041000000001"><ele>2121.1358685023642</ele></trkpt><trkpt lat="38.87311" lon="-120.10064999999997"><ele>2123.2325092011533</ele></trkpt><trkpt lat="38.87311" lon="-120.10099000000002"><ele>2126.1536577454754</ele></trkpt><trkpt lat="38.87331" lon="-120.10158999999999"><ele>2127.3457124726256</ele></trkpt><trkpt lat="38.87332" lon="-120.10180000000003"><ele>2128.0</ele></trkpt><trkpt lat="38.87337" lon="-120.10194000000001"><ele>2128.0</ele></trkpt><trkpt lat="38.87371" lon="-120.10234000000003"><ele>2132.0</ele></trkpt><trkpt lat="38.87393" lon="-120.10235999999998"><ele>2134.0</ele></trkpt><trkpt lat="38.87393" lon="-120.10235999999998"><ele>2134.0</ele></trkpt><trkpt lat="38.87412" lon="-120.10235"><ele>2135.0</ele></trkpt><trkpt lat="38.87412" lon="-120.10235"><ele>2135.0</ele></trkpt><trkpt lat="38.87412" lon="-120.10235"><ele>2135.0</ele></trkpt><trkpt lat="38.87422" lon="-120.10228999999998"><ele>2135.0</ele></trkpt><trkpt lat="38.87434" lon="-120.10228000000001"><ele>2136.0</ele></trkpt><trkpt lat="38.87438" lon="-120.10224"><ele>2136.7922280356415</ele></trkpt><trkpt lat="38.87448" lon="-120.10194000000001"><ele>2138.2137801199406</ele></trkpt><trkpt lat="38.87452" lon="-120.10199999999998"><ele>2140.0</ele></trkpt><trkpt lat="38.87461" lon="-120.10239000000001"><ele>2143.9018986009432</ele></trkpt><trkpt lat="38.87465" lon="-120.10246999999998"><ele>2144.6874564774334</ele></trkpt><trkpt lat="38.87473" lon="-120.10253999999998"><ele>2148.7153093597885</ele></trkpt><trkpt lat="38.87473" lon="-120.10253999999998"><ele>2148.7153093597885</ele></trkpt><trkpt lat="38.87479" lon="-120.10259000000002"><ele>2149.126140443608</ele></trkpt><trkpt lat="38.87505" lon="-120.10261000000003"><ele>2156.0</ele></trkpt><trkpt lat="38.87511" lon="-120.10264999999998"><ele>2158.7439039775054</ele></trkpt><trkpt lat="38.8754" lon="-120.10307999999998"><ele>2163.0</ele></trkpt><trkpt lat="38.87551" lon="-120.10345999999998"><ele>2163.0</ele></trkpt><trkpt lat="38.87568" lon="-120.10387000000003"><ele>2165.1635521049193</ele></trkpt><trkpt lat="38.87591" lon="-120.10415999999998"><ele>2168.113531552255</ele></trkpt><trkpt lat="38.87593" lon="-120.10424999999998"><ele>2168.31078161858</ele></trkpt><trkpt lat="38.87604" lon="-120.1044"><ele>2169.895663017407</ele></trkpt><trkpt lat="38.87606" lon="-120.10451999999998"><ele>2169.2745366101153</ele></trkpt><trkpt lat="38.87616" lon="-120.10462000000001"><ele>2170.5591891006834</ele></trkpt><trkpt lat="38.8763" lon="-120.10468000000003"><ele>2171.0</ele></trkpt><trkpt lat="38.87644" lon="-120.10471000000001"><ele>2173.0</ele></trkpt><trkpt lat="38.87645" lon="-120.1046"><ele>2175.19920323065</ele></trkpt><trkpt lat="38.8763" lon="-120.10415999999998"><ele>2180.0</ele></trkpt><trkpt lat="38.87632" lon="-120.10411999999997"><ele>2181.0</ele></trkpt><trkpt lat="38.87639" lon="-120.10414000000003"><ele>2182.9833767615273</ele></trkpt><trkpt lat="38.87648" lon="-120.10423000000003"><ele>2184.235290536657</ele></trkpt><trkpt lat="38.87656" lon="-120.10444000000001"><ele>2183.9364152448125</ele></trkpt><trkpt lat="38.87667" lon="-120.10460999999998"><ele>2187.6092710122466</ele></trkpt><trkpt lat="38.87684" lon="-120.10478"><ele>2191.050889131826</ele></trkpt><trkpt lat="38.87696" lon="-120.10489000000001"><ele>2191.909859730677</ele></trkpt><trkpt lat="38.87709" lon="-120.10491999999999"><ele>2192.0</ele></trkpt><trkpt lat="38.87712" lon="-120.10489999999999"><ele>2194.020104907453</ele></trkpt><trkpt lat="38.87694" lon="-120.10476"><ele>2195.0</ele></trkpt><trkpt lat="38.87679" lon="-120.10446999999999"><ele>2197.1011310445497</ele></trkpt><trkpt lat="38.87682" lon="-120.10415999999998"><ele>2202.0</ele></trkpt><trkpt lat="38.87687" lon="-120.10419000000002"><ele>2202.0</ele></trkpt><trkpt lat="38.87716" lon="-120.10460999999998"><ele>2204.999268316369</ele></trkpt><trkpt lat="38.87721" lon="-120.1046"><ele>2205.0</ele></trkpt><trkpt lat="38.87737" lon="-120.10451999999998"><ele>2207.0</ele></trkpt><trkpt lat="38.87747" lon="-120.10451"><ele>2208.0</ele></trkpt><trkpt lat="38.87761" lon="-120.10455999999999"><ele>2209.279702261105</ele></trkpt><trkpt lat="38.87768" lon="-120.10451"><ele>2211.0</ele></trkpt><trkpt lat="38.87775" lon="-120.10437000000002"><ele>2211.0</ele></trkpt><trkpt lat="38.8778" lon="-120.10408999999999"><ele>2213.0</ele></trkpt><trkpt lat="38.87789" lon="-120.10386"><ele>2215.0</ele></trkpt><trkpt lat="38.87788" lon="-120.10379999999998"><ele>2215.0</ele></trkpt><trkpt lat="38.87792" lon="-120.10374000000002"><ele>2215.0</ele></trkpt><trkpt lat="38.87799" lon="-120.10375999999997"><ele>2216.3777245858337</ele></trkpt><trkpt lat="38.87808" lon="-120.10386"><ele>2218.0160986690657</ele></trkpt><trkpt lat="38.87823" lon="-120.10410000000002"><ele>2220.996786881238</ele></trkpt><trkpt lat="38.87855" lon="-120.10429999999997"><ele>2226.066654868635</ele></trkpt><trkpt lat="38.8787" lon="-120.10446999999999"><ele>2228.1331710945815</ele></trkpt><trkpt lat="38.87882" lon="-120.10464999999999"><ele>2230.0390436633306</ele></trkpt><trkpt lat="38.8789" lon="-120.10464999999999"><ele>2230.123182222713</ele></trkpt><trkpt lat="38.87897" lon="-120.1046"><ele>2231.615547309457</ele></trkpt><trkpt lat="38.87903" lon="-120.10462000000001"><ele>2233.463220850728</ele></trkpt><trkpt lat="38.87905" lon="-120.10477000000003"><ele>2234.0</ele></trkpt><trkpt lat="38.8791" lon="-120.10487"><ele>2234.068918392355</ele></trkpt><trkpt lat="38.87944" lon="-120.10505"><ele>2242.224567779065</ele></trkpt><trkpt lat="38.87947" lon="-120.10503"><ele>2243.3242800144435</ele></trkpt><trkpt lat="38.87921" lon="-120.10471000000001"><ele>2242.6643517222255</ele></trkpt><trkpt lat="38.87917" lon="-120.1046"><ele>2243.0</ele></trkpt><trkpt lat="38.87909" lon="-120.10408999999999"><ele>2245.1062314335077</ele></trkpt><trkpt lat="38.87905" lon="-120.10366999999997"><ele>2246.06826161926</ele></trkpt><trkpt lat="38.87893" lon="-120.10320000000002"><ele>2251.0</ele></trkpt><trkpt lat="38.87937" lon="-120.10377"><ele>2257.2428064849228</ele></trkpt><trkpt lat="38.87943" lon="-120.10401999999999"><ele>2258.8347325846553</ele></trkpt><trkpt lat="38.87948" lon="-120.10449"><ele>2257.0</ele></trkpt><trkpt lat="38.8796" lon="-120.1046"><ele>2257.0</ele></trkpt><trkpt lat="38.87988" lon="-120.10474999999997"><ele>2259.0</ele></trkpt><trkpt lat="38.8801" lon="-120.10494"><ele>2259.0</ele></trkpt><trkpt lat="38.88035" lon="-120.10496999999998"><ele>2261.0</ele></trkpt><trkpt lat="38.88064" lon="-120.10495000000003"><ele>2264.038749011009</ele></trkpt><trkpt lat="38.88076" lon="-120.10498999999999"><ele>2266.6076401066202</ele></trkpt><trkpt lat="38.88083" lon="-120.10507000000001"><ele>2269.8060448103065</ele></trkpt><trkpt lat="38.88096" lon="-120.10509000000002"><ele>2272.382304001134</ele></trkpt><trkpt lat="38.88142" lon="-120.10554000000002"><ele>2282.01108650497</ele></trkpt><trkpt lat="38.88152" lon="-120.10582999999997"><ele>2285.9553845059127</ele></trkpt><trkpt lat="38.88160718854646" lon="-120.10591718854647"><ele>2288.0</ele></trkpt><trkpt lat="38.88166722022021" lon="-120.1059441355759"><ele>2288.956604608797</ele></trkpt><trkpt lat="38.88181" lon="-120.10595999999998"><ele>2291.0</ele></trkpt><trkpt lat="38.8819" lon="-120.106"><ele>2293.0</ele></trkpt><trkpt lat="38.88194" lon="-120.10597000000001"><ele>2294.0</ele></trkpt><trkpt lat="38.88199" lon="-120.10600999999997"><ele>2294.0930714718997</ele></trkpt><trkpt lat="38.88204" lon="-120.10633000000001"><ele>2298.0</ele></trkpt><trkpt lat="38.88219" lon="-120.10658999999998"><ele>2302.0666117388755</ele></trkpt><trkpt lat="38.88221" lon="-120.10674"><ele>2301.263967618346</ele></trkpt><trkpt lat="38.88234" lon="-120.10705000000002"><ele>2304.3089940864334</ele></trkpt><trkpt lat="38.88252" lon="-120.10730999999998"><ele>2306.823026863858</ele></trkpt><trkpt lat="38.88276" lon="-120.10752000000002"><ele>2309.0</ele></trkpt><trkpt lat="38.88283" lon="-120.10762"><ele>2311.271778206726</ele></trkpt><trkpt lat="38.88306" lon="-120.10762999999997"><ele>2316.0</ele></trkpt><trkpt lat="38.88313" lon="-120.10770000000002"><ele>2316.005867066514</ele></trkpt><trkpt lat="38.88327" lon="-120.10789"><ele>2318.631427154416</ele></trkpt><trkpt lat="38.88337" lon="-120.10811999999999"><ele>2321.170556212068</ele></trkpt><trkpt lat="38.88344" lon="-120.10840999999999"><ele>2324.0951776492666</ele></trkpt><trkpt lat="38.88348" lon="-120.10869000000002"><ele>2327.3425944000896</ele></trkpt><trkpt lat="38.88345" lon="-120.1089"><ele>2331.0</ele></trkpt><trkpt lat="38.88351" lon="-120.10913"><ele>2334.7843373937076</ele></trkpt><trkpt lat="38.88347" lon="-120.10941000000003"><ele>2340.319069819342</ele></trkpt><trkpt lat="38.88343" lon="-120.10949"><ele>2341.3033136688173</ele></trkpt><trkpt lat="38.88338" lon="-120.10968000000003"><ele>2342.821130920229</ele></trkpt><trkpt lat="38.88343" lon="-120.10996999999998"><ele>2347.244709693154</ele></trkpt><trkpt lat="38.88346" lon="-120.11058000000003"><ele>2354.334226962179</ele></trkpt><trkpt lat="38.88341" lon="-120.11079000000001"><ele>2357.105937227607</ele></trkpt><trkpt lat="38.8834" lon="-120.11090999999999"><ele>2358.0</ele></trkpt><trkpt lat="38.88347" lon="-120.11153999999999"><ele>2361.6980675589293</ele></trkpt><trkpt lat="38.88363" lon="-120.11199999999997"><ele>2365.0</ele></trkpt><trkpt lat="38.88389" lon="-120.11259000000001"><ele>2368.8430648185313</ele></trkpt><trkpt lat="38.88395" lon="-120.11289"><ele>2369.435219416395</ele></trkpt><trkpt lat="38.88397" lon="-120.11327"><ele>2375.0</ele></trkpt><trkpt lat="38.88397" lon="-120.11327"><ele>2375.0</ele></trkpt><trkpt lat="38.88398" lon="-120.11388999999997"><ele>2375.0</ele></trkpt><trkpt lat="38.88389" lon="-120.11410000000001"><ele>2377.0</ele></trkpt><trkpt lat="38.88391" lon="-120.11432000000002"><ele>2378.509982835096</ele></trkpt><trkpt lat="38.88387" lon="-120.11442999999997"><ele>2379.0</ele></trkpt><trkpt lat="38.8838" lon="-120.11455999999998"><ele>2379.0</ele></trkpt><trkpt lat="38.8836" lon="-120.11481000000003"><ele>2379.0</ele></trkpt><trkpt lat="38.88359" lon="-120.11495000000002"><ele>2380.0</ele></trkpt><trkpt lat="38.88343" lon="-120.11518999999998"><ele>2378.0</ele></trkpt><trkpt lat="38.88341" lon="-120.11532999999997"><ele>2377.0</ele></trkpt><trkpt lat="38.88346" lon="-120.11585000000002"><ele>2378.0</ele></trkpt><trkpt lat="38.88337" lon="-120.11630000000002"><ele>2378.0</ele></trkpt><trkpt lat="38.88321" lon="-120.11669"><ele>2377.0</ele></trkpt><trkpt lat="38.8832" lon="-120.11680999999999"><ele>2377.0</ele></trkpt><trkpt lat="38.88325" lon="-120.11694999999997"><ele>2376.4730621594936</ele></trkpt><trkpt lat="38.88324" lon="-120.11707999999999"><ele>2376.1568035548553</ele></trkpt><trkpt lat="38.88333" lon="-120.11721"><ele>2377.0</ele></trkpt><trkpt lat="38.88341" lon="-120.11743999999999"><ele>2376.0</ele></trkpt><trkpt lat="38.88354" lon="-120.11756000000003"><ele>2374.4735751091503</ele></trkpt><trkpt lat="38.88359" lon="-120.11766"><ele>2372.0</ele></trkpt><trkpt lat="38.88364" lon="-120.11792000000003"><ele>2368.086497104944</ele></trkpt><trkpt lat="38.88363" lon="-120.118"><ele>2367.699834744273</ele></trkpt><trkpt lat="38.88356" lon="-120.11815999999999"><ele>2365.9578618980577</ele></trkpt><trkpt lat="38.88366" lon="-120.11836"><ele>2363.190872889012</ele></trkpt><trkpt lat="38.88364" lon="-120.11851000000001"><ele>2363.0</ele></trkpt><trkpt lat="38.88367" lon="-120.11860999999999"><ele>2361.0</ele></trkpt><trkpt lat="38.88398" lon="-120.11887000000002"><ele>2359.0</ele></trkpt><trkpt lat="38.884" lon="-120.11892"><ele>2358.481805633586</ele></trkpt><trkpt lat="38.88396" lon="-120.11900000000003"><ele>2356.3647111100145</ele></trkpt><trkpt lat="38.88378" lon="-120.1191"><ele>2351.0</ele></trkpt><trkpt lat="38.88374" lon="-120.11914999999999"><ele>2350.0</ele></trkpt><trkpt lat="38.88371" lon="-120.11927000000003"><ele>2348.0</ele></trkpt><trkpt lat="38.88386" lon="-120.11982999999998"><ele>2342.0</ele></trkpt><trkpt lat="38.88388" lon="-120.11995000000002"><ele>2341.0</ele></trkpt><trkpt lat="38.88386" lon="-120.12007"><ele>2340.0</ele></trkpt><trkpt lat="38.88392" lon="-120.12017000000003"><ele>2338.941814892514</ele></trkpt><trkpt lat="38.88465" lon="-120.12074000000001"><ele>2342.0</ele></trkpt><trkpt lat="38.88465" lon="-120.12074000000001"><ele>2342.0</ele></trkpt><trkpt lat="38.8844" lon="-120.12108999999998"><ele>2339.0</ele></trkpt><trkpt lat="38.88434" lon="-120.12124"><ele>2339.0</ele></trkpt><trkpt lat="38.88427" lon="-120.12158"><ele>2339.947960295817</ele></trkpt><trkpt lat="38.88427" lon="-120.12164999999999"><ele>2340.5934285167605</ele></trkpt><trkpt lat="38.88431" lon="-120.12164999999999"><ele>2342.1224507209845</ele></trkpt><trkpt lat="38.88434" lon="-120.12158"><ele>2342.7842982579023</ele></trkpt><trkpt lat="38.88443" lon="-120.12158"><ele>2345.6994381328113</ele></trkpt><trkpt lat="38.88452" lon="-120.12164999999999"><ele>2345.5734005854465</ele></trkpt><trkpt lat="38.88465" lon="-120.12182999999999"><ele>2348.343033308154</ele></trkpt><trkpt lat="38.88472" lon="-120.12207000000001"><ele>2351.0</ele></trkpt><trkpt lat="38.88465" lon="-120.12236999999999"><ele>2352.0</ele></trkpt><trkpt lat="38.88451" lon="-120.12256000000002"><ele>2354.0205687912726</ele></trkpt><trkpt lat="38.88429" lon="-120.12274000000002"><ele>2356.0</ele></trkpt><trkpt lat="38.8842" lon="-120.12284999999997"><ele>2357.620903831435</ele></trkpt><trkpt lat="38.88405" lon="-120.12313"><ele>2363.5778495091945</ele></trkpt><trkpt lat="38.88363" lon="-120.12367"><ele>2369.0</ele></trkpt><trkpt lat="38.88346" lon="-120.12371999999999"><ele>2368.642662390885</ele></trkpt><trkpt lat="38.88332" lon="-120.12398999999999"><ele>2370.0</ele></trkpt><trkpt lat="38.88328" lon="-120.12414000000001"><ele>2370.0</ele></trkpt><trkpt lat="38.88325" lon="-120.12450999999999"><ele>2372.0</ele></trkpt><trkpt lat="38.88325" lon="-120.12450999999999"><ele>2372.0</ele></trkpt><trkpt lat="38.88309" lon="-120.1248"><ele>2375.0</ele></trkpt><trkpt lat="38.8829" lon="-120.12493999999998"><ele>2378.0</ele></trkpt><trkpt lat="38.88263" lon="-120.12527999999998"><ele>2378.4113742721875</ele></trkpt><trkpt lat="38.88257" lon="-120.12531999999999"><ele>2377.96904359308</ele></trkpt><trkpt lat="38.88239" lon="-120.12533000000002"><ele>2377.0</ele></trkpt><trkpt lat="38.88233" lon="-120.12538"><ele>2377.01940494315</ele></trkpt><trkpt lat="38.88227" lon="-120.12547999999998"><ele>2375.4648252760053</ele></trkpt><trkpt lat="38.8822" lon="-120.12567000000001"><ele>2376.334710361436</ele></trkpt><trkpt lat="38.88207" lon="-120.12574000000001"><ele>2377.0</ele></trkpt><trkpt lat="38.882" lon="-120.12572999999998"><ele>2376.72397866752</ele></trkpt><trkpt lat="38.88186" lon="-120.12563999999998"><ele>2376.943638605302</ele></trkpt><trkpt lat="38.88152" lon="-120.12525"><ele>2378.093600000255</ele></trkpt><trkpt lat="38.88135" lon="-120.12513999999999"><ele>2378.0</ele></trkpt><trkpt lat="38.88104" lon="-120.12488000000002"><ele>2377.219215452671</ele></trkpt><trkpt lat="38.88094" lon="-120.12484999999998"><ele>2377.0</ele></trkpt><trkpt lat="38.88079" lon="-120.12493999999998"><ele>2378.0</ele></trkpt><trkpt lat="38.88071" lon="-120.12495000000001"><ele>2378.5032633867204</ele></trkpt><trkpt lat="38.88043" lon="-120.12477000000001"><ele>2378.0</ele></trkpt><trkpt lat="38.88011" lon="-120.12466"><ele>2378.0</ele></trkpt><trkpt lat="38.87995" lon="-120.12450999999999"><ele>2374.4199004443362</ele></trkpt><trkpt lat="38.87995" lon="-120.12450999999999"><ele>2374.4199004443362</ele></trkpt><trkpt lat="38.87956" lon="-120.12416000000002"><ele>2371.108718223404</ele></trkpt><trkpt lat="38.87947" lon="-120.12412"><ele>2370.0</ele></trkpt><trkpt lat="38.8793" lon="-120.12419"><ele>2373.0</ele></trkpt><trkpt lat="38.87904" lon="-120.12443000000002"><ele>2373.6629913009124</ele></trkpt><trkpt lat="38.87884" lon="-120.12448"><ele>2377.475153566457</ele></trkpt><trkpt lat="38.8788" lon="-120.12446999999997"><ele>2378.0</ele></trkpt><trkpt lat="38.8787" lon="-120.12450999999999"><ele>2378.0</ele></trkpt><trkpt lat="38.8787" lon="-120.12450999999999"><ele>2378.0</ele></trkpt><trkpt lat="38.87861" lon="-120.12464"><ele>2378.64347514305</ele></trkpt><trkpt lat="38.87859" lon="-120.12473999999997"><ele>2377.923998828732</ele></trkpt><trkpt lat="38.87842" lon="-120.12490000000003"><ele>2377.4047822207212</ele></trkpt><trkpt lat="38.87835" lon="-120.12506000000002"><ele>2375.0</ele></trkpt><trkpt lat="38.87827" lon="-120.12513999999999"><ele>2375.1338822720754</ele></trkpt><trkpt lat="38.87812" lon="-120.12520999999998"><ele>2376.0</ele></trkpt><trkpt lat="38.87808" lon="-120.12527"><ele>2377.0</ele></trkpt><trkpt lat="38.87803" lon="-120.12529999999998"><ele>2376.0</ele></trkpt><trkpt lat="38.87797" lon="-120.12543"><ele>2374.2950079999864</ele></trkpt><trkpt lat="38.87791" lon="-120.12547999999998"><ele>2374.0</ele></trkpt><trkpt lat="38.87789" lon="-120.12554999999998"><ele>2373.0</ele></trkpt><trkpt lat="38.87791" lon="-120.12562000000003"><ele>2374.0</ele></trkpt><trkpt lat="38.87804" lon="-120.12578000000002"><ele>2375.7711975747443</ele></trkpt><trkpt lat="38.87826" lon="-120.12598000000003"><ele>2375.0</ele></trkpt><trkpt lat="38.87851" lon="-120.12625000000003"><ele>2375.509777779691</ele></trkpt><trkpt lat="38.87897" lon="-120.12666999999999"><ele>2375.0585112260424</ele></trkpt><trkpt lat="38.8791" lon="-120.12684000000002"><ele>2376.9208234194666</ele></trkpt><trkpt lat="38.87934" lon="-120.12732"><ele>2376.0</ele></trkpt><trkpt lat="38.87942" lon="-120.12754000000001"><ele>2373.479846215742</ele></trkpt><trkpt lat="38.87961" lon="-120.12784999999997"><ele>2375.0</ele></trkpt><trkpt lat="38.87963" lon="-120.12790999999999"><ele>2374.1921585220844</ele></trkpt><trkpt lat="38.87957" lon="-120.12804"><ele>2375.0</ele></trkpt><trkpt lat="38.8795" lon="-120.12805000000003"><ele>2375.0</ele></trkpt><trkpt lat="38.87945" lon="-120.12814000000003"><ele>2376.9868679818765</ele></trkpt><trkpt lat="38.87945" lon="-120.12819999999999"><ele>2377.9679580442607</ele></trkpt><trkpt lat="38.87928" lon="-120.12856"><ele>2384.0</ele></trkpt><trkpt lat="38.87924" lon="-120.12871000000001"><ele>2386.539689650759</ele></trkpt><trkpt lat="38.87916" lon="-120.12883999999997"><ele>2389.328910967335</ele></trkpt><trkpt lat="38.87909" lon="-120.12889999999999"><ele>2390.0</ele></trkpt><trkpt lat="38.87895" lon="-120.12891000000002"><ele>2391.525237332564</ele></trkpt><trkpt lat="38.87885" lon="-120.12900000000002"><ele>2394.887092642486</ele></trkpt><trkpt lat="38.87883" lon="-120.12907999999999"><ele>2395.0</ele></trkpt><trkpt lat="38.87884" lon="-120.12916000000001"><ele>2396.0</ele></trkpt><trkpt lat="38.87887" lon="-120.12923999999998"><ele>2396.853877332527</ele></trkpt><trkpt lat="38.87901" lon="-120.12939"><ele>2398.844384000171</ele></trkpt><trkpt lat="38.87903" lon="-120.12946"><ele>2400.0</ele></trkpt><trkpt lat="38.87907" lon="-120.12997999999999"><ele>2405.0</ele></trkpt><trkpt lat="38.87906" lon="-120.13004999999998"><ele>2405.0</ele></trkpt><trkpt lat="38.87888" lon="-120.13030000000003"><ele>2409.0</ele></trkpt><trkpt lat="38.87888" lon="-120.13044000000002"><ele>2410.0</ele></trkpt><trkpt lat="38.87879" lon="-120.13075000000003"><ele>2411.0</ele></trkpt><trkpt lat="38.87875" lon="-120.13103000000001"><ele>2412.0</ele></trkpt><trkpt lat="38.87871" lon="-120.13121000000001"><ele>2412.0</ele></trkpt><trkpt lat="38.8787" lon="-120.13150000000002"><ele>2413.0</ele></trkpt><trkpt lat="38.87864" lon="-120.13161000000002"><ele>2413.0</ele></trkpt><trkpt lat="38.87864" lon="-120.13191999999998"><ele>2412.0</ele></trkpt><trkpt lat="38.87862" lon="-120.13200999999998"><ele>2412.0</ele></trkpt><trkpt lat="38.8786" lon="-120.13207999999997"><ele>2413.030433969445</ele></trkpt><trkpt lat="38.87853" lon="-120.13211000000001"><ele>2412.0</ele></trkpt><trkpt lat="38.87837" lon="-120.13204000000002"><ele>2411.129718198023</ele></trkpt><trkpt lat="38.87829" lon="-120.13207"><ele>2411.0</ele></trkpt><trkpt lat="38.87823" lon="-120.13213000000002"><ele>2410.0</ele></trkpt><trkpt lat="38.87821" lon="-120.13220999999999"><ele>2409.0</ele></trkpt><trkpt lat="38.87823" lon="-120.13231000000002"><ele>2409.0</ele></trkpt><trkpt lat="38.87817" lon="-120.13243"><ele>2409.5186524442397</ele></trkpt><trkpt lat="38.87799" lon="-120.13252999999997"><ele>2409.6293433140963</ele></trkpt><trkpt lat="38.87794" lon="-120.13261999999997"><ele>2409.0</ele></trkpt><trkpt lat="38.87789" lon="-120.13287000000003"><ele>2408.642922813073</ele></trkpt><trkpt lat="38.87783" lon="-120.13299"><ele>2406.6165440003388</ele></trkpt><trkpt lat="38.87782" lon="-120.13308999999998"><ele>2407.452433474362</ele></trkpt><trkpt lat="38.87786" lon="-120.13323000000003"><ele>2408.0</ele></trkpt><trkpt lat="38.87785" lon="-120.13326999999998"><ele>2408.665489777457</ele></trkpt><trkpt lat="38.87776" lon="-120.13333"><ele>2409.3973273266884</ele></trkpt><trkpt lat="38.87778" lon="-120.13344000000001"><ele>2410.0578699931502</ele></trkpt><trkpt lat="38.87777" lon="-120.13357000000002"><ele>2410.459229333326</ele></trkpt><trkpt lat="38.87783" lon="-120.13369999999998"><ele>2412.0</ele></trkpt><trkpt lat="38.8778" lon="-120.13387"><ele>2409.0950397624692</ele></trkpt><trkpt lat="38.87787" lon="-120.13402000000002"><ele>2410.445639723912</ele></trkpt><trkpt lat="38.87789" lon="-120.13436000000002"><ele>2408.642922813073</ele></trkpt><trkpt lat="38.87799" lon="-120.13481999999999"><ele>2408.666140133153</ele></trkpt><trkpt lat="38.87803" lon="-120.13486999999998"><ele>2409.0423061649685</ele></trkpt><trkpt lat="38.87807" lon="-120.13497000000001"><ele>2409.4640036382166</ele></trkpt><trkpt lat="38.87815" lon="-120.13538"><ele>2412.416363196877</ele></trkpt><trkpt lat="38.87814" lon="-120.13549"><ele>2414.6578616050924</ele></trkpt><trkpt lat="38.87804" lon="-120.13549"><ele>2414.45525567455</ele></trkpt><trkpt lat="38.87803" lon="-120.13553000000002"><ele>2415.989123556763</ele></trkpt><trkpt lat="38.87808" lon="-120.13566000000003"><ele>2418.017943664158</ele></trkpt><trkpt lat="38.87806" lon="-120.13575000000003"><ele>2418.018135291756</ele></trkpt><trkpt lat="38.87807" lon="-120.13585"><ele>2417.516281332355</ele></trkpt><trkpt lat="38.87813" lon="-120.13605000000001"><ele>2419.010346164927</ele></trkpt><trkpt lat="38.87811" lon="-120.13616000000002"><ele>2418.8130590319633</ele></trkpt><trkpt lat="38.87813" lon="-120.13635"><ele>2417.7961066663265</ele></trkpt><trkpt lat="38.878174995825184" lon="-120.13643436717223"><ele>2415.959835315307</ele></trkpt><trkpt lat="38.87820539359484" lon="-120.13649136298574"><ele>2415.8408495593135</ele></trkpt><trkpt lat="38.87821" lon="-120.13650000000001"><ele>2415.7994980644435</ele></trkpt><trkpt lat="38.87826" lon="-120.13673"><ele>2413.8795438501984</ele></trkpt><trkpt lat="38.87838" lon="-120.13770999999997"><ele>2411.9764637500048</ele></trkpt><trkpt lat="38.87841" lon="-120.13778000000002"><ele>2412.118390939804</ele></trkpt><trkpt lat="38.87837" lon="-120.13806999999997"><ele>2411.3778180368245</ele></trkpt><trkpt lat="38.87839" lon="-120.13828000000001"><ele>2412.064865687106</ele></trkpt><trkpt lat="38.87827" lon="-120.13878999999997"><ele>2410.391365526244</ele></trkpt><trkpt lat="38.87824" lon="-120.13941"><ele>2409.0</ele></trkpt><trkpt lat="38.87819" lon="-120.13954999999999"><ele>2410.0</ele></trkpt><trkpt lat="38.87818" lon="-120.1397"><ele>2411.0</ele></trkpt><trkpt lat="38.87805" lon="-120.13986"><ele>2411.0</ele></trkpt><trkpt lat="38.87804" lon="-120.13992999999999"><ele>2411.0</ele></trkpt><trkpt lat="38.87808" lon="-120.14004"><ele>2412.0029180447837</ele></trkpt><trkpt lat="38.87823" lon="-120.14015"><ele>2414.9977403063986</ele></trkpt><trkpt lat="38.87835" lon="-120.14030000000002"><ele>2418.0</ele></trkpt><trkpt lat="38.87835" lon="-120.14035000000001"><ele>2418.6174044450745</ele></trkpt><trkpt lat="38.87815" lon="-120.14046000000002"><ele>2419.946799280094</ele></trkpt><trkpt lat="38.87809" lon="-120.14053000000001"><ele>2421.00601244485</ele></trkpt><trkpt lat="38.87814" lon="-120.14093000000003"><ele>2426.647363556549</ele></trkpt><trkpt lat="38.8784" lon="-120.14084000000003"><ele>2429.5480934306356</ele></trkpt><trkpt lat="38.87845" lon="-120.14078999999998"><ele>2429.1228906656615</ele></trkpt><trkpt lat="38.87849" lon="-120.14078999999998"><ele>2429.507439806255</ele></trkpt><trkpt lat="38.87851" lon="-120.14083"><ele>2430.238005765316</ele></trkpt><trkpt lat="38.87818" lon="-120.14105999999998"><ele>2434.705802666489</ele></trkpt><trkpt lat="38.87808" lon="-120.14116999999999"><ele>2436.0142542830276</ele></trkpt><trkpt lat="38.87808" lon="-120.14132000000001"><ele>2438.034257929772</ele></trkpt><trkpt lat="38.87808" lon="-120.14139999999998"><ele>2439.017128964886</ele></trkpt><trkpt lat="38.87819" lon="-120.14168000000001"><ele>2439.843155510419</ele></trkpt><trkpt lat="38.8782" lon="-120.14195000000001"><ele>2439.237571636378</ele></trkpt><trkpt lat="38.87817" lon="-120.14229999999998"><ele>2439.6049490324094</ele></trkpt><trkpt lat="38.87818" lon="-120.14251000000002"><ele>2440.003565467894</ele></trkpt><trkpt lat="38.87828" lon="-120.14283999999998"><ele>2437.9900103993714</ele></trkpt><trkpt lat="38.87844" lon="-120.14315999999997"><ele>2437.0</ele></trkpt><trkpt lat="38.8785" lon="-120.14341999999999"><ele>2439.1602188963443</ele></trkpt><trkpt lat="38.87849" lon="-120.14359000000002"><ele>2439.905450018261</ele></trkpt><trkpt lat="38.87845" lon="-120.14372000000003"><ele>2438.333972223103</ele></trkpt><trkpt lat="38.87854" lon="-120.14408000000003"><ele>2441.5548066403717</ele></trkpt><trkpt lat="38.8785" lon="-120.14445"><ele>2442.851472229697</ele></trkpt><trkpt lat="38.87844" lon="-120.14459"><ele>2443.1226057995227</ele></trkpt><trkpt lat="38.87835" lon="-120.14468"><ele>2443.410030222032</ele></trkpt><trkpt lat="38.87821" lon="-120.14474999999999"><ele>2442.6722666663118</ele></trkpt><trkpt lat="38.87811" lon="-120.14486"><ele>2442.9623572342593</ele></trkpt><trkpt lat="38.87801" lon="-120.14513999999997"><ele>2446.874008601205</ele></trkpt><trkpt lat="38.87796" lon="-120.14519999999999"><ele>2448.7510310446155</ele></trkpt><trkpt lat="38.87769" lon="-120.14521000000002"><ele>2450.109820445534</ele></trkpt><trkpt lat="38.87765" lon="-120.14525000000003"><ele>2450.9811320506565</ele></trkpt><trkpt lat="38.87763" lon="-120.14546999999999"><ele>2452.0</ele></trkpt><trkpt lat="38.87759" lon="-120.1456"><ele>2452.773897556398</ele></trkpt><trkpt lat="38.87749" lon="-120.14573000000001"><ele>2454.8013171720595</ele></trkpt><trkpt lat="38.87758" lon="-120.14606000000003"><ele>2457.7226915569045</ele></trkpt><trkpt lat="38.87746" lon="-120.14603"><ele>2460.4897677701406</ele></trkpt><trkpt lat="38.87737" lon="-120.14589999999998"><ele>2461.0</ele></trkpt><trkpt lat="38.87735" lon="-120.14593000000002"><ele>2461.6642524455674</ele></trkpt><trkpt lat="38.87742" lon="-120.14602000000002"><ele>2462.9283080181885</ele></trkpt><trkpt lat="38.87745" lon="-120.14614"><ele>2464.83376621774</ele></trkpt><trkpt lat="38.87744" lon="-120.14616000000001"><ele>2465.5655694747547</ele></trkpt><trkpt lat="38.87739" lon="-120.14609999999999"><ele>2465.586826666724</ele></trkpt><trkpt lat="38.87736" lon="-120.14609999999999"><ele>2465.586826666724</ele></trkpt><trkpt lat="38.8773" lon="-120.14618000000002"><ele>2466.315096890088</ele></trkpt><trkpt lat="38.87705" lon="-120.14627000000002"><ele>2468.0</ele></trkpt><trkpt lat="38.87694" lon="-120.14627999999999"><ele>2468.0</ele></trkpt><trkpt lat="38.87665" lon="-120.14623"><ele>2470.0</ele></trkpt><trkpt lat="38.87654" lon="-120.14629000000002"><ele>2473.979523440965</ele></trkpt><trkpt lat="38.8763" lon="-120.14620000000002"><ele>2477.0</ele></trkpt><trkpt lat="38.8763" lon="-120.14620000000002"><ele>2477.0</ele></trkpt><trkpt lat="38.8763" lon="-120.14620000000002"><ele>2477.0</ele></trkpt><trkpt lat="38.87637" lon="-120.14648"><ele>2476.349631631747</ele></trkpt><trkpt lat="38.87637" lon="-120.14648"><ele>2476.349631631747</ele></trkpt><trkpt lat="38.87642" lon="-120.14666"><ele>2478.3564864564687</ele></trkpt><trkpt lat="38.87639" lon="-120.14688999999998"><ele>2485.531652226771</ele></trkpt><trkpt lat="38.87623" lon="-120.14728000000002"><ele>2487.0</ele></trkpt><trkpt lat="38.87615" lon="-120.14760999999999"><ele>2484.0</ele></trkpt><trkpt lat="38.8761" lon="-120.14771999999999"><ele>2483.4874208047986</ele></trkpt><trkpt lat="38.87602" lon="-120.14803999999998"><ele>2480.6992013931936</ele></trkpt><trkpt lat="38.87597" lon="-120.14816000000002"><ele>2480.0</ele></trkpt><trkpt lat="38.87578" lon="-120.14837"><ele>2479.583132966854</ele></trkpt><trkpt lat="38.87566" lon="-120.14881000000003"><ele>2479.0</ele></trkpt><trkpt lat="38.8756" lon="-120.14938999999998"><ele>2478.0</ele></trkpt><trkpt lat="38.87559" lon="-120.14958000000001"><ele>2477.957576278597</ele></trkpt><trkpt lat="38.87563" lon="-120.14974999999998"><ele>2478.0</ele></trkpt><trkpt lat="38.87575" lon="-120.14992999999998"><ele>2477.0</ele></trkpt><trkpt lat="38.87577" lon="-120.15012999999999"><ele>2478.8935332866404</ele></trkpt><trkpt lat="38.8758" lon="-120.15026"><ele>2478.0</ele></trkpt><trkpt lat="38.87574" lon="-120.15064000000001"><ele>2476.0</ele></trkpt><trkpt lat="38.87574" lon="-120.15082000000001"><ele>2476.0</ele></trkpt><trkpt lat="38.8757" lon="-120.15109999999999"><ele>2475.5424261745065</ele></trkpt><trkpt lat="38.87572" lon="-120.15142000000003"><ele>2475.0</ele></trkpt><trkpt lat="38.87583" lon="-120.15165000000002"><ele>2475.0</ele></trkpt><trkpt lat="38.87607" lon="-120.15183999999999"><ele>2476.0</ele></trkpt><trkpt lat="38.87612" lon="-120.15199000000001"><ele>2477.0</ele></trkpt><trkpt lat="38.87608" lon="-120.15235000000001"><ele>2476.0</ele></trkpt><trkpt lat="38.87594" lon="-120.15265999999997"><ele>2476.0</ele></trkpt><trkpt lat="38.87582" lon="-120.15339"><ele>2478.0</ele></trkpt><trkpt lat="38.87575" lon="-120.15361999999999"><ele>2478.0</ele></trkpt><trkpt lat="38.87563" lon="-120.15388999999999"><ele>2478.0</ele></trkpt><trkpt lat="38.87561" lon="-120.15415000000002"><ele>2478.0</ele></trkpt><trkpt lat="38.87564" lon="-120.15435000000002"><ele>2479.0</ele></trkpt><trkpt lat="38.87564" lon="-120.15501"><ele>2479.0</ele></trkpt><trkpt lat="38.87563" lon="-120.15561000000002"><ele>2479.0</ele></trkpt><trkpt lat="38.87571" lon="-120.15616999999997"><ele>2482.1245241775387</ele></trkpt><trkpt lat="38.87588" lon="-120.15674000000001"><ele>2484.0</ele></trkpt><trkpt lat="38.87588" lon="-120.15692999999999"><ele>2484.3176570814103</ele></trkpt><trkpt lat="38.87581" lon="-120.15732000000003"><ele>2487.6706172769755</ele></trkpt><trkpt lat="38.8758" lon="-120.15751"><ele>2488.2135102438215</ele></trkpt><trkpt lat="38.87572" lon="-120.15782000000002"><ele>2487.0</ele></trkpt><trkpt lat="38.87549" lon="-120.15841999999998"><ele>2491.0</ele></trkpt><trkpt lat="38.8755" lon="-120.15872000000002"><ele>2492.5699793994427</ele></trkpt><trkpt lat="38.87542" lon="-120.15895999999998"><ele>2494.0</ele></trkpt><trkpt lat="38.87549" lon="-120.15900999999997"><ele>2495.971357945353</ele></trkpt><trkpt lat="38.87559" lon="-120.15895999999998"><ele>2498.0</ele></trkpt><trkpt lat="38.87575" lon="-120.15875"><ele>2499.9444716013095</ele></trkpt><trkpt lat="38.87581" lon="-120.15872000000002"><ele>2501.0354550514753</ele></trkpt><trkpt lat="38.87592" lon="-120.15877"><ele>2504.0</ele></trkpt><trkpt lat="38.87597" lon="-120.15894000000003"><ele>2506.705282766372</ele></trkpt><trkpt lat="38.87587" lon="-120.1594"><ele>2514.13078353554</ele></trkpt><trkpt lat="38.87576" lon="-120.15967"><ele>2518.1288298889995</ele></trkpt><trkpt lat="38.8757" lon="-120.15994"><ele>2521.626583716221</ele></trkpt><trkpt lat="38.87554" lon="-120.1601"><ele>2522.965678319704</ele></trkpt><trkpt lat="38.87539" lon="-120.16014000000001"><ele>2523.898250667844</ele></trkpt><trkpt lat="38.87537" lon="-120.16017999999997"><ele>2524.762385776732</ele></trkpt><trkpt lat="38.87562" lon="-120.16026"><ele>2530.8744178853062</ele></trkpt><trkpt lat="38.87569" lon="-120.16025000000002"><ele>2532.9438030365855</ele></trkpt><trkpt lat="38.87608" lon="-120.15994999999998"><ele>2538.3773856479675</ele></trkpt><trkpt lat="38.8763" lon="-120.15990999999997"><ele>2540.5568901242214</ele></trkpt><trkpt lat="38.8763" lon="-120.15998000000002"><ele>2541.698506023873</ele></trkpt><trkpt lat="38.87606" lon="-120.16023000000001"><ele>2545.092554667499</ele></trkpt><trkpt lat="38.87676" lon="-120.16025000000002"><ele>2555.0</ele></trkpt><trkpt lat="38.87683" lon="-120.16026999999997"><ele>2555.0</ele></trkpt><trkpt lat="38.87709" lon="-120.16048"><ele>2559.55047063364</ele></trkpt><trkpt lat="38.87785" lon="-120.16134"><ele>2562.0</ele></trkpt><trkpt lat="38.87795" lon="-120.16154"><ele>2560.0</ele></trkpt><trkpt lat="38.87797" lon="-120.16179"><ele>2556.5679414607584</ele></trkpt><trkpt lat="38.87789" lon="-120.16228999999998"><ele>2551.357077186927</ele></trkpt><trkpt lat="38.87783" lon="-120.16291999999999"><ele>2544.948925441131</ele></trkpt><trkpt lat="38.87765" lon="-120.16365000000002"><ele>2541.72445201315</ele></trkpt><trkpt lat="38.87769" lon="-120.16384"><ele>2540.3298929128796</ele></trkpt><trkpt lat="38.87762" lon="-120.16406999999998"><ele>2537.4708451246843</ele></trkpt><trkpt lat="38.87751" lon="-120.16426000000001"><ele>2535.2012311448343</ele></trkpt><trkpt lat="38.87741" lon="-120.16438"><ele>2533.0524296950357</ele></trkpt><trkpt lat="38.87713" lon="-120.16465"><ele>2529.9205155558884</ele></trkpt><trkpt lat="38.87699" lon="-120.16474"><ele>2528.9358013728847</ele></trkpt><trkpt lat="38.87684" lon="-120.16475000000003"><ele>2527.2045039381956</ele></trkpt><trkpt lat="38.87663" lon="-120.16494999999998"><ele>2523.939502222929</ele></trkpt><trkpt lat="38.87649" lon="-120.16501"><ele>2523.0</ele></trkpt><trkpt lat="38.87639" lon="-120.16502000000003"><ele>2522.6772657763213</ele></trkpt><trkpt lat="38.87636" lon="-120.16505000000001"><ele>2521.2791644441895</ele></trkpt><trkpt lat="38.87637" lon="-120.16507999999999"><ele>2519.881063111592</ele></trkpt><trkpt lat="38.87669" lon="-120.16525000000001"><ele>2513.9584888876416</ele></trkpt><trkpt lat="38.87703" lon="-120.16561000000002"><ele>2509.0</ele></trkpt><trkpt lat="38.8772" lon="-120.16561999999999"><ele>2506.0</ele></trkpt><trkpt lat="38.87759" lon="-120.16557999999998"><ele>2499.183249196398</ele></trkpt><trkpt lat="38.87807" lon="-120.16548"><ele>2494.0</ele></trkpt><trkpt lat="38.878440066854246" lon="-120.16551795557478"><ele>2491.0</ele></trkpt><trkpt lat="38.878440066854246" lon="-120.16551795557478"><ele>2491.0</ele></trkpt><trkpt lat="38.87846" lon="-120.16552000000001"><ele>2491.0</ele></trkpt><trkpt lat="38.87864" lon="-120.16588999999999"><ele>2491.0</ele></trkpt><trkpt lat="38.87881" lon="-120.16598999999997"><ele>2489.0</ele></trkpt><trkpt lat="38.87897" lon="-120.16602"><ele>2488.0</ele></trkpt><trkpt lat="38.8792" lon="-120.16591"><ele>2486.200259555131</ele></trkpt><trkpt lat="38.87932" lon="-120.16582"><ele>2485.0</ele></trkpt><trkpt lat="38.87939" lon="-120.16580999999996"><ele>2485.0</ele></trkpt><trkpt lat="38.87944" lon="-120.16584"><ele>2485.4624959994107</ele></trkpt><trkpt lat="38.87978" lon="-120.16629999999998"><ele>2482.792990614781</ele></trkpt><trkpt lat="38.8799" lon="-120.16640000000001"><ele>2481.0</ele></trkpt><trkpt lat="38.88022" lon="-120.16651000000002"><ele>2474.7617671117187</ele></trkpt><trkpt lat="38.88031" lon="-120.16649000000001"><ele>2471.9120119277013</ele></trkpt><trkpt lat="38.88038" lon="-120.16622999999998"><ele>2469.0</ele></trkpt><trkpt lat="38.88048" lon="-120.16611999999998"><ele>2468.0</ele></trkpt><trkpt lat="38.88055" lon="-120.16609"><ele>2467.0</ele></trkpt><trkpt lat="38.88062" lon="-120.16609"><ele>2465.924773229286</ele></trkpt><trkpt lat="38.88071" lon="-120.16615000000002"><ele>2464.543944275076</ele></trkpt><trkpt lat="38.881" lon="-120.16638"><ele>2459.175456540659</ele></trkpt><trkpt lat="38.88103" lon="-120.16638"><ele>2458.3794526718557</ele></trkpt><trkpt lat="38.88113" lon="-120.16625999999997"><ele>2457.0</ele></trkpt><trkpt lat="38.88146" lon="-120.16633000000002"><ele>2454.8644116078954</ele></trkpt><trkpt lat="38.88164" lon="-120.16645"><ele>2452.860542897135</ele></trkpt><trkpt lat="38.88173" lon="-120.16658000000001"><ele>2451.0</ele></trkpt><trkpt lat="38.88194" lon="-120.16701999999998"><ele>2448.0</ele></trkpt><trkpt lat="38.88217" lon="-120.16732999999999"><ele>2446.0</ele></trkpt><trkpt lat="38.88229" lon="-120.16741999999999"><ele>2444.0</ele></trkpt><trkpt lat="38.88269" lon="-120.16750000000002"><ele>2441.0</ele></trkpt><trkpt lat="38.88286" lon="-120.16757000000001"><ele>2439.1494622954306</ele></trkpt><trkpt lat="38.88304" lon="-120.16786000000002"><ele>2437.323672887869</ele></trkpt><trkpt lat="38.88312" lon="-120.16791999999998"><ele>2435.52747022314</ele></trkpt><trkpt lat="38.88323" lon="-120.16790000000003"><ele>2434.0</ele></trkpt><trkpt lat="38.88328" lon="-120.16782"><ele>2432.489193417132</ele></trkpt><trkpt lat="38.88338" lon="-120.16757000000001"><ele>2430.950002716535</ele></trkpt><trkpt lat="38.88347" lon="-120.16748999999999"><ele>2433.171172344737</ele></trkpt><trkpt lat="38.88362" lon="-120.16748999999999"><ele>2433.0</ele></trkpt><trkpt lat="38.88375" lon="-120.16741999999999"><ele>2430.4465995667624</ele></trkpt><trkpt lat="38.883804677154934" lon="-120.16735924760565"><ele>2429.7504619763204</ele></trkpt><trkpt lat="38.8838041532207" lon="-120.1673598298081"><ele>2429.7420260961862</ele></trkpt><trkpt lat="38.88393" lon="-120.16721999999999"><ele>2428.7621657866985</ele></trkpt><trkpt lat="38.88445" lon="-120.16708"><ele>2424.8795071317495</ele></trkpt><trkpt lat="38.88471" lon="-120.16687999999999"><ele>2422.063572537125</ele></trkpt><trkpt lat="38.88484" lon="-120.16681"><ele>2420.0</ele></trkpt><trkpt lat="38.88524" lon="-120.16679999999997"><ele>2414.3327229321003</ele></trkpt><trkpt lat="38.88542" lon="-120.16672"><ele>2409.0</ele></trkpt><trkpt lat="38.88553" lon="-120.16678999999999"><ele>2408.2133779703845</ele></trkpt><trkpt lat="38.88596" lon="-120.16715999999997"><ele>2401.2136610333228</ele></trkpt><trkpt lat="38.88598" lon="-120.16723000000002"><ele>2398.683800887782</ele></trkpt><trkpt lat="38.88597" lon="-120.16724999999997"><ele>2398.0</ele></trkpt><trkpt lat="38.88587" lon="-120.16723999999999"><ele>2396.301774776667</ele></trkpt><trkpt lat="38.88583" lon="-120.16728"><ele>2395.3536319993436</ele></trkpt><trkpt lat="38.8858" lon="-120.16751999999997"><ele>2392.1359335236602</ele></trkpt><trkpt lat="38.88585" lon="-120.16759000000002"><ele>2390.906584888231</ele></trkpt><trkpt lat="38.88593" lon="-120.16763000000003"><ele>2388.0</ele></trkpt><trkpt lat="38.886" lon="-120.16760999999997"><ele>2389.809832914121</ele></trkpt><trkpt lat="38.88623" lon="-120.16746999999998"><ele>2386.0303901710145</ele></trkpt><trkpt lat="38.88634" lon="-120.16748000000001"><ele>2382.507778290659</ele></trkpt><trkpt lat="38.8865" lon="-120.16755"><ele>2380.0</ele></trkpt><trkpt lat="38.88655" lon="-120.16760999999997"><ele>2378.0</ele></trkpt><trkpt lat="38.88661" lon="-120.16793000000001"><ele>2370.351963915301</ele></trkpt><trkpt lat="38.88665" lon="-120.16800999999998"><ele>2368.9715754972626</ele></trkpt><trkpt lat="38.88671" lon="-120.16805999999997"><ele>2366.324420590596</ele></trkpt><trkpt lat="38.88677" lon="-120.16805999999997"><ele>2365.730901381781</ele></trkpt><trkpt lat="38.88688" lon="-120.16795000000002"><ele>2362.273575210478</ele></trkpt><trkpt lat="38.88697" lon="-120.16798"><ele>2360.75574650988</ele></trkpt><trkpt lat="38.88707" lon="-120.16796999999997"><ele>2360.0</ele></trkpt><trkpt lat="38.88751" lon="-120.16787"><ele>2360.0</ele></trkpt><trkpt lat="38.88756" lon="-120.16787999999997"><ele>2359.262357899779</ele></trkpt><trkpt lat="38.8877" lon="-120.16805"><ele>2355.0260695114475</ele></trkpt><trkpt lat="38.88778" lon="-120.16809999999998"><ele>2353.897144889149</ele></trkpt><trkpt lat="38.88787" lon="-120.16809"><ele>2352.0</ele></trkpt><trkpt lat="38.88799" lon="-120.16814999999997"><ele>2350.8086933344603</ele></trkpt><trkpt lat="38.88814" lon="-120.16817000000003"><ele>2348.086997052072</ele></trkpt><trkpt lat="38.88827" lon="-120.16829999999999"><ele>2345.8181866668165</ele></trkpt><trkpt lat="38.88839" lon="-120.16836"><ele>2343.0</ele></trkpt><trkpt lat="38.88858" lon="-120.16831000000002"><ele>2341.2250136323937</ele></trkpt><trkpt lat="38.88866" lon="-120.16832"><ele>2341.0</ele></trkpt><trkpt lat="38.88883" lon="-120.16845999999998"><ele>2338.0</ele></trkpt><trkpt lat="38.88883" lon="-120.16845999999998"><ele>2338.0</ele></trkpt><trkpt lat="38.88897" lon="-120.16856999999999"><ele>2335.0</ele></trkpt><trkpt lat="38.88906" lon="-120.16859999999997"><ele>2335.0</ele></trkpt><trkpt lat="38.88944" lon="-120.16862000000003"><ele>2334.0</ele></trkpt><trkpt lat="38.88971" lon="-120.16883000000001"><ele>2330.3795156114224</ele></trkpt><trkpt lat="38.88974" lon="-120.16892000000001"><ele>2330.0</ele></trkpt><trkpt lat="38.88968" lon="-120.16917000000001"><ele>2327.1366139709417</ele></trkpt><trkpt lat="38.88971" lon="-120.16935000000001"><ele>2323.918808086789</ele></trkpt><trkpt lat="38.88974" lon="-120.1694"><ele>2323.554471110925</ele></trkpt><trkpt lat="38.88985" lon="-120.16949"><ele>2322.0</ele></trkpt><trkpt lat="38.88998" lon="-120.16951"><ele>2319.735650146085</ele></trkpt><trkpt lat="38.89002" lon="-120.16958999999997"><ele>2317.699829334393</ele></trkpt><trkpt lat="38.89004" lon="-120.16971999999998"><ele>2313.9803865205954</ele></trkpt><trkpt lat="38.89018" lon="-120.17003"><ele>2313.0</ele></trkpt><trkpt lat="38.89043" lon="-120.17025000000001"><ele>2310.0</ele></trkpt><trkpt lat="38.89048" lon="-120.17045999999999"><ele>2313.0</ele></trkpt><trkpt lat="38.89047" lon="-120.17054999999999"><ele>2312.800763528794</ele></trkpt><trkpt lat="38.89068" lon="-120.17088000000001"><ele>2311.0</ele></trkpt><trkpt lat="38.89103" lon="-120.17181"><ele>2312.0</ele></trkpt><trkpt lat="38.89103" lon="-120.17181"><ele>2312.0</ele></trkpt><trkpt lat="38.89119" lon="-120.17207000000002"><ele>2313.0</ele></trkpt><trkpt lat="38.89162" lon="-120.17232999999999"><ele>2314.0</ele></trkpt><trkpt lat="38.89187" lon="-120.17241999999999"><ele>2315.0</ele></trkpt><trkpt lat="38.89236" lon="-120.17272000000003"><ele>2317.971381777045</ele></trkpt><trkpt lat="38.89259" lon="-120.17277999999999"><ele>2318.9649457773194</ele></trkpt><trkpt lat="38.89283" lon="-120.17279000000002"><ele>2316.384626336071</ele></trkpt><trkpt lat="38.89304" lon="-120.17272000000003"><ele>2316.0</ele></trkpt><trkpt lat="38.8933" lon="-120.17254000000003"><ele>2314.780135112349</ele></trkpt><trkpt lat="38.8934" lon="-120.17250000000001"><ele>2314.0</ele></trkpt><trkpt lat="38.89362" lon="-120.17250000000001"><ele>2313.0</ele></trkpt><trkpt lat="38.89377" lon="-120.17243000000002"><ele>2313.0</ele></trkpt><trkpt lat="38.89483" lon="-120.17217"><ele>2306.0</ele></trkpt><trkpt lat="38.89518" lon="-120.17212999999998"><ele>2305.0</ele></trkpt><trkpt lat="38.89548" lon="-120.17221"><ele>2305.0</ele></trkpt><trkpt lat="38.89604" lon="-120.17254000000003"><ele>2306.0</ele></trkpt><trkpt lat="38.89653" lon="-120.17286999999999"><ele>2305.4473661363418</ele></trkpt><trkpt lat="38.89674" lon="-120.17307"><ele>2304.5200746664777</ele></trkpt><trkpt lat="38.89695" lon="-120.17320000000001"><ele>2303.5655769086716</ele></trkpt><trkpt lat="38.89819" lon="-120.17361"><ele>2298.0</ele></trkpt><trkpt lat="38.89848" lon="-120.17367000000002"><ele>2297.0</ele></trkpt><trkpt lat="38.89891" lon="-120.17381"><ele>2298.0</ele></trkpt><trkpt lat="38.899" lon="-120.17394999999999"><ele>2298.0</ele></trkpt><trkpt lat="38.89987" lon="-120.17443000000003"><ele>2294.0</ele></trkpt><trkpt lat="38.90035" lon="-120.17476999999997"><ele>2292.4201713806697</ele></trkpt><trkpt lat="38.9005" lon="-120.17482000000001"><ele>2290.62682089549</ele></trkpt><trkpt lat="38.90065" lon="-120.17479000000003"><ele>2289.0</ele></trkpt><trkpt lat="38.90104" lon="-120.17446999999999"><ele>2286.0</ele></trkpt><trkpt lat="38.9015" lon="-120.17431999999997"><ele>2285.7341475542635</ele></trkpt><trkpt lat="38.90167" lon="-120.17437999999999"><ele>2284.2911651220284</ele></trkpt><trkpt lat="38.90189" lon="-120.17455999999999"><ele>2284.0</ele></trkpt><trkpt lat="38.90206" lon="-120.17466000000002"><ele>2284.0</ele></trkpt><trkpt lat="38.90264" lon="-120.17462"><ele>2284.0</ele></trkpt><trkpt lat="38.90289" lon="-120.17471"><ele>2283.0</ele></trkpt><trkpt lat="38.90296" lon="-120.17467999999997"><ele>2283.847779106157</ele></trkpt><trkpt lat="38.90373" lon="-120.17403999999999"><ele>2284.0</ele></trkpt><trkpt lat="38.90394" lon="-120.17390999999998"><ele>2285.0</ele></trkpt><trkpt lat="38.90419" lon="-120.17385999999999"><ele>2285.0</ele></trkpt><trkpt lat="38.90469" lon="-120.17385999999999"><ele>2287.0</ele></trkpt><trkpt lat="38.90503" lon="-120.17397"><ele>2288.0</ele></trkpt><trkpt lat="38.90549" lon="-120.17406"><ele>2288.0</ele></trkpt><trkpt lat="38.90582" lon="-120.17428000000001"><ele>2288.0</ele></trkpt><trkpt lat="38.90609" lon="-120.17455000000001"><ele>2286.613849790156</ele></trkpt><trkpt lat="38.90623" lon="-120.1746"><ele>2286.0</ele></trkpt><trkpt lat="38.90656" lon="-120.17464000000001"><ele>2286.0</ele></trkpt><trkpt lat="38.9068" lon="-120.17482999999999"><ele>2285.0</ele></trkpt><trkpt lat="38.90703" lon="-120.17491000000001"><ele>2285.0</ele></trkpt><trkpt lat="38.90723" lon="-120.17497000000003"><ele>2286.0</ele></trkpt><trkpt lat="38.9076" lon="-120.17493000000002"><ele>2285.0</ele></trkpt><trkpt lat="38.90779" lon="-120.17507"><ele>2284.0</ele></trkpt><trkpt lat="38.90813" lon="-120.17543"><ele>2283.0</ele></trkpt><trkpt lat="38.90813" lon="-120.17543"><ele>2283.0</ele></trkpt><trkpt lat="38.90845" lon="-120.17597999999998"><ele>2279.0</ele></trkpt><trkpt lat="38.90859" lon="-120.17632000000003"><ele>2278.122407978176</ele></trkpt><trkpt lat="38.90867" lon="-120.17642000000001"><ele>2279.0</ele></trkpt><trkpt lat="38.90881" lon="-120.17644999999999"><ele>2278.0</ele></trkpt><trkpt lat="38.90887" lon="-120.17637000000002"><ele>2277.0</ele></trkpt><trkpt lat="38.90894" lon="-120.17635999999999"><ele>2277.0</ele></trkpt><trkpt lat="38.909" lon="-120.17642000000001"><ele>2278.0</ele></trkpt><trkpt lat="38.90985" lon="-120.17650000000003"><ele>2280.0</ele></trkpt><trkpt lat="38.91001" lon="-120.17656999999997"><ele>2278.5917475544848</ele></trkpt><trkpt lat="38.91015" lon="-120.17668000000003"><ele>2277.700600316748</ele></trkpt><trkpt lat="38.91027" lon="-120.17685"><ele>2277.0</ele></trkpt><trkpt lat="38.91046" lon="-120.17719999999997"><ele>2274.0</ele></trkpt><trkpt lat="38.91051" lon="-120.17732000000001"><ele>2274.0</ele></trkpt><trkpt lat="38.91056" lon="-120.17761000000002"><ele>2274.0</ele></trkpt><trkpt lat="38.91060206814029" lon="-120.17768812654629"><ele>2273.0</ele></trkpt><trkpt lat="38.9106" lon="-120.17768999999998"><ele>2273.0</ele></trkpt><trkpt lat="38.91056" lon="-120.17791999999997"><ele>2273.0</ele></trkpt><trkpt lat="38.91048" lon="-120.17806000000002"><ele>2273.0</ele></trkpt><trkpt lat="38.91031" lon="-120.17813000000001"><ele>2274.0</ele></trkpt><trkpt lat="38.9102" lon="-120.17833999999999"><ele>2274.0</ele></trkpt><trkpt lat="38.91012" lon="-120.17842999999999"><ele>2274.0</ele></trkpt><trkpt lat="38.91002" lon="-120.17869999999999"><ele>2272.4864700697362</ele></trkpt><trkpt lat="38.90999" lon="-120.17889000000002"><ele>2274.0</ele></trkpt><trkpt lat="38.90992" lon="-120.17894999999999"><ele>2275.0</ele></trkpt><trkpt lat="38.90973" lon="-120.17899"><ele>2278.536942419162</ele></trkpt><trkpt lat="38.90945" lon="-120.17914000000002"><ele>2283.0</ele></trkpt><trkpt lat="38.90918" lon="-120.17937"><ele>2287.811484651749</ele></trkpt><trkpt lat="38.90893" lon="-120.17946"><ele>2291.275509333238</ele></trkpt><trkpt lat="38.9088" lon="-120.17953"><ele>2295.0</ele></trkpt><trkpt lat="38.90873" lon="-120.17968000000002"><ele>2297.0</ele></trkpt><trkpt lat="38.90873" lon="-120.17987"><ele>2298.0</ele></trkpt><trkpt lat="38.90884" lon="-120.18011999999999"><ele>2299.0</ele></trkpt><trkpt lat="38.90885" lon="-120.18029999999999"><ele>2300.74505627883</ele></trkpt><trkpt lat="38.9088" lon="-120.18061999999998"><ele>2304.1855478998086</ele></trkpt><trkpt lat="38.90876" lon="-120.18076000000002"><ele>2305.0</ele></trkpt><trkpt lat="38.90854" lon="-120.18090999999998"><ele>2304.0</ele></trkpt><trkpt lat="38.90828" lon="-120.18103000000002"><ele>2308.0</ele></trkpt><trkpt lat="38.90824" lon="-120.18110999999999"><ele>2308.0156643526307</ele></trkpt><trkpt lat="38.90826" lon="-120.18119000000002"><ele>2309.8993528899737</ele></trkpt><trkpt lat="38.90825" lon="-120.18126999999998"><ele>2311.3184166742453</ele></trkpt><trkpt lat="38.9082" lon="-120.18132000000003"><ele>2312.0</ele></trkpt><trkpt lat="38.90813" lon="-120.18132000000003"><ele>2313.0</ele></trkpt><trkpt lat="38.90813" lon="-120.18132000000003"><ele>2313.0</ele></trkpt><trkpt lat="38.90802" lon="-120.18132000000003"><ele>2314.2560029914825</ele></trkpt><trkpt lat="38.90784" lon="-120.18153000000001"><ele>2317.035283634291</ele></trkpt><trkpt lat="38.90778" lon="-120.18169999999998"><ele>2319.0</ele></trkpt><trkpt lat="38.90772" lon="-120.18200000000002"><ele>2321.730476781456</ele></trkpt><trkpt lat="38.90769" lon="-120.18236999999999"><ele>2326.0</ele></trkpt><trkpt lat="38.90775" lon="-120.18275"><ele>2329.0</ele></trkpt><trkpt lat="38.90773" lon="-120.18291999999997"><ele>2330.6971236607014</ele></trkpt><trkpt lat="38.90758" lon="-120.1832"><ele>2333.0</ele></trkpt><trkpt lat="38.90764" lon="-120.1834"><ele>2335.9972928166917</ele></trkpt><trkpt lat="38.90753" lon="-120.18402000000003"><ele>2344.0</ele></trkpt><trkpt lat="38.90759" lon="-120.18473"><ele>2352.8753102221526</ele></trkpt><trkpt lat="38.90774" lon="-120.18495999999999"><ele>2357.0</ele></trkpt><trkpt lat="38.90794" lon="-120.18498"><ele>2360.972305200781</ele></trkpt><trkpt lat="38.90804" lon="-120.18507999999997"><ele>2363.0</ele></trkpt><trkpt lat="38.90813" lon="-120.18522999999999"><ele>2365.0</ele></trkpt><trkpt lat="38.90813" lon="-120.18522999999999"><ele>2365.0</ele></trkpt><trkpt lat="38.90818" lon="-120.18534"><ele>2367.30337066669</ele></trkpt><trkpt lat="38.90816" lon="-120.18547000000001"><ele>2370.3618097789586</ele></trkpt><trkpt lat="38.90813" lon="-120.18549999999999"><ele>2371.0</ele></trkpt><trkpt lat="38.90813" lon="-120.18549999999999"><ele>2371.0</ele></trkpt><trkpt lat="38.90799" lon="-120.18573000000004"><ele>2376.4480658217003</ele></trkpt><trkpt lat="38.90795" lon="-120.1859"><ele>2379.2168614004254</ele></trkpt><trkpt lat="38.90799" lon="-120.18619000000001"><ele>2382.9413870393805</ele></trkpt><trkpt lat="38.90813" lon="-120.18635999999998"><ele>2386.0</ele></trkpt><trkpt lat="38.90813" lon="-120.18635999999998"><ele>2386.0</ele></trkpt><trkpt lat="38.90837" lon="-120.18659000000002"><ele>2391.0</ele></trkpt><trkpt lat="38.9084" lon="-120.18669999999997"><ele>2393.0</ele></trkpt><trkpt lat="38.90813" lon="-120.18707999999998"><ele>2398.8054919574383</ele></trkpt><trkpt lat="38.90813" lon="-120.18707999999998"><ele>2398.8054919574383</ele></trkpt><trkpt lat="38.90799" lon="-120.18716"><ele>2400.121518222615</ele></trkpt><trkpt lat="38.90775" lon="-120.18705999999997"><ele>2402.0</ele></trkpt><trkpt lat="38.90741" lon="-120.18680999999998"><ele>2405.962021932545</ele></trkpt><trkpt lat="38.90731" lon="-120.18678"><ele>2407.0</ele></trkpt><trkpt lat="38.90709" lon="-120.1868"><ele>2412.0</ele></trkpt><trkpt lat="38.90698" lon="-120.18689999999998"><ele>2414.0</ele></trkpt><trkpt lat="38.90654" lon="-120.18696"><ele>2422.8008426669985</ele></trkpt><trkpt lat="38.9063" lon="-120.18696999999997"><ele>2426.4692815179656</ele></trkpt><trkpt lat="38.90619" lon="-120.18689"><ele>2427.4652336028357</ele></trkpt><trkpt lat="38.90596" lon="-120.18682999999999"><ele>2429.906748898079</ele></trkpt><trkpt lat="38.90587" lon="-120.18682999999999"><ele>2431.020710295672</ele></trkpt><trkpt lat="38.90585" lon="-120.18689"><ele>2433.1215370897826</ele></trkpt><trkpt lat="38.90602" lon="-120.18718000000001"><ele>2437.0959135158632</ele></trkpt><trkpt lat="38.90633" lon="-120.18759999999997"><ele>2446.300612353484</ele></trkpt><trkpt lat="38.90639" lon="-120.18777999999998"><ele>2449.0156124434434</ele></trkpt><trkpt lat="38.90646" lon="-120.18802"><ele>2450.6939771007746</ele></trkpt><trkpt lat="38.90642" lon="-120.18817000000001"><ele>2453.280436105095</ele></trkpt><trkpt lat="38.90637" lon="-120.18819000000002"><ele>2456.0103214386972</ele></trkpt><trkpt lat="38.90632" lon="-120.18815999999998"><ele>2456.078323479742</ele></trkpt><trkpt lat="38.90611" lon="-120.18794000000003"><ele>2460.817793533848</ele></trkpt><trkpt lat="38.90602" lon="-120.18797999999998"><ele>2462.0</ele></trkpt><trkpt lat="38.906" lon="-120.18806000000001"><ele>2464.0</ele></trkpt><trkpt lat="38.90602" lon="-120.18822"><ele>2465.5425172055575</ele></trkpt><trkpt lat="38.90643" lon="-120.18903"><ele>2479.132387402461</ele></trkpt><trkpt lat="38.90664" lon="-120.18930999999998"><ele>2481.941468859204</ele></trkpt><trkpt lat="38.90673" lon="-120.18952000000002"><ele>2484.0</ele></trkpt><trkpt lat="38.9068" lon="-120.18974000000003"><ele>2487.1189061662</ele></trkpt><trkpt lat="38.90683" lon="-120.18995000000001"><ele>2491.1449422230944</ele></trkpt><trkpt lat="38.90692" lon="-120.19016999999997"><ele>2494.0</ele></trkpt><trkpt lat="38.90694" lon="-120.19042999999999"><ele>2497.487559843675</ele></trkpt><trkpt lat="38.90694" lon="-120.19042999999999"><ele>2497.487559843675</ele></trkpt><trkpt lat="38.90702" lon="-120.19065999999998"><ele>2498.036500569042</ele></trkpt><trkpt lat="38.90723" lon="-120.19153"><ele>2507.451227911152</ele></trkpt><trkpt lat="38.90746" lon="-120.19196999999997"><ele>2514.228518443016</ele></trkpt><trkpt lat="38.90749" lon="-120.19209999999998"><ele>2515.002954838278</ele></trkpt><trkpt lat="38.90747" lon="-120.19249000000002"><ele>2520.106825228441</ele></trkpt><trkpt lat="38.90743" lon="-120.19259"><ele>2522.672771809411</ele></trkpt><trkpt lat="38.90737" lon="-120.19261"><ele>2524.0214712498378</ele></trkpt><trkpt lat="38.90723" lon="-120.19252"><ele>2526.57977646403</ele></trkpt><trkpt lat="38.90714" lon="-120.19252"><ele>2528.887947287802</ele></trkpt><trkpt lat="38.90709" lon="-120.19259999999997"><ele>2530.0</ele></trkpt><trkpt lat="38.90696" lon="-120.19308000000001"><ele>2535.0</ele></trkpt><trkpt lat="38.90696" lon="-120.19308000000001"><ele>2535.0</ele></trkpt><trkpt lat="38.90704" lon="-120.19308999999998"><ele>2534.0</ele></trkpt><trkpt lat="38.90723" lon="-120.19321000000002"><ele>2532.57977646403</ele></trkpt><trkpt lat="38.90734" lon="-120.19326000000001"><ele>2532.0</ele></trkpt><trkpt lat="38.90746" lon="-120.19326000000001"><ele>2531.8835979633945</ele></trkpt><trkpt lat="38.90761" lon="-120.19331999999997"><ele>2532.0</ele></trkpt><trkpt lat="38.90813" lon="-120.19326999999998"><ele>2531.86815644335</ele></trkpt><trkpt lat="38.90813" lon="-120.19326999999998"><ele>2531.86815644335</ele></trkpt><trkpt lat="38.90857" lon="-120.19328000000002"><ele>2531.334190223366</ele></trkpt><trkpt lat="38.90993" lon="-120.19310999999999"><ele>2516.4116159994155</ele></trkpt><trkpt lat="38.91042" lon="-120.19310999999999"><ele>2519.4116159994155</ele></trkpt><trkpt lat="38.910560154774615" lon="-120.1930985587939"><ele>2519.0</ele></trkpt><trkpt lat="38.91059062287697" lon="-120.19309607168128"><ele>2519.0</ele></trkpt><trkpt lat="38.9114" lon="-120.19303000000002"><ele>2514.0</ele></trkpt><trkpt lat="38.91185" lon="-120.19330000000002"><ele>2515.0</ele></trkpt><trkpt lat="38.91217" lon="-120.19357000000002"><ele>2514.0</ele></trkpt><trkpt lat="38.91234" lon="-120.19376"><ele>2513.0</ele></trkpt><trkpt lat="38.91245" lon="-120.19411000000002"><ele>2514.0</ele></trkpt><trkpt lat="38.91259" lon="-120.19421999999997"><ele>2514.0796125080124</ele></trkpt><trkpt lat="38.91318" lon="-120.19450999999998"><ele>2515.5080738615534</ele></trkpt><trkpt lat="38.91386" lon="-120.19502999999997"><ele>2523.0</ele></trkpt><trkpt lat="38.91398" lon="-120.19506999999999"><ele>2524.0</ele></trkpt><trkpt lat="38.91409" lon="-120.19518"><ele>2525.0</ele></trkpt><trkpt lat="38.91413" lon="-120.19538"><ele>2526.0</ele></trkpt><trkpt lat="38.91462" lon="-120.19601"><ele>2528.0</ele></trkpt><trkpt lat="38.91482" lon="-120.19623000000001"><ele>2528.0</ele></trkpt><trkpt lat="38.91509" lon="-120.19643000000002"><ele>2528.0</ele></trkpt><trkpt lat="38.91517" lon="-120.19655999999998"><ele>2528.0</ele></trkpt><trkpt lat="38.91518" lon="-120.19673999999998"><ele>2528.235661684781</ele></trkpt><trkpt lat="38.91527" lon="-120.19686999999999"><ele>2528.0</ele></trkpt><trkpt lat="38.91534" lon="-120.19687999999996"><ele>2529.0</ele></trkpt><trkpt lat="38.91541" lon="-120.19722999999999"><ele>2527.0</ele></trkpt><trkpt lat="38.9155" lon="-120.19732999999997"><ele>2525.943134848375</ele></trkpt><trkpt lat="38.91617" lon="-120.19781"><ele>2520.0</ele></trkpt><trkpt lat="38.91645" lon="-120.19806"><ele>2519.9637846084556</ele></trkpt><trkpt lat="38.91686" lon="-120.19828999999999"><ele>2524.1894264407456</ele></trkpt><trkpt lat="38.91744" lon="-120.19843000000003"><ele>2526.0</ele></trkpt><trkpt lat="38.9176" lon="-120.19822999999997"><ele>2523.0</ele></trkpt><trkpt lat="38.918" lon="-120.19804999999997"><ele>2520.666512024065</ele></trkpt><trkpt lat="38.91821" lon="-120.19808"><ele>2520.0</ele></trkpt><trkpt lat="38.91821" lon="-120.19826999999998"><ele>2519.114954667166</ele></trkpt><trkpt lat="38.91824" lon="-120.19842"><ele>2519.276325822342</ele></trkpt><trkpt lat="38.91835" lon="-120.19853999999998"><ele>2520.232464320059</ele></trkpt><trkpt lat="38.91842" lon="-120.19885999999997"><ele>2521.0</ele></trkpt><trkpt lat="38.91834" lon="-120.19912"><ele>2521.918634949959</ele></trkpt><trkpt lat="38.91819" lon="-120.19945000000001"><ele>2521.871263965282</ele></trkpt><trkpt lat="38.91821" lon="-120.19963000000001"><ele>2522.7479554783686</ele></trkpt><trkpt lat="38.91848" lon="-120.19997000000001"><ele>2526.0</ele></trkpt><trkpt lat="38.91856" lon="-120.20011"><ele>2527.0</ele></trkpt><trkpt lat="38.9185" lon="-120.20056999999997"><ele>2529.0</ele></trkpt><trkpt lat="38.91854" lon="-120.20077000000003"><ele>2532.0</ele></trkpt><trkpt lat="38.91867" lon="-120.20107000000002"><ele>2537.0</ele></trkpt><trkpt lat="38.91903" lon="-120.20105999999998"><ele>2540.0</ele></trkpt><trkpt lat="38.91919" lon="-120.2011"><ele>2542.0</ele></trkpt><trkpt lat="38.91974" lon="-120.20116000000002"><ele>2550.0</ele></trkpt><trkpt lat="38.92004" lon="-120.20128999999997"><ele>2552.627246221062</ele></trkpt><trkpt lat="38.92033" lon="-120.20134000000002"><ele>2555.0</ele></trkpt><trkpt lat="38.92068" lon="-120.20123999999998"><ele>2554.0</ele></trkpt><trkpt lat="38.92122" lon="-120.20131000000003"><ele>2555.0</ele></trkpt><trkpt lat="38.92146" lon="-120.20131000000003"><ele>2555.0</ele></trkpt><trkpt lat="38.92188" lon="-120.20152000000002"><ele>2556.0</ele></trkpt><trkpt lat="38.92193" lon="-120.20164999999997"><ele>2556.0</ele></trkpt><trkpt lat="38.92193" lon="-120.20164999999997"><ele>2556.0</ele></trkpt><trkpt lat="38.92193" lon="-120.20164999999997"><ele>2556.0</ele></trkpt><trkpt lat="38.92206" lon="-120.20168999999999"><ele>2556.0</ele></trkpt><trkpt lat="38.92209" lon="-120.20166"><ele>2555.9303789440555</ele></trkpt><trkpt lat="38.92237" lon="-120.20168000000001"><ele>2555.0</ele></trkpt><trkpt lat="38.92287" lon="-120.20193"><ele>2551.89845368828</ele></trkpt><trkpt lat="38.92304" lon="-120.20188000000002"><ele>2550.0</ele></trkpt><trkpt lat="38.92319" lon="-120.20170000000002"><ele>2546.0</ele></trkpt><trkpt lat="38.92344" lon="-120.20166"><ele>2542.0</ele></trkpt><trkpt lat="38.92364" lon="-120.20168000000001"><ele>2537.0</ele></trkpt><trkpt lat="38.9237" lon="-120.20179000000002"><ele>2534.095188142732</ele></trkpt><trkpt lat="38.9239" lon="-120.20181000000002"><ele>2528.2376783723375</ele></trkpt><trkpt lat="38.92394" lon="-120.20215000000002"><ele>2524.718492442742</ele></trkpt><trkpt lat="38.92407" lon="-120.20254999999997"><ele>2519.0</ele></trkpt><trkpt lat="38.92407" lon="-120.20271000000002"><ele>2517.182454951162</ele></trkpt><trkpt lat="38.92419" lon="-120.20312999999999"><ele>2512.0</ele></trkpt><trkpt lat="38.92419" lon="-120.20339000000001"><ele>2510.5056604440324</ele></trkpt><trkpt lat="38.92421" lon="-120.20361000000003"><ele>2509.0</ele></trkpt><trkpt lat="38.92428" lon="-120.20382000000001"><ele>2507.0</ele></trkpt><trkpt lat="38.92422" lon="-120.20409000000001"><ele>2505.0</ele></trkpt><trkpt lat="38.92422" lon="-120.20419698580491"><ele>2503.8973961165175</ele></trkpt><trkpt lat="38.92431500370134" lon="-120.20432250183347"><ele>2500.0122011061526</ele></trkpt><trkpt lat="38.92439" lon="-120.20436000000001"><ele>2498.300383999478</ele></trkpt><trkpt lat="38.9246" lon="-120.20458000000002"><ele>2493.0086862919143</ele></trkpt><trkpt lat="38.92478" lon="-120.20484999999996"><ele>2487.0</ele></trkpt><trkpt lat="38.92482" lon="-120.20515999999998"><ele>2481.0176817784086</ele></trkpt><trkpt lat="38.92523" lon="-120.20514000000003"><ele>2472.4429198224097</ele></trkpt><trkpt lat="38.92523" lon="-120.20514000000003"><ele>2472.4429198224097</ele></trkpt><trkpt lat="38.92529" lon="-120.20524999999998"><ele>2469.848672946915</ele></trkpt><trkpt lat="38.92523" lon="-120.20546999999999"><ele>2468.2527454052934</ele></trkpt><trkpt lat="38.92523" lon="-120.20546999999999"><ele>2468.2527454052934</ele></trkpt><trkpt lat="38.92514" lon="-120.20562999999999"><ele>2466.018907187999</ele></trkpt><trkpt lat="38.92502" lon="-120.20569999999998"><ele>2464.0193882418657</ele></trkpt><trkpt lat="38.92523" lon="-120.20578999999998"><ele>2459.6575537789613</ele></trkpt><trkpt lat="38.92523" lon="-120.20578999999998"><ele>2459.6575537789613</ele></trkpt><trkpt lat="38.92544" lon="-120.20580000000001"><ele>2452.8892725610604</ele></trkpt><trkpt lat="38.9255" lon="-120.20603"><ele>2449.1270662261263</ele></trkpt><trkpt lat="38.92567" lon="-120.20623"><ele>2444.0</ele></trkpt><trkpt lat="38.92624" lon="-120.20661000000001"><ele>2429.415933112469</ele></trkpt><trkpt lat="38.92647" lon="-120.20659999999998"><ele>2421.923516345728</ele></trkpt><trkpt lat="38.92689" lon="-120.20670999999999"><ele>2412.0</ele></trkpt><trkpt lat="38.92689" lon="-120.20670999999999"><ele>2412.0</ele></trkpt><trkpt lat="38.92711" lon="-120.20646999999997"><ele>2408.0</ele></trkpt><trkpt lat="38.92737867614286" lon="-120.20628681172082"><ele>2401.0</ele></trkpt><trkpt lat="38.92737867614286" lon="-120.20628681172082"><ele>2401.0</ele></trkpt><trkpt lat="38.92755" lon="-120.20616999999999"><ele>2399.0</ele></trkpt><trkpt lat="38.92772" lon="-120.20586000000003"><ele>2398.0</ele></trkpt><trkpt lat="38.92794" lon="-120.20564000000002"><ele>2396.0</ele></trkpt><trkpt lat="38.92796" lon="-120.20546999999999"><ele>2394.4293653331697</ele></trkpt><trkpt lat="38.92789" lon="-120.20514000000003"><ele>2392.9097216808145</ele></trkpt><trkpt lat="38.92794" lon="-120.20472999999998"><ele>2390.9428657768294</ele></trkpt><trkpt lat="38.92794" lon="-120.20472999999998"><ele>2390.9428657768294</ele></trkpt><trkpt lat="38.92794" lon="-120.20472999999998"><ele>2390.9428657768294</ele></trkpt><trkpt lat="38.92773" lon="-120.20396"><ele>2391.0</ele></trkpt><trkpt lat="38.92769" lon="-120.20357999999999"><ele>2393.0</ele></trkpt><trkpt lat="38.92752" lon="-120.20324"><ele>2395.2603412270546</ele></trkpt><trkpt lat="38.92751" lon="-120.20299999999997"><ele>2395.0</ele></trkpt><trkpt lat="38.92744" lon="-120.2029"><ele>2395.0</ele></trkpt><trkpt lat="38.92721" lon="-120.2027"><ele>2395.0</ele></trkpt><trkpt lat="38.92685" lon="-120.20199000000002"><ele>2392.0</ele></trkpt><trkpt lat="38.92686" lon="-120.20166999999998"><ele>2387.0679344192085</ele></trkpt><trkpt lat="38.92694" lon="-120.20140000000004"><ele>2385.005692558363</ele></trkpt><trkpt lat="38.92711" lon="-120.20113000000003"><ele>2383.681463984908</ele></trkpt><trkpt lat="38.92714" lon="-120.20046000000002"><ele>2382.0</ele></trkpt><trkpt lat="38.92719" lon="-120.20024000000001"><ele>2380.0</ele></trkpt><trkpt lat="38.92717" lon="-120.20006000000001"><ele>2379.0</ele></trkpt><trkpt lat="38.92706" lon="-120.19986"><ele>2377.0</ele></trkpt><trkpt lat="38.92697" lon="-120.19977"><ele>2377.0</ele></trkpt><trkpt lat="38.92699" lon="-120.19943"><ele>2377.0</ele></trkpt><trkpt lat="38.92707" lon="-120.19905"><ele>2373.235680000391</ele></trkpt><trkpt lat="38.92704" lon="-120.19891000000001"><ele>2372.9956291165463</ele></trkpt><trkpt lat="38.92707" lon="-120.19870000000003"><ele>2367.2015091740127</ele></trkpt><trkpt lat="38.92723" lon="-120.19837000000001"><ele>2359.8331794252854</ele></trkpt><trkpt lat="38.92748" lon="-120.19747000000001"><ele>2356.2068557842686</ele></trkpt><trkpt lat="38.92761" lon="-120.19736999999998"><ele>2351.0</ele></trkpt><trkpt lat="38.92777" lon="-120.19735000000003"><ele>2346.2937468527816</ele></trkpt><trkpt lat="38.92794" lon="-120.19745"><ele>2345.6702755559236</ele></trkpt><trkpt lat="38.92812" lon="-120.19738000000001"><ele>2341.408039111644</ele></trkpt><trkpt lat="38.9286" lon="-120.19709"><ele>2332.3917461028077</ele></trkpt><trkpt lat="38.92867" lon="-120.19696999999996"><ele>2329.3006542208605</ele></trkpt><trkpt lat="38.92876" lon="-120.19675999999998"><ele>2326.976223381236</ele></trkpt><trkpt lat="38.92874" lon="-120.19664999999998"><ele>2326.0</ele></trkpt><trkpt lat="38.92858" lon="-120.19643000000002"><ele>2322.134830223862</ele></trkpt><trkpt lat="38.92848" lon="-120.19608"><ele>2319.0</ele></trkpt><trkpt lat="38.92848" lon="-120.19556999999998"><ele>2315.0</ele></trkpt><trkpt lat="38.92845" lon="-120.19531"><ele>2314.9724111732066</ele></trkpt><trkpt lat="38.92857" lon="-120.19522999999998"><ele>2310.569328373298</ele></trkpt><trkpt lat="38.92884" lon="-120.19517000000002"><ele>2305.0761386526174</ele></trkpt><trkpt lat="38.92894" lon="-120.19488999999999"><ele>2301.3656284436584</ele></trkpt><trkpt lat="38.92896" lon="-120.19472000000002"><ele>2301.5569457770325</ele></trkpt><trkpt lat="38.9291" lon="-120.19448999999997"><ele>2299.0</ele></trkpt><trkpt lat="38.92927" lon="-120.19438000000002"><ele>2295.0</ele></trkpt><trkpt lat="38.92942" lon="-120.19409999999999"><ele>2293.5626269299537</ele></trkpt><trkpt lat="38.92969" lon="-120.19412999999997"><ele>2294.0</ele></trkpt><trkpt lat="38.92985" lon="-120.19407000000001"><ele>2294.0</ele></trkpt><trkpt lat="38.92991" lon="-120.19398999999999"><ele>2293.6122895236304</ele></trkpt><trkpt lat="38.9301" lon="-120.19384000000002"><ele>2291.0</ele></trkpt><trkpt lat="38.93023030386543" lon="-120.19380742403365"><ele>2291.0</ele></trkpt><trkpt lat="38.9302271692878" lon="-120.19380820769436"><ele>2291.0</ele></trkpt><trkpt lat="38.9303" lon="-120.19379000000004"><ele>2291.0</ele></trkpt><trkpt lat="38.9303" lon="-120.19379000000004"><ele>2291.0</ele></trkpt><trkpt lat="38.9303" lon="-120.19379000000004"><ele>2291.0</ele></trkpt><trkpt lat="38.93103" lon="-120.19348000000002"><ele>2296.015002094209</ele></trkpt><trkpt lat="38.93166" lon="-120.19335999999998"><ele>2296.0</ele></trkpt><trkpt lat="38.93179" lon="-120.19344999999998"><ele>2297.116551413963</ele></trkpt><trkpt lat="38.93183" lon="-120.1934"><ele>2296.0</ele></trkpt><trkpt lat="38.93199" lon="-120.19303000000002"><ele>2296.0</ele></trkpt><trkpt lat="38.93213" lon="-120.19292999999999"><ele>2296.0</ele></trkpt><trkpt lat="38.9324" lon="-120.19283999999999"><ele>2296.0</ele></trkpt><trkpt lat="38.93288" lon="-120.19283000000001"><ele>2296.0</ele></trkpt><trkpt lat="38.93305" lon="-120.1927"><ele>2294.3271080366308</ele></trkpt><trkpt lat="38.93323" lon="-120.19193000000001"><ele>2295.92313155553</ele></trkpt><trkpt lat="38.93339" lon="-120.1918"><ele>2298.145402811064</ele></trkpt><trkpt lat="38.93348" lon="-120.19157999999999"><ele>2297.0</ele></trkpt><trkpt lat="38.93375" lon="-120.19124"><ele>2291.0</ele></trkpt><trkpt lat="38.93374" lon="-120.19109000000003"><ele>2288.0</ele></trkpt><trkpt lat="38.93365" lon="-120.19094000000001"><ele>2286.0</ele></trkpt><trkpt lat="38.93364" lon="-120.19079999999997"><ele>2282.9078875986474</ele></trkpt><trkpt lat="38.93374" lon="-120.19067000000001"><ele>2281.0</ele></trkpt><trkpt lat="38.93375" lon="-120.19052999999997"><ele>2279.0</ele></trkpt><trkpt lat="38.93368" lon="-120.19042999999999"><ele>2277.3997051183633</ele></trkpt><trkpt lat="38.93368" lon="-120.19042999999999"><ele>2277.3997051183633</ele></trkpt><trkpt lat="38.93355" lon="-120.19022000000001"><ele>2274.0084922291608</ele></trkpt><trkpt lat="38.93338" lon="-120.19004000000001"><ele>2271.0</ele></trkpt><trkpt lat="38.93344" lon="-120.18986000000001"><ele>2266.950638222974</ele></trkpt><trkpt lat="38.93357" lon="-120.18970999999999"><ele>2263.9925623422423</ele></trkpt><trkpt lat="38.93392" lon="-120.18950999999998"><ele>2263.0</ele></trkpt><trkpt lat="38.93393" lon="-120.18899999999996"><ele>2257.0</ele></trkpt><trkpt lat="38.93386" lon="-120.18876"><ele>2253.3852393459297</ele></trkpt><trkpt lat="38.93408" lon="-120.18851000000001"><ele>2247.026746326635</ele></trkpt><trkpt lat="38.93423" lon="-120.18826999999999"><ele>2244.6197966348464</ele></trkpt><trkpt lat="38.93422" lon="-120.18788"><ele>2241.0</ele></trkpt><trkpt lat="38.93427" lon="-120.18777"><ele>2240.0</ele></trkpt><trkpt lat="38.93474" lon="-120.18788999999998"><ele>2237.0</ele></trkpt><trkpt lat="38.93553" lon="-120.18757"><ele>2231.0883569950674</ele></trkpt><trkpt lat="38.93634" lon="-120.18752999999998"><ele>2222.0</ele></trkpt><trkpt lat="38.93681" lon="-120.18704000000002"><ele>2214.0</ele></trkpt><trkpt lat="38.93717" lon="-120.18662"><ele>2206.0</ele></trkpt><trkpt lat="38.93708" lon="-120.18642999999997"><ele>2203.101052443497</ele></trkpt><trkpt lat="38.93708" lon="-120.18633"><ele>2203.0</ele></trkpt><trkpt lat="38.93757" lon="-120.18601000000001"><ele>2197.395769821975</ele></trkpt><trkpt lat="38.9378" lon="-120.18626999999998"><ele>2196.753928849649</ele></trkpt><trkpt lat="38.93807" lon="-120.18646000000001"><ele>2195.102223167595</ele></trkpt><trkpt lat="38.93848" lon="-120.18651999999997"><ele>2196.0</ele></trkpt><trkpt lat="38.93861" lon="-120.18653"><ele>2196.0</ele></trkpt><trkpt lat="38.93887" lon="-120.18621000000002"><ele>2193.272574758157</ele></trkpt><trkpt lat="38.93921" lon="-120.18615999999997"><ele>2191.901218280196</ele></trkpt><trkpt lat="38.93969" lon="-120.18473"><ele>2190.2485373325862</ele></trkpt><trkpt lat="38.93994" lon="-120.18385"><ele>2190.0</ele></trkpt><trkpt lat="38.93994" lon="-120.18385"><ele>2190.0</ele></trkpt><trkpt lat="38.93901" lon="-120.18369999999999"><ele>2192.888418634374</ele></trkpt><trkpt lat="38.93901" lon="-120.18369999999999"><ele>2192.888418634374</ele></trkpt><trkpt lat="38.93901" lon="-120.18369999999999"><ele>2192.888418634374</ele></trkpt><trkpt lat="38.93888" lon="-120.18358999999998"><ele>2190.747459554579</ele></trkpt><trkpt lat="38.939" lon="-120.18321000000003"><ele>2188.0</ele></trkpt><trkpt lat="38.93899" lon="-120.18277999999998"><ele>2191.917410165137</ele></trkpt><trkpt lat="38.93895" lon="-120.18266"><ele>2191.8052422497053</ele></trkpt><trkpt lat="38.93887" lon="-120.18257"><ele>2192.0</ele></trkpt><trkpt lat="38.93862" lon="-120.18241"><ele>2195.0</ele></trkpt><trkpt lat="38.93857" lon="-120.18228999999997"><ele>2196.0</ele></trkpt><trkpt lat="38.93842" lon="-120.18165999999997"><ele>2203.0</ele></trkpt><trkpt lat="38.93847" lon="-120.18138999999996"><ele>2208.0</ele></trkpt><trkpt lat="38.93847" lon="-120.18129999999996"><ele>2209.0</ele></trkpt><trkpt lat="38.93837" lon="-120.18020000000001"><ele>2220.237991109956</ele></trkpt><trkpt lat="38.93816" lon="-120.17952000000002"><ele>2231.0</ele></trkpt><trkpt lat="38.93809" lon="-120.17941000000002"><ele>2233.0</ele></trkpt><trkpt lat="38.9378" lon="-120.17924"><ele>2235.0</ele></trkpt><trkpt lat="38.93769" lon="-120.17908999999997"><ele>2238.0</ele></trkpt><trkpt lat="38.93764" lon="-120.17894999999999"><ele>2241.4765298248576</ele></trkpt><trkpt lat="38.93751" lon="-120.17821000000004"><ele>2252.0</ele></trkpt><trkpt lat="38.93742" lon="-120.17791999999997"><ele>2258.0</ele></trkpt><trkpt lat="38.93743" lon="-120.17782"><ele>2260.6194642951937</ele></trkpt><trkpt lat="38.93753" lon="-120.17767000000003"><ele>2264.14453688683</ele></trkpt><trkpt lat="38.93748" lon="-120.17746999999997"><ele>2268.4652124452405</ele></trkpt><trkpt lat="38.93757" lon="-120.17718000000002"><ele>2267.1621546931565</ele></trkpt><trkpt lat="38.93757" lon="-120.17692999999997"><ele>2273.0</ele></trkpt><trkpt lat="38.93759" lon="-120.17686000000003"><ele>2274.893272886984</ele></trkpt><trkpt lat="38.93764" lon="-120.17680000000001"><ele>2276.689475554507</ele></trkpt><trkpt lat="38.93794" lon="-120.17662999999999"><ele>2278.0</ele></trkpt><trkpt lat="38.93799" lon="-120.17656999999997"><ele>2277.5917475544848</ele></trkpt><trkpt lat="38.93813" lon="-120.17629"><ele>2277.4571982226335</ele></trkpt><trkpt lat="38.93822" lon="-120.17617000000001"><ele>2280.2563558562024</ele></trkpt><trkpt lat="38.93851" lon="-120.17606999999998"><ele>2283.0</ele></trkpt><trkpt lat="38.93878" lon="-120.17566"><ele>2286.0</ele></trkpt><trkpt lat="38.93899" lon="-120.17545000000001"><ele>2291.0</ele></trkpt><trkpt lat="38.93901" lon="-120.17536999999999"><ele>2292.0</ele></trkpt><trkpt lat="38.93898" lon="-120.17525999999998"><ele>2294.0</ele></trkpt><trkpt lat="38.93891" lon="-120.17518999999999"><ele>2295.720913778059</ele></trkpt><trkpt lat="38.93872" lon="-120.17507"><ele>2298.0</ele></trkpt><trkpt lat="38.93865" lon="-120.17493999999999"><ele>2299.7147853535116</ele></trkpt><trkpt lat="38.93864" lon="-120.17478"><ele>2301.7842804952015</ele></trkpt><trkpt lat="38.93866" lon="-120.17467999999997"><ele>2302.4177032315183</ele></trkpt><trkpt lat="38.93882" lon="-120.17444"><ele>2306.0</ele></trkpt><trkpt lat="38.93884" lon="-120.17435999999998"><ele>2307.0281373665107</ele></trkpt><trkpt lat="38.93883" lon="-120.17421000000002"><ele>2309.7989467939615</ele></trkpt><trkpt lat="38.93878" lon="-120.17408"><ele>2312.0</ele></trkpt><trkpt lat="38.93854" lon="-120.17374999999998"><ele>2317.992394423064</ele></trkpt><trkpt lat="38.93838" lon="-120.17358999999999"><ele>2320.180701891511</ele></trkpt><trkpt lat="38.9383" lon="-120.17347000000001"><ele>2323.0</ele></trkpt><trkpt lat="38.93829537363921" lon="-120.17345355071717"><ele>2323.0</ele></trkpt><trkpt lat="38.93833526339639" lon="-120.1735228950779"><ele>2322.128857050028</ele></trkpt><trkpt lat="38.9383" lon="-120.17347000000001"><ele>2323.0</ele></trkpt><trkpt lat="38.93821" lon="-120.17315000000002"><ele>2329.7918044431135</ele></trkpt><trkpt lat="38.93815" lon="-120.17273999999998"><ele>2334.0</ele></trkpt><trkpt lat="38.93816" lon="-120.17221999999998"><ele>2341.0</ele></trkpt><trkpt lat="38.93805" lon="-120.17144000000002"><ele>2347.0</ele></trkpt><trkpt lat="38.93793" lon="-120.17081000000002"><ele>2349.092661438113</ele></trkpt><trkpt lat="38.93779" lon="-120.17048999999997"><ele>2351.0</ele></trkpt><trkpt lat="38.93771" lon="-120.17036999999999"><ele>2351.0</ele></trkpt><trkpt lat="38.93749" lon="-120.17014"><ele>2355.0</ele></trkpt><trkpt lat="38.93723" lon="-120.16993000000002"><ele>2357.854680887889</ele></trkpt><trkpt lat="38.93718" lon="-120.16984000000002"><ele>2358.0</ele></trkpt><trkpt lat="38.93709" lon="-120.16964000000002"><ele>2359.0</ele></trkpt><trkpt lat="38.93695" lon="-120.16908999999998"><ele>2360.0</ele></trkpt><trkpt lat="38.93674" lon="-120.16856000000001"><ele>2363.0</ele></trkpt><trkpt lat="38.93673" lon="-120.16845999999998"><ele>2363.0</ele></trkpt><trkpt lat="38.93673" lon="-120.16845999999998"><ele>2363.0</ele></trkpt><trkpt lat="38.93672" lon="-120.16818"><ele>2363.0</ele></trkpt><trkpt lat="38.9367" lon="-120.16808000000003"><ele>2363.0</ele></trkpt><trkpt lat="38.93665" lon="-120.16799000000003"><ele>2363.208047906909</ele></trkpt><trkpt lat="38.93643" lon="-120.16775000000001"><ele>2368.0</ele></trkpt><trkpt lat="38.93635" lon="-120.16760999999997"><ele>2370.0</ele></trkpt><trkpt lat="38.93623" lon="-120.16723999999999"><ele>2374.0</ele></trkpt><trkpt lat="38.93593" lon="-120.16592000000003"><ele>2374.0</ele></trkpt><trkpt lat="38.93594" lon="-120.16570000000002"><ele>2374.0</ele></trkpt><trkpt lat="38.93597" lon="-120.16556000000003"><ele>2375.5114417760633</ele></trkpt><trkpt lat="38.93611" lon="-120.16525999999999"><ele>2375.6364421453327</ele></trkpt><trkpt lat="38.93626" lon="-120.16482000000002"><ele>2374.0</ele></trkpt><trkpt lat="38.93633" lon="-120.16412000000003"><ele>2377.0</ele></trkpt><trkpt lat="38.9363" lon="-120.16393"><ele>2378.120116103837</ele></trkpt><trkpt lat="38.93612" lon="-120.16361"><ele>2382.0</ele></trkpt><trkpt lat="38.9361" lon="-120.16338999999999"><ele>2384.6407715552486</ele></trkpt><trkpt lat="38.93615" lon="-120.16325"><ele>2386.0</ele></trkpt><trkpt lat="38.93639" lon="-120.16291000000001"><ele>2386.8606909718364</ele></trkpt><trkpt lat="38.93677" lon="-120.16203999999999"><ele>2385.0</ele></trkpt><trkpt lat="38.93679" lon="-120.16188"><ele>2385.9987560192862</ele></trkpt><trkpt lat="38.93677" lon="-120.16179999999997"><ele>2385.3290567465947</ele></trkpt><trkpt lat="38.93655" lon="-120.16155000000003"><ele>2388.0</ele></trkpt><trkpt lat="38.93637" lon="-120.16129000000001"><ele>2389.0</ele></trkpt><trkpt lat="38.93618" lon="-120.16093000000001"><ele>2392.0</ele></trkpt><trkpt lat="38.93595" lon="-120.15987999999999"><ele>2394.22255593352</ele></trkpt><trkpt lat="38.93589" lon="-120.15953000000002"><ele>2397.0</ele></trkpt><trkpt lat="38.93599" lon="-120.15899999999999"><ele>2389.0</ele></trkpt><trkpt lat="38.93601" lon="-120.15827000000002"><ele>2393.0</ele></trkpt><trkpt lat="38.93597" lon="-120.15809000000002"><ele>2395.6386737772264</ele></trkpt><trkpt lat="38.93579" lon="-120.15778999999998"><ele>2398.0</ele></trkpt><trkpt lat="38.93568" lon="-120.15742999999998"><ele>2402.637583342976</ele></trkpt><trkpt lat="38.93543" lon="-120.15694000000002"><ele>2408.0</ele></trkpt><trkpt lat="38.93521" lon="-120.15642000000003"><ele>2411.0</ele></trkpt><trkpt lat="38.93481" lon="-120.15584000000001"><ele>2411.522990649566</ele></trkpt><trkpt lat="38.93473" lon="-120.15557000000001"><ele>2413.290942660003</ele></trkpt><trkpt lat="38.93473" lon="-120.15535999999997"><ele>2411.04237210054</ele></trkpt><trkpt lat="38.93471" lon="-120.15517999999997"><ele>2411.0</ele></trkpt><trkpt lat="38.93453" lon="-120.15492"><ele>2412.0</ele></trkpt><trkpt lat="38.93441" lon="-120.15481999999997"><ele>2412.0</ele></trkpt><trkpt lat="38.9343" lon="-120.15469000000002"><ele>2413.0</ele></trkpt><trkpt lat="38.93405" lon="-120.15433000000002"><ele>2417.0</ele></trkpt><trkpt lat="38.93405" lon="-120.15433000000002"><ele>2417.0</ele></trkpt><trkpt lat="38.93401" lon="-120.15421000000003"><ele>2416.0</ele></trkpt><trkpt lat="38.934" lon="-120.15409999999997"><ele>2416.0</ele></trkpt><trkpt lat="38.93393" lon="-120.15390000000002"><ele>2417.0</ele></trkpt><trkpt lat="38.93393" lon="-120.15370999999999"><ele>2417.0</ele></trkpt><trkpt lat="38.93378" lon="-120.15340000000003"><ele>2419.0</ele></trkpt><trkpt lat="38.93384" lon="-120.15318000000002"><ele>2419.5387413343415</ele></trkpt><trkpt lat="38.93367" lon="-120.15224"><ele>2423.0</ele></trkpt><trkpt lat="38.93371" lon="-120.15190000000001"><ele>2424.0</ele></trkpt><trkpt lat="38.93368" lon="-120.15161999999998"><ele>2427.0</ele></trkpt><trkpt lat="38.93373" lon="-120.15127999999999"><ele>2427.0</ele></trkpt><trkpt lat="38.93382" lon="-120.15082999999998"><ele>2427.0034193689626</ele></trkpt><trkpt lat="38.93403" lon="-120.15030999999999"><ele>2426.0</ele></trkpt><trkpt lat="38.93395" lon="-120.14992999999998"><ele>2428.0036668216885</ele></trkpt><trkpt lat="38.93358" lon="-120.14956000000001"><ele>2429.869983039521</ele></trkpt><trkpt lat="38.93346" lon="-120.14945999999998"><ele>2430.0</ele></trkpt><trkpt lat="38.9334" lon="-120.14944000000003"><ele>2430.0</ele></trkpt><trkpt lat="38.9334" lon="-120.14944000000003"><ele>2430.0</ele></trkpt><trkpt lat="38.93333" lon="-120.14953000000003"><ele>2431.0</ele></trkpt><trkpt lat="38.93324" lon="-120.14974000000001"><ele>2434.0</ele></trkpt><trkpt lat="38.93305" lon="-120.1499"><ele>2438.0</ele></trkpt><trkpt lat="38.93294" lon="-120.15003000000002"><ele>2440.5572911333293</ele></trkpt><trkpt lat="38.93254" lon="-120.15091999999999"><ele>2453.52146387659</ele></trkpt><trkpt lat="38.93228" lon="-120.15116999999998"><ele>2458.8659519990906</ele></trkpt><trkpt lat="38.9322" lon="-120.15161"><ele>2463.0</ele></trkpt><trkpt lat="38.93206" lon="-120.1517"><ele>2466.0</ele></trkpt><trkpt lat="38.93195" lon="-120.15170999999998"><ele>2466.0317759993486</ele></trkpt><trkpt lat="38.93163" lon="-120.15201000000002"><ele>2470.012789334636</ele></trkpt><trkpt lat="38.93152" lon="-120.15202"><ele>2469.4788231113926</ele></trkpt><trkpt lat="38.93142" lon="-120.15195"><ele>2468.134376553654</ele></trkpt><trkpt lat="38.93123" lon="-120.15196000000003"><ele>2469.0</ele></trkpt><trkpt lat="38.93091" lon="-120.15202999999997"><ele>2470.944856888149</ele></trkpt><trkpt lat="38.930771472586194" lon="-120.15215005709194"><ele>2471.5399228995666</ele></trkpt><trkpt lat="38.93074037245379" lon="-120.15215999999998"><ele>2471.0032959990203</ele></trkpt><trkpt lat="38.93057" lon="-120.15215999999998"><ele>2471.0</ele></trkpt><trkpt lat="38.93043" lon="-120.15202"><ele>2470.0</ele></trkpt><trkpt lat="38.93017" lon="-120.15202999999997"><ele>2475.0</ele></trkpt><trkpt lat="38.92999" lon="-120.15220999999997"><ele>2477.19322059893</ele></trkpt><trkpt lat="38.92979" lon="-120.15247999999997"><ele>2481.0</ele></trkpt><trkpt lat="38.92956" lon="-120.15305000000001"><ele>2487.0</ele></trkpt><trkpt lat="38.92937" lon="-120.15316999999999"><ele>2489.4739965126</ele></trkpt><trkpt lat="38.9292" lon="-120.15339"><ele>2493.0</ele></trkpt><trkpt lat="38.92911" lon="-120.15363000000002"><ele>2495.0</ele></trkpt><trkpt lat="38.92914" lon="-120.15386999999998"><ele>2496.0</ele></trkpt><trkpt lat="38.9291" lon="-120.15400999999997"><ele>2497.0</ele></trkpt><trkpt lat="38.92891" lon="-120.15418"><ele>2499.990153340623</ele></trkpt><trkpt lat="38.92834" lon="-120.15456"><ele>2509.0</ele></trkpt><trkpt lat="38.92815" lon="-120.15474"><ele>2511.0</ele></trkpt><trkpt lat="38.92793" lon="-120.15465"><ele>2513.0319398551455</ele></trkpt><trkpt lat="38.92786" lon="-120.15472999999997"><ele>2514.9756447836344</ele></trkpt><trkpt lat="38.9277" lon="-120.15478999999999"><ele>2516.775308523932</ele></trkpt><trkpt lat="38.9276" lon="-120.15494999999999"><ele>2519.0</ele></trkpt><trkpt lat="38.9275" lon="-120.15496999999999"><ele>2519.977681875258</ele></trkpt><trkpt lat="38.92739" lon="-120.15512000000001"><ele>2522.0</ele></trkpt><trkpt lat="38.92708" lon="-120.15537999999998"><ele>2527.6441273084747</ele></trkpt><trkpt lat="38.9268" lon="-120.15550000000002"><ele>2530.658577779308</ele></trkpt><trkpt lat="38.92665" lon="-120.15561000000002"><ele>2532.784949334804</ele></trkpt><trkpt lat="38.92648" lon="-120.15580999999997"><ele>2535.1056248876266</ele></trkpt><trkpt lat="38.92626" lon="-120.15591999999998"><ele>2537.0</ele></trkpt><trkpt lat="38.92586" lon="-120.15607"><ele>2538.2225031107664</ele></trkpt><trkpt lat="38.92523" lon="-120.15618"><ele>2531.3488746671937</ele></trkpt><trkpt lat="38.92523" lon="-120.15618"><ele>2531.3488746671937</ele></trkpt><trkpt lat="38.92463" lon="-120.15634"><ele>2526.0</ele></trkpt><trkpt lat="38.92448" lon="-120.15633000000003"><ele>2526.0</ele></trkpt><trkpt lat="38.92439" lon="-120.15622000000002"><ele>2526.0</ele></trkpt><trkpt lat="38.92427" lon="-120.15620000000001"><ele>2525.316566898132</ele></trkpt><trkpt lat="38.92406" lon="-120.15582999999998"><ele>2523.0</ele></trkpt><trkpt lat="38.92402" lon="-120.15568000000002"><ele>2524.0</ele></trkpt><trkpt lat="38.92405" lon="-120.15559999999999"><ele>2523.3189155557193</ele></trkpt><trkpt lat="38.92412" lon="-120.15552000000002"><ele>2522.0640612449497</ele></trkpt><trkpt lat="38.92415" lon="-120.15539999999999"><ele>2522.0</ele></trkpt><trkpt lat="38.92405" lon="-120.15526"><ele>2521.4125766160478</ele></trkpt><trkpt lat="38.92394" lon="-120.15519999999998"><ele>2521.486824932499</ele></trkpt><trkpt lat="38.92381" lon="-120.15523999999999"><ele>2523.0</ele></trkpt><trkpt lat="38.92371" lon="-120.15517"><ele>2524.0</ele></trkpt><trkpt lat="38.92363" lon="-120.15514000000002"><ele>2524.1186382211745</ele></trkpt><trkpt lat="38.92353" lon="-120.15501999999998"><ele>2523.0</ele></trkpt><trkpt lat="38.92343" lon="-120.15503000000001"><ele>2522.1791235439687</ele></trkpt><trkpt lat="38.92335" lon="-120.15496000000002"><ele>2523.0</ele></trkpt><trkpt lat="38.92313" lon="-120.15490999999997"><ele>2523.0</ele></trkpt><trkpt lat="38.92299" lon="-120.15483"><ele>2523.0</ele></trkpt><trkpt lat="38.92291" lon="-120.15462000000002"><ele>2523.2050462503366</ele></trkpt><trkpt lat="38.92239" lon="-120.1542"><ele>2523.4007583892553</ele></trkpt><trkpt lat="38.92216" lon="-120.15406999999999"><ele>2524.0</ele></trkpt><trkpt lat="38.92168" lon="-120.15388999999999"><ele>2522.939094468998</ele></trkpt><trkpt lat="38.92157" lon="-120.15379999999999"><ele>2523.567164445296</ele></trkpt><trkpt lat="38.92147" lon="-120.15366"><ele>2524.415310244076</ele></trkpt><trkpt lat="38.9213" lon="-120.1531"><ele>2528.1405296158046</ele></trkpt><trkpt lat="38.9213" lon="-120.15274999999997"><ele>2524.569653627555</ele></trkpt><trkpt lat="38.92155" lon="-120.15242"><ele>2524.0139100203637</ele></trkpt><trkpt lat="38.92161" lon="-120.15219000000002"><ele>2524.0</ele></trkpt><trkpt lat="38.92174" lon="-120.15190999999999"><ele>2526.4969506449997</ele></trkpt><trkpt lat="38.9218" lon="-120.15161"><ele>2532.091020721942</ele></trkpt><trkpt lat="38.92193" lon="-120.15138000000002"><ele>2530.5731560762083</ele></trkpt><trkpt lat="38.92198" lon="-120.15107999999998"><ele>2531.9148680707376</ele></trkpt><trkpt lat="38.92193" lon="-120.15087"><ele>2532.1010449047844</ele></trkpt><trkpt lat="38.92179" lon="-120.15066999999999"><ele>2532.492008831352</ele></trkpt><trkpt lat="38.92159" lon="-120.15048999999999"><ele>2533.0</ele></trkpt><trkpt lat="38.92151" lon="-120.15026"><ele>2534.3908902694848</ele></trkpt><trkpt lat="38.92126" lon="-120.15019000000001"><ele>2536.0</ele></trkpt><trkpt lat="38.92111" lon="-120.15019000000001"><ele>2537.0</ele></trkpt><trkpt lat="38.92099" lon="-120.15012999999999"><ele>2538.3436904583577</ele></trkpt><trkpt lat="38.92081" lon="-120.14990999999998"><ele>2537.0</ele></trkpt><trkpt lat="38.92054" lon="-120.1499"><ele>2534.581200736636</ele></trkpt><trkpt lat="38.92044" lon="-120.15003000000002"><ele>2534.0</ele></trkpt><trkpt lat="38.92031" lon="-120.15010000000001"><ele>2533.0</ele></trkpt><trkpt lat="38.92021" lon="-120.15006"><ele>2531.97945935179</ele></trkpt><trkpt lat="38.92007" lon="-120.14992000000001"><ele>2532.0</ele></trkpt><trkpt lat="38.91995" lon="-120.14965000000001"><ele>2533.979114541303</ele></trkpt><trkpt lat="38.91976" lon="-120.14945999999998"><ele>2531.8943430930376</ele></trkpt><trkpt lat="38.91971" lon="-120.14926000000003"><ele>2530.899370595813</ele></trkpt><trkpt lat="38.91959" lon="-120.14906000000002"><ele>2530.0</ele></trkpt><trkpt lat="38.91925" lon="-120.14863000000003"><ele>2533.1751526031894</ele></trkpt><trkpt lat="38.91917" lon="-120.14848"><ele>2534.775622332172</ele></trkpt><trkpt lat="38.91827" lon="-120.14780000000002"><ele>2538.1209058488535</ele></trkpt><trkpt lat="38.91798" lon="-120.14764000000002"><ele>2541.176848642637</ele></trkpt><trkpt lat="38.91747" lon="-120.14722"><ele>2548.0</ele></trkpt><trkpt lat="38.91658" lon="-120.14668"><ele>2555.0</ele></trkpt><trkpt lat="38.91634" lon="-120.14648"><ele>2560.703889777884</ele></trkpt><trkpt lat="38.91634" lon="-120.14648"><ele>2560.703889777884</ele></trkpt><trkpt lat="38.91619" lon="-120.14636000000002"><ele>2563.017365956214</ele></trkpt><trkpt lat="38.91597" lon="-120.14609000000002"><ele>2563.985675179381</ele></trkpt><trkpt lat="38.91588" lon="-120.14589999999998"><ele>2566.0</ele></trkpt><trkpt lat="38.9159" lon="-120.14576"><ele>2567.0</ele></trkpt><trkpt lat="38.9159" lon="-120.14576"><ele>2567.0</ele></trkpt><trkpt lat="38.91605" lon="-120.14573999999999"><ele>2568.0</ele></trkpt><trkpt lat="38.91622" lon="-120.14578"><ele>2569.0</ele></trkpt><trkpt lat="38.91646" lon="-120.14591000000001"><ele>2570.1689038388768</ele></trkpt><trkpt lat="38.91678" lon="-120.14580000000001"><ele>2573.0</ele></trkpt><trkpt lat="38.91696" lon="-120.14580000000001"><ele>2574.108521149672</ele></trkpt><trkpt lat="38.91714" lon="-120.14569"><ele>2576.0</ele></trkpt><trkpt lat="38.91739" lon="-120.14542"><ele>2578.0</ele></trkpt><trkpt lat="38.91752" lon="-120.14534000000003"><ele>2579.76848138142</ele></trkpt><trkpt lat="38.91767" lon="-120.14515"><ele>2581.0</ele></trkpt><trkpt lat="38.91802" lon="-120.14495999999997"><ele>2584.0</ele></trkpt><trkpt lat="38.91835" lon="-120.14436"><ele>2587.0</ele></trkpt><trkpt lat="38.91835" lon="-120.14436"><ele>2587.0</ele></trkpt><trkpt lat="38.9183" lon="-120.14423"><ele>2587.0</ele></trkpt><trkpt lat="38.91797" lon="-120.14373999999998"><ele>2587.397144889459</ele></trkpt><trkpt lat="38.91738" lon="-120.14312999999999"><ele>2591.2772629063197</ele></trkpt><trkpt lat="38.91731" lon="-120.14297999999997"><ele>2592.0</ele></trkpt><trkpt lat="38.91729" lon="-120.14282000000003"><ele>2593.0</ele></trkpt><trkpt lat="38.91715" lon="-120.14256999999998"><ele>2596.0</ele></trkpt><trkpt lat="38.91713" lon="-120.14233999999999"><ele>2599.1295175912614</ele></trkpt><trkpt lat="38.91723" lon="-120.14238"><ele>2600.222261333838</ele></trkpt><trkpt lat="38.91727" lon="-120.14238"><ele>2601.0</ele></trkpt><trkpt lat="38.91727" lon="-120.14233999999999"><ele>2601.0</ele></trkpt><trkpt lat="38.91721" lon="-120.14188000000001"><ele>2605.2328638168983</ele></trkpt><trkpt lat="38.91709" lon="-120.14154000000002"><ele>2607.9974177918266</ele></trkpt><trkpt lat="38.91707" lon="-120.14139"><ele>2610.0</ele></trkpt><trkpt lat="38.91709" lon="-120.14116999999999"><ele>2612.162080112354</ele></trkpt><trkpt lat="38.91697" lon="-120.14080000000001"><ele>2612.0</ele></trkpt><trkpt lat="38.91686" lon="-120.14058999999997"><ele>2613.0</ele></trkpt><trkpt lat="38.91676" lon="-120.14047"><ele>2615.0</ele></trkpt><trkpt lat="38.91637" lon="-120.14024999999998"><ele>2621.1960770175183</ele></trkpt><trkpt lat="38.916" lon="-120.13992999999999"><ele>2627.2969262274437</ele></trkpt><trkpt lat="38.91549" lon="-120.13943999999998"><ele>2627.7916693338193</ele></trkpt><trkpt lat="38.91512" lon="-120.13902000000002"><ele>2634.365087999031</ele></trkpt><trkpt lat="38.91508" lon="-120.13896999999997"><ele>2635.6952568897977</ele></trkpt><trkpt lat="38.91497" lon="-120.13893999999999"><ele>2635.9869081230836</ele></trkpt><trkpt lat="38.91483" lon="-120.1388"><ele>2638.370827409525</ele></trkpt><trkpt lat="38.91473445365538" lon="-120.13866770506127"><ele>2639.973430469732</ele></trkpt><trkpt lat="38.914770645638306" lon="-120.13871781699675"><ele>2639.472773447254</ele></trkpt><trkpt lat="38.9147" lon="-120.13862"><ele>2640.815024025446</ele></trkpt><trkpt lat="38.9147" lon="-120.13857000000002"><ele>2642.0</ele></trkpt><trkpt lat="38.91491" lon="-120.13866999999999"><ele>2643.676270222757</ele></trkpt><trkpt lat="38.91471" lon="-120.13842999999997"><ele>2646.0</ele></trkpt><trkpt lat="38.91453" lon="-120.13835"><ele>2648.0</ele></trkpt><trkpt lat="38.91435" lon="-120.13815"><ele>2652.9100266667083</ele></trkpt><trkpt lat="38.91413" lon="-120.13801000000001"><ele>2655.292721577958</ele></trkpt><trkpt lat="38.91436" lon="-120.13803999999999"><ele>2657.485904166475</ele></trkpt><trkpt lat="38.91452" lon="-120.13800000000003"><ele>2659.900533331558</ele></trkpt><trkpt lat="38.91454" lon="-120.13796000000002"><ele>2661.8189368412086</ele></trkpt><trkpt lat="38.91431" lon="-120.13788999999997"><ele>2663.0269048903137</ele></trkpt><trkpt lat="38.91353" lon="-120.13740000000001"><ele>2676.8625599988736</ele></trkpt><trkpt lat="38.913" lon="-120.13722999999999"><ele>2681.7836740797356</ele></trkpt><trkpt lat="38.91292" lon="-120.13711999999998"><ele>2686.91150577832</ele></trkpt><trkpt lat="38.91282" lon="-120.13718"><ele>2684.115303110797</ele></trkpt><trkpt lat="38.91273" lon="-120.13704999999999"><ele>2692.3518237592652</ele></trkpt><trkpt lat="38.91221" lon="-120.13692000000003"><ele>2701.7522962918224</ele></trkpt><trkpt lat="38.9122" lon="-120.13686000000001"><ele>2704.0283839991316</ele></trkpt><trkpt lat="38.91232" lon="-120.13686000000001"><ele>2704.0283839991316</ele></trkpt><trkpt lat="38.91235" lon="-120.13680999999997"><ele>2706.0223862754956</ele></trkpt><trkpt lat="38.91228" lon="-120.13675999999998"><ele>2707.688721778337</ele></trkpt><trkpt lat="38.91164" lon="-120.13657"><ele>2720.250782015711</ele></trkpt><trkpt lat="38.91164" lon="-120.13650999999999"><ele>2722.0</ele></trkpt><trkpt lat="38.91184" lon="-120.13646"><ele>2722.3234792885096</ele></trkpt><trkpt lat="38.91184" lon="-120.13641000000001"><ele>2723.9999039997347</ele></trkpt><trkpt lat="38.91159" lon="-120.13634000000002"><ele>2727.598727001936</ele></trkpt><trkpt lat="38.91132" lon="-120.13614999999999"><ele>2733.1167822228745</ele></trkpt><trkpt lat="38.91054" lon="-120.13594"><ele>2743.0</ele></trkpt><trkpt lat="38.91054" lon="-120.13587999999999"><ele>2744.6996942227706</ele></trkpt><trkpt lat="38.91064" lon="-120.13585"><ele>2745.0977955549024</ele></trkpt><trkpt lat="38.91078" lon="-120.13569000000001"><ele>2747.0</ele></trkpt><trkpt lat="38.91081" lon="-120.13560999999999"><ele>2749.0</ele></trkpt><trkpt lat="38.91078" lon="-120.13556"><ele>2750.6127751111053</ele></trkpt><trkpt lat="38.91049" lon="-120.13554999999997"><ele>2754.0</ele></trkpt><trkpt lat="38.91026" lon="-120.13547"><ele>2756.8070791107602</ele></trkpt><trkpt lat="38.91009" lon="-120.13544000000002"><ele>2758.438921325299</ele></trkpt><trkpt lat="38.90993" lon="-120.13535999999999"><ele>2761.818336821296</ele></trkpt><trkpt lat="38.90963" lon="-120.13533000000001"><ele>2765.0</ele></trkpt><trkpt lat="38.90963" lon="-120.13526000000002"><ele>2766.9366284687567</ele></trkpt><trkpt lat="38.9098" lon="-120.13512000000003"><ele>2770.1182613316923</ele></trkpt><trkpt lat="38.90999" lon="-120.13508000000002"><ele>2771.98239644384</ele></trkpt><trkpt lat="38.91036" lon="-120.13476000000003"><ele>2778.1104982991023</ele></trkpt><trkpt lat="38.91058" lon="-120.13452000000001"><ele>2781.0</ele></trkpt><trkpt lat="38.91073" lon="-120.13418999999999"><ele>2786.459402666893</ele></trkpt><trkpt lat="38.91093" lon="-120.13411000000002"><ele>2786.9878819784103</ele></trkpt><trkpt lat="38.91129" lon="-120.13364999999999"><ele>2789.7840934189985</ele></trkpt><trkpt lat="38.9114" lon="-120.13357000000002"><ele>2789.0</ele></trkpt><trkpt lat="38.91154" lon="-120.13314000000003"><ele>2794.0</ele></trkpt><trkpt lat="38.91156" lon="-120.13301999999999"><ele>2795.0</ele></trkpt><trkpt lat="38.91153" lon="-120.13299"><ele>2795.414110062354</ele></trkpt><trkpt lat="38.91147" lon="-120.13299999999998"><ele>2796.0</ele></trkpt><trkpt lat="38.91134" lon="-120.13310000000001"><ele>2797.0</ele></trkpt><trkpt lat="38.91109" lon="-120.13313"><ele>2802.0</ele></trkpt><trkpt lat="38.91005" lon="-120.13371000000001"><ele>2809.5718045143026</ele></trkpt><trkpt lat="38.90975" lon="-120.13378999999998"><ele>2814.066202997849</ele></trkpt><trkpt lat="38.90946" lon="-120.13395000000003"><ele>2817.016387695227</ele></trkpt><trkpt lat="38.90915" lon="-120.13395000000003"><ele>2822.644213332329</ele></trkpt><trkpt lat="38.90904" lon="-120.13387"><ele>2827.0</ele></trkpt><trkpt lat="38.90894" lon="-120.13387"><ele>2829.0627742943107</ele></trkpt><trkpt lat="38.90854" lon="-120.13398999999998"><ele>2833.807479911242</ele></trkpt><trkpt lat="38.90813" lon="-120.13422000000003"><ele>2840.0</ele></trkpt><trkpt lat="38.90813" lon="-120.13422000000003"><ele>2840.0</ele></trkpt><trkpt lat="38.90717" lon="-120.13439"><ele>2852.1387271108106</ele></trkpt><trkpt lat="38.90615" lon="-120.13495999999998"><ele>2857.0</ele></trkpt><trkpt lat="38.90571" lon="-120.13503000000003"><ele>2858.0</ele></trkpt><trkpt lat="38.9052" lon="-120.13503000000003"><ele>2855.0</ele></trkpt><trkpt lat="38.90504" lon="-120.13504999999998"><ele>2855.0</ele></trkpt><trkpt lat="38.90495" lon="-120.13512000000003"><ele>2854.0</ele></trkpt><trkpt lat="38.90491" lon="-120.13524000000001"><ele>2852.753564926148</ele></trkpt><trkpt lat="38.90495" lon="-120.13551999999999"><ele>2849.9349961305224</ele></trkpt><trkpt lat="38.90494" lon="-120.13565"><ele>2848.276861257851</ele></trkpt><trkpt lat="38.90492" lon="-120.13572999999997"><ele>2847.0</ele></trkpt><trkpt lat="38.90475" lon="-120.13553999999999"><ele>2843.0</ele></trkpt><trkpt lat="38.90478" lon="-120.13605000000001"><ele>2836.5400654633477</ele></trkpt><trkpt lat="38.90483" lon="-120.13614000000001"><ele>2835.6893001850694</ele></trkpt><trkpt lat="38.9048" lon="-120.13662999999997"><ele>2828.6669863346424</ele></trkpt><trkpt lat="38.90487" lon="-120.13686999999999"><ele>2825.0</ele></trkpt><trkpt lat="38.90486" lon="-120.13697000000002"><ele>2823.949625257408</ele></trkpt><trkpt lat="38.90486" lon="-120.13746000000003"><ele>2817.520020593928</ele></trkpt><trkpt lat="38.90492" lon="-120.13776000000001"><ele>2814.157713523341</ele></trkpt><trkpt lat="38.90491" lon="-120.13788"><ele>2812.0</ele></trkpt><trkpt lat="38.90489" lon="-120.13801000000001"><ele>2810.122752229344</ele></trkpt><trkpt lat="38.90474" lon="-120.13826"><ele>2805.0</ele></trkpt><trkpt lat="38.90458" lon="-120.13839000000002"><ele>2802.7176084350795</ele></trkpt><trkpt lat="38.90434" lon="-120.13900000000001"><ele>2790.757635372897</ele></trkpt><trkpt lat="38.90424" lon="-120.13911000000002"><ele>2791.0</ele></trkpt><trkpt lat="38.90424" lon="-120.13911000000002"><ele>2791.0</ele></trkpt><trkpt lat="38.90424" lon="-120.13911000000002"><ele>2791.0</ele></trkpt><trkpt lat="38.90419" lon="-120.13902999999999"><ele>2790.0365297102035</ele></trkpt><trkpt lat="38.9042" lon="-120.13882000000001"><ele>2788.0</ele></trkpt><trkpt lat="38.90413" lon="-120.13878"><ele>2786.0</ele></trkpt><trkpt lat="38.90397" lon="-120.13881000000003"><ele>2783.876573865005</ele></trkpt><trkpt lat="38.90394" lon="-120.13878"><ele>2783.0</ele></trkpt><trkpt lat="38.90394" lon="-120.13869999999997"><ele>2782.0</ele></trkpt><trkpt lat="38.90397" lon="-120.13851"><ele>2779.1869018152356</ele></trkpt><trkpt lat="38.90387" lon="-120.13819000000001"><ele>2776.0</ele></trkpt><trkpt lat="38.90387" lon="-120.13783999999998"><ele>2774.0</ele></trkpt><trkpt lat="38.90384" lon="-120.13769000000002"><ele>2772.0</ele></trkpt><trkpt lat="38.90371" lon="-120.13749999999999"><ele>2768.0</ele></trkpt><trkpt lat="38.90362" lon="-120.13719000000003"><ele>2766.2268020194024</ele></trkpt><trkpt lat="38.90358" lon="-120.13715000000002"><ele>2764.8313686233014</ele></trkpt><trkpt lat="38.90356" lon="-120.1372"><ele>2764.517544775067</ele></trkpt><trkpt lat="38.90355" lon="-120.13752999999997"><ele>2763.0279789529436</ele></trkpt><trkpt lat="38.90352" lon="-120.13760000000002"><ele>2761.238221058622</ele></trkpt><trkpt lat="38.90347" lon="-120.13761"><ele>2761.0</ele></trkpt><trkpt lat="38.90334" lon="-120.13754"><ele>2759.303683369215</ele></trkpt><trkpt lat="38.90319" lon="-120.13767000000001"><ele>2758.3428614202157</ele></trkpt><trkpt lat="38.90315" lon="-120.13767000000001"><ele>2757.7428762029463</ele></trkpt><trkpt lat="38.90323" lon="-120.13752999999997"><ele>2756.1706859148826</ele></trkpt><trkpt lat="38.90324" lon="-120.13745"><ele>2755.21988804546</ele></trkpt><trkpt lat="38.90323" lon="-120.13725"><ele>2753.890281946186</ele></trkpt><trkpt lat="38.90329" lon="-120.13704999999999"><ele>2751.906963967711</ele></trkpt><trkpt lat="38.90329" lon="-120.13684"><ele>2750.464516852051</ele></trkpt><trkpt lat="38.9032" lon="-120.13666"><ele>2747.0261161673475</ele></trkpt><trkpt lat="38.90316" lon="-120.13641000000001"><ele>2745.9999692222605</ele></trkpt><trkpt lat="38.90312" lon="-120.13635999999997"><ele>2745.0</ele></trkpt><trkpt lat="38.90301" lon="-120.13635999999997"><ele>2744.0</ele></trkpt><trkpt lat="38.90296" lon="-120.13630999999998"><ele>2743.0</ele></trkpt><trkpt lat="38.90285" lon="-120.13557000000003"><ele>2736.1149461809546</ele></trkpt><trkpt lat="38.90278" lon="-120.13542999999999"><ele>2734.9229840841144</ele></trkpt><trkpt lat="38.9028" lon="-120.13527999999997"><ele>2734.0</ele></trkpt><trkpt lat="38.90275" lon="-120.13513999999998"><ele>2733.0</ele></trkpt><trkpt lat="38.90274" lon="-120.13497000000001"><ele>2732.0</ele></trkpt><trkpt lat="38.9026" lon="-120.13472999999999"><ele>2729.042179020703</ele></trkpt><trkpt lat="38.90252" lon="-120.13452999999998"><ele>2726.352875335142</ele></trkpt><trkpt lat="38.9025" lon="-120.13425999999998"><ele>2724.3103540465236</ele></trkpt><trkpt lat="38.90239" lon="-120.13389999999998"><ele>2721.542224566918</ele></trkpt><trkpt lat="38.90234" lon="-120.13389999999998"><ele>2718.989076648587</ele></trkpt><trkpt lat="38.90233" lon="-120.13418999999999"><ele>2715.974755000323</ele></trkpt><trkpt lat="38.90226" lon="-120.13434999999998"><ele>2714.780582989767</ele></trkpt><trkpt lat="38.90219" lon="-120.1345"><ele>2713.0</ele></trkpt><trkpt lat="38.90199" lon="-120.13454999999999"><ele>2710.613984078169</ele></trkpt><trkpt lat="38.90199" lon="-120.13470000000001"><ele>2709.8809835708644</ele></trkpt><trkpt lat="38.90193" lon="-120.13470999999998"><ele>2708.0</ele></trkpt><trkpt lat="38.90175" lon="-120.1343"><ele>2703.0</ele></trkpt><trkpt lat="38.90171" lon="-120.13413000000003"><ele>2701.8463635854423</ele></trkpt><trkpt lat="38.90155" lon="-120.13385"><ele>2698.0</ele></trkpt><trkpt lat="38.90155" lon="-120.13368000000003"><ele>2697.060164557147</ele></trkpt><trkpt lat="38.90145" lon="-120.13368000000003"><ele>2695.0</ele></trkpt><trkpt lat="38.90137" lon="-120.13407000000001"><ele>2690.512411654945</ele></trkpt><trkpt lat="38.90138" lon="-120.13423999999998"><ele>2690.0</ele></trkpt><trkpt lat="38.90127" lon="-120.13400000000001"><ele>2687.4973792620003</ele></trkpt><trkpt lat="38.90088" lon="-120.13335999999998"><ele>2677.1427342053503</ele></trkpt><trkpt lat="38.90081" lon="-120.13283000000001"><ele>2671.0</ele></trkpt><trkpt lat="38.90064" lon="-120.13252"><ele>2668.7707086969167</ele></trkpt><trkpt lat="38.90017" lon="-120.13189999999997"><ele>2661.625632794574</ele></trkpt><trkpt lat="38.89985" lon="-120.13105000000002"><ele>2650.4631345216185</ele></trkpt><trkpt lat="38.89954" lon="-120.13054"><ele>2644.8995466716588</ele></trkpt><trkpt lat="38.89896530265242" lon="-120.12985674870902"><ele>2632.485423313454</ele></trkpt><trkpt lat="38.898890916165655" lon="-120.12976831007802"><ele>2632.0</ele></trkpt><trkpt lat="38.89864" lon="-120.12946999999997"><ele>2628.005718542263</ele></trkpt><trkpt lat="38.89854" lon="-120.12941000000001"><ele>2628.223548443988</ele></trkpt><trkpt lat="38.89803" lon="-120.12896999999998"><ele>2623.8585744808047</ele></trkpt><trkpt lat="38.89723" lon="-120.12799000000001"><ele>2618.74420378414</ele></trkpt><trkpt lat="38.89666" lon="-120.12748999999997"><ele>2612.8336457439536</ele></trkpt><trkpt lat="38.89627" lon="-120.12706000000003"><ele>2608.0</ele></trkpt><trkpt lat="38.89608" lon="-120.12689"><ele>2604.71145311743</ele></trkpt><trkpt lat="38.89586" lon="-120.12651"><ele>2603.0</ele></trkpt><trkpt lat="38.89561" lon="-120.12623000000002"><ele>2601.577710223384</ele></trkpt><trkpt lat="38.89546" lon="-120.12610999999998"><ele>2599.99392106465</ele></trkpt><trkpt lat="38.89525" lon="-120.12603999999999"><ele>2596.7263263352206</ele></trkpt><trkpt lat="38.89506" lon="-120.12594000000001"><ele>2594.0398219757158</ele></trkpt><trkpt lat="38.89483" lon="-120.12576999999999"><ele>2593.0</ele></trkpt><trkpt lat="38.89462" lon="-120.12551000000002"><ele>2594.0</ele></trkpt><trkpt lat="38.89443" lon="-120.12540000000001"><ele>2592.9205674178343</ele></trkpt><trkpt lat="38.89432" lon="-120.12527999999998"><ele>2592.225933482207</ele></trkpt><trkpt lat="38.89415" lon="-120.125"><ele>2592.781653762204</ele></trkpt><trkpt lat="38.89386" lon="-120.12466"><ele>2590.781056020409</ele></trkpt><trkpt lat="38.89377" lon="-120.12450999999999"><ele>2589.744731396815</ele></trkpt><trkpt lat="38.89377" lon="-120.12450999999999"><ele>2589.744731396815</ele></trkpt><trkpt lat="38.89357" lon="-120.12418000000002"><ele>2587.0</ele></trkpt><trkpt lat="38.89339" lon="-120.12401"><ele>2585.563169249704</ele></trkpt><trkpt lat="38.89326" lon="-120.12382000000002"><ele>2583.0</ele></trkpt><trkpt lat="38.89311" lon="-120.12367"><ele>2580.965342032439</ele></trkpt><trkpt lat="38.89285" lon="-120.12329"><ele>2578.1330858001947</ele></trkpt><trkpt lat="38.89266" lon="-120.12295"><ele>2571.928517336026</ele></trkpt><trkpt lat="38.89214" lon="-120.12216999999998"><ele>2555.7927942425013</ele></trkpt><trkpt lat="38.89204" lon="-120.12200999999999"><ele>2552.8051813207567</ele></trkpt><trkpt lat="38.89196" lon="-120.12180000000001"><ele>2551.892233691083</ele></trkpt><trkpt lat="38.8917" lon="-120.12131"><ele>2550.840236570595</ele></trkpt><trkpt lat="38.89158" lon="-120.12094000000002"><ele>2552.2502475102096</ele></trkpt><trkpt lat="38.89142" lon="-120.12058999999999"><ele>2551.0</ele></trkpt><trkpt lat="38.8912" lon="-120.11986999999999"><ele>2552.5095655787736</ele></trkpt><trkpt lat="38.89103" lon="-120.11944"><ele>2551.284200089434</ele></trkpt><trkpt lat="38.89103" lon="-120.11944"><ele>2551.284200089434</ele></trkpt><trkpt lat="38.89088" lon="-120.11896000000002"><ele>2550.0</ele></trkpt><trkpt lat="38.89077" lon="-120.11836"><ele>2549.7632305491716</ele></trkpt><trkpt lat="38.8908" lon="-120.1182"><ele>2550.0</ele></trkpt><trkpt lat="38.89091" lon="-120.11790000000002"><ele>2550.0</ele></trkpt><trkpt lat="38.89094" lon="-120.11752000000001"><ele>2550.0</ele></trkpt><trkpt lat="38.89088" lon="-120.11702000000002"><ele>2550.349487464875</ele></trkpt><trkpt lat="38.89103" lon="-120.11664999999999"><ele>2549.0</ele></trkpt><trkpt lat="38.89103" lon="-120.11664999999999"><ele>2549.0</ele></trkpt><trkpt lat="38.89125" lon="-120.11613999999997"><ele>2546.0</ele></trkpt><trkpt lat="38.89145" lon="-120.11577999999997"><ele>2544.5724124433473</ele></trkpt><trkpt lat="38.89161" lon="-120.11554999999998"><ele>2542.8622039945103</ele></trkpt><trkpt lat="38.89166" lon="-120.11529999999999"><ele>2541.0</ele></trkpt><trkpt lat="38.89154" lon="-120.11496"><ele>2540.0</ele></trkpt><trkpt lat="38.8913" lon="-120.11451999999997"><ele>2537.0</ele></trkpt><trkpt lat="38.89119" lon="-120.11406999999997"><ele>2533.0</ele></trkpt><trkpt lat="38.89103" lon="-120.11361999999997"><ele>2528.3307633344084</ele></trkpt><trkpt lat="38.89103" lon="-120.11361999999997"><ele>2528.3307633344084</ele></trkpt><trkpt lat="38.891" lon="-120.11354"><ele>2528.0</ele></trkpt><trkpt lat="38.8909" lon="-120.11343999999997"><ele>2526.0</ele></trkpt><trkpt lat="38.8909" lon="-120.11343999999997"><ele>2526.0</ele></trkpt><trkpt lat="38.89103" lon="-120.11343"><ele>2527.0180182222493</ele></trkpt><trkpt lat="38.89103" lon="-120.11343"><ele>2527.0180182222493</ele></trkpt><trkpt lat="38.89161" lon="-120.11349000000001"><ele>2531.0</ele></trkpt><trkpt lat="38.89248998966951" lon="-120.11344963350143"><ele>2533.0</ele></trkpt><trkpt lat="38.89248998966951" lon="-120.11344963350143"><ele>2533.0</ele></trkpt><trkpt lat="38.8927" lon="-120.11343999999997"><ele>2533.5205084430054</ele></trkpt><trkpt lat="38.89296" lon="-120.11338"><ele>2534.0</ele></trkpt><trkpt lat="38.8929763200879" lon="-120.11336943994314"><ele>2534.0</ele></trkpt><trkpt lat="38.89296332320075" lon="-120.11337784969618"><ele>2534.0</ele></trkpt><trkpt lat="38.89313" lon="-120.11327"><ele>2534.0</ele></trkpt><trkpt lat="38.89345" lon="-120.11282"><ele>2533.0</ele></trkpt><trkpt lat="38.89345" lon="-120.11282"><ele>2533.0</ele></trkpt><trkpt lat="38.89345" lon="-120.11282"><ele>2533.0</ele></trkpt><trkpt lat="38.893744251390096" lon="-120.11233849725983"><ele>2537.0</ele></trkpt><trkpt lat="38.893744251390096" lon="-120.11233849725983"><ele>2537.0</ele></trkpt><trkpt lat="38.894" lon="-120.11192"><ele>2542.0519048697165</ele></trkpt><trkpt lat="38.89402" lon="-120.11183"><ele>2543.0</ele></trkpt><trkpt lat="38.89403" lon="-120.11160000000001"><ele>2545.0</ele></trkpt><trkpt lat="38.89407" lon="-120.11148000000003"><ele>2546.0</ele></trkpt><trkpt lat="38.8942" lon="-120.11131"><ele>2549.0</ele></trkpt><trkpt lat="38.89425" lon="-120.11111"><ele>2553.0</ele></trkpt><trkpt lat="38.89435" lon="-120.11095"><ele>2556.0</ele></trkpt><trkpt lat="38.89452" lon="-120.11075"><ele>2562.0</ele></trkpt><trkpt lat="38.89472" lon="-120.11056000000002"><ele>2568.0</ele></trkpt><trkpt lat="38.8948" lon="-120.11036000000001"><ele>2572.0</ele></trkpt><trkpt lat="38.89493" lon="-120.11018000000001"><ele>2574.8505935501307</ele></trkpt><trkpt lat="38.89511" lon="-120.11007999999998"><ele>2576.9331591101363</ele></trkpt><trkpt lat="38.89526" lon="-120.11005"><ele>2577.0</ele></trkpt><trkpt lat="38.8954" lon="-120.10998000000001"><ele>2576.272821333725</ele></trkpt><trkpt lat="38.89549" lon="-120.10949"><ele>2584.215395879675</ele></trkpt><trkpt lat="38.8957" lon="-120.10914000000002"><ele>2590.0</ele></trkpt><trkpt lat="38.89578" lon="-120.10892000000001"><ele>2595.7796316541458</ele></trkpt><trkpt lat="38.89599" lon="-120.10867000000002"><ele>2601.0</ele></trkpt><trkpt lat="38.8963" lon="-120.10849000000002"><ele>2610.166211554315</ele></trkpt><trkpt lat="38.89656" lon="-120.10845"><ele>2615.0</ele></trkpt><trkpt lat="38.89663" lon="-120.10840999999999"><ele>2616.0</ele></trkpt><trkpt lat="38.89673" lon="-120.10806000000002"><ele>2624.0</ele></trkpt><trkpt lat="38.8968" lon="-120.10789999999997"><ele>2626.6622044458054</ele></trkpt><trkpt lat="38.89684" lon="-120.10762"><ele>2631.1565322761926</ele></trkpt><trkpt lat="38.89705" lon="-120.10726"><ele>2638.4883662224747</ele></trkpt><trkpt lat="38.89716" lon="-120.10712000000001"><ele>2642.004901939575</ele></trkpt><trkpt lat="38.89735" lon="-120.10671000000002"><ele>2650.0</ele></trkpt><trkpt lat="38.89743" lon="-120.10663"><ele>2652.0</ele></trkpt><trkpt lat="38.89761" lon="-120.10662000000002"><ele>2655.539407040428</ele></trkpt><trkpt lat="38.89787" lon="-120.10676999999998"><ele>2658.0</ele></trkpt><trkpt lat="38.89812" lon="-120.10711000000003"><ele>2659.0</ele></trkpt><trkpt lat="38.8982" lon="-120.10717"><ele>2661.65787338838</ele></trkpt><trkpt lat="38.89834" lon="-120.10721000000001"><ele>2664.0412609558553</ele></trkpt><trkpt lat="38.89876" lon="-120.10723000000002"><ele>2672.0</ele></trkpt><trkpt lat="38.89901" lon="-120.10743000000002"><ele>2675.0</ele></trkpt><trkpt lat="38.89905" lon="-120.10759000000002"><ele>2674.1092515545897</ele></trkpt><trkpt lat="38.89916" lon="-120.10762999999997"><ele>2675.0</ele></trkpt><trkpt lat="38.89927" lon="-120.10771999999997"><ele>2675.744978468162</ele></trkpt><trkpt lat="38.89985" lon="-120.10765000000004"><ele>2683.0</ele></trkpt><trkpt lat="38.90002" lon="-120.10744999999997"><ele>2687.407612181156</ele></trkpt><trkpt lat="38.90016" lon="-120.10735999999997"><ele>2691.022193990269</ele></trkpt><trkpt lat="38.90027" lon="-120.10735"><ele>2694.0</ele></trkpt><trkpt lat="38.90045" lon="-120.10743000000002"><ele>2697.0</ele></trkpt><trkpt lat="38.90103" lon="-120.10752000000002"><ele>2705.0</ele></trkpt><trkpt lat="38.90147" lon="-120.10768000000002"><ele>2711.0</ele></trkpt><trkpt lat="38.9022" lon="-120.108"><ele>2722.0</ele></trkpt><trkpt lat="38.90245" lon="-120.10818999999998"><ele>2723.0236933021665</ele></trkpt><trkpt lat="38.90282" lon="-120.10843"><ele>2726.0</ele></trkpt><trkpt lat="38.90299" lon="-120.10851000000002"><ele>2729.0</ele></trkpt><trkpt lat="38.90311" lon="-120.10861"><ele>2730.0</ele></trkpt><trkpt lat="38.90328" lon="-120.10865999999999"><ele>2733.0</ele></trkpt><trkpt lat="38.90341" lon="-120.10860000000002"><ele>2735.0</ele></trkpt><trkpt lat="38.90345" lon="-120.10854"><ele>2736.0386413913</ele></trkpt><trkpt lat="38.9035" lon="-120.10833000000002"><ele>2739.0</ele></trkpt><trkpt lat="38.90342" lon="-120.10809999999998"><ele>2741.0</ele></trkpt><trkpt lat="38.9034" lon="-120.10782"><ele>2745.3904746668413</ele></trkpt><trkpt lat="38.90336" lon="-120.10766000000001"><ele>2748.0</ele></trkpt><trkpt lat="38.90319" lon="-120.10663"><ele>2762.848494221922</ele></trkpt><trkpt lat="38.90308" lon="-120.10633000000001"><ele>2765.9810011785316</ele></trkpt><trkpt lat="38.90313" lon="-120.10624000000001"><ele>2768.023811555002</ele></trkpt><trkpt lat="38.90306" lon="-120.10617000000002"><ele>2769.0</ele></trkpt><trkpt lat="38.90301" lon="-120.10606000000001"><ele>2770.0</ele></trkpt><trkpt lat="38.90296" lon="-120.10563000000002"><ele>2776.3173603404784</ele></trkpt><trkpt lat="38.9029" lon="-120.10531000000003"><ele>2781.0</ele></trkpt><trkpt lat="38.9028" lon="-120.10501"><ele>2784.4248996738133</ele></trkpt><trkpt lat="38.90284" lon="-120.10491999999999"><ele>2786.7775340932253</ele></trkpt><trkpt lat="38.90299" lon="-120.10482999999999"><ele>2790.0</ele></trkpt><trkpt lat="38.90298" lon="-120.10471999999999"><ele>2792.0</ele></trkpt><trkpt lat="38.90289" lon="-120.10453000000001"><ele>2795.0</ele></trkpt><trkpt lat="38.90295" lon="-120.10429999999997"><ele>2800.044943961618</ele></trkpt><trkpt lat="38.90293" lon="-120.10419000000002"><ele>2802.0</ele></trkpt><trkpt lat="38.90305" lon="-120.10374000000002"><ele>2810.048969422808</ele></trkpt><trkpt lat="38.90306" lon="-120.10354999999998"><ele>2813.3868977781385</ele></trkpt><trkpt lat="38.90315" lon="-120.10347000000002"><ele>2816.0092761874857</ele></trkpt><trkpt lat="38.90321" lon="-120.10330999999996"><ele>2818.8602371907414</ele></trkpt><trkpt lat="38.90324" lon="-120.10312999999996"><ele>2822.0</ele></trkpt><trkpt lat="38.90322" lon="-120.10273999999998"><ele>2829.3711984474876</ele></trkpt><trkpt lat="38.90327" lon="-120.1026"><ele>2833.0</ele></trkpt><trkpt lat="38.90339" lon="-120.10253999999998"><ele>2836.0</ele></trkpt><trkpt lat="38.90339" lon="-120.10253999999998"><ele>2836.0</ele></trkpt><trkpt lat="38.90351" lon="-120.10239999999999"><ele>2840.0</ele></trkpt><trkpt lat="38.90358" lon="-120.10237999999998"><ele>2841.912849778775</ele></trkpt><trkpt lat="38.90363" lon="-120.10228000000001"><ele>2844.9255897654557</ele></trkpt><trkpt lat="38.90383" lon="-120.10212000000001"><ele>2851.8087103858916</ele></trkpt><trkpt lat="38.90386" lon="-120.10212999999999"><ele>2852.0</ele></trkpt><trkpt lat="38.904" lon="-120.10194000000001"><ele>2857.0</ele></trkpt><trkpt lat="38.90409" lon="-120.1019"><ele>2859.5502855610794</ele></trkpt><trkpt lat="38.90422" lon="-120.10174999999998"><ele>2863.0432574047773</ele></trkpt><trkpt lat="38.90436" lon="-120.10147999999998"><ele>2869.8558897785842</ele></trkpt><trkpt lat="38.90435" lon="-120.10131999999999"><ele>2873.294839959352</ele></trkpt><trkpt lat="38.90441" lon="-120.10127"><ele>2875.834483415259</ele></trkpt><trkpt lat="38.90451" lon="-120.10125"><ele>2878.5255441907793</ele></trkpt><trkpt lat="38.90451" lon="-120.10113999999999"><ele>2880.0</ele></trkpt><trkpt lat="38.90456" lon="-120.10088000000002"><ele>2884.8179164435714</ele></trkpt><trkpt lat="38.90447" lon="-120.10057"><ele>2888.360577658282</ele></trkpt><trkpt lat="38.9043" lon="-120.09986000000004"><ele>2897.0</ele></trkpt><trkpt lat="38.90424" lon="-120.09971999999999"><ele>2897.0</ele></trkpt><trkpt lat="38.90424" lon="-120.09971999999999"><ele>2897.0</ele></trkpt><trkpt lat="38.90424" lon="-120.09971999999999"><ele>2897.0</ele></trkpt><trkpt lat="38.90422" lon="-120.09933000000001"><ele>2904.0</ele></trkpt><trkpt lat="38.90417" lon="-120.09911"><ele>2905.0</ele></trkpt><trkpt lat="38.90407" lon="-120.09892000000002"><ele>2906.0</ele></trkpt><trkpt lat="38.90403" lon="-120.09861000000001"><ele>2908.0</ele></trkpt><trkpt lat="38.90408000000249" lon="-120.09850999999503"><ele>2909.207474313513</ele></trkpt><trkpt lat="38.90408000000249" lon="-120.09850999999503"><ele>2909.207474313513</ele></trkpt><trkpt lat="38.90409" lon="-120.09848999999997"><ele>2910.0</ele></trkpt><trkpt lat="38.9043" lon="-120.09848999999997"><ele>2915.1898651267707</ele></trkpt><trkpt lat="38.90443" lon="-120.09845000000001"><ele>2919.7346186880022</ele></trkpt><trkpt lat="38.9045" lon="-120.09847000000002"><ele>2921.926678204909</ele></trkpt><trkpt lat="38.90453" lon="-120.09827999999999"><ele>2923.0</ele></trkpt><trkpt lat="38.90465" lon="-120.09812"><ele>2924.506472469854</ele></trkpt><trkpt lat="38.90483" lon="-120.09807999999998"><ele>2929.0</ele></trkpt><trkpt lat="38.90496" lon="-120.09812999999997"><ele>2932.0108183648463</ele></trkpt><trkpt lat="38.90538" lon="-120.09859"><ele>2953.460348444991</ele></trkpt><trkpt lat="38.90573938905335" lon="-120.09882037759826"><ele>2960.3173068474202</ele></trkpt><trkpt lat="38.90576999999999" lon="-120.09884"><ele>2961.0</ele></trkpt><trkpt lat="38.90538" lon="-120.09859"><ele>2953.460348444991</ele></trkpt><trkpt lat="38.90496" lon="-120.09812999999997"><ele>2932.0108183648463</ele></trkpt><trkpt lat="38.90483" lon="-120.09807999999998"><ele>2929.0</ele></trkpt><trkpt lat="38.90465" lon="-120.09812"><ele>2924.506472469854</ele></trkpt><trkpt lat="38.90453" lon="-120.09827999999999"><ele>2923.0</ele></trkpt><trkpt lat="38.9045" lon="-120.09847000000002"><ele>2921.926678204909</ele></trkpt><trkpt lat="38.90443" lon="-120.09845000000001"><ele>2919.7346186880022</ele></trkpt><trkpt lat="38.9043" lon="-120.09848999999997"><ele>2915.1898651267707</ele></trkpt><trkpt lat="38.90409" lon="-120.09848999999997"><ele>2910.0</ele></trkpt><trkpt lat="38.90408000000249" lon="-120.09850999999503"><ele>2909.207474313513</ele></trkpt><trkpt lat="38.90408000000249" lon="-120.09850999999503"><ele>2909.207474313513</ele></trkpt><trkpt lat="38.90403" lon="-120.09861000000001"><ele>2908.0</ele></trkpt><trkpt lat="38.90407" lon="-120.09892000000002"><ele>2906.0</ele></trkpt><trkpt lat="38.90417" lon="-120.09911"><ele>2905.0</ele></trkpt><trkpt lat="38.90422" lon="-120.09933000000001"><ele>2904.0</ele></trkpt><trkpt lat="38.90424" lon="-120.09971999999999"><ele>2897.0</ele></trkpt><trkpt lat="38.90424" lon="-120.09971999999999"><ele>2897.0</ele></trkpt><trkpt lat="38.90424" lon="-120.09971999999999"><ele>2897.0</ele></trkpt><trkpt lat="38.9043" lon="-120.09986000000004"><ele>2897.0</ele></trkpt><trkpt lat="38.90447" lon="-120.10057"><ele>2888.360577658282</ele></trkpt><trkpt lat="38.90456" lon="-120.10088000000002"><ele>2884.8179164435714</ele></trkpt><trkpt lat="38.90451" lon="-120.10113999999999"><ele>2880.0</ele></trkpt><trkpt lat="38.90451" lon="-120.10125"><ele>2878.5255441907793</ele></trkpt><trkpt lat="38.90441" lon="-120.10127"><ele>2875.834483415259</ele></trkpt><trkpt lat="38.90435" lon="-120.10131999999999"><ele>2873.294839959352</ele></trkpt><trkpt lat="38.90436" lon="-120.10147999999998"><ele>2869.8558897785842</ele></trkpt><trkpt lat="38.90422" lon="-120.10174999999998"><ele>2863.0432574047773</ele></trkpt><trkpt lat="38.90409" lon="-120.1019"><ele>2859.5502855610794</ele></trkpt><trkpt lat="38.904" lon="-120.10194000000001"><ele>2857.0</ele></trkpt><trkpt lat="38.90386" lon="-120.10212999999999"><ele>2852.0</ele></trkpt><trkpt lat="38.90383" lon="-120.10212000000001"><ele>2851.8087103858916</ele></trkpt><trkpt lat="38.90363" lon="-120.10228000000001"><ele>2844.9255897654557</ele></trkpt><trkpt lat="38.90358" lon="-120.10237999999998"><ele>2841.912849778775</ele></trkpt><trkpt lat="38.90351" lon="-120.10239999999999"><ele>2840.0</ele></trkpt><trkpt lat="38.90339" lon="-120.10253999999998"><ele>2836.0</ele></trkpt><trkpt lat="38.90339" lon="-120.10253999999998"><ele>2836.0</ele></trkpt><trkpt lat="38.90327" lon="-120.1026"><ele>2833.0</ele></trkpt><trkpt lat="38.90322" lon="-120.10273999999998"><ele>2829.3711984474876</ele></trkpt><trkpt lat="38.90324" lon="-120.10312999999996"><ele>2822.0</ele></trkpt><trkpt lat="38.90321" lon="-120.10330999999996"><ele>2818.8602371907414</ele></trkpt><trkpt lat="38.90315" lon="-120.10347000000002"><ele>2816.0092761874857</ele></trkpt><trkpt lat="38.90306" lon="-120.10354999999998"><ele>2813.3868977781385</ele></trkpt><trkpt lat="38.90305" lon="-120.10374000000002"><ele>2810.048969422808</ele></trkpt><trkpt lat="38.90293" lon="-120.10419000000002"><ele>2802.0</ele></trkpt><trkpt lat="38.90295" lon="-120.10429999999997"><ele>2800.044943961618</ele></trkpt><trkpt lat="38.90289" lon="-120.10453000000001"><ele>2795.0</ele></trkpt><trkpt lat="38.90298" lon="-120.10471999999999"><ele>2792.0</ele></trkpt><trkpt lat="38.90299" lon="-120.10482999999999"><ele>2790.0</ele></trkpt><trkpt lat="38.90284" lon="-120.10491999999999"><ele>2786.7775340932253</ele></trkpt><trkpt lat="38.9028" lon="-120.10501"><ele>2784.4248996738133</ele></trkpt><trkpt lat="38.9029" lon="-120.10531000000003"><ele>2781.0</ele></trkpt><trkpt lat="38.90296" lon="-120.10563000000002"><ele>2776.3173603404784</ele></trkpt><trkpt lat="38.90301" lon="-120.10606000000001"><ele>2770.0</ele></trkpt><trkpt lat="38.90306" lon="-120.10617000000002"><ele>2769.0</ele></trkpt><trkpt lat="38.90313" lon="-120.10624000000001"><ele>2768.023811555002</ele></trkpt><trkpt lat="38.90308" lon="-120.10633000000001"><ele>2765.9810011785316</ele></trkpt><trkpt lat="38.90319" lon="-120.10663"><ele>2762.848494221922</ele></trkpt><trkpt lat="38.90336" lon="-120.10766000000001"><ele>2748.0</ele></trkpt><trkpt lat="38.9034" lon="-120.10782"><ele>2745.3904746668413</ele></trkpt><trkpt lat="38.90342" lon="-120.10809999999998"><ele>2741.0</ele></trkpt><trkpt lat="38.9035" lon="-120.10833000000002"><ele>2739.0</ele></trkpt><trkpt lat="38.90345" lon="-120.10854"><ele>2736.0386413913</ele></trkpt><trkpt lat="38.90341" lon="-120.10860000000002"><ele>2735.0</ele></trkpt><trkpt lat="38.90328" lon="-120.10865999999999"><ele>2733.0</ele></trkpt><trkpt lat="38.90311" lon="-120.10861"><ele>2730.0</ele></trkpt><trkpt lat="38.90299" lon="-120.10851000000002"><ele>2729.0</ele></trkpt><trkpt lat="38.90282" lon="-120.10843"><ele>2726.0</ele></trkpt><trkpt lat="38.90245" lon="-120.10818999999998"><ele>2723.0236933021665</ele></trkpt><trkpt lat="38.9022" lon="-120.108"><ele>2722.0</ele></trkpt><trkpt lat="38.90147" lon="-120.10768000000002"><ele>2711.0</ele></trkpt><trkpt lat="38.90103" lon="-120.10752000000002"><ele>2705.0</ele></trkpt><trkpt lat="38.90045" lon="-120.10743000000002"><ele>2697.0</ele></trkpt><trkpt lat="38.90027" lon="-120.10735"><ele>2694.0</ele></trkpt><trkpt lat="38.90016" lon="-120.10735999999997"><ele>2691.022193990269</ele></trkpt><trkpt lat="38.90002" lon="-120.10744999999997"><ele>2687.407612181156</ele></trkpt><trkpt lat="38.89985" lon="-120.10765000000004"><ele>2683.0</ele></trkpt><trkpt lat="38.89927" lon="-120.10771999999997"><ele>2675.744978468162</ele></trkpt><trkpt lat="38.89916" lon="-120.10762999999997"><ele>2675.0</ele></trkpt><trkpt lat="38.89905" lon="-120.10759000000002"><ele>2674.1092515545897</ele></trkpt><trkpt lat="38.89901" lon="-120.10743000000002"><ele>2675.0</ele></trkpt><trkpt lat="38.89876" lon="-120.10723000000002"><ele>2672.0</ele></trkpt><trkpt lat="38.89834" lon="-120.10721000000001"><ele>2664.0412609558553</ele></trkpt><trkpt lat="38.8982" lon="-120.10717"><ele>2661.65787338838</ele></trkpt><trkpt lat="38.89812" lon="-120.10711000000003"><ele>2659.0</ele></trkpt><trkpt lat="38.89787" lon="-120.10676999999998"><ele>2658.0</ele></trkpt><trkpt lat="38.89761" lon="-120.10662000000002"><ele>2655.539407040428</ele></trkpt><trkpt lat="38.89743" lon="-120.10663"><ele>2652.0</ele></trkpt><trkpt lat="38.89735" lon="-120.10671000000002"><ele>2650.0</ele></trkpt><trkpt lat="38.89716" lon="-120.10712000000001"><ele>2642.004901939575</ele></trkpt><trkpt lat="38.89705" lon="-120.10726"><ele>2638.4883662224747</ele></trkpt><trkpt lat="38.89684" lon="-120.10762"><ele>2631.1565322761926</ele></trkpt><trkpt lat="38.8968" lon="-120.10789999999997"><ele>2626.6622044458054</ele></trkpt><trkpt lat="38.89673" lon="-120.10806000000002"><ele>2624.0</ele></trkpt><trkpt lat="38.89663" lon="-120.10840999999999"><ele>2616.0</ele></trkpt><trkpt lat="38.89656" lon="-120.10845"><ele>2615.0</ele></trkpt><trkpt lat="38.8963" lon="-120.10849000000002"><ele>2610.166211554315</ele></trkpt><trkpt lat="38.89599" lon="-120.10867000000002"><ele>2601.0</ele></trkpt><trkpt lat="38.89578" lon="-120.10892000000001"><ele>2595.7796316541458</ele></trkpt><trkpt lat="38.8957" lon="-120.10914000000002"><ele>2590.0</ele></trkpt><trkpt lat="38.89549" lon="-120.10949"><ele>2584.215395879675</ele></trkpt><trkpt lat="38.8954" lon="-120.10998000000001"><ele>2576.272821333725</ele></trkpt><trkpt lat="38.89526" lon="-120.11005"><ele>2577.0</ele></trkpt><trkpt lat="38.89511" lon="-120.11007999999998"><ele>2576.9331591101363</ele></trkpt><trkpt lat="38.89493" lon="-120.11018000000001"><ele>2574.8505935501307</ele></trkpt><trkpt lat="38.8948" lon="-120.11036000000001"><ele>2572.0</ele></trkpt><trkpt lat="38.89472" lon="-120.11056000000002"><ele>2568.0</ele></trkpt><trkpt lat="38.89452" lon="-120.11075"><ele>2562.0</ele></trkpt><trkpt lat="38.89435" lon="-120.11095"><ele>2556.0</ele></trkpt><trkpt lat="38.89425" lon="-120.11111"><ele>2553.0</ele></trkpt><trkpt lat="38.8942" lon="-120.11131"><ele>2549.0</ele></trkpt><trkpt lat="38.89407" lon="-120.11148000000003"><ele>2546.0</ele></trkpt><trkpt lat="38.89403" lon="-120.11160000000001"><ele>2545.0</ele></trkpt><trkpt lat="38.89402" lon="-120.11183"><ele>2543.0</ele></trkpt><trkpt lat="38.894" lon="-120.11192"><ele>2542.0519048697165</ele></trkpt><trkpt lat="38.893744251390096" lon="-120.11233849725983"><ele>2537.0</ele></trkpt><trkpt lat="38.893744251390096" lon="-120.11233849725983"><ele>2537.0</ele></trkpt><trkpt lat="38.89345" lon="-120.11282"><ele>2533.0</ele></trkpt><trkpt lat="38.89345" lon="-120.11282"><ele>2533.0</ele></trkpt><trkpt lat="38.89345" lon="-120.11282"><ele>2533.0</ele></trkpt><trkpt lat="38.89313" lon="-120.11327"><ele>2534.0</ele></trkpt><trkpt lat="38.89296" lon="-120.11338"><ele>2534.0</ele></trkpt><trkpt lat="38.8927" lon="-120.11343999999997"><ele>2533.5205084430054</ele></trkpt><trkpt lat="38.89248998966951" lon="-120.11344963350143"><ele>2533.0</ele></trkpt><trkpt lat="38.89248998966951" lon="-120.11344963350143"><ele>2533.0</ele></trkpt><trkpt lat="38.89161" lon="-120.11349000000001"><ele>2531.0</ele></trkpt><trkpt lat="38.89103" lon="-120.11343"><ele>2527.0180182222493</ele></trkpt><trkpt lat="38.89103" lon="-120.11343"><ele>2527.0180182222493</ele></trkpt><trkpt lat="38.8909" lon="-120.11343999999997"><ele>2526.0</ele></trkpt><trkpt lat="38.8909" lon="-120.11343999999997"><ele>2526.0</ele></trkpt><trkpt lat="38.89063" lon="-120.11345"><ele>2523.0</ele></trkpt><trkpt lat="38.89022" lon="-120.11360000000002"><ele>2519.0</ele></trkpt><trkpt lat="38.89001" lon="-120.11374999999998"><ele>2516.0</ele></trkpt><trkpt lat="38.88964" lon="-120.11379"><ele>2511.0</ele></trkpt><trkpt lat="38.88944" lon="-120.11385999999999"><ele>2507.1302041187882</ele></trkpt><trkpt lat="38.88935" lon="-120.11401999999998"><ele>2504.0</ele></trkpt><trkpt lat="38.88932" lon="-120.11432000000002"><ele>2501.0</ele></trkpt><trkpt lat="38.88925" lon="-120.11446999999998"><ele>2499.0</ele></trkpt><trkpt lat="38.88914" lon="-120.11455999999998"><ele>2497.1203895709505</ele></trkpt><trkpt lat="38.88877" lon="-120.11508000000003"><ele>2492.950791455792</ele></trkpt><trkpt lat="38.8885" lon="-120.11525"><ele>2489.0</ele></trkpt><trkpt lat="38.88842" lon="-120.11527000000001"><ele>2489.0</ele></trkpt><trkpt lat="38.88836" lon="-120.11525"><ele>2487.5347951623094</ele></trkpt><trkpt lat="38.8881" lon="-120.11502999999999"><ele>2487.0</ele></trkpt><trkpt lat="38.88789" lon="-120.11508000000003"><ele>2484.0</ele></trkpt><trkpt lat="38.88769" lon="-120.11502999999999"><ele>2481.7537492310616</ele></trkpt><trkpt lat="38.88755" lon="-120.11509000000001"><ele>2479.0</ele></trkpt><trkpt lat="38.88751" lon="-120.11523999999997"><ele>2476.8272632277603</ele></trkpt><trkpt lat="38.88751" lon="-120.11561"><ele>2472.201397551429</ele></trkpt><trkpt lat="38.88754" lon="-120.11576000000002"><ele>2470.5974306439484</ele></trkpt><trkpt lat="38.8875420731322" lon="-120.11576621939662"><ele>2470.5306702823727</ele></trkpt><trkpt lat="38.88756669235028" lon="-120.11584007703777"><ele>2469.0</ele></trkpt><trkpt lat="38.88759" lon="-120.11590999999999"><ele>2468.1347170041545</ele></trkpt><trkpt lat="38.88774" lon="-120.11621000000002"><ele>2465.599717883403</ele></trkpt><trkpt lat="38.88788" lon="-120.11644999999999"><ele>2462.203324444592</ele></trkpt><trkpt lat="38.88809" lon="-120.11691000000002"><ele>2457.5318737077146</ele></trkpt><trkpt lat="38.88818" lon="-120.11719"><ele>2453.406589837279</ele></trkpt><trkpt lat="38.88818" lon="-120.11725999999999"><ele>2452.0</ele></trkpt><trkpt lat="38.8877" lon="-120.11694999999997"><ele>2441.995170502376</ele></trkpt><trkpt lat="38.88733" lon="-120.11676999999997"><ele>2435.798161007464</ele></trkpt><trkpt lat="38.88694" lon="-120.11664000000002"><ele>2428.156244515033</ele></trkpt><trkpt lat="38.88674" lon="-120.11667"><ele>2425.9505813336</ele></trkpt><trkpt lat="38.88659" lon="-120.11674"><ele>2422.6883448893204</ele></trkpt><trkpt lat="38.88631" lon="-120.11691000000002"><ele>2417.0</ele></trkpt><trkpt lat="38.88606" lon="-120.11711000000003"><ele>2413.0</ele></trkpt><trkpt lat="38.88606" lon="-120.11711000000003"><ele>2413.0</ele></trkpt><trkpt lat="38.88599" lon="-120.11709000000002"><ele>2412.0</ele></trkpt><trkpt lat="38.88579" lon="-120.11685999999997"><ele>2409.5961001478136</ele></trkpt><trkpt lat="38.88553" lon="-120.11642999999998"><ele>2401.029715647921</ele></trkpt><trkpt lat="38.88535" lon="-120.11626000000001"><ele>2398.087299598678</ele></trkpt><trkpt lat="38.8852" lon="-120.11622"><ele>2394.1945648486726</ele></trkpt><trkpt lat="38.88491" lon="-120.11588"><ele>2390.9790770538048</ele></trkpt><trkpt lat="38.88484" lon="-120.11572000000001"><ele>2392.160950423297</ele></trkpt><trkpt lat="38.88478" lon="-120.11552"><ele>2391.6714683948085</ele></trkpt><trkpt lat="38.88474" lon="-120.11529000000002"><ele>2391.7322045713663</ele></trkpt><trkpt lat="38.88465" lon="-120.11514"><ele>2390.0</ele></trkpt><trkpt lat="38.88462" lon="-120.11502999999999"><ele>2388.0</ele></trkpt><trkpt lat="38.884612121381785" lon="-120.1149512138179"><ele>2387.0</ele></trkpt><trkpt lat="38.88461397082436" lon="-120.11496970823771"><ele>2387.0</ele></trkpt><trkpt lat="38.8846" lon="-120.11482999999998"><ele>2386.0</ele></trkpt><trkpt lat="38.88455" lon="-120.11466999999999"><ele>2384.356932260096</ele></trkpt><trkpt lat="38.88453" lon="-120.11437999999998"><ele>2383.3276835549623</ele></trkpt><trkpt lat="38.88446" lon="-120.11423000000002"><ele>2382.0</ele></trkpt><trkpt lat="38.88444" lon="-120.11405000000002"><ele>2380.7712621949613</ele></trkpt><trkpt lat="38.88419" lon="-120.11352999999997"><ele>2376.0</ele></trkpt><trkpt lat="38.88397" lon="-120.11327"><ele>2375.0</ele></trkpt><trkpt lat="38.88397" lon="-120.11327"><ele>2375.0</ele></trkpt><trkpt lat="38.88397" lon="-120.11327"><ele>2375.0</ele></trkpt><trkpt lat="38.88395" lon="-120.11289"><ele>2369.435219416395</ele></trkpt><trkpt lat="38.88389" lon="-120.11259000000001"><ele>2368.8430648185313</ele></trkpt><trkpt lat="38.88363" lon="-120.11199999999997"><ele>2365.0</ele></trkpt><trkpt lat="38.88347" lon="-120.11153999999999"><ele>2361.6980675589293</ele></trkpt><trkpt lat="38.8834" lon="-120.11090999999999"><ele>2358.0</ele></trkpt><trkpt lat="38.88341" lon="-120.11079000000001"><ele>2357.105937227607</ele></trkpt><trkpt lat="38.88346" lon="-120.11058000000003"><ele>2354.334226962179</ele></trkpt><trkpt lat="38.88343" lon="-120.10996999999998"><ele>2347.244709693154</ele></trkpt><trkpt lat="38.88338" lon="-120.10968000000003"><ele>2342.821130920229</ele></trkpt><trkpt lat="38.88343" lon="-120.10949"><ele>2341.3033136688173</ele></trkpt><trkpt lat="38.88347" lon="-120.10941000000003"><ele>2340.319069819342</ele></trkpt><trkpt lat="38.88351" lon="-120.10913"><ele>2334.7843373937076</ele></trkpt><trkpt lat="38.88345" lon="-120.1089"><ele>2331.0</ele></trkpt><trkpt lat="38.88348" lon="-120.10869000000002"><ele>2327.3425944000896</ele></trkpt><trkpt lat="38.88344" lon="-120.10840999999999"><ele>2324.0951776492666</ele></trkpt><trkpt lat="38.88337" lon="-120.10811999999999"><ele>2321.170556212068</ele></trkpt><trkpt lat="38.88327" lon="-120.10789"><ele>2318.631427154416</ele></trkpt><trkpt lat="38.88313" lon="-120.10770000000002"><ele>2316.005867066514</ele></trkpt><trkpt lat="38.88306" lon="-120.10762999999997"><ele>2316.0</ele></trkpt><trkpt lat="38.88283" lon="-120.10762"><ele>2311.271778206726</ele></trkpt><trkpt lat="38.88276" lon="-120.10752000000002"><ele>2309.0</ele></trkpt><trkpt lat="38.88252" lon="-120.10730999999998"><ele>2306.823026863858</ele></trkpt><trkpt lat="38.88234" lon="-120.10705000000002"><ele>2304.3089940864334</ele></trkpt><trkpt lat="38.88221" lon="-120.10674"><ele>2301.263967618346</ele></trkpt><trkpt lat="38.88219" lon="-120.10658999999998"><ele>2302.0666117388755</ele></trkpt><trkpt lat="38.88204" lon="-120.10633000000001"><ele>2298.0</ele></trkpt><trkpt lat="38.88199" lon="-120.10600999999997"><ele>2294.0930714718997</ele></trkpt><trkpt lat="38.88194" lon="-120.10597000000001"><ele>2294.0</ele></trkpt><trkpt lat="38.8819" lon="-120.106"><ele>2293.0</ele></trkpt><trkpt lat="38.88181" lon="-120.10595999999998"><ele>2291.0</ele></trkpt><trkpt lat="38.88163" lon="-120.10594000000003"><ele>2288.0026092215885</ele></trkpt><trkpt lat="38.88152" lon="-120.10582999999997"><ele>2285.9553845059127</ele></trkpt><trkpt lat="38.88142" lon="-120.10554000000002"><ele>2282.01108650497</ele></trkpt><trkpt lat="38.88096" lon="-120.10509000000002"><ele>2272.382304001134</ele></trkpt><trkpt lat="38.88083" lon="-120.10507000000001"><ele>2269.8060448103065</ele></trkpt><trkpt lat="38.88076" lon="-120.10498999999999"><ele>2266.6076401066202</ele></trkpt><trkpt lat="38.88064" lon="-120.10495000000003"><ele>2264.038749011009</ele></trkpt><trkpt lat="38.88035" lon="-120.10496999999998"><ele>2261.0</ele></trkpt><trkpt lat="38.8801" lon="-120.10494"><ele>2259.0</ele></trkpt><trkpt lat="38.87988" lon="-120.10474999999997"><ele>2259.0</ele></trkpt><trkpt lat="38.8796" lon="-120.1046"><ele>2257.0</ele></trkpt><trkpt lat="38.87948" lon="-120.10449"><ele>2257.0</ele></trkpt><trkpt lat="38.87943" lon="-120.10401999999999"><ele>2258.8347325846553</ele></trkpt><trkpt lat="38.87937" lon="-120.10377"><ele>2257.2428064849228</ele></trkpt><trkpt lat="38.87893" lon="-120.10320000000002"><ele>2251.0</ele></trkpt><trkpt lat="38.87905" lon="-120.10366999999997"><ele>2246.06826161926</ele></trkpt><trkpt lat="38.87909" lon="-120.10408999999999"><ele>2245.1062314335077</ele></trkpt><trkpt lat="38.87917" lon="-120.1046"><ele>2243.0</ele></trkpt><trkpt lat="38.87921" lon="-120.10471000000001"><ele>2242.6643517222255</ele></trkpt><trkpt lat="38.87947" lon="-120.10503"><ele>2243.3242800144435</ele></trkpt><trkpt lat="38.87944" lon="-120.10505"><ele>2242.224567779065</ele></trkpt><trkpt lat="38.8791" lon="-120.10487"><ele>2234.068918392355</ele></trkpt><trkpt lat="38.87905" lon="-120.10477000000003"><ele>2234.0</ele></trkpt><trkpt lat="38.87903" lon="-120.10462000000001"><ele>2233.463220850728</ele></trkpt><trkpt lat="38.87897" lon="-120.1046"><ele>2231.615547309457</ele></trkpt><trkpt lat="38.8789" lon="-120.10464999999999"><ele>2230.123182222713</ele></trkpt><trkpt lat="38.87882" lon="-120.10464999999999"><ele>2230.0390436633306</ele></trkpt><trkpt lat="38.8787" lon="-120.10446999999999"><ele>2228.1331710945815</ele></trkpt><trkpt lat="38.87855" lon="-120.10429999999997"><ele>2226.066654868635</ele></trkpt><trkpt lat="38.87823" lon="-120.10410000000002"><ele>2220.996786881238</ele></trkpt><trkpt lat="38.87808" lon="-120.10386"><ele>2218.0160986690657</ele></trkpt><trkpt lat="38.87799" lon="-120.10375999999997"><ele>2216.3777245858337</ele></trkpt><trkpt lat="38.87792" lon="-120.10374000000002"><ele>2215.0</ele></trkpt><trkpt lat="38.87788" lon="-120.10379999999998"><ele>2215.0</ele></trkpt><trkpt lat="38.87789" lon="-120.10386"><ele>2215.0</ele></trkpt><trkpt lat="38.8778" lon="-120.10408999999999"><ele>2213.0</ele></trkpt><trkpt lat="38.87775" lon="-120.10437000000002"><ele>2211.0</ele></trkpt><trkpt lat="38.87768" lon="-120.10451"><ele>2211.0</ele></trkpt><trkpt lat="38.87761" lon="-120.10455999999999"><ele>2209.279702261105</ele></trkpt><trkpt lat="38.87747" lon="-120.10451"><ele>2208.0</ele></trkpt><trkpt lat="38.87737" lon="-120.10451999999998"><ele>2207.0</ele></trkpt><trkpt lat="38.87721" lon="-120.1046"><ele>2205.0</ele></trkpt><trkpt lat="38.87716" lon="-120.10460999999998"><ele>2204.999268316369</ele></trkpt><trkpt lat="38.87687" lon="-120.10419000000002"><ele>2202.0</ele></trkpt><trkpt lat="38.87682" lon="-120.10415999999998"><ele>2202.0</ele></trkpt><trkpt lat="38.87679" lon="-120.10446999999999"><ele>2197.1011310445497</ele></trkpt><trkpt lat="38.87694" lon="-120.10476"><ele>2195.0</ele></trkpt><trkpt lat="38.87712" lon="-120.10489999999999"><ele>2194.020104907453</ele></trkpt><trkpt lat="38.87709" lon="-120.10491999999999"><ele>2192.0</ele></trkpt><trkpt lat="38.87696" lon="-120.10489000000001"><ele>2191.909859730677</ele></trkpt><trkpt lat="38.87684" lon="-120.10478"><ele>2191.050889131826</ele></trkpt><trkpt lat="38.87667" lon="-120.10460999999998"><ele>2187.6092710122466</ele></trkpt><trkpt lat="38.87656" lon="-120.10444000000001"><ele>2183.9364152448125</ele></trkpt><trkpt lat="38.87648" lon="-120.10423000000003"><ele>2184.235290536657</ele></trkpt><trkpt lat="38.87639" lon="-120.10414000000003"><ele>2182.9833767615273</ele></trkpt><trkpt lat="38.87632" lon="-120.10411999999997"><ele>2181.0</ele></trkpt><trkpt lat="38.8763" lon="-120.10415999999998"><ele>2180.0</ele></trkpt><trkpt lat="38.87645" lon="-120.1046"><ele>2175.19920323065</ele></trkpt><trkpt lat="38.87644" lon="-120.10471000000001"><ele>2173.0</ele></trkpt><trkpt lat="38.8763" lon="-120.10468000000003"><ele>2171.0</ele></trkpt><trkpt lat="38.87616" lon="-120.10462000000001"><ele>2170.5591891006834</ele></trkpt><trkpt lat="38.87606" lon="-120.10451999999998"><ele>2169.2745366101153</ele></trkpt><trkpt lat="38.87604" lon="-120.1044"><ele>2169.895663017407</ele></trkpt><trkpt lat="38.87593" lon="-120.10424999999998"><ele>2168.31078161858</ele></trkpt><trkpt lat="38.87591" lon="-120.10415999999998"><ele>2168.113531552255</ele></trkpt><trkpt lat="38.87568" lon="-120.10387000000003"><ele>2165.1635521049193</ele></trkpt><trkpt lat="38.87551" lon="-120.10345999999998"><ele>2163.0</ele></trkpt><trkpt lat="38.8754" lon="-120.10307999999998"><ele>2163.0</ele></trkpt><trkpt lat="38.87511" lon="-120.10264999999998"><ele>2158.7439039775054</ele></trkpt><trkpt lat="38.87505" lon="-120.10261000000003"><ele>2156.0</ele></trkpt><trkpt lat="38.87479" lon="-120.10259000000002"><ele>2149.126140443608</ele></trkpt><trkpt lat="38.87473" lon="-120.10253999999998"><ele>2148.7153093597885</ele></trkpt><trkpt lat="38.87473" lon="-120.10253999999998"><ele>2148.7153093597885</ele></trkpt><trkpt lat="38.87465" lon="-120.10246999999998"><ele>2144.6874564774334</ele></trkpt><trkpt lat="38.87461" lon="-120.10239000000001"><ele>2143.9018986009432</ele></trkpt><trkpt lat="38.87452" lon="-120.10199999999998"><ele>2140.0</ele></trkpt><trkpt lat="38.87448" lon="-120.10194000000001"><ele>2138.2137801199406</ele></trkpt><trkpt lat="38.87438" lon="-120.10224"><ele>2136.7922280356415</ele></trkpt><trkpt lat="38.87434" lon="-120.10228000000001"><ele>2136.0</ele></trkpt><trkpt lat="38.87422" lon="-120.10228999999998"><ele>2135.0</ele></trkpt><trkpt lat="38.87412" lon="-120.10235"><ele>2135.0</ele></trkpt><trkpt lat="38.87412" lon="-120.10235"><ele>2135.0</ele></trkpt><trkpt lat="38.87412" lon="-120.10235"><ele>2135.0</ele></trkpt><trkpt lat="38.87393" lon="-120.10235999999998"><ele>2134.0</ele></trkpt><trkpt lat="38.87393" lon="-120.10235999999998"><ele>2134.0</ele></trkpt><trkpt lat="38.87371" lon="-120.10234000000003"><ele>2132.0</ele></trkpt><trkpt lat="38.87337" lon="-120.10194000000001"><ele>2128.0</ele></trkpt><trkpt lat="38.87332" lon="-120.10180000000003"><ele>2128.0</ele></trkpt><trkpt lat="38.87331" lon="-120.10158999999999"><ele>2127.3457124726256</ele></trkpt><trkpt lat="38.87311" lon="-120.10099000000002"><ele>2126.1536577454754</ele></trkpt><trkpt lat="38.87311" lon="-120.10064999999997"><ele>2123.2325092011533</ele></trkpt><trkpt lat="38.87321" lon="-120.10041000000001"><ele>2121.1358685023642</ele></trkpt><trkpt lat="38.87314" lon="-120.10001999999997"><ele>2119.0724673515974</ele></trkpt><trkpt lat="38.87332" lon="-120.09991000000002"><ele>2116.0</ele></trkpt><trkpt lat="38.87338" lon="-120.09992"><ele>2115.148743653717</ele></trkpt><trkpt lat="38.87351" lon="-120.10001999999997"><ele>2113.057164143244</ele></trkpt><trkpt lat="38.87356" lon="-120.1001"><ele>2113.0</ele></trkpt><trkpt lat="38.87359" lon="-120.10007999999999"><ele>2111.7651900723577</ele></trkpt><trkpt lat="38.87341" lon="-120.09953000000002"><ele>2107.0</ele></trkpt><trkpt lat="38.87338" lon="-120.09923000000003"><ele>2106.0</ele></trkpt><trkpt lat="38.87335" lon="-120.09915000000001"><ele>2106.0</ele></trkpt><trkpt lat="38.87319" lon="-120.09902999999997"><ele>2104.9757651936093</ele></trkpt><trkpt lat="38.87313" lon="-120.09888000000001"><ele>2102.0</ele></trkpt><trkpt lat="38.87308" lon="-120.09870999999998"><ele>2099.293956413865</ele></trkpt><trkpt lat="38.87306" lon="-120.09812"><ele>2093.491158472374</ele></trkpt><trkpt lat="38.87313" lon="-120.09789999999998"><ele>2092.0</ele></trkpt><trkpt lat="38.87333" lon="-120.09751"><ele>2089.0</ele></trkpt><trkpt lat="38.87345" lon="-120.09735"><ele>2089.0</ele></trkpt><trkpt lat="38.87357" lon="-120.09707000000003"><ele>2088.9858331273103</ele></trkpt><trkpt lat="38.87367" lon="-120.09707000000003"><ele>2088.0</ele></trkpt><trkpt lat="38.87387" lon="-120.09717"><ele>2085.0</ele></trkpt><trkpt lat="38.87393" lon="-120.09722999999997"><ele>2084.0</ele></trkpt><trkpt lat="38.87393" lon="-120.09722999999997"><ele>2084.0</ele></trkpt><trkpt lat="38.8743" lon="-120.09752000000003"><ele>2082.594734224025</ele></trkpt><trkpt lat="38.87456" lon="-120.09767999999997"><ele>2076.700069146231</ele></trkpt><trkpt lat="38.87476" lon="-120.09748000000002"><ele>2074.0</ele></trkpt><trkpt lat="38.87489" lon="-120.09740999999997"><ele>2074.0</ele></trkpt><trkpt lat="38.87518" lon="-120.09731999999997"><ele>2073.5746961176183</ele></trkpt><trkpt lat="38.87535" lon="-120.09717999999998"><ele>2073.8974970519703</ele></trkpt><trkpt lat="38.87569" lon="-120.09722999999997"><ele>2074.0</ele></trkpt><trkpt lat="38.87582" lon="-120.09710000000001"><ele>2074.731752785935</ele></trkpt><trkpt lat="38.87582" lon="-120.09710000000001"><ele>2074.731752785935</ele></trkpt><trkpt lat="38.87593" lon="-120.0969"><ele>2075.2177460333673</ele></trkpt><trkpt lat="38.87598" lon="-120.09672999999998"><ele>2075.0</ele></trkpt><trkpt lat="38.87598" lon="-120.09672999999998"><ele>2075.0</ele></trkpt><trkpt lat="38.87598" lon="-120.09672999999998"><ele>2075.0</ele></trkpt><trkpt lat="38.87597" lon="-120.09604000000002"><ele>2074.705282766372</ele></trkpt><trkpt lat="38.87604" lon="-120.09587999999997"><ele>2075.060857682489</ele></trkpt><trkpt lat="38.8762" lon="-120.09568999999999"><ele>2074.0</ele></trkpt><trkpt lat="38.87642" lon="-120.09555999999998"><ele>2071.252113776747</ele></trkpt><trkpt lat="38.87652" lon="-120.09555"><ele>2071.0</ele></trkpt><trkpt lat="38.87661" lon="-120.09559000000002"><ele>2070.0</ele></trkpt><trkpt lat="38.87673" lon="-120.09559999999999"><ele>2068.116248888895</ele></trkpt><trkpt lat="38.87699" lon="-120.09541000000002"><ele>2066.261607112363</ele></trkpt><trkpt lat="38.87732" lon="-120.09527000000003"><ele>2063.0</ele></trkpt><trkpt lat="38.87754" lon="-120.09507000000002"><ele>2064.0</ele></trkpt><trkpt lat="38.87777" lon="-120.09472"><ele>2063.4108833019213</ele></trkpt><trkpt lat="38.87783" lon="-120.09451999999999"><ele>2063.0</ele></trkpt><trkpt lat="38.87783" lon="-120.09415999999999"><ele>2063.0</ele></trkpt><trkpt lat="38.87774" lon="-120.09370000000001"><ele>2065.0</ele></trkpt><trkpt lat="38.87773" lon="-120.09348999999997"><ele>2065.0</ele></trkpt><trkpt lat="38.87774" lon="-120.09318000000002"><ele>2065.0</ele></trkpt><trkpt lat="38.87771" lon="-120.09273000000002"><ele>2064.0</ele></trkpt><trkpt lat="38.87771" lon="-120.09257000000002"><ele>2064.0</ele></trkpt><trkpt lat="38.87779" lon="-120.09212000000002"><ele>2064.614818514291</ele></trkpt><trkpt lat="38.87794" lon="-120.09156000000002"><ele>2064.0</ele></trkpt><trkpt lat="38.878" lon="-120.09116"><ele>2061.380266822207</ele></trkpt><trkpt lat="38.87805" lon="-120.09081000000003"><ele>2057.2211996559054</ele></trkpt><trkpt lat="38.87806" lon="-120.09044"><ele>2054.5270109043545</ele></trkpt><trkpt lat="38.87818" lon="-120.08978000000002"><ele>2051.8850017128207</ele></trkpt><trkpt lat="38.87816585397884" lon="-120.0893202543125"><ele>2044.0</ele></trkpt><trkpt lat="38.87816585397884" lon="-120.0893202543125"><ele>2044.0</ele></trkpt><trkpt lat="38.87816" lon="-120.08913000000001"><ele>2041.0</ele></trkpt><trkpt lat="38.87807" lon="-120.08888000000002"><ele>2037.9415502231568</ele></trkpt><trkpt lat="38.878" lon="-120.08879999999999"><ele>2035.3926410083905</ele></trkpt><trkpt lat="38.87791" lon="-120.08875999999998"><ele>2034.3491448885761</ele></trkpt><trkpt lat="38.87791" lon="-120.08875999999998"><ele>2034.3491448885761</ele></trkpt><trkpt lat="38.87791" lon="-120.08875999999998"><ele>2034.3491448885761</ele></trkpt><trkpt lat="38.87783" lon="-120.08875"><ele>2033.0451045104685</ele></trkpt><trkpt lat="38.87754" lon="-120.08880999999997"><ele>2028.0</ele></trkpt><trkpt lat="38.87738" lon="-120.08866"><ele>2026.6888071116991</ele></trkpt><trkpt lat="38.8772587851351" lon="-120.08864071581695"><ele>2023.96976191004</ele></trkpt><trkpt lat="38.8772587851351" lon="-120.08864071581695"><ele>2023.96976191004</ele></trkpt><trkpt lat="38.87694" lon="-120.08859000000001"><ele>2019.4265706674196</ele></trkpt><trkpt lat="38.87668" lon="-120.08821"><ele>2018.0</ele></trkpt><trkpt lat="38.87661" lon="-120.08803999999998"><ele>2017.0174844190478</ele></trkpt><trkpt lat="38.87665" lon="-120.08771000000002"><ele>2013.0</ele></trkpt><trkpt lat="38.87679" lon="-120.08726999999999"><ele>2005.0</ele></trkpt><trkpt lat="38.87678" lon="-120.08708000000001"><ele>2003.194220976904</ele></trkpt><trkpt lat="38.87675" lon="-120.08685000000003"><ele>2002.0</ele></trkpt><trkpt lat="38.876755434250505" lon="-120.08673044648879"><ele>2002.0</ele></trkpt><trkpt lat="38.876755434250505" lon="-120.08673044648879"><ele>2002.0</ele></trkpt><trkpt lat="38.87676" lon="-120.08663000000001"><ele>2001.0</ele></trkpt><trkpt lat="38.87695" lon="-120.08587999999997"><ele>2000.0</ele></trkpt><trkpt lat="38.87698" lon="-120.08550000000002"><ele>1999.0</ele></trkpt><trkpt lat="38.87707" lon="-120.08494999999999"><ele>1999.0</ele></trkpt><trkpt lat="38.87708" lon="-120.08483999999999"><ele>1999.0</ele></trkpt><trkpt lat="38.87686" lon="-120.08395999999999"><ele>1997.0</ele></trkpt><trkpt lat="38.87683" lon="-120.08347000000003"><ele>1996.0</ele></trkpt><trkpt lat="38.87684" lon="-120.08314000000001"><ele>1996.0</ele></trkpt><trkpt lat="38.87685" lon="-120.08294999999998"><ele>1996.0</ele></trkpt><trkpt lat="38.87695" lon="-120.08262000000002"><ele>1995.499556540217</ele></trkpt><trkpt lat="38.87701" lon="-120.08248000000003"><ele>1995.6546292072853</ele></trkpt><trkpt lat="38.87722" lon="-120.08222"><ele>1996.0</ele></trkpt><trkpt lat="38.8773" lon="-120.08199000000002"><ele>1995.0</ele></trkpt><trkpt lat="38.87731" lon="-120.08128999999997"><ele>1995.9391925222938</ele></trkpt><trkpt lat="38.87723" lon="-120.08076"><ele>1995.0</ele></trkpt><trkpt lat="38.87723" lon="-120.08076"><ele>1995.0</ele></trkpt><trkpt lat="38.87717" lon="-120.08056999999997"><ele>1996.0</ele></trkpt><trkpt lat="38.87717" lon="-120.08056999999997"><ele>1996.0</ele></trkpt><trkpt lat="38.87712" lon="-120.08046000000002"><ele>1996.0</ele></trkpt></trkseg></trk></gpx>