<?xml version="1.0"?>
<gpx xmlns="http://www.topografix.com/GPX/1/1" xmlns:gpxx="http://www.garmin.com/xmlschemas/GpxExtensions/v3" creator="CALTOPO" version="1.1"><metadata><name><![CDATA[Disaster Creek-Wolf Creek]]></name></metadata><wpt lat="38.44036456647683" lon="-119.68028280104653"><name>Camp</name></wpt><trk><name>Disaster Creek-Wolf Creek</name><trkseg><trkpt lat="38.417305193063314" lon="-119.74937023869035"><ele>1968.7932714466006</ele></trkpt><trkpt lat="38.417349999999985" lon="-119.74939"><ele>1969.0</ele></trkpt><trkpt lat="38.41735" lon="-119.74939"><ele>1969.0</ele></trkpt><trkpt lat="38.41735" lon="-119.74939"><ele>1969.0</ele></trkpt><trkpt lat="38.41721499527522" lon="-119.74942375118121"><ele>1967.0</ele></trkpt><trkpt lat="38.417199937562884" lon="-119.74942751561184"><ele>1967.0</ele></trkpt><trkpt lat="38.41719" lon="-119.74943000000002"><ele>1967.0</ele></trkpt><trkpt lat="38.41702" lon="-119.74934000000002"><ele>1966.1701429747045</ele></trkpt><trkpt lat="38.41686" lon="-119.74919999999997"><ele>1968.0</ele></trkpt><trkpt lat="38.41667" lon="-119.74898999999999"><ele>1968.0</ele></trkpt><trkpt lat="38.41659" lon="-119.74871000000002"><ele>1968.0</ele></trkpt><trkpt lat="38.41654" lon="-119.74847999999997"><ele>1968.0</ele></trkpt><trkpt lat="38.41658" lon="-119.74824999999998"><ele>1969.0</ele></trkpt><trkpt lat="38.41667" lon="-119.74797999999998"><ele>1970.0</ele></trkpt><trkpt lat="38.41675" lon="-119.74783000000002"><ele>1970.0</ele></trkpt><trkpt lat="38.41688" lon="-119.74769000000003"><ele>1971.0</ele></trkpt><trkpt lat="38.41695" lon="-119.74752999999998"><ele>1972.0</ele></trkpt><trkpt lat="38.41706" lon="-119.74715000000003"><ele>1974.0</ele></trkpt><trkpt lat="38.41729" lon="-119.74664999999999"><ele>1975.985377364275</ele></trkpt><trkpt lat="38.41742" lon="-119.74642"><ele>1978.0</ele></trkpt><trkpt lat="38.41753" lon="-119.74628000000001"><ele>1978.6862870695807</ele></trkpt><trkpt lat="38.41751" lon="-119.74585000000002"><ele>1981.0</ele></trkpt><trkpt lat="38.41763" lon="-119.74563"><ele>1984.7054087124184</ele></trkpt><trkpt lat="38.41767" lon="-119.74549999999999"><ele>1987.8610353541076</ele></trkpt><trkpt lat="38.41767" lon="-119.74536999999998"><ele>1989.890707623426</ele></trkpt><trkpt lat="38.41764" lon="-119.74525"><ele>1992.3771555558778</ele></trkpt><trkpt lat="38.41755" lon="-119.74511999999999"><ele>1997.4355946667492</ele></trkpt><trkpt lat="38.41704" lon="-119.74495000000002"><ele>2004.3581688879058</ele></trkpt><trkpt lat="38.41701" lon="-119.74487999999997"><ele>2006.0</ele></trkpt><trkpt lat="38.41708" lon="-119.74473999999998"><ele>2010.5435572504066</ele></trkpt><trkpt lat="38.41707" lon="-119.74468000000002"><ele>2011.988444498278</ele></trkpt><trkpt lat="38.41693" lon="-119.74460999999997"><ele>2015.0</ele></trkpt><trkpt lat="38.41689" lon="-119.74450999999999"><ele>2017.0</ele></trkpt><trkpt lat="38.41685" lon="-119.74401999999998"><ele>2013.718210786581</ele></trkpt><trkpt lat="38.416842166169694" lon="-119.74365964380604"><ele>2013.2522529996932</ele></trkpt><trkpt lat="38.41684178198492" lon="-119.74364197130035"><ele>2013.229401614517</ele></trkpt><trkpt lat="38.41684" lon="-119.74356"><ele>2012.1234088074416</ele></trkpt><trkpt lat="38.41678" lon="-119.74313000000001"><ele>2007.5545986611396</ele></trkpt><trkpt lat="38.41676" lon="-119.74259"><ele>2005.3649959377944</ele></trkpt><trkpt lat="38.41659" lon="-119.74196"><ele>1997.5067721679807</ele></trkpt><trkpt lat="38.4166" lon="-119.74182000000002"><ele>1998.696372013539</ele></trkpt><trkpt lat="38.41655" lon="-119.74153999999999"><ele>1995.874187225476</ele></trkpt><trkpt lat="38.41654" lon="-119.74128999999999"><ele>1994.279387716204</ele></trkpt><trkpt lat="38.41661" lon="-119.74040000000002"><ele>2000.4429860096425</ele></trkpt><trkpt lat="38.41651" lon="-119.73993999999999"><ele>2001.4949896838516</ele></trkpt><trkpt lat="38.4165" lon="-119.73891000000003"><ele>2003.0</ele></trkpt><trkpt lat="38.41662" lon="-119.73838"><ele>2005.0</ele></trkpt><trkpt lat="38.41667" lon="-119.73791"><ele>2006.0052567320197</ele></trkpt><trkpt lat="38.41664" lon="-119.73761999999999"><ele>2006.9698124461854</ele></trkpt><trkpt lat="38.41672" lon="-119.7373"><ele>2008.9982098525638</ele></trkpt><trkpt lat="38.41671" lon="-119.73701"><ele>2009.0</ele></trkpt><trkpt lat="38.41675" lon="-119.73680999999999"><ele>2010.7701946981251</ele></trkpt><trkpt lat="38.41692" lon="-119.73656"><ele>2017.5639208831312</ele></trkpt><trkpt lat="38.41697" lon="-119.7364"><ele>2017.8558409549296</ele></trkpt><trkpt lat="38.41716" lon="-119.73539"><ele>2024.0</ele></trkpt><trkpt lat="38.41714" lon="-119.73478999999998"><ele>2025.8209146689326</ele></trkpt><trkpt lat="38.41717" lon="-119.73385000000002"><ele>2031.0</ele></trkpt><trkpt lat="38.41714" lon="-119.73363"><ele>2030.997023539055</ele></trkpt><trkpt lat="38.41729" lon="-119.73309"><ele>2034.0</ele></trkpt><trkpt lat="38.41729" lon="-119.73223000000002"><ele>2035.0</ele></trkpt><trkpt lat="38.41732" lon="-119.73133999999999"><ele>2035.4247125614881</ele></trkpt><trkpt lat="38.4175" lon="-119.73032"><ele>2040.0</ele></trkpt><trkpt lat="38.41768" lon="-119.72991999999999"><ele>2042.0</ele></trkpt><trkpt lat="38.41783" lon="-119.72941000000003"><ele>2043.0092041268945</ele></trkpt><trkpt lat="38.41791" lon="-119.72899999999998"><ele>2045.7676874715835</ele></trkpt><trkpt lat="38.41791" lon="-119.72899999999998"><ele>2045.7676874715835</ele></trkpt><trkpt lat="38.41807" lon="-119.72811000000002"><ele>2054.0</ele></trkpt><trkpt lat="38.41822" lon="-119.72751"><ele>2055.2068602051586</ele></trkpt><trkpt lat="38.41819" lon="-119.72685000000001"><ele>2056.4224206786603</ele></trkpt><trkpt lat="38.41845" lon="-119.72634"><ele>2060.0</ele></trkpt><trkpt lat="38.41857" lon="-119.7262"><ele>2063.0</ele></trkpt><trkpt lat="38.41862" lon="-119.72602999999998"><ele>2063.0</ele></trkpt><trkpt lat="38.41846" lon="-119.72534999999999"><ele>2061.0</ele></trkpt><trkpt lat="38.41846" lon="-119.72507999999999"><ele>2063.0</ele></trkpt><trkpt lat="38.4185" lon="-119.72480000000002"><ele>2065.0</ele></trkpt><trkpt lat="38.41842" lon="-119.72462999999999"><ele>2065.0</ele></trkpt><trkpt lat="38.4184" lon="-119.72449"><ele>2065.0</ele></trkpt><trkpt lat="38.41843" lon="-119.72363999999999"><ele>2069.0</ele></trkpt><trkpt lat="38.41866" lon="-119.72261000000003"><ele>2075.0</ele></trkpt><trkpt lat="38.41874" lon="-119.72216000000003"><ele>2079.0</ele></trkpt><trkpt lat="38.41897" lon="-119.72127999999998"><ele>2083.0</ele></trkpt><trkpt lat="38.419" lon="-119.72114999999997"><ele>2082.6025480683893</ele></trkpt><trkpt lat="38.41896" lon="-119.72090000000003"><ele>2080.0</ele></trkpt><trkpt lat="38.41897" lon="-119.72075999999998"><ele>2078.0</ele></trkpt><trkpt lat="38.41912" lon="-119.72051999999996"><ele>2079.0</ele></trkpt><trkpt lat="38.41942" lon="-119.72017"><ele>2079.0</ele></trkpt><trkpt lat="38.41949" lon="-119.72001"><ele>2079.0</ele></trkpt><trkpt lat="38.41953" lon="-119.71983"><ele>2078.0</ele></trkpt><trkpt lat="38.41958" lon="-119.71922999999998"><ele>2074.8980716029864</ele></trkpt><trkpt lat="38.41975" lon="-119.71904"><ele>2074.2142588198185</ele></trkpt><trkpt lat="38.41987" lon="-119.7183"><ele>2073.352175520733</ele></trkpt><trkpt lat="38.41985" lon="-119.71771999999999"><ele>2074.059831756392</ele></trkpt><trkpt lat="38.41981" lon="-119.71751"><ele>2074.0</ele></trkpt><trkpt lat="38.41983" lon="-119.71685000000002"><ele>2074.0</ele></trkpt><trkpt lat="38.41968" lon="-119.71634"><ele>2076.0</ele></trkpt><trkpt lat="38.41969" lon="-119.71605"><ele>2078.126342097792</ele></trkpt><trkpt lat="38.41963" lon="-119.71575999999999"><ele>2081.0</ele></trkpt><trkpt lat="38.41957" lon="-119.71557000000001"><ele>2082.0</ele></trkpt><trkpt lat="38.41945" lon="-119.71546999999998"><ele>2081.0</ele></trkpt><trkpt lat="38.4193" lon="-119.71515999999997"><ele>2078.0</ele></trkpt><trkpt lat="38.41917" lon="-119.71500000000003"><ele>2079.0</ele></trkpt><trkpt lat="38.4188" lon="-119.71402999999998"><ele>2082.8044884508263</ele></trkpt><trkpt lat="38.4188" lon="-119.71353999999997"><ele>2088.0</ele></trkpt><trkpt lat="38.41862" lon="-119.71307000000002"><ele>2088.9994580689818</ele></trkpt><trkpt lat="38.41857" lon="-119.71289000000002"><ele>2088.0253761336207</ele></trkpt><trkpt lat="38.41857" lon="-119.71269999999998"><ele>2089.008046828387</ele></trkpt><trkpt lat="38.41832" lon="-119.71217000000001"><ele>2089.169271481179</ele></trkpt><trkpt lat="38.41834" lon="-119.71197000000001"><ele>2091.0</ele></trkpt><trkpt lat="38.41822" lon="-119.71145999999999"><ele>2095.0</ele></trkpt><trkpt lat="38.41829" lon="-119.71116"><ele>2099.0</ele></trkpt><trkpt lat="38.41821" lon="-119.71053"><ele>2111.661190396016</ele></trkpt><trkpt lat="38.41822" lon="-119.71023000000002"><ele>2113.0</ele></trkpt><trkpt lat="38.41822" lon="-119.71023000000002"><ele>2113.0</ele></trkpt><trkpt lat="38.4183" lon="-119.71008999999998"><ele>2115.9653692394495</ele></trkpt><trkpt lat="38.41842" lon="-119.71006999999997"><ele>2120.0</ele></trkpt><trkpt lat="38.41852" lon="-119.70990999999998"><ele>2123.0</ele></trkpt><trkpt lat="38.41854" lon="-119.70972"><ele>2125.047021427806</ele></trkpt><trkpt lat="38.41865" lon="-119.70934"><ele>2130.7839082218707</ele></trkpt><trkpt lat="38.41879" lon="-119.70898"><ele>2134.1113520544022</ele></trkpt><trkpt lat="38.41884" lon="-119.70859000000002"><ele>2137.0854430496693</ele></trkpt><trkpt lat="38.41893" lon="-119.70823000000001"><ele>2140.278294978106</ele></trkpt><trkpt lat="38.41907" lon="-119.70784000000003"><ele>2144.0</ele></trkpt><trkpt lat="38.41919" lon="-119.70765"><ele>2146.0</ele></trkpt><trkpt lat="38.41946" lon="-119.70703000000003"><ele>2148.964342407882</ele></trkpt><trkpt lat="38.41946" lon="-119.70703000000003"><ele>2148.964342407882</ele></trkpt><trkpt lat="38.41961" lon="-119.70673999999997"><ele>2151.895001389152</ele></trkpt><trkpt lat="38.41971" lon="-119.70668999999998"><ele>2154.0</ele></trkpt><trkpt lat="38.41983" lon="-119.70668"><ele>2157.0</ele></trkpt><trkpt lat="38.41997" lon="-119.70661999999999"><ele>2160.100458226717</ele></trkpt><trkpt lat="38.42009" lon="-119.70652999999999"><ele>2162.517044717045</ele></trkpt><trkpt lat="38.42024" lon="-119.70634000000001"><ele>2163.1029853824716</ele></trkpt><trkpt lat="38.42029" lon="-119.70613000000003"><ele>2163.334977356717</ele></trkpt><trkpt lat="38.42083" lon="-119.70553000000001"><ele>2171.7479237882762</ele></trkpt><trkpt lat="38.42094" lon="-119.70550000000003"><ele>2175.0</ele></trkpt><trkpt lat="38.42116" lon="-119.70535999999998"><ele>2179.0855289511383</ele></trkpt><trkpt lat="38.42163" lon="-119.70490000000001"><ele>2188.211945255384</ele></trkpt><trkpt lat="38.42184" lon="-119.70484999999996"><ele>2193.0</ele></trkpt><trkpt lat="38.42189" lon="-119.70490000000001"><ele>2195.0</ele></trkpt><trkpt lat="38.42197" lon="-119.70490999999998"><ele>2197.7382424991893</ele></trkpt><trkpt lat="38.42204" lon="-119.70486"><ele>2199.0</ele></trkpt><trkpt lat="38.42222" lon="-119.70460000000003"><ele>2203.0271342879187</ele></trkpt><trkpt lat="38.42245" lon="-119.70454999999998"><ele>2208.8202527426183</ele></trkpt><trkpt lat="38.42254" lon="-119.70447000000001"><ele>2210.2871479436685</ele></trkpt><trkpt lat="38.42265" lon="-119.70442000000003"><ele>2212.9454058907027</ele></trkpt><trkpt lat="38.42276" lon="-119.70440000000002"><ele>2215.0</ele></trkpt><trkpt lat="38.42291" lon="-119.70442000000003"><ele>2219.1833539325744</ele></trkpt><trkpt lat="38.42304" lon="-119.70454000000001"><ele>2227.3659650133914</ele></trkpt><trkpt lat="38.42301" lon="-119.70499000000001"><ele>2241.502732363064</ele></trkpt><trkpt lat="38.42348" lon="-119.70488999999998"><ele>2254.7105173324235</ele></trkpt><trkpt lat="38.42374" lon="-119.70493999999997"><ele>2259.040686220862</ele></trkpt><trkpt lat="38.42453" lon="-119.70459"><ele>2269.0</ele></trkpt><trkpt lat="38.42484" lon="-119.70460000000003"><ele>2274.0</ele></trkpt><trkpt lat="38.42493" lon="-119.70449000000002"><ele>2275.0</ele></trkpt><trkpt lat="38.42571" lon="-119.70391000000001"><ele>2277.0</ele></trkpt><trkpt lat="38.42584" lon="-119.70377000000002"><ele>2277.0</ele></trkpt><trkpt lat="38.42591" lon="-119.70351"><ele>2275.602144000586</ele></trkpt><trkpt lat="38.42604" lon="-119.70339000000001"><ele>2277.3028810648234</ele></trkpt><trkpt lat="38.42642" lon="-119.70319999999998"><ele>2283.9331726145642</ele></trkpt><trkpt lat="38.42652" lon="-119.70307000000003"><ele>2287.0</ele></trkpt><trkpt lat="38.42654" lon="-119.70294999999999"><ele>2289.084023290334</ele></trkpt><trkpt lat="38.42651" lon="-119.70271000000002"><ele>2292.296761575615</ele></trkpt><trkpt lat="38.42653" lon="-119.70267000000001"><ele>2293.0</ele></trkpt><trkpt lat="38.42703" lon="-119.70256999999998"><ele>2304.1590911139983</ele></trkpt><trkpt lat="38.42729" lon="-119.70240999999999"><ele>2309.771755242949</ele></trkpt><trkpt lat="38.42754" lon="-119.70236999999997"><ele>2318.0</ele></trkpt><trkpt lat="38.42766" lon="-119.70244000000002"><ele>2320.0</ele></trkpt><trkpt lat="38.42772" lon="-119.70281"><ele>2320.8465833082173</ele></trkpt><trkpt lat="38.42777" lon="-119.70292999999998"><ele>2322.1070998827777</ele></trkpt><trkpt lat="38.42777" lon="-119.70292999999998"><ele>2322.1070998827777</ele></trkpt><trkpt lat="38.42787" lon="-119.70303000000001"><ele>2325.0282346676104</ele></trkpt><trkpt lat="38.42799" lon="-119.70299999999997"><ele>2328.0</ele></trkpt><trkpt lat="38.42813" lon="-119.70310999999998"><ele>2328.243495112285</ele></trkpt><trkpt lat="38.42852" lon="-119.70330999999999"><ele>2326.908241758123</ele></trkpt><trkpt lat="38.42882" lon="-119.70341000000002"><ele>2332.0</ele></trkpt><trkpt lat="38.42902" lon="-119.70339999999999"><ele>2335.0</ele></trkpt><trkpt lat="38.42914" lon="-119.70328999999998"><ele>2338.7920840177685</ele></trkpt><trkpt lat="38.42923" lon="-119.70330999999999"><ele>2340.0</ele></trkpt><trkpt lat="38.42938" lon="-119.70352000000003"><ele>2341.0</ele></trkpt><trkpt lat="38.42964" lon="-119.70379000000003"><ele>2347.2400883830496</ele></trkpt><trkpt lat="38.42972" lon="-119.70379000000003"><ele>2349.1640842517904</ele></trkpt><trkpt lat="38.42976" lon="-119.70371999999998"><ele>2350.5514319414415</ele></trkpt><trkpt lat="38.42982" lon="-119.70368000000002"><ele>2352.9252642625943</ele></trkpt><trkpt lat="38.42994" lon="-119.70371999999998"><ele>2358.0</ele></trkpt><trkpt lat="38.429987453575784" lon="-119.70374711632905"><ele>2359.207667246461</ele></trkpt><trkpt lat="38.430035148444794" lon="-119.70377437049666"><ele>2361.032389462735</ele></trkpt><trkpt lat="38.43015" lon="-119.70384000000001"><ele>2365.87773097679</ele></trkpt><trkpt lat="38.43021" lon="-119.70395000000002"><ele>2368.447201795876</ele></trkpt><trkpt lat="38.43029" lon="-119.70424000000003"><ele>2369.120117038659</ele></trkpt><trkpt lat="38.43048" lon="-119.70447000000001"><ele>2376.5770551118394</ele></trkpt><trkpt lat="38.43065" lon="-119.70461999999998"><ele>2384.623411761597</ele></trkpt><trkpt lat="38.43081" lon="-119.70456000000001"><ele>2394.1420731116086</ele></trkpt><trkpt lat="38.43128" lon="-119.70463999999998"><ele>2416.1032628063112</ele></trkpt><trkpt lat="38.43135" lon="-119.70445000000001"><ele>2421.267710885033</ele></trkpt><trkpt lat="38.43144" lon="-119.70441"><ele>2425.622007202357</ele></trkpt><trkpt lat="38.43163" lon="-119.70454999999998"><ele>2429.124606959673</ele></trkpt><trkpt lat="38.4318" lon="-119.70458000000002"><ele>2430.736529776361</ele></trkpt><trkpt lat="38.43201" lon="-119.70474000000002"><ele>2430.149151867188</ele></trkpt><trkpt lat="38.4321" lon="-119.70474999999999"><ele>2431.09193563186</ele></trkpt><trkpt lat="38.43218" lon="-119.70474000000002"><ele>2431.2799893319607</ele></trkpt><trkpt lat="38.43262" lon="-119.70431000000002"><ele>2437.0</ele></trkpt><trkpt lat="38.43293" lon="-119.70398"><ele>2441.698556444142</ele></trkpt><trkpt lat="38.4331" lon="-119.70388000000003"><ele>2443.22243368222</ele></trkpt><trkpt lat="38.4333" lon="-119.70368000000002"><ele>2445.910613213065</ele></trkpt><trkpt lat="38.43346" lon="-119.70335"><ele>2451.2488590304793</ele></trkpt><trkpt lat="38.43351" lon="-119.70337999999998"><ele>2449.6605831114575</ele></trkpt><trkpt lat="38.43361" lon="-119.70333"><ele>2452.9974296206146</ele></trkpt><trkpt lat="38.43383" lon="-119.70343000000003"><ele>2454.2678874215744</ele></trkpt><trkpt lat="38.43392" lon="-119.70352000000003"><ele>2455.0224912079093</ele></trkpt><trkpt lat="38.43419" lon="-119.70334000000003"><ele>2465.524718221277</ele></trkpt><trkpt lat="38.43426" lon="-119.70323000000002"><ele>2467.3933392520994</ele></trkpt><trkpt lat="38.43428" lon="-119.70299"><ele>2474.8359004440717</ele></trkpt><trkpt lat="38.43434" lon="-119.70274999999998"><ele>2481.003166837655</ele></trkpt><trkpt lat="38.43448" lon="-119.70175999999998"><ele>2488.0</ele></trkpt><trkpt lat="38.43449" lon="-119.70116999999999"><ele>2485.077105699107</ele></trkpt><trkpt lat="38.43455" lon="-119.70069999999998"><ele>2482.646791074425</ele></trkpt><trkpt lat="38.43491" lon="-119.69960000000003"><ele>2485.0</ele></trkpt><trkpt lat="38.43494" lon="-119.69918000000001"><ele>2483.51433572281</ele></trkpt><trkpt lat="38.43488" lon="-119.69889"><ele>2483.0</ele></trkpt><trkpt lat="38.43488" lon="-119.69866000000002"><ele>2484.0</ele></trkpt><trkpt lat="38.43495" lon="-119.69828999999999"><ele>2486.0</ele></trkpt><trkpt lat="38.43483" lon="-119.69783000000001"><ele>2485.0</ele></trkpt><trkpt lat="38.43470273773752" lon="-119.69697097972823"><ele>2485.5175172530203</ele></trkpt><trkpt lat="38.43470074062715" lon="-119.69695749923324"><ele>2485.982047397896</ele></trkpt><trkpt lat="38.434698768719805" lon="-119.69694418885865"><ele>2486.0</ele></trkpt><trkpt lat="38.434698768719805" lon="-119.69694418885865"><ele>2486.0</ele></trkpt><trkpt lat="38.43463" lon="-119.69648000000001"><ele>2487.0</ele></trkpt><trkpt lat="38.43482" lon="-119.69569000000001"><ele>2490.0</ele></trkpt><trkpt lat="38.43463" lon="-119.69510000000002"><ele>2491.0</ele></trkpt><trkpt lat="38.43428" lon="-119.69423"><ele>2494.0</ele></trkpt><trkpt lat="38.43389" lon="-119.69337000000002"><ele>2496.0</ele></trkpt><trkpt lat="38.43403" lon="-119.69263000000001"><ele>2498.0</ele></trkpt><trkpt lat="38.43403" lon="-119.69187999999997"><ele>2493.0</ele></trkpt><trkpt lat="38.43406" lon="-119.69076000000001"><ele>2494.0</ele></trkpt><trkpt lat="38.43429" lon="-119.69015000000002"><ele>2495.8165104171767</ele></trkpt><trkpt lat="38.4349" lon="-119.68955"><ele>2499.0870927115748</ele></trkpt><trkpt lat="38.43531" lon="-119.68892"><ele>2511.3176367920823</ele></trkpt><trkpt lat="38.43569574948112" lon="-119.68864446465636"><ele>2523.0</ele></trkpt><trkpt lat="38.43570586044501" lon="-119.68863724272364"><ele>2523.0</ele></trkpt><trkpt lat="38.4358" lon="-119.68857000000003"><ele>2524.0</ele></trkpt><trkpt lat="38.43606" lon="-119.68799000000001"><ele>2525.0</ele></trkpt><trkpt lat="38.43639" lon="-119.68761999999998"><ele>2528.0</ele></trkpt><trkpt lat="38.43712" lon="-119.68506000000002"><ele>2541.0</ele></trkpt><trkpt lat="38.43712" lon="-119.68506000000002"><ele>2541.0</ele></trkpt><trkpt lat="38.4373" lon="-119.68457000000001"><ele>2544.2605546545237</ele></trkpt><trkpt lat="38.43791" lon="-119.68327"><ele>2559.4733189897142</ele></trkpt><trkpt lat="38.43799" lon="-119.68268999999998"><ele>2560.0</ele></trkpt><trkpt lat="38.43825" lon="-119.68205"><ele>2562.0</ele></trkpt><trkpt lat="38.43833" lon="-119.68173000000002"><ele>2563.0</ele></trkpt><trkpt lat="38.43849" lon="-119.68027999999998"><ele>2593.248796310069</ele></trkpt><trkpt lat="38.43849" lon="-119.67964999999998"><ele>2610.0</ele></trkpt><trkpt lat="38.43849" lon="-119.67964999999998"><ele>2610.0</ele></trkpt><trkpt lat="38.43849" lon="-119.67964999999998"><ele>2610.0</ele></trkpt><trkpt lat="38.43856" lon="-119.67975999999999"><ele>2610.098358260913</ele></trkpt><trkpt lat="38.43884" lon="-119.6798"><ele>2619.701725835209</ele></trkpt><trkpt lat="38.43903" lon="-119.67969"><ele>2619.4970769206993</ele></trkpt><trkpt lat="38.43908" lon="-119.67970000000003"><ele>2620.938035381492</ele></trkpt><trkpt lat="38.43907" lon="-119.67975999999999"><ele>2623.139252945315</ele></trkpt><trkpt lat="38.43902" lon="-119.67977000000002"><ele>2622.6102731969636</ele></trkpt><trkpt lat="38.43899" lon="-119.67982"><ele>2623.3638364449143</ele></trkpt><trkpt lat="38.43901" lon="-119.67989999999998"><ele>2625.0017102938145</ele></trkpt><trkpt lat="38.43904" lon="-119.67991999999998"><ele>2625.99484277686</ele></trkpt><trkpt lat="38.43908" lon="-119.67989999999998"><ele>2627.243365571468</ele></trkpt><trkpt lat="38.43916" lon="-119.68004000000002"><ele>2630.9264880437404</ele></trkpt><trkpt lat="38.43933" lon="-119.67998"><ele>2637.861635466572</ele></trkpt><trkpt lat="38.43939" lon="-119.67989"><ele>2638.382645279683</ele></trkpt><trkpt lat="38.43946" lon="-119.67987"><ele>2640.5386169677413</ele></trkpt><trkpt lat="38.43952" lon="-119.67989999999998"><ele>2643.0</ele></trkpt><trkpt lat="38.43964" lon="-119.67988000000003"><ele>2643.0</ele></trkpt><trkpt lat="38.43971" lon="-119.67991999999998"><ele>2644.0</ele></trkpt><trkpt lat="38.43981" lon="-119.67991999999998"><ele>2644.0</ele></trkpt><trkpt lat="38.43992" lon="-119.67982999999998"><ele>2645.145646993071</ele></trkpt><trkpt lat="38.43998" lon="-119.67964"><ele>2646.0</ele></trkpt><trkpt lat="38.44002" lon="-119.67964999999998"><ele>2647.0421722120495</ele></trkpt><trkpt lat="38.44002" lon="-119.67971999999997"><ele>2647.7034986652434</ele></trkpt><trkpt lat="38.4401" lon="-119.67980999999997"><ele>2648.0</ele></trkpt><trkpt lat="38.44024" lon="-119.67993999999999"><ele>2651.0</ele></trkpt><trkpt lat="38.44033" lon="-119.67997000000003"><ele>2652.0</ele></trkpt><trkpt lat="38.44038" lon="-119.68047999999999"><ele>2657.062908944464</ele></trkpt><trkpt lat="38.4405" lon="-119.68052999999998"><ele>2658.0</ele></trkpt><trkpt lat="38.44053" lon="-119.68061"><ele>2659.0</ele></trkpt><trkpt lat="38.44053" lon="-119.68065999999999"><ele>2659.0</ele></trkpt><trkpt lat="38.44064" lon="-119.68085000000002"><ele>2660.374652165775</ele></trkpt><trkpt lat="38.44069" lon="-119.68097"><ele>2661.919680600175</ele></trkpt><trkpt lat="38.44073" lon="-119.68105000000003"><ele>2662.233425427048</ele></trkpt><trkpt lat="38.44087" lon="-119.68119000000002"><ele>2666.0</ele></trkpt><trkpt lat="38.44091" lon="-119.68131"><ele>2669.0</ele></trkpt><trkpt lat="38.4409" lon="-119.68147999999997"><ele>2671.0</ele></trkpt><trkpt lat="38.44096" lon="-119.68165999999997"><ele>2671.9747324176133</ele></trkpt><trkpt lat="38.44094" lon="-119.68191000000002"><ele>2672.0</ele></trkpt><trkpt lat="38.4409" lon="-119.68198999999998"><ele>2672.0</ele></trkpt><trkpt lat="38.4409" lon="-119.68209000000002"><ele>2672.0</ele></trkpt><trkpt lat="38.44096" lon="-119.68223999999998"><ele>2672.0</ele></trkpt><trkpt lat="38.44098" lon="-119.68236999999999"><ele>2673.0</ele></trkpt><trkpt lat="38.44073" lon="-119.68281999999999"><ele>2677.1739697777666</ele></trkpt><trkpt lat="38.44069" lon="-119.68327999999997"><ele>2683.0</ele></trkpt><trkpt lat="38.44073" lon="-119.68345"><ele>2685.534097777214</ele></trkpt><trkpt lat="38.44064" lon="-119.68372999999997"><ele>2687.993866307492</ele></trkpt><trkpt lat="38.44064" lon="-119.68396999999999"><ele>2690.0</ele></trkpt><trkpt lat="38.44072" lon="-119.68432000000001"><ele>2693.254723990336</ele></trkpt><trkpt lat="38.44073" lon="-119.68448999999998"><ele>2695.659725289792</ele></trkpt><trkpt lat="38.44082" lon="-119.68479000000002"><ele>2696.2873572721146</ele></trkpt><trkpt lat="38.4408" lon="-119.68495000000001"><ele>2700.716627782681</ele></trkpt><trkpt lat="38.44083" lon="-119.68506000000002"><ele>2700.873889762046</ele></trkpt><trkpt lat="38.44083" lon="-119.68506000000002"><ele>2700.873889762046</ele></trkpt><trkpt lat="38.44069" lon="-119.6857"><ele>2699.98444192158</ele></trkpt><trkpt lat="38.44069" lon="-119.68576000000002"><ele>2698.7798432864333</ele></trkpt><trkpt lat="38.44079" lon="-119.68588999999997"><ele>2699.0</ele></trkpt><trkpt lat="38.44081" lon="-119.68597"><ele>2699.997454191295</ele></trkpt><trkpt lat="38.44076" lon="-119.68635"><ele>2701.0</ele></trkpt><trkpt lat="38.44085" lon="-119.68655999999999"><ele>2699.2542513026983</ele></trkpt><trkpt lat="38.44103" lon="-119.6868"><ele>2699.3445866662078</ele></trkpt><trkpt lat="38.44138" lon="-119.68707"><ele>2693.7653370324433</ele></trkpt><trkpt lat="38.4416" lon="-119.68731000000002"><ele>2695.0</ele></trkpt><trkpt lat="38.44172" lon="-119.68718000000001"><ele>2696.089552830246</ele></trkpt><trkpt lat="38.44183" lon="-119.68713000000002"><ele>2697.7978640098063</ele></trkpt><trkpt lat="38.44221" lon="-119.68705"><ele>2703.721815380025</ele></trkpt><trkpt lat="38.4424" lon="-119.6873"><ele>2702.9268072063014</ele></trkpt><trkpt lat="38.44256" lon="-119.68736000000001"><ele>2702.582737979281</ele></trkpt><trkpt lat="38.44294" lon="-119.68743"><ele>2700.0155413332395</ele></trkpt><trkpt lat="38.4432" lon="-119.68740000000003"><ele>2698.8823709959624</ele></trkpt><trkpt lat="38.44333" lon="-119.68750999999997"><ele>2701.0</ele></trkpt><trkpt lat="38.44346" lon="-119.68776000000003"><ele>2705.307043603083</ele></trkpt><trkpt lat="38.44363" lon="-119.68794000000003"><ele>2705.083514559796</ele></trkpt><trkpt lat="38.44367" lon="-119.68808000000001"><ele>2706.0</ele></trkpt><trkpt lat="38.44365" lon="-119.68824999999998"><ele>2706.0</ele></trkpt><trkpt lat="38.44358" lon="-119.68837000000002"><ele>2704.0</ele></trkpt><trkpt lat="38.44354" lon="-119.68851000000001"><ele>2702.0</ele></trkpt><trkpt lat="38.44355" lon="-119.68874"><ele>2701.9428203261314</ele></trkpt><trkpt lat="38.44341" lon="-119.68921999999998"><ele>2696.8028979226947</ele></trkpt><trkpt lat="38.44339" lon="-119.68941999999998"><ele>2694.0</ele></trkpt><trkpt lat="38.44332" lon="-119.68971999999997"><ele>2688.5928123591766</ele></trkpt><trkpt lat="38.44332" lon="-119.68982"><ele>2687.0</ele></trkpt><trkpt lat="38.44338" lon="-119.69006999999999"><ele>2684.9524056320734</ele></trkpt><trkpt lat="38.44358" lon="-119.69047"><ele>2681.9436177232087</ele></trkpt><trkpt lat="38.44354" lon="-119.69063"><ele>2676.932411916088</ele></trkpt><trkpt lat="38.44359" lon="-119.69083"><ele>2674.2735683655224</ele></trkpt><trkpt lat="38.44366" lon="-119.69099"><ele>2673.0518560798055</ele></trkpt><trkpt lat="38.4437" lon="-119.69112000000001"><ele>2672.001053349991</ele></trkpt><trkpt lat="38.44374" lon="-119.69117"><ele>2670.8247548656736</ele></trkpt><trkpt lat="38.44387" lon="-119.69123000000002"><ele>2673.173943530768</ele></trkpt><trkpt lat="38.44386" lon="-119.69139999999999"><ele>2672.0</ele></trkpt><trkpt lat="38.44379" lon="-119.69159000000002"><ele>2668.0</ele></trkpt><trkpt lat="38.44371" lon="-119.69198"><ele>2662.0</ele></trkpt><trkpt lat="38.44362" lon="-119.69214999999997"><ele>2659.0</ele></trkpt><trkpt lat="38.44357" lon="-119.69247999999999"><ele>2655.323241826147</ele></trkpt><trkpt lat="38.44321" lon="-119.69285000000002"><ele>2648.902497721836</ele></trkpt><trkpt lat="38.44312" lon="-119.69310000000002"><ele>2645.406832839609</ele></trkpt><trkpt lat="38.44309" lon="-119.69385"><ele>2636.762273427099</ele></trkpt><trkpt lat="38.44304" lon="-119.69432"><ele>2631.787183476612</ele></trkpt><trkpt lat="38.44308" lon="-119.69477999999998"><ele>2633.0920519500314</ele></trkpt><trkpt lat="38.44301" lon="-119.69509"><ele>2630.999545608647</ele></trkpt><trkpt lat="38.44305" lon="-119.69555000000003"><ele>2630.3822013027966</ele></trkpt><trkpt lat="38.443" lon="-119.69592"><ele>2626.4071129970253</ele></trkpt><trkpt lat="38.44295" lon="-119.69603000000001"><ele>2624.43202675879</ele></trkpt><trkpt lat="38.443" lon="-119.69623999999999"><ele>2625.628451988101</ele></trkpt><trkpt lat="38.44298" lon="-119.69705999999996"><ele>2618.217078253627</ele></trkpt><trkpt lat="38.44302" lon="-119.69759999999997"><ele>2618.0167838429034</ele></trkpt><trkpt lat="38.44313" lon="-119.69768999999997"><ele>2619.1423468738794</ele></trkpt><trkpt lat="38.44326" lon="-119.69772999999998"><ele>2622.0</ele></trkpt><trkpt lat="38.44369" lon="-119.69774999999998"><ele>2622.0376000008546</ele></trkpt><trkpt lat="38.44384" lon="-119.69768999999997"><ele>2622.8338026683778</ele></trkpt><trkpt lat="38.44415" lon="-119.69763"><ele>2623.0</ele></trkpt><trkpt lat="38.44436" lon="-119.69768999999997"><ele>2622.0</ele></trkpt><trkpt lat="38.4446" lon="-119.6977"><ele>2622.0</ele></trkpt><trkpt lat="38.44469" lon="-119.69785999999999"><ele>2621.0</ele></trkpt><trkpt lat="38.44479" lon="-119.69794000000002"><ele>2619.182958221063</ele></trkpt><trkpt lat="38.44491" lon="-119.69797"><ele>2618.7848568889312</ele></trkpt><trkpt lat="38.44498" lon="-119.69792999999999"><ele>2618.582784429806</ele></trkpt><trkpt lat="38.44498" lon="-119.69792999999999"><ele>2618.582784429806</ele></trkpt><trkpt lat="38.44504" lon="-119.6979"><ele>2619.0</ele></trkpt><trkpt lat="38.4451" lon="-119.69798000000003"><ele>2620.796780955726</ele></trkpt><trkpt lat="38.44512" lon="-119.69807000000003"><ele>2621.944298363107</ele></trkpt><trkpt lat="38.44518" lon="-119.69810000000001"><ele>2622.3628422830006</ele></trkpt><trkpt lat="38.44528" lon="-119.69813999999997"><ele>2624.200866968779</ele></trkpt><trkpt lat="38.4455" lon="-119.69815"><ele>2626.0</ele></trkpt><trkpt lat="38.44555" lon="-119.69828000000001"><ele>2627.0</ele></trkpt><trkpt lat="38.44567" lon="-119.69846000000001"><ele>2629.0</ele></trkpt><trkpt lat="38.44576" lon="-119.69852000000003"><ele>2630.0</ele></trkpt><trkpt lat="38.44592" lon="-119.69853999999998"><ele>2631.0</ele></trkpt><trkpt lat="38.446" lon="-119.69851"><ele>2631.916059223935</ele></trkpt><trkpt lat="38.44645" lon="-119.6988"><ele>2636.9680599083913</ele></trkpt><trkpt lat="38.44665" lon="-119.69889"><ele>2638.0902506676503</ele></trkpt><trkpt lat="38.44673" lon="-119.69891000000001"><ele>2641.0</ele></trkpt><trkpt lat="38.4468" lon="-119.69882000000001"><ele>2639.8280142233707</ele></trkpt><trkpt lat="38.44692" lon="-119.69889999999998"><ele>2642.0</ele></trkpt><trkpt lat="38.44704" lon="-119.69884000000002"><ele>2642.760081778746</ele></trkpt><trkpt lat="38.44706" lon="-119.69889"><ele>2644.0</ele></trkpt><trkpt lat="38.44699" lon="-119.69909000000001"><ele>2645.339277064761</ele></trkpt><trkpt lat="38.44689" lon="-119.69925"><ele>2646.983451950294</ele></trkpt><trkpt lat="38.44666" lon="-119.69983000000002"><ele>2653.1696342794544</ele></trkpt><trkpt lat="38.44664" lon="-119.69993"><ele>2655.0</ele></trkpt><trkpt lat="38.44663" lon="-119.70011999999997"><ele>2658.0</ele></trkpt><trkpt lat="38.44657" lon="-119.70029999999997"><ele>2661.966888192542</ele></trkpt><trkpt lat="38.4465" lon="-119.7004"><ele>2663.3083078775026</ele></trkpt><trkpt lat="38.4463" lon="-119.70058"><ele>2664.652226285932</ele></trkpt><trkpt lat="38.44625" lon="-119.70069999999998"><ele>2666.442364444025</ele></trkpt><trkpt lat="38.44609" lon="-119.70077000000003"><ele>2667.0</ele></trkpt><trkpt lat="38.44601" lon="-119.70082000000002"><ele>2666.017770884353</ele></trkpt><trkpt lat="38.44593" lon="-119.70092"><ele>2667.4458734877408</ele></trkpt><trkpt lat="38.44591" lon="-119.70103"><ele>2667.0</ele></trkpt><trkpt lat="38.44592" lon="-119.70128"><ele>2668.0</ele></trkpt><trkpt lat="38.44598" lon="-119.70170999999999"><ele>2671.7259750124067</ele></trkpt><trkpt lat="38.44604" lon="-119.70184"><ele>2673.697529702887</ele></trkpt><trkpt lat="38.44681" lon="-119.70249999999999"><ele>2681.0</ele></trkpt><trkpt lat="38.44697" lon="-119.70251000000002"><ele>2682.1306171686156</ele></trkpt><trkpt lat="38.44712" lon="-119.70258000000001"><ele>2683.97511935314</ele></trkpt><trkpt lat="38.4474" lon="-119.70263"><ele>2689.0</ele></trkpt><trkpt lat="38.44754" lon="-119.70260999999999"><ele>2691.5451840003952</ele></trkpt><trkpt lat="38.44774" lon="-119.70272999999997"><ele>2694.433178946727</ele></trkpt><trkpt lat="38.44789" lon="-119.70274999999998"><ele>2697.393335748763</ele></trkpt><trkpt lat="38.44808" lon="-119.7027"><ele>2702.2409204777196</ele></trkpt><trkpt lat="38.44824" lon="-119.7027"><ele>2705.485622921344</ele></trkpt><trkpt lat="38.44835" lon="-119.70262000000002"><ele>2708.0</ele></trkpt><trkpt lat="38.44846" lon="-119.70247"><ele>2709.069656888023</ele></trkpt><trkpt lat="38.44869" lon="-119.70233999999999"><ele>2713.0</ele></trkpt><trkpt lat="38.44881" lon="-119.70231999999999"><ele>2714.060163555667</ele></trkpt><trkpt lat="38.44906" lon="-119.70233999999999"><ele>2715.000362379574</ele></trkpt><trkpt lat="38.44926" lon="-119.70224999999999"><ele>2719.226593846455</ele></trkpt><trkpt lat="38.44969" lon="-119.70222999999999"><ele>2726.2544675557874</ele></trkpt><trkpt lat="38.45017552011961" lon="-119.70191926712346"><ele>2733.735669188667</ele></trkpt><trkpt lat="38.4502824169983" lon="-119.70188131890188"><ele>2735.375868500375</ele></trkpt><trkpt lat="38.45048" lon="-119.70182"><ele>2737.3618524442427</ele></trkpt><trkpt lat="38.45072" lon="-119.70163000000002"><ele>2739.3848251454</ele></trkpt><trkpt lat="38.45141" lon="-119.7013"><ele>2751.5956088886596</ele></trkpt><trkpt lat="38.45187" lon="-119.70092999999997"><ele>2759.0</ele></trkpt><trkpt lat="38.45288" lon="-119.70044000000001"><ele>2768.0</ele></trkpt><trkpt lat="38.45295" lon="-119.70044999999999"><ele>2767.1062633849338</ele></trkpt><trkpt lat="38.45308" lon="-119.70087999999998"><ele>2769.0</ele></trkpt><trkpt lat="38.45332" lon="-119.70148"><ele>2776.0</ele></trkpt><trkpt lat="38.45316" lon="-119.70182999999997"><ele>2776.0</ele></trkpt><trkpt lat="38.45312" lon="-119.70202999999998"><ele>2779.0</ele></trkpt><trkpt lat="38.45311" lon="-119.70265"><ele>2787.0</ele></trkpt><trkpt lat="38.45299" lon="-119.70276999999999"><ele>2786.7935119021026</ele></trkpt><trkpt lat="38.45284" lon="-119.70285000000001"><ele>2785.9798929964436</ele></trkpt><trkpt lat="38.4528" lon="-119.70296000000002"><ele>2787.0</ele></trkpt><trkpt lat="38.45284" lon="-119.70317999999997"><ele>2791.945250744878</ele></trkpt><trkpt lat="38.4528" lon="-119.70352000000003"><ele>2796.4870708713675</ele></trkpt><trkpt lat="38.45274" lon="-119.70364999999998"><ele>2796.9223288884386</ele></trkpt><trkpt lat="38.45255" lon="-119.70379000000003"><ele>2798.306676056147</ele></trkpt><trkpt lat="38.45247" lon="-119.70402999999999"><ele>2799.9725969727756</ele></trkpt><trkpt lat="38.45238" lon="-119.70407"><ele>2797.495747555513</ele></trkpt><trkpt lat="38.45236" lon="-119.70395000000002"><ele>2797.6204323731363</ele></trkpt><trkpt lat="38.45224" lon="-119.70393999999999"><ele>2799.571475469765</ele></trkpt><trkpt lat="38.45217" lon="-119.70379000000003"><ele>2798.9597357615157</ele></trkpt><trkpt lat="38.4521" lon="-119.70378"><ele>2799.0</ele></trkpt><trkpt lat="38.45203" lon="-119.70382000000001"><ele>2800.0</ele></trkpt><trkpt lat="38.45191" lon="-119.70416999999998"><ele>2804.6627654556805</ele></trkpt><trkpt lat="38.45176" lon="-119.70425"><ele>2807.9220512447746</ele></trkpt><trkpt lat="38.45158" lon="-119.70420999999999"><ele>2808.0</ele></trkpt><trkpt lat="38.45139" lon="-119.70424000000003"><ele>2808.0</ele></trkpt><trkpt lat="38.45115" lon="-119.70445999999998"><ele>2809.7939947354985</ele></trkpt><trkpt lat="38.45108" lon="-119.70466999999996"><ele>2811.0</ele></trkpt><trkpt lat="38.4509" lon="-119.70475999999996"><ele>2811.0</ele></trkpt><trkpt lat="38.4508" lon="-119.70490999999998"><ele>2814.3507281403217</ele></trkpt><trkpt lat="38.4506" lon="-119.70537000000002"><ele>2817.051624479277</ele></trkpt><trkpt lat="38.45046" lon="-119.70551"><ele>2816.1892892507976</ele></trkpt><trkpt lat="38.45041" lon="-119.70565999999997"><ele>2817.0</ele></trkpt><trkpt lat="38.4504" lon="-119.70625000000001"><ele>2818.0</ele></trkpt><trkpt lat="38.45045" lon="-119.70645000000002"><ele>2819.0</ele></trkpt><trkpt lat="38.45057" lon="-119.70673999999997"><ele>2822.858949402347</ele></trkpt><trkpt lat="38.45067" lon="-119.70691999999997"><ele>2823.8097522426397</ele></trkpt><trkpt lat="38.45069" lon="-119.70703000000003"><ele>2822.9999518787695</ele></trkpt><trkpt lat="38.45069" lon="-119.70703000000003"><ele>2822.9999518787695</ele></trkpt><trkpt lat="38.4507" lon="-119.70709999999997"><ele>2823.594994701445</ele></trkpt><trkpt lat="38.45057" lon="-119.7074"><ele>2827.95556843488</ele></trkpt><trkpt lat="38.45057" lon="-119.70812999999998"><ele>2836.0</ele></trkpt><trkpt lat="38.45052" lon="-119.70861000000002"><ele>2829.9249173323624</ele></trkpt><trkpt lat="38.45076" lon="-119.70922999999999"><ele>2823.0308231110685</ele></trkpt><trkpt lat="38.45123" lon="-119.70952"><ele>2822.0</ele></trkpt><trkpt lat="38.45148" lon="-119.70974000000001"><ele>2820.0030412241595</ele></trkpt><trkpt lat="38.45158" lon="-119.71003000000002"><ele>2818.0</ele></trkpt><trkpt lat="38.45178" lon="-119.71035"><ele>2818.7216562453436</ele></trkpt><trkpt lat="38.45183" lon="-119.71051"><ele>2818.0</ele></trkpt><trkpt lat="38.4518" lon="-119.71064999999999"><ele>2817.0</ele></trkpt><trkpt lat="38.45156" lon="-119.71107999999998"><ele>2815.1854257765226</ele></trkpt><trkpt lat="38.45139" lon="-119.71123999999998"><ele>2815.0</ele></trkpt><trkpt lat="38.45117" lon="-119.71161000000001"><ele>2816.4991645715945</ele></trkpt><trkpt lat="38.45078" lon="-119.71199999999999"><ele>2818.0</ele></trkpt><trkpt lat="38.45067" lon="-119.71213999999998"><ele>2817.0</ele></trkpt><trkpt lat="38.45052" lon="-119.71244000000002"><ele>2822.0</ele></trkpt><trkpt lat="38.45032" lon="-119.71274"><ele>2824.0</ele></trkpt><trkpt lat="38.44995" lon="-119.71293000000003"><ele>2828.423121116197</ele></trkpt><trkpt lat="38.4499" lon="-119.71303"><ele>2830.0</ele></trkpt><trkpt lat="38.44983" lon="-119.7131"><ele>2832.0</ele></trkpt><trkpt lat="38.4498" lon="-119.71321999999998"><ele>2833.8817812350576</ele></trkpt><trkpt lat="38.44969" lon="-119.71323999999998"><ele>2833.848721777089</ele></trkpt><trkpt lat="38.44964" lon="-119.71329000000003"><ele>2835.0</ele></trkpt><trkpt lat="38.44954" lon="-119.71344999999997"><ele>2835.3597557345556</ele></trkpt><trkpt lat="38.44942" lon="-119.71348999999998"><ele>2836.28709596341</ele></trkpt><trkpt lat="38.44921" lon="-119.71386999999999"><ele>2837.1228395537614</ele></trkpt><trkpt lat="38.44913" lon="-119.71431000000001"><ele>2833.168302923441</ele></trkpt><trkpt lat="38.44914" lon="-119.71443"><ele>2833.0</ele></trkpt><trkpt lat="38.4491" lon="-119.71451000000002"><ele>2833.0</ele></trkpt><trkpt lat="38.44903" lon="-119.71451000000002"><ele>2832.2450191756147</ele></trkpt><trkpt lat="38.44891" lon="-119.71470999999997"><ele>2830.671639249546</ele></trkpt><trkpt lat="38.44882" lon="-119.71474"><ele>2829.246211554855</ele></trkpt><trkpt lat="38.44877" lon="-119.71479"><ele>2828.9160426668823</ele></trkpt><trkpt lat="38.44871" lon="-119.71499"><ele>2825.0</ele></trkpt><trkpt lat="38.4489" lon="-119.71573999999998"><ele>2819.642833778169</ele></trkpt><trkpt lat="38.44894" lon="-119.71618000000001"><ele>2815.0</ele></trkpt><trkpt lat="38.44881" lon="-119.71677"><ele>2808.6866046830924</ele></trkpt><trkpt lat="38.44873" lon="-119.71697"><ele>2808.0</ele></trkpt><trkpt lat="38.44865" lon="-119.71704999999997"><ele>2808.0</ele></trkpt><trkpt lat="38.44818" lon="-119.71726000000001"><ele>2804.0</ele></trkpt><trkpt lat="38.44794" lon="-119.71742"><ele>2801.0</ele></trkpt><trkpt lat="38.44769" lon="-119.71771000000001"><ele>2797.4793663900346</ele></trkpt><trkpt lat="38.4475" lon="-119.71771999999999"><ele>2797.0</ele></trkpt><trkpt lat="38.44734" lon="-119.71787"><ele>2798.0</ele></trkpt><trkpt lat="38.44726" lon="-119.71802000000002"><ele>2797.0</ele></trkpt><trkpt lat="38.44722" lon="-119.71821"><ele>2797.0</ele></trkpt><trkpt lat="38.44722" lon="-119.71843000000001"><ele>2795.631360596436</ele></trkpt><trkpt lat="38.44695" lon="-119.71875"><ele>2792.0</ele></trkpt><trkpt lat="38.44682" lon="-119.71904999999998"><ele>2790.0</ele></trkpt><trkpt lat="38.44668" lon="-119.71920999999998"><ele>2789.0</ele></trkpt><trkpt lat="38.44667" lon="-119.71956"><ele>2788.0</ele></trkpt><trkpt lat="38.44675" lon="-119.71967000000001"><ele>2787.0</ele></trkpt><trkpt lat="38.44694" lon="-119.71983999999998"><ele>2787.0</ele></trkpt><trkpt lat="38.44738" lon="-119.72055999999998"><ele>2789.0</ele></trkpt><trkpt lat="38.44756" lon="-119.72063000000003"><ele>2788.0</ele></trkpt><trkpt lat="38.44783" lon="-119.72082999999998"><ele>2786.0</ele></trkpt><trkpt lat="38.44834" lon="-119.72081000000003"><ele>2788.0</ele></trkpt><trkpt lat="38.44865" lon="-119.72087999999997"><ele>2789.0</ele></trkpt><trkpt lat="38.44875" lon="-119.72095000000002"><ele>2790.0</ele></trkpt><trkpt lat="38.44887" lon="-119.72129000000001"><ele>2788.0</ele></trkpt><trkpt lat="38.44891" lon="-119.72149000000002"><ele>2785.9749092026227</ele></trkpt><trkpt lat="38.44893" lon="-119.72192000000001"><ele>2781.733040511608</ele></trkpt><trkpt lat="38.44904" lon="-119.72226"><ele>2776.14774873705</ele></trkpt><trkpt lat="38.44899" lon="-119.72242"><ele>2774.4408704237226</ele></trkpt><trkpt lat="38.44894" lon="-119.72251"><ele>2773.0</ele></trkpt><trkpt lat="38.44893" lon="-119.72262"><ele>2772.0</ele></trkpt><trkpt lat="38.44903" lon="-119.72289999999998"><ele>2772.0</ele></trkpt><trkpt lat="38.44919" lon="-119.72314"><ele>2773.0</ele></trkpt><trkpt lat="38.44953" lon="-119.72325000000001"><ele>2772.348533333279</ele></trkpt><trkpt lat="38.44977" lon="-119.72342000000003"><ele>2772.2711075572297</ele></trkpt><trkpt lat="38.45022" lon="-119.72345000000001"><ele>2777.6795310330676</ele></trkpt><trkpt lat="38.45042" lon="-119.72334000000001"><ele>2781.9692606617673</ele></trkpt><trkpt lat="38.45085" lon="-119.72329000000002"><ele>2782.212668445427</ele></trkpt><trkpt lat="38.45109" lon="-119.72312999999997"><ele>2778.756127999164</ele></trkpt><trkpt lat="38.45159" lon="-119.72300999999999"><ele>2781.0</ele></trkpt><trkpt lat="38.45178" lon="-119.72302000000002"><ele>2782.455753410227</ele></trkpt><trkpt lat="38.45182" lon="-119.72312999999997"><ele>2779.184226362701</ele></trkpt><trkpt lat="38.45181" lon="-119.72325000000001"><ele>2779.348533333279</ele></trkpt><trkpt lat="38.45186" lon="-119.7233"><ele>2780.6787022221833</ele></trkpt><trkpt lat="38.45199" lon="-119.72330999999997"><ele>2779.691144818913</ele></trkpt><trkpt lat="38.45207" lon="-119.72343999999998"><ele>2779.0</ele></trkpt><trkpt lat="38.45208" lon="-119.72361999999998"><ele>2779.0</ele></trkpt><trkpt lat="38.45212" lon="-119.72368"><ele>2780.0</ele></trkpt><trkpt lat="38.45229" lon="-119.72379000000001"><ele>2779.0</ele></trkpt><trkpt lat="38.45275" lon="-119.72441000000003"><ele>2779.1681508965085</ele></trkpt><trkpt lat="38.45316" lon="-119.72469999999998"><ele>2776.0</ele></trkpt><trkpt lat="38.4533" lon="-119.72492"><ele>2774.438832628107</ele></trkpt><trkpt lat="38.45341" lon="-119.72492999999997"><ele>2776.0</ele></trkpt><trkpt lat="38.45365" lon="-119.72482000000002"><ele>2778.5158364456147</ele></trkpt><trkpt lat="38.45391" lon="-119.72480999999999"><ele>2780.0</ele></trkpt><trkpt lat="38.45432" lon="-119.72465"><ele>2784.6129623679444</ele></trkpt><trkpt lat="38.45489" lon="-119.72432000000003"><ele>2790.0</ele></trkpt><trkpt lat="38.45512" lon="-119.72424000000001"><ele>2792.0</ele></trkpt><trkpt lat="38.45536" lon="-119.72426999999999"><ele>2792.0</ele></trkpt><trkpt lat="38.45555" lon="-119.72444000000002"><ele>2794.0</ele></trkpt><trkpt lat="38.45557" lon="-119.72474"><ele>2793.1255070278194</ele></trkpt><trkpt lat="38.45562" lon="-119.72480999999999"><ele>2791.95019733347</ele></trkpt><trkpt lat="38.45576" lon="-119.72483"><ele>2791.981870222371</ele></trkpt><trkpt lat="38.45599" lon="-119.72477000000003"><ele>2793.0750754174255</ele></trkpt><trkpt lat="38.45623" lon="-119.72476"><ele>2796.0</ele></trkpt><trkpt lat="38.45663" lon="-119.72507999999999"><ele>2799.0</ele></trkpt><trkpt lat="38.45695" lon="-119.72527000000002"><ele>2795.9506630827673</ele></trkpt><trkpt lat="38.45696657459438" lon="-119.72529032733269"><ele>2795.7042796678243</ele></trkpt><trkpt lat="38.457045468913805" lon="-119.72538708416431"><ele>2794.7377673912965</ele></trkpt><trkpt lat="38.45748" lon="-119.72591999999997"><ele>2792.0</ele></trkpt><trkpt lat="38.45769" lon="-119.72651000000002"><ele>2796.58218945901</ele></trkpt><trkpt lat="38.45791" lon="-119.72683999999998"><ele>2799.0</ele></trkpt><trkpt lat="38.45805" lon="-119.72732000000002"><ele>2800.0242808903567</ele></trkpt><trkpt lat="38.45826" lon="-119.72728000000001"><ele>2801.0</ele></trkpt><trkpt lat="38.45839" lon="-119.72710000000001"><ele>2797.8255983233107</ele></trkpt><trkpt lat="38.45884" lon="-119.72683"><ele>2796.0034345591107</ele></trkpt><trkpt lat="38.45914159229425" lon="-119.72680679995847"><ele>2797.0</ele></trkpt><trkpt lat="38.45914159229425" lon="-119.72680679995847"><ele>2797.0</ele></trkpt><trkpt lat="38.45923" lon="-119.72680000000003"><ele>2797.790524445474</ele></trkpt><trkpt lat="38.45943191730397" lon="-119.72669615681514"><ele>2797.0</ele></trkpt><trkpt lat="38.45943191730397" lon="-119.72669615681514"><ele>2797.0</ele></trkpt><trkpt lat="38.45958" lon="-119.72662000000003"><ele>2796.437438217175</ele></trkpt><trkpt lat="38.45996" lon="-119.72660000000002"><ele>2796.3172943747477</ele></trkpt><trkpt lat="38.46019" lon="-119.72676000000001"><ele>2800.9263893342577</ele></trkpt><trkpt lat="38.46066" lon="-119.72692999999998"><ele>2804.3365266080946</ele></trkpt><trkpt lat="38.46101" lon="-119.72674"><ele>2811.1663358733167</ele></trkpt><trkpt lat="38.4613" lon="-119.72615000000002"><ele>2810.7126097748014</ele></trkpt><trkpt lat="38.46166" lon="-119.72575999999998"><ele>2810.2756094426577</ele></trkpt><trkpt lat="38.46187" lon="-119.72545000000002"><ele>2809.3518661204726</ele></trkpt><trkpt lat="38.46203" lon="-119.72504000000004"><ele>2808.672235094811</ele></trkpt><trkpt lat="38.46219" lon="-119.72483"><ele>2809.3974471557885</ele></trkpt><trkpt lat="38.46219" lon="-119.72483"><ele>2809.3974471557885</ele></trkpt><trkpt lat="38.46232" lon="-119.72467"><ele>2811.070782193867</ele></trkpt><trkpt lat="38.46252" lon="-119.72424000000001"><ele>2811.0186047777897</ele></trkpt><trkpt lat="38.46271" lon="-119.72366"><ele>2811.5047618381554</ele></trkpt><trkpt lat="38.46266" lon="-119.72224"><ele>2816.267299842542</ele></trkpt><trkpt lat="38.46271" lon="-119.72108000000003"><ele>2821.3466965593398</ele></trkpt><trkpt lat="38.46263" lon="-119.72000000000003"><ele>2828.0</ele></trkpt><trkpt lat="38.46274" lon="-119.71938"><ele>2833.1322369854897</ele></trkpt><trkpt lat="38.46292" lon="-119.71897000000001"><ele>2836.8454951439053</ele></trkpt><trkpt lat="38.46325" lon="-119.71852999999999"><ele>2838.0</ele></trkpt><trkpt lat="38.4636" lon="-119.71832999999998"><ele>2839.0</ele></trkpt><trkpt lat="38.46396" lon="-119.71832"><ele>2839.0</ele></trkpt><trkpt lat="38.46461" lon="-119.71865000000003"><ele>2836.0</ele></trkpt><trkpt lat="38.46535" lon="-119.71868"><ele>2826.6289031109773</ele></trkpt><trkpt lat="38.46552" lon="-119.71890000000002"><ele>2822.1521417495414</ele></trkpt><trkpt lat="38.46555" lon="-119.71924999999999"><ele>2818.0</ele></trkpt><trkpt lat="38.46553" lon="-119.71938"><ele>2816.810504157398</ele></trkpt><trkpt lat="38.46534" lon="-119.71967999999998"><ele>2812.977489324472</ele></trkpt><trkpt lat="38.46544" lon="-119.72026"><ele>2809.1660832259804</ele></trkpt><trkpt lat="38.46562" lon="-119.72071"><ele>2807.0</ele></trkpt><trkpt lat="38.46567" lon="-119.72095999999999"><ele>2803.6718102075783</ele></trkpt><trkpt lat="38.46618" lon="-119.72145"><ele>2797.0</ele></trkpt><trkpt lat="38.4662" lon="-119.72192000000001"><ele>2794.0</ele></trkpt><trkpt lat="38.46606" lon="-119.72234000000003"><ele>2791.0</ele></trkpt><trkpt lat="38.46637" lon="-119.72271999999998"><ele>2789.0</ele></trkpt><trkpt lat="38.46668" lon="-119.72291999999999"><ele>2788.0</ele></trkpt><trkpt lat="38.46705" lon="-119.72303999999997"><ele>2783.0</ele></trkpt><trkpt lat="38.46737" lon="-119.72285999999997"><ele>2779.0</ele></trkpt><trkpt lat="38.46747" lon="-119.72297000000003"><ele>2777.2369253802317</ele></trkpt><trkpt lat="38.46752" lon="-119.72315000000003"><ele>2776.0</ele></trkpt><trkpt lat="38.46778" lon="-119.72357999999997"><ele>2776.0</ele></trkpt><trkpt lat="38.46822" lon="-119.72410000000002"><ele>2775.0</ele></trkpt><trkpt lat="38.46837" lon="-119.72459000000003"><ele>2771.7970595574006</ele></trkpt><trkpt lat="38.46868" lon="-119.72476"><ele>2772.0</ele></trkpt><trkpt lat="38.46899" lon="-119.72507999999999"><ele>2768.8639781214297</ele></trkpt><trkpt lat="38.46943" lon="-119.72516000000002"><ele>2762.6736968960613</ele></trkpt><trkpt lat="38.46962" lon="-119.72523999999999"><ele>2759.3642078749835</ele></trkpt><trkpt lat="38.46969" lon="-119.72534999999999"><ele>2758.0</ele></trkpt><trkpt lat="38.46967" lon="-119.72550999999999"><ele>2757.0</ele></trkpt><trkpt lat="38.46978" lon="-119.72579999999999"><ele>2751.8128533335403</ele></trkpt><trkpt lat="38.46976" lon="-119.72591"><ele>2750.6864817775786</ele></trkpt><trkpt lat="38.46962" lon="-119.72609"><ele>2747.0</ele></trkpt><trkpt lat="38.46954" lon="-119.72631999999999"><ele>2745.126101622358</ele></trkpt><trkpt lat="38.46954" lon="-119.72653000000003"><ele>2741.818567820631</ele></trkpt><trkpt lat="38.46958" lon="-119.72671000000003"><ele>2739.0</ele></trkpt><trkpt lat="38.46977" lon="-119.72685999999999"><ele>2734.6688763652564</ele></trkpt><trkpt lat="38.46985" lon="-119.72719000000001"><ele>2731.0</ele></trkpt><trkpt lat="38.47001" lon="-119.72728000000001"><ele>2728.160145778209</ele></trkpt><trkpt lat="38.47012" lon="-119.72744"><ele>2728.8475378119883</ele></trkpt><trkpt lat="38.4703" lon="-119.72746000000001"><ele>2729.0</ele></trkpt><trkpt lat="38.47054" lon="-119.72764999999998"><ele>2728.4033955545165</ele></trkpt><trkpt lat="38.47078" lon="-119.72778"><ele>2728.0</ele></trkpt><trkpt lat="38.47104" lon="-119.72816"><ele>2724.0274277320846</ele></trkpt><trkpt lat="38.4713" lon="-119.72818000000001"><ele>2723.0</ele></trkpt><trkpt lat="38.47162" lon="-119.72805"><ele>2722.0447466662154</ele></trkpt><trkpt lat="38.47185" lon="-119.72809999999998"><ele>2721.2340573387323</ele></trkpt><trkpt lat="38.47197" lon="-119.72825999999998"><ele>2716.481222052127</ele></trkpt><trkpt lat="38.47202" lon="-119.72852999999998"><ele>2716.0</ele></trkpt><trkpt lat="38.47225" lon="-119.72848999999997"><ele>2717.0</ele></trkpt><trkpt lat="38.47245" lon="-119.72854999999998"><ele>2718.0</ele></trkpt><trkpt lat="38.47261" lon="-119.72874000000002"><ele>2719.5857176254503</ele></trkpt><trkpt lat="38.47294" lon="-119.72888999999998"><ele>2724.049628266772</ele></trkpt><trkpt lat="38.4732" lon="-119.72881000000001"><ele>2730.858285633315</ele></trkpt><trkpt lat="38.4734" lon="-119.72861999999998"><ele>2735.64129415527</ele></trkpt><trkpt lat="38.47391" lon="-119.72878000000003"><ele>2736.0</ele></trkpt><trkpt lat="38.47426" lon="-119.72897999999998"><ele>2733.3220888787923</ele></trkpt><trkpt lat="38.4744" lon="-119.72899999999998"><ele>2734.0</ele></trkpt><trkpt lat="38.4744" lon="-119.72899999999998"><ele>2734.0</ele></trkpt><trkpt lat="38.47476" lon="-119.72906"><ele>2736.0</ele></trkpt><trkpt lat="38.47487" lon="-119.72899999999998"><ele>2736.0</ele></trkpt><trkpt lat="38.47487" lon="-119.72899999999998"><ele>2736.0</ele></trkpt><trkpt lat="38.47511" lon="-119.72861"><ele>2739.0</ele></trkpt><trkpt lat="38.47528" lon="-119.72843999999998"><ele>2741.121736107515</ele></trkpt><trkpt lat="38.47537" lon="-119.72839999999997"><ele>2743.0</ele></trkpt><trkpt lat="38.47552" lon="-119.72843"><ele>2746.0</ele></trkpt><trkpt lat="38.47573" lon="-119.72899999999998"><ele>2747.0</ele></trkpt><trkpt lat="38.47573" lon="-119.72899999999998"><ele>2747.0</ele></trkpt><trkpt lat="38.47575" lon="-119.72928000000002"><ele>2747.0</ele></trkpt><trkpt lat="38.47585" lon="-119.72935999999999"><ele>2748.0</ele></trkpt><trkpt lat="38.47597" lon="-119.72956999999997"><ele>2751.553787830903</ele></trkpt><trkpt lat="38.47607" lon="-119.73014999999998"><ele>2760.0</ele></trkpt><trkpt lat="38.47619" lon="-119.73039"><ele>2764.0700089657494</ele></trkpt><trkpt lat="38.47642" lon="-119.73068"><ele>2769.254482270313</ele></trkpt><trkpt lat="38.47677" lon="-119.73097000000001"><ele>2768.0</ele></trkpt><trkpt lat="38.47705" lon="-119.73140000000001"><ele>2761.0</ele></trkpt><trkpt lat="38.47707652413483" lon="-119.7315237780511"><ele>2759.0</ele></trkpt><trkpt lat="38.47707652413483" lon="-119.7315237780511"><ele>2759.0</ele></trkpt><trkpt lat="38.47707652413483" lon="-119.7315237780511"><ele>2759.0</ele></trkpt><trkpt lat="38.477082262118685" lon="-119.73155055541088"><ele>2758.3130428989575</ele></trkpt><trkpt lat="38.47707652413483" lon="-119.7315237780511"><ele>2759.0</ele></trkpt><trkpt lat="38.47707652413483" lon="-119.7315237780511"><ele>2759.0</ele></trkpt><trkpt lat="38.47705" lon="-119.73140000000001"><ele>2761.0</ele></trkpt><trkpt lat="38.47677" lon="-119.73097000000001"><ele>2768.0</ele></trkpt><trkpt lat="38.47642" lon="-119.73068"><ele>2769.254482270313</ele></trkpt><trkpt lat="38.47619" lon="-119.73039"><ele>2764.0700089657494</ele></trkpt><trkpt lat="38.47607" lon="-119.73014999999998"><ele>2760.0</ele></trkpt><trkpt lat="38.47597" lon="-119.72956999999997"><ele>2751.553787830903</ele></trkpt><trkpt lat="38.47585" lon="-119.72935999999999"><ele>2748.0</ele></trkpt><trkpt lat="38.47575" lon="-119.72928000000002"><ele>2747.0</ele></trkpt><trkpt lat="38.47573" lon="-119.72899999999998"><ele>2747.0</ele></trkpt><trkpt lat="38.47573" lon="-119.72899999999998"><ele>2747.0</ele></trkpt><trkpt lat="38.47552" lon="-119.72843"><ele>2746.0</ele></trkpt><trkpt lat="38.47537" lon="-119.72839999999997"><ele>2743.0</ele></trkpt><trkpt lat="38.47528" lon="-119.72843999999998"><ele>2741.121736107515</ele></trkpt><trkpt lat="38.47511" lon="-119.72861"><ele>2739.0</ele></trkpt><trkpt lat="38.47487" lon="-119.72899999999998"><ele>2736.0</ele></trkpt><trkpt lat="38.47487" lon="-119.72899999999998"><ele>2736.0</ele></trkpt><trkpt lat="38.47476" lon="-119.72906"><ele>2736.0</ele></trkpt><trkpt lat="38.4744" lon="-119.72899999999998"><ele>2734.0</ele></trkpt><trkpt lat="38.4744" lon="-119.72899999999998"><ele>2734.0</ele></trkpt><trkpt lat="38.47426" lon="-119.72897999999998"><ele>2733.3220888787923</ele></trkpt><trkpt lat="38.47391" lon="-119.72878000000003"><ele>2736.0</ele></trkpt><trkpt lat="38.4734" lon="-119.72861999999998"><ele>2735.64129415527</ele></trkpt><trkpt lat="38.4732" lon="-119.72881000000001"><ele>2730.858285633315</ele></trkpt><trkpt lat="38.47294" lon="-119.72888999999998"><ele>2724.049628266772</ele></trkpt><trkpt lat="38.47261" lon="-119.72874000000002"><ele>2719.5857176254503</ele></trkpt><trkpt lat="38.47245" lon="-119.72854999999998"><ele>2718.0</ele></trkpt><trkpt lat="38.47225" lon="-119.72848999999997"><ele>2717.0</ele></trkpt><trkpt lat="38.47202" lon="-119.72852999999998"><ele>2716.0</ele></trkpt><trkpt lat="38.47197" lon="-119.72825999999998"><ele>2716.481222052127</ele></trkpt><trkpt lat="38.47185" lon="-119.72809999999998"><ele>2721.2340573387323</ele></trkpt><trkpt lat="38.47162" lon="-119.72805"><ele>2722.0447466662154</ele></trkpt><trkpt lat="38.4713" lon="-119.72818000000001"><ele>2723.0</ele></trkpt><trkpt lat="38.47104" lon="-119.72816"><ele>2724.0274277320846</ele></trkpt><trkpt lat="38.47078" lon="-119.72778"><ele>2728.0</ele></trkpt><trkpt lat="38.47054" lon="-119.72764999999998"><ele>2728.4033955545165</ele></trkpt><trkpt lat="38.4703" lon="-119.72746000000001"><ele>2729.0</ele></trkpt><trkpt lat="38.47012" lon="-119.72744"><ele>2728.8475378119883</ele></trkpt><trkpt lat="38.47001" lon="-119.72728000000001"><ele>2728.160145778209</ele></trkpt><trkpt lat="38.46985" lon="-119.72719000000001"><ele>2731.0</ele></trkpt><trkpt lat="38.46977" lon="-119.72685999999999"><ele>2734.6688763652564</ele></trkpt><trkpt lat="38.46958" lon="-119.72671000000003"><ele>2739.0</ele></trkpt><trkpt lat="38.46954" lon="-119.72653000000003"><ele>2741.818567820631</ele></trkpt><trkpt lat="38.46954" lon="-119.72631999999999"><ele>2745.126101622358</ele></trkpt><trkpt lat="38.46962" lon="-119.72609"><ele>2747.0</ele></trkpt><trkpt lat="38.46976" lon="-119.72591"><ele>2750.6864817775786</ele></trkpt><trkpt lat="38.46978" lon="-119.72579999999999"><ele>2751.8128533335403</ele></trkpt><trkpt lat="38.46967" lon="-119.72550999999999"><ele>2757.0</ele></trkpt><trkpt lat="38.46969" lon="-119.72534999999999"><ele>2758.0</ele></trkpt><trkpt lat="38.46962" lon="-119.72523999999999"><ele>2759.3642078749835</ele></trkpt><trkpt lat="38.46943" lon="-119.72516000000002"><ele>2762.6736968960613</ele></trkpt><trkpt lat="38.46899" lon="-119.72507999999999"><ele>2768.8639781214297</ele></trkpt><trkpt lat="38.46868" lon="-119.72476"><ele>2772.0</ele></trkpt><trkpt lat="38.46837" lon="-119.72459000000003"><ele>2771.7970595574006</ele></trkpt><trkpt lat="38.46822" lon="-119.72410000000002"><ele>2775.0</ele></trkpt><trkpt lat="38.46778" lon="-119.72357999999997"><ele>2776.0</ele></trkpt><trkpt lat="38.46752" lon="-119.72315000000003"><ele>2776.0</ele></trkpt><trkpt lat="38.46747" lon="-119.72297000000003"><ele>2777.2369253802317</ele></trkpt><trkpt lat="38.46737" lon="-119.72285999999997"><ele>2779.0</ele></trkpt><trkpt lat="38.46705" lon="-119.72303999999997"><ele>2783.0</ele></trkpt><trkpt lat="38.46668" lon="-119.72291999999999"><ele>2788.0</ele></trkpt><trkpt lat="38.46637" lon="-119.72271999999998"><ele>2789.0</ele></trkpt><trkpt lat="38.46606" lon="-119.72234000000003"><ele>2791.0</ele></trkpt><trkpt lat="38.4662" lon="-119.72192000000001"><ele>2794.0</ele></trkpt><trkpt lat="38.46618" lon="-119.72145"><ele>2797.0</ele></trkpt><trkpt lat="38.46567" lon="-119.72095999999999"><ele>2803.6718102075783</ele></trkpt><trkpt lat="38.46562" lon="-119.72071"><ele>2807.0</ele></trkpt><trkpt lat="38.46544" lon="-119.72026"><ele>2809.1660832259804</ele></trkpt><trkpt lat="38.46534" lon="-119.71967999999998"><ele>2812.977489324472</ele></trkpt><trkpt lat="38.46553" lon="-119.71938"><ele>2816.810504157398</ele></trkpt><trkpt lat="38.46555" lon="-119.71924999999999"><ele>2818.0</ele></trkpt><trkpt lat="38.46552" lon="-119.71890000000002"><ele>2822.1521417495414</ele></trkpt><trkpt lat="38.46535" lon="-119.71868"><ele>2826.6289031109773</ele></trkpt><trkpt lat="38.46461" lon="-119.71865000000003"><ele>2836.0</ele></trkpt><trkpt lat="38.46396" lon="-119.71832"><ele>2839.0</ele></trkpt><trkpt lat="38.4636" lon="-119.71832999999998"><ele>2839.0</ele></trkpt><trkpt lat="38.46325" lon="-119.71852999999999"><ele>2838.0</ele></trkpt><trkpt lat="38.46292" lon="-119.71897000000001"><ele>2836.8454951439053</ele></trkpt><trkpt lat="38.46274" lon="-119.71938"><ele>2833.1322369854897</ele></trkpt><trkpt lat="38.46263" lon="-119.72000000000003"><ele>2828.0</ele></trkpt><trkpt lat="38.46271" lon="-119.72108000000003"><ele>2821.3466965593398</ele></trkpt><trkpt lat="38.46266" lon="-119.72224"><ele>2816.267299842542</ele></trkpt><trkpt lat="38.46271" lon="-119.72366"><ele>2811.5047618381554</ele></trkpt><trkpt lat="38.46252" lon="-119.72424000000001"><ele>2811.0186047777897</ele></trkpt><trkpt lat="38.46232" lon="-119.72467"><ele>2811.070782193867</ele></trkpt><trkpt lat="38.46219" lon="-119.72483"><ele>2809.3974471557885</ele></trkpt><trkpt lat="38.46219" lon="-119.72483"><ele>2809.3974471557885</ele></trkpt><trkpt lat="38.46203" lon="-119.72504000000004"><ele>2808.672235094811</ele></trkpt><trkpt lat="38.46187" lon="-119.72545000000002"><ele>2809.3518661204726</ele></trkpt><trkpt lat="38.46166" lon="-119.72575999999998"><ele>2810.2756094426577</ele></trkpt><trkpt lat="38.4613" lon="-119.72615000000002"><ele>2810.7126097748014</ele></trkpt><trkpt lat="38.46101" lon="-119.72674"><ele>2811.1663358733167</ele></trkpt><trkpt lat="38.46066" lon="-119.72692999999998"><ele>2804.3365266080946</ele></trkpt><trkpt lat="38.46019" lon="-119.72676000000001"><ele>2800.9263893342577</ele></trkpt><trkpt lat="38.45996" lon="-119.72660000000002"><ele>2796.3172943747477</ele></trkpt><trkpt lat="38.45958" lon="-119.72662000000003"><ele>2796.437438217175</ele></trkpt><trkpt lat="38.45943191730397" lon="-119.72669615681514"><ele>2797.0</ele></trkpt><trkpt lat="38.45943191730397" lon="-119.72669615681514"><ele>2797.0</ele></trkpt><trkpt lat="38.45923" lon="-119.72680000000003"><ele>2797.790524445474</ele></trkpt><trkpt lat="38.45914159229425" lon="-119.72680679995847"><ele>2797.0</ele></trkpt><trkpt lat="38.45914159229425" lon="-119.72680679995847"><ele>2797.0</ele></trkpt><trkpt lat="38.45884" lon="-119.72683"><ele>2796.0034345591107</ele></trkpt><trkpt lat="38.45839" lon="-119.72710000000001"><ele>2797.8255983233107</ele></trkpt><trkpt lat="38.45826" lon="-119.72728000000001"><ele>2801.0</ele></trkpt><trkpt lat="38.45805" lon="-119.72732000000002"><ele>2800.0242808903567</ele></trkpt><trkpt lat="38.45791" lon="-119.72683999999998"><ele>2799.0</ele></trkpt><trkpt lat="38.45769" lon="-119.72651000000002"><ele>2796.58218945901</ele></trkpt><trkpt lat="38.45748" lon="-119.72591999999997"><ele>2792.0</ele></trkpt><trkpt lat="38.45695" lon="-119.72527000000002"><ele>2795.9506630827673</ele></trkpt><trkpt lat="38.45663" lon="-119.72507999999999"><ele>2799.0</ele></trkpt><trkpt lat="38.45623" lon="-119.72476"><ele>2796.0</ele></trkpt><trkpt lat="38.45599" lon="-119.72477000000003"><ele>2793.0750754174255</ele></trkpt><trkpt lat="38.45576" lon="-119.72483"><ele>2791.981870222371</ele></trkpt><trkpt lat="38.45562" lon="-119.72480999999999"><ele>2791.95019733347</ele></trkpt><trkpt lat="38.45557" lon="-119.72474"><ele>2793.1255070278194</ele></trkpt><trkpt lat="38.45555" lon="-119.72444000000002"><ele>2794.0</ele></trkpt><trkpt lat="38.45536" lon="-119.72426999999999"><ele>2792.0</ele></trkpt><trkpt lat="38.45512" lon="-119.72424000000001"><ele>2792.0</ele></trkpt><trkpt lat="38.45489" lon="-119.72432000000003"><ele>2790.0</ele></trkpt><trkpt lat="38.45432" lon="-119.72465"><ele>2784.6129623679444</ele></trkpt><trkpt lat="38.45391" lon="-119.72480999999999"><ele>2780.0</ele></trkpt><trkpt lat="38.45365" lon="-119.72482000000002"><ele>2778.5158364456147</ele></trkpt><trkpt lat="38.45341" lon="-119.72492999999997"><ele>2776.0</ele></trkpt><trkpt lat="38.4533" lon="-119.72492"><ele>2774.438832628107</ele></trkpt><trkpt lat="38.45316" lon="-119.72469999999998"><ele>2776.0</ele></trkpt><trkpt lat="38.45275" lon="-119.72441000000003"><ele>2779.1681508965085</ele></trkpt><trkpt lat="38.45229" lon="-119.72379000000001"><ele>2779.0</ele></trkpt><trkpt lat="38.45212" lon="-119.72368"><ele>2780.0</ele></trkpt><trkpt lat="38.45208" lon="-119.72361999999998"><ele>2779.0</ele></trkpt><trkpt lat="38.45207" lon="-119.72343999999998"><ele>2779.0</ele></trkpt><trkpt lat="38.45199" lon="-119.72330999999997"><ele>2779.691144818913</ele></trkpt><trkpt lat="38.45186" lon="-119.7233"><ele>2780.6787022221833</ele></trkpt><trkpt lat="38.45181" lon="-119.72325000000001"><ele>2779.348533333279</ele></trkpt><trkpt lat="38.45182" lon="-119.72312999999997"><ele>2779.184226362701</ele></trkpt><trkpt lat="38.45178" lon="-119.72302000000002"><ele>2782.455753410227</ele></trkpt><trkpt lat="38.45159" lon="-119.72300999999999"><ele>2781.0</ele></trkpt><trkpt lat="38.45109" lon="-119.72312999999997"><ele>2778.756127999164</ele></trkpt><trkpt lat="38.45085" lon="-119.72329000000002"><ele>2782.212668445427</ele></trkpt><trkpt lat="38.45042" lon="-119.72334000000001"><ele>2781.9692606617673</ele></trkpt><trkpt lat="38.45022" lon="-119.72345000000001"><ele>2777.6795310330676</ele></trkpt><trkpt lat="38.44977" lon="-119.72342000000003"><ele>2772.2711075572297</ele></trkpt><trkpt lat="38.44953" lon="-119.72325000000001"><ele>2772.348533333279</ele></trkpt><trkpt lat="38.44919" lon="-119.72314"><ele>2773.0</ele></trkpt><trkpt lat="38.44903" lon="-119.72289999999998"><ele>2772.0</ele></trkpt><trkpt lat="38.44893" lon="-119.72262"><ele>2772.0</ele></trkpt><trkpt lat="38.44894" lon="-119.72251"><ele>2773.0</ele></trkpt><trkpt lat="38.44899" lon="-119.72242"><ele>2774.4408704237226</ele></trkpt><trkpt lat="38.44904" lon="-119.72226"><ele>2776.14774873705</ele></trkpt><trkpt lat="38.44893" lon="-119.72192000000001"><ele>2781.733040511608</ele></trkpt><trkpt lat="38.44891" lon="-119.72149000000002"><ele>2785.9749092026227</ele></trkpt><trkpt lat="38.44887" lon="-119.72129000000001"><ele>2788.0</ele></trkpt><trkpt lat="38.44875" lon="-119.72095000000002"><ele>2790.0</ele></trkpt><trkpt lat="38.44865" lon="-119.72087999999997"><ele>2789.0</ele></trkpt><trkpt lat="38.44834" lon="-119.72081000000003"><ele>2788.0</ele></trkpt><trkpt lat="38.44783" lon="-119.72082999999998"><ele>2786.0</ele></trkpt><trkpt lat="38.44756" lon="-119.72063000000003"><ele>2788.0</ele></trkpt><trkpt lat="38.44738" lon="-119.72055999999998"><ele>2789.0</ele></trkpt><trkpt lat="38.44694" lon="-119.71983999999998"><ele>2787.0</ele></trkpt><trkpt lat="38.44675" lon="-119.71967000000001"><ele>2787.0</ele></trkpt><trkpt lat="38.44667" lon="-119.71956"><ele>2788.0</ele></trkpt><trkpt lat="38.44668" lon="-119.71920999999998"><ele>2789.0</ele></trkpt><trkpt lat="38.44682" lon="-119.71904999999998"><ele>2790.0</ele></trkpt><trkpt lat="38.44695" lon="-119.71875"><ele>2792.0</ele></trkpt><trkpt lat="38.44722" lon="-119.71843000000001"><ele>2795.631360596436</ele></trkpt><trkpt lat="38.44722" lon="-119.71821"><ele>2797.0</ele></trkpt><trkpt lat="38.44726" lon="-119.71802000000002"><ele>2797.0</ele></trkpt><trkpt lat="38.44734" lon="-119.71787"><ele>2798.0</ele></trkpt><trkpt lat="38.4475" lon="-119.71771999999999"><ele>2797.0</ele></trkpt><trkpt lat="38.44769" lon="-119.71771000000001"><ele>2797.4793663900346</ele></trkpt><trkpt lat="38.44794" lon="-119.71742"><ele>2801.0</ele></trkpt><trkpt lat="38.44818" lon="-119.71726000000001"><ele>2804.0</ele></trkpt><trkpt lat="38.44865" lon="-119.71704999999997"><ele>2808.0</ele></trkpt><trkpt lat="38.44873" lon="-119.71697"><ele>2808.0</ele></trkpt><trkpt lat="38.44881" lon="-119.71677"><ele>2808.6866046830924</ele></trkpt><trkpt lat="38.44894" lon="-119.71618000000001"><ele>2815.0</ele></trkpt><trkpt lat="38.4489" lon="-119.71573999999998"><ele>2819.642833778169</ele></trkpt><trkpt lat="38.44871" lon="-119.71499"><ele>2825.0</ele></trkpt><trkpt lat="38.44877" lon="-119.71479"><ele>2828.9160426668823</ele></trkpt><trkpt lat="38.44882" lon="-119.71474"><ele>2829.246211554855</ele></trkpt><trkpt lat="38.44891" lon="-119.71470999999997"><ele>2830.671639249546</ele></trkpt><trkpt lat="38.44903" lon="-119.71451000000002"><ele>2832.2450191756147</ele></trkpt><trkpt lat="38.4491" lon="-119.71451000000002"><ele>2833.0</ele></trkpt><trkpt lat="38.44914" lon="-119.71443"><ele>2833.0</ele></trkpt><trkpt lat="38.44913" lon="-119.71431000000001"><ele>2833.168302923441</ele></trkpt><trkpt lat="38.44921" lon="-119.71386999999999"><ele>2837.1228395537614</ele></trkpt><trkpt lat="38.44942" lon="-119.71348999999998"><ele>2836.28709596341</ele></trkpt><trkpt lat="38.44954" lon="-119.71344999999997"><ele>2835.3597557345556</ele></trkpt><trkpt lat="38.44964" lon="-119.71329000000003"><ele>2835.0</ele></trkpt><trkpt lat="38.44969" lon="-119.71323999999998"><ele>2833.848721777089</ele></trkpt><trkpt lat="38.4498" lon="-119.71321999999998"><ele>2833.8817812350576</ele></trkpt><trkpt lat="38.44983" lon="-119.7131"><ele>2832.0</ele></trkpt><trkpt lat="38.4499" lon="-119.71303"><ele>2830.0</ele></trkpt><trkpt lat="38.44995" lon="-119.71293000000003"><ele>2828.423121116197</ele></trkpt><trkpt lat="38.45032" lon="-119.71274"><ele>2824.0</ele></trkpt><trkpt lat="38.45052" lon="-119.71244000000002"><ele>2822.0</ele></trkpt><trkpt lat="38.45067" lon="-119.71213999999998"><ele>2817.0</ele></trkpt><trkpt lat="38.45078" lon="-119.71199999999999"><ele>2818.0</ele></trkpt><trkpt lat="38.45117" lon="-119.71161000000001"><ele>2816.4991645715945</ele></trkpt><trkpt lat="38.45139" lon="-119.71123999999998"><ele>2815.0</ele></trkpt><trkpt lat="38.45156" lon="-119.71107999999998"><ele>2815.1854257765226</ele></trkpt><trkpt lat="38.4518" lon="-119.71064999999999"><ele>2817.0</ele></trkpt><trkpt lat="38.45183" lon="-119.71051"><ele>2818.0</ele></trkpt><trkpt lat="38.45178" lon="-119.71035"><ele>2818.7216562453436</ele></trkpt><trkpt lat="38.45158" lon="-119.71003000000002"><ele>2818.0</ele></trkpt><trkpt lat="38.45148" lon="-119.70974000000001"><ele>2820.0030412241595</ele></trkpt><trkpt lat="38.45123" lon="-119.70952"><ele>2822.0</ele></trkpt><trkpt lat="38.450914634817536" lon="-119.70932541297248"><ele>2823.0</ele></trkpt><trkpt lat="38.450952101790165" lon="-119.70934853066353"><ele>2823.0</ele></trkpt><trkpt lat="38.45076" lon="-119.70922999999999"><ele>2823.0308231110685</ele></trkpt><trkpt lat="38.45052" lon="-119.70861000000002"><ele>2829.9249173323624</ele></trkpt><trkpt lat="38.45057" lon="-119.70812999999998"><ele>2836.0</ele></trkpt><trkpt lat="38.45057" lon="-119.7074"><ele>2827.95556843488</ele></trkpt><trkpt lat="38.4507" lon="-119.70709999999997"><ele>2823.594994701445</ele></trkpt><trkpt lat="38.45069" lon="-119.70703000000003"><ele>2822.9999518787695</ele></trkpt><trkpt lat="38.45069" lon="-119.70703000000003"><ele>2822.9999518787695</ele></trkpt><trkpt lat="38.45067" lon="-119.70691999999997"><ele>2823.8097522426397</ele></trkpt><trkpt lat="38.45057" lon="-119.70673999999997"><ele>2822.858949402347</ele></trkpt><trkpt lat="38.45045" lon="-119.70645000000002"><ele>2819.0</ele></trkpt><trkpt lat="38.4504" lon="-119.70625000000001"><ele>2818.0</ele></trkpt><trkpt lat="38.45041" lon="-119.70565999999997"><ele>2817.0</ele></trkpt><trkpt lat="38.45046" lon="-119.70551"><ele>2816.1892892507976</ele></trkpt><trkpt lat="38.4506" lon="-119.70537000000002"><ele>2817.051624479277</ele></trkpt><trkpt lat="38.4508" lon="-119.70490999999998"><ele>2814.3507281403217</ele></trkpt><trkpt lat="38.4509" lon="-119.70475999999996"><ele>2811.0</ele></trkpt><trkpt lat="38.45108" lon="-119.70466999999996"><ele>2811.0</ele></trkpt><trkpt lat="38.45115" lon="-119.70445999999998"><ele>2809.7939947354985</ele></trkpt><trkpt lat="38.45139" lon="-119.70424000000003"><ele>2808.0</ele></trkpt><trkpt lat="38.45158" lon="-119.70420999999999"><ele>2808.0</ele></trkpt><trkpt lat="38.45176" lon="-119.70425"><ele>2807.9220512447746</ele></trkpt><trkpt lat="38.45191" lon="-119.70416999999998"><ele>2804.6627654556805</ele></trkpt><trkpt lat="38.45203" lon="-119.70382000000001"><ele>2800.0</ele></trkpt><trkpt lat="38.4521" lon="-119.70378"><ele>2799.0</ele></trkpt><trkpt lat="38.45217" lon="-119.70379000000003"><ele>2798.9597357615157</ele></trkpt><trkpt lat="38.45224" lon="-119.70393999999999"><ele>2799.571475469765</ele></trkpt><trkpt lat="38.45236" lon="-119.70395000000002"><ele>2797.6204323731363</ele></trkpt><trkpt lat="38.45238" lon="-119.70407"><ele>2797.495747555513</ele></trkpt><trkpt lat="38.45247" lon="-119.70402999999999"><ele>2799.9725969727756</ele></trkpt><trkpt lat="38.45255" lon="-119.70379000000003"><ele>2798.306676056147</ele></trkpt><trkpt lat="38.45274" lon="-119.70364999999998"><ele>2796.9223288884386</ele></trkpt><trkpt lat="38.4528" lon="-119.70352000000003"><ele>2796.4870708713675</ele></trkpt><trkpt lat="38.45284" lon="-119.70317999999997"><ele>2791.945250744878</ele></trkpt><trkpt lat="38.4528" lon="-119.70296000000002"><ele>2787.0</ele></trkpt><trkpt lat="38.45284" lon="-119.70285000000001"><ele>2785.9798929964436</ele></trkpt><trkpt lat="38.45299" lon="-119.70276999999999"><ele>2786.7935119021026</ele></trkpt><trkpt lat="38.45311" lon="-119.70265"><ele>2787.0</ele></trkpt><trkpt lat="38.45312" lon="-119.70202999999998"><ele>2779.0</ele></trkpt><trkpt lat="38.45316" lon="-119.70182999999997"><ele>2776.0</ele></trkpt><trkpt lat="38.45332" lon="-119.70148"><ele>2776.0</ele></trkpt><trkpt lat="38.45308" lon="-119.70087999999998"><ele>2769.0</ele></trkpt><trkpt lat="38.45295" lon="-119.70044999999999"><ele>2767.1062633849338</ele></trkpt><trkpt lat="38.45288" lon="-119.70044000000001"><ele>2768.0</ele></trkpt><trkpt lat="38.45187" lon="-119.70092999999997"><ele>2759.0</ele></trkpt><trkpt lat="38.45141" lon="-119.7013"><ele>2751.5956088886596</ele></trkpt><trkpt lat="38.45072" lon="-119.70163000000002"><ele>2739.3848251454</ele></trkpt><trkpt lat="38.45048" lon="-119.70182"><ele>2737.3618524442427</ele></trkpt><trkpt lat="38.45019" lon="-119.70191"><ele>2734.167548444122</ele></trkpt><trkpt lat="38.44969" lon="-119.70222999999999"><ele>2726.2544675557874</ele></trkpt><trkpt lat="38.44926" lon="-119.70224999999999"><ele>2719.226593846455</ele></trkpt><trkpt lat="38.44906" lon="-119.70233999999999"><ele>2715.000362379574</ele></trkpt><trkpt lat="38.44881" lon="-119.70231999999999"><ele>2714.060163555667</ele></trkpt><trkpt lat="38.44869" lon="-119.70233999999999"><ele>2713.0</ele></trkpt><trkpt lat="38.44846" lon="-119.70247"><ele>2709.069656888023</ele></trkpt><trkpt lat="38.44835" lon="-119.70262000000002"><ele>2708.0</ele></trkpt><trkpt lat="38.44824" lon="-119.7027"><ele>2705.485622921344</ele></trkpt><trkpt lat="38.44808" lon="-119.7027"><ele>2702.2409204777196</ele></trkpt><trkpt lat="38.44789" lon="-119.70274999999998"><ele>2697.393335748763</ele></trkpt><trkpt lat="38.44774" lon="-119.70272999999997"><ele>2694.433178946727</ele></trkpt><trkpt lat="38.44754" lon="-119.70260999999999"><ele>2691.5451840003952</ele></trkpt><trkpt lat="38.4474" lon="-119.70263"><ele>2689.0</ele></trkpt><trkpt lat="38.44712" lon="-119.70258000000001"><ele>2683.97511935314</ele></trkpt><trkpt lat="38.44697" lon="-119.70251000000002"><ele>2682.1306171686156</ele></trkpt><trkpt lat="38.44681" lon="-119.70249999999999"><ele>2681.0</ele></trkpt><trkpt lat="38.44604" lon="-119.70184"><ele>2673.697529702887</ele></trkpt><trkpt lat="38.44598" lon="-119.70170999999999"><ele>2671.7259750124067</ele></trkpt><trkpt lat="38.44592" lon="-119.70128"><ele>2668.0</ele></trkpt><trkpt lat="38.44591" lon="-119.70103"><ele>2667.0</ele></trkpt><trkpt lat="38.44593" lon="-119.70092"><ele>2667.4458734877408</ele></trkpt><trkpt lat="38.44601" lon="-119.70082000000002"><ele>2666.017770884353</ele></trkpt><trkpt lat="38.44609" lon="-119.70077000000003"><ele>2667.0</ele></trkpt><trkpt lat="38.44625" lon="-119.70069999999998"><ele>2666.442364444025</ele></trkpt><trkpt lat="38.4463" lon="-119.70058"><ele>2664.652226285932</ele></trkpt><trkpt lat="38.4465" lon="-119.7004"><ele>2663.3083078775026</ele></trkpt><trkpt lat="38.44657" lon="-119.70029999999997"><ele>2661.966888192542</ele></trkpt><trkpt lat="38.44663" lon="-119.70011999999997"><ele>2658.0</ele></trkpt><trkpt lat="38.44664" lon="-119.69993"><ele>2655.0</ele></trkpt><trkpt lat="38.44666" lon="-119.69983000000002"><ele>2653.1696342794544</ele></trkpt><trkpt lat="38.44689" lon="-119.69925"><ele>2646.983451950294</ele></trkpt><trkpt lat="38.44699" lon="-119.69909000000001"><ele>2645.339277064761</ele></trkpt><trkpt lat="38.44706" lon="-119.69889"><ele>2644.0</ele></trkpt><trkpt lat="38.44704" lon="-119.69884000000002"><ele>2642.760081778746</ele></trkpt><trkpt lat="38.44692" lon="-119.69889999999998"><ele>2642.0</ele></trkpt><trkpt lat="38.4468" lon="-119.69882000000001"><ele>2639.8280142233707</ele></trkpt><trkpt lat="38.44673" lon="-119.69891000000001"><ele>2641.0</ele></trkpt><trkpt lat="38.44665" lon="-119.69889"><ele>2638.0902506676503</ele></trkpt><trkpt lat="38.44645" lon="-119.6988"><ele>2636.9680599083913</ele></trkpt><trkpt lat="38.446" lon="-119.69851"><ele>2631.916059223935</ele></trkpt><trkpt lat="38.44592" lon="-119.69853999999998"><ele>2631.0</ele></trkpt><trkpt lat="38.44576" lon="-119.69852000000003"><ele>2630.0</ele></trkpt><trkpt lat="38.44567" lon="-119.69846000000001"><ele>2629.0</ele></trkpt><trkpt lat="38.44555" lon="-119.69828000000001"><ele>2627.0</ele></trkpt><trkpt lat="38.4455" lon="-119.69815"><ele>2626.0</ele></trkpt><trkpt lat="38.44528" lon="-119.69813999999997"><ele>2624.200866968779</ele></trkpt><trkpt lat="38.44518" lon="-119.69810000000001"><ele>2622.3628422830006</ele></trkpt><trkpt lat="38.44512" lon="-119.69807000000003"><ele>2621.944298363107</ele></trkpt><trkpt lat="38.4451" lon="-119.69798000000003"><ele>2620.796780955726</ele></trkpt><trkpt lat="38.44504" lon="-119.6979"><ele>2619.0</ele></trkpt><trkpt lat="38.44498" lon="-119.69792999999999"><ele>2618.582784429806</ele></trkpt><trkpt lat="38.44498" lon="-119.69792999999999"><ele>2618.582784429806</ele></trkpt><trkpt lat="38.44491" lon="-119.69797"><ele>2618.7848568889312</ele></trkpt><trkpt lat="38.44479" lon="-119.69794000000002"><ele>2619.182958221063</ele></trkpt><trkpt lat="38.44469" lon="-119.69785999999999"><ele>2621.0</ele></trkpt><trkpt lat="38.4446" lon="-119.6977"><ele>2622.0</ele></trkpt><trkpt lat="38.44436" lon="-119.69768999999997"><ele>2622.0</ele></trkpt><trkpt lat="38.44415" lon="-119.69763"><ele>2623.0</ele></trkpt><trkpt lat="38.44384" lon="-119.69768999999997"><ele>2622.8338026683778</ele></trkpt><trkpt lat="38.44369" lon="-119.69774999999998"><ele>2622.0376000008546</ele></trkpt><trkpt lat="38.44326" lon="-119.69772999999998"><ele>2622.0</ele></trkpt><trkpt lat="38.44313" lon="-119.69768999999997"><ele>2619.1423468738794</ele></trkpt><trkpt lat="38.44302" lon="-119.69759999999997"><ele>2618.0167838429034</ele></trkpt><trkpt lat="38.44298" lon="-119.69705999999996"><ele>2618.217078253627</ele></trkpt><trkpt lat="38.443" lon="-119.69623999999999"><ele>2625.628451988101</ele></trkpt><trkpt lat="38.44295" lon="-119.69603000000001"><ele>2624.43202675879</ele></trkpt><trkpt lat="38.443" lon="-119.69592"><ele>2626.4071129970253</ele></trkpt><trkpt lat="38.44305" lon="-119.69555000000003"><ele>2630.3822013027966</ele></trkpt><trkpt lat="38.44301" lon="-119.69509"><ele>2630.999545608647</ele></trkpt><trkpt lat="38.44308" lon="-119.69477999999998"><ele>2633.0920519500314</ele></trkpt><trkpt lat="38.44304" lon="-119.69432"><ele>2631.787183476612</ele></trkpt><trkpt lat="38.44309" lon="-119.69385"><ele>2636.762273427099</ele></trkpt><trkpt lat="38.44312" lon="-119.69310000000002"><ele>2645.406832839609</ele></trkpt><trkpt lat="38.44321" lon="-119.69285000000002"><ele>2648.902497721836</ele></trkpt><trkpt lat="38.44357" lon="-119.69247999999999"><ele>2655.323241826147</ele></trkpt><trkpt lat="38.44362" lon="-119.69214999999997"><ele>2659.0</ele></trkpt><trkpt lat="38.44371" lon="-119.69198"><ele>2662.0</ele></trkpt><trkpt lat="38.44379" lon="-119.69159000000002"><ele>2668.0</ele></trkpt><trkpt lat="38.44386" lon="-119.69139999999999"><ele>2672.0</ele></trkpt><trkpt lat="38.44387" lon="-119.69123000000002"><ele>2673.173943530768</ele></trkpt><trkpt lat="38.44374" lon="-119.69117"><ele>2670.8247548656736</ele></trkpt><trkpt lat="38.4437" lon="-119.69112000000001"><ele>2672.001053349991</ele></trkpt><trkpt lat="38.44366" lon="-119.69099"><ele>2673.0518560798055</ele></trkpt><trkpt lat="38.44359" lon="-119.69083"><ele>2674.2735683655224</ele></trkpt><trkpt lat="38.44354" lon="-119.69063"><ele>2676.932411916088</ele></trkpt><trkpt lat="38.44358" lon="-119.69047"><ele>2681.9436177232087</ele></trkpt><trkpt lat="38.44338" lon="-119.69006999999999"><ele>2684.9524056320734</ele></trkpt><trkpt lat="38.44332" lon="-119.68982"><ele>2687.0</ele></trkpt><trkpt lat="38.44332" lon="-119.68971999999997"><ele>2688.5928123591766</ele></trkpt><trkpt lat="38.44339" lon="-119.68941999999998"><ele>2694.0</ele></trkpt><trkpt lat="38.44341" lon="-119.68921999999998"><ele>2696.8028979226947</ele></trkpt><trkpt lat="38.44355" lon="-119.68874"><ele>2701.9428203261314</ele></trkpt><trkpt lat="38.44354" lon="-119.68851000000001"><ele>2702.0</ele></trkpt><trkpt lat="38.44358" lon="-119.68837000000002"><ele>2704.0</ele></trkpt><trkpt lat="38.44365" lon="-119.68824999999998"><ele>2706.0</ele></trkpt><trkpt lat="38.44367" lon="-119.68808000000001"><ele>2706.0</ele></trkpt><trkpt lat="38.44363" lon="-119.68794000000003"><ele>2705.083514559796</ele></trkpt><trkpt lat="38.44346" lon="-119.68776000000003"><ele>2705.307043603083</ele></trkpt><trkpt lat="38.44333" lon="-119.68750999999997"><ele>2701.0</ele></trkpt><trkpt lat="38.4432" lon="-119.68740000000003"><ele>2698.8823709959624</ele></trkpt><trkpt lat="38.44294" lon="-119.68743"><ele>2700.0155413332395</ele></trkpt><trkpt lat="38.44256" lon="-119.68736000000001"><ele>2702.582737979281</ele></trkpt><trkpt lat="38.4424" lon="-119.6873"><ele>2702.9268072063014</ele></trkpt><trkpt lat="38.44221" lon="-119.68705"><ele>2703.721815380025</ele></trkpt><trkpt lat="38.44183" lon="-119.68713000000002"><ele>2697.7978640098063</ele></trkpt><trkpt lat="38.44172" lon="-119.68718000000001"><ele>2696.089552830246</ele></trkpt><trkpt lat="38.4416" lon="-119.68731000000002"><ele>2695.0</ele></trkpt><trkpt lat="38.44138" lon="-119.68707"><ele>2693.7653370324433</ele></trkpt><trkpt lat="38.44103" lon="-119.6868"><ele>2699.3445866662078</ele></trkpt><trkpt lat="38.44085" lon="-119.68655999999999"><ele>2699.2542513026983</ele></trkpt><trkpt lat="38.44076" lon="-119.68635"><ele>2701.0</ele></trkpt><trkpt lat="38.44081" lon="-119.68597"><ele>2699.997454191295</ele></trkpt><trkpt lat="38.44079" lon="-119.68588999999997"><ele>2699.0</ele></trkpt><trkpt lat="38.44069" lon="-119.68576000000002"><ele>2698.7798432864333</ele></trkpt><trkpt lat="38.44069" lon="-119.6857"><ele>2699.98444192158</ele></trkpt><trkpt lat="38.44083" lon="-119.68506000000002"><ele>2700.873889762046</ele></trkpt><trkpt lat="38.44083" lon="-119.68506000000002"><ele>2700.873889762046</ele></trkpt><trkpt lat="38.4408" lon="-119.68495000000001"><ele>2700.716627782681</ele></trkpt><trkpt lat="38.44082" lon="-119.68479000000002"><ele>2696.2873572721146</ele></trkpt><trkpt lat="38.44073" lon="-119.68448999999998"><ele>2695.659725289792</ele></trkpt><trkpt lat="38.44072" lon="-119.68432000000001"><ele>2693.254723990336</ele></trkpt><trkpt lat="38.44064" lon="-119.68396999999999"><ele>2690.0</ele></trkpt><trkpt lat="38.44064" lon="-119.68372999999997"><ele>2687.993866307492</ele></trkpt><trkpt lat="38.44073" lon="-119.68345"><ele>2685.534097777214</ele></trkpt><trkpt lat="38.44069" lon="-119.68327999999997"><ele>2683.0</ele></trkpt><trkpt lat="38.44073" lon="-119.68281999999999"><ele>2677.1739697777666</ele></trkpt><trkpt lat="38.44098" lon="-119.68236999999999"><ele>2673.0</ele></trkpt><trkpt lat="38.44096" lon="-119.68223999999998"><ele>2672.0</ele></trkpt><trkpt lat="38.4409" lon="-119.68209000000002"><ele>2672.0</ele></trkpt><trkpt lat="38.4409" lon="-119.68198999999998"><ele>2672.0</ele></trkpt><trkpt lat="38.44094" lon="-119.68191000000002"><ele>2672.0</ele></trkpt><trkpt lat="38.44096" lon="-119.68165999999997"><ele>2671.9747324176133</ele></trkpt><trkpt lat="38.4409" lon="-119.68147999999997"><ele>2671.0</ele></trkpt><trkpt lat="38.44091" lon="-119.68131"><ele>2669.0</ele></trkpt><trkpt lat="38.44087" lon="-119.68119000000002"><ele>2666.0</ele></trkpt><trkpt lat="38.44073" lon="-119.68105000000003"><ele>2662.233425427048</ele></trkpt><trkpt lat="38.44069" lon="-119.68097"><ele>2661.919680600175</ele></trkpt><trkpt lat="38.44064" lon="-119.68085000000002"><ele>2660.374652165775</ele></trkpt><trkpt lat="38.44053" lon="-119.68065999999999"><ele>2659.0</ele></trkpt><trkpt lat="38.44053" lon="-119.68061"><ele>2659.0</ele></trkpt><trkpt lat="38.4405" lon="-119.68052999999998"><ele>2658.0</ele></trkpt><trkpt lat="38.44038" lon="-119.68047999999999"><ele>2657.062908944464</ele></trkpt><trkpt lat="38.44033" lon="-119.67997000000003"><ele>2652.0</ele></trkpt><trkpt lat="38.44024" lon="-119.67993999999999"><ele>2651.0</ele></trkpt><trkpt lat="38.4401" lon="-119.67980999999997"><ele>2648.0</ele></trkpt><trkpt lat="38.44002" lon="-119.67971999999997"><ele>2647.7034986652434</ele></trkpt><trkpt lat="38.44002" lon="-119.67964999999998"><ele>2647.0421722120495</ele></trkpt><trkpt lat="38.43998" lon="-119.67964"><ele>2646.0</ele></trkpt><trkpt lat="38.43992" lon="-119.67982999999998"><ele>2645.145646993071</ele></trkpt><trkpt lat="38.43981" lon="-119.67991999999998"><ele>2644.0</ele></trkpt><trkpt lat="38.43971" lon="-119.67991999999998"><ele>2644.0</ele></trkpt><trkpt lat="38.43964" lon="-119.67988000000003"><ele>2643.0</ele></trkpt><trkpt lat="38.43952" lon="-119.67989999999998"><ele>2643.0</ele></trkpt><trkpt lat="38.43946" lon="-119.67987"><ele>2640.5386169677413</ele></trkpt><trkpt lat="38.43939" lon="-119.67989"><ele>2638.382645279683</ele></trkpt><trkpt lat="38.43933" lon="-119.67998"><ele>2637.861635466572</ele></trkpt><trkpt lat="38.43916" lon="-119.68004000000002"><ele>2630.9264880437404</ele></trkpt><trkpt lat="38.43908" lon="-119.67989999999998"><ele>2627.243365571468</ele></trkpt><trkpt lat="38.43904" lon="-119.67991999999998"><ele>2625.99484277686</ele></trkpt><trkpt lat="38.43901" lon="-119.67989999999998"><ele>2625.0017102938145</ele></trkpt><trkpt lat="38.43899" lon="-119.67982"><ele>2623.3638364449143</ele></trkpt><trkpt lat="38.43902" lon="-119.67977000000002"><ele>2622.6102731969636</ele></trkpt><trkpt lat="38.43907" lon="-119.67975999999999"><ele>2623.139252945315</ele></trkpt><trkpt lat="38.43908" lon="-119.67970000000003"><ele>2620.938035381492</ele></trkpt><trkpt lat="38.43903" lon="-119.67969"><ele>2619.4970769206993</ele></trkpt><trkpt lat="38.43884" lon="-119.6798"><ele>2619.701725835209</ele></trkpt><trkpt lat="38.43856" lon="-119.67975999999999"><ele>2610.098358260913</ele></trkpt><trkpt lat="38.43849" lon="-119.67964999999998"><ele>2610.0</ele></trkpt><trkpt lat="38.43849" lon="-119.67964999999998"><ele>2610.0</ele></trkpt><trkpt lat="38.43849" lon="-119.67964999999998"><ele>2610.0</ele></trkpt><trkpt lat="38.43849" lon="-119.68027999999998"><ele>2593.248796310069</ele></trkpt><trkpt lat="38.43833" lon="-119.68173000000002"><ele>2563.0</ele></trkpt><trkpt lat="38.43825" lon="-119.68205"><ele>2562.0</ele></trkpt><trkpt lat="38.43799" lon="-119.68268999999998"><ele>2560.0</ele></trkpt><trkpt lat="38.43791" lon="-119.68327"><ele>2559.4733189897142</ele></trkpt><trkpt lat="38.4373" lon="-119.68457000000001"><ele>2544.2605546545237</ele></trkpt><trkpt lat="38.43712" lon="-119.68506000000002"><ele>2541.0</ele></trkpt><trkpt lat="38.43712" lon="-119.68506000000002"><ele>2541.0</ele></trkpt><trkpt lat="38.43639" lon="-119.68761999999998"><ele>2528.0</ele></trkpt><trkpt lat="38.43606" lon="-119.68799000000001"><ele>2525.0</ele></trkpt><trkpt lat="38.4358" lon="-119.68857000000003"><ele>2524.0</ele></trkpt><trkpt lat="38.43531" lon="-119.68892"><ele>2511.3176367920823</ele></trkpt><trkpt lat="38.4349" lon="-119.68955"><ele>2499.0870927115748</ele></trkpt><trkpt lat="38.43429" lon="-119.69015000000002"><ele>2495.8165104171767</ele></trkpt><trkpt lat="38.43406" lon="-119.69076000000001"><ele>2494.0</ele></trkpt><trkpt lat="38.43403" lon="-119.69187999999997"><ele>2493.0</ele></trkpt><trkpt lat="38.43403" lon="-119.69263000000001"><ele>2498.0</ele></trkpt><trkpt lat="38.43389" lon="-119.69337000000002"><ele>2496.0</ele></trkpt><trkpt lat="38.43428" lon="-119.69423"><ele>2494.0</ele></trkpt><trkpt lat="38.43463" lon="-119.69510000000002"><ele>2491.0</ele></trkpt><trkpt lat="38.43482" lon="-119.69569000000001"><ele>2490.0</ele></trkpt><trkpt lat="38.43463" lon="-119.69648000000001"><ele>2487.0</ele></trkpt><trkpt lat="38.434698768719805" lon="-119.69694418885865"><ele>2486.0</ele></trkpt><trkpt lat="38.434698768719805" lon="-119.69694418885865"><ele>2486.0</ele></trkpt><trkpt lat="38.43470074062715" lon="-119.69695749923324"><ele>2485.982047397896</ele></trkpt><trkpt lat="38.43470273773752" lon="-119.69697097972823"><ele>2485.5175172530203</ele></trkpt><trkpt lat="38.43483" lon="-119.69783000000001"><ele>2485.0</ele></trkpt><trkpt lat="38.43495" lon="-119.69828999999999"><ele>2486.0</ele></trkpt><trkpt lat="38.43488" lon="-119.69866000000002"><ele>2484.0</ele></trkpt><trkpt lat="38.43488" lon="-119.69889"><ele>2483.0</ele></trkpt><trkpt lat="38.43494" lon="-119.69918000000001"><ele>2483.51433572281</ele></trkpt><trkpt lat="38.43491" lon="-119.69960000000003"><ele>2485.0</ele></trkpt><trkpt lat="38.43455" lon="-119.70069999999998"><ele>2482.646791074425</ele></trkpt><trkpt lat="38.43449" lon="-119.70116999999999"><ele>2485.077105699107</ele></trkpt><trkpt lat="38.43448" lon="-119.70175999999998"><ele>2488.0</ele></trkpt><trkpt lat="38.43434" lon="-119.70274999999998"><ele>2481.003166837655</ele></trkpt><trkpt lat="38.43428" lon="-119.70299"><ele>2474.8359004440717</ele></trkpt><trkpt lat="38.43426" lon="-119.70323000000002"><ele>2467.3933392520994</ele></trkpt><trkpt lat="38.43419" lon="-119.70334000000003"><ele>2465.524718221277</ele></trkpt><trkpt lat="38.43392" lon="-119.70352000000003"><ele>2455.0224912079093</ele></trkpt><trkpt lat="38.43383" lon="-119.70343000000003"><ele>2454.2678874215744</ele></trkpt><trkpt lat="38.43361" lon="-119.70333"><ele>2452.9974296206146</ele></trkpt><trkpt lat="38.43351" lon="-119.70337999999998"><ele>2449.6605831114575</ele></trkpt><trkpt lat="38.43346" lon="-119.70335"><ele>2451.2488590304793</ele></trkpt><trkpt lat="38.4333" lon="-119.70368000000002"><ele>2445.910613213065</ele></trkpt><trkpt lat="38.4331" lon="-119.70388000000003"><ele>2443.22243368222</ele></trkpt><trkpt lat="38.43293" lon="-119.70398"><ele>2441.698556444142</ele></trkpt><trkpt lat="38.43262" lon="-119.70431000000002"><ele>2437.0</ele></trkpt><trkpt lat="38.43218" lon="-119.70474000000002"><ele>2431.2799893319607</ele></trkpt><trkpt lat="38.4321" lon="-119.70474999999999"><ele>2431.09193563186</ele></trkpt><trkpt lat="38.43201" lon="-119.70474000000002"><ele>2430.149151867188</ele></trkpt><trkpt lat="38.4318" lon="-119.70458000000002"><ele>2430.736529776361</ele></trkpt><trkpt lat="38.43163" lon="-119.70454999999998"><ele>2429.124606959673</ele></trkpt><trkpt lat="38.43144" lon="-119.70441"><ele>2425.622007202357</ele></trkpt><trkpt lat="38.43135" lon="-119.70445000000001"><ele>2421.267710885033</ele></trkpt><trkpt lat="38.43128" lon="-119.70463999999998"><ele>2416.1032628063112</ele></trkpt><trkpt lat="38.43081" lon="-119.70456000000001"><ele>2394.1420731116086</ele></trkpt><trkpt lat="38.43065" lon="-119.70461999999998"><ele>2384.623411761597</ele></trkpt><trkpt lat="38.43048" lon="-119.70447000000001"><ele>2376.5770551118394</ele></trkpt><trkpt lat="38.43029" lon="-119.70424000000003"><ele>2369.120117038659</ele></trkpt><trkpt lat="38.43021" lon="-119.70395000000002"><ele>2368.447201795876</ele></trkpt><trkpt lat="38.43015" lon="-119.70384000000001"><ele>2365.87773097679</ele></trkpt><trkpt lat="38.42994" lon="-119.70371999999998"><ele>2358.0</ele></trkpt><trkpt lat="38.42982" lon="-119.70368000000002"><ele>2352.9252642625943</ele></trkpt><trkpt lat="38.42976" lon="-119.70371999999998"><ele>2350.5514319414415</ele></trkpt><trkpt lat="38.42972" lon="-119.70379000000003"><ele>2349.1640842517904</ele></trkpt><trkpt lat="38.42964" lon="-119.70379000000003"><ele>2347.2400883830496</ele></trkpt><trkpt lat="38.42938" lon="-119.70352000000003"><ele>2341.0</ele></trkpt><trkpt lat="38.42923" lon="-119.70330999999999"><ele>2340.0</ele></trkpt><trkpt lat="38.42914" lon="-119.70328999999998"><ele>2338.7920840177685</ele></trkpt><trkpt lat="38.42902" lon="-119.70339999999999"><ele>2335.0</ele></trkpt><trkpt lat="38.42882" lon="-119.70341000000002"><ele>2332.0</ele></trkpt><trkpt lat="38.42852" lon="-119.70330999999999"><ele>2326.908241758123</ele></trkpt><trkpt lat="38.42813" lon="-119.70310999999998"><ele>2328.243495112285</ele></trkpt><trkpt lat="38.42799" lon="-119.70299999999997"><ele>2328.0</ele></trkpt><trkpt lat="38.42787" lon="-119.70303000000001"><ele>2325.0282346676104</ele></trkpt><trkpt lat="38.42777" lon="-119.70292999999998"><ele>2322.1070998827777</ele></trkpt><trkpt lat="38.42777" lon="-119.70292999999998"><ele>2322.1070998827777</ele></trkpt><trkpt lat="38.42772" lon="-119.70281"><ele>2320.8465833082173</ele></trkpt><trkpt lat="38.42766" lon="-119.70244000000002"><ele>2320.0</ele></trkpt><trkpt lat="38.42754" lon="-119.70236999999997"><ele>2318.0</ele></trkpt><trkpt lat="38.42729" lon="-119.70240999999999"><ele>2309.771755242949</ele></trkpt><trkpt lat="38.42703" lon="-119.70256999999998"><ele>2304.1590911139983</ele></trkpt><trkpt lat="38.42653" lon="-119.70267000000001"><ele>2293.0</ele></trkpt><trkpt lat="38.42651" lon="-119.70271000000002"><ele>2292.296761575615</ele></trkpt><trkpt lat="38.42654" lon="-119.70294999999999"><ele>2289.084023290334</ele></trkpt><trkpt lat="38.42652" lon="-119.70307000000003"><ele>2287.0</ele></trkpt><trkpt lat="38.42642" lon="-119.70319999999998"><ele>2283.9331726145642</ele></trkpt><trkpt lat="38.42604" lon="-119.70339000000001"><ele>2277.3028810648234</ele></trkpt><trkpt lat="38.42591" lon="-119.70351"><ele>2275.602144000586</ele></trkpt><trkpt lat="38.42584" lon="-119.70377000000002"><ele>2277.0</ele></trkpt><trkpt lat="38.42571" lon="-119.70391000000001"><ele>2277.0</ele></trkpt><trkpt lat="38.42493" lon="-119.70449000000002"><ele>2275.0</ele></trkpt><trkpt lat="38.42484" lon="-119.70460000000003"><ele>2274.0</ele></trkpt><trkpt lat="38.4246811020824" lon="-119.70459487426069"><ele>2271.0</ele></trkpt><trkpt lat="38.42470022214219" lon="-119.70459549103151"><ele>2271.0098720483566</ele></trkpt><trkpt lat="38.42453" lon="-119.70459"><ele>2269.0</ele></trkpt><trkpt lat="38.42374" lon="-119.70493999999997"><ele>2259.040686220862</ele></trkpt><trkpt lat="38.42348" lon="-119.70488999999998"><ele>2254.7105173324235</ele></trkpt><trkpt lat="38.42301" lon="-119.70499000000001"><ele>2241.502732363064</ele></trkpt><trkpt lat="38.42304" lon="-119.70454000000001"><ele>2227.3659650133914</ele></trkpt><trkpt lat="38.42291" lon="-119.70442000000003"><ele>2219.1833539325744</ele></trkpt><trkpt lat="38.42276" lon="-119.70440000000002"><ele>2215.0</ele></trkpt><trkpt lat="38.42265" lon="-119.70442000000003"><ele>2212.9454058907027</ele></trkpt><trkpt lat="38.42254" lon="-119.70447000000001"><ele>2210.2871479436685</ele></trkpt><trkpt lat="38.42245" lon="-119.70454999999998"><ele>2208.8202527426183</ele></trkpt><trkpt lat="38.42222" lon="-119.70460000000003"><ele>2203.0271342879187</ele></trkpt><trkpt lat="38.42204" lon="-119.70486"><ele>2199.0</ele></trkpt><trkpt lat="38.42197" lon="-119.70490999999998"><ele>2197.7382424991893</ele></trkpt><trkpt lat="38.42189" lon="-119.70490000000001"><ele>2195.0</ele></trkpt><trkpt lat="38.42184" lon="-119.70484999999996"><ele>2193.0</ele></trkpt><trkpt lat="38.42163" lon="-119.70490000000001"><ele>2188.211945255384</ele></trkpt><trkpt lat="38.42116" lon="-119.70535999999998"><ele>2179.0855289511383</ele></trkpt><trkpt lat="38.42094" lon="-119.70550000000003"><ele>2175.0</ele></trkpt><trkpt lat="38.42083" lon="-119.70553000000001"><ele>2171.7479237882762</ele></trkpt><trkpt lat="38.42029" lon="-119.70613000000003"><ele>2163.334977356717</ele></trkpt><trkpt lat="38.42024" lon="-119.70634000000001"><ele>2163.1029853824716</ele></trkpt><trkpt lat="38.42009" lon="-119.70652999999999"><ele>2162.517044717045</ele></trkpt><trkpt lat="38.41997" lon="-119.70661999999999"><ele>2160.100458226717</ele></trkpt><trkpt lat="38.41983" lon="-119.70668"><ele>2157.0</ele></trkpt><trkpt lat="38.41971" lon="-119.70668999999998"><ele>2154.0</ele></trkpt><trkpt lat="38.41961" lon="-119.70673999999997"><ele>2151.895001389152</ele></trkpt><trkpt lat="38.41946" lon="-119.70703000000003"><ele>2148.964342407882</ele></trkpt><trkpt lat="38.41946" lon="-119.70703000000003"><ele>2148.964342407882</ele></trkpt><trkpt lat="38.41919" lon="-119.70765"><ele>2146.0</ele></trkpt><trkpt lat="38.41907" lon="-119.70784000000003"><ele>2144.0</ele></trkpt><trkpt lat="38.41893" lon="-119.70823000000001"><ele>2140.278294978106</ele></trkpt><trkpt lat="38.41884" lon="-119.70859000000002"><ele>2137.0854430496693</ele></trkpt><trkpt lat="38.41879" lon="-119.70898"><ele>2134.1113520544022</ele></trkpt><trkpt lat="38.41865" lon="-119.70934"><ele>2130.7839082218707</ele></trkpt><trkpt lat="38.41854" lon="-119.70972"><ele>2125.047021427806</ele></trkpt><trkpt lat="38.41852" lon="-119.70990999999998"><ele>2123.0</ele></trkpt><trkpt lat="38.41842" lon="-119.71006999999997"><ele>2120.0</ele></trkpt><trkpt lat="38.4183" lon="-119.71008999999998"><ele>2115.9653692394495</ele></trkpt><trkpt lat="38.41822" lon="-119.71023000000002"><ele>2113.0</ele></trkpt><trkpt lat="38.41822" lon="-119.71023000000002"><ele>2113.0</ele></trkpt><trkpt lat="38.41821" lon="-119.71053"><ele>2111.661190396016</ele></trkpt><trkpt lat="38.41829" lon="-119.71116"><ele>2099.0</ele></trkpt><trkpt lat="38.41822" lon="-119.71145999999999"><ele>2095.0</ele></trkpt><trkpt lat="38.41834" lon="-119.71197000000001"><ele>2091.0</ele></trkpt><trkpt lat="38.41832" lon="-119.71217000000001"><ele>2089.169271481179</ele></trkpt><trkpt lat="38.41857" lon="-119.71269999999998"><ele>2089.008046828387</ele></trkpt><trkpt lat="38.41857" lon="-119.71289000000002"><ele>2088.0253761336207</ele></trkpt><trkpt lat="38.41862" lon="-119.71307000000002"><ele>2088.9994580689818</ele></trkpt><trkpt lat="38.4188" lon="-119.71353999999997"><ele>2088.0</ele></trkpt><trkpt lat="38.4188" lon="-119.71402999999998"><ele>2082.8044884508263</ele></trkpt><trkpt lat="38.41917" lon="-119.71500000000003"><ele>2079.0</ele></trkpt><trkpt lat="38.4193" lon="-119.71515999999997"><ele>2078.0</ele></trkpt><trkpt lat="38.41945" lon="-119.71546999999998"><ele>2081.0</ele></trkpt><trkpt lat="38.41957" lon="-119.71557000000001"><ele>2082.0</ele></trkpt><trkpt lat="38.41963" lon="-119.71575999999999"><ele>2081.0</ele></trkpt><trkpt lat="38.41969" lon="-119.71605"><ele>2078.126342097792</ele></trkpt><trkpt lat="38.41968" lon="-119.71634"><ele>2076.0</ele></trkpt><trkpt lat="38.41983" lon="-119.71685000000002"><ele>2074.0</ele></trkpt><trkpt lat="38.41981" lon="-119.71751"><ele>2074.0</ele></trkpt><trkpt lat="38.41985" lon="-119.71771999999999"><ele>2074.059831756392</ele></trkpt><trkpt lat="38.41987" lon="-119.7183"><ele>2073.352175520733</ele></trkpt><trkpt lat="38.41975" lon="-119.71904"><ele>2074.2142588198185</ele></trkpt><trkpt lat="38.41958" lon="-119.71922999999998"><ele>2074.8980716029864</ele></trkpt><trkpt lat="38.41953" lon="-119.71983"><ele>2078.0</ele></trkpt><trkpt lat="38.41949" lon="-119.72001"><ele>2079.0</ele></trkpt><trkpt lat="38.41942" lon="-119.72017"><ele>2079.0</ele></trkpt><trkpt lat="38.41912" lon="-119.72051999999996"><ele>2079.0</ele></trkpt><trkpt lat="38.41897" lon="-119.72075999999998"><ele>2078.0</ele></trkpt><trkpt lat="38.41896" lon="-119.72090000000003"><ele>2080.0</ele></trkpt><trkpt lat="38.419" lon="-119.72114999999997"><ele>2082.6025480683893</ele></trkpt><trkpt lat="38.41897" lon="-119.72127999999998"><ele>2083.0</ele></trkpt><trkpt lat="38.41874" lon="-119.72216000000003"><ele>2079.0</ele></trkpt><trkpt lat="38.41866" lon="-119.72261000000003"><ele>2075.0</ele></trkpt><trkpt lat="38.41843" lon="-119.72363999999999"><ele>2069.0</ele></trkpt><trkpt lat="38.4184" lon="-119.72449"><ele>2065.0</ele></trkpt><trkpt lat="38.41842" lon="-119.72462999999999"><ele>2065.0</ele></trkpt><trkpt lat="38.4185" lon="-119.72480000000002"><ele>2065.0</ele></trkpt><trkpt lat="38.41846" lon="-119.72507999999999"><ele>2063.0</ele></trkpt><trkpt lat="38.41846" lon="-119.72534999999999"><ele>2061.0</ele></trkpt><trkpt lat="38.41862" lon="-119.72602999999998"><ele>2063.0</ele></trkpt><trkpt lat="38.41857" lon="-119.7262"><ele>2063.0</ele></trkpt><trkpt lat="38.41845" lon="-119.72634"><ele>2060.0</ele></trkpt><trkpt lat="38.41819" lon="-119.72685000000001"><ele>2056.4224206786603</ele></trkpt><trkpt lat="38.41822" lon="-119.72751"><ele>2055.2068602051586</ele></trkpt><trkpt lat="38.41807" lon="-119.72811000000002"><ele>2054.0</ele></trkpt><trkpt lat="38.41791" lon="-119.72899999999998"><ele>2045.7676874715835</ele></trkpt><trkpt lat="38.41791" lon="-119.72899999999998"><ele>2045.7676874715835</ele></trkpt><trkpt lat="38.41783" lon="-119.72941000000003"><ele>2043.0092041268945</ele></trkpt><trkpt lat="38.41768" lon="-119.72991999999999"><ele>2042.0</ele></trkpt><trkpt lat="38.4175" lon="-119.73032"><ele>2040.0</ele></trkpt><trkpt lat="38.41732" lon="-119.73133999999999"><ele>2035.4247125614881</ele></trkpt><trkpt lat="38.41729" lon="-119.73223000000002"><ele>2035.0</ele></trkpt><trkpt lat="38.41729" lon="-119.73309"><ele>2034.0</ele></trkpt><trkpt lat="38.417285487489536" lon="-119.73310624503767"><ele>2034.0</ele></trkpt><trkpt lat="38.41727735956081" lon="-119.73313550562443"><ele>2034.0</ele></trkpt><trkpt lat="38.41714" lon="-119.73363"><ele>2030.997023539055</ele></trkpt><trkpt lat="38.41717" lon="-119.73385000000002"><ele>2031.0</ele></trkpt><trkpt lat="38.41714" lon="-119.73478999999998"><ele>2025.8209146689326</ele></trkpt><trkpt lat="38.41716" lon="-119.73539"><ele>2024.0</ele></trkpt><trkpt lat="38.41697" lon="-119.7364"><ele>2017.8558409549296</ele></trkpt><trkpt lat="38.41692" lon="-119.73656"><ele>2017.5639208831312</ele></trkpt><trkpt lat="38.41675" lon="-119.73680999999999"><ele>2010.7701946981251</ele></trkpt><trkpt lat="38.41671" lon="-119.73701"><ele>2009.0</ele></trkpt><trkpt lat="38.41672" lon="-119.7373"><ele>2008.9982098525638</ele></trkpt><trkpt lat="38.41664" lon="-119.73761999999999"><ele>2006.9698124461854</ele></trkpt><trkpt lat="38.41667" lon="-119.73791"><ele>2006.0052567320197</ele></trkpt><trkpt lat="38.41662" lon="-119.73838"><ele>2005.0</ele></trkpt><trkpt lat="38.4165" lon="-119.73891000000003"><ele>2003.0</ele></trkpt><trkpt lat="38.41651" lon="-119.73993999999999"><ele>2001.4949896838516</ele></trkpt><trkpt lat="38.41661" lon="-119.74040000000002"><ele>2000.4429860096425</ele></trkpt><trkpt lat="38.41654" lon="-119.74128999999999"><ele>1994.279387716204</ele></trkpt><trkpt lat="38.41655" lon="-119.74153999999999"><ele>1995.874187225476</ele></trkpt><trkpt lat="38.4166" lon="-119.74182000000002"><ele>1998.696372013539</ele></trkpt><trkpt lat="38.41659" lon="-119.74196"><ele>1997.5067721679807</ele></trkpt><trkpt lat="38.41676" lon="-119.74259"><ele>2005.3649959377944</ele></trkpt><trkpt lat="38.41678" lon="-119.74313000000001"><ele>2007.5545986611396</ele></trkpt><trkpt lat="38.41684" lon="-119.74356"><ele>2012.1234088074416</ele></trkpt><trkpt lat="38.41685" lon="-119.74401999999998"><ele>2013.718210786581</ele></trkpt><trkpt lat="38.41689" lon="-119.74450999999999"><ele>2017.0</ele></trkpt><trkpt lat="38.41693" lon="-119.74460999999997"><ele>2015.0</ele></trkpt><trkpt lat="38.41707" lon="-119.74468000000002"><ele>2011.988444498278</ele></trkpt><trkpt lat="38.41708" lon="-119.74473999999998"><ele>2010.5435572504066</ele></trkpt><trkpt lat="38.41701" lon="-119.74487999999997"><ele>2006.0</ele></trkpt><trkpt lat="38.41704" lon="-119.74495000000002"><ele>2004.3581688879058</ele></trkpt><trkpt lat="38.41755" lon="-119.74511999999999"><ele>1997.4355946667492</ele></trkpt><trkpt lat="38.41764" lon="-119.74525"><ele>1992.3771555558778</ele></trkpt><trkpt lat="38.41767" lon="-119.74536999999998"><ele>1989.890707623426</ele></trkpt><trkpt lat="38.41767" lon="-119.74549999999999"><ele>1987.8610353541076</ele></trkpt><trkpt lat="38.41763" lon="-119.74563"><ele>1984.7054087124184</ele></trkpt><trkpt lat="38.41751" lon="-119.74585000000002"><ele>1981.0</ele></trkpt><trkpt lat="38.41753" lon="-119.74628000000001"><ele>1978.6862870695807</ele></trkpt><trkpt lat="38.41742" lon="-119.74642"><ele>1978.0</ele></trkpt><trkpt lat="38.41729" lon="-119.74664999999999"><ele>1975.985377364275</ele></trkpt><trkpt lat="38.41706" lon="-119.74715000000003"><ele>1974.0</ele></trkpt><trkpt lat="38.41695" lon="-119.74752999999998"><ele>1972.0</ele></trkpt><trkpt lat="38.41688" lon="-119.74769000000003"><ele>1971.0</ele></trkpt><trkpt lat="38.41675" lon="-119.74783000000002"><ele>1970.0</ele></trkpt><trkpt lat="38.41667" lon="-119.74797999999998"><ele>1970.0</ele></trkpt><trkpt lat="38.41658" lon="-119.74824999999998"><ele>1969.0</ele></trkpt><trkpt lat="38.41654" lon="-119.74847999999997"><ele>1968.0</ele></trkpt><trkpt lat="38.41659" lon="-119.74871000000002"><ele>1968.0</ele></trkpt><trkpt lat="38.41667" lon="-119.74898999999999"><ele>1968.0</ele></trkpt><trkpt lat="38.41686" lon="-119.74919999999997"><ele>1968.0</ele></trkpt></trkseg></trk></gpx>