<?xml version="1.0"?>
<gpx xmlns="http://www.topografix.com/GPX/1/1" xmlns:gpxx="http://www.garmin.com/xmlschemas/GpxExtensions/v3" creator="CALTOPO" version="1.1"><metadata><name><![CDATA[Donner Pass-Granite Chief]]></name></metadata><wpt lat="39.196095721244774" lon="-120.28212191647"><name>Granite Chief Ski Area</name></wpt><wpt lat="39.22588317938584" lon="-120.27615263699258"><name>Camp</name></wpt><wpt lat="39.31461327898403" lon="-120.32760872157397"><name>Donner Peak Trailhead</name></wpt><trk><name>Donner Pass-Granite Chief</name><trkseg><trkpt lat="39.314610246780894" lon="-120.32764046378816"><ele>2150.0</ele></trkpt><trkpt lat="39.3146475997934" lon="-120.32739906497682"><ele>2151.0782009146183</ele></trkpt><trkpt lat="39.31470570443989" lon="-120.3272703189441"><ele>2152.0</ele></trkpt><trkpt lat="39.314585344761504" lon="-120.32701282687867"><ele>2153.0</ele></trkpt><trkpt lat="39.31457551778356" lon="-120.3270210354683"><ele>2153.0</ele></trkpt><trkpt lat="39.31452000001815" lon="-120.32691000003626"><ele>2153.0</ele></trkpt><trkpt lat="39.31452000001815" lon="-120.32691000003626"><ele>2153.0</ele></trkpt><trkpt lat="39.3145" lon="-120.32686999999999"><ele>2153.0</ele></trkpt><trkpt lat="39.3145" lon="-120.32686999999999"><ele>2153.0</ele></trkpt><trkpt lat="39.31436" lon="-120.32672000000002"><ele>2152.0</ele></trkpt><trkpt lat="39.31431" lon="-120.32659000000001"><ele>2152.631468169391</ele></trkpt><trkpt lat="39.31431" lon="-120.32637476921082"><ele>2153.0</ele></trkpt><trkpt lat="39.31431000000002" lon="-120.3263690967151"><ele>2153.0</ele></trkpt><trkpt lat="39.31431" lon="-120.32632000000001"><ele>2153.631468169391</ele></trkpt><trkpt lat="39.31441" lon="-120.32598000000002"><ele>2156.7637790142535</ele></trkpt><trkpt lat="39.31435" lon="-120.32595000000003"><ele>2158.6190117902565</ele></trkpt><trkpt lat="39.31415" lon="-120.3261"><ele>2161.910064149811</ele></trkpt><trkpt lat="39.31414" lon="-120.32607000000002"><ele>2162.177163420739</ele></trkpt><trkpt lat="39.31426" lon="-120.32567"><ele>2166.5878302268884</ele></trkpt><trkpt lat="39.31435" lon="-120.32553999999999"><ele>2167.2220342457294</ele></trkpt><trkpt lat="39.31437" lon="-120.32542999999998"><ele>2169.017316767946</ele></trkpt><trkpt lat="39.31436" lon="-120.32535999999999"><ele>2169.911348439753</ele></trkpt><trkpt lat="39.31434" lon="-120.32535999999999"><ele>2171.7000055536223</ele></trkpt><trkpt lat="39.3143" lon="-120.32551000000001"><ele>2170.768819093704</ele></trkpt><trkpt lat="39.31408" lon="-120.32576"><ele>2175.305842274006</ele></trkpt><trkpt lat="39.31391" lon="-120.32609000000002"><ele>2179.800115175485</ele></trkpt><trkpt lat="39.31389" lon="-120.32607000000002"><ele>2180.930441206321</ele></trkpt><trkpt lat="39.31398" lon="-120.32571000000002"><ele>2184.4996711893673</ele></trkpt><trkpt lat="39.31394" lon="-120.32571999999999"><ele>2187.4331235555</ele></trkpt><trkpt lat="39.31387" lon="-120.32587999999998"><ele>2189.142977851415</ele></trkpt><trkpt lat="39.31377" lon="-120.32594"><ele>2191.378873394623</ele></trkpt><trkpt lat="39.31371" lon="-120.32603"><ele>2191.8402215088718</ele></trkpt><trkpt lat="39.31349" lon="-120.32616999999999"><ele>2196.554162383175</ele></trkpt><trkpt lat="39.31348" lon="-120.32613000000003"><ele>2197.778785237784</ele></trkpt><trkpt lat="39.31349" lon="-120.32605000000001"><ele>2199.0033240121247</ele></trkpt><trkpt lat="39.31353" lon="-120.32596999999998"><ele>2199.947511844828</ele></trkpt><trkpt lat="39.31372" lon="-120.32573000000002"><ele>2202.0082541328466</ele></trkpt><trkpt lat="39.31373" lon="-120.32569000000001"><ele>2202.912558221724</ele></trkpt><trkpt lat="39.31372" lon="-120.32562999999999"><ele>2203.7584050845776</ele></trkpt><trkpt lat="39.31369" lon="-120.32560000000001"><ele>2204.9799203397856</ele></trkpt><trkpt lat="39.31346" lon="-120.32576"><ele>2206.94111887725</ele></trkpt><trkpt lat="39.31304" lon="-120.32587999999998"><ele>2211.057916445192</ele></trkpt><trkpt lat="39.31288" lon="-120.32587000000001"><ele>2211.5239502219483</ele></trkpt><trkpt lat="39.31264" lon="-120.3261"><ele>2213.8488350125035</ele></trkpt><trkpt lat="39.31245" lon="-120.32621"><ele>2215.6788017777726</ele></trkpt><trkpt lat="39.31227" lon="-120.32619999999997"><ele>2217.1448355568573</ele></trkpt><trkpt lat="39.31219" lon="-120.32623000000001"><ele>2217.746734221466</ele></trkpt><trkpt lat="39.31212" lon="-120.32619999999997"><ele>2218.1448355568573</ele></trkpt><trkpt lat="39.31173" lon="-120.32614999999998"><ele>2220.0</ele></trkpt><trkpt lat="39.31157" lon="-120.32604000000003"><ele>2222.195800102337</ele></trkpt><trkpt lat="39.31138" lon="-120.32585"><ele>2224.935398119679</ele></trkpt><trkpt lat="39.31139" lon="-120.32583"><ele>2225.1876686720075</ele></trkpt><trkpt lat="39.31161" lon="-120.32586000000003"><ele>2227.727565372895</ele></trkpt><trkpt lat="39.3118" lon="-120.32578000000001"><ele>2230.7687735432346</ele></trkpt><trkpt lat="39.31146" lon="-120.32562999999999"><ele>2232.0</ele></trkpt><trkpt lat="39.31131" lon="-120.32549"><ele>2233.233233777806</ele></trkpt><trkpt lat="39.31078" lon="-120.32517000000001"><ele>2239.0</ele></trkpt><trkpt lat="39.3107" lon="-120.32517000000001"><ele>2238.146314665675</ele></trkpt><trkpt lat="39.31061" lon="-120.32506000000001"><ele>2240.5018502660096</ele></trkpt><trkpt lat="39.31056" lon="-120.32490000000001"><ele>2241.3574808082767</ele></trkpt><trkpt lat="39.31046" lon="-120.32475"><ele>2242.0</ele></trkpt><trkpt lat="39.31036" lon="-120.32442000000003"><ele>2246.098847998772</ele></trkpt><trkpt lat="39.3103" lon="-120.32432"><ele>2247.8001792348214</ele></trkpt><trkpt lat="39.31015" lon="-120.32416"><ele>2249.0</ele></trkpt><trkpt lat="39.30972" lon="-120.32387"><ele>2253.7307057781145</ele></trkpt><trkpt lat="39.30922" lon="-120.32333"><ele>2261.896529777441</ele></trkpt><trkpt lat="39.30905" lon="-120.32319999999999"><ele>2263.9549688897096</ele></trkpt><trkpt lat="39.30898" lon="-120.32310999999999"><ele>2266.0483317507606</ele></trkpt><trkpt lat="39.30878" lon="-120.32301000000001"><ele>2268.5849033561226</ele></trkpt><trkpt lat="39.30879" lon="-120.32297"><ele>2269.0</ele></trkpt><trkpt lat="39.30885" lon="-120.32294999999999"><ele>2269.800433890041</ele></trkpt><trkpt lat="39.30903" lon="-120.32299999999998"><ele>2273.0</ele></trkpt><trkpt lat="39.30902" lon="-120.32294999999999"><ele>2273.338844904676</ele></trkpt><trkpt lat="39.30858" lon="-120.32267999999999"><ele>2279.188725333195</ele></trkpt><trkpt lat="39.30846" lon="-120.3227"><ele>2280.25665777782</ele></trkpt><trkpt lat="39.30837" lon="-120.32267000000002"><ele>2281.6547591099516</ele></trkpt><trkpt lat="39.30827" lon="-120.32245"><ele>2284.907502221875</ele></trkpt><trkpt lat="39.30816" lon="-120.32240000000002"><ele>2285.0</ele></trkpt><trkpt lat="39.30804229690159" lon="-120.32240588515492"><ele>2284.963403013069</ele></trkpt><trkpt lat="39.308048364003376" lon="-120.32240558180337"><ele>2284.977540220134</ele></trkpt><trkpt lat="39.30796" lon="-120.32240999999999"><ele>2283.7716373340227</ele></trkpt><trkpt lat="39.30765" lon="-120.32234"><ele>2290.0</ele></trkpt><trkpt lat="39.30713" lon="-120.32240999999999"><ele>2294.795054799909</ele></trkpt><trkpt lat="39.307" lon="-120.32245999999998"><ele>2295.0</ele></trkpt><trkpt lat="39.30691" lon="-120.32258000000002"><ele>2294.9023509799854</ele></trkpt><trkpt lat="39.30675" lon="-120.32263"><ele>2293.523825492834</ele></trkpt><trkpt lat="39.30672" lon="-120.32272999999998"><ele>2292.858556445688</ele></trkpt><trkpt lat="39.30658" lon="-120.32285999999999"><ele>2293.8458350341666</ele></trkpt><trkpt lat="39.3063" lon="-120.32295999999997"><ele>2295.1397795570083</ele></trkpt><trkpt lat="39.30612" lon="-120.32294999999999"><ele>2297.9740046284824</ele></trkpt><trkpt lat="39.306096378829054" lon="-120.32289488393445"><ele>2299.0</ele></trkpt><trkpt lat="39.306096378829054" lon="-120.32289488393445"><ele>2299.0</ele></trkpt><trkpt lat="39.30603" lon="-120.32274000000001"><ele>2301.0</ele></trkpt><trkpt lat="39.30593" lon="-120.32258000000002"><ele>2303.0</ele></trkpt><trkpt lat="39.30542" lon="-120.32227"><ele>2307.2682790519234</ele></trkpt><trkpt lat="39.30542" lon="-120.32227"><ele>2307.2682790519234</ele></trkpt><trkpt lat="39.30519" lon="-120.32214999999997"><ele>2307.8944858152213</ele></trkpt><trkpt lat="39.30496" lon="-120.32227"><ele>2309.0</ele></trkpt><trkpt lat="39.30496" lon="-120.32227"><ele>2309.0</ele></trkpt><trkpt lat="39.30473" lon="-120.32236999999998"><ele>2309.8729675646655</ele></trkpt><trkpt lat="39.30452" lon="-120.32240999999999"><ele>2311.0</ele></trkpt><trkpt lat="39.30452" lon="-120.32240999999999"><ele>2311.0</ele></trkpt><trkpt lat="39.30442" lon="-120.32238999999998"><ele>2311.0</ele></trkpt><trkpt lat="39.30437" lon="-120.32240999999999"><ele>2311.3331027235836</ele></trkpt><trkpt lat="39.3043" lon="-120.32254"><ele>2312.8706552339745</ele></trkpt><trkpt lat="39.3042" lon="-120.32253000000003"><ele>2314.102471790872</ele></trkpt><trkpt lat="39.30412" lon="-120.32256999999998"><ele>2313.7049915632233</ele></trkpt><trkpt lat="39.30364" lon="-120.32249000000002"><ele>2317.043367109727</ele></trkpt><trkpt lat="39.30339" lon="-120.32256999999998"><ele>2317.7565721607452</ele></trkpt><trkpt lat="39.30329" lon="-120.32249000000002"><ele>2317.0</ele></trkpt><trkpt lat="39.30321" lon="-120.32250999999997"><ele>2318.0</ele></trkpt><trkpt lat="39.30303" lon="-120.32235000000003"><ele>2318.567839998286</ele></trkpt><trkpt lat="39.30286" lon="-120.32235000000003"><ele>2320.0</ele></trkpt><trkpt lat="39.30273" lon="-120.32231999999999"><ele>2320.9659413336776</ele></trkpt><trkpt lat="39.30267" lon="-120.32227"><ele>2321.2961102216505</ele></trkpt><trkpt lat="39.30267" lon="-120.32227"><ele>2321.2961102216505</ele></trkpt><trkpt lat="39.30237" lon="-120.32218"><ele>2323.490414221771</ele></trkpt><trkpt lat="39.30224" lon="-120.32218"><ele>2326.1056615496054</ele></trkpt><trkpt lat="39.30209" lon="-120.32223999999997"><ele>2327.694211557042</ele></trkpt><trkpt lat="39.30192" lon="-120.32222999999999"><ele>2330.9053973576674</ele></trkpt><trkpt lat="39.30179" lon="-120.32227"><ele>2331.2121953626856</ele></trkpt><trkpt lat="39.30179" lon="-120.32227"><ele>2331.2121953626856</ele></trkpt><trkpt lat="39.30173" lon="-120.32227"><ele>2331.2961102216505</ele></trkpt><trkpt lat="39.30173" lon="-120.32227"><ele>2331.2961102216505</ele></trkpt><trkpt lat="39.30153" lon="-120.32222999999999"><ele>2334.0</ele></trkpt><trkpt lat="39.30141" lon="-120.32217000000003"><ele>2335.5758470377796</ele></trkpt><trkpt lat="39.30123" lon="-120.32170000000002"><ele>2340.380570468911</ele></trkpt><trkpt lat="39.3011" lon="-120.32155"><ele>2341.0</ele></trkpt><trkpt lat="39.30097" lon="-120.32099"><ele>2346.0</ele></trkpt><trkpt lat="39.30097" lon="-120.32089000000002"><ele>2346.960538523133</ele></trkpt><trkpt lat="39.30094149534388" lon="-120.32080616277614"><ele>2347.182460401207</ele></trkpt><trkpt lat="39.30094739206586" lon="-120.32082350600598"><ele>2347.380404972512</ele></trkpt><trkpt lat="39.3008" lon="-120.32038999999997"><ele>2351.6018210775183</ele></trkpt><trkpt lat="39.30057" lon="-120.32011999999997"><ele>2354.903468857533</ele></trkpt><trkpt lat="39.30039" lon="-120.32004999999998"><ele>2354.0</ele></trkpt><trkpt lat="39.3003" lon="-120.31995"><ele>2353.415946666617</ele></trkpt><trkpt lat="39.3003" lon="-120.31995"><ele>2353.415946666617</ele></trkpt><trkpt lat="39.30027" lon="-120.31992000000002"><ele>2353.9520802222787</ele></trkpt><trkpt lat="39.30024" lon="-120.31993999999997"><ele>2353.889582292399</ele></trkpt><trkpt lat="39.30015" lon="-120.32006999999999"><ele>2352.399041388795</ele></trkpt><trkpt lat="39.30006" lon="-120.32009"><ele>2351.891473778058</ele></trkpt><trkpt lat="39.29995" lon="-120.32006999999999"><ele>2352.8235413334332</ele></trkpt><trkpt lat="39.29981" lon="-120.31999000000002"><ele>2354.551811554469</ele></trkpt><trkpt lat="39.29949" lon="-120.31999000000002"><ele>2356.551811554469</ele></trkpt><trkpt lat="39.29929" lon="-120.31988000000001"><ele>2358.6781831108965</ele></trkpt><trkpt lat="39.29916" lon="-120.31968"><ele>2359.999879555437</ele></trkpt><trkpt lat="39.29911" lon="-120.31956000000002"><ele>2361.474595794454</ele></trkpt><trkpt lat="39.29865" lon="-120.31934000000001"><ele>2364.844007110223</ele></trkpt><trkpt lat="39.29846" lon="-120.31911000000002"><ele>2368.562783998903</ele></trkpt><trkpt lat="39.29834" lon="-120.31911000000002"><ele>2370.0</ele></trkpt><trkpt lat="39.29816" lon="-120.31898999999999"><ele>2373.1551893339492</ele></trkpt><trkpt lat="39.29793" lon="-120.31891000000002"><ele>2374.883459554054</ele></trkpt><trkpt lat="39.29786" lon="-120.31893000000002"><ele>2373.9513919986784</ele></trkpt><trkpt lat="39.29762" lon="-120.31889000000001"><ele>2376.815527110826</ele></trkpt><trkpt lat="39.29745" lon="-120.31889999999999"><ele>2379.34949333407</ele></trkpt><trkpt lat="39.29733" lon="-120.31893000000002"><ele>2381.26319190301</ele></trkpt><trkpt lat="39.29714" lon="-120.31911000000002"><ele>2380.316599890124</ele></trkpt><trkpt lat="39.29688" lon="-120.31927000000002"><ele>2384.517504690215</ele></trkpt><trkpt lat="39.2966" lon="-120.31936000000002"><ele>2385.911939554848</ele></trkpt><trkpt lat="39.29607" lon="-120.31966"><ele>2387.9309262218885</ele></trkpt><trkpt lat="39.29562" lon="-120.31981999999999"><ele>2392.1005825672596</ele></trkpt><trkpt lat="39.29543" lon="-120.31995"><ele>2392.1465091095306</ele></trkpt><trkpt lat="39.2953" lon="-120.32015000000001"><ele>2390.601106048768</ele></trkpt><trkpt lat="39.2949" lon="-120.32067999999998"><ele>2388.0423021595925</ele></trkpt><trkpt lat="39.29483" lon="-120.32085999999998"><ele>2386.8631055157502</ele></trkpt><trkpt lat="39.294534311025586" lon="-120.32109819389603"><ele>2390.9688913178975</ele></trkpt><trkpt lat="39.294534311025586" lon="-120.32109819389603"><ele>2390.9688913178975</ele></trkpt><trkpt lat="39.29447" lon="-120.32114999999999"><ele>2391.0</ele></trkpt><trkpt lat="39.29434" lon="-120.32118000000003"><ele>2392.0</ele></trkpt><trkpt lat="39.29429" lon="-120.32114999999999"><ele>2392.0</ele></trkpt><trkpt lat="39.29419" lon="-120.32092"><ele>2393.6825429235832</ele></trkpt><trkpt lat="39.29416" lon="-120.32074999999998"><ele>2395.0</ele></trkpt><trkpt lat="39.29396" lon="-120.32056999999998"><ele>2394.0</ele></trkpt><trkpt lat="39.29390862289878" lon="-120.32055759863073"><ele>2393.6537364944816</ele></trkpt><trkpt lat="39.29390862289878" lon="-120.32055759863073"><ele>2393.6537364944816</ele></trkpt><trkpt lat="39.29367" lon="-120.32049999999998"><ele>2396.0</ele></trkpt><trkpt lat="39.29367" lon="-120.32049999999998"><ele>2396.0</ele></trkpt><trkpt lat="39.29367" lon="-120.32049999999998"><ele>2396.0</ele></trkpt><trkpt lat="39.29355" lon="-120.32071000000002"><ele>2400.941860785708</ele></trkpt><trkpt lat="39.29359" lon="-120.32080000000002"><ele>2399.5331414099783</ele></trkpt><trkpt lat="39.29354" lon="-120.32096000000001"><ele>2401.5440404135734</ele></trkpt><trkpt lat="39.29347" lon="-120.32114999999999"><ele>2402.0</ele></trkpt><trkpt lat="39.29335" lon="-120.32130999999998"><ele>2405.0348380466426</ele></trkpt><trkpt lat="39.29324" lon="-120.32137999999998"><ele>2406.9113768578345</ele></trkpt><trkpt lat="39.29293" lon="-120.32150000000001"><ele>2409.0500271939854</ele></trkpt><trkpt lat="39.29282" lon="-120.32164999999998"><ele>2410.171326221859</ele></trkpt><trkpt lat="39.29255534451414" lon="-120.3217646840439"><ele>2412.837566833943</ele></trkpt><trkpt lat="39.292558874850606" lon="-120.32176315426284"><ele>2412.624980162829</ele></trkpt><trkpt lat="39.29252" lon="-120.32177999999999"><ele>2413.0</ele></trkpt><trkpt lat="39.29238" lon="-120.32181000000003"><ele>2413.73366399901</ele></trkpt><trkpt lat="39.29215" lon="-120.32193000000001"><ele>2416.352656844473</ele></trkpt><trkpt lat="39.29206" lon="-120.32202000000001"><ele>2418.6303662548125</ele></trkpt><trkpt lat="39.2917" lon="-120.32214999999997"><ele>2419.8885155571625</ele></trkpt><trkpt lat="39.29153" lon="-120.32216"><ele>2420.0</ele></trkpt><trkpt lat="39.29144" lon="-120.32213000000002"><ele>2420.0</ele></trkpt><trkpt lat="39.29138" lon="-120.32214999999997"><ele>2419.0</ele></trkpt><trkpt lat="39.29129" lon="-120.32227"><ele>2418.0</ele></trkpt><trkpt lat="39.29129" lon="-120.32227"><ele>2418.0</ele></trkpt><trkpt lat="39.29101" lon="-120.32249999999999"><ele>2421.4226666665636</ele></trkpt><trkpt lat="39.29084" lon="-120.32252"><ele>2422.3547342224047</ele></trkpt><trkpt lat="39.29075" lon="-120.32259999999997"><ele>2423.0830044434406</ele></trkpt><trkpt lat="39.29071" lon="-120.32274000000001"><ele>2425.0</ele></trkpt><trkpt lat="39.29071" lon="-120.32285999999999"><ele>2425.0</ele></trkpt><trkpt lat="39.29066" lon="-120.32299"><ele>2427.258321778383</ele></trkpt><trkpt lat="39.29032" lon="-120.32319000000001"><ele>2429.323422751989</ele></trkpt><trkpt lat="39.28983" lon="-120.32339000000002"><ele>2432.0479088716334</ele></trkpt><trkpt lat="39.28969" lon="-120.32351"><ele>2434.0</ele></trkpt><trkpt lat="39.28924" lon="-120.32346000000001"><ele>2431.1619093343616</ele></trkpt><trkpt lat="39.28901" lon="-120.32355000000001"><ele>2431.7124266689643</ele></trkpt><trkpt lat="39.28881" lon="-120.32355999999999"><ele>2432.1876119491644</ele></trkpt><trkpt lat="39.28877" lon="-120.32348000000002"><ele>2432.072730575923</ele></trkpt><trkpt lat="39.28869" lon="-120.32342"><ele>2433.7128076261647</ele></trkpt><trkpt lat="39.28835" lon="-120.32330000000002"><ele>2434.7053688899614</ele></trkpt><trkpt lat="39.28769" lon="-120.32342"><ele>2438.297774222214</ele></trkpt><trkpt lat="39.28741" lon="-120.32335"><ele>2440.035537777934</ele></trkpt><trkpt lat="39.28675" lon="-120.32285999999999"><ele>2436.1998826665804</ele></trkpt><trkpt lat="39.28648" lon="-120.32241999999997"><ele>2432.459271969028</ele></trkpt><trkpt lat="39.28635" lon="-120.32227"><ele>2434.4889355059713</ele></trkpt><trkpt lat="39.28635" lon="-120.32227"><ele>2434.4889355059713</ele></trkpt><trkpt lat="39.28628" lon="-120.32222999999999"><ele>2436.543512391858</ele></trkpt><trkpt lat="39.28616" lon="-120.32200999999998"><ele>2436.5161690013483</ele></trkpt><trkpt lat="39.28616" lon="-120.32200999999998"><ele>2436.5161690013483</ele></trkpt><trkpt lat="39.28616" lon="-120.32200999999998"><ele>2436.5161690013483</ele></trkpt><trkpt lat="39.28608" lon="-120.32164999999998"><ele>2431.0</ele></trkpt><trkpt lat="39.28578" lon="-120.32103000000001"><ele>2426.0</ele></trkpt><trkpt lat="39.28551" lon="-120.32076"><ele>2427.0</ele></trkpt><trkpt lat="39.2854" lon="-120.32056999999998"><ele>2429.0</ele></trkpt><trkpt lat="39.28516" lon="-120.32027"><ele>2434.0</ele></trkpt><trkpt lat="39.285021207047436" lon="-120.3201677315086"><ele>2436.0</ele></trkpt><trkpt lat="39.28504038707695" lon="-120.32018186411767"><ele>2435.6102955979295</ele></trkpt><trkpt lat="39.28497" lon="-120.32013"><ele>2436.0</ele></trkpt><trkpt lat="39.2849" lon="-120.32002"><ele>2437.0</ele></trkpt><trkpt lat="39.28461" lon="-120.31975"><ele>2437.0674575003377</ele></trkpt><trkpt lat="39.28434" lon="-120.31954000000002"><ele>2433.2444683847807</ele></trkpt><trkpt lat="39.28418" lon="-120.31948"><ele>2430.953199254108</ele></trkpt><trkpt lat="39.28352" lon="-120.31950999999998"><ele>2423.0785671104677</ele></trkpt><trkpt lat="39.28329" lon="-120.31961000000001"><ele>2420.808631516747</ele></trkpt><trkpt lat="39.28329" lon="-120.31961000000001"><ele>2420.808631516747</ele></trkpt><trkpt lat="39.28284" lon="-120.31992000000002"><ele>2415.0321745415604</ele></trkpt><trkpt lat="39.28274" lon="-120.32002999999997"><ele>2412.1521544847637</ele></trkpt><trkpt lat="39.28279" lon="-120.31961999999999"><ele>2408.0333208137154</ele></trkpt><trkpt lat="39.28287" lon="-120.31936999999999"><ele>2403.5426184915127</ele></trkpt><trkpt lat="39.28295" lon="-120.31927000000002"><ele>2402.8937564454973</ele></trkpt><trkpt lat="39.28329" lon="-120.31903"><ele>2398.708945777733</ele></trkpt><trkpt lat="39.28329" lon="-120.31903"><ele>2398.708945777733</ele></trkpt><trkpt lat="39.28376" lon="-120.31852000000003"><ele>2391.9412231128663</ele></trkpt><trkpt lat="39.28418" lon="-120.31812000000002"><ele>2387.0</ele></trkpt><trkpt lat="39.28428" lon="-120.31790000000001"><ele>2383.047128889244</ele></trkpt><trkpt lat="39.28424" lon="-120.31785000000002"><ele>2381.716960001737</ele></trkpt><trkpt lat="39.28396" lon="-120.31772999999998"><ele>2377.0</ele></trkpt><trkpt lat="39.28379" lon="-120.31756999999999"><ele>2373.0</ele></trkpt><trkpt lat="39.28361" lon="-120.31709000000001"><ele>2371.0</ele></trkpt><trkpt lat="39.28329" lon="-120.31655"><ele>2370.0</ele></trkpt><trkpt lat="39.28329" lon="-120.31655"><ele>2370.0</ele></trkpt><trkpt lat="39.28314" lon="-120.31594000000001"><ele>2356.0</ele></trkpt><trkpt lat="39.28267" lon="-120.31519000000003"><ele>2363.2949861107295</ele></trkpt><trkpt lat="39.28253" lon="-120.31504000000001"><ele>2364.6256256853467</ele></trkpt><trkpt lat="39.28233" lon="-120.31464"><ele>2364.0</ele></trkpt><trkpt lat="39.28205" lon="-120.31417999999996"><ele>2366.0</ele></trkpt><trkpt lat="39.28177" lon="-120.31375000000003"><ele>2367.0</ele></trkpt><trkpt lat="39.28168" lon="-120.31369000000001"><ele>2366.0</ele></trkpt><trkpt lat="39.28142" lon="-120.31342999999998"><ele>2366.0</ele></trkpt><trkpt lat="39.28103" lon="-120.31310000000002"><ele>2370.0</ele></trkpt><trkpt lat="39.28064" lon="-120.31285000000003"><ele>2374.0</ele></trkpt><trkpt lat="39.28047" lon="-120.31281999999999"><ele>2374.698030222673</ele></trkpt><trkpt lat="39.28003" lon="-120.31261"><ele>2379.0</ele></trkpt><trkpt lat="39.27955" lon="-120.31231000000002"><ele>2381.514295499026</ele></trkpt><trkpt lat="39.27927" lon="-120.31204000000002"><ele>2384.0486648874357</ele></trkpt><trkpt lat="39.27876" lon="-120.31182000000001"><ele>2386.0</ele></trkpt><trkpt lat="39.27806" lon="-120.31175000000002"><ele>2389.5636444436386</ele></trkpt><trkpt lat="39.27789" lon="-120.31166999999999"><ele>2391.893645247957</ele></trkpt><trkpt lat="39.2776" lon="-120.31144999999998"><ele>2395.0</ele></trkpt><trkpt lat="39.27702" lon="-120.31115"><ele>2401.0</ele></trkpt><trkpt lat="39.27694" lon="-120.31103999999999"><ele>2402.6520426673815</ele></trkpt><trkpt lat="39.27648" lon="-120.31085999999999"><ele>2407.0</ele></trkpt><trkpt lat="39.27557" lon="-120.31010000000003"><ele>2417.4592177760787</ele></trkpt><trkpt lat="39.27482" lon="-120.30995999999999"><ele>2419.983690666966</ele></trkpt><trkpt lat="39.27367" lon="-120.30979000000002"><ele>2433.0</ele></trkpt><trkpt lat="39.27347" lon="-120.30977999999999"><ele>2435.3519394439886</ele></trkpt><trkpt lat="39.27311" lon="-120.30966000000001"><ele>2439.964703998994</ele></trkpt><trkpt lat="39.27301" lon="-120.30957000000001"><ele>2441.0</ele></trkpt><trkpt lat="39.27293" lon="-120.30939999999998"><ele>2442.0</ele></trkpt><trkpt lat="39.27288" lon="-120.30919"><ele>2442.0</ele></trkpt><trkpt lat="39.27279" lon="-120.30845999999997"><ele>2442.0</ele></trkpt><trkpt lat="39.27273" lon="-120.30827999999997"><ele>2441.0</ele></trkpt><trkpt lat="39.2726" lon="-120.30797000000001"><ele>2438.0</ele></trkpt><trkpt lat="39.27241" lon="-120.30766"><ele>2436.0</ele></trkpt><trkpt lat="39.27224" lon="-120.30745999999999"><ele>2436.0</ele></trkpt><trkpt lat="39.27212" lon="-120.30727999999999"><ele>2437.8807431114838</ele></trkpt><trkpt lat="39.27211" lon="-120.30713000000003"><ele>2439.182519098744</ele></trkpt><trkpt lat="39.272" lon="-120.30689000000001"><ele>2442.0</ele></trkpt><trkpt lat="39.27195" lon="-120.30683999999997"><ele>2443.0</ele></trkpt><trkpt lat="39.2719" lon="-120.30662999999998"><ele>2444.093496711016</ele></trkpt><trkpt lat="39.27191" lon="-120.30646000000002"><ele>2444.0</ele></trkpt><trkpt lat="39.27184" lon="-120.30606999999998"><ele>2444.142649643123</ele></trkpt><trkpt lat="39.27178" lon="-120.30596000000003"><ele>2446.8237619057572</ele></trkpt><trkpt lat="39.27168" lon="-120.30592000000001"><ele>2445.738663112279</ele></trkpt><trkpt lat="39.27159" lon="-120.30581000000001"><ele>2441.6122915558517</ele></trkpt><trkpt lat="39.27153565762967" lon="-120.3056988451516"><ele>2438.4321001637727</ele></trkpt><trkpt lat="39.27153438069663" lon="-120.30569623310964"><ele>2438.310370185878</ele></trkpt><trkpt lat="39.27137" lon="-120.30536000000001"><ele>2436.233819931743</ele></trkpt><trkpt lat="39.27122" lon="-120.30518999999998"><ele>2436.8294331275874</ele></trkpt><trkpt lat="39.27105" lon="-120.30488000000003"><ele>2438.7292384591556</ele></trkpt><trkpt lat="39.27089" lon="-120.30466999999999"><ele>2440.0</ele></trkpt><trkpt lat="39.27079" lon="-120.30444999999997"><ele>2441.0</ele></trkpt><trkpt lat="39.27038" lon="-120.30405000000002"><ele>2446.448257440701</ele></trkpt><trkpt lat="39.27005" lon="-120.30358000000001"><ele>2452.054282710547</ele></trkpt><trkpt lat="39.26993" lon="-120.30347999999998"><ele>2451.998667514589</ele></trkpt><trkpt lat="39.26924" lon="-120.30333999999999"><ele>2456.996103110723</ele></trkpt><trkpt lat="39.27002" lon="-120.30309"><ele>2468.1488959998824</ele></trkpt><trkpt lat="39.2702" lon="-120.30309"><ele>2471.1488959998824</ele></trkpt><trkpt lat="39.27042" lon="-120.30318"><ele>2472.974867891733</ele></trkpt><trkpt lat="39.2705" lon="-120.30315999999999"><ele>2472.7376235034317</ele></trkpt><trkpt lat="39.27041" lon="-120.30311"><ele>2475.0</ele></trkpt><trkpt lat="39.27023" lon="-120.30286999999998"><ele>2478.406968123064</ele></trkpt><trkpt lat="39.27009" lon="-120.30279999999999"><ele>2479.6638755556196</ele></trkpt><trkpt lat="39.26995" lon="-120.30277000000001"><ele>2481.061976888217</ele></trkpt><trkpt lat="39.26944" lon="-120.30279000000002"><ele>2485.129909332376</ele></trkpt><trkpt lat="39.26933" lon="-120.30276000000003"><ele>2487.0891686642976</ele></trkpt><trkpt lat="39.26925" lon="-120.30270000000002"><ele>2489.3242133324966</ele></trkpt><trkpt lat="39.26907" lon="-120.30241000000001"><ele>2492.1509653187127</ele></trkpt><trkpt lat="39.26902" lon="-120.30222000000003"><ele>2494.86388288904</ele></trkpt><trkpt lat="39.26898" lon="-120.30203"><ele>2494.762173574418</ele></trkpt><trkpt lat="39.26897" lon="-120.30182000000002"><ele>2494.7185127026323</ele></trkpt><trkpt lat="39.26901" lon="-120.30160999999998"><ele>2492.8781048879027</ele></trkpt><trkpt lat="39.26899" lon="-120.30151000000001"><ele>2491.0</ele></trkpt><trkpt lat="39.2685" lon="-120.30079999999998"><ele>2487.7555205931985</ele></trkpt><trkpt lat="39.26811" lon="-120.30036999999999"><ele>2489.9452624613114</ele></trkpt><trkpt lat="39.26795" lon="-120.30029000000002"><ele>2488.638353777118</ele></trkpt><trkpt lat="39.26795" lon="-120.30029000000002"><ele>2488.638353777118</ele></trkpt><trkpt lat="39.26739" lon="-120.30005"><ele>2491.8231644444168</ele></trkpt><trkpt lat="39.26716" lon="-120.30000000000001"><ele>2492.1533333323896</ele></trkpt><trkpt lat="39.267" lon="-120.29989999999998"><ele>2493.920641803837</ele></trkpt><trkpt lat="39.26647" lon="-120.29973999999999"><ele>2502.0</ele></trkpt><trkpt lat="39.26628" lon="-120.29975000000002"><ele>2501.8041777764447</ele></trkpt><trkpt lat="39.26628" lon="-120.29975000000002"><ele>2501.8041777764447</ele></trkpt><trkpt lat="39.26606" lon="-120.29971"><ele>2500.6683128885925</ele></trkpt><trkpt lat="39.26597" lon="-120.29964999999999"><ele>2502.0</ele></trkpt><trkpt lat="39.2658" lon="-120.29930999999999"><ele>2505.6502004680224</ele></trkpt><trkpt lat="39.26519" lon="-120.29868999999997"><ele>2505.8260426623747</ele></trkpt><trkpt lat="39.26503" lon="-120.29831999999999"><ele>2507.991320418194</ele></trkpt><trkpt lat="39.26481" lon="-120.29764999999998"><ele>2506.748780786991</ele></trkpt><trkpt lat="39.26465" lon="-120.29739000000001"><ele>2505.0928983611702</ele></trkpt><trkpt lat="39.26423" lon="-120.29703"><ele>2503.0</ele></trkpt><trkpt lat="39.26398" lon="-120.29694999999998"><ele>2502.2936355560087</ele></trkpt><trkpt lat="39.26344" lon="-120.29696000000001"><ele>2499.0</ele></trkpt><trkpt lat="39.26321" lon="-120.29691000000003"><ele>2500.157770664897</ele></trkpt><trkpt lat="39.26308" lon="-120.29692"><ele>2499.691736888606</ele></trkpt><trkpt lat="39.26291" lon="-120.29683999999997"><ele>2500.0</ele></trkpt><trkpt lat="39.26291" lon="-120.29683999999997"><ele>2500.0</ele></trkpt><trkpt lat="39.26291" lon="-120.29683999999997"><ele>2500.0</ele></trkpt><trkpt lat="39.26243" lon="-120.29714000000001"><ele>2504.4389937771484</ele></trkpt><trkpt lat="39.26162" lon="-120.29739999999998"><ele>2512.0</ele></trkpt><trkpt lat="39.2611" lon="-120.29790000000003"><ele>2512.5827582874335</ele></trkpt><trkpt lat="39.26069" lon="-120.29852"><ele>2515.366525358986</ele></trkpt><trkpt lat="39.26062" lon="-120.29877999999997"><ele>2514.458638879558</ele></trkpt><trkpt lat="39.26041" lon="-120.29890999999998"><ele>2516.0442986497656</ele></trkpt><trkpt lat="39.26031" lon="-120.29908"><ele>2517.1374771810365</ele></trkpt><trkpt lat="39.26017" lon="-120.29944999999998"><ele>2517.439652647189</ele></trkpt><trkpt lat="39.25969" lon="-120.30029000000002"><ele>2515.7936783639275</ele></trkpt><trkpt lat="39.25969" lon="-120.30029000000002"><ele>2515.7936783639275</ele></trkpt><trkpt lat="39.25964" lon="-120.30039"><ele>2516.4292860965643</ele></trkpt><trkpt lat="39.2593745427308" lon="-120.30072396237097"><ele>2518.658190759327</ele></trkpt><trkpt lat="39.259326984461396" lon="-120.30078283815737"><ele>2518.762358309944</ele></trkpt><trkpt lat="39.25916" lon="-120.30093999999997"><ele>2518.3461582236923</ele></trkpt><trkpt lat="39.25874" lon="-120.30110000000002"><ele>2516.0</ele></trkpt><trkpt lat="39.25855" lon="-120.30110000000002"><ele>2514.889617776964</ele></trkpt><trkpt lat="39.2581" lon="-120.30093"><ele>2513.812191999983</ele></trkpt><trkpt lat="39.25786" lon="-120.30092000000002"><ele>2511.704536336474</ele></trkpt><trkpt lat="39.2576" lon="-120.30083000000002"><ele>2512.47252977686</ele></trkpt><trkpt lat="39.25729" lon="-120.30069000000003"><ele>2512.997361413763</ele></trkpt><trkpt lat="39.25704" lon="-120.30048"><ele>2512.057221421369</ele></trkpt><trkpt lat="39.25689" lon="-120.30029000000002"><ele>2512.045033607632</ele></trkpt><trkpt lat="39.25689" lon="-120.30029000000002"><ele>2512.045033607632</ele></trkpt><trkpt lat="39.25671" lon="-120.30007"><ele>2508.9141280931062</ele></trkpt><trkpt lat="39.25644" lon="-120.29955999999999"><ele>2512.9867657234995</ele></trkpt><trkpt lat="39.25628" lon="-120.29897"><ele>2519.0</ele></trkpt><trkpt lat="39.25629" lon="-120.29859999999996"><ele>2520.9333078712225</ele></trkpt><trkpt lat="39.25626" lon="-120.29852"><ele>2520.127729697153</ele></trkpt><trkpt lat="39.25628" lon="-120.29827"><ele>2523.331448394805</ele></trkpt><trkpt lat="39.25637" lon="-120.29777999999999"><ele>2528.1353547796607</ele></trkpt><trkpt lat="39.25639" lon="-120.29746"><ele>2529.9771999023214</ele></trkpt><trkpt lat="39.25634" lon="-120.29708"><ele>2532.9426065459847</ele></trkpt><trkpt lat="39.25614" lon="-120.29597000000001"><ele>2535.9966847372593</ele></trkpt><trkpt lat="39.25603" lon="-120.29559"><ele>2538.0520598679764</ele></trkpt><trkpt lat="39.25603" lon="-120.29543000000001"><ele>2541.3222573560333</ele></trkpt><trkpt lat="39.2561" lon="-120.29552999999999"><ele>2544.2342715996583</ele></trkpt><trkpt lat="39.2561" lon="-120.29543000000001"><ele>2545.6287622596137</ele></trkpt><trkpt lat="39.25606" lon="-120.29530999999997"><ele>2547.090561611578</ele></trkpt><trkpt lat="39.25605" lon="-120.29506000000003"><ele>2550.1827848930407</ele></trkpt><trkpt lat="39.25597" lon="-120.29484000000002"><ele>2552.300609841943</ele></trkpt><trkpt lat="39.25582" lon="-120.29455000000002"><ele>2555.091566216661</ele></trkpt><trkpt lat="39.25566" lon="-120.29410999999999"><ele>2559.0105682399017</ele></trkpt><trkpt lat="39.25537" lon="-120.29359"><ele>2563.4956379532623</ele></trkpt><trkpt lat="39.25487" lon="-120.29311000000001"><ele>2566.117815361179</ele></trkpt><trkpt lat="39.25471" lon="-120.29302000000001"><ele>2567.4449102212675</ele></trkpt><trkpt lat="39.25439" lon="-120.29293000000001"><ele>2572.639214221388</ele></trkpt><trkpt lat="39.25456" lon="-120.29278"><ele>2575.699001795501</ele></trkpt><trkpt lat="39.25466" lon="-120.29273"><ele>2576.9598897774704</ele></trkpt><trkpt lat="39.2543" lon="-120.29251"><ele>2585.0</ele></trkpt><trkpt lat="39.2542" lon="-120.29239999999999"><ele>2587.3390044448897</ele></trkpt><trkpt lat="39.25417" lon="-120.29228"><ele>2590.0</ele></trkpt><trkpt lat="39.25409" lon="-120.29217"><ele>2592.0</ele></trkpt><trkpt lat="39.2541" lon="-120.29209000000003"><ele>2593.0</ele></trkpt><trkpt lat="39.25406" lon="-120.29203000000001"><ele>2594.0</ele></trkpt><trkpt lat="39.25405" lon="-120.29192"><ele>2594.7086257776245</ele></trkpt><trkpt lat="39.25382" lon="-120.29170999999997"><ele>2593.0</ele></trkpt><trkpt lat="39.25375" lon="-120.29147"><ele>2594.0</ele></trkpt><trkpt lat="39.25376" lon="-120.29133000000002"><ele>2595.0</ele></trkpt><trkpt lat="39.25374" lon="-120.29118"><ele>2596.0901325078776</ele></trkpt><trkpt lat="39.2533" lon="-120.29002000000003"><ele>2605.0</ele></trkpt><trkpt lat="39.25315" lon="-120.28973000000002"><ele>2603.219317515145</ele></trkpt><trkpt lat="39.25256" lon="-120.28911"><ele>2603.0</ele></trkpt><trkpt lat="39.25237" lon="-120.28884"><ele>2606.0</ele></trkpt><trkpt lat="39.25224" lon="-120.28856999999999"><ele>2607.0</ele></trkpt><trkpt lat="39.25175" lon="-120.28798"><ele>2618.529547969981</ele></trkpt><trkpt lat="39.2516" lon="-120.28787"><ele>2622.4523057779297</ele></trkpt><trkpt lat="39.25134" lon="-120.2878"><ele>2622.721210931425</ele></trkpt><trkpt lat="39.25123" lon="-120.28764999999999"><ele>2626.0</ele></trkpt><trkpt lat="39.25074" lon="-120.28757000000002"><ele>2630.03705139576</ele></trkpt><trkpt lat="39.25013" lon="-120.28739000000002"><ele>2637.0</ele></trkpt><trkpt lat="39.24966" lon="-120.28737999999998"><ele>2644.0</ele></trkpt><trkpt lat="39.24959" lon="-120.28732000000002"><ele>2645.0</ele></trkpt><trkpt lat="39.24941" lon="-120.28696000000002"><ele>2641.8742725048214</ele></trkpt><trkpt lat="39.24927" lon="-120.28683000000001"><ele>2640.0</ele></trkpt><trkpt lat="39.24927" lon="-120.28683000000001"><ele>2640.0</ele></trkpt><trkpt lat="39.24888" lon="-120.28647000000001"><ele>2644.0</ele></trkpt><trkpt lat="39.24839" lon="-120.28625999999997"><ele>2648.0</ele></trkpt><trkpt lat="39.24792" lon="-120.28619000000003"><ele>2653.0</ele></trkpt><trkpt lat="39.24779" lon="-120.28607999999997"><ele>2654.6162775550038</ele></trkpt><trkpt lat="39.24711" lon="-120.2853"><ele>2658.0</ele></trkpt><trkpt lat="39.24625" lon="-120.28442999999999"><ele>2674.0</ele></trkpt><trkpt lat="39.24621427060734" lon="-120.28437562918509"><ele>2674.0</ele></trkpt><trkpt lat="39.24621427060734" lon="-120.28437562918509"><ele>2674.0</ele></trkpt><trkpt lat="39.24602" lon="-120.28408000000002"><ele>2670.931267879992</ele></trkpt><trkpt lat="39.24592" lon="-120.28370999999999"><ele>2665.100877658828</ele></trkpt><trkpt lat="39.24591" lon="-120.2835"><ele>2663.0</ele></trkpt><trkpt lat="39.24574" lon="-120.28314"><ele>2661.111524986117</ele></trkpt><trkpt lat="39.24543" lon="-120.28280999999998"><ele>2657.7346026659943</ele></trkpt><trkpt lat="39.24497" lon="-120.28192000000001"><ele>2646.0</ele></trkpt><trkpt lat="39.24487" lon="-120.28156000000001"><ele>2641.4803804457188</ele></trkpt><trkpt lat="39.24482" lon="-120.28079000000002"><ele>2633.0</ele></trkpt><trkpt lat="39.24469" lon="-120.28052000000002"><ele>2630.0</ele></trkpt><trkpt lat="39.24469" lon="-120.28052000000002"><ele>2630.0</ele></trkpt><trkpt lat="39.24449" lon="-120.28035"><ele>2626.0</ele></trkpt><trkpt lat="39.24441" lon="-120.28025000000002"><ele>2623.9847635943443</ele></trkpt><trkpt lat="39.24402" lon="-120.27994000000001"><ele>2615.5162836965173</ele></trkpt><trkpt lat="39.2437" lon="-120.27978000000002"><ele>2610.123235505568</ele></trkpt><trkpt lat="39.24316" lon="-120.27960999999999"><ele>2600.3033901095155</ele></trkpt><trkpt lat="39.24304" lon="-120.27960000000002"><ele>2597.8622399987653</ele></trkpt><trkpt lat="39.24245" lon="-120.27981999999997"><ele>2586.6094968901016</ele></trkpt><trkpt lat="39.24206" lon="-120.27976000000001"><ele>2581.2329137563383</ele></trkpt><trkpt lat="39.24205" lon="-120.27978000000002"><ele>2580.4736319989897</ele></trkpt><trkpt lat="39.24208" lon="-120.27983999999998"><ele>2578.9282535202406</ele></trkpt><trkpt lat="39.24231" lon="-120.28003999999999"><ele>2574.3567537781782</ele></trkpt><trkpt lat="39.24251" lon="-120.28026999999997"><ele>2569.0</ele></trkpt><trkpt lat="39.24266" lon="-120.28030999999999"><ele>2567.5250538983196</ele></trkpt><trkpt lat="39.24271" lon="-120.28037"><ele>2566.9930058884606</ele></trkpt><trkpt lat="39.24272" lon="-120.28066999999999"><ele>2562.28798476647</ele></trkpt><trkpt lat="39.24276" lon="-120.28078"><ele>2560.9605485574075</ele></trkpt><trkpt lat="39.24284" lon="-120.28093999999999"><ele>2559.509882789105</ele></trkpt><trkpt lat="39.24277" lon="-120.28118"><ele>2556.0687730875798</ele></trkpt><trkpt lat="39.24246" lon="-120.28194000000002"><ele>2545.0</ele></trkpt><trkpt lat="39.24225" lon="-120.28226000000001"><ele>2539.0071302726865</ele></trkpt><trkpt lat="39.24176" lon="-120.28274999999996"><ele>2526.0</ele></trkpt><trkpt lat="39.24161" lon="-120.28295000000003"><ele>2524.6265796835396</ele></trkpt><trkpt lat="39.2415" lon="-120.28304000000003"><ele>2522.4533795570023</ele></trkpt><trkpt lat="39.24132" lon="-120.28309999999999"><ele>2519.295352982357</ele></trkpt><trkpt lat="39.2409" lon="-120.28341999999998"><ele>2510.7731419112533</ele></trkpt><trkpt lat="39.24077" lon="-120.28359"><ele>2508.0</ele></trkpt><trkpt lat="39.24055" lon="-120.28370999999999"><ele>2502.7127334531397</ele></trkpt><trkpt lat="39.24049" lon="-120.28388999999999"><ele>2502.006783291096</ele></trkpt><trkpt lat="39.24039" lon="-120.28404"><ele>2500.0</ele></trkpt><trkpt lat="39.24031452161257" lon="-120.28410469576067"><ele>2497.543446807191</ele></trkpt><trkpt lat="39.240299086421814" lon="-120.28411792595142"><ele>2496.614676853642</ele></trkpt><trkpt lat="39.24025" lon="-120.28415999999999"><ele>2495.429121456472</ele></trkpt><trkpt lat="39.24023" lon="-120.28433999999999"><ele>2494.457594819367</ele></trkpt><trkpt lat="39.24001" lon="-120.28480000000002"><ele>2489.0</ele></trkpt><trkpt lat="39.23976" lon="-120.28521"><ele>2483.1767691895366</ele></trkpt><trkpt lat="39.23962" lon="-120.28530999999998"><ele>2480.812828332967</ele></trkpt><trkpt lat="39.23946" lon="-120.28537"><ele>2478.1596100981196</ele></trkpt><trkpt lat="39.23928" lon="-120.28557999999998"><ele>2475.877200130111</ele></trkpt><trkpt lat="39.23922" lon="-120.28573"><ele>2473.684139603749</ele></trkpt><trkpt lat="39.23921" lon="-120.28598999999997"><ele>2470.0</ele></trkpt><trkpt lat="39.23899" lon="-120.28580999999997"><ele>2467.384589825354</ele></trkpt><trkpt lat="39.23883" lon="-120.28557"><ele>2464.718320996833</ele></trkpt><trkpt lat="39.23882" lon="-120.28548999999998"><ele>2465.0</ele></trkpt><trkpt lat="39.23887" lon="-120.28539"><ele>2463.6063307613713</ele></trkpt><trkpt lat="39.23892" lon="-120.28514999999999"><ele>2461.497691034493</ele></trkpt><trkpt lat="39.23893" lon="-120.28490999999997"><ele>2459.0</ele></trkpt><trkpt lat="39.23872" lon="-120.28445999999997"><ele>2454.0</ele></trkpt><trkpt lat="39.23856" lon="-120.28397000000001"><ele>2450.0</ele></trkpt><trkpt lat="39.23841" lon="-120.28368999999998"><ele>2448.0</ele></trkpt><trkpt lat="39.2384" lon="-120.28352999999998"><ele>2448.3439581226557</ele></trkpt><trkpt lat="39.23844" lon="-120.28331000000003"><ele>2447.0272470790333</ele></trkpt><trkpt lat="39.2385" lon="-120.28314"><ele>2445.0410545213344</ele></trkpt><trkpt lat="39.23867" lon="-120.28291999999999"><ele>2443.943006626324</ele></trkpt><trkpt lat="39.23886" lon="-120.28280999999998"><ele>2442.7346026659943</ele></trkpt><trkpt lat="39.23905" lon="-120.2826"><ele>2439.9716034403405</ele></trkpt><trkpt lat="39.23907" lon="-120.28251999999998"><ele>2438.6584535520524</ele></trkpt><trkpt lat="39.23903" lon="-120.28242999999998"><ele>2437.0</ele></trkpt><trkpt lat="39.23895" lon="-120.28231"><ele>2435.248337606408</ele></trkpt><trkpt lat="39.23882" lon="-120.28205000000003"><ele>2436.421107569828</ele></trkpt><trkpt lat="39.23871" lon="-120.28199000000001"><ele>2432.9983811154952</ele></trkpt><trkpt lat="39.23853" lon="-120.28165999999999"><ele>2431.882661202527</ele></trkpt><trkpt lat="39.23838" lon="-120.28151000000003"><ele>2429.870900116884</ele></trkpt><trkpt lat="39.23825" lon="-120.28132"><ele>2429.0</ele></trkpt><trkpt lat="39.23778" lon="-120.28120000000001"><ele>2423.0113836764363</ele></trkpt><trkpt lat="39.23755" lon="-120.28098999999997"><ele>2422.2661547859148</ele></trkpt><trkpt lat="39.23734" lon="-120.28066999999999"><ele>2423.5617007764095</ele></trkpt><trkpt lat="39.23726" lon="-120.28044999999997"><ele>2424.812364634926</ele></trkpt><trkpt lat="39.23708" lon="-120.28012999999999"><ele>2423.0</ele></trkpt><trkpt lat="39.23697" lon="-120.28003999999999"><ele>2422.550290522733</ele></trkpt><trkpt lat="39.23683" lon="-120.27985999999999"><ele>2422.968723034828</ele></trkpt><trkpt lat="39.23656" lon="-120.27931999999998"><ele>2420.0</ele></trkpt><trkpt lat="39.23651" lon="-120.27927"><ele>2419.623053319752</ele></trkpt><trkpt lat="39.23641" lon="-120.27904000000001"><ele>2419.984298194115</ele></trkpt><trkpt lat="39.23622" lon="-120.27890000000002"><ele>2420.6586894942448</ele></trkpt><trkpt lat="39.236" lon="-120.27900999999997"><ele>2418.3582328902557</ele></trkpt><trkpt lat="39.23592" lon="-120.27900999999997"><ele>2418.0</ele></trkpt><trkpt lat="39.2357" lon="-120.27894000000003"><ele>2415.6204693312757</ele></trkpt><trkpt lat="39.23538" lon="-120.27902"><ele>2412.9603996596447</ele></trkpt><trkpt lat="39.23507" lon="-120.27921000000003"><ele>2409.0</ele></trkpt><trkpt lat="39.23468" lon="-120.27987000000002"><ele>2400.0</ele></trkpt><trkpt lat="39.23451" lon="-120.28001999999998"><ele>2400.2059851945814</ele></trkpt><trkpt lat="39.23427" lon="-120.28037999999998"><ele>2400.0</ele></trkpt><trkpt lat="39.23416" lon="-120.28046"><ele>2398.7833351106383</ele></trkpt><trkpt lat="39.23409" lon="-120.28046999999998"><ele>2398.0052772730373</ele></trkpt><trkpt lat="39.23393" lon="-120.28041000000002"><ele>2397.0442595087466</ele></trkpt><trkpt lat="39.23347" lon="-120.28032999999999"><ele>2391.0</ele></trkpt><trkpt lat="39.23332" lon="-120.28039000000001"><ele>2389.045571554918</ele></trkpt><trkpt lat="39.23328" lon="-120.28035999999997"><ele>2389.6004012655694</ele></trkpt><trkpt lat="39.23325" lon="-120.28028"><ele>2389.4767338912934</ele></trkpt><trkpt lat="39.23326" lon="-120.28008999999997"><ele>2389.1302066738717</ele></trkpt><trkpt lat="39.23323" lon="-120.27990999999997"><ele>2386.5750852142883</ele></trkpt><trkpt lat="39.23308" lon="-120.27951999999999"><ele>2384.2484948448837</ele></trkpt><trkpt lat="39.23287" lon="-120.27922000000001"><ele>2380.0</ele></trkpt><trkpt lat="39.23272" lon="-120.27915000000002"><ele>2377.490898136335</ele></trkpt><trkpt lat="39.2326" lon="-120.27904000000001"><ele>2376.354187565253</ele></trkpt><trkpt lat="39.23252" lon="-120.27891"><ele>2375.0</ele></trkpt><trkpt lat="39.23248" lon="-120.27876000000003"><ele>2374.149025691673</ele></trkpt><trkpt lat="39.23241" lon="-120.27876000000003"><ele>2373.0</ele></trkpt><trkpt lat="39.23225" lon="-120.27866"><ele>2373.0</ele></trkpt><trkpt lat="39.23225" lon="-120.27866"><ele>2373.0</ele></trkpt><trkpt lat="39.23204" lon="-120.27846999999997"><ele>2373.0</ele></trkpt><trkpt lat="39.23192" lon="-120.27832000000001"><ele>2373.0</ele></trkpt><trkpt lat="39.23192" lon="-120.27832000000001"><ele>2373.0</ele></trkpt><trkpt lat="39.23175" lon="-120.27819"><ele>2371.1308859119426</ele></trkpt><trkpt lat="39.23145" lon="-120.27816000000001"><ele>2369.0</ele></trkpt><trkpt lat="39.23138" lon="-120.27814000000001"><ele>2368.967467257753</ele></trkpt><trkpt lat="39.23135" lon="-120.27809000000002"><ele>2368.1625301968306</ele></trkpt><trkpt lat="39.23129" lon="-120.27755000000002"><ele>2364.3320568112767</ele></trkpt><trkpt lat="39.23131" lon="-120.27738999999997"><ele>2364.0</ele></trkpt><trkpt lat="39.23136" lon="-120.27726000000001"><ele>2362.085856000893</ele></trkpt><trkpt lat="39.23127" lon="-120.27706999999998"><ele>2361.349368473515</ele></trkpt><trkpt lat="39.2312" lon="-120.27674000000002"><ele>2359.0</ele></trkpt><trkpt lat="39.23115" lon="-120.2767"><ele>2358.0</ele></trkpt><trkpt lat="39.23094" lon="-120.27665000000002"><ele>2356.0</ele></trkpt><trkpt lat="39.23074" lon="-120.27654999999999"><ele>2355.0</ele></trkpt><trkpt lat="39.23047" lon="-120.27688999999998"><ele>2360.0</ele></trkpt><trkpt lat="39.23027" lon="-120.27705000000003"><ele>2359.0</ele></trkpt><trkpt lat="39.23015" lon="-120.27710000000002"><ele>2360.0</ele></trkpt><trkpt lat="39.23007" lon="-120.27723000000003"><ele>2359.0</ele></trkpt><trkpt lat="39.22942" lon="-120.27708999999999"><ele>2350.8443164098026</ele></trkpt><trkpt lat="39.22904" lon="-120.27681999999999"><ele>2347.5268208329226</ele></trkpt><trkpt lat="39.22915" lon="-120.27714000000003"><ele>2341.902584019139</ele></trkpt><trkpt lat="39.22894" lon="-120.27706999999998"><ele>2336.0</ele></trkpt><trkpt lat="39.2291" lon="-120.27731"><ele>2332.378424826078</ele></trkpt><trkpt lat="39.22902" lon="-120.27731"><ele>2331.0</ele></trkpt><trkpt lat="39.22868" lon="-120.27711999999997"><ele>2327.23080987665</ele></trkpt><trkpt lat="39.22845" lon="-120.27692000000002"><ele>2325.0</ele></trkpt><trkpt lat="39.22838" lon="-120.27693"><ele>2325.0</ele></trkpt><trkpt lat="39.22832" lon="-120.27690000000001"><ele>2323.0</ele></trkpt><trkpt lat="39.22829" lon="-120.27690999999999"><ele>2322.274133140454</ele></trkpt><trkpt lat="39.22834" lon="-120.27708999999999"><ele>2319.8483277016066</ele></trkpt><trkpt lat="39.22819" lon="-120.27715"><ele>2318.0405155555345</ele></trkpt><trkpt lat="39.22815" lon="-120.27714000000003"><ele>2316.830913658593</ele></trkpt><trkpt lat="39.22809" lon="-120.27697999999998"><ele>2317.0306338388473</ele></trkpt><trkpt lat="39.22793" lon="-120.27696000000003"><ele>2314.9575635621195</ele></trkpt><trkpt lat="39.22744" lon="-120.27647999999999"><ele>2320.7549022626376</ele></trkpt><trkpt lat="39.22719" lon="-120.27629999999999"><ele>2322.0</ele></trkpt><trkpt lat="39.22703" lon="-120.27625999999998"><ele>2323.1252748606107</ele></trkpt><trkpt lat="39.22688" lon="-120.27618000000001"><ele>2320.0</ele></trkpt><trkpt lat="39.2268" lon="-120.27627000000001"><ele>2316.0</ele></trkpt><trkpt lat="39.22677" lon="-120.27627999999999"><ele>2315.3617264566574</ele></trkpt><trkpt lat="39.22651" lon="-120.27611000000002"><ele>2310.480223958372</ele></trkpt><trkpt lat="39.22641" lon="-120.27614"><ele>2308.0</ele></trkpt><trkpt lat="39.22636" lon="-120.27607999999998"><ele>2306.995500803391</ele></trkpt><trkpt lat="39.22626" lon="-120.27602000000002"><ele>2305.0</ele></trkpt><trkpt lat="39.22614" lon="-120.27607"><ele>2302.0</ele></trkpt><trkpt lat="39.22604" lon="-120.27616"><ele>2300.1778595554642</ele></trkpt><trkpt lat="39.22586" lon="-120.27616"><ele>2299.0</ele></trkpt><trkpt lat="39.22581" lon="-120.27624000000003"><ele>2297.0</ele></trkpt><trkpt lat="39.22569" lon="-120.27627999999999"><ele>2295.8527848909303</ele></trkpt><trkpt lat="39.22541" lon="-120.27652999999998"><ele>2296.0</ele></trkpt><trkpt lat="39.22541" lon="-120.27652999999998"><ele>2296.0</ele></trkpt><trkpt lat="39.22540000000001" lon="-120.27668"><ele>2298.0447958752475</ele></trkpt><trkpt lat="39.22533" lon="-120.27665999999999"><ele>2300.1348355370546</ele></trkpt><trkpt lat="39.22537" lon="-120.27679999999998"><ele>2301.0</ele></trkpt><trkpt lat="39.22537" lon="-120.27679999999998"><ele>2301.0</ele></trkpt><trkpt lat="39.22537" lon="-120.27679999999998"><ele>2301.0</ele></trkpt><trkpt lat="39.22473" lon="-120.27656999999999"><ele>2310.0</ele></trkpt><trkpt lat="39.22446" lon="-120.27641"><ele>2312.823896074202</ele></trkpt><trkpt lat="39.22453" lon="-120.27654999999999"><ele>2315.0</ele></trkpt><trkpt lat="39.22398" lon="-120.27629999999999"><ele>2322.3466133335605</ele></trkpt><trkpt lat="39.22332" lon="-120.27623"><ele>2330.9370186386313</ele></trkpt><trkpt lat="39.22317" lon="-120.27634"><ele>2335.210748444777</ele></trkpt><trkpt lat="39.22333" lon="-120.27645000000001"><ele>2336.5556304284405</ele></trkpt><trkpt lat="39.22359" lon="-120.27675999999997"><ele>2341.0</ele></trkpt><trkpt lat="39.22383" lon="-120.27726000000001"><ele>2345.0</ele></trkpt><trkpt lat="39.22352" lon="-120.27715"><ele>2348.863212760451</ele></trkpt><trkpt lat="39.22356" lon="-120.27742"><ele>2351.2675905644974</ele></trkpt><trkpt lat="39.22321" lon="-120.27722"><ele>2356.0</ele></trkpt><trkpt lat="39.223" lon="-120.27717999999999"><ele>2358.0649469015625</ele></trkpt><trkpt lat="39.22272" lon="-120.27699000000001"><ele>2361.0129075528757</ele></trkpt><trkpt lat="39.22253" lon="-120.27693999999997"><ele>2363.251475657609</ele></trkpt><trkpt lat="39.2227" lon="-120.27715"><ele>2367.9594844444655</ele></trkpt><trkpt lat="39.2224" lon="-120.27710000000002"><ele>2372.6293155569583</ele></trkpt><trkpt lat="39.22222" lon="-120.27717000000001"><ele>2376.891552001238</ele></trkpt><trkpt lat="39.22233" lon="-120.27722"><ele>2377.221720888745</ele></trkpt><trkpt lat="39.22244" lon="-120.27733"><ele>2378.302713277237</ele></trkpt><trkpt lat="39.22257" lon="-120.27764000000002"><ele>2383.0</ele></trkpt><trkpt lat="39.22257" lon="-120.27771000000001"><ele>2383.0492280982435</ele></trkpt><trkpt lat="39.22254" lon="-120.27771999999999"><ele>2384.0</ele></trkpt><trkpt lat="39.22241" lon="-120.27765"><ele>2386.0</ele></trkpt><trkpt lat="39.22234" lon="-120.27758"><ele>2386.0</ele></trkpt><trkpt lat="39.22227" lon="-120.27744000000001"><ele>2386.5250723070562</ele></trkpt><trkpt lat="39.2219" lon="-120.27733"><ele>2384.0</ele></trkpt><trkpt lat="39.22182" lon="-120.27726000000001"><ele>2386.0</ele></trkpt><trkpt lat="39.22172" lon="-120.27720999999997"><ele>2388.0</ele></trkpt><trkpt lat="39.22148" lon="-120.27717999999999"><ele>2389.0</ele></trkpt><trkpt lat="39.22136" lon="-120.27722"><ele>2389.6526701078456</ele></trkpt><trkpt lat="39.22107" lon="-120.27706999999998"><ele>2393.0</ele></trkpt><trkpt lat="39.2208" lon="-120.27701000000002"><ele>2394.0</ele></trkpt><trkpt lat="39.2206" lon="-120.27690000000001"><ele>2395.0</ele></trkpt><trkpt lat="39.22032" lon="-120.27690999999999"><ele>2397.0</ele></trkpt><trkpt lat="39.22022" lon="-120.27688999999998"><ele>2397.507818298102</ele></trkpt><trkpt lat="39.22018" lon="-120.27696000000003"><ele>2396.981346566957</ele></trkpt><trkpt lat="39.22018" lon="-120.27710000000002"><ele>2395.3047328839684</ele></trkpt><trkpt lat="39.21992" lon="-120.27728000000002"><ele>2396.454061010938</ele></trkpt><trkpt lat="39.21985" lon="-120.27742"><ele>2396.6731789465994</ele></trkpt><trkpt lat="39.21954" lon="-120.27756"><ele>2398.2996230571025</ele></trkpt><trkpt lat="39.21944" lon="-120.27765"><ele>2399.826720234533</ele></trkpt><trkpt lat="39.21931" lon="-120.27762999999999"><ele>2402.0</ele></trkpt><trkpt lat="39.21911" lon="-120.27771000000001"><ele>2402.176668004554</ele></trkpt><trkpt lat="39.21895" lon="-120.27771000000001"><ele>2405.9426239994355</ele></trkpt><trkpt lat="39.21846" lon="-120.2776"><ele>2412.0198281226644</ele></trkpt><trkpt lat="39.21835" lon="-120.27762999999999"><ele>2413.9684924955322</ele></trkpt><trkpt lat="39.21818" lon="-120.27756999999997"><ele>2417.467096890323</ele></trkpt><trkpt lat="39.2179" lon="-120.27741000000003"><ele>2420.0</ele></trkpt><trkpt lat="39.21782" lon="-120.2774"><ele>2422.0</ele></trkpt><trkpt lat="39.21763" lon="-120.27726000000001"><ele>2426.2819389715723</ele></trkpt><trkpt lat="39.21759" lon="-120.27733999999998"><ele>2427.6911287990533</ele></trkpt><trkpt lat="39.21756" lon="-120.27729999999997"><ele>2428.4539381422064</ele></trkpt><trkpt lat="39.2175" lon="-120.27744000000001"><ele>2428.5598913268186</ele></trkpt><trkpt lat="39.21743" lon="-120.27753000000001"><ele>2429.4951077119963</ele></trkpt><trkpt lat="39.21735" lon="-120.27756999999997"><ele>2431.0267405890127</ele></trkpt><trkpt lat="39.21724" lon="-120.27749"><ele>2434.0</ele></trkpt><trkpt lat="39.21717" lon="-120.27738"><ele>2434.0</ele></trkpt><trkpt lat="39.21704" lon="-120.27728000000002"><ele>2432.9873728555667</ele></trkpt><trkpt lat="39.21672" lon="-120.27729"><ele>2434.9773455925097</ele></trkpt><trkpt lat="39.21647" lon="-120.27720999999997"><ele>2438.993324814143</ele></trkpt><trkpt lat="39.21638" lon="-120.27723000000003"><ele>2438.3122453321703</ele></trkpt><trkpt lat="39.21613" lon="-120.27717999999999"><ele>2441.0</ele></trkpt><trkpt lat="39.21597" lon="-120.27711"><ele>2443.0</ele></trkpt><trkpt lat="39.21592" lon="-120.27705000000003"><ele>2444.0</ele></trkpt><trkpt lat="39.2159" lon="-120.27695"><ele>2445.260940644669</ele></trkpt><trkpt lat="39.21574" lon="-120.27696000000003"><ele>2447.9017545469105</ele></trkpt><trkpt lat="39.21544" lon="-120.27706"><ele>2450.9594984095293</ele></trkpt><trkpt lat="39.21526" lon="-120.27702"><ele>2453.0</ele></trkpt><trkpt lat="39.21523" lon="-120.27693999999997"><ele>2454.0</ele></trkpt><trkpt lat="39.21523" lon="-120.27693999999997"><ele>2454.0</ele></trkpt><trkpt lat="39.21514" lon="-120.2767"><ele>2455.0</ele></trkpt><trkpt lat="39.215" lon="-120.27679999999998"><ele>2458.1453888003207</ele></trkpt><trkpt lat="39.21484" lon="-120.27674999999999"><ele>2461.6937862609807</ele></trkpt><trkpt lat="39.2144" lon="-120.27632"><ele>2468.140333438948</ele></trkpt><trkpt lat="39.21425" lon="-120.27612999999997"><ele>2470.0</ele></trkpt><trkpt lat="39.21421" lon="-120.27611999999999"><ele>2470.0</ele></trkpt><trkpt lat="39.21416" lon="-120.27620999999999"><ele>2472.9395456053317</ele></trkpt><trkpt lat="39.21409" lon="-120.27669000000003"><ele>2475.0</ele></trkpt><trkpt lat="39.21397" lon="-120.27692000000002"><ele>2471.0</ele></trkpt><trkpt lat="39.21356" lon="-120.27701000000002"><ele>2469.577728085852</ele></trkpt><trkpt lat="39.2132" lon="-120.27693999999997"><ele>2473.0</ele></trkpt><trkpt lat="39.21295" lon="-120.27699000000001"><ele>2474.0</ele></trkpt><trkpt lat="39.21275" lon="-120.27695"><ele>2475.0</ele></trkpt><trkpt lat="39.21241" lon="-120.27678000000003"><ele>2477.283765331842</ele></trkpt><trkpt lat="39.21217" lon="-120.27679"><ele>2480.0</ele></trkpt><trkpt lat="39.21189" lon="-120.27674000000002"><ele>2481.0</ele></trkpt><trkpt lat="39.21165" lon="-120.27654000000001"><ele>2483.0</ele></trkpt><trkpt lat="39.21158" lon="-120.27654999999999"><ele>2483.0</ele></trkpt><trkpt lat="39.21154" lon="-120.27661999999998"><ele>2484.0</ele></trkpt><trkpt lat="39.21147" lon="-120.27665999999999"><ele>2485.0</ele></trkpt><trkpt lat="39.21119" lon="-120.2767"><ele>2487.0</ele></trkpt><trkpt lat="39.21112" lon="-120.27668"><ele>2488.0</ele></trkpt><trkpt lat="39.21083" lon="-120.27648999999997"><ele>2490.047035310737</ele></trkpt><trkpt lat="39.21061" lon="-120.27638999999999"><ele>2491.0</ele></trkpt><trkpt lat="39.21061" lon="-120.27638999999999"><ele>2491.0</ele></trkpt><trkpt lat="39.21061" lon="-120.27638999999999"><ele>2491.0</ele></trkpt><trkpt lat="39.21024" lon="-120.27648999999997"><ele>2496.7202740311623</ele></trkpt><trkpt lat="39.21014" lon="-120.27648999999997"><ele>2498.0</ele></trkpt><trkpt lat="39.21002" lon="-120.27643"><ele>2500.0</ele></trkpt><trkpt lat="39.20989" lon="-120.27645000000001"><ele>2501.260082939285</ele></trkpt><trkpt lat="39.2096" lon="-120.27630999999997"><ele>2505.0</ele></trkpt><trkpt lat="39.20922" lon="-120.27605"><ele>2509.069224042818</ele></trkpt><trkpt lat="39.20888" lon="-120.27578"><ele>2511.058536163974</ele></trkpt><trkpt lat="39.20868" lon="-120.27570000000003"><ele>2510.3845866685733</ele></trkpt><trkpt lat="39.20836" lon="-120.27573000000001"><ele>2509.0</ele></trkpt><trkpt lat="39.20811" lon="-120.27569"><ele>2507.9185528885573</ele></trkpt><trkpt lat="39.2077" lon="-120.27576999999997"><ele>2507.6468231095932</ele></trkpt><trkpt lat="39.20745" lon="-120.27566999999999"><ele>2505.0</ele></trkpt><trkpt lat="39.2074" lon="-120.27567999999997"><ele>2505.0</ele></trkpt><trkpt lat="39.20724" lon="-120.27584999999999"><ele>2504.316646758277</ele></trkpt><trkpt lat="39.20716" lon="-120.27587"><ele>2503.339833118953</ele></trkpt><trkpt lat="39.20695" lon="-120.27605"><ele>2503.280038023874</ele></trkpt><trkpt lat="39.20676" lon="-120.27614"><ele>2501.0</ele></trkpt><trkpt lat="39.20671" lon="-120.27611999999999"><ele>2499.927383761178</ele></trkpt><trkpt lat="39.20661" lon="-120.27623"><ele>2498.9536960832775</ele></trkpt><trkpt lat="39.20648" lon="-120.27647000000002"><ele>2495.036358313351</ele></trkpt><trkpt lat="39.20644" lon="-120.27663999999999"><ele>2495.139859089598</ele></trkpt><trkpt lat="39.20633" lon="-120.27679999999998"><ele>2495.1135895475745</ele></trkpt><trkpt lat="39.20604" lon="-120.27710000000002"><ele>2487.6721214111894</ele></trkpt><trkpt lat="39.20597" lon="-120.27722"><ele>2487.0</ele></trkpt><trkpt lat="39.20593" lon="-120.27742"><ele>2490.5682102989467</ele></trkpt><trkpt lat="39.20594" lon="-120.27764000000002"><ele>2490.0</ele></trkpt><trkpt lat="39.20586" lon="-120.27783999999997"><ele>2489.0980280851472</ele></trkpt><trkpt lat="39.20575" lon="-120.27798999999999"><ele>2489.0</ele></trkpt><trkpt lat="39.20551" lon="-120.27821"><ele>2486.86958309202</ele></trkpt><trkpt lat="39.20544" lon="-120.27832000000001"><ele>2484.2847346371564</ele></trkpt><trkpt lat="39.20544" lon="-120.27832000000001"><ele>2484.2847346371564</ele></trkpt><trkpt lat="39.20532" lon="-120.27849000000003"><ele>2486.626737335785</ele></trkpt><trkpt lat="39.20522" lon="-120.27855999999997"><ele>2485.670247109607</ele></trkpt><trkpt lat="39.20491" lon="-120.27902"><ele>2490.742355790985</ele></trkpt><trkpt lat="39.20478" lon="-120.27909"><ele>2491.3700373331085</ele></trkpt><trkpt lat="39.20453" lon="-120.27911"><ele>2492.0</ele></trkpt><trkpt lat="39.20446" lon="-120.2792"><ele>2494.1750057122167</ele></trkpt><trkpt lat="39.20441" lon="-120.27918999999997"><ele>2495.379069891076</ele></trkpt><trkpt lat="39.20437" lon="-120.27913000000001"><ele>2495.1792066669086</ele></trkpt><trkpt lat="39.20421" lon="-120.27909999999997"><ele>2495.160379619403</ele></trkpt><trkpt lat="39.20415" lon="-120.27909"><ele>2495.371379661983</ele></trkpt><trkpt lat="39.20409" lon="-120.27913999999998"><ele>2496.881535282395</ele></trkpt><trkpt lat="39.20402" lon="-120.27912000000003"><ele>2497.7681386685</ele></trkpt><trkpt lat="39.20402" lon="-120.27917000000002"><ele>2499.0</ele></trkpt><trkpt lat="39.20405" lon="-120.27922999999998"><ele>2499.9988930661802</ele></trkpt><trkpt lat="39.2042" lon="-120.27931999999998"><ele>2505.0</ele></trkpt><trkpt lat="39.20433" lon="-120.27949000000001"><ele>2507.0113884448074</ele></trkpt><trkpt lat="39.20434" lon="-120.27953000000002"><ele>2507.946415292043</ele></trkpt><trkpt lat="39.20407" lon="-120.27949000000001"><ele>2510.0113884448074</ele></trkpt><trkpt lat="39.20374" lon="-120.27951999999999"><ele>2513.409489777405</ele></trkpt><trkpt lat="39.20372" lon="-120.27957000000004"><ele>2514.7396586681716</ele></trkpt><trkpt lat="39.20381" lon="-120.27960000000002"><ele>2516.5208949092857</ele></trkpt><trkpt lat="39.20382" lon="-120.27963999999997"><ele>2519.001895110123</ele></trkpt><trkpt lat="39.20371" lon="-120.27967999999998"><ele>2519.0</ele></trkpt><trkpt lat="39.20365" lon="-120.27972999999997"><ele>2520.0</ele></trkpt><trkpt lat="39.20362" lon="-120.27981"><ele>2521.1191499709194</ele></trkpt><trkpt lat="39.20351" lon="-120.27990999999997"><ele>2523.3002412543137</ele></trkpt><trkpt lat="39.20348" lon="-120.27998000000002"><ele>2524.847043556627</ele></trkpt><trkpt lat="39.20361" lon="-120.27999"><ele>2527.0</ele></trkpt><trkpt lat="39.20363" lon="-120.28003000000001"><ele>2528.1772124450654</ele></trkpt><trkpt lat="39.20359" lon="-120.2801"><ele>2529.439448889345</ele></trkpt><trkpt lat="39.20344" lon="-120.28017"><ele>2530.701685333159</ele></trkpt><trkpt lat="39.20333" lon="-120.28037"><ele>2534.0</ele></trkpt><trkpt lat="39.20347" lon="-120.28044"><ele>2537.0</ele></trkpt><trkpt lat="39.20349" lon="-120.28048999999999"><ele>2537.7344153266677</ele></trkpt><trkpt lat="39.2034" lon="-120.28070000000002"><ele>2542.360496958548</ele></trkpt><trkpt lat="39.20333" lon="-120.28075999999999"><ele>2542.1976782218553</ele></trkpt><trkpt lat="39.20325" lon="-120.28077000000002"><ele>2541.8768483195454</ele></trkpt><trkpt lat="39.20298" lon="-120.28095000000002"><ele>2543.6578399328687</ele></trkpt><trkpt lat="39.20281" lon="-120.28115000000003"><ele>2547.154837828199</ele></trkpt><trkpt lat="39.20255" lon="-120.28136999999998"><ele>2552.0</ele></trkpt><trkpt lat="39.2024" lon="-120.28165999999999"><ele>2552.14071822213</ele></trkpt><trkpt lat="39.20233" lon="-120.28170999999998"><ele>2553.0188556727953</ele></trkpt><trkpt lat="39.2021" lon="-120.2817"><ele>2550.0</ele></trkpt><trkpt lat="39.20181" lon="-120.28161"><ele>2546.0</ele></trkpt><trkpt lat="39.20158" lon="-120.28163"><ele>2546.4133110815465</ele></trkpt><trkpt lat="39.20145" lon="-120.28169000000003"><ele>2547.3369617625053</ele></trkpt><trkpt lat="39.20114" lon="-120.28174999999999"><ele>2546.0</ele></trkpt><trkpt lat="39.20105" lon="-120.28188"><ele>2546.0</ele></trkpt><trkpt lat="39.20093" lon="-120.28195"><ele>2546.0</ele></trkpt><trkpt lat="39.20053" lon="-120.28215"><ele>2545.0</ele></trkpt><trkpt lat="39.20026" lon="-120.28219999999999"><ele>2543.0420502307243</ele></trkpt><trkpt lat="39.20021736032838" lon="-120.28218294413136"><ele>2542.7423061608665</ele></trkpt><trkpt lat="39.20020384331404" lon="-120.2821775373186"><ele>2542.740294604562</ele></trkpt><trkpt lat="39.20016" lon="-120.28215999999998"><ele>2542.5575928897597</ele></trkpt><trkpt lat="39.19995" lon="-120.28190999999998"><ele>2538.4179241824895</ele></trkpt><trkpt lat="39.19984" lon="-120.28147999999999"><ele>2532.8027872666717</ele></trkpt><trkpt lat="39.19966" lon="-120.28134999999997"><ele>2528.2996019424268</ele></trkpt><trkpt lat="39.19956" lon="-120.28113000000002"><ele>2526.4251884938335</ele></trkpt><trkpt lat="39.19958" lon="-120.28097000000002"><ele>2522.9843875565566</ele></trkpt><trkpt lat="39.19954" lon="-120.28091999999998"><ele>2522.2384425774217</ele></trkpt><trkpt lat="39.19948" lon="-120.28091"><ele>2523.159332250875</ele></trkpt><trkpt lat="39.1994" lon="-120.28114"><ele>2525.0</ele></trkpt><trkpt lat="39.19927" lon="-120.28127999999998"><ele>2526.0</ele></trkpt><trkpt lat="39.19911" lon="-120.28134999999997"><ele>2527.0</ele></trkpt><trkpt lat="39.199" lon="-120.28136"><ele>2527.840295110829</ele></trkpt><trkpt lat="39.19882" lon="-120.28129000000001"><ele>2529.4820122497135</ele></trkpt><trkpt lat="39.19847" lon="-120.28129000000001"><ele>2530.8974684448913</ele></trkpt><trkpt lat="39.19837" lon="-120.28138999999999"><ele>2533.0</ele></trkpt><trkpt lat="39.19835" lon="-120.28149000000002"><ele>2534.8445895061423</ele></trkpt><trkpt lat="39.1984" lon="-120.28170999999998"><ele>2537.0</ele></trkpt><trkpt lat="39.19832" lon="-120.28172"><ele>2538.5671340865983</ele></trkpt><trkpt lat="39.19821" lon="-120.28158000000002"><ele>2541.0908624483563</ele></trkpt><trkpt lat="39.19821" lon="-120.28158000000002"><ele>2541.0908624483563</ele></trkpt><trkpt lat="39.19816" lon="-120.28159"><ele>2543.906079490016</ele></trkpt><trkpt lat="39.19819" lon="-120.28181000000001"><ele>2548.0</ele></trkpt><trkpt lat="39.19815" lon="-120.28224999999998"><ele>2553.191757683642</ele></trkpt><trkpt lat="39.19801" lon="-120.28239000000002"><ele>2559.247516447678</ele></trkpt><trkpt lat="39.19801" lon="-120.28208999999998"><ele>2561.247516447678</ele></trkpt><trkpt lat="39.19793" lon="-120.28172999999998"><ele>2563.0583932902664</ele></trkpt><trkpt lat="39.19789" lon="-120.2817"><ele>2565.463829657063</ele></trkpt><trkpt lat="39.19787" lon="-120.28181999999998"><ele>2567.39810116813</ele></trkpt><trkpt lat="39.19784" lon="-120.28188999999998"><ele>2569.470623191446</ele></trkpt><trkpt lat="39.19779" lon="-120.28178000000003"><ele>2570.4774145837873</ele></trkpt><trkpt lat="39.19768" lon="-120.28176000000002"><ele>2574.8010560008697</ele></trkpt><trkpt lat="39.19757" lon="-120.28185000000002"><ele>2576.0</ele></trkpt><trkpt lat="39.19747" lon="-120.28186"><ele>2575.1288078427906</ele></trkpt><trkpt lat="39.19738" lon="-120.28183000000001"><ele>2576.133023293689</ele></trkpt><trkpt lat="39.19735" lon="-120.28163"><ele>2576.0</ele></trkpt><trkpt lat="39.19721" lon="-120.28165000000001"><ele>2580.0</ele></trkpt><trkpt lat="39.19705" lon="-120.28159"><ele>2584.8588714395446</ele></trkpt><trkpt lat="39.1969" lon="-120.28160000000003"><ele>2586.34380700745</ele></trkpt><trkpt lat="39.19663" lon="-120.28167000000002"><ele>2588.1422070244857</ele></trkpt><trkpt lat="39.19661" lon="-120.2817"><ele>2590.0</ele></trkpt><trkpt lat="39.19676" lon="-120.28183000000001"><ele>2593.0632924451493</ele></trkpt><trkpt lat="39.19676" lon="-120.28186"><ele>2594.192327944408</ele></trkpt><trkpt lat="39.19647" lon="-120.28176000000002"><ele>2596.97133882147</ele></trkpt><trkpt lat="39.19645" lon="-120.28179"><ele>2598.2108332899156</ele></trkpt><trkpt lat="39.19648" lon="-120.28186"><ele>2601.1174646859217</ele></trkpt><trkpt lat="39.1963" lon="-120.28194000000002"><ele>2604.0</ele></trkpt><trkpt lat="39.19611" lon="-120.28212000000002"><ele>2605.0</ele></trkpt><trkpt lat="39.19611" lon="-120.28212000000002"><ele>2605.0</ele></trkpt><trkpt lat="39.19611" lon="-120.28212000000002"><ele>2605.0</ele></trkpt><trkpt lat="39.19609943257552" lon="-120.28212459453238"><ele>2605.0</ele></trkpt><trkpt lat="39.19610067630577" lon="-120.28212405378645"><ele>2605.0</ele></trkpt><trkpt lat="39.19611" lon="-120.28212000000002"><ele>2605.0</ele></trkpt><trkpt lat="39.19611" lon="-120.28212000000002"><ele>2605.0</ele></trkpt><trkpt lat="39.19611" lon="-120.28212000000002"><ele>2605.0</ele></trkpt><trkpt lat="39.1963" lon="-120.28194000000002"><ele>2604.0</ele></trkpt><trkpt lat="39.19648" lon="-120.28186"><ele>2601.1174646859217</ele></trkpt><trkpt lat="39.19645" lon="-120.28179"><ele>2598.2108332899156</ele></trkpt><trkpt lat="39.19647" lon="-120.28176000000002"><ele>2596.97133882147</ele></trkpt><trkpt lat="39.19676" lon="-120.28186"><ele>2594.192327944408</ele></trkpt><trkpt lat="39.19676" lon="-120.28183000000001"><ele>2593.0632924451493</ele></trkpt><trkpt lat="39.19661" lon="-120.2817"><ele>2590.0</ele></trkpt><trkpt lat="39.19663" lon="-120.28167000000002"><ele>2588.1422070244857</ele></trkpt><trkpt lat="39.1969" lon="-120.28160000000003"><ele>2586.34380700745</ele></trkpt><trkpt lat="39.19705" lon="-120.28159"><ele>2584.8588714395446</ele></trkpt><trkpt lat="39.19721" lon="-120.28165000000001"><ele>2580.0</ele></trkpt><trkpt lat="39.19735" lon="-120.28163"><ele>2576.0</ele></trkpt><trkpt lat="39.19738" lon="-120.28183000000001"><ele>2576.133023293689</ele></trkpt><trkpt lat="39.19747" lon="-120.28186"><ele>2575.1288078427906</ele></trkpt><trkpt lat="39.19757" lon="-120.28185000000002"><ele>2576.0</ele></trkpt><trkpt lat="39.19768" lon="-120.28176000000002"><ele>2574.8010560008697</ele></trkpt><trkpt lat="39.19779" lon="-120.28178000000003"><ele>2570.4774145837873</ele></trkpt><trkpt lat="39.19784" lon="-120.28188999999998"><ele>2569.470623191446</ele></trkpt><trkpt lat="39.19787" lon="-120.28181999999998"><ele>2567.39810116813</ele></trkpt><trkpt lat="39.19789" lon="-120.2817"><ele>2565.463829657063</ele></trkpt><trkpt lat="39.19793" lon="-120.28172999999998"><ele>2563.0583932902664</ele></trkpt><trkpt lat="39.19801" lon="-120.28208999999998"><ele>2561.247516447678</ele></trkpt><trkpt lat="39.19801" lon="-120.28239000000002"><ele>2559.247516447678</ele></trkpt><trkpt lat="39.19815" lon="-120.28224999999998"><ele>2553.191757683642</ele></trkpt><trkpt lat="39.19819" lon="-120.28181000000001"><ele>2548.0</ele></trkpt><trkpt lat="39.19816" lon="-120.28159"><ele>2543.906079490016</ele></trkpt><trkpt lat="39.19821" lon="-120.28158000000002"><ele>2541.0908624483563</ele></trkpt><trkpt lat="39.19821" lon="-120.28158000000002"><ele>2541.0908624483563</ele></trkpt><trkpt lat="39.19832" lon="-120.28172"><ele>2538.5671340865983</ele></trkpt><trkpt lat="39.1984" lon="-120.28170999999998"><ele>2537.0</ele></trkpt><trkpt lat="39.19835" lon="-120.28149000000002"><ele>2534.8445895061423</ele></trkpt><trkpt lat="39.19837" lon="-120.28138999999999"><ele>2533.0</ele></trkpt><trkpt lat="39.19847" lon="-120.28129000000001"><ele>2530.8974684448913</ele></trkpt><trkpt lat="39.19882" lon="-120.28129000000001"><ele>2529.4820122497135</ele></trkpt><trkpt lat="39.199" lon="-120.28136"><ele>2527.840295110829</ele></trkpt><trkpt lat="39.19911" lon="-120.28134999999997"><ele>2527.0</ele></trkpt><trkpt lat="39.19927" lon="-120.28127999999998"><ele>2526.0</ele></trkpt><trkpt lat="39.1994" lon="-120.28114"><ele>2525.0</ele></trkpt><trkpt lat="39.19948" lon="-120.28091"><ele>2523.159332250875</ele></trkpt><trkpt lat="39.19954" lon="-120.28091999999998"><ele>2522.2384425774217</ele></trkpt><trkpt lat="39.19958" lon="-120.28097000000002"><ele>2522.9843875565566</ele></trkpt><trkpt lat="39.19956" lon="-120.28113000000002"><ele>2526.4251884938335</ele></trkpt><trkpt lat="39.19966" lon="-120.28134999999997"><ele>2528.2996019424268</ele></trkpt><trkpt lat="39.19984" lon="-120.28147999999999"><ele>2532.8027872666717</ele></trkpt><trkpt lat="39.19995" lon="-120.28190999999998"><ele>2538.4179241824895</ele></trkpt><trkpt lat="39.20016" lon="-120.28215999999998"><ele>2542.5575928897597</ele></trkpt><trkpt lat="39.20026" lon="-120.28219999999999"><ele>2543.0420502307243</ele></trkpt><trkpt lat="39.20053" lon="-120.28215"><ele>2545.0</ele></trkpt><trkpt lat="39.20093" lon="-120.28195"><ele>2546.0</ele></trkpt><trkpt lat="39.20105" lon="-120.28188"><ele>2546.0</ele></trkpt><trkpt lat="39.20114" lon="-120.28174999999999"><ele>2546.0</ele></trkpt><trkpt lat="39.20145" lon="-120.28169000000003"><ele>2547.3369617625053</ele></trkpt><trkpt lat="39.20158" lon="-120.28163"><ele>2546.4133110815465</ele></trkpt><trkpt lat="39.20181" lon="-120.28161"><ele>2546.0</ele></trkpt><trkpt lat="39.2021" lon="-120.2817"><ele>2550.0</ele></trkpt><trkpt lat="39.20233" lon="-120.28170999999998"><ele>2553.0188556727953</ele></trkpt><trkpt lat="39.2024" lon="-120.28165999999999"><ele>2552.14071822213</ele></trkpt><trkpt lat="39.20255" lon="-120.28136999999998"><ele>2552.0</ele></trkpt><trkpt lat="39.20281" lon="-120.28115000000003"><ele>2547.154837828199</ele></trkpt><trkpt lat="39.20298" lon="-120.28095000000002"><ele>2543.6578399328687</ele></trkpt><trkpt lat="39.20325" lon="-120.28077000000002"><ele>2541.8768483195454</ele></trkpt><trkpt lat="39.20333" lon="-120.28075999999999"><ele>2542.1976782218553</ele></trkpt><trkpt lat="39.2034" lon="-120.28070000000002"><ele>2542.360496958548</ele></trkpt><trkpt lat="39.20349" lon="-120.28048999999999"><ele>2537.7344153266677</ele></trkpt><trkpt lat="39.20347" lon="-120.28044"><ele>2537.0</ele></trkpt><trkpt lat="39.20333" lon="-120.28037"><ele>2534.0</ele></trkpt><trkpt lat="39.20344" lon="-120.28017"><ele>2530.701685333159</ele></trkpt><trkpt lat="39.20359" lon="-120.2801"><ele>2529.439448889345</ele></trkpt><trkpt lat="39.20363" lon="-120.28003000000001"><ele>2528.1772124450654</ele></trkpt><trkpt lat="39.20361" lon="-120.27999"><ele>2527.0</ele></trkpt><trkpt lat="39.20348" lon="-120.27998000000002"><ele>2524.847043556627</ele></trkpt><trkpt lat="39.20351" lon="-120.27990999999997"><ele>2523.3002412543137</ele></trkpt><trkpt lat="39.20362" lon="-120.27981"><ele>2521.1191499709194</ele></trkpt><trkpt lat="39.20365" lon="-120.27972999999997"><ele>2520.0</ele></trkpt><trkpt lat="39.20371" lon="-120.27967999999998"><ele>2519.0</ele></trkpt><trkpt lat="39.20382" lon="-120.27963999999997"><ele>2519.001895110123</ele></trkpt><trkpt lat="39.20381" lon="-120.27960000000002"><ele>2516.5208949092857</ele></trkpt><trkpt lat="39.20372" lon="-120.27957000000004"><ele>2514.7396586681716</ele></trkpt><trkpt lat="39.20374" lon="-120.27951999999999"><ele>2513.409489777405</ele></trkpt><trkpt lat="39.20407" lon="-120.27949000000001"><ele>2510.0113884448074</ele></trkpt><trkpt lat="39.20434" lon="-120.27953000000002"><ele>2507.946415292043</ele></trkpt><trkpt lat="39.20433" lon="-120.27949000000001"><ele>2507.0113884448074</ele></trkpt><trkpt lat="39.2042" lon="-120.27931999999998"><ele>2505.0</ele></trkpt><trkpt lat="39.20405" lon="-120.27922999999998"><ele>2499.9988930661802</ele></trkpt><trkpt lat="39.20402" lon="-120.27917000000002"><ele>2499.0</ele></trkpt><trkpt lat="39.20402" lon="-120.27912000000003"><ele>2497.7681386685</ele></trkpt><trkpt lat="39.20409" lon="-120.27913999999998"><ele>2496.881535282395</ele></trkpt><trkpt lat="39.20415" lon="-120.27909"><ele>2495.371379661983</ele></trkpt><trkpt lat="39.20421" lon="-120.27909999999997"><ele>2495.160379619403</ele></trkpt><trkpt lat="39.20437" lon="-120.27913000000001"><ele>2495.1792066669086</ele></trkpt><trkpt lat="39.20441" lon="-120.27918999999997"><ele>2495.379069891076</ele></trkpt><trkpt lat="39.20446" lon="-120.2792"><ele>2494.1750057122167</ele></trkpt><trkpt lat="39.20453" lon="-120.27911"><ele>2492.0</ele></trkpt><trkpt lat="39.20478" lon="-120.27909"><ele>2491.3700373331085</ele></trkpt><trkpt lat="39.20491" lon="-120.27902"><ele>2490.742355790985</ele></trkpt><trkpt lat="39.20522" lon="-120.27855999999997"><ele>2485.670247109607</ele></trkpt><trkpt lat="39.20532" lon="-120.27849000000003"><ele>2486.626737335785</ele></trkpt><trkpt lat="39.20544" lon="-120.27832000000001"><ele>2484.2847346371564</ele></trkpt><trkpt lat="39.20544" lon="-120.27832000000001"><ele>2484.2847346371564</ele></trkpt><trkpt lat="39.20551" lon="-120.27821"><ele>2486.86958309202</ele></trkpt><trkpt lat="39.20575" lon="-120.27798999999999"><ele>2489.0</ele></trkpt><trkpt lat="39.20586" lon="-120.27783999999997"><ele>2489.0980280851472</ele></trkpt><trkpt lat="39.20594" lon="-120.27764000000002"><ele>2490.0</ele></trkpt><trkpt lat="39.20593" lon="-120.27742"><ele>2490.5682102989467</ele></trkpt><trkpt lat="39.20597" lon="-120.27722"><ele>2487.0</ele></trkpt><trkpt lat="39.20604" lon="-120.27710000000002"><ele>2487.6721214111894</ele></trkpt><trkpt lat="39.20633" lon="-120.27679999999998"><ele>2495.1135895475745</ele></trkpt><trkpt lat="39.20644" lon="-120.27663999999999"><ele>2495.139859089598</ele></trkpt><trkpt lat="39.20648" lon="-120.27647000000002"><ele>2495.036358313351</ele></trkpt><trkpt lat="39.20661" lon="-120.27623"><ele>2498.9536960832775</ele></trkpt><trkpt lat="39.20671" lon="-120.27611999999999"><ele>2499.927383761178</ele></trkpt><trkpt lat="39.20676" lon="-120.27614"><ele>2501.0</ele></trkpt><trkpt lat="39.2068538082312" lon="-120.27609556452205"><ele>2502.0</ele></trkpt><trkpt lat="39.20700427573314" lon="-120.2760034779946"><ele>2502.8426387788304</ele></trkpt><trkpt lat="39.20716" lon="-120.27587"><ele>2503.339833118953</ele></trkpt><trkpt lat="39.20724" lon="-120.27584999999999"><ele>2504.316646758277</ele></trkpt><trkpt lat="39.2074" lon="-120.27567999999997"><ele>2505.0</ele></trkpt><trkpt lat="39.20745" lon="-120.27566999999999"><ele>2505.0</ele></trkpt><trkpt lat="39.2077" lon="-120.27576999999997"><ele>2507.6468231095932</ele></trkpt><trkpt lat="39.20811" lon="-120.27569"><ele>2507.9185528885573</ele></trkpt><trkpt lat="39.20836" lon="-120.27573000000001"><ele>2509.0</ele></trkpt><trkpt lat="39.20868" lon="-120.27570000000003"><ele>2510.3845866685733</ele></trkpt><trkpt lat="39.20888" lon="-120.27578"><ele>2511.058536163974</ele></trkpt><trkpt lat="39.20922" lon="-120.27605"><ele>2509.069224042818</ele></trkpt><trkpt lat="39.2096" lon="-120.27630999999997"><ele>2505.0</ele></trkpt><trkpt lat="39.20989" lon="-120.27645000000001"><ele>2501.260082939285</ele></trkpt><trkpt lat="39.21002" lon="-120.27643"><ele>2500.0</ele></trkpt><trkpt lat="39.21014" lon="-120.27648999999997"><ele>2498.0</ele></trkpt><trkpt lat="39.21024" lon="-120.27648999999997"><ele>2496.7202740311623</ele></trkpt><trkpt lat="39.21061" lon="-120.27638999999999"><ele>2491.0</ele></trkpt><trkpt lat="39.21061" lon="-120.27638999999999"><ele>2491.0</ele></trkpt><trkpt lat="39.21061" lon="-120.27638999999999"><ele>2491.0</ele></trkpt><trkpt lat="39.21083" lon="-120.27648999999997"><ele>2490.047035310737</ele></trkpt><trkpt lat="39.21112" lon="-120.27668"><ele>2488.0</ele></trkpt><trkpt lat="39.21119" lon="-120.2767"><ele>2487.0</ele></trkpt><trkpt lat="39.21147" lon="-120.27665999999999"><ele>2485.0</ele></trkpt><trkpt lat="39.21154" lon="-120.27661999999998"><ele>2484.0</ele></trkpt><trkpt lat="39.21158" lon="-120.27654999999999"><ele>2483.0</ele></trkpt><trkpt lat="39.21165" lon="-120.27654000000001"><ele>2483.0</ele></trkpt><trkpt lat="39.21189" lon="-120.27674000000002"><ele>2481.0</ele></trkpt><trkpt lat="39.21217" lon="-120.27679"><ele>2480.0</ele></trkpt><trkpt lat="39.21241" lon="-120.27678000000003"><ele>2477.283765331842</ele></trkpt><trkpt lat="39.21275" lon="-120.27695"><ele>2475.0</ele></trkpt><trkpt lat="39.21295" lon="-120.27699000000001"><ele>2474.0</ele></trkpt><trkpt lat="39.2132" lon="-120.27693999999997"><ele>2473.0</ele></trkpt><trkpt lat="39.21356" lon="-120.27701000000002"><ele>2469.577728085852</ele></trkpt><trkpt lat="39.21397" lon="-120.27692000000002"><ele>2471.0</ele></trkpt><trkpt lat="39.21409" lon="-120.27669000000003"><ele>2475.0</ele></trkpt><trkpt lat="39.21416" lon="-120.27620999999999"><ele>2472.9395456053317</ele></trkpt><trkpt lat="39.21421" lon="-120.27611999999999"><ele>2470.0</ele></trkpt><trkpt lat="39.21425" lon="-120.27612999999997"><ele>2470.0</ele></trkpt><trkpt lat="39.2144" lon="-120.27632"><ele>2468.140333438948</ele></trkpt><trkpt lat="39.21484" lon="-120.27674999999999"><ele>2461.6937862609807</ele></trkpt><trkpt lat="39.215" lon="-120.27679999999998"><ele>2458.1453888003207</ele></trkpt><trkpt lat="39.21514" lon="-120.2767"><ele>2455.0</ele></trkpt><trkpt lat="39.21523" lon="-120.27693999999997"><ele>2454.0</ele></trkpt><trkpt lat="39.21523" lon="-120.27693999999997"><ele>2454.0</ele></trkpt><trkpt lat="39.21526" lon="-120.27702"><ele>2453.0</ele></trkpt><trkpt lat="39.21544" lon="-120.27706"><ele>2450.9594984095293</ele></trkpt><trkpt lat="39.21574" lon="-120.27696000000003"><ele>2447.9017545469105</ele></trkpt><trkpt lat="39.2159" lon="-120.27695"><ele>2445.260940644669</ele></trkpt><trkpt lat="39.21592" lon="-120.27705000000003"><ele>2444.0</ele></trkpt><trkpt lat="39.21597" lon="-120.27711"><ele>2443.0</ele></trkpt><trkpt lat="39.21613" lon="-120.27717999999999"><ele>2441.0</ele></trkpt><trkpt lat="39.21638" lon="-120.27723000000003"><ele>2438.3122453321703</ele></trkpt><trkpt lat="39.21647" lon="-120.27720999999997"><ele>2438.993324814143</ele></trkpt><trkpt lat="39.21672" lon="-120.27729"><ele>2434.9773455925097</ele></trkpt><trkpt lat="39.21704" lon="-120.27728000000002"><ele>2432.9873728555667</ele></trkpt><trkpt lat="39.21717" lon="-120.27738"><ele>2434.0</ele></trkpt><trkpt lat="39.21724" lon="-120.27749"><ele>2434.0</ele></trkpt><trkpt lat="39.21735" lon="-120.27756999999997"><ele>2431.0267405890127</ele></trkpt><trkpt lat="39.21743" lon="-120.27753000000001"><ele>2429.4951077119963</ele></trkpt><trkpt lat="39.2175" lon="-120.27744000000001"><ele>2428.5598913268186</ele></trkpt><trkpt lat="39.21756" lon="-120.27729999999997"><ele>2428.4539381422064</ele></trkpt><trkpt lat="39.21759" lon="-120.27733999999998"><ele>2427.6911287990533</ele></trkpt><trkpt lat="39.21763" lon="-120.27726000000001"><ele>2426.2819389715723</ele></trkpt><trkpt lat="39.21782" lon="-120.2774"><ele>2422.0</ele></trkpt><trkpt lat="39.2179" lon="-120.27741000000003"><ele>2420.0</ele></trkpt><trkpt lat="39.21818" lon="-120.27756999999997"><ele>2417.467096890323</ele></trkpt><trkpt lat="39.21835" lon="-120.27762999999999"><ele>2413.9684924955322</ele></trkpt><trkpt lat="39.21846" lon="-120.2776"><ele>2412.0198281226644</ele></trkpt><trkpt lat="39.21895" lon="-120.27771000000001"><ele>2405.9426239994355</ele></trkpt><trkpt lat="39.21911" lon="-120.27771000000001"><ele>2402.176668004554</ele></trkpt><trkpt lat="39.21931" lon="-120.27762999999999"><ele>2402.0</ele></trkpt><trkpt lat="39.21944" lon="-120.27765"><ele>2399.826720234533</ele></trkpt><trkpt lat="39.21954" lon="-120.27756"><ele>2398.2996230571025</ele></trkpt><trkpt lat="39.21985" lon="-120.27742"><ele>2396.6731789465994</ele></trkpt><trkpt lat="39.21992" lon="-120.27728000000002"><ele>2396.454061010938</ele></trkpt><trkpt lat="39.22018" lon="-120.27710000000002"><ele>2395.3047328839684</ele></trkpt><trkpt lat="39.22018" lon="-120.27696000000003"><ele>2396.981346566957</ele></trkpt><trkpt lat="39.22022" lon="-120.27688999999998"><ele>2397.507818298102</ele></trkpt><trkpt lat="39.22032" lon="-120.27690999999999"><ele>2397.0</ele></trkpt><trkpt lat="39.2206" lon="-120.27690000000001"><ele>2395.0</ele></trkpt><trkpt lat="39.2208" lon="-120.27701000000002"><ele>2394.0</ele></trkpt><trkpt lat="39.22107" lon="-120.27706999999998"><ele>2393.0</ele></trkpt><trkpt lat="39.22136" lon="-120.27722"><ele>2389.6526701078456</ele></trkpt><trkpt lat="39.22148" lon="-120.27717999999999"><ele>2389.0</ele></trkpt><trkpt lat="39.22172" lon="-120.27720999999997"><ele>2388.0</ele></trkpt><trkpt lat="39.22182" lon="-120.27726000000001"><ele>2386.0</ele></trkpt><trkpt lat="39.2219" lon="-120.27733"><ele>2384.0</ele></trkpt><trkpt lat="39.22227" lon="-120.27744000000001"><ele>2386.5250723070562</ele></trkpt><trkpt lat="39.22234" lon="-120.27758"><ele>2386.0</ele></trkpt><trkpt lat="39.22241" lon="-120.27765"><ele>2386.0</ele></trkpt><trkpt lat="39.22254" lon="-120.27771999999999"><ele>2384.0</ele></trkpt><trkpt lat="39.22257" lon="-120.27771000000001"><ele>2383.0492280982435</ele></trkpt><trkpt lat="39.22257" lon="-120.27764000000002"><ele>2383.0</ele></trkpt><trkpt lat="39.22244" lon="-120.27733"><ele>2378.302713277237</ele></trkpt><trkpt lat="39.22233" lon="-120.27722"><ele>2377.221720888745</ele></trkpt><trkpt lat="39.22222" lon="-120.27717000000001"><ele>2376.891552001238</ele></trkpt><trkpt lat="39.2224" lon="-120.27710000000002"><ele>2372.6293155569583</ele></trkpt><trkpt lat="39.2227" lon="-120.27715"><ele>2367.9594844444655</ele></trkpt><trkpt lat="39.22253" lon="-120.27693999999997"><ele>2363.251475657609</ele></trkpt><trkpt lat="39.22272" lon="-120.27699000000001"><ele>2361.0129075528757</ele></trkpt><trkpt lat="39.223" lon="-120.27717999999999"><ele>2358.0649469015625</ele></trkpt><trkpt lat="39.22321" lon="-120.27722"><ele>2356.0</ele></trkpt><trkpt lat="39.22356" lon="-120.27742"><ele>2351.2675905644974</ele></trkpt><trkpt lat="39.22352" lon="-120.27715"><ele>2348.863212760451</ele></trkpt><trkpt lat="39.22383" lon="-120.27726000000001"><ele>2345.0</ele></trkpt><trkpt lat="39.22359" lon="-120.27675999999997"><ele>2341.0</ele></trkpt><trkpt lat="39.22333" lon="-120.27645000000001"><ele>2336.5556304284405</ele></trkpt><trkpt lat="39.22317" lon="-120.27634"><ele>2335.210748444777</ele></trkpt><trkpt lat="39.22332" lon="-120.27623"><ele>2330.9370186386313</ele></trkpt><trkpt lat="39.22398" lon="-120.27629999999999"><ele>2322.3466133335605</ele></trkpt><trkpt lat="39.22453" lon="-120.27654999999999"><ele>2315.0</ele></trkpt><trkpt lat="39.22446" lon="-120.27641"><ele>2312.823896074202</ele></trkpt><trkpt lat="39.22473" lon="-120.27656999999999"><ele>2310.0</ele></trkpt><trkpt lat="39.22537" lon="-120.27679999999998"><ele>2301.0</ele></trkpt><trkpt lat="39.22537" lon="-120.27679999999998"><ele>2301.0</ele></trkpt><trkpt lat="39.22537" lon="-120.27679999999998"><ele>2301.0</ele></trkpt><trkpt lat="39.22533" lon="-120.27665999999999"><ele>2300.1348355370546</ele></trkpt><trkpt lat="39.2254" lon="-120.27668"><ele>2298.0447958752475</ele></trkpt><trkpt lat="39.22541" lon="-120.27652999999998"><ele>2296.0</ele></trkpt><trkpt lat="39.22569" lon="-120.27627999999999"><ele>2295.8527848909303</ele></trkpt><trkpt lat="39.22581" lon="-120.27624000000003"><ele>2297.0</ele></trkpt><trkpt lat="39.22586" lon="-120.27616"><ele>2299.0</ele></trkpt><trkpt lat="39.22604" lon="-120.27616"><ele>2300.1778595554642</ele></trkpt><trkpt lat="39.22614" lon="-120.27607"><ele>2302.0</ele></trkpt><trkpt lat="39.22626" lon="-120.27602000000002"><ele>2305.0</ele></trkpt><trkpt lat="39.22636" lon="-120.27607999999998"><ele>2306.995500803391</ele></trkpt><trkpt lat="39.22641" lon="-120.27614"><ele>2308.0</ele></trkpt><trkpt lat="39.22651" lon="-120.27611000000002"><ele>2310.480223958372</ele></trkpt><trkpt lat="39.22677" lon="-120.27627999999999"><ele>2315.3617264566574</ele></trkpt><trkpt lat="39.2268" lon="-120.27627000000001"><ele>2316.0</ele></trkpt><trkpt lat="39.22688" lon="-120.27618000000001"><ele>2320.0</ele></trkpt><trkpt lat="39.22703" lon="-120.27625999999998"><ele>2323.1252748606107</ele></trkpt><trkpt lat="39.22719" lon="-120.27629999999999"><ele>2322.0</ele></trkpt><trkpt lat="39.22744" lon="-120.27647999999999"><ele>2320.7549022626376</ele></trkpt><trkpt lat="39.22793" lon="-120.27696000000003"><ele>2314.9575635621195</ele></trkpt><trkpt lat="39.22809" lon="-120.27697999999998"><ele>2317.0306338388473</ele></trkpt><trkpt lat="39.22815" lon="-120.27714000000003"><ele>2316.830913658593</ele></trkpt><trkpt lat="39.22819" lon="-120.27715"><ele>2318.0405155555345</ele></trkpt><trkpt lat="39.22834" lon="-120.27708999999999"><ele>2319.8483277016066</ele></trkpt><trkpt lat="39.22829" lon="-120.27690999999999"><ele>2322.274133140454</ele></trkpt><trkpt lat="39.22832" lon="-120.27690000000001"><ele>2323.0</ele></trkpt><trkpt lat="39.22838" lon="-120.27693"><ele>2325.0</ele></trkpt><trkpt lat="39.22845" lon="-120.27692000000002"><ele>2325.0</ele></trkpt><trkpt lat="39.22868" lon="-120.27711999999997"><ele>2327.23080987665</ele></trkpt><trkpt lat="39.22902" lon="-120.27731"><ele>2331.0</ele></trkpt><trkpt lat="39.2291" lon="-120.27731"><ele>2332.378424826078</ele></trkpt><trkpt lat="39.22894" lon="-120.27706999999998"><ele>2336.0</ele></trkpt><trkpt lat="39.22915" lon="-120.27714000000003"><ele>2341.902584019139</ele></trkpt><trkpt lat="39.22904" lon="-120.27681999999999"><ele>2347.5268208329226</ele></trkpt><trkpt lat="39.22942" lon="-120.27708999999999"><ele>2350.8443164098026</ele></trkpt><trkpt lat="39.23007" lon="-120.27723000000003"><ele>2359.0</ele></trkpt><trkpt lat="39.23015" lon="-120.27710000000002"><ele>2360.0</ele></trkpt><trkpt lat="39.23027" lon="-120.27705000000003"><ele>2359.0</ele></trkpt><trkpt lat="39.23047" lon="-120.27688999999998"><ele>2360.0</ele></trkpt><trkpt lat="39.23074" lon="-120.27654999999999"><ele>2355.0</ele></trkpt><trkpt lat="39.23094" lon="-120.27665000000002"><ele>2356.0</ele></trkpt><trkpt lat="39.23115" lon="-120.2767"><ele>2358.0</ele></trkpt><trkpt lat="39.2312" lon="-120.27674000000002"><ele>2359.0</ele></trkpt><trkpt lat="39.23127" lon="-120.27706999999998"><ele>2361.349368473515</ele></trkpt><trkpt lat="39.23136" lon="-120.27726000000001"><ele>2362.085856000893</ele></trkpt><trkpt lat="39.23131" lon="-120.27738999999997"><ele>2364.0</ele></trkpt><trkpt lat="39.23129" lon="-120.27755000000002"><ele>2364.3320568112767</ele></trkpt><trkpt lat="39.23135" lon="-120.27809000000002"><ele>2368.1625301968306</ele></trkpt><trkpt lat="39.23138" lon="-120.27814000000001"><ele>2368.967467257753</ele></trkpt><trkpt lat="39.23145" lon="-120.27816000000001"><ele>2369.0</ele></trkpt><trkpt lat="39.23175" lon="-120.27819"><ele>2371.1308859119426</ele></trkpt><trkpt lat="39.23192" lon="-120.27832000000001"><ele>2373.0</ele></trkpt><trkpt lat="39.23192" lon="-120.27832000000001"><ele>2373.0</ele></trkpt><trkpt lat="39.23204" lon="-120.27846999999997"><ele>2373.0</ele></trkpt><trkpt lat="39.23225" lon="-120.27866"><ele>2373.0</ele></trkpt><trkpt lat="39.23225" lon="-120.27866"><ele>2373.0</ele></trkpt><trkpt lat="39.23241" lon="-120.27876000000003"><ele>2373.0</ele></trkpt><trkpt lat="39.23248" lon="-120.27876000000003"><ele>2374.149025691673</ele></trkpt><trkpt lat="39.23250712005653" lon="-120.27886170021202"><ele>2374.0</ele></trkpt><trkpt lat="39.232513930154404" lon="-120.27888723807354"><ele>2374.9357596530563</ele></trkpt><trkpt lat="39.23252" lon="-120.27891"><ele>2375.0</ele></trkpt><trkpt lat="39.2326" lon="-120.27904000000001"><ele>2376.354187565253</ele></trkpt><trkpt lat="39.23272" lon="-120.27915000000002"><ele>2377.490898136335</ele></trkpt><trkpt lat="39.23287" lon="-120.27922000000001"><ele>2380.0</ele></trkpt><trkpt lat="39.23308" lon="-120.27951999999999"><ele>2384.2484948448837</ele></trkpt><trkpt lat="39.23323" lon="-120.27990999999997"><ele>2386.5750852142883</ele></trkpt><trkpt lat="39.23326" lon="-120.28008999999997"><ele>2389.1302066738717</ele></trkpt><trkpt lat="39.23325" lon="-120.28028"><ele>2389.4767338912934</ele></trkpt><trkpt lat="39.23328" lon="-120.28035999999997"><ele>2389.6004012655694</ele></trkpt><trkpt lat="39.23332" lon="-120.28039000000001"><ele>2389.045571554918</ele></trkpt><trkpt lat="39.23347" lon="-120.28032999999999"><ele>2391.0</ele></trkpt><trkpt lat="39.23393" lon="-120.28041000000002"><ele>2397.0442595087466</ele></trkpt><trkpt lat="39.23409" lon="-120.28046999999998"><ele>2398.0052772730373</ele></trkpt><trkpt lat="39.23416" lon="-120.28046"><ele>2398.7833351106383</ele></trkpt><trkpt lat="39.23427" lon="-120.28037999999998"><ele>2400.0</ele></trkpt><trkpt lat="39.23451" lon="-120.28001999999998"><ele>2400.2059851945814</ele></trkpt><trkpt lat="39.23468" lon="-120.27987000000002"><ele>2400.0</ele></trkpt><trkpt lat="39.23507" lon="-120.27921000000003"><ele>2409.0</ele></trkpt><trkpt lat="39.23538" lon="-120.27902"><ele>2412.9603996596447</ele></trkpt><trkpt lat="39.2357" lon="-120.27894000000003"><ele>2415.6204693312757</ele></trkpt><trkpt lat="39.23592" lon="-120.27900999999997"><ele>2418.0</ele></trkpt><trkpt lat="39.236" lon="-120.27900999999997"><ele>2418.3582328902557</ele></trkpt><trkpt lat="39.23622" lon="-120.27890000000002"><ele>2420.6586894942448</ele></trkpt><trkpt lat="39.23641" lon="-120.27904000000001"><ele>2419.984298194115</ele></trkpt><trkpt lat="39.23651" lon="-120.27927"><ele>2419.623053319752</ele></trkpt><trkpt lat="39.23656" lon="-120.27931999999998"><ele>2420.0</ele></trkpt><trkpt lat="39.23683" lon="-120.27985999999999"><ele>2422.968723034828</ele></trkpt><trkpt lat="39.23697" lon="-120.28003999999999"><ele>2422.550290522733</ele></trkpt><trkpt lat="39.23708" lon="-120.28012999999999"><ele>2423.0</ele></trkpt><trkpt lat="39.23726" lon="-120.28044999999997"><ele>2424.812364634926</ele></trkpt><trkpt lat="39.23734" lon="-120.28066999999999"><ele>2423.5617007764095</ele></trkpt><trkpt lat="39.23755" lon="-120.28098999999997"><ele>2422.2661547859148</ele></trkpt><trkpt lat="39.23778" lon="-120.28120000000001"><ele>2423.0113836764363</ele></trkpt><trkpt lat="39.23825" lon="-120.28132"><ele>2429.0</ele></trkpt><trkpt lat="39.23838" lon="-120.28151000000003"><ele>2429.870900116884</ele></trkpt><trkpt lat="39.23853" lon="-120.28165999999999"><ele>2431.882661202527</ele></trkpt><trkpt lat="39.23871" lon="-120.28199000000001"><ele>2432.9983811154952</ele></trkpt><trkpt lat="39.23882" lon="-120.28205000000003"><ele>2436.421107569828</ele></trkpt><trkpt lat="39.23895" lon="-120.28231"><ele>2435.248337606408</ele></trkpt><trkpt lat="39.23903" lon="-120.28242999999998"><ele>2437.0</ele></trkpt><trkpt lat="39.23907" lon="-120.28251999999998"><ele>2438.6584535520524</ele></trkpt><trkpt lat="39.23905" lon="-120.2826"><ele>2439.9716034403405</ele></trkpt><trkpt lat="39.23886" lon="-120.28280999999998"><ele>2442.7346026659943</ele></trkpt><trkpt lat="39.23867" lon="-120.28291999999999"><ele>2443.943006626324</ele></trkpt><trkpt lat="39.2385" lon="-120.28314"><ele>2445.0410545213344</ele></trkpt><trkpt lat="39.23844" lon="-120.28331000000003"><ele>2447.0272470790333</ele></trkpt><trkpt lat="39.2384" lon="-120.28352999999998"><ele>2448.3439581226557</ele></trkpt><trkpt lat="39.23841" lon="-120.28368999999998"><ele>2448.0</ele></trkpt><trkpt lat="39.23856" lon="-120.28397000000001"><ele>2450.0</ele></trkpt><trkpt lat="39.23872" lon="-120.28445999999997"><ele>2454.0</ele></trkpt><trkpt lat="39.23893" lon="-120.28490999999997"><ele>2459.0</ele></trkpt><trkpt lat="39.23892" lon="-120.28514999999999"><ele>2461.497691034493</ele></trkpt><trkpt lat="39.23887" lon="-120.28539"><ele>2463.6063307613713</ele></trkpt><trkpt lat="39.23882" lon="-120.28548999999998"><ele>2465.0</ele></trkpt><trkpt lat="39.23883" lon="-120.28557"><ele>2464.718320996833</ele></trkpt><trkpt lat="39.23899" lon="-120.28580999999997"><ele>2467.384589825354</ele></trkpt><trkpt lat="39.23921" lon="-120.28598999999997"><ele>2470.0</ele></trkpt><trkpt lat="39.23922" lon="-120.28573"><ele>2473.684139603749</ele></trkpt><trkpt lat="39.23928" lon="-120.28557999999998"><ele>2475.877200130111</ele></trkpt><trkpt lat="39.23946" lon="-120.28537"><ele>2478.1596100981196</ele></trkpt><trkpt lat="39.23962" lon="-120.28530999999998"><ele>2480.812828332967</ele></trkpt><trkpt lat="39.23976" lon="-120.28521"><ele>2483.1767691895366</ele></trkpt><trkpt lat="39.24001" lon="-120.28480000000002"><ele>2489.0</ele></trkpt><trkpt lat="39.24023" lon="-120.28433999999999"><ele>2494.457594819367</ele></trkpt><trkpt lat="39.24025" lon="-120.28415999999999"><ele>2495.429121456472</ele></trkpt><trkpt lat="39.24039" lon="-120.28404"><ele>2500.0</ele></trkpt><trkpt lat="39.24049" lon="-120.28388999999999"><ele>2502.006783291096</ele></trkpt><trkpt lat="39.24055" lon="-120.28370999999999"><ele>2502.7127334531397</ele></trkpt><trkpt lat="39.24077" lon="-120.28359"><ele>2508.0</ele></trkpt><trkpt lat="39.2409" lon="-120.28341999999998"><ele>2510.7731419112533</ele></trkpt><trkpt lat="39.24132" lon="-120.28309999999999"><ele>2519.295352982357</ele></trkpt><trkpt lat="39.2415" lon="-120.28304000000003"><ele>2522.4533795570023</ele></trkpt><trkpt lat="39.24161" lon="-120.28295000000003"><ele>2524.6265796835396</ele></trkpt><trkpt lat="39.24176" lon="-120.28274999999996"><ele>2526.0</ele></trkpt><trkpt lat="39.24225" lon="-120.28226000000001"><ele>2539.0071302726865</ele></trkpt><trkpt lat="39.24246" lon="-120.28194000000002"><ele>2545.0</ele></trkpt><trkpt lat="39.24277" lon="-120.28118"><ele>2556.0687730875798</ele></trkpt><trkpt lat="39.24284" lon="-120.28093999999999"><ele>2559.509882789105</ele></trkpt><trkpt lat="39.24276" lon="-120.28078"><ele>2560.9605485574075</ele></trkpt><trkpt lat="39.24272" lon="-120.28066999999999"><ele>2562.28798476647</ele></trkpt><trkpt lat="39.24271" lon="-120.28037"><ele>2566.9930058884606</ele></trkpt><trkpt lat="39.24266" lon="-120.28030999999999"><ele>2567.5250538983196</ele></trkpt><trkpt lat="39.24251" lon="-120.28026999999997"><ele>2569.0</ele></trkpt><trkpt lat="39.24231" lon="-120.28003999999999"><ele>2574.3567537781782</ele></trkpt><trkpt lat="39.24208" lon="-120.27983999999998"><ele>2578.9282535202406</ele></trkpt><trkpt lat="39.24205" lon="-120.27978000000002"><ele>2580.4736319989897</ele></trkpt><trkpt lat="39.24206" lon="-120.27976000000001"><ele>2581.2329137563383</ele></trkpt><trkpt lat="39.24245" lon="-120.27981999999997"><ele>2586.6094968901016</ele></trkpt><trkpt lat="39.24304" lon="-120.27960000000002"><ele>2597.8622399987653</ele></trkpt><trkpt lat="39.24316" lon="-120.27960999999999"><ele>2600.3033901095155</ele></trkpt><trkpt lat="39.2437" lon="-120.27978000000002"><ele>2610.123235505568</ele></trkpt><trkpt lat="39.24402" lon="-120.27994000000001"><ele>2615.5162836965173</ele></trkpt><trkpt lat="39.24441" lon="-120.28025000000002"><ele>2623.9847635943443</ele></trkpt><trkpt lat="39.24449" lon="-120.28035"><ele>2626.0</ele></trkpt><trkpt lat="39.24469" lon="-120.28052000000002"><ele>2630.0</ele></trkpt><trkpt lat="39.24469" lon="-120.28052000000002"><ele>2630.0</ele></trkpt><trkpt lat="39.24482" lon="-120.28079000000002"><ele>2633.0</ele></trkpt><trkpt lat="39.24487" lon="-120.28156000000001"><ele>2641.4803804457188</ele></trkpt><trkpt lat="39.24497" lon="-120.28192000000001"><ele>2646.0</ele></trkpt><trkpt lat="39.24543" lon="-120.28280999999998"><ele>2657.7346026659943</ele></trkpt><trkpt lat="39.24574" lon="-120.28314"><ele>2661.111524986117</ele></trkpt><trkpt lat="39.24591" lon="-120.2835"><ele>2663.0</ele></trkpt><trkpt lat="39.24592" lon="-120.28370999999999"><ele>2665.100877658828</ele></trkpt><trkpt lat="39.24602" lon="-120.28408000000002"><ele>2670.931267879992</ele></trkpt><trkpt lat="39.24621427060734" lon="-120.28437562918509"><ele>2674.0</ele></trkpt><trkpt lat="39.24621427060734" lon="-120.28437562918509"><ele>2674.0</ele></trkpt><trkpt lat="39.24625" lon="-120.28442999999999"><ele>2674.0</ele></trkpt><trkpt lat="39.24711" lon="-120.2853"><ele>2658.0</ele></trkpt><trkpt lat="39.24779" lon="-120.28607999999997"><ele>2654.6162775550038</ele></trkpt><trkpt lat="39.24792" lon="-120.28619000000003"><ele>2653.0</ele></trkpt><trkpt lat="39.24839" lon="-120.28625999999997"><ele>2648.0</ele></trkpt><trkpt lat="39.24888" lon="-120.28647000000001"><ele>2644.0</ele></trkpt><trkpt lat="39.24927" lon="-120.28683000000001"><ele>2640.0</ele></trkpt><trkpt lat="39.24927" lon="-120.28683000000001"><ele>2640.0</ele></trkpt><trkpt lat="39.24941" lon="-120.28696000000002"><ele>2641.8742725048214</ele></trkpt><trkpt lat="39.24959" lon="-120.28732000000002"><ele>2645.0</ele></trkpt><trkpt lat="39.24966" lon="-120.28737999999998"><ele>2644.0</ele></trkpt><trkpt lat="39.25013" lon="-120.28739000000002"><ele>2637.0</ele></trkpt><trkpt lat="39.25074" lon="-120.28757000000002"><ele>2630.03705139576</ele></trkpt><trkpt lat="39.25123" lon="-120.28764999999999"><ele>2626.0</ele></trkpt><trkpt lat="39.25134" lon="-120.2878"><ele>2622.721210931425</ele></trkpt><trkpt lat="39.2516" lon="-120.28787"><ele>2622.4523057779297</ele></trkpt><trkpt lat="39.25175" lon="-120.28798"><ele>2618.529547969981</ele></trkpt><trkpt lat="39.25224" lon="-120.28856999999999"><ele>2607.0</ele></trkpt><trkpt lat="39.25237" lon="-120.28884"><ele>2606.0</ele></trkpt><trkpt lat="39.25256" lon="-120.28911"><ele>2603.0</ele></trkpt><trkpt lat="39.25315" lon="-120.28973000000002"><ele>2603.219317515145</ele></trkpt><trkpt lat="39.2533" lon="-120.29002000000003"><ele>2605.0</ele></trkpt><trkpt lat="39.25374" lon="-120.29118"><ele>2596.0901325078776</ele></trkpt><trkpt lat="39.25376" lon="-120.29133000000002"><ele>2595.0</ele></trkpt><trkpt lat="39.25375816787462" lon="-120.29135564975519"><ele>2594.5594470051738</ele></trkpt><trkpt lat="39.253757123790365" lon="-120.29137026693701"><ele>2594.161559848583</ele></trkpt><trkpt lat="39.25375" lon="-120.29147"><ele>2594.0</ele></trkpt><trkpt lat="39.25382" lon="-120.29170999999997"><ele>2593.0</ele></trkpt><trkpt lat="39.25405" lon="-120.29192"><ele>2594.7086257776245</ele></trkpt><trkpt lat="39.25406" lon="-120.29203000000001"><ele>2594.0</ele></trkpt><trkpt lat="39.2541" lon="-120.29209000000003"><ele>2593.0</ele></trkpt><trkpt lat="39.25409" lon="-120.29217"><ele>2592.0</ele></trkpt><trkpt lat="39.25417" lon="-120.29228"><ele>2590.0</ele></trkpt><trkpt lat="39.2542" lon="-120.29239999999999"><ele>2587.3390044448897</ele></trkpt><trkpt lat="39.2543" lon="-120.29251"><ele>2585.0</ele></trkpt><trkpt lat="39.25466" lon="-120.29273"><ele>2576.9598897774704</ele></trkpt><trkpt lat="39.25456" lon="-120.29278"><ele>2575.699001795501</ele></trkpt><trkpt lat="39.25439" lon="-120.29293000000001"><ele>2572.639214221388</ele></trkpt><trkpt lat="39.25471" lon="-120.29302000000001"><ele>2567.4449102212675</ele></trkpt><trkpt lat="39.25487" lon="-120.29311000000001"><ele>2566.117815361179</ele></trkpt><trkpt lat="39.25537" lon="-120.29359"><ele>2563.4956379532623</ele></trkpt><trkpt lat="39.25566" lon="-120.29410999999999"><ele>2559.0105682399017</ele></trkpt><trkpt lat="39.25582" lon="-120.29455000000002"><ele>2555.091566216661</ele></trkpt><trkpt lat="39.25597" lon="-120.29484000000002"><ele>2552.300609841943</ele></trkpt><trkpt lat="39.25605" lon="-120.29506000000003"><ele>2550.1827848930407</ele></trkpt><trkpt lat="39.25606" lon="-120.29530999999997"><ele>2547.090561611578</ele></trkpt><trkpt lat="39.2561" lon="-120.29543000000001"><ele>2545.6287622596137</ele></trkpt><trkpt lat="39.2561" lon="-120.29552999999999"><ele>2544.2342715996583</ele></trkpt><trkpt lat="39.25603" lon="-120.29543000000001"><ele>2541.3222573560333</ele></trkpt><trkpt lat="39.25603" lon="-120.29559"><ele>2538.0520598679764</ele></trkpt><trkpt lat="39.25614" lon="-120.29597000000001"><ele>2535.9966847372593</ele></trkpt><trkpt lat="39.25634" lon="-120.29708"><ele>2532.9426065459847</ele></trkpt><trkpt lat="39.25639" lon="-120.29746"><ele>2529.9771999023214</ele></trkpt><trkpt lat="39.25637" lon="-120.29777999999999"><ele>2528.1353547796607</ele></trkpt><trkpt lat="39.25628" lon="-120.29827"><ele>2523.331448394805</ele></trkpt><trkpt lat="39.25626" lon="-120.29852"><ele>2520.127729697153</ele></trkpt><trkpt lat="39.25629" lon="-120.29859999999996"><ele>2520.9333078712225</ele></trkpt><trkpt lat="39.25628" lon="-120.29897"><ele>2519.0</ele></trkpt><trkpt lat="39.25644" lon="-120.29955999999999"><ele>2512.9867657234995</ele></trkpt><trkpt lat="39.25671" lon="-120.30007"><ele>2508.9141280931062</ele></trkpt><trkpt lat="39.25689" lon="-120.30029000000002"><ele>2512.045033607632</ele></trkpt><trkpt lat="39.25689" lon="-120.30029000000002"><ele>2512.045033607632</ele></trkpt><trkpt lat="39.25704" lon="-120.30048"><ele>2512.057221421369</ele></trkpt><trkpt lat="39.25729" lon="-120.30069000000003"><ele>2512.997361413763</ele></trkpt><trkpt lat="39.2576" lon="-120.30083000000002"><ele>2512.47252977686</ele></trkpt><trkpt lat="39.25786" lon="-120.30092000000002"><ele>2511.704536336474</ele></trkpt><trkpt lat="39.2581" lon="-120.30093"><ele>2513.812191999983</ele></trkpt><trkpt lat="39.25855" lon="-120.30110000000002"><ele>2514.889617776964</ele></trkpt><trkpt lat="39.25874" lon="-120.30110000000002"><ele>2516.0</ele></trkpt><trkpt lat="39.25916" lon="-120.30093999999997"><ele>2518.3461582236923</ele></trkpt><trkpt lat="39.25933" lon="-120.30078000000003"><ele>2518.821921950446</ele></trkpt><trkpt lat="39.25964" lon="-120.30039"><ele>2516.4292860965643</ele></trkpt><trkpt lat="39.25969" lon="-120.30029000000002"><ele>2515.7936783639275</ele></trkpt><trkpt lat="39.25969" lon="-120.30029000000002"><ele>2515.7936783639275</ele></trkpt><trkpt lat="39.26017" lon="-120.29944999999998"><ele>2517.439652647189</ele></trkpt><trkpt lat="39.26031" lon="-120.29908"><ele>2517.1374771810365</ele></trkpt><trkpt lat="39.26041" lon="-120.29890999999998"><ele>2516.0442986497656</ele></trkpt><trkpt lat="39.26062" lon="-120.29877999999997"><ele>2514.458638879558</ele></trkpt><trkpt lat="39.26069" lon="-120.29852"><ele>2515.366525358986</ele></trkpt><trkpt lat="39.2611" lon="-120.29790000000003"><ele>2512.5827582874335</ele></trkpt><trkpt lat="39.26162" lon="-120.29739999999998"><ele>2512.0</ele></trkpt><trkpt lat="39.26243" lon="-120.29714000000001"><ele>2504.4389937771484</ele></trkpt><trkpt lat="39.26291" lon="-120.29683999999997"><ele>2500.0</ele></trkpt><trkpt lat="39.26291" lon="-120.29683999999997"><ele>2500.0</ele></trkpt><trkpt lat="39.26291" lon="-120.29683999999997"><ele>2500.0</ele></trkpt><trkpt lat="39.26308" lon="-120.29692"><ele>2499.691736888606</ele></trkpt><trkpt lat="39.26321" lon="-120.29691000000003"><ele>2500.157770664897</ele></trkpt><trkpt lat="39.26344" lon="-120.29696000000001"><ele>2499.0</ele></trkpt><trkpt lat="39.26398" lon="-120.29694999999998"><ele>2502.2936355560087</ele></trkpt><trkpt lat="39.26423" lon="-120.29703"><ele>2503.0</ele></trkpt><trkpt lat="39.26465" lon="-120.29739000000001"><ele>2505.0928983611702</ele></trkpt><trkpt lat="39.26481" lon="-120.29764999999998"><ele>2506.748780786991</ele></trkpt><trkpt lat="39.26503" lon="-120.29831999999999"><ele>2507.991320418194</ele></trkpt><trkpt lat="39.26519" lon="-120.29868999999997"><ele>2505.8260426623747</ele></trkpt><trkpt lat="39.2658" lon="-120.29930999999999"><ele>2505.6502004680224</ele></trkpt><trkpt lat="39.26597" lon="-120.29964999999999"><ele>2502.0</ele></trkpt><trkpt lat="39.26606" lon="-120.29971"><ele>2500.6683128885925</ele></trkpt><trkpt lat="39.26628" lon="-120.29975000000002"><ele>2501.8041777764447</ele></trkpt><trkpt lat="39.26628" lon="-120.29975000000002"><ele>2501.8041777764447</ele></trkpt><trkpt lat="39.26647" lon="-120.29973999999999"><ele>2502.0</ele></trkpt><trkpt lat="39.267" lon="-120.29989999999998"><ele>2493.920641803837</ele></trkpt><trkpt lat="39.26716" lon="-120.30000000000001"><ele>2492.1533333323896</ele></trkpt><trkpt lat="39.26739" lon="-120.30005"><ele>2491.8231644444168</ele></trkpt><trkpt lat="39.26795" lon="-120.30029000000002"><ele>2488.638353777118</ele></trkpt><trkpt lat="39.26795" lon="-120.30029000000002"><ele>2488.638353777118</ele></trkpt><trkpt lat="39.26811" lon="-120.30036999999999"><ele>2489.9452624613114</ele></trkpt><trkpt lat="39.2685" lon="-120.30079999999998"><ele>2487.7555205931985</ele></trkpt><trkpt lat="39.26899" lon="-120.30151000000001"><ele>2491.0</ele></trkpt><trkpt lat="39.26901" lon="-120.30160999999998"><ele>2492.8781048879027</ele></trkpt><trkpt lat="39.26897" lon="-120.30182000000002"><ele>2494.7185127026323</ele></trkpt><trkpt lat="39.26898" lon="-120.30203"><ele>2494.762173574418</ele></trkpt><trkpt lat="39.26902" lon="-120.30222000000003"><ele>2494.86388288904</ele></trkpt><trkpt lat="39.26907" lon="-120.30241000000001"><ele>2492.1509653187127</ele></trkpt><trkpt lat="39.26925" lon="-120.30270000000002"><ele>2489.3242133324966</ele></trkpt><trkpt lat="39.26933" lon="-120.30276000000003"><ele>2487.0891686642976</ele></trkpt><trkpt lat="39.26944" lon="-120.30279000000002"><ele>2485.129909332376</ele></trkpt><trkpt lat="39.26995" lon="-120.30277000000001"><ele>2481.061976888217</ele></trkpt><trkpt lat="39.27009" lon="-120.30279999999999"><ele>2479.6638755556196</ele></trkpt><trkpt lat="39.27023" lon="-120.30286999999998"><ele>2478.406968123064</ele></trkpt><trkpt lat="39.27041" lon="-120.30311"><ele>2475.0</ele></trkpt><trkpt lat="39.2705" lon="-120.30315999999999"><ele>2472.7376235034317</ele></trkpt><trkpt lat="39.27042" lon="-120.30318"><ele>2472.974867891733</ele></trkpt><trkpt lat="39.2702" lon="-120.30309"><ele>2471.1488959998824</ele></trkpt><trkpt lat="39.27002" lon="-120.30309"><ele>2468.1488959998824</ele></trkpt><trkpt lat="39.26924" lon="-120.30333999999999"><ele>2456.996103110723</ele></trkpt><trkpt lat="39.26993" lon="-120.30347999999998"><ele>2451.998667514589</ele></trkpt><trkpt lat="39.27005" lon="-120.30358000000001"><ele>2452.054282710547</ele></trkpt><trkpt lat="39.27038" lon="-120.30405000000002"><ele>2446.448257440701</ele></trkpt><trkpt lat="39.27079" lon="-120.30444999999997"><ele>2441.0</ele></trkpt><trkpt lat="39.27089" lon="-120.30466999999999"><ele>2440.0</ele></trkpt><trkpt lat="39.27105" lon="-120.30488000000003"><ele>2438.7292384591556</ele></trkpt><trkpt lat="39.27122" lon="-120.30518999999998"><ele>2436.8294331275874</ele></trkpt><trkpt lat="39.27137" lon="-120.30536000000001"><ele>2436.233819931743</ele></trkpt><trkpt lat="39.27159" lon="-120.30581000000001"><ele>2441.6122915558517</ele></trkpt><trkpt lat="39.27168" lon="-120.30592000000001"><ele>2445.738663112279</ele></trkpt><trkpt lat="39.27178" lon="-120.30596000000003"><ele>2446.8237619057572</ele></trkpt><trkpt lat="39.27184" lon="-120.30606999999998"><ele>2444.142649643123</ele></trkpt><trkpt lat="39.27191" lon="-120.30646000000002"><ele>2444.0</ele></trkpt><trkpt lat="39.2719" lon="-120.30662999999998"><ele>2444.093496711016</ele></trkpt><trkpt lat="39.27195" lon="-120.30683999999997"><ele>2443.0</ele></trkpt><trkpt lat="39.272" lon="-120.30689000000001"><ele>2442.0</ele></trkpt><trkpt lat="39.27211" lon="-120.30713000000003"><ele>2439.182519098744</ele></trkpt><trkpt lat="39.27212" lon="-120.30727999999999"><ele>2437.8807431114838</ele></trkpt><trkpt lat="39.27224" lon="-120.30745999999999"><ele>2436.0</ele></trkpt><trkpt lat="39.27241" lon="-120.30766"><ele>2436.0</ele></trkpt><trkpt lat="39.2726" lon="-120.30797000000001"><ele>2438.0</ele></trkpt><trkpt lat="39.27273" lon="-120.30827999999997"><ele>2441.0</ele></trkpt><trkpt lat="39.27279" lon="-120.30845999999997"><ele>2442.0</ele></trkpt><trkpt lat="39.27288" lon="-120.30919"><ele>2442.0</ele></trkpt><trkpt lat="39.27293" lon="-120.30939999999998"><ele>2442.0</ele></trkpt><trkpt lat="39.27301" lon="-120.30957000000001"><ele>2441.0</ele></trkpt><trkpt lat="39.27311" lon="-120.30966000000001"><ele>2439.964703998994</ele></trkpt><trkpt lat="39.27347" lon="-120.30977999999999"><ele>2435.3519394439886</ele></trkpt><trkpt lat="39.27367" lon="-120.30979000000002"><ele>2433.0</ele></trkpt><trkpt lat="39.27482" lon="-120.30995999999999"><ele>2419.983690666966</ele></trkpt><trkpt lat="39.27557" lon="-120.31010000000003"><ele>2417.4592177760787</ele></trkpt><trkpt lat="39.27648" lon="-120.31085999999999"><ele>2407.0</ele></trkpt><trkpt lat="39.27694" lon="-120.31103999999999"><ele>2402.6520426673815</ele></trkpt><trkpt lat="39.27702" lon="-120.31115"><ele>2401.0</ele></trkpt><trkpt lat="39.2776" lon="-120.31144999999998"><ele>2395.0</ele></trkpt><trkpt lat="39.27789" lon="-120.31166999999999"><ele>2391.893645247957</ele></trkpt><trkpt lat="39.27806" lon="-120.31175000000002"><ele>2389.5636444436386</ele></trkpt><trkpt lat="39.27876" lon="-120.31182000000001"><ele>2386.0</ele></trkpt><trkpt lat="39.27927" lon="-120.31204000000002"><ele>2384.0486648874357</ele></trkpt><trkpt lat="39.27955" lon="-120.31231000000002"><ele>2381.514295499026</ele></trkpt><trkpt lat="39.28003" lon="-120.31261"><ele>2379.0</ele></trkpt><trkpt lat="39.28047" lon="-120.31281999999999"><ele>2374.698030222673</ele></trkpt><trkpt lat="39.28060634757419" lon="-120.31284406133659"><ele>2374.0</ele></trkpt><trkpt lat="39.28063113058024" lon="-120.31284843480648"><ele>2374.0</ele></trkpt><trkpt lat="39.28064" lon="-120.31285000000003"><ele>2374.0</ele></trkpt><trkpt lat="39.28103" lon="-120.31310000000002"><ele>2370.0</ele></trkpt><trkpt lat="39.28142" lon="-120.31342999999998"><ele>2366.0</ele></trkpt><trkpt lat="39.28168" lon="-120.31369000000001"><ele>2366.0</ele></trkpt><trkpt lat="39.28177" lon="-120.31375000000003"><ele>2367.0</ele></trkpt><trkpt lat="39.28205" lon="-120.31417999999996"><ele>2366.0</ele></trkpt><trkpt lat="39.28233" lon="-120.31464"><ele>2364.0</ele></trkpt><trkpt lat="39.28253" lon="-120.31504000000001"><ele>2364.6256256853467</ele></trkpt><trkpt lat="39.28267" lon="-120.31519000000003"><ele>2363.2949861107295</ele></trkpt><trkpt lat="39.28314" lon="-120.31594000000001"><ele>2356.0</ele></trkpt><trkpt lat="39.28329" lon="-120.31655"><ele>2370.0</ele></trkpt><trkpt lat="39.28329" lon="-120.31655"><ele>2370.0</ele></trkpt><trkpt lat="39.28361" lon="-120.31709000000001"><ele>2371.0</ele></trkpt><trkpt lat="39.28379" lon="-120.31756999999999"><ele>2373.0</ele></trkpt><trkpt lat="39.28396" lon="-120.31772999999998"><ele>2377.0</ele></trkpt><trkpt lat="39.28424" lon="-120.31785000000002"><ele>2381.716960001737</ele></trkpt><trkpt lat="39.28428" lon="-120.31790000000001"><ele>2383.047128889244</ele></trkpt><trkpt lat="39.28418" lon="-120.31812000000002"><ele>2387.0</ele></trkpt><trkpt lat="39.28376" lon="-120.31852000000003"><ele>2391.9412231128663</ele></trkpt><trkpt lat="39.28329" lon="-120.31903"><ele>2398.708945777733</ele></trkpt><trkpt lat="39.28329" lon="-120.31903"><ele>2398.708945777733</ele></trkpt><trkpt lat="39.28295" lon="-120.31927000000002"><ele>2402.8937564454973</ele></trkpt><trkpt lat="39.28287" lon="-120.31936999999999"><ele>2403.5426184915127</ele></trkpt><trkpt lat="39.28279" lon="-120.31961999999999"><ele>2408.0333208137154</ele></trkpt><trkpt lat="39.28274" lon="-120.32002999999997"><ele>2412.1521544847637</ele></trkpt><trkpt lat="39.28284" lon="-120.31992000000002"><ele>2415.0321745415604</ele></trkpt><trkpt lat="39.28329" lon="-120.31961000000001"><ele>2420.808631516747</ele></trkpt><trkpt lat="39.28329" lon="-120.31961000000001"><ele>2420.808631516747</ele></trkpt><trkpt lat="39.28352" lon="-120.31950999999998"><ele>2423.0785671104677</ele></trkpt><trkpt lat="39.28418" lon="-120.31948"><ele>2430.953199254108</ele></trkpt><trkpt lat="39.28434" lon="-120.31954000000002"><ele>2433.2444683847807</ele></trkpt><trkpt lat="39.28461" lon="-120.31975"><ele>2437.0674575003377</ele></trkpt><trkpt lat="39.2849" lon="-120.32002"><ele>2437.0</ele></trkpt><trkpt lat="39.28497" lon="-120.32013"><ele>2436.0</ele></trkpt><trkpt lat="39.28516" lon="-120.32027"><ele>2434.0</ele></trkpt><trkpt lat="39.2854" lon="-120.32056999999998"><ele>2429.0</ele></trkpt><trkpt lat="39.28551" lon="-120.32076"><ele>2427.0</ele></trkpt><trkpt lat="39.28578" lon="-120.32103000000001"><ele>2426.0</ele></trkpt><trkpt lat="39.28608" lon="-120.32164999999998"><ele>2431.0</ele></trkpt><trkpt lat="39.28616" lon="-120.32200999999998"><ele>2436.5161690013483</ele></trkpt><trkpt lat="39.28616" lon="-120.32200999999998"><ele>2436.5161690013483</ele></trkpt><trkpt lat="39.28616" lon="-120.32200999999998"><ele>2436.5161690013483</ele></trkpt><trkpt lat="39.28628" lon="-120.32222999999999"><ele>2436.543512391858</ele></trkpt><trkpt lat="39.28635" lon="-120.32227"><ele>2434.4889355059713</ele></trkpt><trkpt lat="39.28635" lon="-120.32227"><ele>2434.4889355059713</ele></trkpt><trkpt lat="39.28648" lon="-120.32241999999997"><ele>2432.459271969028</ele></trkpt><trkpt lat="39.28675" lon="-120.32285999999999"><ele>2436.1998826665804</ele></trkpt><trkpt lat="39.28741" lon="-120.32335"><ele>2440.035537777934</ele></trkpt><trkpt lat="39.28769" lon="-120.32342"><ele>2438.297774222214</ele></trkpt><trkpt lat="39.28835" lon="-120.32330000000002"><ele>2434.7053688899614</ele></trkpt><trkpt lat="39.28869" lon="-120.32342"><ele>2433.7128076261647</ele></trkpt><trkpt lat="39.28877" lon="-120.32348000000002"><ele>2432.072730575923</ele></trkpt><trkpt lat="39.28881" lon="-120.32355999999999"><ele>2432.1876119491644</ele></trkpt><trkpt lat="39.28901" lon="-120.32355000000001"><ele>2431.7124266689643</ele></trkpt><trkpt lat="39.28924" lon="-120.32346000000001"><ele>2431.1619093343616</ele></trkpt><trkpt lat="39.28969" lon="-120.32351"><ele>2434.0</ele></trkpt><trkpt lat="39.28983" lon="-120.32339000000002"><ele>2432.0479088716334</ele></trkpt><trkpt lat="39.29032" lon="-120.32319000000001"><ele>2429.323422751989</ele></trkpt><trkpt lat="39.29066" lon="-120.32299"><ele>2427.258321778383</ele></trkpt><trkpt lat="39.29071" lon="-120.32285999999999"><ele>2425.0</ele></trkpt><trkpt lat="39.29071" lon="-120.32274000000001"><ele>2425.0</ele></trkpt><trkpt lat="39.29075" lon="-120.32259999999997"><ele>2423.0830044434406</ele></trkpt><trkpt lat="39.29084" lon="-120.32252"><ele>2422.3547342224047</ele></trkpt><trkpt lat="39.29101" lon="-120.32249999999999"><ele>2421.4226666665636</ele></trkpt><trkpt lat="39.29129" lon="-120.32227"><ele>2418.0</ele></trkpt><trkpt lat="39.29129" lon="-120.32227"><ele>2418.0</ele></trkpt><trkpt lat="39.29138" lon="-120.32214999999997"><ele>2419.0</ele></trkpt><trkpt lat="39.29144" lon="-120.32213000000002"><ele>2420.0</ele></trkpt><trkpt lat="39.29153" lon="-120.32216"><ele>2420.0</ele></trkpt><trkpt lat="39.2917" lon="-120.32214999999997"><ele>2419.8885155571625</ele></trkpt><trkpt lat="39.29206" lon="-120.32202000000001"><ele>2418.6303662548125</ele></trkpt><trkpt lat="39.29215" lon="-120.32193000000001"><ele>2416.352656844473</ele></trkpt><trkpt lat="39.29238" lon="-120.32181000000003"><ele>2413.73366399901</ele></trkpt><trkpt lat="39.29252" lon="-120.32177999999999"><ele>2413.0</ele></trkpt><trkpt lat="39.29282" lon="-120.32164999999998"><ele>2410.171326221859</ele></trkpt><trkpt lat="39.29293" lon="-120.32150000000001"><ele>2409.0500271939854</ele></trkpt><trkpt lat="39.29324" lon="-120.32137999999998"><ele>2406.9113768578345</ele></trkpt><trkpt lat="39.29335" lon="-120.32130999999998"><ele>2405.0348380466426</ele></trkpt><trkpt lat="39.29347" lon="-120.32114999999999"><ele>2402.0</ele></trkpt><trkpt lat="39.29354" lon="-120.32096000000001"><ele>2401.5440404135734</ele></trkpt><trkpt lat="39.29359" lon="-120.32080000000002"><ele>2399.5331414099783</ele></trkpt><trkpt lat="39.29355" lon="-120.32071000000002"><ele>2400.941860785708</ele></trkpt><trkpt lat="39.29367" lon="-120.32049999999998"><ele>2396.0</ele></trkpt><trkpt lat="39.29367" lon="-120.32049999999998"><ele>2396.0</ele></trkpt><trkpt lat="39.29367" lon="-120.32049999999998"><ele>2396.0</ele></trkpt><trkpt lat="39.29390862289878" lon="-120.32055759863073"><ele>2393.6537364944816</ele></trkpt><trkpt lat="39.29390862289878" lon="-120.32055759863073"><ele>2393.6537364944816</ele></trkpt><trkpt lat="39.29396" lon="-120.32056999999998"><ele>2394.0</ele></trkpt><trkpt lat="39.29416" lon="-120.32074999999998"><ele>2395.0</ele></trkpt><trkpt lat="39.29419" lon="-120.32092"><ele>2393.6825429235832</ele></trkpt><trkpt lat="39.29429" lon="-120.32114999999999"><ele>2392.0</ele></trkpt><trkpt lat="39.29434" lon="-120.32118000000003"><ele>2392.0</ele></trkpt><trkpt lat="39.29447" lon="-120.32114999999999"><ele>2391.0</ele></trkpt><trkpt lat="39.294534311025586" lon="-120.32109819389603"><ele>2390.9688913178975</ele></trkpt><trkpt lat="39.294534311025586" lon="-120.32109819389603"><ele>2390.9688913178975</ele></trkpt><trkpt lat="39.29483" lon="-120.32085999999998"><ele>2386.8631055157502</ele></trkpt><trkpt lat="39.2949" lon="-120.32067999999998"><ele>2388.0423021595925</ele></trkpt><trkpt lat="39.2953" lon="-120.32015000000001"><ele>2390.601106048768</ele></trkpt><trkpt lat="39.29543" lon="-120.31995"><ele>2392.1465091095306</ele></trkpt><trkpt lat="39.29562" lon="-120.31981999999999"><ele>2392.1005825672596</ele></trkpt><trkpt lat="39.29607" lon="-120.31966"><ele>2387.9309262218885</ele></trkpt><trkpt lat="39.2966" lon="-120.31936000000002"><ele>2385.911939554848</ele></trkpt><trkpt lat="39.29688" lon="-120.31927000000002"><ele>2384.517504690215</ele></trkpt><trkpt lat="39.29714" lon="-120.31911000000002"><ele>2380.316599890124</ele></trkpt><trkpt lat="39.29733" lon="-120.31893000000002"><ele>2381.26319190301</ele></trkpt><trkpt lat="39.29745" lon="-120.31889999999999"><ele>2379.34949333407</ele></trkpt><trkpt lat="39.29762" lon="-120.31889000000001"><ele>2376.815527110826</ele></trkpt><trkpt lat="39.29786" lon="-120.31893000000002"><ele>2373.9513919986784</ele></trkpt><trkpt lat="39.29793" lon="-120.31891000000002"><ele>2374.883459554054</ele></trkpt><trkpt lat="39.29816" lon="-120.31898999999999"><ele>2373.1551893339492</ele></trkpt><trkpt lat="39.29834" lon="-120.31911000000002"><ele>2370.0</ele></trkpt><trkpt lat="39.29846" lon="-120.31911000000002"><ele>2368.562783998903</ele></trkpt><trkpt lat="39.29865" lon="-120.31934000000001"><ele>2364.844007110223</ele></trkpt><trkpt lat="39.29911" lon="-120.31956000000002"><ele>2361.474595794454</ele></trkpt><trkpt lat="39.29916" lon="-120.31968"><ele>2359.999879555437</ele></trkpt><trkpt lat="39.29929" lon="-120.31988000000001"><ele>2358.6781831108965</ele></trkpt><trkpt lat="39.29949" lon="-120.31999000000002"><ele>2356.551811554469</ele></trkpt><trkpt lat="39.29954718420615" lon="-120.31999000000002"><ele>2356.551811554469</ele></trkpt><trkpt lat="39.29956873882623" lon="-120.31999000000002"><ele>2356.551811554469</ele></trkpt><trkpt lat="39.29981" lon="-120.31999000000002"><ele>2354.551811554469</ele></trkpt><trkpt lat="39.29995" lon="-120.32006999999999"><ele>2352.8235413334332</ele></trkpt><trkpt lat="39.30006" lon="-120.32009"><ele>2351.891473778058</ele></trkpt><trkpt lat="39.30015" lon="-120.32006999999999"><ele>2352.399041388795</ele></trkpt><trkpt lat="39.30024" lon="-120.31993999999997"><ele>2353.889582292399</ele></trkpt><trkpt lat="39.30027" lon="-120.31992000000002"><ele>2353.9520802222787</ele></trkpt><trkpt lat="39.3003" lon="-120.31995"><ele>2353.415946666617</ele></trkpt><trkpt lat="39.3003" lon="-120.31995"><ele>2353.415946666617</ele></trkpt><trkpt lat="39.30039" lon="-120.32004999999998"><ele>2354.0</ele></trkpt><trkpt lat="39.30057" lon="-120.32011999999997"><ele>2354.903468857533</ele></trkpt><trkpt lat="39.3008" lon="-120.32038999999997"><ele>2351.6018210775183</ele></trkpt><trkpt lat="39.30097" lon="-120.32089000000002"><ele>2346.960538523133</ele></trkpt><trkpt lat="39.30097" lon="-120.32099"><ele>2346.0</ele></trkpt><trkpt lat="39.3011" lon="-120.32155"><ele>2341.0</ele></trkpt><trkpt lat="39.30123" lon="-120.32170000000002"><ele>2340.380570468911</ele></trkpt><trkpt lat="39.30141" lon="-120.32217000000003"><ele>2335.5758470377796</ele></trkpt><trkpt lat="39.30153" lon="-120.32222999999999"><ele>2334.0</ele></trkpt><trkpt lat="39.30173" lon="-120.32227"><ele>2331.2961102216505</ele></trkpt><trkpt lat="39.30173" lon="-120.32227"><ele>2331.2961102216505</ele></trkpt><trkpt lat="39.30179" lon="-120.32227"><ele>2331.2121953626856</ele></trkpt><trkpt lat="39.30179" lon="-120.32227"><ele>2331.2121953626856</ele></trkpt><trkpt lat="39.30192" lon="-120.32222999999999"><ele>2330.9053973576674</ele></trkpt><trkpt lat="39.30209" lon="-120.32223999999997"><ele>2327.694211557042</ele></trkpt><trkpt lat="39.30224" lon="-120.32218"><ele>2326.1056615496054</ele></trkpt><trkpt lat="39.30237" lon="-120.32218"><ele>2323.490414221771</ele></trkpt><trkpt lat="39.30267" lon="-120.32227"><ele>2321.2961102216505</ele></trkpt><trkpt lat="39.30267" lon="-120.32227"><ele>2321.2961102216505</ele></trkpt><trkpt lat="39.30273" lon="-120.32231999999999"><ele>2320.9659413336776</ele></trkpt><trkpt lat="39.30286" lon="-120.32235000000003"><ele>2320.0</ele></trkpt><trkpt lat="39.30303" lon="-120.32235000000003"><ele>2318.567839998286</ele></trkpt><trkpt lat="39.30321" lon="-120.32250999999997"><ele>2318.0</ele></trkpt><trkpt lat="39.30329" lon="-120.32249000000002"><ele>2317.0</ele></trkpt><trkpt lat="39.30339" lon="-120.32256999999998"><ele>2317.7565721607452</ele></trkpt><trkpt lat="39.30364" lon="-120.32249000000002"><ele>2317.043367109727</ele></trkpt><trkpt lat="39.30412" lon="-120.32256999999998"><ele>2313.7049915632233</ele></trkpt><trkpt lat="39.3042" lon="-120.32253000000003"><ele>2314.102471790872</ele></trkpt><trkpt lat="39.3043" lon="-120.32254"><ele>2312.8706552339745</ele></trkpt><trkpt lat="39.30437" lon="-120.32240999999999"><ele>2311.3331027235836</ele></trkpt><trkpt lat="39.30442" lon="-120.32238999999998"><ele>2311.0</ele></trkpt><trkpt lat="39.30452" lon="-120.32240999999999"><ele>2311.0</ele></trkpt><trkpt lat="39.30452" lon="-120.32240999999999"><ele>2311.0</ele></trkpt><trkpt lat="39.30473" lon="-120.32236999999998"><ele>2309.8729675646655</ele></trkpt><trkpt lat="39.30496" lon="-120.32227"><ele>2309.0</ele></trkpt><trkpt lat="39.30496" lon="-120.32227"><ele>2309.0</ele></trkpt><trkpt lat="39.30519" lon="-120.32214999999997"><ele>2307.8944858152213</ele></trkpt><trkpt lat="39.30542" lon="-120.32227"><ele>2307.2682790519234</ele></trkpt><trkpt lat="39.30542" lon="-120.32227"><ele>2307.2682790519234</ele></trkpt><trkpt lat="39.30593" lon="-120.32258000000002"><ele>2303.0</ele></trkpt><trkpt lat="39.30603" lon="-120.32274000000001"><ele>2301.0</ele></trkpt><trkpt lat="39.306096378829054" lon="-120.32289488393445"><ele>2299.0</ele></trkpt><trkpt lat="39.306096378829054" lon="-120.32289488393445"><ele>2299.0</ele></trkpt><trkpt lat="39.30612" lon="-120.32294999999999"><ele>2297.9740046284824</ele></trkpt><trkpt lat="39.3063" lon="-120.32295999999997"><ele>2295.1397795570083</ele></trkpt><trkpt lat="39.30658" lon="-120.32285999999999"><ele>2293.8458350341666</ele></trkpt><trkpt lat="39.30672" lon="-120.32272999999998"><ele>2292.858556445688</ele></trkpt><trkpt lat="39.30675" lon="-120.32263"><ele>2293.523825492834</ele></trkpt><trkpt lat="39.30691" lon="-120.32258000000002"><ele>2294.9023509799854</ele></trkpt><trkpt lat="39.307" lon="-120.32245999999998"><ele>2295.0</ele></trkpt><trkpt lat="39.30713" lon="-120.32240999999999"><ele>2294.795054799909</ele></trkpt><trkpt lat="39.30765" lon="-120.32234"><ele>2290.0</ele></trkpt><trkpt lat="39.30796" lon="-120.32240999999999"><ele>2283.7716373340227</ele></trkpt><trkpt lat="39.30816" lon="-120.32240000000002"><ele>2285.0</ele></trkpt><trkpt lat="39.30827" lon="-120.32245"><ele>2284.907502221875</ele></trkpt><trkpt lat="39.30837" lon="-120.32267000000002"><ele>2281.6547591099516</ele></trkpt><trkpt lat="39.30846" lon="-120.3227"><ele>2280.25665777782</ele></trkpt><trkpt lat="39.30858" lon="-120.32267999999999"><ele>2279.188725333195</ele></trkpt><trkpt lat="39.30902" lon="-120.32294999999999"><ele>2273.338844904676</ele></trkpt><trkpt lat="39.30903" lon="-120.32299999999998"><ele>2273.0</ele></trkpt><trkpt lat="39.30885" lon="-120.32294999999999"><ele>2269.800433890041</ele></trkpt><trkpt lat="39.30879" lon="-120.32297"><ele>2269.0</ele></trkpt><trkpt lat="39.30878" lon="-120.32301000000001"><ele>2268.5849033561226</ele></trkpt><trkpt lat="39.30898" lon="-120.32310999999999"><ele>2266.0483317507606</ele></trkpt><trkpt lat="39.30905" lon="-120.32319999999999"><ele>2263.9549688897096</ele></trkpt><trkpt lat="39.30922" lon="-120.32333"><ele>2261.896529777441</ele></trkpt><trkpt lat="39.30972" lon="-120.32387"><ele>2253.7307057781145</ele></trkpt><trkpt lat="39.31015" lon="-120.32416"><ele>2249.0</ele></trkpt><trkpt lat="39.3103" lon="-120.32432"><ele>2247.8001792348214</ele></trkpt><trkpt lat="39.31036" lon="-120.32442000000003"><ele>2246.098847998772</ele></trkpt><trkpt lat="39.31046" lon="-120.32475"><ele>2242.0</ele></trkpt><trkpt lat="39.31056" lon="-120.32490000000001"><ele>2241.3574808082767</ele></trkpt><trkpt lat="39.31061" lon="-120.32506000000001"><ele>2240.5018502660096</ele></trkpt><trkpt lat="39.3107" lon="-120.32517000000001"><ele>2238.146314665675</ele></trkpt><trkpt lat="39.31078" lon="-120.32517000000001"><ele>2239.0</ele></trkpt><trkpt lat="39.31131" lon="-120.32549"><ele>2233.233233777806</ele></trkpt><trkpt lat="39.31146" lon="-120.32562999999999"><ele>2232.0</ele></trkpt><trkpt lat="39.3118" lon="-120.32578000000001"><ele>2230.7687735432346</ele></trkpt><trkpt lat="39.31161" lon="-120.32586000000003"><ele>2227.727565372895</ele></trkpt><trkpt lat="39.31139" lon="-120.32583"><ele>2225.1876686720075</ele></trkpt><trkpt lat="39.31138" lon="-120.32585"><ele>2224.935398119679</ele></trkpt><trkpt lat="39.31157" lon="-120.32604000000003"><ele>2222.195800102337</ele></trkpt><trkpt lat="39.31173" lon="-120.32614999999998"><ele>2220.0</ele></trkpt><trkpt lat="39.31212" lon="-120.32619999999997"><ele>2218.1448355568573</ele></trkpt><trkpt lat="39.31219" lon="-120.32623000000001"><ele>2217.746734221466</ele></trkpt><trkpt lat="39.31227" lon="-120.32619999999997"><ele>2217.1448355568573</ele></trkpt><trkpt lat="39.31245" lon="-120.32621"><ele>2215.6788017777726</ele></trkpt><trkpt lat="39.31264" lon="-120.3261"><ele>2213.8488350125035</ele></trkpt><trkpt lat="39.31288" lon="-120.32587000000001"><ele>2211.5239502219483</ele></trkpt><trkpt lat="39.31304" lon="-120.32587999999998"><ele>2211.057916445192</ele></trkpt><trkpt lat="39.31346" lon="-120.32576"><ele>2206.94111887725</ele></trkpt><trkpt lat="39.31369" lon="-120.32560000000001"><ele>2204.9799203397856</ele></trkpt><trkpt lat="39.31372" lon="-120.32562999999999"><ele>2203.7584050845776</ele></trkpt><trkpt lat="39.31373" lon="-120.32569000000001"><ele>2202.912558221724</ele></trkpt><trkpt lat="39.31372" lon="-120.32573000000002"><ele>2202.0082541328466</ele></trkpt><trkpt lat="39.31353" lon="-120.32596999999998"><ele>2199.947511844828</ele></trkpt><trkpt lat="39.31349" lon="-120.32605000000001"><ele>2199.0033240121247</ele></trkpt><trkpt lat="39.31348" lon="-120.32613000000003"><ele>2197.778785237784</ele></trkpt><trkpt lat="39.31349" lon="-120.32616999999999"><ele>2196.554162383175</ele></trkpt><trkpt lat="39.31371" lon="-120.32603"><ele>2191.8402215088718</ele></trkpt><trkpt lat="39.31377" lon="-120.32594"><ele>2191.378873394623</ele></trkpt><trkpt lat="39.31387" lon="-120.32587999999998"><ele>2189.142977851415</ele></trkpt><trkpt lat="39.31394" lon="-120.32571999999999"><ele>2187.4331235555</ele></trkpt><trkpt lat="39.31398" lon="-120.32571000000002"><ele>2184.4996711893673</ele></trkpt><trkpt lat="39.31389" lon="-120.32607000000002"><ele>2180.930441206321</ele></trkpt><trkpt lat="39.31391" lon="-120.32609000000002"><ele>2179.800115175485</ele></trkpt><trkpt lat="39.31408" lon="-120.32576"><ele>2175.305842274006</ele></trkpt><trkpt lat="39.3143" lon="-120.32551000000001"><ele>2170.768819093704</ele></trkpt><trkpt lat="39.31434" lon="-120.32535999999999"><ele>2171.7000055536223</ele></trkpt><trkpt lat="39.31436" lon="-120.32535999999999"><ele>2169.911348439753</ele></trkpt><trkpt lat="39.31437" lon="-120.32542999999998"><ele>2169.017316767946</ele></trkpt><trkpt lat="39.31435" lon="-120.32553999999999"><ele>2167.2220342457294</ele></trkpt><trkpt lat="39.31426" lon="-120.32567"><ele>2166.5878302268884</ele></trkpt><trkpt lat="39.31414" lon="-120.32607000000002"><ele>2162.177163420739</ele></trkpt><trkpt lat="39.31415" lon="-120.3261"><ele>2161.910064149811</ele></trkpt><trkpt lat="39.31435" lon="-120.32595000000003"><ele>2158.6190117902565</ele></trkpt><trkpt lat="39.31441" lon="-120.32598000000002"><ele>2156.7637790142535</ele></trkpt><trkpt lat="39.31431" lon="-120.32632000000001"><ele>2153.631468169391</ele></trkpt><trkpt lat="39.31431" lon="-120.32659000000001"><ele>2152.631468169391</ele></trkpt><trkpt lat="39.31436" lon="-120.32672000000002"><ele>2152.0</ele></trkpt><trkpt lat="39.3145" lon="-120.32686999999999"><ele>2153.0</ele></trkpt><trkpt lat="39.3145" lon="-120.32686999999999"><ele>2153.0</ele></trkpt><trkpt lat="39.31452000001815" lon="-120.32691000003626"><ele>2153.0</ele></trkpt><trkpt lat="39.31452000001815" lon="-120.32691000003626"><ele>2153.0</ele></trkpt><trkpt lat="39.3147" lon="-120.32727"><ele>2152.0</ele></trkpt><trkpt lat="39.3147" lon="-120.32727"><ele>2152.0</ele></trkpt><trkpt lat="39.31465" lon="-120.32740999999999"><ele>2151.0</ele></trkpt><trkpt lat="39.31462478345208" lon="-120.3275649016515"><ele>2150.0</ele></trkpt></trkseg></trk></gpx>