<?xml version="1.0"?>
<gpx xmlns="http://www.topografix.com/GPX/1/1" xmlns:gpxx="http://www.garmin.com/xmlschemas/GpxExtensions/v3" creator="CALTOPO" version="1.1"><metadata><name><![CDATA[Ebbetts-Wolf Creek]]></name></metadata><wpt lat="38.49706000" lon="-119.76774000"><name>Camp</name><cmt>15.8</cmt></wpt><trk><name>Ebbetts-Wolf Creek</name><trkseg><trkpt lat="38.548425689532195" lon="-119.8060678589905"><ele>2638.0</ele></trkpt><trkpt lat="38.548439999999985" lon="-119.80601000000001"><ele>2638.0</ele></trkpt><trkpt lat="38.54844" lon="-119.80601000000001"><ele>2638.0</ele></trkpt><trkpt lat="38.54844" lon="-119.80601000000001"><ele>2638.0</ele></trkpt><trkpt lat="38.54835" lon="-119.80615999999998"><ele>2638.8830104141257</ele></trkpt><trkpt lat="38.54828770317594" lon="-119.80622921869337"><ele>2639.637880202291</ele></trkpt><trkpt lat="38.54828709385719" lon="-119.80622989577114"><ele>2639.630924878734</ele></trkpt><trkpt lat="38.54817" lon="-119.80635999999998"><ele>2640.101073928349</ele></trkpt><trkpt lat="38.54817" lon="-119.80635999999998"><ele>2640.101073928349</ele></trkpt><trkpt lat="38.54783" lon="-119.80644000000001"><ele>2642.85465254834</ele></trkpt><trkpt lat="38.54736" lon="-119.80680000000001"><ele>2646.4330712752417</ele></trkpt><trkpt lat="38.54713" lon="-119.80721"><ele>2646.865332712587</ele></trkpt><trkpt lat="38.54691" lon="-119.80734000000001"><ele>2651.0</ele></trkpt><trkpt lat="38.54668" lon="-119.80728999999997"><ele>2653.0</ele></trkpt><trkpt lat="38.546" lon="-119.80736999999999"><ele>2661.199949508353</ele></trkpt><trkpt lat="38.546" lon="-119.80736999999999"><ele>2661.199949508353</ele></trkpt><trkpt lat="38.54597" lon="-119.80668000000003"><ele>2669.0</ele></trkpt><trkpt lat="38.54621" lon="-119.80617000000001"><ele>2672.9805290587246</ele></trkpt><trkpt lat="38.54641" lon="-119.80592000000001"><ele>2674.897955207154</ele></trkpt><trkpt lat="38.54648" lon="-119.80574000000001"><ele>2675.0</ele></trkpt><trkpt lat="38.54642" lon="-119.80552"><ele>2676.0</ele></trkpt><trkpt lat="38.54647661307475" lon="-119.80518032155152"><ele>2678.4985071127726</ele></trkpt><trkpt lat="38.54647547718254" lon="-119.80518713691538"><ele>2678.283691101759</ele></trkpt><trkpt lat="38.54648" lon="-119.80516"><ele>2678.9564074532927</ele></trkpt><trkpt lat="38.54671" lon="-119.80487"><ele>2680.9100216736965</ele></trkpt><trkpt lat="38.54692" lon="-119.80469"><ele>2683.0</ele></trkpt><trkpt lat="38.54705" lon="-119.80453"><ele>2685.990799135567</ele></trkpt><trkpt lat="38.54699" lon="-119.80446999999998"><ele>2687.7821843964143</ele></trkpt><trkpt lat="38.54647" lon="-119.80450000000002"><ele>2693.06691663784</ele></trkpt><trkpt lat="38.54632" lon="-119.80435"><ele>2694.0</ele></trkpt><trkpt lat="38.54623" lon="-119.80412999999999"><ele>2693.5212446406786</ele></trkpt><trkpt lat="38.54643" lon="-119.80398000000002"><ele>2692.0</ele></trkpt><trkpt lat="38.54649" lon="-119.80376999999999"><ele>2690.0</ele></trkpt><trkpt lat="38.54643" lon="-119.80363999999997"><ele>2688.8125444770153</ele></trkpt><trkpt lat="38.54634" lon="-119.80356999999998"><ele>2688.0</ele></trkpt><trkpt lat="38.54604" lon="-119.80374999999998"><ele>2682.988125767793</ele></trkpt><trkpt lat="38.54495" lon="-119.80412000000001"><ele>2665.246064932193</ele></trkpt><trkpt lat="38.54457" lon="-119.80372999999997"><ele>2659.996990952582</ele></trkpt><trkpt lat="38.54417" lon="-119.80324999999999"><ele>2655.0</ele></trkpt><trkpt lat="38.54394" lon="-119.80270000000002"><ele>2649.293037048541</ele></trkpt><trkpt lat="38.54388" lon="-119.80239"><ele>2645.4615957268206</ele></trkpt><trkpt lat="38.5437" lon="-119.80200000000002"><ele>2642.211557304463</ele></trkpt><trkpt lat="38.54367" lon="-119.80182000000002"><ele>2639.359042664122</ele></trkpt><trkpt lat="38.54341" lon="-119.80153999999999"><ele>2641.7971625486116</ele></trkpt><trkpt lat="38.54337" lon="-119.80131"><ele>2642.7917973329313</ele></trkpt><trkpt lat="38.54328" lon="-119.80115999999998"><ele>2646.6059646178037</ele></trkpt><trkpt lat="38.54345" lon="-119.80090000000001"><ele>2649.0</ele></trkpt><trkpt lat="38.54329" lon="-119.80054000000001"><ele>2654.0101183727384</ele></trkpt><trkpt lat="38.54322" lon="-119.80043"><ele>2654.035706626768</ele></trkpt><trkpt lat="38.5432" lon="-119.80033000000003"><ele>2652.5368924462236</ele></trkpt><trkpt lat="38.54322" lon="-119.80015000000003"><ele>2654.1810403410345</ele></trkpt><trkpt lat="38.54313" lon="-119.79996"><ele>2654.543648328632</ele></trkpt><trkpt lat="38.54312" lon="-119.79984999999999"><ele>2655.0</ele></trkpt><trkpt lat="38.54316" lon="-119.79935"><ele>2656.756113078445</ele></trkpt><trkpt lat="38.54311" lon="-119.79915"><ele>2657.0</ele></trkpt><trkpt lat="38.5429" lon="-119.79867999999999"><ele>2658.7302936657343</ele></trkpt><trkpt lat="38.54287" lon="-119.79811999999998"><ele>2657.0</ele></trkpt><trkpt lat="38.5428" lon="-119.79800999999998"><ele>2657.0</ele></trkpt><trkpt lat="38.54276" lon="-119.79766999999998"><ele>2656.8244200746317</ele></trkpt><trkpt lat="38.54278" lon="-119.79757999999998"><ele>2656.0205676113255</ele></trkpt><trkpt lat="38.54274" lon="-119.79748000000001"><ele>2658.0</ele></trkpt><trkpt lat="38.54268" lon="-119.79743000000002"><ele>2659.0</ele></trkpt><trkpt lat="38.54262" lon="-119.79719999999998"><ele>2660.0</ele></trkpt><trkpt lat="38.54265" lon="-119.79667"><ele>2659.0</ele></trkpt><trkpt lat="38.54259" lon="-119.79640999999998"><ele>2658.760818214558</ele></trkpt><trkpt lat="38.54261" lon="-119.79626999999999"><ele>2659.0</ele></trkpt><trkpt lat="38.54272" lon="-119.79615999999999"><ele>2659.7777921281217</ele></trkpt><trkpt lat="38.54283" lon="-119.79584"><ele>2660.4189598299563</ele></trkpt><trkpt lat="38.54309" lon="-119.79574000000002"><ele>2666.654578840487</ele></trkpt><trkpt lat="38.54311" lon="-119.79557"><ele>2667.481723260978</ele></trkpt><trkpt lat="38.54299" lon="-119.79491999999999"><ele>2677.181803353153</ele></trkpt><trkpt lat="38.54299" lon="-119.79491999999999"><ele>2677.181803353153</ele></trkpt><trkpt lat="38.54295" lon="-119.79473999999999"><ele>2678.7311558220536</ele></trkpt><trkpt lat="38.54295" lon="-119.79444999999998"><ele>2681.0</ele></trkpt><trkpt lat="38.54286" lon="-119.79419999999999"><ele>2681.4581134460277</ele></trkpt><trkpt lat="38.54287" lon="-119.79392999999999"><ele>2682.0</ele></trkpt><trkpt lat="38.54302" lon="-119.79374000000001"><ele>2681.0</ele></trkpt><trkpt lat="38.54343" lon="-119.79329000000001"><ele>2677.0</ele></trkpt><trkpt lat="38.54355" lon="-119.79327"><ele>2675.2678744455434</ele></trkpt><trkpt lat="38.54367" lon="-119.79332"><ele>2674.8472142219543</ele></trkpt><trkpt lat="38.5438" lon="-119.79327"><ele>2670.8173707383594</ele></trkpt><trkpt lat="38.544" lon="-119.79345999999998"><ele>2670.3716871105134</ele></trkpt><trkpt lat="38.54439" lon="-119.7935"><ele>2667.76417777827</ele></trkpt><trkpt lat="38.54449" lon="-119.79359999999997"><ele>2665.0</ele></trkpt><trkpt lat="38.5446" lon="-119.79379"><ele>2661.0</ele></trkpt><trkpt lat="38.54481" lon="-119.7937"><ele>2658.1953742387605</ele></trkpt><trkpt lat="38.54504" lon="-119.79344000000003"><ele>2658.264250172302</ele></trkpt><trkpt lat="38.54525" lon="-119.79325"><ele>2655.2226550877094</ele></trkpt><trkpt lat="38.54532" lon="-119.79311000000001"><ele>2655.9426180932805</ele></trkpt><trkpt lat="38.54542" lon="-119.79269"><ele>2655.0</ele></trkpt><trkpt lat="38.5454" lon="-119.79255"><ele>2654.0</ele></trkpt><trkpt lat="38.54523" lon="-119.79257999999999"><ele>2653.3607146660797</ele></trkpt><trkpt lat="38.54478" lon="-119.79237"><ele>2647.0</ele></trkpt><trkpt lat="38.54462" lon="-119.79233999999997"><ele>2647.0</ele></trkpt><trkpt lat="38.54429" lon="-119.79221000000001"><ele>2643.0675334288753</ele></trkpt><trkpt lat="38.5442" lon="-119.79232000000002"><ele>2642.0</ele></trkpt><trkpt lat="38.54414" lon="-119.79245000000003"><ele>2640.192584336827</ele></trkpt><trkpt lat="38.54405" lon="-119.79246"><ele>2638.0</ele></trkpt><trkpt lat="38.54395" lon="-119.79241999999999"><ele>2637.9041742221452</ele></trkpt><trkpt lat="38.54384" lon="-119.79230999999999"><ele>2636.830785040548</ele></trkpt><trkpt lat="38.54378" lon="-119.79219"><ele>2635.1853973334655</ele></trkpt><trkpt lat="38.54363" lon="-119.79208"><ele>2633.0590257779695</ele></trkpt><trkpt lat="38.54341" lon="-119.79163"><ele>2626.0</ele></trkpt><trkpt lat="38.54331" lon="-119.79151999999999"><ele>2625.9611342218705</ele></trkpt><trkpt lat="38.54306" lon="-119.79136"><ele>2620.6460020260197</ele></trkpt><trkpt lat="38.54287" lon="-119.79137000000003"><ele>2618.9706275570206</ele></trkpt><trkpt lat="38.54240857254889" lon="-119.79123512120657"><ele>2616.0</ele></trkpt><trkpt lat="38.54241836471445" lon="-119.7912379833499"><ele>2615.990159173378</ele></trkpt><trkpt lat="38.54222" lon="-119.79118"><ele>2616.1159857781604</ele></trkpt><trkpt lat="38.54191" lon="-119.79118"><ele>2614.1159857781604</ele></trkpt><trkpt lat="38.54177" lon="-119.79111999999998"><ele>2612.13501350303</ele></trkpt><trkpt lat="38.54124" lon="-119.79061000000002"><ele>2605.086599504063</ele></trkpt><trkpt lat="38.54116" lon="-119.79045000000002"><ele>2602.0955200013705</ele></trkpt><trkpt lat="38.54111" lon="-119.79025999999999"><ele>2600.9260918315294</ele></trkpt><trkpt lat="38.54104" lon="-119.79019"><ele>2600.0</ele></trkpt><trkpt lat="38.5409" lon="-119.79019"><ele>2600.572491386871</ele></trkpt><trkpt lat="38.54063" lon="-119.78985"><ele>2594.1334933331236</ele></trkpt><trkpt lat="38.54052" lon="-119.78982000000002"><ele>2597.776839417956</ele></trkpt><trkpt lat="38.54015" lon="-119.78985"><ele>2596.1334933331236</ele></trkpt><trkpt lat="38.53999" lon="-119.78989999999999"><ele>2595.463662222028</ele></trkpt><trkpt lat="38.53986" lon="-119.78987999999998"><ele>2595.7098326508085</ele></trkpt><trkpt lat="38.5398" lon="-119.78980000000001"><ele>2595.0</ele></trkpt><trkpt lat="38.53969" lon="-119.78987000000001"><ele>2595.0655608894303</ele></trkpt><trkpt lat="38.53944" lon="-119.78985"><ele>2591.2129487913153</ele></trkpt><trkpt lat="38.53936" lon="-119.78980000000001"><ele>2588.803324445151</ele></trkpt><trkpt lat="38.5392" lon="-119.78978000000001"><ele>2588.9093236741264</ele></trkpt><trkpt lat="38.53897" lon="-119.78962999999999"><ele>2589.359331286373</ele></trkpt><trkpt lat="38.53874" lon="-119.78956"><ele>2589.0</ele></trkpt><trkpt lat="38.53854" lon="-119.78955000000002"><ele>2585.148247458037</ele></trkpt><trkpt lat="38.53844" lon="-119.78958999999998"><ele>2584.0</ele></trkpt><trkpt lat="38.53808" lon="-119.78917999999999"><ele>2577.948695963325</ele></trkpt><trkpt lat="38.53768" lon="-119.78897999999998"><ele>2569.5885546663776</ele></trkpt><trkpt lat="38.53756" lon="-119.78886999999997"><ele>2567.8786231274717</ele></trkpt><trkpt lat="38.53756" lon="-119.78879"><ele>2566.0</ele></trkpt><trkpt lat="38.53771" lon="-119.78863000000001"><ele>2562.0</ele></trkpt><trkpt lat="38.5376" lon="-119.78854000000001"><ele>2561.0830684448592</ele></trkpt><trkpt lat="38.53762" lon="-119.78849000000002"><ele>2560.7528995568864</ele></trkpt><trkpt lat="38.5377" lon="-119.78849000000002"><ele>2560.056654513473</ele></trkpt><trkpt lat="38.5377" lon="-119.78854999999999"><ele>2562.0</ele></trkpt><trkpt lat="38.53778" lon="-119.7885"><ele>2559.218933333643</ele></trkpt><trkpt lat="38.53787" lon="-119.7885"><ele>2556.207250357245</ele></trkpt><trkpt lat="38.53794" lon="-119.78865000000002"><ele>2557.2094400012866</ele></trkpt><trkpt lat="38.53798" lon="-119.78858000000002"><ele>2555.575126306742</ele></trkpt><trkpt lat="38.53796" lon="-119.78847000000002"><ele>2553.9255415419348</ele></trkpt><trkpt lat="38.53786" lon="-119.78834999999998"><ele>2553.1239073439465</ele></trkpt><trkpt lat="38.53751" lon="-119.78822000000002"><ele>2548.0672187024957</ele></trkpt><trkpt lat="38.53688" lon="-119.78786000000002"><ele>2542.0</ele></trkpt><trkpt lat="38.53661" lon="-119.78787"><ele>2541.858805333264</ele></trkpt><trkpt lat="38.5366" lon="-119.78778"><ele>2540.0</ele></trkpt><trkpt lat="38.53663" lon="-119.78769999999997"><ele>2537.98886416675</ele></trkpt><trkpt lat="38.53668" lon="-119.78769"><ele>2535.9277849255977</ele></trkpt><trkpt lat="38.53673" lon="-119.78754000000004"><ele>2540.3877660324797</ele></trkpt><trkpt lat="38.53671" lon="-119.78746000000001"><ele>2540.751420444809</ele></trkpt><trkpt lat="38.53656" lon="-119.78737999999998"><ele>2538.023055486363</ele></trkpt><trkpt lat="38.53655" lon="-119.78727000000003"><ele>2534.957854553443</ele></trkpt><trkpt lat="38.53636" lon="-119.78688"><ele>2531.975405581287</ele></trkpt><trkpt lat="38.53613" lon="-119.78647999999998"><ele>2530.6949345166795</ele></trkpt><trkpt lat="38.53593" lon="-119.78624000000002"><ele>2527.7905991133302</ele></trkpt><trkpt lat="38.53571" lon="-119.78611000000001"><ele>2528.4746646550484</ele></trkpt><trkpt lat="38.53544" lon="-119.78589"><ele>2528.3080457719043</ele></trkpt><trkpt lat="38.53523" lon="-119.78579000000002"><ele>2527.1590962116607</ele></trkpt><trkpt lat="38.53506" lon="-119.78565000000003"><ele>2526.5444772257592</ele></trkpt><trkpt lat="38.53492" lon="-119.78552000000002"><ele>2525.3408675566316</ele></trkpt><trkpt lat="38.53479" lon="-119.78534000000002"><ele>2523.0</ele></trkpt><trkpt lat="38.53473" lon="-119.78517"><ele>2523.000718064971</ele></trkpt><trkpt lat="38.53464" lon="-119.7851"><ele>2522.7674488890916</ele></trkpt><trkpt lat="38.53453" lon="-119.78508"><ele>2522.8353813332506</ele></trkpt><trkpt lat="38.53443" lon="-119.78512999999998"><ele>2522.2511536063257</ele></trkpt><trkpt lat="38.53435" lon="-119.78512"><ele>2520.800600947089</ele></trkpt><trkpt lat="38.53429" lon="-119.78508"><ele>2519.9607835847346</ele></trkpt><trkpt lat="38.53418" lon="-119.78485999999998"><ele>2523.461280453681</ele></trkpt><trkpt lat="38.53398" lon="-119.78474"><ele>2523.700203450178</ele></trkpt><trkpt lat="38.53385" lon="-119.78475000000003"><ele>2527.908368748147</ele></trkpt><trkpt lat="38.53376" lon="-119.78471000000002"><ele>2527.5921315564774</ele></trkpt><trkpt lat="38.53373" lon="-119.78465"><ele>2526.9186395495303</ele></trkpt><trkpt lat="38.53371" lon="-119.78453000000002"><ele>2526.7928472738713</ele></trkpt><trkpt lat="38.53372" lon="-119.78442000000001"><ele>2524.274232296273</ele></trkpt><trkpt lat="38.53369" lon="-119.78431999999998"><ele>2524.416814221069</ele></trkpt><trkpt lat="38.5336" lon="-119.78418999999997"><ele>2523.7657224980144</ele></trkpt><trkpt lat="38.53369" lon="-119.78408000000002"><ele>2522.752377416473</ele></trkpt><trkpt lat="38.53398" lon="-119.78406999999999"><ele>2523.0</ele></trkpt><trkpt lat="38.53403" lon="-119.78385000000003"><ele>2522.215036314912</ele></trkpt><trkpt lat="38.53409" lon="-119.78372999999999"><ele>2523.153643988073</ele></trkpt><trkpt lat="38.53408" lon="-119.78367000000003"><ele>2523.749414026737</ele></trkpt><trkpt lat="38.5338" lon="-119.78343000000001"><ele>2526.370749513153</ele></trkpt><trkpt lat="38.53366" lon="-119.78314999999998"><ele>2524.434224034194</ele></trkpt><trkpt lat="38.53361" lon="-119.78305"><ele>2522.981036916375</ele></trkpt><trkpt lat="38.53362" lon="-119.78292999999996"><ele>2522.0987465863477</ele></trkpt><trkpt lat="38.53367" lon="-119.78289000000001"><ele>2520.2260159994476</ele></trkpt><trkpt lat="38.53375" lon="-119.78291000000002"><ele>2523.173494581263</ele></trkpt><trkpt lat="38.53377" lon="-119.78295000000003"><ele>2521.4298133314587</ele></trkpt><trkpt lat="38.53395" lon="-119.78296"><ele>2520.963779555168</ele></trkpt><trkpt lat="38.53414" lon="-119.78309999999999"><ele>2520.8018258021757</ele></trkpt><trkpt lat="38.53422" lon="-119.78309999999999"><ele>2519.847932608798</ele></trkpt><trkpt lat="38.53441" lon="-119.78295000000003"><ele>2523.4298133314587</ele></trkpt><trkpt lat="38.53454" lon="-119.78296999999998"><ele>2528.153839275241</ele></trkpt><trkpt lat="38.53463" lon="-119.78309000000002"><ele>2527.905340443831</ele></trkpt><trkpt lat="38.5347" lon="-119.78309000000002"><ele>2530.093825457152</ele></trkpt><trkpt lat="38.53479" lon="-119.78318000000002"><ele>2531.5504645593464</ele></trkpt><trkpt lat="38.5349" lon="-119.78319999999997"><ele>2532.8019570594265</ele></trkpt><trkpt lat="38.53504" lon="-119.78316000000001"><ele>2535.5551126170903</ele></trkpt><trkpt lat="38.535097127914966" lon="-119.78302469704352"><ele>2535.0</ele></trkpt><trkpt lat="38.535097127914966" lon="-119.78302469704352"><ele>2535.0</ele></trkpt><trkpt lat="38.53523" lon="-119.78271000000001"><ele>2538.705309390515</ele></trkpt><trkpt lat="38.53567" lon="-119.78255000000001"><ele>2544.0711644431576</ele></trkpt><trkpt lat="38.53578" lon="-119.78246999999999"><ele>2544.893162398557</ele></trkpt><trkpt lat="38.53583" lon="-119.78228000000001"><ele>2546.8230242236723</ele></trkpt><trkpt lat="38.53578" lon="-119.78215999999998"><ele>2549.0</ele></trkpt><trkpt lat="38.5356" lon="-119.78188999999998"><ele>2552.0326570446687</ele></trkpt><trkpt lat="38.535" lon="-119.78161"><ele>2555.94573947223</ele></trkpt><trkpt lat="38.53465" lon="-119.78161999999998"><ele>2561.587694221176</ele></trkpt><trkpt lat="38.53449" lon="-119.78152"><ele>2561.9508039325</ele></trkpt><trkpt lat="38.53429" lon="-119.78156999999999"><ele>2565.0</ele></trkpt><trkpt lat="38.53402" lon="-119.78152999999998"><ele>2567.589951521749</ele></trkpt><trkpt lat="38.53329" lon="-119.7815"><ele>2573.0</ele></trkpt><trkpt lat="38.53319" lon="-119.78152"><ele>2573.927356444765</ele></trkpt><trkpt lat="38.53302" lon="-119.78147000000001"><ele>2573.537808357114</ele></trkpt><trkpt lat="38.53276" lon="-119.78151000000003"><ele>2576.0</ele></trkpt><trkpt lat="38.53252" lon="-119.78129999999999"><ele>2573.68852609396</ele></trkpt><trkpt lat="38.53251" lon="-119.78098999999997"><ele>2572.4471561160904</ele></trkpt><trkpt lat="38.53236" lon="-119.78082999999998"><ele>2574.1701104731487</ele></trkpt><trkpt lat="38.53227" lon="-119.78066000000001"><ele>2576.0</ele></trkpt><trkpt lat="38.5323" lon="-119.78023999999999"><ele>2574.79516181536</ele></trkpt><trkpt lat="38.53228" lon="-119.77983999999998"><ele>2579.9866721630096</ele></trkpt><trkpt lat="38.53232" lon="-119.77912000000003"><ele>2580.0</ele></trkpt><trkpt lat="38.53264" lon="-119.77913000000001"><ele>2581.209426399559</ele></trkpt><trkpt lat="38.53284" lon="-119.77911"><ele>2581.1563724672224</ele></trkpt><trkpt lat="38.53292" lon="-119.77904000000001"><ele>2583.649020444136</ele></trkpt><trkpt lat="38.53317" lon="-119.77902"><ele>2585.581087999977</ele></trkpt><trkpt lat="38.53331" lon="-119.77893"><ele>2588.483424644195</ele></trkpt><trkpt lat="38.53346" lon="-119.77893"><ele>2587.0</ele></trkpt><trkpt lat="38.53399" lon="-119.77873"><ele>2590.09606755618</ele></trkpt><trkpt lat="38.53395" lon="-119.77870000000001"><ele>2591.494168888312</ele></trkpt><trkpt lat="38.53374" lon="-119.77872000000002"><ele>2594.0031174683495</ele></trkpt><trkpt lat="38.53367" lon="-119.77870000000001"><ele>2595.3182545430027</ele></trkpt><trkpt lat="38.53332" lon="-119.77868000000001"><ele>2598.011804500086</ele></trkpt><trkpt lat="38.53302" lon="-119.77852999999999"><ele>2603.416743111331</ele></trkpt><trkpt lat="38.53297" lon="-119.77843000000001"><ele>2605.197707231622</ele></trkpt><trkpt lat="38.53285" lon="-119.77828999999997"><ele>2607.6015537790954</ele></trkpt><trkpt lat="38.53274" lon="-119.77834999999999"><ele>2607.5818502996117</ele></trkpt><trkpt lat="38.53256" lon="-119.77823999999998"><ele>2611.931722667534</ele></trkpt><trkpt lat="38.53239" lon="-119.77807999999999"><ele>2614.388263111934</ele></trkpt><trkpt lat="38.53233" lon="-119.77795000000003"><ele>2616.4388065533713</ele></trkpt><trkpt lat="38.53226" lon="-119.77798000000001"><ele>2616.0486008883454</ele></trkpt><trkpt lat="38.53219" lon="-119.77789999999999"><ele>2617.922247471469</ele></trkpt><trkpt lat="38.53214" lon="-119.77791000000002"><ele>2617.4125542936854</ele></trkpt><trkpt lat="38.53207" lon="-119.77787000000001"><ele>2618.5895398389075</ele></trkpt><trkpt lat="38.53199" lon="-119.77789000000001"><ele>2617.506439918652</ele></trkpt><trkpt lat="38.53185" lon="-119.77782000000002"><ele>2617.9010767377913</ele></trkpt><trkpt lat="38.53168" lon="-119.77762999999999"><ele>2622.0964835138693</ele></trkpt><trkpt lat="38.53157" lon="-119.77764000000002"><ele>2622.254785622202</ele></trkpt><trkpt lat="38.53157" lon="-119.77762000000001"><ele>2622.8754721446667</ele></trkpt><trkpt lat="38.53171" lon="-119.77756999999997"><ele>2625.055422069505</ele></trkpt><trkpt lat="38.53186" lon="-119.77765999999997"><ele>2625.9616817790084</ele></trkpt><trkpt lat="38.53195" lon="-119.77762999999999"><ele>2627.6465451344848</ele></trkpt><trkpt lat="38.53198" lon="-119.77758"><ele>2627.6899520000443</ele></trkpt><trkpt lat="38.53216" lon="-119.77764000000002"><ele>2629.0294766486622</ele></trkpt><trkpt lat="38.53222" lon="-119.77759000000003"><ele>2630.223918220494</ele></trkpt><trkpt lat="38.53238" lon="-119.7776"><ele>2630.992950297151</ele></trkpt><trkpt lat="38.53246" lon="-119.77774"><ele>2630.798335813872</ele></trkpt><trkpt lat="38.53254" lon="-119.77778"><ele>2631.369276443962</ele></trkpt><trkpt lat="38.53272" lon="-119.77777000000003"><ele>2630.8353102207184</ele></trkpt><trkpt lat="38.53285" lon="-119.77762000000001"><ele>2633.0</ele></trkpt><trkpt lat="38.53304" lon="-119.77778"><ele>2635.5527879933215</ele></trkpt><trkpt lat="38.53306" lon="-119.77776"><ele>2636.3013439993374</ele></trkpt><trkpt lat="38.53296" lon="-119.77742"><ele>2641.671358021442</ele></trkpt><trkpt lat="38.53286" lon="-119.77737000000002"><ele>2642.2501930572553</ele></trkpt><trkpt lat="38.53268" lon="-119.77747"><ele>2643.8163235555403</ele></trkpt><trkpt lat="38.53261" lon="-119.77747999999997"><ele>2644.350289778784</ele></trkpt><trkpt lat="38.53255" lon="-119.77735000000001"><ele>2646.467114259711</ele></trkpt><trkpt lat="38.53247" lon="-119.77726000000001"><ele>2646.935722428374</ele></trkpt><trkpt lat="38.53235" lon="-119.77728000000002"><ele>2646.6709653320722</ele></trkpt><trkpt lat="38.53229" lon="-119.77722"><ele>2648.7917068963297</ele></trkpt><trkpt lat="38.53223" lon="-119.77723000000003"><ele>2649.9654857844384</ele></trkpt><trkpt lat="38.53213" lon="-119.77710000000002"><ele>2654.0045877876773</ele></trkpt><trkpt lat="38.53203" lon="-119.77708999999999"><ele>2651.9884165809585</ele></trkpt><trkpt lat="38.53195" lon="-119.77704"><ele>2653.8557759998366</ele></trkpt><trkpt lat="38.5318" lon="-119.77704"><ele>2655.438597219996</ele></trkpt><trkpt lat="38.53174" lon="-119.77706999999998"><ele>2654.9153493344784</ele></trkpt><trkpt lat="38.53164" lon="-119.77699999999999"><ele>2656.7199111115187</ele></trkpt><trkpt lat="38.53145" lon="-119.77704"><ele>2655.2898356346413</ele></trkpt><trkpt lat="38.5314" lon="-119.77697999999998"><ele>2655.5872002989054</ele></trkpt><trkpt lat="38.53098" lon="-119.77684999999997"><ele>2660.308416883299</ele></trkpt><trkpt lat="38.53098" lon="-119.77684999999997"><ele>2660.308416883299</ele></trkpt><trkpt lat="38.53087" lon="-119.77681000000001"><ele>2661.0</ele></trkpt><trkpt lat="38.53083" lon="-119.77699000000001"><ele>2662.0688535572685</ele></trkpt><trkpt lat="38.53066" lon="-119.77699999999999"><ele>2663.7199111115187</ele></trkpt><trkpt lat="38.53063" lon="-119.77699000000001"><ele>2664.185944888275</ele></trkpt><trkpt lat="38.53063" lon="-119.77696000000003"><ele>2665.0</ele></trkpt><trkpt lat="38.53072" lon="-119.77693"><ele>2665.0</ele></trkpt><trkpt lat="38.53074" lon="-119.77686"><ele>2666.7319745589048</ele></trkpt><trkpt lat="38.53065" lon="-119.77690999999999"><ele>2666.9142151116394</ele></trkpt><trkpt lat="38.53053" lon="-119.77692000000002"><ele>2667.4481813325547</ele></trkpt><trkpt lat="38.53038" lon="-119.77690999999999"><ele>2669.9142151116394</ele></trkpt><trkpt lat="38.53028" lon="-119.77687000000003"><ele>2672.0</ele></trkpt><trkpt lat="38.53035" lon="-119.77683000000002"><ele>2672.6424853326753</ele></trkpt><trkpt lat="38.53049" lon="-119.77681000000001"><ele>2672.5745528880507</ele></trkpt><trkpt lat="38.53056" lon="-119.77674000000002"><ele>2673.9111029499018</ele></trkpt><trkpt lat="38.53037" lon="-119.77672999999999"><ele>2676.302823111415</ele></trkpt><trkpt lat="38.53018" lon="-119.77678000000003"><ele>2677.9726542201824</ele></trkpt><trkpt lat="38.53005" lon="-119.77677"><ele>2679.367620106798</ele></trkpt><trkpt lat="38.52991" lon="-119.77681000000001"><ele>2679.0</ele></trkpt><trkpt lat="38.52964" lon="-119.77674000000002"><ele>2682.83678933233</ele></trkpt><trkpt lat="38.52964" lon="-119.77672000000001"><ele>2683.0</ele></trkpt><trkpt lat="38.52981" lon="-119.77665999999999"><ele>2684.5650595556945</ele></trkpt><trkpt lat="38.53008" lon="-119.77661999999998"><ele>2685.4291946678422</ele></trkpt><trkpt lat="38.53028" lon="-119.77652999999998"><ele>2686.674715896867</ele></trkpt><trkpt lat="38.5303" lon="-119.7765"><ele>2687.0204024404616</ele></trkpt><trkpt lat="38.53014" lon="-119.77651000000003"><ele>2688.55556622101</ele></trkpt><trkpt lat="38.53002" lon="-119.77647000000002"><ele>2690.4197013322264</ele></trkpt><trkpt lat="38.52985" lon="-119.77647999999999"><ele>2691.95366755547</ele></trkpt><trkpt lat="38.52961" lon="-119.77643"><ele>2693.3198813176305</ele></trkpt><trkpt lat="38.52957" lon="-119.77645999999999"><ele>2693.3189968937077</ele></trkpt><trkpt lat="38.52933" lon="-119.77639999999997"><ele>2695.6819377788343</ele></trkpt><trkpt lat="38.52907" lon="-119.77627000000001"><ele>2697.7403768883087</ele></trkpt><trkpt lat="38.52881" lon="-119.77607999999998"><ele>2700.8820307184824</ele></trkpt><trkpt lat="38.52871" lon="-119.77605"><ele>2701.9931199997663</ele></trkpt><trkpt lat="38.52867089616351" lon="-119.77602067212263"><ele>2702.35989814857</ele></trkpt><trkpt lat="38.52866999999998" lon="-119.77602000000002"><ele>2702.372104164316</ele></trkpt><trkpt lat="38.52862" lon="-119.77589999999998"><ele>2704.0</ele></trkpt><trkpt lat="38.52852" lon="-119.77585999999997"><ele>2704.8477617790923</ele></trkpt><trkpt lat="38.52846" lon="-119.77593999999999"><ele>2704.066804903967</ele></trkpt><trkpt lat="38.52825" lon="-119.77602000000002"><ele>2705.0</ele></trkpt><trkpt lat="38.52825" lon="-119.77602000000002"><ele>2705.0</ele></trkpt><trkpt lat="38.52825" lon="-119.77602000000002"><ele>2705.0</ele></trkpt><trkpt lat="38.52806" lon="-119.77618000000001"><ele>2704.3626082384044</ele></trkpt><trkpt lat="38.52781" lon="-119.77620000000002"><ele>2707.000734154785</ele></trkpt><trkpt lat="38.52769" lon="-119.77625999999998"><ele>2707.0</ele></trkpt><trkpt lat="38.52744" lon="-119.77629999999999"><ele>2705.0</ele></trkpt><trkpt lat="38.52725" lon="-119.77643"><ele>2708.181941859476</ele></trkpt><trkpt lat="38.52713" lon="-119.77661"><ele>2708.6847933596</ele></trkpt><trkpt lat="38.52703" lon="-119.77665000000002"><ele>2711.7545617108367</ele></trkpt><trkpt lat="38.52682" lon="-119.77665999999999"><ele>2714.5650595556945</ele></trkpt><trkpt lat="38.52655" lon="-119.77663000000001"><ele>2719.328195147062</ele></trkpt><trkpt lat="38.52645" lon="-119.77666999999997"><ele>2721.367354270499</ele></trkpt><trkpt lat="38.52631" lon="-119.77679999999998"><ele>2723.637707820162</ele></trkpt><trkpt lat="38.52617" lon="-119.77679999999998"><ele>2726.0</ele></trkpt><trkpt lat="38.52609" lon="-119.77677"><ele>2727.0</ele></trkpt><trkpt lat="38.52606" lon="-119.7767"><ele>2727.0</ele></trkpt><trkpt lat="38.52599" lon="-119.77663000000001"><ele>2728.0</ele></trkpt><trkpt lat="38.52597" lon="-119.77652"><ele>2729.0</ele></trkpt><trkpt lat="38.52595" lon="-119.77636999999999"><ele>2728.91694185324</ele></trkpt><trkpt lat="38.52597" lon="-119.77621999999997"><ele>2729.0</ele></trkpt><trkpt lat="38.52592" lon="-119.77551"><ele>2731.0</ele></trkpt><trkpt lat="38.52595" lon="-119.77544"><ele>2732.0</ele></trkpt><trkpt lat="38.52601" lon="-119.77540999999997"><ele>2733.0</ele></trkpt><trkpt lat="38.52602" lon="-119.77535"><ele>2733.0868626814336</ele></trkpt><trkpt lat="38.52622" lon="-119.77525000000003"><ele>2735.0009445399046</ele></trkpt><trkpt lat="38.52629" lon="-119.77512000000002"><ele>2736.0</ele></trkpt><trkpt lat="38.5263" lon="-119.77501000000001"><ele>2735.0</ele></trkpt><trkpt lat="38.52627" lon="-119.77495999999996"><ele>2735.774566759983</ele></trkpt><trkpt lat="38.52606" lon="-119.77487000000002"><ele>2736.0</ele></trkpt><trkpt lat="38.52574" lon="-119.77483999999998"><ele>2738.0</ele></trkpt><trkpt lat="38.52552" lon="-119.77476999999999"><ele>2741.0</ele></trkpt><trkpt lat="38.52508" lon="-119.77479"><ele>2748.6483721378463</ele></trkpt><trkpt lat="38.52488" lon="-119.77485999999999"><ele>2751.0</ele></trkpt><trkpt lat="38.52477" lon="-119.77487000000002"><ele>2753.0</ele></trkpt><trkpt lat="38.52449" lon="-119.77481999999998"><ele>2757.315274667926</ele></trkpt><trkpt lat="38.52444" lon="-119.77485000000001"><ele>2757.0</ele></trkpt><trkpt lat="38.52439" lon="-119.77499999999998"><ele>2758.011669911444</ele></trkpt><trkpt lat="38.52431" lon="-119.77503999999999"><ele>2759.7911183829424</ele></trkpt><trkpt lat="38.52416" lon="-119.77506"><ele>2761.7500195240373</ele></trkpt><trkpt lat="38.52403" lon="-119.77517999999998"><ele>2761.7489109103744</ele></trkpt><trkpt lat="38.52368" lon="-119.77517999999998"><ele>2765.679151792345</ele></trkpt><trkpt lat="38.52343" lon="-119.77530999999999"><ele>2769.0</ele></trkpt><trkpt lat="38.52338" lon="-119.77539999999999"><ele>2768.411039126871</ele></trkpt><trkpt lat="38.52324816268842" lon="-119.77545713121572"><ele>2769.018192975505</ele></trkpt><trkpt lat="38.52324816268842" lon="-119.77545713121572"><ele>2769.018192975505</ele></trkpt><trkpt lat="38.52308" lon="-119.77553"><ele>2769.2268764441833</ele></trkpt><trkpt lat="38.52261" lon="-119.77553999999998"><ele>2771.0</ele></trkpt><trkpt lat="38.52248" lon="-119.77548999999999"><ele>2772.0910115553997</ele></trkpt><trkpt lat="38.52237" lon="-119.77555000000001"><ele>2772.534091076683</ele></trkpt><trkpt lat="38.52231" lon="-119.77570000000003"><ele>2772.2779351067975</ele></trkpt><trkpt lat="38.52205" lon="-119.77594999999997"><ele>2774.792355618446</ele></trkpt><trkpt lat="38.52201" lon="-119.77603999999997"><ele>2776.4237485173026</ele></trkpt><trkpt lat="38.52202" lon="-119.77615000000003"><ele>2776.4581001107076</ele></trkpt><trkpt lat="38.52192" lon="-119.77629999999999"><ele>2779.144519003108</ele></trkpt><trkpt lat="38.52192" lon="-119.77636999999999"><ele>2780.064479891211</ele></trkpt><trkpt lat="38.52189" lon="-119.77638000000002"><ele>2781.0</ele></trkpt><trkpt lat="38.52182" lon="-119.77629000000002"><ele>2783.0</ele></trkpt><trkpt lat="38.52178" lon="-119.77629000000002"><ele>2784.092755568965</ele></trkpt><trkpt lat="38.52173" lon="-119.77634999999998"><ele>2786.456625366287</ele></trkpt><trkpt lat="38.5217" lon="-119.77647999999999"><ele>2788.011547167583</ele></trkpt><trkpt lat="38.5215" lon="-119.77687000000003"><ele>2789.8143811316436</ele></trkpt><trkpt lat="38.52144" lon="-119.77693999999997"><ele>2790.736551480368</ele></trkpt><trkpt lat="38.52147" lon="-119.77726000000001"><ele>2794.0</ele></trkpt><trkpt lat="38.52144" lon="-119.77735000000001"><ele>2795.435501612995</ele></trkpt><trkpt lat="38.52136" lon="-119.77744000000001"><ele>2797.0</ele></trkpt><trkpt lat="38.52133" lon="-119.77756999999997"><ele>2798.8890731151378</ele></trkpt><trkpt lat="38.52137" lon="-119.77767"><ele>2800.0</ele></trkpt><trkpt lat="38.52145" lon="-119.77778999999998"><ele>2800.0136317614624</ele></trkpt><trkpt lat="38.52147" lon="-119.77789000000001"><ele>2801.0</ele></trkpt><trkpt lat="38.52138" lon="-119.77796999999998"><ele>2804.645181079758</ele></trkpt><trkpt lat="38.52133" lon="-119.77828999999997"><ele>2806.0</ele></trkpt><trkpt lat="38.52099" lon="-119.77870999999999"><ele>2810.0</ele></trkpt><trkpt lat="38.52096" lon="-119.77906999999999"><ele>2812.328393276781</ele></trkpt><trkpt lat="38.5208" lon="-119.77936999999997"><ele>2816.858964836225</ele></trkpt><trkpt lat="38.52081" lon="-119.77958000000001"><ele>2816.619273268027</ele></trkpt><trkpt lat="38.52068" lon="-119.77963999999997"><ele>2817.6869937786832</ele></trkpt><trkpt lat="38.5202" lon="-119.77956"><ele>2822.0</ele></trkpt><trkpt lat="38.51987" lon="-119.77978999999999"><ele>2824.1775990493015</ele></trkpt><trkpt lat="38.51957" lon="-119.78017"><ele>2831.1245262715966</ele></trkpt><trkpt lat="38.51944" lon="-119.78048999999999"><ele>2835.0</ele></trkpt><trkpt lat="38.51945" lon="-119.78078"><ele>2837.2723188940436</ele></trkpt><trkpt lat="38.51943" lon="-119.78096"><ele>2840.0</ele></trkpt><trkpt lat="38.51929" lon="-119.78106000000002"><ele>2843.0</ele></trkpt><trkpt lat="38.51892" lon="-119.78053999999997"><ele>2842.117846913101</ele></trkpt><trkpt lat="38.51878" lon="-119.78003999999999"><ele>2840.856790503231</ele></trkpt><trkpt lat="38.51856" lon="-119.77963"><ele>2837.8682853039354</ele></trkpt><trkpt lat="38.51844" lon="-119.77949999999998"><ele>2838.659010918471</ele></trkpt><trkpt lat="38.51825" lon="-119.77913000000001"><ele>2834.7051267097704</ele></trkpt><trkpt lat="38.51799" lon="-119.77888999999999"><ele>2833.4884869922785</ele></trkpt><trkpt lat="38.51784" lon="-119.77866"><ele>2832.29713523777</ele></trkpt><trkpt lat="38.51766" lon="-119.77825999999999"><ele>2834.999692309453</ele></trkpt><trkpt lat="38.51745" lon="-119.77764000000002"><ele>2836.535854873186</ele></trkpt><trkpt lat="38.51715" lon="-119.77733"><ele>2837.2489945415714</ele></trkpt><trkpt lat="38.51679" lon="-119.77717000000001"><ele>2835.085341063328</ele></trkpt><trkpt lat="38.51626" lon="-119.77715999999998"><ele>2826.2633706675842</ele></trkpt><trkpt lat="38.51588" lon="-119.77705000000003"><ele>2822.033635080543</ele></trkpt><trkpt lat="38.51569" lon="-119.77688"><ele>2820.841522046977</ele></trkpt><trkpt lat="38.51517" lon="-119.77672999999999"><ele>2814.302823111415</ele></trkpt><trkpt lat="38.51498" lon="-119.77663000000001"><ele>2813.9631608878262</ele></trkpt><trkpt lat="38.51481" lon="-119.77661999999998"><ele>2810.4291946678422</ele></trkpt><trkpt lat="38.51453" lon="-119.77648999999997"><ele>2808.166076422669</ele></trkpt><trkpt lat="38.51437" lon="-119.77627999999999"><ele>2810.0408009524895</ele></trkpt><trkpt lat="38.5142" lon="-119.77620000000002"><ele>2809.0259698864493</ele></trkpt><trkpt lat="38.51379" lon="-119.77611000000002"><ele>2805.196917332709</ele></trkpt><trkpt lat="38.51379" lon="-119.77611000000002"><ele>2805.196917332709</ele></trkpt><trkpt lat="38.51255" lon="-119.77607"><ele>2789.0610524439253</ele></trkpt><trkpt lat="38.51235" lon="-119.77615000000003"><ele>2786.0</ele></trkpt><trkpt lat="38.51217" lon="-119.77605"><ele>2783.116409541275</ele></trkpt><trkpt lat="38.51197" lon="-119.77615000000003"><ele>2781.0</ele></trkpt><trkpt lat="38.51179" lon="-119.77611999999999"><ele>2777.8613799401637</ele></trkpt><trkpt lat="38.51165" lon="-119.77621999999997"><ele>2774.070545779541</ele></trkpt><trkpt lat="38.51149269610801" lon="-119.77624169708855"><ele>2772.0</ele></trkpt><trkpt lat="38.51150561650065" lon="-119.77623991498558"><ele>2772.0</ele></trkpt><trkpt lat="38.51136" lon="-119.77625999999998"><ele>2771.2064106673934</ele></trkpt><trkpt lat="38.51116" lon="-119.77642000000003"><ele>2766.7590791004227</ele></trkpt><trkpt lat="38.51092" lon="-119.77647000000002"><ele>2766.2808977795667</ele></trkpt><trkpt lat="38.51063" lon="-119.77643999999998"><ele>2764.817802667618</ele></trkpt><trkpt lat="38.5104" lon="-119.77660000000003"><ele>2760.8079440293072</ele></trkpt><trkpt lat="38.5102" lon="-119.77663999999999"><ele>2757.4971271115355</ele></trkpt><trkpt lat="38.50995" lon="-119.77663999999999"><ele>2753.9489949054655</ele></trkpt><trkpt lat="38.5097" lon="-119.77654999999999"><ele>2754.0</ele></trkpt><trkpt lat="38.50931" lon="-119.77654999999999"><ele>2748.5408672899043</ele></trkpt><trkpt lat="38.50907" lon="-119.77647000000002"><ele>2742.205110992422</ele></trkpt><trkpt lat="38.50894" lon="-119.77629000000002"><ele>2740.746394827962</ele></trkpt><trkpt lat="38.50875" lon="-119.77618000000001"><ele>2736.9346808884293</ele></trkpt><trkpt lat="38.50867" lon="-119.77618999999999"><ele>2735.312237359267</ele></trkpt><trkpt lat="38.50853" lon="-119.77639999999997"><ele>2732.0</ele></trkpt><trkpt lat="38.50837" lon="-119.77659"><ele>2727.9653726111874</ele></trkpt><trkpt lat="38.50799" lon="-119.77665999999999"><ele>2723.095146864403</ele></trkpt><trkpt lat="38.50768" lon="-119.77668"><ele>2719.0</ele></trkpt><trkpt lat="38.50737" lon="-119.77647999999999"><ele>2713.964981457494</ele></trkpt><trkpt lat="38.50716" lon="-119.77647999999999"><ele>2709.7035012916035</ele></trkpt><trkpt lat="38.50677" lon="-119.77634"><ele>2703.511401183903</ele></trkpt><trkpt lat="38.50664" lon="-119.77618999999999"><ele>2702.360547219174</ele></trkpt><trkpt lat="38.50616" lon="-119.77535"><ele>2694.0</ele></trkpt><trkpt lat="38.50604" lon="-119.77445999999998"><ele>2688.0</ele></trkpt><trkpt lat="38.50597" lon="-119.77425"><ele>2687.7632743028435</ele></trkpt><trkpt lat="38.50581" lon="-119.77413000000001"><ele>2684.3395589366555</ele></trkpt><trkpt lat="38.50558" lon="-119.77435000000003"><ele>2683.4983130364517</ele></trkpt><trkpt lat="38.50537" lon="-119.77474999999998"><ele>2686.8639473877847</ele></trkpt><trkpt lat="38.50532" lon="-119.77481"><ele>2686.781308444217</ele></trkpt><trkpt lat="38.50524" lon="-119.77478000000002"><ele>2686.1794097768143</ele></trkpt><trkpt lat="38.50508" lon="-119.77462000000003"><ele>2685.635950220749</ele></trkpt><trkpt lat="38.50496" lon="-119.77445"><ele>2686.2778175263666</ele></trkpt><trkpt lat="38.50438" lon="-119.77397000000002"><ele>2677.940989626936</ele></trkpt><trkpt lat="38.50402" lon="-119.77346999999997"><ele>2669.739930059761</ele></trkpt><trkpt lat="38.50381" lon="-119.77332999999999"><ele>2667.1765094722855</ele></trkpt><trkpt lat="38.50367" lon="-119.77314999999999"><ele>2663.039652436506</ele></trkpt><trkpt lat="38.50365" lon="-119.77294999999998"><ele>2661.7057003285736</ele></trkpt><trkpt lat="38.50365" lon="-119.77294999999998"><ele>2661.7057003285736</ele></trkpt><trkpt lat="38.50363" lon="-119.77283"><ele>2659.514664106071</ele></trkpt><trkpt lat="38.50375" lon="-119.7724"><ele>2655.9676319827286</ele></trkpt><trkpt lat="38.50391" lon="-119.77206000000001"><ele>2652.2486039530486</ele></trkpt><trkpt lat="38.50422" lon="-119.77157"><ele>2645.7286001300354</ele></trkpt><trkpt lat="38.50422" lon="-119.77121999999997"><ele>2642.0</ele></trkpt><trkpt lat="38.50438" lon="-119.77085999999997"><ele>2637.178748719394</ele></trkpt><trkpt lat="38.50443" lon="-119.7706"><ele>2636.002888344205</ele></trkpt><trkpt lat="38.50436" lon="-119.77022"><ele>2632.9877004250884</ele></trkpt><trkpt lat="38.50442" lon="-119.76972999999998"><ele>2626.5608462952077</ele></trkpt><trkpt lat="38.50435" lon="-119.76938999999999"><ele>2622.3921764045954</ele></trkpt><trkpt lat="38.50421" lon="-119.76900999999998"><ele>2619.0</ele></trkpt><trkpt lat="38.50414" lon="-119.76812999999999"><ele>2610.0</ele></trkpt><trkpt lat="38.50404" lon="-119.76783999999998"><ele>2607.9581106930577</ele></trkpt><trkpt lat="38.50392" lon="-119.76783999999998"><ele>2606.3085121031672</ele></trkpt><trkpt lat="38.50378" lon="-119.76791000000003"><ele>2605.0</ele></trkpt><trkpt lat="38.50337" lon="-119.76783"><ele>2600.0728853330947</ele></trkpt><trkpt lat="38.50328" lon="-119.7679"><ele>2599.0</ele></trkpt><trkpt lat="38.50323" lon="-119.76800000000003"><ele>2598.0</ele></trkpt><trkpt lat="38.50315" lon="-119.7681"><ele>2598.0</ele></trkpt><trkpt lat="38.50295" lon="-119.76826"><ele>2598.9993437319563</ele></trkpt><trkpt lat="38.50256" lon="-119.76837"><ele>2600.0</ele></trkpt><trkpt lat="38.50252" lon="-119.76848000000001"><ele>2599.412672450766</ele></trkpt><trkpt lat="38.50259" lon="-119.76881000000003"><ele>2596.9828115329146</ele></trkpt><trkpt lat="38.5026" lon="-119.76893999999999"><ele>2595.060647878968</ele></trkpt><trkpt lat="38.50257" lon="-119.76905999999997"><ele>2596.54221775097</ele></trkpt><trkpt lat="38.50252" lon="-119.76916"><ele>2597.946909766315</ele></trkpt><trkpt lat="38.50235" lon="-119.76929000000001"><ele>2596.257080181502</ele></trkpt><trkpt lat="38.50212" lon="-119.76965000000001"><ele>2593.592384621501</ele></trkpt><trkpt lat="38.50206" lon="-119.76999"><ele>2592.019352855161</ele></trkpt><trkpt lat="38.50198" lon="-119.77028000000001"><ele>2588.255315134302</ele></trkpt><trkpt lat="38.50197" lon="-119.77040999999997"><ele>2588.0</ele></trkpt><trkpt lat="38.5018" lon="-119.77062999999998"><ele>2584.312862793663</ele></trkpt><trkpt lat="38.50175" lon="-119.77084000000002"><ele>2584.203281779308</ele></trkpt><trkpt lat="38.50153" lon="-119.77091000000001"><ele>2582.244633129403</ele></trkpt><trkpt lat="38.50135" lon="-119.77089000000001"><ele>2579.878092046575</ele></trkpt><trkpt lat="38.50126" lon="-119.77098999999998"><ele>2578.4995149440365</ele></trkpt><trkpt lat="38.50119" lon="-119.77100000000002"><ele>2577.1390421858787</ele></trkpt><trkpt lat="38.50112" lon="-119.77094999999997"><ele>2576.0</ele></trkpt><trkpt lat="38.50093" lon="-119.77075000000002"><ele>2573.0</ele></trkpt><trkpt lat="38.50072" lon="-119.77075000000002"><ele>2570.0089777787216</ele></trkpt><trkpt lat="38.50037" lon="-119.77058999999997"><ele>2570.552437331993</ele></trkpt><trkpt lat="38.49976" lon="-119.77062999999998"><ele>2570.023069387703</ele></trkpt><trkpt lat="38.4995" lon="-119.77058999999997"><ele>2567.0</ele></trkpt><trkpt lat="38.4993" lon="-119.77052000000003"><ele>2566.5293257519925</ele></trkpt><trkpt lat="38.49917" lon="-119.77040999999997"><ele>2565.0128037341533</ele></trkpt><trkpt lat="38.49882" lon="-119.77037000000001"><ele>2565.0</ele></trkpt><trkpt lat="38.49852" lon="-119.77013"><ele>2563.114883555565</ele></trkpt><trkpt lat="38.49845" lon="-119.77016000000003"><ele>2563.0</ele></trkpt><trkpt lat="38.49814" lon="-119.77001999999999"><ele>2560.0</ele></trkpt><trkpt lat="38.49814" lon="-119.77001999999999"><ele>2560.0</ele></trkpt><trkpt lat="38.49793" lon="-119.76986"><ele>2563.429266493704</ele></trkpt><trkpt lat="38.49775" lon="-119.76956000000001"><ele>2567.6497871463007</ele></trkpt><trkpt lat="38.49771" lon="-119.76945"><ele>2568.565331969875</ele></trkpt><trkpt lat="38.49767" lon="-119.76889"><ele>2575.8695193169888</ele></trkpt><trkpt lat="38.49735" lon="-119.76817"><ele>2585.773383210413</ele></trkpt><trkpt lat="38.49706" lon="-119.76774"><ele>2592.0</ele></trkpt><trkpt lat="38.49698" lon="-119.76765999999998"><ele>2593.997668678032</ele></trkpt><trkpt lat="38.49691" lon="-119.76738999999998"><ele>2596.723925102381</ele></trkpt><trkpt lat="38.49668" lon="-119.76719000000003"><ele>2596.649602588266</ele></trkpt><trkpt lat="38.49664" lon="-119.76711999999998"><ele>2596.043185441575</ele></trkpt><trkpt lat="38.49665" lon="-119.76683000000003"><ele>2597.863221248612</ele></trkpt><trkpt lat="38.49659" lon="-119.76668999999998"><ele>2596.432890864904</ele></trkpt><trkpt lat="38.49659" lon="-119.76668999999998"><ele>2596.432890864904</ele></trkpt><trkpt lat="38.49652" lon="-119.76650999999998"><ele>2597.639544250225</ele></trkpt><trkpt lat="38.49634" lon="-119.76629000000003"><ele>2601.0</ele></trkpt><trkpt lat="38.49627" lon="-119.76614999999998"><ele>2602.0</ele></trkpt><trkpt lat="38.49589" lon="-119.76551999999998"><ele>2602.892991647035</ele></trkpt><trkpt lat="38.49566" lon="-119.76524999999998"><ele>2604.309600001201</ele></trkpt><trkpt lat="38.49558" lon="-119.76510999999999"><ele>2607.1246437948853</ele></trkpt><trkpt lat="38.49545" lon="-119.76474999999999"><ele>2610.7701075812993</ele></trkpt><trkpt lat="38.49545" lon="-119.7645"><ele>2613.5636091997208</ele></trkpt><trkpt lat="38.4954" lon="-119.76423999999997"><ele>2615.0</ele></trkpt><trkpt lat="38.49528" lon="-119.76409999999998"><ele>2614.9310814061146</ele></trkpt><trkpt lat="38.49524" lon="-119.76395000000002"><ele>2616.0</ele></trkpt><trkpt lat="38.4952" lon="-119.76335"><ele>2619.9312259467224</ele></trkpt><trkpt lat="38.49513" lon="-119.76318000000003"><ele>2621.0</ele></trkpt><trkpt lat="38.49507" lon="-119.76310000000001"><ele>2621.0</ele></trkpt><trkpt lat="38.4949" lon="-119.76305000000002"><ele>2622.341069487855</ele></trkpt><trkpt lat="38.49476" lon="-119.76308"><ele>2624.0</ele></trkpt><trkpt lat="38.49466" lon="-119.76319999999998"><ele>2625.631746273488</ele></trkpt><trkpt lat="38.49456" lon="-119.76327000000003"><ele>2626.3424984547473</ele></trkpt><trkpt lat="38.49425" lon="-119.76324999999997"><ele>2627.5380594159824</ele></trkpt><trkpt lat="38.49405" lon="-119.76315"><ele>2631.176693333313</ele></trkpt><trkpt lat="38.4933" lon="-119.76300000000003"><ele>2642.0</ele></trkpt><trkpt lat="38.49323" lon="-119.76288"><ele>2644.0</ele></trkpt><trkpt lat="38.49322" lon="-119.76276999999999"><ele>2644.5539063098413</ele></trkpt><trkpt lat="38.49305" lon="-119.76247000000001"><ele>2648.3698513475247</ele></trkpt><trkpt lat="38.49288" lon="-119.76228000000003"><ele>2653.721631998662</ele></trkpt><trkpt lat="38.49276" lon="-119.76228000000003"><ele>2654.9344695554482</ele></trkpt><trkpt lat="38.49268" lon="-119.7622"><ele>2656.7095410422558</ele></trkpt><trkpt lat="38.49264" lon="-119.76213999999999"><ele>2657.3141644998523</ele></trkpt><trkpt lat="38.49264" lon="-119.76202"><ele>2659.0</ele></trkpt><trkpt lat="38.49249" lon="-119.7618"><ele>2660.23563399738</ele></trkpt><trkpt lat="38.49246" lon="-119.76150999999999"><ele>2662.0</ele></trkpt><trkpt lat="38.4924" lon="-119.76146"><ele>2661.949118319646</ele></trkpt><trkpt lat="38.49231" lon="-119.76144999999997"><ele>2662.40243555652</ele></trkpt><trkpt lat="38.49225" lon="-119.76139999999998"><ele>2663.732604445424</ele></trkpt><trkpt lat="38.4922" lon="-119.7613"><ele>2664.9341714898055</ele></trkpt><trkpt lat="38.49217" lon="-119.76116000000002"><ele>2666.0</ele></trkpt><trkpt lat="38.4922" lon="-119.76099999999997"><ele>2667.891561375931</ele></trkpt><trkpt lat="38.49218" lon="-119.76093000000003"><ele>2667.700714454055</ele></trkpt><trkpt lat="38.49055" lon="-119.76069999999999"><ele>2674.3549688896164</ele></trkpt><trkpt lat="38.49009" lon="-119.76053000000002"><ele>2673.0</ele></trkpt><trkpt lat="38.48999" lon="-119.76040999999998"><ele>2673.0</ele></trkpt><trkpt lat="38.48992" lon="-119.76045999999997"><ele>2674.0</ele></trkpt><trkpt lat="38.4897" lon="-119.76044000000002"><ele>2674.018051848221</ele></trkpt><trkpt lat="38.48941" lon="-119.76057000000003"><ele>2671.0</ele></trkpt><trkpt lat="38.48928" lon="-119.76057000000003"><ele>2670.0</ele></trkpt><trkpt lat="38.48918" lon="-119.76053000000002"><ele>2669.0</ele></trkpt><trkpt lat="38.48907274312563" lon="-119.76054399002709"><ele>2667.0</ele></trkpt><trkpt lat="38.489035262767324" lon="-119.76054887878064"><ele>2666.182872933501</ele></trkpt><trkpt lat="38.48895" lon="-119.76056"><ele>2665.0</ele></trkpt><trkpt lat="38.48874" lon="-119.76066000000003"><ele>2663.0</ele></trkpt><trkpt lat="38.48862" lon="-119.76066000000003"><ele>2661.16109142241</ele></trkpt><trkpt lat="38.48842" lon="-119.76051999999999"><ele>2658.6152098059583</ele></trkpt><trkpt lat="38.48823" lon="-119.76044999999999"><ele>2655.0</ele></trkpt><trkpt lat="38.4881" lon="-119.76047"><ele>2653.7914574190254</ele></trkpt><trkpt lat="38.48802" lon="-119.76040999999998"><ele>2652.871475141741</ele></trkpt><trkpt lat="38.48791" lon="-119.76022999999998"><ele>2650.0</ele></trkpt><trkpt lat="38.48785" lon="-119.76017999999999"><ele>2650.064678521614</ele></trkpt><trkpt lat="38.48774" lon="-119.76017000000002"><ele>2650.018666254879</ele></trkpt><trkpt lat="38.48758" lon="-119.75995999999998"><ele>2648.814702967182</ele></trkpt><trkpt lat="38.48748" lon="-119.75990000000002"><ele>2647.949583171659</ele></trkpt><trkpt lat="38.48733" lon="-119.75988999999998"><ele>2646.0</ele></trkpt><trkpt lat="38.48723" lon="-119.75984"><ele>2645.0</ele></trkpt><trkpt lat="38.48716" lon="-119.75977"><ele>2644.808590354398</ele></trkpt><trkpt lat="38.48704" lon="-119.75955999999996"><ele>2643.320598713638</ele></trkpt><trkpt lat="38.48678" lon="-119.75943999999998"><ele>2639.0</ele></trkpt><trkpt lat="38.48665" lon="-119.75928999999996"><ele>2637.0</ele></trkpt><trkpt lat="38.48659" lon="-119.75894"><ele>2633.0</ele></trkpt><trkpt lat="38.48644" lon="-119.75848000000002"><ele>2627.0</ele></trkpt><trkpt lat="38.48642" lon="-119.75826"><ele>2624.0</ele></trkpt><trkpt lat="38.48668" lon="-119.75770999999997"><ele>2616.5312859513797</ele></trkpt><trkpt lat="38.48705" lon="-119.75655999999998"><ele>2600.707047109958</ele></trkpt><trkpt lat="38.48709" lon="-119.75612999999998"><ele>2593.880639589378</ele></trkpt><trkpt lat="38.48718" lon="-119.75587000000002"><ele>2590.0</ele></trkpt><trkpt lat="38.48718" lon="-119.75575000000003"><ele>2587.0</ele></trkpt><trkpt lat="38.48731" lon="-119.75558000000001"><ele>2587.0</ele></trkpt><trkpt lat="38.48736" lon="-119.75527"><ele>2583.0</ele></trkpt><trkpt lat="38.48734" lon="-119.75515000000001"><ele>2582.5235254721965</ele></trkpt><trkpt lat="38.48736" lon="-119.75490000000002"><ele>2579.8142652294337</ele></trkpt><trkpt lat="38.48744" lon="-119.75472000000002"><ele>2576.9775231094154</ele></trkpt><trkpt lat="38.48745" lon="-119.75461999999999"><ele>2575.0221481641697</ele></trkpt><trkpt lat="38.48723" lon="-119.75470999999999"><ele>2572.490798221901</ele></trkpt><trkpt lat="38.48685" lon="-119.75470999999999"><ele>2570.0</ele></trkpt><trkpt lat="38.48612" lon="-119.75446999999997"><ele>2564.2721207577556</ele></trkpt><trkpt lat="38.48597" lon="-119.75432999999998"><ele>2563.0</ele></trkpt><trkpt lat="38.4857" lon="-119.75425000000001"><ele>2561.0</ele></trkpt><trkpt lat="38.48544" lon="-119.75455999999997"><ele>2558.7022366552465</ele></trkpt><trkpt lat="38.48534" lon="-119.75461000000001"><ele>2557.906830062567</ele></trkpt><trkpt lat="38.48521" lon="-119.75459000000001"><ele>2558.0293958660677</ele></trkpt><trkpt lat="38.48491" lon="-119.75437"><ele>2559.0</ele></trkpt><trkpt lat="38.4848" lon="-119.75369999999998"><ele>2561.0</ele></trkpt><trkpt lat="38.48485" lon="-119.75342999999998"><ele>2560.6057342273853</ele></trkpt><trkpt lat="38.48482" lon="-119.75299000000001"><ele>2556.3329884451814</ele></trkpt><trkpt lat="38.48523" lon="-119.75207999999998"><ele>2552.0</ele></trkpt><trkpt lat="38.48522" lon="-119.75173000000001"><ele>2551.0</ele></trkpt><trkpt lat="38.48503" lon="-119.75130999999999"><ele>2549.03931377735</ele></trkpt><trkpt lat="38.48484" lon="-119.75117"><ele>2547.514840888791</ele></trkpt><trkpt lat="38.48459" lon="-119.75112000000001"><ele>2545.1846720012836</ele></trkpt><trkpt lat="38.48425" lon="-119.75112000000001"><ele>2543.637958333536</ele></trkpt><trkpt lat="38.48416" lon="-119.75106"><ele>2541.388469333295</ele></trkpt><trkpt lat="38.48374" lon="-119.75098000000003"><ele>2537.725716956922</ele></trkpt><trkpt lat="38.48374" lon="-119.75098000000003"><ele>2537.725716956922</ele></trkpt><trkpt lat="38.48318" lon="-119.75092000000001"><ele>2534.8639964447357</ele></trkpt><trkpt lat="38.48292" lon="-119.75092999999998"><ele>2532.5806600502033</ele></trkpt><trkpt lat="38.48289" lon="-119.75085999999999"><ele>2531.3441552221775</ele></trkpt><trkpt lat="38.48291" lon="-119.75076000000001"><ele>2531.221255587414</ele></trkpt><trkpt lat="38.48289" lon="-119.75058000000001"><ele>2530.0077644149715</ele></trkpt><trkpt lat="38.48281" lon="-119.75044000000003"><ele>2529.17471934855</ele></trkpt><trkpt lat="38.48277" lon="-119.75026000000003"><ele>2528.0</ele></trkpt><trkpt lat="38.48267" lon="-119.75016"><ele>2526.4454293334857</ele></trkpt><trkpt lat="38.48249" lon="-119.75013000000001"><ele>2524.309719691797</ele></trkpt><trkpt lat="38.48234" lon="-119.75027"><ele>2525.933248726881</ele></trkpt><trkpt lat="38.48222" lon="-119.75034"><ele>2527.0</ele></trkpt><trkpt lat="38.48211" lon="-119.75034"><ele>2527.0</ele></trkpt><trkpt lat="38.48195" lon="-119.75027999999998"><ele>2528.397844939469</ele></trkpt><trkpt lat="38.4819" lon="-119.74986000000001"><ele>2529.0</ele></trkpt><trkpt lat="38.48194" lon="-119.74972000000002"><ele>2530.0582254862757</ele></trkpt><trkpt lat="38.4821" lon="-119.74945000000002"><ele>2532.8015173205827</ele></trkpt><trkpt lat="38.48209" lon="-119.74932999999999"><ele>2533.773902961272</ele></trkpt><trkpt lat="38.48186" lon="-119.74907999999999"><ele>2534.8459944743663</ele></trkpt><trkpt lat="38.48187" lon="-119.74898999999999"><ele>2534.080522667151</ele></trkpt><trkpt lat="38.48191" lon="-119.74894999999998"><ele>2535.9446577783674</ele></trkpt><trkpt lat="38.48204" lon="-119.74894"><ele>2536.410691555124</ele></trkpt><trkpt lat="38.48209" lon="-119.74880999999999"><ele>2538.0</ele></trkpt><trkpt lat="38.48207" lon="-119.74820999999997"><ele>2539.2300944812596</ele></trkpt><trkpt lat="38.4821" lon="-119.74805000000003"><ele>2539.4440745562315</ele></trkpt><trkpt lat="38.48209" lon="-119.74788000000001"><ele>2540.2216645591116</ele></trkpt><trkpt lat="38.48191" lon="-119.74781000000002"><ele>2540.9274915563874</ele></trkpt><trkpt lat="38.48173" lon="-119.74769000000003"><ele>2539.335086224135</ele></trkpt><trkpt lat="38.48173" lon="-119.74761999999998"><ele>2539.3987518972717</ele></trkpt><trkpt lat="38.4818" lon="-119.74752000000001"><ele>2539.5874879998155</ele></trkpt><trkpt lat="38.48182" lon="-119.74743999999998"><ele>2541.3934641034493</ele></trkpt><trkpt lat="38.48173" lon="-119.74729000000002"><ele>2543.471601674333</ele></trkpt><trkpt lat="38.48161" lon="-119.74723"><ele>2545.897532444913</ele></trkpt><trkpt lat="38.48153" lon="-119.74712"><ele>2546.0</ele></trkpt><trkpt lat="38.48158" lon="-119.74675000000002"><ele>2547.1896135681127</ele></trkpt><trkpt lat="38.48158" lon="-119.74664999999999"><ele>2546.4016480222344</ele></trkpt><trkpt lat="38.48152" lon="-119.74652000000003"><ele>2545.973661361262</ele></trkpt><trkpt lat="38.48152" lon="-119.74644"><ele>2544.9978701523014</ele></trkpt><trkpt lat="38.48156" lon="-119.74631999999997"><ele>2545.5923194661736</ele></trkpt><trkpt lat="38.48156" lon="-119.74616000000003"><ele>2546.624237690121</ele></trkpt><trkpt lat="38.48146" lon="-119.74586"><ele>2549.027777358503</ele></trkpt><trkpt lat="38.48139" lon="-119.74583999999999"><ele>2549.118837332353</ele></trkpt><trkpt lat="38.48121" lon="-119.74556000000001"><ele>2548.498907781206</ele></trkpt><trkpt lat="38.48112" lon="-119.74549999999999"><ele>2549.060696499888</ele></trkpt><trkpt lat="38.48109" lon="-119.74545"><ele>2547.9758832241187</ele></trkpt><trkpt lat="38.48109" lon="-119.74535000000003"><ele>2547.4520853669815</ele></trkpt><trkpt lat="38.48105" lon="-119.74531000000002"><ele>2548.954329619184</ele></trkpt><trkpt lat="38.48097" lon="-119.74527999999998"><ele>2549.0209457771853</ele></trkpt><trkpt lat="38.48092" lon="-119.74522999999999"><ele>2547.596040569497</ele></trkpt><trkpt lat="38.48088" lon="-119.74509999999998"><ele>2546.7072897069156</ele></trkpt><trkpt lat="38.48069" lon="-119.74484000000001"><ele>2540.3862074445933</ele></trkpt><trkpt lat="38.48065" lon="-119.74464"><ele>2537.8128038653185</ele></trkpt><trkpt lat="38.48039" lon="-119.74433999999997"><ele>2536.4072018452725</ele></trkpt><trkpt lat="38.48023" lon="-119.74426"><ele>2535.0</ele></trkpt><trkpt lat="38.48022" lon="-119.74406999999997"><ele>2534.135310051593</ele></trkpt><trkpt lat="38.48027" lon="-119.74399"><ele>2533.0</ele></trkpt><trkpt lat="38.4803" lon="-119.74385000000001"><ele>2533.0</ele></trkpt><trkpt lat="38.48017" lon="-119.74372"><ele>2533.0</ele></trkpt><trkpt lat="38.48025" lon="-119.74365999999998"><ele>2533.4765262226574</ele></trkpt><trkpt lat="38.48022" lon="-119.74355000000003"><ele>2536.602897775825</ele></trkpt><trkpt lat="38.48034" lon="-119.74353000000002"><ele>2537.950819185608</ele></trkpt><trkpt lat="38.48058" lon="-119.74356"><ele>2540.1368639995344</ele></trkpt><trkpt lat="38.48072" lon="-119.74324000000001"><ele>2542.0299780062023</ele></trkpt><trkpt lat="38.48089" lon="-119.743"><ele>2545.112593897592</ele></trkpt><trkpt lat="38.48079" lon="-119.74255"><ele>2551.0893005630087</ele></trkpt><trkpt lat="38.48088" lon="-119.74225000000001"><ele>2553.262240818236</ele></trkpt><trkpt lat="38.48116" lon="-119.74193000000002"><ele>2555.50604870962</ele></trkpt><trkpt lat="38.48116" lon="-119.74144999999999"><ele>2562.1906654931163</ele></trkpt><trkpt lat="38.48112" lon="-119.74131"><ele>2563.998820874084</ele></trkpt><trkpt lat="38.48212" lon="-119.74065000000002"><ele>2580.190728118817</ele></trkpt><trkpt lat="38.48237" lon="-119.74040000000002"><ele>2586.1492532001403</ele></trkpt><trkpt lat="38.48277" lon="-119.74014999999997"><ele>2593.580242673028</ele></trkpt><trkpt lat="38.48293" lon="-119.73996"><ele>2598.909024000168</ele></trkpt><trkpt lat="38.48233" lon="-119.73973000000001"><ele>2606.6278008888476</ele></trkpt><trkpt lat="38.48192" lon="-119.73972000000003"><ele>2607.0938346651383</ele></trkpt><trkpt lat="38.4809" lon="-119.73981000000003"><ele>2616.899530664552</ele></trkpt><trkpt lat="38.48051" lon="-119.73999000000003"><ele>2623.6130288802087</ele></trkpt><trkpt lat="38.48047" lon="-119.73995000000002"><ele>2626.67716323467</ele></trkpt><trkpt lat="38.48064" lon="-119.73964000000001"><ele>2630.0</ele></trkpt><trkpt lat="38.48083" lon="-119.73950000000002"><ele>2633.3465777761303</ele></trkpt><trkpt lat="38.48108" lon="-119.73923000000002"><ele>2637.929489776958</ele></trkpt><trkpt lat="38.48114" lon="-119.73910999999998"><ele>2640.8070098240705</ele></trkpt><trkpt lat="38.48119" lon="-119.73912000000001"><ele>2639.0346162375067</ele></trkpt><trkpt lat="38.4813" lon="-119.73891000000003"><ele>2640.059837811527</ele></trkpt><trkpt lat="38.48174" lon="-119.73833000000002"><ele>2645.0</ele></trkpt><trkpt lat="38.48214" lon="-119.73829999999998"><ele>2647.9542587241413</ele></trkpt><trkpt lat="38.48236" lon="-119.73843999999997"><ele>2649.746158223599</ele></trkpt><trkpt lat="38.48283" lon="-119.73837000000003"><ele>2648.008394665085</ele></trkpt><trkpt lat="38.48398" lon="-119.73834"><ele>2636.714332435533</ele></trkpt><trkpt lat="38.48564" lon="-119.73798"><ele>2637.1264864193563</ele></trkpt><trkpt lat="38.4861" lon="-119.73779000000002"><ele>2634.0</ele></trkpt><trkpt lat="38.48629" lon="-119.73757999999998"><ele>2635.0</ele></trkpt><trkpt lat="38.48643" lon="-119.73716000000002"><ele>2638.0</ele></trkpt><trkpt lat="38.48647" lon="-119.73665"><ele>2640.2725639790297</ele></trkpt><trkpt lat="38.48643" lon="-119.73629"><ele>2645.6170612293836</ele></trkpt><trkpt lat="38.48637" lon="-119.73617000000002"><ele>2648.0</ele></trkpt><trkpt lat="38.48606" lon="-119.73597999999998"><ele>2652.6829186603427</ele></trkpt><trkpt lat="38.48576" lon="-119.73572000000001"><ele>2656.0367200318724</ele></trkpt><trkpt lat="38.48513" lon="-119.73558000000003"><ele>2660.0</ele></trkpt><trkpt lat="38.48491" lon="-119.73563999999999"><ele>2662.0</ele></trkpt><trkpt lat="38.48454" lon="-119.73554999999999"><ele>2665.570079999976</ele></trkpt><trkpt lat="38.48406" lon="-119.73557"><ele>2671.5021475553513</ele></trkpt><trkpt lat="38.48367" lon="-119.73586"><ele>2680.9750950187354</ele></trkpt><trkpt lat="38.48315" lon="-119.73579000000001"><ele>2690.7548906672746</ele></trkpt><trkpt lat="38.48283" lon="-119.73597999999998"><ele>2694.0</ele></trkpt><trkpt lat="38.48209" lon="-119.73581000000001"><ele>2701.0</ele></trkpt><trkpt lat="38.48183" lon="-119.73545000000001"><ele>2701.0</ele></trkpt><trkpt lat="38.48151" lon="-119.73532"><ele>2704.5689966268837</ele></trkpt><trkpt lat="38.48102" lon="-119.73498000000001"><ele>2712.0</ele></trkpt><trkpt lat="38.48078" lon="-119.73494"><ele>2717.0</ele></trkpt><trkpt lat="38.48053" lon="-119.7348"><ele>2718.0</ele></trkpt><trkpt lat="38.48036" lon="-119.7346"><ele>2719.0</ele></trkpt><trkpt lat="38.47993" lon="-119.73383000000001"><ele>2726.260114206002</ele></trkpt><trkpt lat="38.47973" lon="-119.73361"><ele>2727.0857232246026</ele></trkpt><trkpt lat="38.47952" lon="-119.73354"><ele>2729.0</ele></trkpt><trkpt lat="38.47939" lon="-119.73342000000002"><ele>2729.0</ele></trkpt><trkpt lat="38.47939" lon="-119.73342000000002"><ele>2729.0</ele></trkpt><trkpt lat="38.47919" lon="-119.73322000000002"><ele>2728.9842097787187</ele></trkpt><trkpt lat="38.47844" lon="-119.73274000000004"><ele>2739.742937744638</ele></trkpt><trkpt lat="38.47801" lon="-119.73265000000004"><ele>2746.0</ele></trkpt><trkpt lat="38.47786" lon="-119.73243000000002"><ele>2747.0</ele></trkpt><trkpt lat="38.47754" lon="-119.73238000000003"><ele>2751.762488509476</ele></trkpt><trkpt lat="38.47744" lon="-119.73214999999999"><ele>2754.879770246679</ele></trkpt><trkpt lat="38.47714" lon="-119.73181999999997"><ele>2756.7394808880053</ele></trkpt><trkpt lat="38.47712166854609" lon="-119.73173445285556"><ele>2757.201275092235</ele></trkpt><trkpt lat="38.47712402863723" lon="-119.7317454666362"><ele>2756.913126900148</ele></trkpt><trkpt lat="38.47714" lon="-119.73181999999997"><ele>2756.7394808880053</ele></trkpt><trkpt lat="38.47744" lon="-119.73214999999999"><ele>2754.879770246679</ele></trkpt><trkpt lat="38.47754" lon="-119.73238000000003"><ele>2751.762488509476</ele></trkpt><trkpt lat="38.47786" lon="-119.73243000000002"><ele>2747.0</ele></trkpt><trkpt lat="38.47801" lon="-119.73265000000004"><ele>2746.0</ele></trkpt><trkpt lat="38.47844" lon="-119.73274000000004"><ele>2739.742937744638</ele></trkpt><trkpt lat="38.47919" lon="-119.73322000000002"><ele>2728.9842097787187</ele></trkpt><trkpt lat="38.47939" lon="-119.73342000000002"><ele>2729.0</ele></trkpt><trkpt lat="38.47939" lon="-119.73342000000002"><ele>2729.0</ele></trkpt><trkpt lat="38.47952" lon="-119.73354"><ele>2729.0</ele></trkpt><trkpt lat="38.47973" lon="-119.73361"><ele>2727.0857232246026</ele></trkpt><trkpt lat="38.47993" lon="-119.73383000000001"><ele>2726.260114206002</ele></trkpt><trkpt lat="38.48036" lon="-119.7346"><ele>2719.0</ele></trkpt><trkpt lat="38.48053" lon="-119.7348"><ele>2718.0</ele></trkpt><trkpt lat="38.48078" lon="-119.73494"><ele>2717.0</ele></trkpt><trkpt lat="38.48102" lon="-119.73498000000001"><ele>2712.0</ele></trkpt><trkpt lat="38.48151" lon="-119.73532"><ele>2704.5689966268837</ele></trkpt><trkpt lat="38.48183" lon="-119.73545000000001"><ele>2701.0</ele></trkpt><trkpt lat="38.48209" lon="-119.73581000000001"><ele>2701.0</ele></trkpt><trkpt lat="38.48283" lon="-119.73597999999998"><ele>2694.0</ele></trkpt><trkpt lat="38.48315" lon="-119.73579000000001"><ele>2690.7548906672746</ele></trkpt><trkpt lat="38.48367" lon="-119.73586"><ele>2680.9750950187354</ele></trkpt><trkpt lat="38.48406" lon="-119.73557"><ele>2671.5021475553513</ele></trkpt><trkpt lat="38.48454" lon="-119.73554999999999"><ele>2665.570079999976</ele></trkpt><trkpt lat="38.48491" lon="-119.73563999999999"><ele>2662.0</ele></trkpt><trkpt lat="38.48513" lon="-119.73558000000003"><ele>2660.0</ele></trkpt><trkpt lat="38.48576" lon="-119.73572000000001"><ele>2656.0367200318724</ele></trkpt><trkpt lat="38.48606" lon="-119.73597999999998"><ele>2652.6829186603427</ele></trkpt><trkpt lat="38.48637" lon="-119.73617000000002"><ele>2648.0</ele></trkpt><trkpt lat="38.48643" lon="-119.73629"><ele>2645.6170612293836</ele></trkpt><trkpt lat="38.48647" lon="-119.73665"><ele>2640.2725639790297</ele></trkpt><trkpt lat="38.48643" lon="-119.73716000000002"><ele>2638.0</ele></trkpt><trkpt lat="38.48629" lon="-119.73757999999998"><ele>2635.0</ele></trkpt><trkpt lat="38.4861" lon="-119.73779000000002"><ele>2634.0</ele></trkpt><trkpt lat="38.48564" lon="-119.73798"><ele>2637.1264864193563</ele></trkpt><trkpt lat="38.48398" lon="-119.73834"><ele>2636.714332435533</ele></trkpt><trkpt lat="38.48283" lon="-119.73837000000003"><ele>2648.008394665085</ele></trkpt><trkpt lat="38.48236" lon="-119.73843999999997"><ele>2649.746158223599</ele></trkpt><trkpt lat="38.48214" lon="-119.73829999999998"><ele>2647.9542587241413</ele></trkpt><trkpt lat="38.48174" lon="-119.73833000000002"><ele>2645.0</ele></trkpt><trkpt lat="38.4813" lon="-119.73891000000003"><ele>2640.059837811527</ele></trkpt><trkpt lat="38.48119" lon="-119.73912000000001"><ele>2639.0346162375067</ele></trkpt><trkpt lat="38.48114" lon="-119.73910999999998"><ele>2640.8070098240705</ele></trkpt><trkpt lat="38.48108" lon="-119.73923000000002"><ele>2637.929489776958</ele></trkpt><trkpt lat="38.48083" lon="-119.73950000000002"><ele>2633.3465777761303</ele></trkpt><trkpt lat="38.48064" lon="-119.73964000000001"><ele>2630.0</ele></trkpt><trkpt lat="38.48047" lon="-119.73995000000002"><ele>2626.67716323467</ele></trkpt><trkpt lat="38.48051" lon="-119.73999000000003"><ele>2623.6130288802087</ele></trkpt><trkpt lat="38.4809" lon="-119.73981000000003"><ele>2616.899530664552</ele></trkpt><trkpt lat="38.48192" lon="-119.73972000000003"><ele>2607.0938346651383</ele></trkpt><trkpt lat="38.48233" lon="-119.73973000000001"><ele>2606.6278008888476</ele></trkpt><trkpt lat="38.48293" lon="-119.73996"><ele>2598.909024000168</ele></trkpt><trkpt lat="38.48277" lon="-119.74014999999997"><ele>2593.580242673028</ele></trkpt><trkpt lat="38.48237" lon="-119.74040000000002"><ele>2586.1492532001403</ele></trkpt><trkpt lat="38.48212" lon="-119.74065000000002"><ele>2580.190728118817</ele></trkpt><trkpt lat="38.48112" lon="-119.74131"><ele>2563.998820874084</ele></trkpt><trkpt lat="38.48116" lon="-119.74144999999999"><ele>2562.1906654931163</ele></trkpt><trkpt lat="38.48116" lon="-119.74193000000002"><ele>2555.50604870962</ele></trkpt><trkpt lat="38.48088" lon="-119.74225000000001"><ele>2553.262240818236</ele></trkpt><trkpt lat="38.48079" lon="-119.74255"><ele>2551.0893005630087</ele></trkpt><trkpt lat="38.48089" lon="-119.743"><ele>2545.112593897592</ele></trkpt><trkpt lat="38.48072" lon="-119.74324000000001"><ele>2542.0299780062023</ele></trkpt><trkpt lat="38.48058" lon="-119.74356"><ele>2540.1368639995344</ele></trkpt><trkpt lat="38.48034" lon="-119.74353000000002"><ele>2537.950819185608</ele></trkpt><trkpt lat="38.48022" lon="-119.74355000000003"><ele>2536.602897775825</ele></trkpt><trkpt lat="38.48025" lon="-119.74365999999998"><ele>2533.4765262226574</ele></trkpt><trkpt lat="38.48017" lon="-119.74372"><ele>2533.0</ele></trkpt><trkpt lat="38.4803" lon="-119.74385000000001"><ele>2533.0</ele></trkpt><trkpt lat="38.48027" lon="-119.74399"><ele>2533.0</ele></trkpt><trkpt lat="38.48022" lon="-119.74406999999997"><ele>2534.135310051593</ele></trkpt><trkpt lat="38.48023" lon="-119.74426"><ele>2535.0</ele></trkpt><trkpt lat="38.48039" lon="-119.74433999999997"><ele>2536.4072018452725</ele></trkpt><trkpt lat="38.48065" lon="-119.74464"><ele>2537.8128038653185</ele></trkpt><trkpt lat="38.48069" lon="-119.74484000000001"><ele>2540.3862074445933</ele></trkpt><trkpt lat="38.48088" lon="-119.74509999999998"><ele>2546.7072897069156</ele></trkpt><trkpt lat="38.48092" lon="-119.74522999999999"><ele>2547.596040569497</ele></trkpt><trkpt lat="38.48097" lon="-119.74527999999998"><ele>2549.0209457771853</ele></trkpt><trkpt lat="38.48105" lon="-119.74531000000002"><ele>2548.954329619184</ele></trkpt><trkpt lat="38.48109" lon="-119.74535000000003"><ele>2547.4520853669815</ele></trkpt><trkpt lat="38.48109" lon="-119.74545"><ele>2547.9758832241187</ele></trkpt><trkpt lat="38.48112" lon="-119.74549999999999"><ele>2549.060696499888</ele></trkpt><trkpt lat="38.48121" lon="-119.74556000000001"><ele>2548.498907781206</ele></trkpt><trkpt lat="38.48139" lon="-119.74583999999999"><ele>2549.118837332353</ele></trkpt><trkpt lat="38.48146" lon="-119.74586"><ele>2549.027777358503</ele></trkpt><trkpt lat="38.48156" lon="-119.74616000000003"><ele>2546.624237690121</ele></trkpt><trkpt lat="38.48156" lon="-119.74631999999997"><ele>2545.5923194661736</ele></trkpt><trkpt lat="38.48152" lon="-119.74644"><ele>2544.9978701523014</ele></trkpt><trkpt lat="38.48152" lon="-119.74652000000003"><ele>2545.973661361262</ele></trkpt><trkpt lat="38.48158" lon="-119.74664999999999"><ele>2546.4016480222344</ele></trkpt><trkpt lat="38.48158" lon="-119.74675000000002"><ele>2547.1896135681127</ele></trkpt><trkpt lat="38.48153" lon="-119.74712"><ele>2546.0</ele></trkpt><trkpt lat="38.48161" lon="-119.74723"><ele>2545.897532444913</ele></trkpt><trkpt lat="38.48173" lon="-119.74729000000002"><ele>2543.471601674333</ele></trkpt><trkpt lat="38.48182" lon="-119.74743999999998"><ele>2541.3934641034493</ele></trkpt><trkpt lat="38.4818" lon="-119.74752000000001"><ele>2539.5874879998155</ele></trkpt><trkpt lat="38.48173" lon="-119.74761999999998"><ele>2539.3987518972717</ele></trkpt><trkpt lat="38.48173" lon="-119.74769000000003"><ele>2539.335086224135</ele></trkpt><trkpt lat="38.48191" lon="-119.74781000000002"><ele>2540.9274915563874</ele></trkpt><trkpt lat="38.48209" lon="-119.74788000000001"><ele>2540.2216645591116</ele></trkpt><trkpt lat="38.4821" lon="-119.74805000000003"><ele>2539.4440745562315</ele></trkpt><trkpt lat="38.48207" lon="-119.74820999999997"><ele>2539.2300944812596</ele></trkpt><trkpt lat="38.48209" lon="-119.74880999999999"><ele>2538.0</ele></trkpt><trkpt lat="38.48204" lon="-119.74894"><ele>2536.410691555124</ele></trkpt><trkpt lat="38.48191" lon="-119.74894999999998"><ele>2535.9446577783674</ele></trkpt><trkpt lat="38.48187" lon="-119.74898999999999"><ele>2534.080522667151</ele></trkpt><trkpt lat="38.48186" lon="-119.74907999999999"><ele>2534.8459944743663</ele></trkpt><trkpt lat="38.48209" lon="-119.74932999999999"><ele>2533.773902961272</ele></trkpt><trkpt lat="38.4821" lon="-119.74945000000002"><ele>2532.8015173205827</ele></trkpt><trkpt lat="38.48194" lon="-119.74972000000002"><ele>2530.0582254862757</ele></trkpt><trkpt lat="38.4819" lon="-119.74986000000001"><ele>2529.0</ele></trkpt><trkpt lat="38.48195" lon="-119.75027999999998"><ele>2528.397844939469</ele></trkpt><trkpt lat="38.48211" lon="-119.75034"><ele>2527.0</ele></trkpt><trkpt lat="38.48222" lon="-119.75034"><ele>2527.0</ele></trkpt><trkpt lat="38.48234" lon="-119.75027"><ele>2525.933248726881</ele></trkpt><trkpt lat="38.48249" lon="-119.75013000000001"><ele>2524.309719691797</ele></trkpt><trkpt lat="38.48267" lon="-119.75016"><ele>2526.4454293334857</ele></trkpt><trkpt lat="38.48277" lon="-119.75026000000003"><ele>2528.0</ele></trkpt><trkpt lat="38.48281" lon="-119.75044000000003"><ele>2529.17471934855</ele></trkpt><trkpt lat="38.48289" lon="-119.75058000000001"><ele>2530.0077644149715</ele></trkpt><trkpt lat="38.48291" lon="-119.75076000000001"><ele>2531.221255587414</ele></trkpt><trkpt lat="38.48289" lon="-119.75085999999999"><ele>2531.3441552221775</ele></trkpt><trkpt lat="38.48292" lon="-119.75092999999998"><ele>2532.5806600502033</ele></trkpt><trkpt lat="38.48318" lon="-119.75092000000001"><ele>2534.8639964447357</ele></trkpt><trkpt lat="38.48374" lon="-119.75098000000003"><ele>2537.725716956922</ele></trkpt><trkpt lat="38.48374" lon="-119.75098000000003"><ele>2537.725716956922</ele></trkpt><trkpt lat="38.48416" lon="-119.75106"><ele>2541.388469333295</ele></trkpt><trkpt lat="38.48425" lon="-119.75112000000001"><ele>2543.637958333536</ele></trkpt><trkpt lat="38.48459" lon="-119.75112000000001"><ele>2545.1846720012836</ele></trkpt><trkpt lat="38.48484" lon="-119.75117"><ele>2547.514840888791</ele></trkpt><trkpt lat="38.48503" lon="-119.75130999999999"><ele>2549.03931377735</ele></trkpt><trkpt lat="38.48522" lon="-119.75173000000001"><ele>2551.0</ele></trkpt><trkpt lat="38.48523" lon="-119.75207999999998"><ele>2552.0</ele></trkpt><trkpt lat="38.48482" lon="-119.75299000000001"><ele>2556.3329884451814</ele></trkpt><trkpt lat="38.48485" lon="-119.75342999999998"><ele>2560.6057342273853</ele></trkpt><trkpt lat="38.4848" lon="-119.75369999999998"><ele>2561.0</ele></trkpt><trkpt lat="38.48491" lon="-119.75437"><ele>2559.0</ele></trkpt><trkpt lat="38.48521" lon="-119.75459000000001"><ele>2558.0293958660677</ele></trkpt><trkpt lat="38.48534" lon="-119.75461000000001"><ele>2557.906830062567</ele></trkpt><trkpt lat="38.48544" lon="-119.75455999999997"><ele>2558.7022366552465</ele></trkpt><trkpt lat="38.4857" lon="-119.75425000000001"><ele>2561.0</ele></trkpt><trkpt lat="38.48597" lon="-119.75432999999998"><ele>2563.0</ele></trkpt><trkpt lat="38.48612" lon="-119.75446999999997"><ele>2564.2721207577556</ele></trkpt><trkpt lat="38.48685" lon="-119.75470999999999"><ele>2570.0</ele></trkpt><trkpt lat="38.48723" lon="-119.75470999999999"><ele>2572.490798221901</ele></trkpt><trkpt lat="38.48745" lon="-119.75461999999999"><ele>2575.0221481641697</ele></trkpt><trkpt lat="38.48744" lon="-119.75472000000002"><ele>2576.9775231094154</ele></trkpt><trkpt lat="38.48736" lon="-119.75490000000002"><ele>2579.8142652294337</ele></trkpt><trkpt lat="38.48734" lon="-119.75515000000001"><ele>2582.5235254721965</ele></trkpt><trkpt lat="38.48736" lon="-119.75527"><ele>2583.0</ele></trkpt><trkpt lat="38.48731" lon="-119.75558000000001"><ele>2587.0</ele></trkpt><trkpt lat="38.48718" lon="-119.75575000000003"><ele>2587.0</ele></trkpt><trkpt lat="38.48718" lon="-119.75587000000002"><ele>2590.0</ele></trkpt><trkpt lat="38.48709" lon="-119.75612999999998"><ele>2593.880639589378</ele></trkpt><trkpt lat="38.48705" lon="-119.75655999999998"><ele>2600.707047109958</ele></trkpt><trkpt lat="38.48668" lon="-119.75770999999997"><ele>2616.5312859513797</ele></trkpt><trkpt lat="38.48642" lon="-119.75826"><ele>2624.0</ele></trkpt><trkpt lat="38.48644" lon="-119.75848000000002"><ele>2627.0</ele></trkpt><trkpt lat="38.48659" lon="-119.75894"><ele>2633.0</ele></trkpt><trkpt lat="38.48665" lon="-119.75928999999996"><ele>2637.0</ele></trkpt><trkpt lat="38.48678" lon="-119.75943999999998"><ele>2639.0</ele></trkpt><trkpt lat="38.48704" lon="-119.75955999999996"><ele>2643.320598713638</ele></trkpt><trkpt lat="38.48716" lon="-119.75977"><ele>2644.808590354398</ele></trkpt><trkpt lat="38.48723" lon="-119.75984"><ele>2645.0</ele></trkpt><trkpt lat="38.48733" lon="-119.75988999999998"><ele>2646.0</ele></trkpt><trkpt lat="38.48748" lon="-119.75990000000002"><ele>2647.949583171659</ele></trkpt><trkpt lat="38.48758" lon="-119.75995999999998"><ele>2648.814702967182</ele></trkpt><trkpt lat="38.48774" lon="-119.76017000000002"><ele>2650.018666254879</ele></trkpt><trkpt lat="38.48785" lon="-119.76017999999999"><ele>2650.064678521614</ele></trkpt><trkpt lat="38.48791" lon="-119.76022999999998"><ele>2650.0</ele></trkpt><trkpt lat="38.48802" lon="-119.76040999999998"><ele>2652.871475141741</ele></trkpt><trkpt lat="38.4881" lon="-119.76047"><ele>2653.7914574190254</ele></trkpt><trkpt lat="38.48823" lon="-119.76044999999999"><ele>2655.0</ele></trkpt><trkpt lat="38.48842" lon="-119.76051999999999"><ele>2658.6152098059583</ele></trkpt><trkpt lat="38.48862" lon="-119.76066000000003"><ele>2661.16109142241</ele></trkpt><trkpt lat="38.48874" lon="-119.76066000000003"><ele>2663.0</ele></trkpt><trkpt lat="38.48895" lon="-119.76056"><ele>2665.0</ele></trkpt><trkpt lat="38.48918" lon="-119.76053000000002"><ele>2669.0</ele></trkpt><trkpt lat="38.48928" lon="-119.76057000000003"><ele>2670.0</ele></trkpt><trkpt lat="38.48941" lon="-119.76057000000003"><ele>2671.0</ele></trkpt><trkpt lat="38.4897" lon="-119.76044000000002"><ele>2674.018051848221</ele></trkpt><trkpt lat="38.48992" lon="-119.76045999999997"><ele>2674.0</ele></trkpt><trkpt lat="38.48999" lon="-119.76040999999998"><ele>2673.0</ele></trkpt><trkpt lat="38.49009" lon="-119.76053000000002"><ele>2673.0</ele></trkpt><trkpt lat="38.49055" lon="-119.76069999999999"><ele>2674.3549688896164</ele></trkpt><trkpt lat="38.49218" lon="-119.76093000000003"><ele>2667.700714454055</ele></trkpt><trkpt lat="38.4922" lon="-119.76099999999997"><ele>2667.891561375931</ele></trkpt><trkpt lat="38.49217" lon="-119.76116000000002"><ele>2666.0</ele></trkpt><trkpt lat="38.4922" lon="-119.7613"><ele>2664.9341714898055</ele></trkpt><trkpt lat="38.49225" lon="-119.76139999999998"><ele>2663.732604445424</ele></trkpt><trkpt lat="38.49231" lon="-119.76144999999997"><ele>2662.40243555652</ele></trkpt><trkpt lat="38.4924" lon="-119.76146"><ele>2661.949118319646</ele></trkpt><trkpt lat="38.49246" lon="-119.76150999999999"><ele>2662.0</ele></trkpt><trkpt lat="38.49249" lon="-119.7618"><ele>2660.23563399738</ele></trkpt><trkpt lat="38.49264" lon="-119.76202"><ele>2659.0</ele></trkpt><trkpt lat="38.49264" lon="-119.76213999999999"><ele>2657.3141644998523</ele></trkpt><trkpt lat="38.49268" lon="-119.7622"><ele>2656.7095410422558</ele></trkpt><trkpt lat="38.49276" lon="-119.76228000000003"><ele>2654.9344695554482</ele></trkpt><trkpt lat="38.49288" lon="-119.76228000000003"><ele>2653.721631998662</ele></trkpt><trkpt lat="38.49305" lon="-119.76247000000001"><ele>2648.3698513475247</ele></trkpt><trkpt lat="38.49322" lon="-119.76276999999999"><ele>2644.5539063098413</ele></trkpt><trkpt lat="38.49323" lon="-119.76288"><ele>2644.0</ele></trkpt><trkpt lat="38.4933" lon="-119.76300000000003"><ele>2642.0</ele></trkpt><trkpt lat="38.49405" lon="-119.76315"><ele>2631.176693333313</ele></trkpt><trkpt lat="38.49425" lon="-119.76324999999997"><ele>2627.5380594159824</ele></trkpt><trkpt lat="38.49456" lon="-119.76327000000003"><ele>2626.3424984547473</ele></trkpt><trkpt lat="38.49466" lon="-119.76319999999998"><ele>2625.631746273488</ele></trkpt><trkpt lat="38.49476" lon="-119.76308"><ele>2624.0</ele></trkpt><trkpt lat="38.4949" lon="-119.76305000000002"><ele>2622.341069487855</ele></trkpt><trkpt lat="38.49507" lon="-119.76310000000001"><ele>2621.0</ele></trkpt><trkpt lat="38.49513" lon="-119.76318000000003"><ele>2621.0</ele></trkpt><trkpt lat="38.4952" lon="-119.76335"><ele>2619.9312259467224</ele></trkpt><trkpt lat="38.49524" lon="-119.76395000000002"><ele>2616.0</ele></trkpt><trkpt lat="38.49528" lon="-119.76409999999998"><ele>2614.9310814061146</ele></trkpt><trkpt lat="38.4954" lon="-119.76423999999997"><ele>2615.0</ele></trkpt><trkpt lat="38.49545" lon="-119.7645"><ele>2613.5636091997208</ele></trkpt><trkpt lat="38.49545" lon="-119.76474999999999"><ele>2610.7701075812993</ele></trkpt><trkpt lat="38.49558" lon="-119.76510999999999"><ele>2607.1246437948853</ele></trkpt><trkpt lat="38.49566" lon="-119.76524999999998"><ele>2604.309600001201</ele></trkpt><trkpt lat="38.49589" lon="-119.76551999999998"><ele>2602.892991647035</ele></trkpt><trkpt lat="38.49627" lon="-119.76614999999998"><ele>2602.0</ele></trkpt><trkpt lat="38.49634" lon="-119.76629000000003"><ele>2601.0</ele></trkpt><trkpt lat="38.49652" lon="-119.76650999999998"><ele>2597.639544250225</ele></trkpt><trkpt lat="38.49659" lon="-119.76668999999998"><ele>2596.432890864904</ele></trkpt><trkpt lat="38.49659" lon="-119.76668999999998"><ele>2596.432890864904</ele></trkpt><trkpt lat="38.49665" lon="-119.76683000000003"><ele>2597.863221248612</ele></trkpt><trkpt lat="38.49664" lon="-119.76711999999998"><ele>2596.043185441575</ele></trkpt><trkpt lat="38.49668" lon="-119.76719000000003"><ele>2596.649602588266</ele></trkpt><trkpt lat="38.49691" lon="-119.76738999999998"><ele>2596.723925102381</ele></trkpt><trkpt lat="38.49698" lon="-119.76765999999998"><ele>2593.997668678032</ele></trkpt><trkpt lat="38.49706" lon="-119.76774"><ele>2592.0</ele></trkpt><trkpt lat="38.49735" lon="-119.76817"><ele>2585.773383210413</ele></trkpt><trkpt lat="38.49767" lon="-119.76889"><ele>2575.8695193169888</ele></trkpt><trkpt lat="38.49771" lon="-119.76945"><ele>2568.565331969875</ele></trkpt><trkpt lat="38.49775" lon="-119.76956000000001"><ele>2567.6497871463007</ele></trkpt><trkpt lat="38.49793" lon="-119.76986"><ele>2563.429266493704</ele></trkpt><trkpt lat="38.49814" lon="-119.77001999999999"><ele>2560.0</ele></trkpt><trkpt lat="38.49814" lon="-119.77001999999999"><ele>2560.0</ele></trkpt><trkpt lat="38.49845" lon="-119.77016000000003"><ele>2563.0</ele></trkpt><trkpt lat="38.49852" lon="-119.77013"><ele>2563.114883555565</ele></trkpt><trkpt lat="38.49882" lon="-119.77037000000001"><ele>2565.0</ele></trkpt><trkpt lat="38.49917" lon="-119.77040999999997"><ele>2565.0128037341533</ele></trkpt><trkpt lat="38.4993" lon="-119.77052000000003"><ele>2566.5293257519925</ele></trkpt><trkpt lat="38.4995" lon="-119.77058999999997"><ele>2567.0</ele></trkpt><trkpt lat="38.49976" lon="-119.77062999999998"><ele>2570.023069387703</ele></trkpt><trkpt lat="38.50037" lon="-119.77058999999997"><ele>2570.552437331993</ele></trkpt><trkpt lat="38.50072" lon="-119.77075000000002"><ele>2570.0089777787216</ele></trkpt><trkpt lat="38.50093" lon="-119.77075000000002"><ele>2573.0</ele></trkpt><trkpt lat="38.50112" lon="-119.77094999999997"><ele>2576.0</ele></trkpt><trkpt lat="38.50119" lon="-119.77100000000002"><ele>2577.1390421858787</ele></trkpt><trkpt lat="38.50126" lon="-119.77098999999998"><ele>2578.4995149440365</ele></trkpt><trkpt lat="38.50135" lon="-119.77089000000001"><ele>2579.878092046575</ele></trkpt><trkpt lat="38.50153" lon="-119.77091000000001"><ele>2582.244633129403</ele></trkpt><trkpt lat="38.50175" lon="-119.77084000000002"><ele>2584.203281779308</ele></trkpt><trkpt lat="38.5018" lon="-119.77062999999998"><ele>2584.312862793663</ele></trkpt><trkpt lat="38.50197" lon="-119.77040999999997"><ele>2588.0</ele></trkpt><trkpt lat="38.50198" lon="-119.77028000000001"><ele>2588.255315134302</ele></trkpt><trkpt lat="38.50206" lon="-119.76999"><ele>2592.019352855161</ele></trkpt><trkpt lat="38.50212" lon="-119.76965000000001"><ele>2593.592384621501</ele></trkpt><trkpt lat="38.502302726511964" lon="-119.76936399328565"><ele>2595.8902467470616</ele></trkpt><trkpt lat="38.50229596220729" lon="-119.76937458099627"><ele>2595.9808507300913</ele></trkpt><trkpt lat="38.50235" lon="-119.76929000000001"><ele>2596.257080181502</ele></trkpt><trkpt lat="38.50252" lon="-119.76916"><ele>2597.946909766315</ele></trkpt><trkpt lat="38.50257" lon="-119.76905999999997"><ele>2596.54221775097</ele></trkpt><trkpt lat="38.5026" lon="-119.76893999999999"><ele>2595.060647878968</ele></trkpt><trkpt lat="38.50259" lon="-119.76881000000003"><ele>2596.9828115329146</ele></trkpt><trkpt lat="38.50252" lon="-119.76848000000001"><ele>2599.412672450766</ele></trkpt><trkpt lat="38.50256" lon="-119.76837"><ele>2600.0</ele></trkpt><trkpt lat="38.50295" lon="-119.76826"><ele>2598.9993437319563</ele></trkpt><trkpt lat="38.50315" lon="-119.7681"><ele>2598.0</ele></trkpt><trkpt lat="38.50323" lon="-119.76800000000003"><ele>2598.0</ele></trkpt><trkpt lat="38.50328" lon="-119.7679"><ele>2599.0</ele></trkpt><trkpt lat="38.50337" lon="-119.76783"><ele>2600.0728853330947</ele></trkpt><trkpt lat="38.50378" lon="-119.76791000000003"><ele>2605.0</ele></trkpt><trkpt lat="38.50392" lon="-119.76783999999998"><ele>2606.3085121031672</ele></trkpt><trkpt lat="38.50404" lon="-119.76783999999998"><ele>2607.9581106930577</ele></trkpt><trkpt lat="38.50414" lon="-119.76812999999999"><ele>2610.0</ele></trkpt><trkpt lat="38.50421" lon="-119.76900999999998"><ele>2619.0</ele></trkpt><trkpt lat="38.50435" lon="-119.76938999999999"><ele>2622.3921764045954</ele></trkpt><trkpt lat="38.50442" lon="-119.76972999999998"><ele>2626.5608462952077</ele></trkpt><trkpt lat="38.50436" lon="-119.77022"><ele>2632.9877004250884</ele></trkpt><trkpt lat="38.50443" lon="-119.7706"><ele>2636.002888344205</ele></trkpt><trkpt lat="38.50438" lon="-119.77085999999997"><ele>2637.178748719394</ele></trkpt><trkpt lat="38.50422" lon="-119.77121999999997"><ele>2642.0</ele></trkpt><trkpt lat="38.50422" lon="-119.77157"><ele>2645.7286001300354</ele></trkpt><trkpt lat="38.50391" lon="-119.77206000000001"><ele>2652.2486039530486</ele></trkpt><trkpt lat="38.50375" lon="-119.7724"><ele>2655.9676319827286</ele></trkpt><trkpt lat="38.50363" lon="-119.77283"><ele>2659.514664106071</ele></trkpt><trkpt lat="38.50365" lon="-119.77294999999998"><ele>2661.7057003285736</ele></trkpt><trkpt lat="38.50365" lon="-119.77294999999998"><ele>2661.7057003285736</ele></trkpt><trkpt lat="38.50367" lon="-119.77314999999999"><ele>2663.039652436506</ele></trkpt><trkpt lat="38.50381" lon="-119.77332999999999"><ele>2667.1765094722855</ele></trkpt><trkpt lat="38.50402" lon="-119.77346999999997"><ele>2669.739930059761</ele></trkpt><trkpt lat="38.50438" lon="-119.77397000000002"><ele>2677.940989626936</ele></trkpt><trkpt lat="38.50496" lon="-119.77445"><ele>2686.2778175263666</ele></trkpt><trkpt lat="38.50508" lon="-119.77462000000003"><ele>2685.635950220749</ele></trkpt><trkpt lat="38.50524" lon="-119.77478000000002"><ele>2686.1794097768143</ele></trkpt><trkpt lat="38.50532" lon="-119.77481"><ele>2686.781308444217</ele></trkpt><trkpt lat="38.50537" lon="-119.77474999999998"><ele>2686.8639473877847</ele></trkpt><trkpt lat="38.50558" lon="-119.77435000000003"><ele>2683.4983130364517</ele></trkpt><trkpt lat="38.50581" lon="-119.77413000000001"><ele>2684.3395589366555</ele></trkpt><trkpt lat="38.50597" lon="-119.77425"><ele>2687.7632743028435</ele></trkpt><trkpt lat="38.50604" lon="-119.77445999999998"><ele>2688.0</ele></trkpt><trkpt lat="38.50616" lon="-119.77535"><ele>2694.0</ele></trkpt><trkpt lat="38.50664" lon="-119.77618999999999"><ele>2702.360547219174</ele></trkpt><trkpt lat="38.50677" lon="-119.77634"><ele>2703.511401183903</ele></trkpt><trkpt lat="38.50716" lon="-119.77647999999999"><ele>2709.7035012916035</ele></trkpt><trkpt lat="38.50737" lon="-119.77647999999999"><ele>2713.964981457494</ele></trkpt><trkpt lat="38.50768" lon="-119.77668"><ele>2719.0</ele></trkpt><trkpt lat="38.50799" lon="-119.77665999999999"><ele>2723.095146864403</ele></trkpt><trkpt lat="38.50837" lon="-119.77659"><ele>2727.9653726111874</ele></trkpt><trkpt lat="38.50853" lon="-119.77639999999997"><ele>2732.0</ele></trkpt><trkpt lat="38.50867" lon="-119.77618999999999"><ele>2735.312237359267</ele></trkpt><trkpt lat="38.50875" lon="-119.77618000000001"><ele>2736.9346808884293</ele></trkpt><trkpt lat="38.50894" lon="-119.77629000000002"><ele>2740.746394827962</ele></trkpt><trkpt lat="38.50907" lon="-119.77647000000002"><ele>2742.205110992422</ele></trkpt><trkpt lat="38.50931" lon="-119.77654999999999"><ele>2748.5408672899043</ele></trkpt><trkpt lat="38.5097" lon="-119.77654999999999"><ele>2754.0</ele></trkpt><trkpt lat="38.50995" lon="-119.77663999999999"><ele>2753.9489949054655</ele></trkpt><trkpt lat="38.5102" lon="-119.77663999999999"><ele>2757.4971271115355</ele></trkpt><trkpt lat="38.5104" lon="-119.77660000000003"><ele>2760.8079440293072</ele></trkpt><trkpt lat="38.51063" lon="-119.77643999999998"><ele>2764.817802667618</ele></trkpt><trkpt lat="38.51092" lon="-119.77647000000002"><ele>2766.2808977795667</ele></trkpt><trkpt lat="38.51116" lon="-119.77642000000003"><ele>2766.7590791004227</ele></trkpt><trkpt lat="38.51136" lon="-119.77625999999998"><ele>2771.2064106673934</ele></trkpt><trkpt lat="38.51165" lon="-119.77621999999997"><ele>2774.070545779541</ele></trkpt><trkpt lat="38.51179" lon="-119.77611999999999"><ele>2777.8613799401637</ele></trkpt><trkpt lat="38.51197" lon="-119.77615000000003"><ele>2781.0</ele></trkpt><trkpt lat="38.51217" lon="-119.77605"><ele>2783.116409541275</ele></trkpt><trkpt lat="38.51235" lon="-119.77615000000003"><ele>2786.0</ele></trkpt><trkpt lat="38.51255" lon="-119.77607"><ele>2789.0610524439253</ele></trkpt><trkpt lat="38.51379" lon="-119.77611000000002"><ele>2805.196917332709</ele></trkpt><trkpt lat="38.51379" lon="-119.77611000000002"><ele>2805.196917332709</ele></trkpt><trkpt lat="38.5142" lon="-119.77620000000002"><ele>2809.0259698864493</ele></trkpt><trkpt lat="38.51437" lon="-119.77627999999999"><ele>2810.0408009524895</ele></trkpt><trkpt lat="38.51453" lon="-119.77648999999997"><ele>2808.166076422669</ele></trkpt><trkpt lat="38.51481" lon="-119.77661999999998"><ele>2810.4291946678422</ele></trkpt><trkpt lat="38.51498" lon="-119.77663000000001"><ele>2813.9631608878262</ele></trkpt><trkpt lat="38.51517" lon="-119.77672999999999"><ele>2814.302823111415</ele></trkpt><trkpt lat="38.51569" lon="-119.77688"><ele>2820.841522046977</ele></trkpt><trkpt lat="38.51588" lon="-119.77705000000003"><ele>2822.033635080543</ele></trkpt><trkpt lat="38.51626" lon="-119.77715999999998"><ele>2826.2633706675842</ele></trkpt><trkpt lat="38.51679" lon="-119.77717000000001"><ele>2835.085341063328</ele></trkpt><trkpt lat="38.51715" lon="-119.77733"><ele>2837.2489945415714</ele></trkpt><trkpt lat="38.51745" lon="-119.77764000000002"><ele>2836.535854873186</ele></trkpt><trkpt lat="38.51766" lon="-119.77825999999999"><ele>2834.999692309453</ele></trkpt><trkpt lat="38.51784" lon="-119.77866"><ele>2832.29713523777</ele></trkpt><trkpt lat="38.51799" lon="-119.77888999999999"><ele>2833.4884869922785</ele></trkpt><trkpt lat="38.51825" lon="-119.77913000000001"><ele>2834.7051267097704</ele></trkpt><trkpt lat="38.51844" lon="-119.77949999999998"><ele>2838.659010918471</ele></trkpt><trkpt lat="38.51856" lon="-119.77963"><ele>2837.8682853039354</ele></trkpt><trkpt lat="38.51878" lon="-119.78003999999999"><ele>2840.856790503231</ele></trkpt><trkpt lat="38.51892" lon="-119.78053999999997"><ele>2842.117846913101</ele></trkpt><trkpt lat="38.51929" lon="-119.78106000000002"><ele>2843.0</ele></trkpt><trkpt lat="38.51943" lon="-119.78096"><ele>2840.0</ele></trkpt><trkpt lat="38.51945" lon="-119.78078"><ele>2837.2723188940436</ele></trkpt><trkpt lat="38.51944" lon="-119.78048999999999"><ele>2835.0</ele></trkpt><trkpt lat="38.51957" lon="-119.78017"><ele>2831.1245262715966</ele></trkpt><trkpt lat="38.51987" lon="-119.77978999999999"><ele>2824.1775990493015</ele></trkpt><trkpt lat="38.5202" lon="-119.77956"><ele>2822.0</ele></trkpt><trkpt lat="38.52068" lon="-119.77963999999997"><ele>2817.6869937786832</ele></trkpt><trkpt lat="38.52081" lon="-119.77958000000001"><ele>2816.619273268027</ele></trkpt><trkpt lat="38.5208" lon="-119.77936999999997"><ele>2816.858964836225</ele></trkpt><trkpt lat="38.52096" lon="-119.77906999999999"><ele>2812.328393276781</ele></trkpt><trkpt lat="38.52099" lon="-119.77870999999999"><ele>2810.0</ele></trkpt><trkpt lat="38.52133" lon="-119.77828999999997"><ele>2806.0</ele></trkpt><trkpt lat="38.52138" lon="-119.77796999999998"><ele>2804.645181079758</ele></trkpt><trkpt lat="38.52147" lon="-119.77789000000001"><ele>2801.0</ele></trkpt><trkpt lat="38.52145" lon="-119.77778999999998"><ele>2800.0136317614624</ele></trkpt><trkpt lat="38.52137" lon="-119.77767"><ele>2800.0</ele></trkpt><trkpt lat="38.52133" lon="-119.77756999999997"><ele>2798.8890731151378</ele></trkpt><trkpt lat="38.52136" lon="-119.77744000000001"><ele>2797.0</ele></trkpt><trkpt lat="38.52144" lon="-119.77735000000001"><ele>2795.435501612995</ele></trkpt><trkpt lat="38.52147" lon="-119.77726000000001"><ele>2794.0</ele></trkpt><trkpt lat="38.52144" lon="-119.77693999999997"><ele>2790.736551480368</ele></trkpt><trkpt lat="38.5215" lon="-119.77687000000003"><ele>2789.8143811316436</ele></trkpt><trkpt lat="38.5217" lon="-119.77647999999999"><ele>2788.011547167583</ele></trkpt><trkpt lat="38.52173" lon="-119.77634999999998"><ele>2786.456625366287</ele></trkpt><trkpt lat="38.52178" lon="-119.77629000000002"><ele>2784.092755568965</ele></trkpt><trkpt lat="38.52182" lon="-119.77629000000002"><ele>2783.0</ele></trkpt><trkpt lat="38.52189" lon="-119.77638000000002"><ele>2781.0</ele></trkpt><trkpt lat="38.52192" lon="-119.77636999999999"><ele>2780.064479891211</ele></trkpt><trkpt lat="38.52192" lon="-119.77629999999999"><ele>2779.144519003108</ele></trkpt><trkpt lat="38.52202" lon="-119.77615000000003"><ele>2776.4581001107076</ele></trkpt><trkpt lat="38.52201" lon="-119.77603999999997"><ele>2776.4237485173026</ele></trkpt><trkpt lat="38.52205" lon="-119.77594999999997"><ele>2774.792355618446</ele></trkpt><trkpt lat="38.52231" lon="-119.77570000000003"><ele>2772.2779351067975</ele></trkpt><trkpt lat="38.52237" lon="-119.77555000000001"><ele>2772.534091076683</ele></trkpt><trkpt lat="38.52248" lon="-119.77548999999999"><ele>2772.0910115553997</ele></trkpt><trkpt lat="38.52261" lon="-119.77553999999998"><ele>2771.0</ele></trkpt><trkpt lat="38.52308" lon="-119.77553"><ele>2769.2268764441833</ele></trkpt><trkpt lat="38.52324816268842" lon="-119.77545713121572"><ele>2769.018192975505</ele></trkpt><trkpt lat="38.52324816268842" lon="-119.77545713121572"><ele>2769.018192975505</ele></trkpt><trkpt lat="38.52338" lon="-119.77539999999999"><ele>2768.411039126871</ele></trkpt><trkpt lat="38.52343" lon="-119.77530999999999"><ele>2769.0</ele></trkpt><trkpt lat="38.52368" lon="-119.77517999999998"><ele>2765.679151792345</ele></trkpt><trkpt lat="38.52403" lon="-119.77517999999998"><ele>2761.7489109103744</ele></trkpt><trkpt lat="38.52416" lon="-119.77506"><ele>2761.7500195240373</ele></trkpt><trkpt lat="38.52431" lon="-119.77503999999999"><ele>2759.7911183829424</ele></trkpt><trkpt lat="38.52439" lon="-119.77499999999998"><ele>2758.011669911444</ele></trkpt><trkpt lat="38.52444" lon="-119.77485000000001"><ele>2757.0</ele></trkpt><trkpt lat="38.52449" lon="-119.77481999999998"><ele>2757.315274667926</ele></trkpt><trkpt lat="38.52477" lon="-119.77487000000002"><ele>2753.0</ele></trkpt><trkpt lat="38.52488" lon="-119.77485999999999"><ele>2751.0</ele></trkpt><trkpt lat="38.52508" lon="-119.77479"><ele>2748.6483721378463</ele></trkpt><trkpt lat="38.52552" lon="-119.77476999999999"><ele>2741.0</ele></trkpt><trkpt lat="38.52574" lon="-119.77483999999998"><ele>2738.0</ele></trkpt><trkpt lat="38.52606" lon="-119.77487000000002"><ele>2736.0</ele></trkpt><trkpt lat="38.52627" lon="-119.77495999999996"><ele>2735.774566759983</ele></trkpt><trkpt lat="38.5263" lon="-119.77501000000001"><ele>2735.0</ele></trkpt><trkpt lat="38.52629" lon="-119.77512000000002"><ele>2736.0</ele></trkpt><trkpt lat="38.52622" lon="-119.77525000000003"><ele>2735.0009445399046</ele></trkpt><trkpt lat="38.52602" lon="-119.77535"><ele>2733.0868626814336</ele></trkpt><trkpt lat="38.52601" lon="-119.77540999999997"><ele>2733.0</ele></trkpt><trkpt lat="38.52595" lon="-119.77544"><ele>2732.0</ele></trkpt><trkpt lat="38.52592" lon="-119.77551"><ele>2731.0</ele></trkpt><trkpt lat="38.52597" lon="-119.77621999999997"><ele>2729.0</ele></trkpt><trkpt lat="38.52595" lon="-119.77636999999999"><ele>2728.91694185324</ele></trkpt><trkpt lat="38.52597" lon="-119.77652"><ele>2729.0</ele></trkpt><trkpt lat="38.52599" lon="-119.77663000000001"><ele>2728.0</ele></trkpt><trkpt lat="38.52606" lon="-119.7767"><ele>2727.0</ele></trkpt><trkpt lat="38.52609" lon="-119.77677"><ele>2727.0</ele></trkpt><trkpt lat="38.52617" lon="-119.77679999999998"><ele>2726.0</ele></trkpt><trkpt lat="38.52631" lon="-119.77679999999998"><ele>2723.637707820162</ele></trkpt><trkpt lat="38.52645" lon="-119.77666999999997"><ele>2721.367354270499</ele></trkpt><trkpt lat="38.52655" lon="-119.77663000000001"><ele>2719.328195147062</ele></trkpt><trkpt lat="38.52682" lon="-119.77665999999999"><ele>2714.5650595556945</ele></trkpt><trkpt lat="38.52703" lon="-119.77665000000002"><ele>2711.7545617108367</ele></trkpt><trkpt lat="38.52713" lon="-119.77661"><ele>2708.6847933596</ele></trkpt><trkpt lat="38.52725" lon="-119.77643"><ele>2708.181941859476</ele></trkpt><trkpt lat="38.52744" lon="-119.77629999999999"><ele>2705.0</ele></trkpt><trkpt lat="38.52769" lon="-119.77625999999998"><ele>2707.0</ele></trkpt><trkpt lat="38.52781" lon="-119.77620000000002"><ele>2707.000734154785</ele></trkpt><trkpt lat="38.52806" lon="-119.77618000000001"><ele>2704.3626082384044</ele></trkpt><trkpt lat="38.52825" lon="-119.77602000000002"><ele>2705.0</ele></trkpt><trkpt lat="38.52825" lon="-119.77602000000002"><ele>2705.0</ele></trkpt><trkpt lat="38.52825" lon="-119.77602000000002"><ele>2705.0</ele></trkpt><trkpt lat="38.52846" lon="-119.77593999999999"><ele>2704.066804903967</ele></trkpt><trkpt lat="38.52852" lon="-119.77585999999997"><ele>2704.8477617790923</ele></trkpt><trkpt lat="38.52862" lon="-119.77589999999998"><ele>2704.0</ele></trkpt><trkpt lat="38.52867" lon="-119.77602000000002"><ele>2702.372104164316</ele></trkpt><trkpt lat="38.52871" lon="-119.77605"><ele>2701.9931199997663</ele></trkpt><trkpt lat="38.52881" lon="-119.77607999999998"><ele>2700.8820307184824</ele></trkpt><trkpt lat="38.52907" lon="-119.77627000000001"><ele>2697.7403768883087</ele></trkpt><trkpt lat="38.52933" lon="-119.77639999999997"><ele>2695.6819377788343</ele></trkpt><trkpt lat="38.52957" lon="-119.77645999999999"><ele>2693.3189968937077</ele></trkpt><trkpt lat="38.52961" lon="-119.77643"><ele>2693.3198813176305</ele></trkpt><trkpt lat="38.52985" lon="-119.77647999999999"><ele>2691.95366755547</ele></trkpt><trkpt lat="38.53002" lon="-119.77647000000002"><ele>2690.4197013322264</ele></trkpt><trkpt lat="38.53014" lon="-119.77651000000003"><ele>2688.55556622101</ele></trkpt><trkpt lat="38.5303" lon="-119.7765"><ele>2687.0204024404616</ele></trkpt><trkpt lat="38.53028" lon="-119.77652999999998"><ele>2686.674715896867</ele></trkpt><trkpt lat="38.53008" lon="-119.77661999999998"><ele>2685.4291946678422</ele></trkpt><trkpt lat="38.52981" lon="-119.77665999999999"><ele>2684.5650595556945</ele></trkpt><trkpt lat="38.52964" lon="-119.77672000000001"><ele>2683.0</ele></trkpt><trkpt lat="38.52964" lon="-119.77674000000002"><ele>2682.83678933233</ele></trkpt><trkpt lat="38.52991" lon="-119.77681000000001"><ele>2679.0</ele></trkpt><trkpt lat="38.53005" lon="-119.77677"><ele>2679.367620106798</ele></trkpt><trkpt lat="38.53018" lon="-119.77678000000003"><ele>2677.9726542201824</ele></trkpt><trkpt lat="38.53037" lon="-119.77672999999999"><ele>2676.302823111415</ele></trkpt><trkpt lat="38.53056" lon="-119.77674000000002"><ele>2673.9111029499018</ele></trkpt><trkpt lat="38.53049" lon="-119.77681000000001"><ele>2672.5745528880507</ele></trkpt><trkpt lat="38.53035" lon="-119.77683000000002"><ele>2672.6424853326753</ele></trkpt><trkpt lat="38.53028" lon="-119.77687000000003"><ele>2672.0</ele></trkpt><trkpt lat="38.53038" lon="-119.77690999999999"><ele>2669.9142151116394</ele></trkpt><trkpt lat="38.53053" lon="-119.77692000000002"><ele>2667.4481813325547</ele></trkpt><trkpt lat="38.53065" lon="-119.77690999999999"><ele>2666.9142151116394</ele></trkpt><trkpt lat="38.53074" lon="-119.77686"><ele>2666.7319745589048</ele></trkpt><trkpt lat="38.53072" lon="-119.77693"><ele>2665.0</ele></trkpt><trkpt lat="38.53063" lon="-119.77696000000003"><ele>2665.0</ele></trkpt><trkpt lat="38.53063" lon="-119.77699000000001"><ele>2664.185944888275</ele></trkpt><trkpt lat="38.53066" lon="-119.77699999999999"><ele>2663.7199111115187</ele></trkpt><trkpt lat="38.53083" lon="-119.77699000000001"><ele>2662.0688535572685</ele></trkpt><trkpt lat="38.53087" lon="-119.77681000000001"><ele>2661.0</ele></trkpt><trkpt lat="38.53098" lon="-119.77684999999997"><ele>2660.308416883299</ele></trkpt><trkpt lat="38.53098" lon="-119.77684999999997"><ele>2660.308416883299</ele></trkpt><trkpt lat="38.5314" lon="-119.77697999999998"><ele>2655.5872002989054</ele></trkpt><trkpt lat="38.53145" lon="-119.77704"><ele>2655.2898356346413</ele></trkpt><trkpt lat="38.53164" lon="-119.77699999999999"><ele>2656.7199111115187</ele></trkpt><trkpt lat="38.53174" lon="-119.77706999999998"><ele>2654.9153493344784</ele></trkpt><trkpt lat="38.5318" lon="-119.77704"><ele>2655.438597219996</ele></trkpt><trkpt lat="38.53195" lon="-119.77704"><ele>2653.8557759998366</ele></trkpt><trkpt lat="38.53203" lon="-119.77708999999999"><ele>2651.9884165809585</ele></trkpt><trkpt lat="38.53213" lon="-119.77710000000002"><ele>2654.0045877876773</ele></trkpt><trkpt lat="38.53223" lon="-119.77723000000003"><ele>2649.9654857844384</ele></trkpt><trkpt lat="38.53229" lon="-119.77722"><ele>2648.7917068963297</ele></trkpt><trkpt lat="38.53235" lon="-119.77728000000002"><ele>2646.6709653320722</ele></trkpt><trkpt lat="38.53247" lon="-119.77726000000001"><ele>2646.935722428374</ele></trkpt><trkpt lat="38.53255" lon="-119.77735000000001"><ele>2646.467114259711</ele></trkpt><trkpt lat="38.53261" lon="-119.77747999999997"><ele>2644.350289778784</ele></trkpt><trkpt lat="38.53268" lon="-119.77747"><ele>2643.8163235555403</ele></trkpt><trkpt lat="38.53286" lon="-119.77737000000002"><ele>2642.2501930572553</ele></trkpt><trkpt lat="38.53296" lon="-119.77742"><ele>2641.671358021442</ele></trkpt><trkpt lat="38.53306" lon="-119.77776"><ele>2636.3013439993374</ele></trkpt><trkpt lat="38.53304" lon="-119.77778"><ele>2635.5527879933215</ele></trkpt><trkpt lat="38.53285" lon="-119.77762000000001"><ele>2633.0</ele></trkpt><trkpt lat="38.53272" lon="-119.77777000000003"><ele>2630.8353102207184</ele></trkpt><trkpt lat="38.53254" lon="-119.77778"><ele>2631.369276443962</ele></trkpt><trkpt lat="38.53246" lon="-119.77774"><ele>2630.798335813872</ele></trkpt><trkpt lat="38.53238" lon="-119.7776"><ele>2630.992950297151</ele></trkpt><trkpt lat="38.53222" lon="-119.77759000000003"><ele>2630.223918220494</ele></trkpt><trkpt lat="38.53216" lon="-119.77764000000002"><ele>2629.0294766486622</ele></trkpt><trkpt lat="38.53198" lon="-119.77758"><ele>2627.6899520000443</ele></trkpt><trkpt lat="38.53195" lon="-119.77762999999999"><ele>2627.6465451344848</ele></trkpt><trkpt lat="38.53186" lon="-119.77765999999997"><ele>2625.9616817790084</ele></trkpt><trkpt lat="38.53171" lon="-119.77756999999997"><ele>2625.055422069505</ele></trkpt><trkpt lat="38.53157" lon="-119.77762000000001"><ele>2622.8754721446667</ele></trkpt><trkpt lat="38.53157" lon="-119.77764000000002"><ele>2622.254785622202</ele></trkpt><trkpt lat="38.53168" lon="-119.77762999999999"><ele>2622.0964835138693</ele></trkpt><trkpt lat="38.53185" lon="-119.77782000000002"><ele>2617.9010767377913</ele></trkpt><trkpt lat="38.53199" lon="-119.77789000000001"><ele>2617.506439918652</ele></trkpt><trkpt lat="38.53207" lon="-119.77787000000001"><ele>2618.5895398389075</ele></trkpt><trkpt lat="38.53214" lon="-119.77791000000002"><ele>2617.4125542936854</ele></trkpt><trkpt lat="38.53219" lon="-119.77789999999999"><ele>2617.922247471469</ele></trkpt><trkpt lat="38.53226" lon="-119.77798000000001"><ele>2616.0486008883454</ele></trkpt><trkpt lat="38.53233" lon="-119.77795000000003"><ele>2616.4388065533713</ele></trkpt><trkpt lat="38.53239" lon="-119.77807999999999"><ele>2614.388263111934</ele></trkpt><trkpt lat="38.53256" lon="-119.77823999999998"><ele>2611.931722667534</ele></trkpt><trkpt lat="38.53274" lon="-119.77834999999999"><ele>2607.5818502996117</ele></trkpt><trkpt lat="38.53285" lon="-119.77828999999997"><ele>2607.6015537790954</ele></trkpt><trkpt lat="38.53297" lon="-119.77843000000001"><ele>2605.197707231622</ele></trkpt><trkpt lat="38.53302" lon="-119.77852999999999"><ele>2603.416743111331</ele></trkpt><trkpt lat="38.53332" lon="-119.77868000000001"><ele>2598.011804500086</ele></trkpt><trkpt lat="38.53367" lon="-119.77870000000001"><ele>2595.3182545430027</ele></trkpt><trkpt lat="38.53374" lon="-119.77872000000002"><ele>2594.0031174683495</ele></trkpt><trkpt lat="38.53395" lon="-119.77870000000001"><ele>2591.494168888312</ele></trkpt><trkpt lat="38.53399" lon="-119.77873"><ele>2590.09606755618</ele></trkpt><trkpt lat="38.53346" lon="-119.77893"><ele>2587.0</ele></trkpt><trkpt lat="38.53331" lon="-119.77893"><ele>2588.483424644195</ele></trkpt><trkpt lat="38.53317" lon="-119.77902"><ele>2585.581087999977</ele></trkpt><trkpt lat="38.53292" lon="-119.77904000000001"><ele>2583.649020444136</ele></trkpt><trkpt lat="38.53284" lon="-119.77911"><ele>2581.1563724672224</ele></trkpt><trkpt lat="38.53264" lon="-119.77913000000001"><ele>2581.209426399559</ele></trkpt><trkpt lat="38.53232" lon="-119.77912000000003"><ele>2580.0</ele></trkpt><trkpt lat="38.53228" lon="-119.77983999999998"><ele>2579.9866721630096</ele></trkpt><trkpt lat="38.5323" lon="-119.78023999999999"><ele>2574.79516181536</ele></trkpt><trkpt lat="38.53229983780685" lon="-119.78024227070404"><ele>2574.8048245571554</ele></trkpt><trkpt lat="38.53229909277253" lon="-119.7802527011869"><ele>2574.8492103684694</ele></trkpt><trkpt lat="38.53227" lon="-119.78066000000001"><ele>2576.0</ele></trkpt><trkpt lat="38.53236" lon="-119.78082999999998"><ele>2574.1701104731487</ele></trkpt><trkpt lat="38.53251" lon="-119.78098999999997"><ele>2572.4471561160904</ele></trkpt><trkpt lat="38.53252" lon="-119.78129999999999"><ele>2573.68852609396</ele></trkpt><trkpt lat="38.53276" lon="-119.78151000000003"><ele>2576.0</ele></trkpt><trkpt lat="38.53302" lon="-119.78147000000001"><ele>2573.537808357114</ele></trkpt><trkpt lat="38.53319" lon="-119.78152"><ele>2573.927356444765</ele></trkpt><trkpt lat="38.53329" lon="-119.7815"><ele>2573.0</ele></trkpt><trkpt lat="38.53402" lon="-119.78152999999998"><ele>2567.589951521749</ele></trkpt><trkpt lat="38.53429" lon="-119.78156999999999"><ele>2565.0</ele></trkpt><trkpt lat="38.53449" lon="-119.78152"><ele>2561.9508039325</ele></trkpt><trkpt lat="38.53465" lon="-119.78161999999998"><ele>2561.587694221176</ele></trkpt><trkpt lat="38.535" lon="-119.78161"><ele>2555.94573947223</ele></trkpt><trkpt lat="38.5356" lon="-119.78188999999998"><ele>2552.0326570446687</ele></trkpt><trkpt lat="38.53578" lon="-119.78215999999998"><ele>2549.0</ele></trkpt><trkpt lat="38.53583" lon="-119.78228000000001"><ele>2546.8230242236723</ele></trkpt><trkpt lat="38.53578" lon="-119.78246999999999"><ele>2544.893162398557</ele></trkpt><trkpt lat="38.53567" lon="-119.78255000000001"><ele>2544.0711644431576</ele></trkpt><trkpt lat="38.53523" lon="-119.78271000000001"><ele>2538.705309390515</ele></trkpt><trkpt lat="38.535097127914966" lon="-119.78302469704352"><ele>2535.0</ele></trkpt><trkpt lat="38.535097127914966" lon="-119.78302469704352"><ele>2535.0</ele></trkpt><trkpt lat="38.53504" lon="-119.78316000000001"><ele>2535.5551126170903</ele></trkpt><trkpt lat="38.5349" lon="-119.78319999999997"><ele>2532.8019570594265</ele></trkpt><trkpt lat="38.53479" lon="-119.78318000000002"><ele>2531.5504645593464</ele></trkpt><trkpt lat="38.5347" lon="-119.78309000000002"><ele>2530.093825457152</ele></trkpt><trkpt lat="38.53463" lon="-119.78309000000002"><ele>2527.905340443831</ele></trkpt><trkpt lat="38.53454" lon="-119.78296999999998"><ele>2528.153839275241</ele></trkpt><trkpt lat="38.53441" lon="-119.78295000000003"><ele>2523.4298133314587</ele></trkpt><trkpt lat="38.53422" lon="-119.78309999999999"><ele>2519.847932608798</ele></trkpt><trkpt lat="38.53414" lon="-119.78309999999999"><ele>2520.8018258021757</ele></trkpt><trkpt lat="38.53395" lon="-119.78296"><ele>2520.963779555168</ele></trkpt><trkpt lat="38.53377" lon="-119.78295000000003"><ele>2521.4298133314587</ele></trkpt><trkpt lat="38.53375" lon="-119.78291000000002"><ele>2523.173494581263</ele></trkpt><trkpt lat="38.53367" lon="-119.78289000000001"><ele>2520.2260159994476</ele></trkpt><trkpt lat="38.53362" lon="-119.78292999999996"><ele>2522.0987465863477</ele></trkpt><trkpt lat="38.53361" lon="-119.78305"><ele>2522.981036916375</ele></trkpt><trkpt lat="38.53366" lon="-119.78314999999998"><ele>2524.434224034194</ele></trkpt><trkpt lat="38.5338" lon="-119.78343000000001"><ele>2526.370749513153</ele></trkpt><trkpt lat="38.53408" lon="-119.78367000000003"><ele>2523.749414026737</ele></trkpt><trkpt lat="38.53409" lon="-119.78372999999999"><ele>2523.153643988073</ele></trkpt><trkpt lat="38.53403" lon="-119.78385000000003"><ele>2522.215036314912</ele></trkpt><trkpt lat="38.53398" lon="-119.78406999999999"><ele>2523.0</ele></trkpt><trkpt lat="38.53369" lon="-119.78408000000002"><ele>2522.752377416473</ele></trkpt><trkpt lat="38.5336" lon="-119.78418999999997"><ele>2523.7657224980144</ele></trkpt><trkpt lat="38.53369" lon="-119.78431999999998"><ele>2524.416814221069</ele></trkpt><trkpt lat="38.53372" lon="-119.78442000000001"><ele>2524.274232296273</ele></trkpt><trkpt lat="38.53371" lon="-119.78453000000002"><ele>2526.7928472738713</ele></trkpt><trkpt lat="38.53373" lon="-119.78465"><ele>2526.9186395495303</ele></trkpt><trkpt lat="38.53376" lon="-119.78471000000002"><ele>2527.5921315564774</ele></trkpt><trkpt lat="38.53385" lon="-119.78475000000003"><ele>2527.908368748147</ele></trkpt><trkpt lat="38.53398" lon="-119.78474"><ele>2523.700203450178</ele></trkpt><trkpt lat="38.53418" lon="-119.78485999999998"><ele>2523.461280453681</ele></trkpt><trkpt lat="38.53429" lon="-119.78508"><ele>2519.9607835847346</ele></trkpt><trkpt lat="38.53435" lon="-119.78512"><ele>2520.800600947089</ele></trkpt><trkpt lat="38.53443" lon="-119.78512999999998"><ele>2522.2511536063257</ele></trkpt><trkpt lat="38.53453" lon="-119.78508"><ele>2522.8353813332506</ele></trkpt><trkpt lat="38.53464" lon="-119.7851"><ele>2522.7674488890916</ele></trkpt><trkpt lat="38.53473" lon="-119.78517"><ele>2523.000718064971</ele></trkpt><trkpt lat="38.53479" lon="-119.78534000000002"><ele>2523.0</ele></trkpt><trkpt lat="38.53492" lon="-119.78552000000002"><ele>2525.3408675566316</ele></trkpt><trkpt lat="38.53506" lon="-119.78565000000003"><ele>2526.5444772257592</ele></trkpt><trkpt lat="38.53523" lon="-119.78579000000002"><ele>2527.1590962116607</ele></trkpt><trkpt lat="38.53544" lon="-119.78589"><ele>2528.3080457719043</ele></trkpt><trkpt lat="38.53571" lon="-119.78611000000001"><ele>2528.4746646550484</ele></trkpt><trkpt lat="38.53593" lon="-119.78624000000002"><ele>2527.7905991133302</ele></trkpt><trkpt lat="38.53613" lon="-119.78647999999998"><ele>2530.6949345166795</ele></trkpt><trkpt lat="38.53636" lon="-119.78688"><ele>2531.975405581287</ele></trkpt><trkpt lat="38.53655" lon="-119.78727000000003"><ele>2534.957854553443</ele></trkpt><trkpt lat="38.53656" lon="-119.78737999999998"><ele>2538.023055486363</ele></trkpt><trkpt lat="38.53671" lon="-119.78746000000001"><ele>2540.751420444809</ele></trkpt><trkpt lat="38.53673" lon="-119.78754000000004"><ele>2540.3877660324797</ele></trkpt><trkpt lat="38.53668" lon="-119.78769"><ele>2535.9277849255977</ele></trkpt><trkpt lat="38.53663" lon="-119.78769999999997"><ele>2537.98886416675</ele></trkpt><trkpt lat="38.5366" lon="-119.78778"><ele>2540.0</ele></trkpt><trkpt lat="38.53661" lon="-119.78787"><ele>2541.858805333264</ele></trkpt><trkpt lat="38.53688" lon="-119.78786000000002"><ele>2542.0</ele></trkpt><trkpt lat="38.53751" lon="-119.78822000000002"><ele>2548.0672187024957</ele></trkpt><trkpt lat="38.53786" lon="-119.78834999999998"><ele>2553.1239073439465</ele></trkpt><trkpt lat="38.53796" lon="-119.78847000000002"><ele>2553.9255415419348</ele></trkpt><trkpt lat="38.53798" lon="-119.78858000000002"><ele>2555.575126306742</ele></trkpt><trkpt lat="38.53794" lon="-119.78865000000002"><ele>2557.2094400012866</ele></trkpt><trkpt lat="38.53787" lon="-119.7885"><ele>2556.207250357245</ele></trkpt><trkpt lat="38.53778" lon="-119.7885"><ele>2559.218933333643</ele></trkpt><trkpt lat="38.5377" lon="-119.78854999999999"><ele>2562.0</ele></trkpt><trkpt lat="38.5377" lon="-119.78849000000002"><ele>2560.056654513473</ele></trkpt><trkpt lat="38.53762" lon="-119.78849000000002"><ele>2560.7528995568864</ele></trkpt><trkpt lat="38.5376" lon="-119.78854000000001"><ele>2561.0830684448592</ele></trkpt><trkpt lat="38.53771" lon="-119.78863000000001"><ele>2562.0</ele></trkpt><trkpt lat="38.53756" lon="-119.78879"><ele>2566.0</ele></trkpt><trkpt lat="38.53756" lon="-119.78886999999997"><ele>2567.8786231274717</ele></trkpt><trkpt lat="38.53768" lon="-119.78897999999998"><ele>2569.5885546663776</ele></trkpt><trkpt lat="38.53808" lon="-119.78917999999999"><ele>2577.948695963325</ele></trkpt><trkpt lat="38.53844" lon="-119.78958999999998"><ele>2584.0</ele></trkpt><trkpt lat="38.53854" lon="-119.78955000000002"><ele>2585.148247458037</ele></trkpt><trkpt lat="38.53874" lon="-119.78956"><ele>2589.0</ele></trkpt><trkpt lat="38.53897" lon="-119.78962999999999"><ele>2589.359331286373</ele></trkpt><trkpt lat="38.5392" lon="-119.78978000000001"><ele>2588.9093236741264</ele></trkpt><trkpt lat="38.53936" lon="-119.78980000000001"><ele>2588.803324445151</ele></trkpt><trkpt lat="38.53944" lon="-119.78985"><ele>2591.2129487913153</ele></trkpt><trkpt lat="38.53969" lon="-119.78987000000001"><ele>2595.0655608894303</ele></trkpt><trkpt lat="38.5398" lon="-119.78980000000001"><ele>2595.0</ele></trkpt><trkpt lat="38.53986" lon="-119.78987999999998"><ele>2595.7098326508085</ele></trkpt><trkpt lat="38.53999" lon="-119.78989999999999"><ele>2595.463662222028</ele></trkpt><trkpt lat="38.54015" lon="-119.78985"><ele>2596.1334933331236</ele></trkpt><trkpt lat="38.54052" lon="-119.78982000000002"><ele>2597.776839417956</ele></trkpt><trkpt lat="38.54063" lon="-119.78985"><ele>2594.1334933331236</ele></trkpt><trkpt lat="38.5409" lon="-119.79019"><ele>2600.572491386871</ele></trkpt><trkpt lat="38.54104" lon="-119.79019"><ele>2600.0</ele></trkpt><trkpt lat="38.54111" lon="-119.79025999999999"><ele>2600.9260918315294</ele></trkpt><trkpt lat="38.54116" lon="-119.79045000000002"><ele>2602.0955200013705</ele></trkpt><trkpt lat="38.54124" lon="-119.79061000000002"><ele>2605.086599504063</ele></trkpt><trkpt lat="38.54177" lon="-119.79111999999998"><ele>2612.13501350303</ele></trkpt><trkpt lat="38.54191" lon="-119.79118"><ele>2614.1159857781604</ele></trkpt><trkpt lat="38.54222" lon="-119.79118"><ele>2616.1159857781604</ele></trkpt><trkpt lat="38.54287" lon="-119.79137000000003"><ele>2618.9706275570206</ele></trkpt><trkpt lat="38.54306" lon="-119.79136"><ele>2620.6460020260197</ele></trkpt><trkpt lat="38.54331" lon="-119.79151999999999"><ele>2625.9611342218705</ele></trkpt><trkpt lat="38.54341" lon="-119.79163"><ele>2626.0</ele></trkpt><trkpt lat="38.54363" lon="-119.79208"><ele>2633.0590257779695</ele></trkpt><trkpt lat="38.54378" lon="-119.79219"><ele>2635.1853973334655</ele></trkpt><trkpt lat="38.54384" lon="-119.79230999999999"><ele>2636.830785040548</ele></trkpt><trkpt lat="38.54395" lon="-119.79241999999999"><ele>2637.9041742221452</ele></trkpt><trkpt lat="38.54405" lon="-119.79246"><ele>2638.0</ele></trkpt><trkpt lat="38.54414" lon="-119.79245000000003"><ele>2640.192584336827</ele></trkpt><trkpt lat="38.5442" lon="-119.79232000000002"><ele>2642.0</ele></trkpt><trkpt lat="38.54429" lon="-119.79221000000001"><ele>2643.0675334288753</ele></trkpt><trkpt lat="38.54462" lon="-119.79233999999997"><ele>2647.0</ele></trkpt><trkpt lat="38.54478" lon="-119.79237"><ele>2647.0</ele></trkpt><trkpt lat="38.54523" lon="-119.79257999999999"><ele>2653.3607146660797</ele></trkpt><trkpt lat="38.5454" lon="-119.79255"><ele>2654.0</ele></trkpt><trkpt lat="38.54542" lon="-119.79269"><ele>2655.0</ele></trkpt><trkpt lat="38.54532" lon="-119.79311000000001"><ele>2655.9426180932805</ele></trkpt><trkpt lat="38.54525" lon="-119.79325"><ele>2655.2226550877094</ele></trkpt><trkpt lat="38.54504" lon="-119.79344000000003"><ele>2658.264250172302</ele></trkpt><trkpt lat="38.54481" lon="-119.7937"><ele>2658.1953742387605</ele></trkpt><trkpt lat="38.5446" lon="-119.79379"><ele>2661.0</ele></trkpt><trkpt lat="38.54449" lon="-119.79359999999997"><ele>2665.0</ele></trkpt><trkpt lat="38.54439" lon="-119.7935"><ele>2667.76417777827</ele></trkpt><trkpt lat="38.544" lon="-119.79345999999998"><ele>2670.3716871105134</ele></trkpt><trkpt lat="38.5438" lon="-119.79327"><ele>2670.8173707383594</ele></trkpt><trkpt lat="38.54367" lon="-119.79332"><ele>2674.8472142219543</ele></trkpt><trkpt lat="38.54355" lon="-119.79327"><ele>2675.2678744455434</ele></trkpt><trkpt lat="38.54343" lon="-119.79329000000001"><ele>2677.0</ele></trkpt><trkpt lat="38.54302" lon="-119.79374000000001"><ele>2681.0</ele></trkpt><trkpt lat="38.54287" lon="-119.79392999999999"><ele>2682.0</ele></trkpt><trkpt lat="38.54286" lon="-119.79419999999999"><ele>2681.4581134460277</ele></trkpt><trkpt lat="38.54295" lon="-119.79444999999998"><ele>2681.0</ele></trkpt><trkpt lat="38.54295" lon="-119.79473999999999"><ele>2678.7311558220536</ele></trkpt><trkpt lat="38.54299" lon="-119.79491999999999"><ele>2677.181803353153</ele></trkpt><trkpt lat="38.54299" lon="-119.79491999999999"><ele>2677.181803353153</ele></trkpt><trkpt lat="38.54311" lon="-119.79557"><ele>2667.481723260978</ele></trkpt><trkpt lat="38.54309" lon="-119.79574000000002"><ele>2666.654578840487</ele></trkpt><trkpt lat="38.54283" lon="-119.79584"><ele>2660.4189598299563</ele></trkpt><trkpt lat="38.54272" lon="-119.79615999999999"><ele>2659.7777921281217</ele></trkpt><trkpt lat="38.54261" lon="-119.79626999999999"><ele>2659.0</ele></trkpt><trkpt lat="38.54259" lon="-119.79640999999998"><ele>2658.760818214558</ele></trkpt><trkpt lat="38.54265" lon="-119.79667"><ele>2659.0</ele></trkpt><trkpt lat="38.54262" lon="-119.79719999999998"><ele>2660.0</ele></trkpt><trkpt lat="38.54268" lon="-119.79743000000002"><ele>2659.0</ele></trkpt><trkpt lat="38.54274" lon="-119.79748000000001"><ele>2658.0</ele></trkpt><trkpt lat="38.54278" lon="-119.79757999999998"><ele>2656.0205676113255</ele></trkpt><trkpt lat="38.54276" lon="-119.79766999999998"><ele>2656.8244200746317</ele></trkpt><trkpt lat="38.5428" lon="-119.79800999999998"><ele>2657.0</ele></trkpt><trkpt lat="38.54287" lon="-119.79811999999998"><ele>2657.0</ele></trkpt><trkpt lat="38.5429" lon="-119.79867999999999"><ele>2658.7302936657343</ele></trkpt><trkpt lat="38.54311" lon="-119.79915"><ele>2657.0</ele></trkpt><trkpt lat="38.54316" lon="-119.79935"><ele>2656.756113078445</ele></trkpt><trkpt lat="38.54312" lon="-119.79984999999999"><ele>2655.0</ele></trkpt><trkpt lat="38.54313" lon="-119.79996"><ele>2654.543648328632</ele></trkpt><trkpt lat="38.54322" lon="-119.80015000000003"><ele>2654.1810403410345</ele></trkpt><trkpt lat="38.5432" lon="-119.80033000000003"><ele>2652.5368924462236</ele></trkpt><trkpt lat="38.54322" lon="-119.80043"><ele>2654.035706626768</ele></trkpt><trkpt lat="38.54329" lon="-119.80054000000001"><ele>2654.0101183727384</ele></trkpt><trkpt lat="38.54345" lon="-119.80090000000001"><ele>2649.0</ele></trkpt><trkpt lat="38.54328" lon="-119.80115999999998"><ele>2646.6059646178037</ele></trkpt><trkpt lat="38.54337" lon="-119.80131"><ele>2642.7917973329313</ele></trkpt><trkpt lat="38.54341" lon="-119.80153999999999"><ele>2641.7971625486116</ele></trkpt><trkpt lat="38.54367" lon="-119.80182000000002"><ele>2639.359042664122</ele></trkpt><trkpt lat="38.5437" lon="-119.80200000000002"><ele>2642.211557304463</ele></trkpt><trkpt lat="38.54388" lon="-119.80239"><ele>2645.4615957268206</ele></trkpt><trkpt lat="38.54394" lon="-119.80270000000002"><ele>2649.293037048541</ele></trkpt><trkpt lat="38.54417" lon="-119.80324999999999"><ele>2655.0</ele></trkpt><trkpt lat="38.54457" lon="-119.80372999999997"><ele>2659.996990952582</ele></trkpt><trkpt lat="38.54495" lon="-119.80412000000001"><ele>2665.246064932193</ele></trkpt><trkpt lat="38.54604" lon="-119.80374999999998"><ele>2682.988125767793</ele></trkpt><trkpt lat="38.54634" lon="-119.80356999999998"><ele>2688.0</ele></trkpt><trkpt lat="38.54643" lon="-119.80363999999997"><ele>2688.8125444770153</ele></trkpt><trkpt lat="38.54649" lon="-119.80376999999999"><ele>2690.0</ele></trkpt><trkpt lat="38.54643" lon="-119.80398000000002"><ele>2692.0</ele></trkpt><trkpt lat="38.54623" lon="-119.80412999999999"><ele>2693.5212446406786</ele></trkpt><trkpt lat="38.54632" lon="-119.80435"><ele>2694.0</ele></trkpt><trkpt lat="38.54647" lon="-119.80450000000002"><ele>2693.06691663784</ele></trkpt><trkpt lat="38.54699" lon="-119.80446999999998"><ele>2687.7821843964143</ele></trkpt><trkpt lat="38.54705" lon="-119.80453"><ele>2685.990799135567</ele></trkpt><trkpt lat="38.54692" lon="-119.80469"><ele>2683.0</ele></trkpt><trkpt lat="38.54671" lon="-119.80487"><ele>2680.9100216736965</ele></trkpt><trkpt lat="38.54648" lon="-119.80516"><ele>2678.9564074532927</ele></trkpt><trkpt lat="38.54642" lon="-119.80552"><ele>2676.0</ele></trkpt><trkpt lat="38.54648" lon="-119.80574000000001"><ele>2675.0</ele></trkpt><trkpt lat="38.54641" lon="-119.80592000000001"><ele>2674.897955207154</ele></trkpt><trkpt lat="38.54621" lon="-119.80617000000001"><ele>2672.9805290587246</ele></trkpt><trkpt lat="38.54597" lon="-119.80668000000003"><ele>2669.0</ele></trkpt><trkpt lat="38.546" lon="-119.80736999999999"><ele>2661.199949508353</ele></trkpt><trkpt lat="38.546" lon="-119.80736999999999"><ele>2661.199949508353</ele></trkpt><trkpt lat="38.54668" lon="-119.80728999999997"><ele>2653.0</ele></trkpt><trkpt lat="38.54691" lon="-119.80734000000001"><ele>2651.0</ele></trkpt><trkpt lat="38.54713" lon="-119.80721"><ele>2646.865332712587</ele></trkpt><trkpt lat="38.54736" lon="-119.80680000000001"><ele>2646.4330712752417</ele></trkpt><trkpt lat="38.54783" lon="-119.80644000000001"><ele>2642.85465254834</ele></trkpt><trkpt lat="38.54817" lon="-119.80635999999998"><ele>2640.101073928349</ele></trkpt><trkpt lat="38.54817" lon="-119.80635999999998"><ele>2640.101073928349</ele></trkpt><trkpt lat="38.54835" lon="-119.80615999999998"><ele>2638.8830104141257</ele></trkpt><trkpt lat="38.54844" lon="-119.80601000000001"><ele>2638.0</ele></trkpt></trkseg></trk></gpx>