<?xml version="1.0"?>
<gpx xmlns="http://www.topografix.com/GPX/1/1" xmlns:gpxx="http://www.garmin.com/xmlschemas/GpxExtensions/v3" creator="CALTOPO" version="1.1"><metadata><name><![CDATA[KMS-Olancha]]></name></metadata><wpt lat="36.04435572212272" lon="-118.13219542345841"><name>Trailhead</name><desc>Kennedy Meadows trailhead - started from road due to closure. </desc></wpt><wpt lat="36.18196" lon="-118.12889"><name>South Fork Kern River</name><desc>A majestic river crossing on a large footbridge</desc></wpt><wpt lat="36.22095160687259" lon="-118.13552642028905"><name>Camp</name></wpt><trk><name>KMS-Olancha</name><trkseg><trkpt lat="36.04438165753718" lon="-118.13219294238087"><ele>1857.0</ele></trkpt><trkpt lat="36.044382931389535" lon="-118.13220638683418"><ele>1857.0</ele></trkpt><trkpt lat="36.04456993341162" lon="-118.1321792850128"><ele>1858.0</ele></trkpt><trkpt lat="36.04460742941426" lon="-118.13217385091741"><ele>1858.0</ele></trkpt><trkpt lat="36.04491" lon="-118.13213000000002"><ele>1858.0</ele></trkpt><trkpt lat="36.0452" lon="-118.13202999999999"><ele>1857.906712880417</ele></trkpt><trkpt lat="36.045472821776826" lon="-118.13188834253896"><ele>1858.0</ele></trkpt><trkpt lat="36.045472821776826" lon="-118.13188834253896"><ele>1858.0</ele></trkpt><trkpt lat="36.04572" lon="-118.13175999999999"><ele>1857.0</ele></trkpt><trkpt lat="36.04639" lon="-118.13148999999999"><ele>1855.0</ele></trkpt><trkpt lat="36.04648289035318" lon="-118.1314236497347"><ele>1855.0</ele></trkpt><trkpt lat="36.046497585663765" lon="-118.1314131532564"><ele>1855.0</ele></trkpt><trkpt lat="36.04685433629405" lon="-118.13115833115353"><ele>1853.0</ele></trkpt><trkpt lat="36.04685433629405" lon="-118.13115833115353"><ele>1853.0</ele></trkpt><trkpt lat="36.04686" lon="-118.13112999999998"><ele>1853.0</ele></trkpt><trkpt lat="36.04702" lon="-118.13081999999997"><ele>1854.0</ele></trkpt><trkpt lat="36.04734413645596" lon="-118.13046808041923"><ele>1856.0</ele></trkpt><trkpt lat="36.04737" lon="-118.13044000000002"><ele>1856.9964741707595</ele></trkpt><trkpt lat="36.04761" lon="-118.13031000000001"><ele>1857.0</ele></trkpt><trkpt lat="36.04779" lon="-118.13030000000003"><ele>1857.0</ele></trkpt><trkpt lat="36.04805" lon="-118.13022999999998"><ele>1855.7356646486085</ele></trkpt><trkpt lat="36.0483" lon="-118.13006000000001"><ele>1857.6869084434584</ele></trkpt><trkpt lat="36.0488" lon="-118.12954000000002"><ele>1862.7322223559022</ele></trkpt><trkpt lat="36.04886" lon="-118.12950999999998"><ele>1863.044983134605</ele></trkpt><trkpt lat="36.0491" lon="-118.12952999999999"><ele>1863.38669866696</ele></trkpt><trkpt lat="36.0491" lon="-118.12952999999999"><ele>1863.38669866696</ele></trkpt><trkpt lat="36.04933" lon="-118.12943000000001"><ele>1866.0470364433713</ele></trkpt><trkpt lat="36.04949" lon="-118.12925999999999"><ele>1867.9696106668562</ele></trkpt><trkpt lat="36.04968" lon="-118.12923"><ele>1868.3677119999193</ele></trkpt><trkpt lat="36.04978" lon="-118.12910999999997"><ele>1869.2343174936514</ele></trkpt><trkpt lat="36.0504" lon="-118.12912"><ele>1871.0</ele></trkpt><trkpt lat="36.0509" lon="-118.12946"><ele>1868.0</ele></trkpt><trkpt lat="36.05107" lon="-118.12973999999997"><ele>1870.0683387931701</ele></trkpt><trkpt lat="36.05131" lon="-118.13003000000003"><ele>1867.0850097765215</ele></trkpt><trkpt lat="36.05189083263193" lon="-118.13047143170684"><ele>1865.0</ele></trkpt><trkpt lat="36.05189083263193" lon="-118.13047143170684"><ele>1865.0</ele></trkpt><trkpt lat="36.05206" lon="-118.13060000000002"><ele>1864.0</ele></trkpt><trkpt lat="36.05206" lon="-118.13060000000002"><ele>1864.0</ele></trkpt><trkpt lat="36.05206" lon="-118.13060000000002"><ele>1864.0</ele></trkpt><trkpt lat="36.05259" lon="-118.13067999999998"><ele>1866.0</ele></trkpt><trkpt lat="36.05333" lon="-118.13075000000003"><ele>1869.0</ele></trkpt><trkpt lat="36.05366039836535" lon="-118.13071035219616"><ele>1871.0</ele></trkpt><trkpt lat="36.05366779032071" lon="-118.13070946520327"><ele>1871.0</ele></trkpt><trkpt lat="36.05383" lon="-118.13069000000002"><ele>1871.0</ele></trkpt><trkpt lat="36.05395" lon="-118.13063999999997"><ele>1872.0</ele></trkpt><trkpt lat="36.05395" lon="-118.13063999999997"><ele>1872.0</ele></trkpt><trkpt lat="36.05443" lon="-118.13049999999998"><ele>1873.0</ele></trkpt><trkpt lat="36.0544454849071" lon="-118.13049827945474"><ele>1873.0</ele></trkpt><trkpt lat="36.05452" lon="-118.13049000000001"><ele>1872.0</ele></trkpt><trkpt lat="36.05461" lon="-118.13022999999998"><ele>1868.827787861228</ele></trkpt><trkpt lat="36.05468" lon="-118.13013999999998"><ele>1869.0</ele></trkpt><trkpt lat="36.05476" lon="-118.13013000000001"><ele>1871.0</ele></trkpt><trkpt lat="36.05487" lon="-118.13021000000003"><ele>1874.0</ele></trkpt><trkpt lat="36.0551" lon="-118.13011"><ele>1873.0</ele></trkpt><trkpt lat="36.05524" lon="-118.13009999999997"><ele>1874.5792637580553</ele></trkpt><trkpt lat="36.0557" lon="-118.13013999999998"><ele>1879.0</ele></trkpt><trkpt lat="36.05591" lon="-118.13012000000003"><ele>1882.0</ele></trkpt><trkpt lat="36.05602" lon="-118.13009"><ele>1882.0</ele></trkpt><trkpt lat="36.05617" lon="-118.12997999999999"><ele>1880.9008723720908</ele></trkpt><trkpt lat="36.05625" lon="-118.12995999999998"><ele>1880.0</ele></trkpt><trkpt lat="36.05691" lon="-118.13029"><ele>1876.96813155571</ele></trkpt><trkpt lat="36.05709" lon="-118.13044000000002"><ele>1873.9806183468772</ele></trkpt><trkpt lat="36.057180796502074" lon="-118.13049620735842"><ele>1873.5943052809205</ele></trkpt><trkpt lat="36.05719121907125" lon="-118.13050265929814"><ele>1873.9705322143477</ele></trkpt><trkpt lat="36.05751" lon="-118.13069999999999"><ele>1871.8607466672547</ele></trkpt><trkpt lat="36.05772" lon="-118.13078000000002"><ele>1875.0</ele></trkpt><trkpt lat="36.05792" lon="-118.13081"><ele>1874.4687502216548</ele></trkpt><trkpt lat="36.05815" lon="-118.13078000000002"><ele>1876.1324764438905</ele></trkpt><trkpt lat="36.05858" lon="-118.13063999999997"><ele>1876.0</ele></trkpt><trkpt lat="36.05877" lon="-118.13072"><ele>1875.928679110948</ele></trkpt><trkpt lat="36.05882" lon="-118.13069000000002"><ele>1875.0</ele></trkpt><trkpt lat="36.05887" lon="-118.13060000000002"><ele>1874.6426913472217</ele></trkpt><trkpt lat="36.05897" lon="-118.13054"><ele>1873.6512135519765</ele></trkpt><trkpt lat="36.05915" lon="-118.13038"><ele>1875.7992607547878</ele></trkpt><trkpt lat="36.05937" lon="-118.13030000000003"><ele>1873.7179124022107</ele></trkpt><trkpt lat="36.0596" lon="-118.13027999999997"><ele>1870.0</ele></trkpt><trkpt lat="36.05969" lon="-118.13033999999999"><ele>1868.9935950756867</ele></trkpt><trkpt lat="36.05993" lon="-118.13042999999999"><ele>1868.918428396596</ele></trkpt><trkpt lat="36.0601" lon="-118.13031999999998"><ele>1873.6536824293435</ele></trkpt><trkpt lat="36.06045" lon="-118.13030000000003"><ele>1878.0</ele></trkpt><trkpt lat="36.06085" lon="-118.13024999999999"><ele>1885.0</ele></trkpt><trkpt lat="36.06103" lon="-118.1302"><ele>1887.0</ele></trkpt><trkpt lat="36.06148" lon="-118.13017000000002"><ele>1890.0</ele></trkpt><trkpt lat="36.06178" lon="-118.13006000000001"><ele>1893.0</ele></trkpt><trkpt lat="36.06223" lon="-118.12997000000001"><ele>1896.0</ele></trkpt><trkpt lat="36.06256" lon="-118.12977999999998"><ele>1896.8752663141486</ele></trkpt><trkpt lat="36.0627" lon="-118.12973999999997"><ele>1897.0</ele></trkpt><trkpt lat="36.063" lon="-118.12970999999999"><ele>1898.163001915346</ele></trkpt><trkpt lat="36.06329" lon="-118.12961000000001"><ele>1893.6329723338367</ele></trkpt><trkpt lat="36.06367" lon="-118.12955"><ele>1888.454631111119</ele></trkpt><trkpt lat="36.06378" lon="-118.12948"><ele>1887.138621776441</ele></trkpt><trkpt lat="36.06386" lon="-118.12945000000002"><ele>1887.0</ele></trkpt><trkpt lat="36.06425" lon="-118.12943999999999"><ele>1886.0</ele></trkpt><trkpt lat="36.06444" lon="-118.12936000000002"><ele>1884.0</ele></trkpt><trkpt lat="36.06493" lon="-118.12931000000003"><ele>1881.5713673806488</ele></trkpt><trkpt lat="36.06516" lon="-118.1293"><ele>1881.1054755556397</ele></trkpt><trkpt lat="36.06532" lon="-118.12932999999998"><ele>1879.7073742230423</ele></trkpt><trkpt lat="36.06574" lon="-118.12928999999997"><ele>1880.0</ele></trkpt><trkpt lat="36.06587" lon="-118.1293"><ele>1882.0</ele></trkpt><trkpt lat="36.06624" lon="-118.12945000000002"><ele>1881.0</ele></trkpt><trkpt lat="36.06654" lon="-118.12950000000001"><ele>1882.0</ele></trkpt><trkpt lat="36.06686" lon="-118.12968999999998"><ele>1882.0</ele></trkpt><trkpt lat="36.06686" lon="-118.12968999999998"><ele>1882.0</ele></trkpt><trkpt lat="36.06695" lon="-118.12975"><ele>1882.0</ele></trkpt><trkpt lat="36.06724" lon="-118.12984"><ele>1882.9568852125672</ele></trkpt><trkpt lat="36.06748" lon="-118.12981000000002"><ele>1885.0</ele></trkpt><trkpt lat="36.06821" lon="-118.12963000000002"><ele>1888.7263608882204</ele></trkpt><trkpt lat="36.06841" lon="-118.12954000000002"><ele>1889.0</ele></trkpt><trkpt lat="36.06895" lon="-118.12936000000002"><ele>1889.0</ele></trkpt><trkpt lat="36.06983" lon="-118.12898000000001"><ele>1890.0</ele></trkpt><trkpt lat="36.07006" lon="-118.12874999999997"><ele>1890.7373333345167</ele></trkpt><trkpt lat="36.07015" lon="-118.12871000000001"><ele>1891.0</ele></trkpt><trkpt lat="36.07033" lon="-118.12874"><ele>1891.203367111273</ele></trkpt><trkpt lat="36.07053" lon="-118.12871999999999"><ele>1892.0</ele></trkpt><trkpt lat="36.07053" lon="-118.12871999999999"><ele>1892.0</ele></trkpt><trkpt lat="36.07053" lon="-118.12871999999999"><ele>1892.0</ele></trkpt><trkpt lat="36.07142" lon="-118.12826999999999"><ele>1900.0</ele></trkpt><trkpt lat="36.07158" lon="-118.12815"><ele>1900.699359999504</ele></trkpt><trkpt lat="36.07172" lon="-118.12813"><ele>1901.0</ele></trkpt><trkpt lat="36.07196" lon="-118.12790999999999"><ele>1903.0</ele></trkpt><trkpt lat="36.07237" lon="-118.12763000000001"><ele>1906.9331164434552</ele></trkpt><trkpt lat="36.07244" lon="-118.12760000000003"><ele>1906.3312177765183</ele></trkpt><trkpt lat="36.07261" lon="-118.12761"><ele>1906.7776912573174</ele></trkpt><trkpt lat="36.07288" lon="-118.12743"><ele>1909.1353773847798</ele></trkpt><trkpt lat="36.07304" lon="-118.12736000000001"><ele>1910.8508954923318</ele></trkpt><trkpt lat="36.07319" lon="-118.12734999999998"><ele>1912.9820622229017</ele></trkpt><trkpt lat="36.0735" lon="-118.12711000000002"><ele>1916.1310197921252</ele></trkpt><trkpt lat="36.07356" lon="-118.12709000000001"><ele>1917.0</ele></trkpt><trkpt lat="36.07363" lon="-118.12715000000003"><ele>1918.0</ele></trkpt><trkpt lat="36.07371" lon="-118.12714"><ele>1917.7687715557404</ele></trkpt><trkpt lat="36.07377" lon="-118.12709000000001"><ele>1917.3162040230818</ele></trkpt><trkpt lat="36.07393" lon="-118.12682999999998"><ele>1923.215818666853</ele></trkpt><trkpt lat="36.074" lon="-118.12680999999998"><ele>1923.9622435847011</ele></trkpt><trkpt lat="36.07409" lon="-118.12682999999998"><ele>1925.0</ele></trkpt><trkpt lat="36.07412" lon="-118.12688000000003"><ele>1925.0</ele></trkpt><trkpt lat="36.07416" lon="-118.12689999999998"><ele>1924.987477696506</ele></trkpt><trkpt lat="36.07451" lon="-118.1268"><ele>1921.8260541811164</ele></trkpt><trkpt lat="36.07477" lon="-118.1268"><ele>1921.0</ele></trkpt><trkpt lat="36.07495" lon="-118.12684000000002"><ele>1921.1343755386215</ele></trkpt><trkpt lat="36.07501" lon="-118.12682000000001"><ele>1920.9108009421168</ele></trkpt><trkpt lat="36.07511" lon="-118.12666999999999"><ele>1919.6723591112532</ele></trkpt><trkpt lat="36.07524" lon="-118.12666000000002"><ele>1919.4578481167555</ele></trkpt><trkpt lat="36.07538" lon="-118.12655999999998"><ele>1916.3078629132133</ele></trkpt><trkpt lat="36.07547" lon="-118.12664000000001"><ele>1914.0138121871496</ele></trkpt><trkpt lat="36.07566" lon="-118.12671999999998"><ele>1912.2598656640394</ele></trkpt><trkpt lat="36.07589" lon="-118.12698999999998"><ele>1912.7592782233842</ele></trkpt><trkpt lat="36.07621" lon="-118.12707999999998"><ele>1912.564974222798</ele></trkpt><trkpt lat="36.07629" lon="-118.12706000000003"><ele>1912.497041775845</ele></trkpt><trkpt lat="36.07648" lon="-118.12693000000002"><ele>1913.9817204914095</ele></trkpt><trkpt lat="36.07651" lon="-118.12687"><ele>1914.0</ele></trkpt><trkpt lat="36.07647" lon="-118.12657000000002"><ele>1913.0</ele></trkpt><trkpt lat="36.07651" lon="-118.12648999999999"><ele>1914.0</ele></trkpt><trkpt lat="36.07659" lon="-118.12644"><ele>1914.3838270008564</ele></trkpt><trkpt lat="36.07678" lon="-118.12651"><ele>1917.0</ele></trkpt><trkpt lat="36.07685" lon="-118.12649999999996"><ele>1917.847812206708</ele></trkpt><trkpt lat="36.07687" lon="-118.12644999999998"><ele>1918.9251022231765</ele></trkpt><trkpt lat="36.0769" lon="-118.12632000000002"><ele>1920.0</ele></trkpt><trkpt lat="36.07699" lon="-118.12617999999998"><ele>1920.0</ele></trkpt><trkpt lat="36.07701" lon="-118.12596000000002"><ele>1918.398490427062</ele></trkpt><trkpt lat="36.07704" lon="-118.1259"><ele>1918.5569599997252</ele></trkpt><trkpt lat="36.07717" lon="-118.12576999999999"><ele>1918.6818091334512</ele></trkpt><trkpt lat="36.07719" lon="-118.12544000000003"><ele>1921.9945137761533</ele></trkpt><trkpt lat="36.07738" lon="-118.12540999999999"><ele>1924.0</ele></trkpt><trkpt lat="36.07742" lon="-118.1252"><ele>1923.8008175962852</ele></trkpt><trkpt lat="36.07746" lon="-118.12511999999998"><ele>1923.0</ele></trkpt><trkpt lat="36.07765" lon="-118.12509999999997"><ele>1921.4157221039754</ele></trkpt><trkpt lat="36.07773" lon="-118.125"><ele>1920.9410811150447</ele></trkpt><trkpt lat="36.07773" lon="-118.125"><ele>1920.9410811150447</ele></trkpt><trkpt lat="36.07782" lon="-118.12479000000002"><ele>1924.7807305097708</ele></trkpt><trkpt lat="36.07794" lon="-118.12468000000001"><ele>1924.3193782680007</ele></trkpt><trkpt lat="36.07799" lon="-118.12454000000002"><ele>1923.0</ele></trkpt><trkpt lat="36.07803" lon="-118.12450999999999"><ele>1922.1958815971357</ele></trkpt><trkpt lat="36.07825" lon="-118.12437"><ele>1919.7723184082245</ele></trkpt><trkpt lat="36.07838701428868" lon="-118.1242088067192"><ele>1915.9973571430892</ele></trkpt><trkpt lat="36.078391446348476" lon="-118.1242035925614"><ele>1915.7417943179607</ele></trkpt><trkpt lat="36.07842" lon="-118.12416999999999"><ele>1916.1808035555296</ele></trkpt><trkpt lat="36.07862" lon="-118.12401999999997"><ele>1915.6377318863701</ele></trkpt><trkpt lat="36.07871" lon="-118.12400000000002"><ele>1915.0</ele></trkpt><trkpt lat="36.07883" lon="-118.12392"><ele>1914.8316479995847</ele></trkpt><trkpt lat="36.07893" lon="-118.12392999999997"><ele>1914.0</ele></trkpt><trkpt lat="36.07893" lon="-118.12392999999997"><ele>1914.0</ele></trkpt><trkpt lat="36.07898" lon="-118.12421999999998"><ele>1914.6841660659575</ele></trkpt><trkpt lat="36.07898" lon="-118.12421999999998"><ele>1914.6841660659575</ele></trkpt><trkpt lat="36.07909" lon="-118.12427000000002"><ele>1916.7598601906711</ele></trkpt><trkpt lat="36.07927" lon="-118.12428"><ele>1920.8679623136</ele></trkpt><trkpt lat="36.07939" lon="-118.12432999999999"><ele>1921.275736888405</ele></trkpt><trkpt lat="36.0795" lon="-118.12432999999999"><ele>1922.0497504216592</ele></trkpt><trkpt lat="36.07971" lon="-118.12416999999999"><ele>1923.871575303813</ele></trkpt><trkpt lat="36.07986" lon="-118.12414000000001"><ele>1926.3954929765036</ele></trkpt><trkpt lat="36.07999" lon="-118.12407999999999"><ele>1928.0</ele></trkpt><trkpt lat="36.08009" lon="-118.12405999999999"><ele>1930.0</ele></trkpt><trkpt lat="36.08047" lon="-118.1241"><ele>1931.5569600001909</ele></trkpt><trkpt lat="36.08059" lon="-118.12407999999999"><ele>1932.0126310936862</ele></trkpt><trkpt lat="36.08065" lon="-118.12401999999997"><ele>1934.0</ele></trkpt><trkpt lat="36.08082" lon="-118.12394999999998"><ele>1937.0</ele></trkpt><trkpt lat="36.08137" lon="-118.12380999999999"><ele>1945.0</ele></trkpt><trkpt lat="36.08161" lon="-118.12373000000002"><ele>1948.0</ele></trkpt><trkpt lat="36.08203" lon="-118.12365999999997"><ele>1952.0</ele></trkpt><trkpt lat="36.08249" lon="-118.12392"><ele>1951.9320633450195</ele></trkpt><trkpt lat="36.08287" lon="-118.12407999999999"><ele>1953.1910557296783</ele></trkpt><trkpt lat="36.08322" lon="-118.12448999999998"><ele>1952.7747082361197</ele></trkpt><trkpt lat="36.08342" lon="-118.12459999999999"><ele>1953.0</ele></trkpt><trkpt lat="36.08414" lon="-118.12473999999997"><ele>1957.7452398911119</ele></trkpt><trkpt lat="36.08452" lon="-118.12459000000001"><ele>1963.0</ele></trkpt><trkpt lat="36.08462" lon="-118.12459999999999"><ele>1964.0</ele></trkpt><trkpt lat="36.08462" lon="-118.12459999999999"><ele>1964.0</ele></trkpt><trkpt lat="36.08507" lon="-118.12445000000002"><ele>1969.0</ele></trkpt><trkpt lat="36.0852" lon="-118.12437999999997"><ele>1971.0</ele></trkpt><trkpt lat="36.08571" lon="-118.12421999999998"><ele>1978.0</ele></trkpt><trkpt lat="36.08587" lon="-118.12407999999999"><ele>1981.5094378199428</ele></trkpt><trkpt lat="36.08594" lon="-118.12407000000002"><ele>1982.0</ele></trkpt><trkpt lat="36.08607" lon="-118.12396999999999"><ele>1985.0</ele></trkpt><trkpt lat="36.08628" lon="-118.12392999999997"><ele>1987.4628642089335</ele></trkpt><trkpt lat="36.08636" lon="-118.12385999999998"><ele>1989.0</ele></trkpt><trkpt lat="36.08664" lon="-118.12383999999997"><ele>1991.0</ele></trkpt><trkpt lat="36.08695" lon="-118.12365"><ele>1995.8776961212156</ele></trkpt><trkpt lat="36.08711" lon="-118.12360999999999"><ele>1997.2786951116286</ele></trkpt><trkpt lat="36.08717" lon="-118.12355000000002"><ele>1999.0358160369224</ele></trkpt><trkpt lat="36.08724" lon="-118.12353999999999"><ele>2001.0</ele></trkpt><trkpt lat="36.08732" lon="-118.12358999999998"><ele>2001.210762667004</ele></trkpt><trkpt lat="36.08751" lon="-118.12356999999997"><ele>2005.0</ele></trkpt><trkpt lat="36.08755" lon="-118.12365"><ele>2004.1626644947357</ele></trkpt><trkpt lat="36.08768" lon="-118.12374"><ele>2003.1958866986517</ele></trkpt><trkpt lat="36.0881" lon="-118.12378000000001"><ele>2005.3561208886094</ele></trkpt><trkpt lat="36.08816" lon="-118.12376"><ele>2005.1237407639935</ele></trkpt><trkpt lat="36.08823" lon="-118.12367999999998"><ele>2005.613951152709</ele></trkpt><trkpt lat="36.08828" lon="-118.12365999999997"><ele>2006.9737982268618</ele></trkpt><trkpt lat="36.08886" lon="-118.12403"><ele>2007.7052764440887</ele></trkpt><trkpt lat="36.08898" lon="-118.12398000000002"><ele>2008.0354453320615</ele></trkpt><trkpt lat="36.08937" lon="-118.12394999999998"><ele>2011.0</ele></trkpt><trkpt lat="36.08954" lon="-118.12389000000002"><ele>2013.229749332182</ele></trkpt><trkpt lat="36.08962" lon="-118.12389999999999"><ele>2014.9453827543875</ele></trkpt><trkpt lat="36.0898" lon="-118.12405000000001"><ele>2016.773208887782</ele></trkpt><trkpt lat="36.08999" lon="-118.12405999999999"><ele>2017.307175111957</ele></trkpt><trkpt lat="36.09005" lon="-118.12403999999998"><ele>2017.239242667798</ele></trkpt><trkpt lat="36.09011" lon="-118.12398000000002"><ele>2019.0354453320615</ele></trkpt><trkpt lat="36.09024" lon="-118.12394999999998"><ele>2019.433546667453</ele></trkpt><trkpt lat="36.0905" lon="-118.12376999999998"><ele>2023.0</ele></trkpt><trkpt lat="36.09071" lon="-118.12380999999999"><ele>2024.0</ele></trkpt><trkpt lat="36.09106" lon="-118.12369000000001"><ele>2026.5504248882644</ele></trkpt><trkpt lat="36.09114" lon="-118.12353999999999"><ele>2029.308906348127</ele></trkpt><trkpt lat="36.09121" lon="-118.12347999999997"><ele>2030.1800448920685</ele></trkpt><trkpt lat="36.09134" lon="-118.12344000000002"><ele>2032.2012693323195</ele></trkpt><trkpt lat="36.09147" lon="-118.12344000000002"><ele>2033.2012693323195</ele></trkpt><trkpt lat="36.09168" lon="-118.12337000000002"><ele>2034.0</ele></trkpt><trkpt lat="36.09178" lon="-118.12338999999997"><ele>2034.0</ele></trkpt><trkpt lat="36.092" lon="-118.12305000000003"><ele>2040.366478469236</ele></trkpt><trkpt lat="36.09238" lon="-118.12275"><ele>2045.0576320085675</ele></trkpt><trkpt lat="36.0927" lon="-118.12242000000003"><ele>2049.4437746064696</ele></trkpt><trkpt lat="36.09276" lon="-118.12230999999997"><ele>2049.1225579631487</ele></trkpt><trkpt lat="36.09296" lon="-118.12176"><ele>2057.102357781958</ele></trkpt><trkpt lat="36.09335" lon="-118.12131"><ele>2061.5813508611172</ele></trkpt><trkpt lat="36.09349" lon="-118.12110000000001"><ele>2064.040619203821</ele></trkpt><trkpt lat="36.09352" lon="-118.12101000000001"><ele>2064.6189898285797</ele></trkpt><trkpt lat="36.09353" lon="-118.12076000000002"><ele>2065.0</ele></trkpt><trkpt lat="36.09366" lon="-118.12068999999997"><ele>2065.0851393329463</ele></trkpt><trkpt lat="36.09369" lon="-118.12054"><ele>2067.0</ele></trkpt><trkpt lat="36.0938" lon="-118.12041999999997"><ele>2067.0</ele></trkpt><trkpt lat="36.09413" lon="-118.11981000000003"><ele>2063.0</ele></trkpt><trkpt lat="36.09416" lon="-118.11971"><ele>2063.0</ele></trkpt><trkpt lat="36.09418" lon="-118.11948999999998"><ele>2060.7853471543567</ele></trkpt><trkpt lat="36.09421" lon="-118.11948000000001"><ele>2060.0</ele></trkpt><trkpt lat="36.09425" lon="-118.11951999999997"><ele>2060.0</ele></trkpt><trkpt lat="36.0943" lon="-118.11959999999999"><ele>2059.0</ele></trkpt><trkpt lat="36.09437" lon="-118.11996999999997"><ele>2057.2877502869815</ele></trkpt><trkpt lat="36.09445" lon="-118.12005999999997"><ele>2056.1882085868783</ele></trkpt><trkpt lat="36.09451" lon="-118.12008000000003"><ele>2056.211381335277</ele></trkpt><trkpt lat="36.09479" lon="-118.12007"><ele>2056.0</ele></trkpt><trkpt lat="36.095" lon="-118.12"><ele>2058.0</ele></trkpt><trkpt lat="36.09516" lon="-118.11989"><ele>2059.0</ele></trkpt><trkpt lat="36.09531" lon="-118.11968999999999"><ele>2060.9288319002676</ele></trkpt><trkpt lat="36.09542" lon="-118.11964"><ele>2062.0</ele></trkpt><trkpt lat="36.09557" lon="-118.11964"><ele>2062.6505693181607</ele></trkpt><trkpt lat="36.09566" lon="-118.11953"><ele>2062.6267720002406</ele></trkpt><trkpt lat="36.09575" lon="-118.11948000000001"><ele>2063.2493546670303</ele></trkpt><trkpt lat="36.09599" lon="-118.11950000000002"><ele>2063.6997582572853</ele></trkpt><trkpt lat="36.09614" lon="-118.11964"><ele>2063.0</ele></trkpt><trkpt lat="36.09636" lon="-118.11975000000001"><ele>2063.913623649885</ele></trkpt><trkpt lat="36.09648" lon="-118.11977999999999"><ele>2064.2303679999895</ele></trkpt><trkpt lat="36.09673" lon="-118.12004999999999"><ele>2065.1423059647577</ele></trkpt><trkpt lat="36.09676" lon="-118.12027"><ele>2068.444704404101</ele></trkpt><trkpt lat="36.09677" lon="-118.12050999999997"><ele>2069.8679464533925</ele></trkpt><trkpt lat="36.09675" lon="-118.12065000000001"><ele>2070.241333185688</ele></trkpt><trkpt lat="36.09672" lon="-118.12072"><ele>2070.9906793776536</ele></trkpt><trkpt lat="36.09657" lon="-118.12083000000001"><ele>2071.4030915703624</ele></trkpt><trkpt lat="36.09653" lon="-118.12103000000002"><ele>2071.0</ele></trkpt><trkpt lat="36.09658" lon="-118.12110000000001"><ele>2073.5731616783887</ele></trkpt><trkpt lat="36.09689" lon="-118.12115"><ele>2071.0</ele></trkpt><trkpt lat="36.09705" lon="-118.12128000000001"><ele>2072.135434667114</ele></trkpt><trkpt lat="36.09721" lon="-118.12130000000002"><ele>2074.067502223421</ele></trkpt><trkpt lat="36.09724" lon="-118.12128999999999"><ele>2074.8412285801023</ele></trkpt><trkpt lat="36.09727" lon="-118.12116000000003"><ele>2073.970044787973</ele></trkpt><trkpt lat="36.09733" lon="-118.12108"><ele>2073.43061606586</ele></trkpt><trkpt lat="36.09766" lon="-118.12068"><ele>2074.1734079997987</ele></trkpt><trkpt lat="36.09779" lon="-118.12063"><ele>2073.84323911136</ele></trkpt><trkpt lat="36.09791" lon="-118.12063"><ele>2072.84323911136</ele></trkpt><trkpt lat="36.09809" lon="-118.12077999999997"><ele>2074.6130135420776</ele></trkpt><trkpt lat="36.09814" lon="-118.12094000000002"><ele>2077.3957404359035</ele></trkpt><trkpt lat="36.09821" lon="-118.12095"><ele>2078.801635969039</ele></trkpt><trkpt lat="36.09843" lon="-118.12065000000001"><ele>2081.775306667667</ele></trkpt><trkpt lat="36.0986" lon="-118.12045999999998"><ele>2080.9206648878753</ele></trkpt><trkpt lat="36.09866" lon="-118.12041999999997"><ele>2080.1971543370746</ele></trkpt><trkpt lat="36.09875" lon="-118.12040000000002"><ele>2079.5392302695577</ele></trkpt><trkpt lat="36.09892" lon="-118.12044000000003"><ele>2082.9771946696565</ele></trkpt><trkpt lat="36.09908" lon="-118.12038999999999"><ele>2080.6584284435958</ele></trkpt><trkpt lat="36.09923" lon="-118.12045999999998"><ele>2082.0154118958108</ele></trkpt><trkpt lat="36.09937" lon="-118.12044000000003"><ele>2084.9782392884094</ele></trkpt><trkpt lat="36.09951" lon="-118.12032999999997"><ele>2083.8622257760726</ele></trkpt><trkpt lat="36.09976" lon="-118.12000999999998"><ele>2081.556173772739</ele></trkpt><trkpt lat="36.09983" lon="-118.11995999999999"><ele>2081.385891226294</ele></trkpt><trkpt lat="36.10017" lon="-118.1198"><ele>2082.162435555365</ele></trkpt><trkpt lat="36.10062" lon="-118.11975999999999"><ele>2085.0</ele></trkpt><trkpt lat="36.10069" lon="-118.11969999999997"><ele>2085.0</ele></trkpt><trkpt lat="36.10062" lon="-118.11957999999998"><ele>2085.1722225734047</ele></trkpt><trkpt lat="36.10065" lon="-118.11951999999997"><ele>2085.0</ele></trkpt><trkpt lat="36.10063" lon="-118.11926"><ele>2085.0</ele></trkpt><trkpt lat="36.10069" lon="-118.11917"><ele>2082.955158389766</ele></trkpt><trkpt lat="36.10093" lon="-118.11919999999998"><ele>2081.0</ele></trkpt><trkpt lat="36.10103" lon="-118.11905000000002"><ele>2078.2099022231996</ele></trkpt><trkpt lat="36.10116" lon="-118.11897999999997"><ele>2076.6293599138153</ele></trkpt><trkpt lat="36.10132" lon="-118.11899"><ele>2075.4136995556764</ele></trkpt><trkpt lat="36.10138" lon="-118.11905000000002"><ele>2076.2099022231996</ele></trkpt><trkpt lat="36.10141" lon="-118.11903000000001"><ele>2076.0</ele></trkpt><trkpt lat="36.10141" lon="-118.11903000000001"><ele>2076.0</ele></trkpt><trkpt lat="36.10148" lon="-118.1189"><ele>2075.174026428192</ele></trkpt><trkpt lat="36.10148" lon="-118.1189"><ele>2075.174026428192</ele></trkpt><trkpt lat="36.10159" lon="-118.11887000000002"><ele>2078.0</ele></trkpt><trkpt lat="36.10186" lon="-118.11903000000001"><ele>2079.9198110688244</ele></trkpt><trkpt lat="36.10219" lon="-118.11906999999997"><ele>2083.963892200628</ele></trkpt><trkpt lat="36.10238" lon="-118.11912999999998"><ele>2086.0618275557645</ele></trkpt><trkpt lat="36.10238" lon="-118.11912999999998"><ele>2086.0618275557645</ele></trkpt><trkpt lat="36.10261" lon="-118.1191"><ele>2088.0</ele></trkpt><trkpt lat="36.1029" lon="-118.11912999999998"><ele>2090.0618275557645</ele></trkpt><trkpt lat="36.10301" lon="-118.11905999999999"><ele>2092.0</ele></trkpt><trkpt lat="36.1032" lon="-118.11918000000003"><ele>2093.002615420148</ele></trkpt><trkpt lat="36.10332" lon="-118.11921000000001"><ele>2094.0</ele></trkpt><trkpt lat="36.10336" lon="-118.11918000000003"><ele>2094.0</ele></trkpt><trkpt lat="36.10341" lon="-118.11906999999997"><ele>2095.0</ele></trkpt><trkpt lat="36.10339" lon="-118.11894999999998"><ele>2095.0</ele></trkpt><trkpt lat="36.10347" lon="-118.11879999999996"><ele>2096.423617657274</ele></trkpt><trkpt lat="36.10345" lon="-118.11865"><ele>2098.0</ele></trkpt><trkpt lat="36.10354" lon="-118.11847999999998"><ele>2097.1366407582136</ele></trkpt><trkpt lat="36.10379" lon="-118.11845"><ele>2098.7521244450472</ele></trkpt><trkpt lat="36.10395" lon="-118.11847999999998"><ele>2098.0931828659423</ele></trkpt><trkpt lat="36.10407" lon="-118.11847"><ele>2099.0</ele></trkpt><trkpt lat="36.10416" lon="-118.11838"><ele>2100.0143608883955</ele></trkpt><trkpt lat="36.10442" lon="-118.11840000000001"><ele>2102.0</ele></trkpt><trkpt lat="36.10465" lon="-118.11833999999999"><ele>2103.0</ele></trkpt><trkpt lat="36.10479" lon="-118.11835000000002"><ele>2103.4124622214586</ele></trkpt><trkpt lat="36.10502" lon="-118.11822000000001"><ele>2108.0</ele></trkpt><trkpt lat="36.10511" lon="-118.11810000000003"><ele>2108.0</ele></trkpt><trkpt lat="36.1052" lon="-118.11809"><ele>2109.0</ele></trkpt><trkpt lat="36.1053" lon="-118.11802999999998"><ele>2110.0434028757404</ele></trkpt><trkpt lat="36.10534" lon="-118.11810000000003"><ele>2111.0</ele></trkpt><trkpt lat="36.10538" lon="-118.11811"><ele>2111.446695459437</ele></trkpt><trkpt lat="36.10555" lon="-118.11804999999998"><ele>2113.0</ele></trkpt><trkpt lat="36.10563" lon="-118.11795999999998"><ele>2114.657215872563</ele></trkpt><trkpt lat="36.10585" lon="-118.11802"><ele>2116.0</ele></trkpt><trkpt lat="36.10602" lon="-118.118"><ele>2118.0</ele></trkpt><trkpt lat="36.10644" lon="-118.11802999999998"><ele>2120.3255431121215</ele></trkpt><trkpt lat="36.10653" lon="-118.118"><ele>2121.0</ele></trkpt><trkpt lat="36.10663" lon="-118.11806999999999"><ele>2121.06869669249</ele></trkpt><trkpt lat="36.10664" lon="-118.11810000000003"><ele>2121.400853690619</ele></trkpt><trkpt lat="36.10655" lon="-118.11829"><ele>2121.0</ele></trkpt><trkpt lat="36.10647" lon="-118.11836"><ele>2120.0</ele></trkpt><trkpt lat="36.10649" lon="-118.11840999999998"><ele>2120.8616478881368</ele></trkpt><trkpt lat="36.10649" lon="-118.11851000000001"><ele>2122.0</ele></trkpt><trkpt lat="36.10652" lon="-118.11856"><ele>2123.0</ele></trkpt><trkpt lat="36.10663" lon="-118.11860000000001"><ele>2124.0</ele></trkpt><trkpt lat="36.10682" lon="-118.11860999999999"><ele>2125.0</ele></trkpt><trkpt lat="36.10723" lon="-118.11876999999998"><ele>2127.9132557163675</ele></trkpt><trkpt lat="36.10733" lon="-118.11894999999998"><ele>2128.576517355864</ele></trkpt><trkpt lat="36.10741" lon="-118.11900000000003"><ele>2129.101518030733</ele></trkpt><trkpt lat="36.10742" lon="-118.11919999999998"><ele>2131.4209439437836</ele></trkpt><trkpt lat="36.1075" lon="-118.11939000000001"><ele>2135.0</ele></trkpt><trkpt lat="36.10753" lon="-118.11941000000002"><ele>2135.0</ele></trkpt><trkpt lat="36.10759" lon="-118.11939000000001"><ele>2135.0</ele></trkpt><trkpt lat="36.10768" lon="-118.11941000000002"><ele>2135.0128817772493</ele></trkpt><trkpt lat="36.10771" lon="-118.11948000000001"><ele>2135.149223966524</ele></trkpt><trkpt lat="36.10751" lon="-118.11973"><ele>2136.9001991110854</ele></trkpt><trkpt lat="36.10725" lon="-118.11984000000001"><ele>2138.6147395391017</ele></trkpt><trkpt lat="36.10722" lon="-118.11987999999997"><ele>2138.0</ele></trkpt><trkpt lat="36.10729" lon="-118.12036"><ele>2140.0</ele></trkpt><trkpt lat="36.10724" lon="-118.12054"><ele>2140.037904644385</ele></trkpt><trkpt lat="36.10727" lon="-118.12063999999998"><ele>2141.0</ele></trkpt><trkpt lat="36.10724" lon="-118.12079"><ele>2141.3263211622425</ele></trkpt><trkpt lat="36.10726" lon="-118.12097"><ele>2142.191574504599</ele></trkpt><trkpt lat="36.10721" lon="-118.12131999999997"><ele>2144.3072681602475</ele></trkpt><trkpt lat="36.10709" lon="-118.12176999999997"><ele>2145.0</ele></trkpt><trkpt lat="36.10708" lon="-118.12225000000001"><ele>2146.8085563573986</ele></trkpt><trkpt lat="36.10711" lon="-118.12234999999998"><ele>2147.539057729766</ele></trkpt><trkpt lat="36.10712" lon="-118.12266999999997"><ele>2149.115891667083</ele></trkpt><trkpt lat="36.10729" lon="-118.12308999999999"><ele>2151.0</ele></trkpt><trkpt lat="36.10738" lon="-118.12317999999999"><ele>2151.3956058717386</ele></trkpt><trkpt lat="36.10752" lon="-118.12326000000002"><ele>2151.6675174035245</ele></trkpt><trkpt lat="36.10767" lon="-118.1234"><ele>2152.0</ele></trkpt><trkpt lat="36.1081" lon="-118.12344999999999"><ele>2153.735235556029</ele></trkpt><trkpt lat="36.10836" lon="-118.12337000000002"><ele>2154.8196367193013</ele></trkpt><trkpt lat="36.10836" lon="-118.12337000000002"><ele>2154.8196367193013</ele></trkpt><trkpt lat="36.10849" lon="-118.12349"><ele>2149.0</ele></trkpt><trkpt lat="36.10857" lon="-118.12365"><ele>2146.0</ele></trkpt><trkpt lat="36.10867" lon="-118.12374"><ele>2146.0</ele></trkpt><trkpt lat="36.10876" lon="-118.12373000000002"><ele>2146.0</ele></trkpt><trkpt lat="36.10912" lon="-118.12351999999998"><ele>2152.0</ele></trkpt><trkpt lat="36.10932" lon="-118.12349"><ele>2157.0</ele></trkpt><trkpt lat="36.10945" lon="-118.12353999999999"><ele>2160.5202010888606</ele></trkpt><trkpt lat="36.10955" lon="-118.12362999999999"><ele>2163.0</ele></trkpt><trkpt lat="36.10967" lon="-118.12362999999999"><ele>2166.0</ele></trkpt><trkpt lat="36.10967" lon="-118.12362999999999"><ele>2166.0</ele></trkpt><trkpt lat="36.10967" lon="-118.12362999999999"><ele>2166.0</ele></trkpt><trkpt lat="36.1097" lon="-118.12369000000001"><ele>2165.5504248882644</ele></trkpt><trkpt lat="36.11" lon="-118.12374"><ele>2168.0</ele></trkpt><trkpt lat="36.11025" lon="-118.12353000000002"><ele>2170.0</ele></trkpt><trkpt lat="36.11047" lon="-118.12382000000002"><ele>2174.0</ele></trkpt><trkpt lat="36.11065" lon="-118.12412"><ele>2174.0</ele></trkpt><trkpt lat="36.11075" lon="-118.12423999999999"><ele>2174.0</ele></trkpt><trkpt lat="36.11083" lon="-118.12427000000002"><ele>2174.0</ele></trkpt><trkpt lat="36.11101" lon="-118.12423000000001"><ele>2176.0</ele></trkpt><trkpt lat="36.11146" lon="-118.12403"><ele>2181.0</ele></trkpt><trkpt lat="36.11227" lon="-118.12376999999998"><ele>2188.0</ele></trkpt><trkpt lat="36.11232" lon="-118.12378999999999"><ele>2189.0794874206185</ele></trkpt><trkpt lat="36.11239" lon="-118.12396000000001"><ele>2189.1137740727772</ele></trkpt><trkpt lat="36.11265" lon="-118.12414999999999"><ele>2189.216052054897</ele></trkpt><trkpt lat="36.11284" lon="-118.12414999999999"><ele>2190.0359318098053</ele></trkpt><trkpt lat="36.11295" lon="-118.12392999999997"><ele>2194.0</ele></trkpt><trkpt lat="36.11302" lon="-118.12392"><ele>2194.9092109511585</ele></trkpt><trkpt lat="36.11312" lon="-118.12398999999999"><ele>2194.6682297335788</ele></trkpt><trkpt lat="36.11315" lon="-118.12421999999998"><ele>2194.994044820683</ele></trkpt><trkpt lat="36.11339" lon="-118.12443000000002"><ele>2196.753754976605</ele></trkpt><trkpt lat="36.1134" lon="-118.12453"><ele>2197.631482479247</ele></trkpt><trkpt lat="36.11335" lon="-118.12468999999999"><ele>2195.0</ele></trkpt><trkpt lat="36.11336" lon="-118.12482"><ele>2194.0745898000896</ele></trkpt><trkpt lat="36.11346" lon="-118.12493"><ele>2195.0</ele></trkpt><trkpt lat="36.11369" lon="-118.125"><ele>2195.5</ele></trkpt><trkpt lat="36.11369" lon="-118.125"><ele>2195.5</ele></trkpt><trkpt lat="36.11376" lon="-118.12495000000001"><ele>2196.830168887973</ele></trkpt><trkpt lat="36.1138" lon="-118.125"><ele>2196.457372283563</ele></trkpt><trkpt lat="36.1138" lon="-118.125"><ele>2196.457372283563</ele></trkpt><trkpt lat="36.1139" lon="-118.12520999999998"><ele>2197.0</ele></trkpt><trkpt lat="36.11393" lon="-118.12543"><ele>2196.440678596246</ele></trkpt><trkpt lat="36.11415" lon="-118.12563"><ele>2199.0</ele></trkpt><trkpt lat="36.11422" lon="-118.12576000000001"><ele>2198.712051801757</ele></trkpt><trkpt lat="36.11443" lon="-118.12594999999999"><ele>2201.0</ele></trkpt><trkpt lat="36.11462" lon="-118.12598000000003"><ele>2204.0</ele></trkpt><trkpt lat="36.11487" lon="-118.12616000000003"><ele>2204.543262204149</ele></trkpt><trkpt lat="36.11501" lon="-118.12617999999998"><ele>2207.0</ele></trkpt><trkpt lat="36.11502" lon="-118.12625000000003"><ele>2206.8376493845135</ele></trkpt><trkpt lat="36.11499" lon="-118.12633"><ele>2206.0</ele></trkpt><trkpt lat="36.11481" lon="-118.12655999999998"><ele>2203.0</ele></trkpt><trkpt lat="36.11471" lon="-118.12684999999999"><ele>2201.6833248867015</ele></trkpt><trkpt lat="36.11472" lon="-118.12702000000002"><ele>2202.530922492966</ele></trkpt><trkpt lat="36.11478" lon="-118.12720999999999"><ele>2204.0</ele></trkpt><trkpt lat="36.11499" lon="-118.12738000000002"><ele>2206.628466139336</ele></trkpt><trkpt lat="36.11526" lon="-118.12743"><ele>2209.0</ele></trkpt><trkpt lat="36.11544" lon="-118.12738999999999"><ele>2211.0079221201586</ele></trkpt><trkpt lat="36.11557" lon="-118.12743999999998"><ele>2212.0</ele></trkpt><trkpt lat="36.11566" lon="-118.12756000000002"><ele>2212.9528980215287</ele></trkpt><trkpt lat="36.11576" lon="-118.12760000000003"><ele>2213.0</ele></trkpt><trkpt lat="36.11574" lon="-118.12799000000001"><ele>2217.0</ele></trkpt><trkpt lat="36.11575" lon="-118.12805000000003"><ele>2217.0</ele></trkpt><trkpt lat="36.11588" lon="-118.12817999999999"><ele>2219.450632909313</ele></trkpt><trkpt lat="36.11605" lon="-118.12819000000002"><ele>2222.0</ele></trkpt><trkpt lat="36.11629" lon="-118.12828000000002"><ele>2226.0</ele></trkpt><trkpt lat="36.11664" lon="-118.1286"><ele>2231.0</ele></trkpt><trkpt lat="36.11678" lon="-118.12860999999998"><ele>2232.0</ele></trkpt><trkpt lat="36.11695" lon="-118.12869999999998"><ele>2233.012094596341</ele></trkpt><trkpt lat="36.11746" lon="-118.12878"><ele>2237.3392319991253</ele></trkpt><trkpt lat="36.1177" lon="-118.12869"><ele>2238.0</ele></trkpt><trkpt lat="36.11781" lon="-118.12894"><ele>2236.7003065095573</ele></trkpt><trkpt lat="36.1179" lon="-118.12900000000002"><ele>2237.9868378410993</ele></trkpt><trkpt lat="36.11787" lon="-118.12905"><ele>2237.4364300738785</ele></trkpt><trkpt lat="36.11778" lon="-118.1291"><ele>2236.6005426059</ele></trkpt><trkpt lat="36.11777" lon="-118.12916000000001"><ele>2236.305982871184</ele></trkpt><trkpt lat="36.11788" lon="-118.12934999999999"><ele>2236.0</ele></trkpt><trkpt lat="36.11813" lon="-118.12964"><ele>2235.448657981242</ele></trkpt><trkpt lat="36.11826" lon="-118.12970000000001"><ele>2236.3501878994034</ele></trkpt><trkpt lat="36.1184" lon="-118.12970999999999"><ele>2237.9996779745484</ele></trkpt><trkpt lat="36.11859" lon="-118.12970999999999"><ele>2239.9980906671844</ele></trkpt><trkpt lat="36.11868" lon="-118.12968000000001"><ele>2239.396191999316</ele></trkpt><trkpt lat="36.11878" lon="-118.12979000000001"><ele>2240.820546682435</ele></trkpt><trkpt lat="36.11886" lon="-118.12977999999998"><ele>2241.0</ele></trkpt><trkpt lat="36.11893" lon="-118.12982999999997"><ele>2242.0</ele></trkpt><trkpt lat="36.119" lon="-118.12991999999997"><ele>2241.5634865330876</ele></trkpt><trkpt lat="36.11914" lon="-118.13003000000003"><ele>2242.5639046985425</ele></trkpt><trkpt lat="36.11919" lon="-118.13009999999997"><ele>2242.0</ele></trkpt><trkpt lat="36.1193" lon="-118.13017000000002"><ele>2242.0</ele></trkpt><trkpt lat="36.11944" lon="-118.1302"><ele>2242.162435555365</ele></trkpt><trkpt lat="36.11972" lon="-118.13013000000001"><ele>2245.0</ele></trkpt><trkpt lat="36.11987" lon="-118.13022999999998"><ele>2245.914903293934</ele></trkpt><trkpt lat="36.12008" lon="-118.13029"><ele>2248.9921732959365</ele></trkpt><trkpt lat="36.12013" lon="-118.13033999999999"><ele>2248.4076917173497</ele></trkpt><trkpt lat="36.12013" lon="-118.13033999999999"><ele>2248.4076917173497</ele></trkpt><trkpt lat="36.12029" lon="-118.13040999999998"><ele>2249.3268572823363</ele></trkpt><trkpt lat="36.1205" lon="-118.13056"><ele>2249.9910832183637</ele></trkpt><trkpt lat="36.12058" lon="-118.13058999999998"><ele>2250.0</ele></trkpt><trkpt lat="36.12087" lon="-118.13083"><ele>2250.8679493449945</ele></trkpt><trkpt lat="36.1211" lon="-118.13085999999998"><ele>2248.7626142703184</ele></trkpt><trkpt lat="36.12129" lon="-118.13099999999997"><ele>2250.3753521592125</ele></trkpt><trkpt lat="36.12158" lon="-118.1311"><ele>2252.6687640146656</ele></trkpt><trkpt lat="36.12186" lon="-118.13139000000001"><ele>2256.316256784263</ele></trkpt><trkpt lat="36.12193" lon="-118.13143000000002"><ele>2256.9181536463525</ele></trkpt><trkpt lat="36.12215" lon="-118.13144"><ele>2260.4870824901263</ele></trkpt><trkpt lat="36.1223" lon="-118.13152000000002"><ele>2263.0</ele></trkpt><trkpt lat="36.12249" lon="-118.13168000000002"><ele>2266.8350268080994</ele></trkpt><trkpt lat="36.1226" lon="-118.13171999999997"><ele>2269.421709821342</ele></trkpt><trkpt lat="36.12267" lon="-118.13177999999999"><ele>2270.5669469372137</ele></trkpt><trkpt lat="36.12283" lon="-118.13197000000002"><ele>2273.0</ele></trkpt><trkpt lat="36.12287" lon="-118.13206000000002"><ele>2273.720505684614</ele></trkpt><trkpt lat="36.12298" lon="-118.13213999999999"><ele>2275.0</ele></trkpt><trkpt lat="36.12321" lon="-118.13211000000001"><ele>2278.33683719486</ele></trkpt><trkpt lat="36.12366" lon="-118.13218"><ele>2284.2997595369816</ele></trkpt><trkpt lat="36.12373" lon="-118.13225"><ele>2286.338449722156</ele></trkpt><trkpt lat="36.1238" lon="-118.13238999999999"><ele>2286.440075819095</ele></trkpt><trkpt lat="36.12401" lon="-118.13245"><ele>2290.0</ele></trkpt><trkpt lat="36.12413" lon="-118.13254"><ele>2290.4812161335176</ele></trkpt><trkpt lat="36.12426" lon="-118.13270999999997"><ele>2289.172398382023</ele></trkpt><trkpt lat="36.12533" lon="-118.13333"><ele>2291.6523501239717</ele></trkpt><trkpt lat="36.1257" lon="-118.13333"><ele>2296.0</ele></trkpt><trkpt lat="36.12587" lon="-118.13342"><ele>2296.0</ele></trkpt><trkpt lat="36.12604" lon="-118.13339000000002"><ele>2297.5023395568132</ele></trkpt><trkpt lat="36.12614" lon="-118.13355000000001"><ele>2298.01591260024</ele></trkpt><trkpt lat="36.12623" lon="-118.13385"><ele>2297.0</ele></trkpt><trkpt lat="36.12629" lon="-118.13391000000001"><ele>2297.0</ele></trkpt><trkpt lat="36.12659" lon="-118.13389999999998"><ele>2299.0</ele></trkpt><trkpt lat="36.12693" lon="-118.13395000000003"><ele>2302.9872602144183</ele></trkpt><trkpt lat="36.12718" lon="-118.13386000000003"><ele>2305.753457343095</ele></trkpt><trkpt lat="36.12757" lon="-118.13382000000001"><ele>2310.0</ele></trkpt><trkpt lat="36.12768" lon="-118.13378"><ele>2312.4862023725836</ele></trkpt><trkpt lat="36.12774" lon="-118.13371999999998"><ele>2314.738837633561</ele></trkpt><trkpt lat="36.12784" lon="-118.13376"><ele>2316.2544106668793</ele></trkpt><trkpt lat="36.12815" lon="-118.13371999999998"><ele>2321.0</ele></trkpt><trkpt lat="36.12831" lon="-118.13364999999999"><ele>2322.3807822223753</ele></trkpt><trkpt lat="36.12836" lon="-118.13366000000002"><ele>2323.0</ele></trkpt><trkpt lat="36.12856" lon="-118.13376"><ele>2327.0</ele></trkpt><trkpt lat="36.12891" lon="-118.13380999999998"><ele>2334.0</ele></trkpt><trkpt lat="36.12922" lon="-118.13367"><ele>2343.04413966841</ele></trkpt><trkpt lat="36.12944" lon="-118.13373000000001"><ele>2345.9278290531392</ele></trkpt><trkpt lat="36.1296" lon="-118.13389999999998"><ele>2351.0</ele></trkpt><trkpt lat="36.12971" lon="-118.13393000000002"><ele>2353.3712786044925</ele></trkpt><trkpt lat="36.12999" lon="-118.13414999999998"><ele>2357.6063994620927</ele></trkpt><trkpt lat="36.13032" lon="-118.13434999999998"><ele>2360.7584177786484</ele></trkpt><trkpt lat="36.13056" lon="-118.13441"><ele>2366.4165402539074</ele></trkpt><trkpt lat="36.13091" lon="-118.13441999999998"><ele>2375.807383586249</ele></trkpt><trkpt lat="36.13099" lon="-118.13454000000002"><ele>2379.0</ele></trkpt><trkpt lat="36.13128" lon="-118.13482999999997"><ele>2381.976271497631</ele></trkpt><trkpt lat="36.1314" lon="-118.13490999999999"><ele>2382.0</ele></trkpt><trkpt lat="36.13161" lon="-118.13515000000001"><ele>2384.0025968179107</ele></trkpt><trkpt lat="36.13174" lon="-118.13526000000002"><ele>2385.0</ele></trkpt><trkpt lat="36.13203" lon="-118.13544000000002"><ele>2388.0</ele></trkpt><trkpt lat="36.1324" lon="-118.13572999999997"><ele>2392.0</ele></trkpt><trkpt lat="36.1329" lon="-118.13594999999998"><ele>2397.0</ele></trkpt><trkpt lat="36.13362" lon="-118.13646"><ele>2405.0</ele></trkpt><trkpt lat="36.13377" lon="-118.13644999999997"><ele>2406.0</ele></trkpt><trkpt lat="36.1338" lon="-118.13659000000001"><ele>2406.7690335623743</ele></trkpt><trkpt lat="36.1338700189843" lon="-118.13663667932286"><ele>2407.078626499964</ele></trkpt><trkpt lat="36.13415008763562" lon="-118.13685448694991"><ele>2410.0</ele></trkpt><trkpt lat="36.13462" lon="-118.13716999999997"><ele>2413.2314849435425</ele></trkpt><trkpt lat="36.13483" lon="-118.13727"><ele>2415.0</ele></trkpt><trkpt lat="36.13511" lon="-118.13746000000003"><ele>2416.0</ele></trkpt><trkpt lat="36.13526" lon="-118.13747999999998"><ele>2417.0</ele></trkpt><trkpt lat="36.13584" lon="-118.13803999999999"><ele>2425.0</ele></trkpt><trkpt lat="36.13626" lon="-118.13821999999999"><ele>2427.0</ele></trkpt><trkpt lat="36.1365" lon="-118.13844"><ele>2430.0</ele></trkpt><trkpt lat="36.13671" lon="-118.13859000000002"><ele>2431.0</ele></trkpt><trkpt lat="36.13696" lon="-118.13866999999999"><ele>2432.0</ele></trkpt><trkpt lat="36.13746" lon="-118.13905999999997"><ele>2437.0</ele></trkpt><trkpt lat="36.13748" lon="-118.13918999999999"><ele>2438.8019306664355</ele></trkpt><trkpt lat="36.13752" lon="-118.13923999999997"><ele>2439.1587147941536</ele></trkpt><trkpt lat="36.13772" lon="-118.13923999999997"><ele>2440.0</ele></trkpt><trkpt lat="36.13787" lon="-118.13941999999997"><ele>2442.0</ele></trkpt><trkpt lat="36.13787" lon="-118.13941999999997"><ele>2442.0</ele></trkpt><trkpt lat="36.13801" lon="-118.13943999999998"><ele>2442.0</ele></trkpt><trkpt lat="36.13829" lon="-118.13956000000002"><ele>2444.0</ele></trkpt><trkpt lat="36.13838" lon="-118.13963000000001"><ele>2444.307416889351</ele></trkpt><trkpt lat="36.13855" lon="-118.13965999999999"><ele>2446.0</ele></trkpt><trkpt lat="36.13869" lon="-118.13972999999999"><ele>2448.0</ele></trkpt><trkpt lat="36.13882" lon="-118.13985000000002"><ele>2450.0</ele></trkpt><trkpt lat="36.13911775183466" lon="-118.14002559723582"><ele>2453.0</ele></trkpt><trkpt lat="36.13911775183466" lon="-118.14002559723582"><ele>2453.0</ele></trkpt><trkpt lat="36.13921" lon="-118.14008000000001"><ele>2454.0</ele></trkpt><trkpt lat="36.13955" lon="-118.14038"><ele>2458.0</ele></trkpt><trkpt lat="36.13968" lon="-118.14057000000003"><ele>2456.3232238553464</ele></trkpt><trkpt lat="36.13976" lon="-118.14062000000001"><ele>2455.0</ele></trkpt><trkpt lat="36.13989" lon="-118.14074"><ele>2453.2046690285206</ele></trkpt><trkpt lat="36.14015" lon="-118.14114999999998"><ele>2449.3162389058257</ele></trkpt><trkpt lat="36.14024" lon="-118.14120000000003"><ele>2448.0</ele></trkpt><trkpt lat="36.14037" lon="-118.14138000000003"><ele>2446.5726468895123</ele></trkpt><trkpt lat="36.1408" lon="-118.14188000000001"><ele>2441.0</ele></trkpt><trkpt lat="36.14106" lon="-118.14206999999999"><ele>2440.0</ele></trkpt><trkpt lat="36.14176" lon="-118.14288999999997"><ele>2434.0</ele></trkpt><trkpt lat="36.14191" lon="-118.14300000000003"><ele>2433.0</ele></trkpt><trkpt lat="36.14235" lon="-118.14319"><ele>2430.0</ele></trkpt><trkpt lat="36.14246" lon="-118.14328"><ele>2430.0</ele></trkpt><trkpt lat="36.14284" lon="-118.14350000000002"><ele>2429.0</ele></trkpt><trkpt lat="36.14294" lon="-118.14357999999999"><ele>2428.0</ele></trkpt><trkpt lat="36.14326" lon="-118.14375000000001"><ele>2427.0</ele></trkpt><trkpt lat="36.14337" lon="-118.14391999999998"><ele>2426.0</ele></trkpt><trkpt lat="36.14362" lon="-118.14408000000003"><ele>2426.0</ele></trkpt><trkpt lat="36.14447" lon="-118.14477999999997"><ele>2421.0</ele></trkpt><trkpt lat="36.14479" lon="-118.14489000000003"><ele>2420.0</ele></trkpt><trkpt lat="36.14494" lon="-118.14499999999998"><ele>2420.0</ele></trkpt><trkpt lat="36.14534" lon="-118.14516000000003"><ele>2419.0</ele></trkpt><trkpt lat="36.14553" lon="-118.14513999999997"><ele>2419.0</ele></trkpt><trkpt lat="36.14688" lon="-118.14525000000003"><ele>2417.0</ele></trkpt><trkpt lat="36.14769" lon="-118.14555999999999"><ele>2416.0</ele></trkpt><trkpt lat="36.14789" lon="-118.14558999999997"><ele>2417.0</ele></trkpt><trkpt lat="36.14827" lon="-118.14578"><ele>2416.0</ele></trkpt><trkpt lat="36.14878" lon="-118.14609999999999"><ele>2413.168728888966</ele></trkpt><trkpt lat="36.14955" lon="-118.14639"><ele>2414.0</ele></trkpt><trkpt lat="36.1503" lon="-118.14697000000001"><ele>2414.8382563142723</ele></trkpt><trkpt lat="36.1503" lon="-118.14697000000001"><ele>2414.8382563142723</ele></trkpt><trkpt lat="36.15137" lon="-118.14753000000002"><ele>2416.0</ele></trkpt><trkpt lat="36.15137" lon="-118.14753000000002"><ele>2416.0</ele></trkpt><trkpt lat="36.15137" lon="-118.14753000000002"><ele>2416.0</ele></trkpt><trkpt lat="36.15178" lon="-118.14738999999997"><ele>2418.0</ele></trkpt><trkpt lat="36.15226" lon="-118.14715000000001"><ele>2417.0</ele></trkpt><trkpt lat="36.152510297397065" lon="-118.14714626421795"><ele>2416.0</ele></trkpt><trkpt lat="36.15252302362184" lon="-118.1471460742743"><ele>2416.0</ele></trkpt><trkpt lat="36.15293" lon="-118.14713999999998"><ele>2414.891411797754</ele></trkpt><trkpt lat="36.15296992391875" lon="-118.14714887140138"><ele>2414.287778729573</ele></trkpt><trkpt lat="36.15296992391875" lon="-118.14714887140138"><ele>2414.287778729573</ele></trkpt><trkpt lat="36.15299555115733" lon="-118.14715456638976"><ele>2414.02237303555</ele></trkpt><trkpt lat="36.15300824909575" lon="-118.14715738817688"><ele>2414.0</ele></trkpt><trkpt lat="36.15329" lon="-118.14722"><ele>2415.9729457772337</ele></trkpt><trkpt lat="36.15346" lon="-118.14719000000002"><ele>2416.3710471093655</ele></trkpt><trkpt lat="36.15361" lon="-118.14726999999999"><ele>2416.0</ele></trkpt><trkpt lat="36.15385" lon="-118.14729"><ele>2417.0</ele></trkpt><trkpt lat="36.15396" lon="-118.1472"><ele>2417.9050133335404</ele></trkpt><trkpt lat="36.15408" lon="-118.14722999999998"><ele>2417.0</ele></trkpt><trkpt lat="36.1544" lon="-118.14722999999998"><ele>2417.897274957861</ele></trkpt><trkpt lat="36.15457" lon="-118.14715999999999"><ele>2418.773864152623</ele></trkpt><trkpt lat="36.15482" lon="-118.14720999999997"><ele>2420.0</ele></trkpt><trkpt lat="36.15494" lon="-118.14710000000002"><ele>2419.5653511104174</ele></trkpt><trkpt lat="36.1551" lon="-118.14717999999999"><ele>2420.0</ele></trkpt><trkpt lat="36.15536" lon="-118.14711999999997"><ele>2421.0</ele></trkpt><trkpt lat="36.15542" lon="-118.14713"><ele>2420.932352726203</ele></trkpt><trkpt lat="36.15562" lon="-118.14702999999997"><ele>2421.3103205511575</ele></trkpt><trkpt lat="36.15562" lon="-118.14702999999997"><ele>2421.3103205511575</ele></trkpt><trkpt lat="36.1558" lon="-118.14697000000001"><ele>2421.0</ele></trkpt><trkpt lat="36.1558" lon="-118.14697000000001"><ele>2421.0</ele></trkpt><trkpt lat="36.15591" lon="-118.14697000000001"><ele>2421.623790221289</ele></trkpt><trkpt lat="36.15591" lon="-118.14697000000001"><ele>2421.623790221289</ele></trkpt><trkpt lat="36.15598" lon="-118.14697000000001"><ele>2421.623790221289</ele></trkpt><trkpt lat="36.15598" lon="-118.14697000000001"><ele>2421.623790221289</ele></trkpt><trkpt lat="36.15609" lon="-118.14693999999997"><ele>2422.005405740552</ele></trkpt><trkpt lat="36.1563" lon="-118.14679000000001"><ele>2423.0</ele></trkpt><trkpt lat="36.15635" lon="-118.14670999999998"><ele>2423.0</ele></trkpt><trkpt lat="36.15638" lon="-118.14657"><ele>2423.2651413329877</ele></trkpt><trkpt lat="36.15658" lon="-118.14652999999998"><ele>2423.004610310895</ele></trkpt><trkpt lat="36.15668" lon="-118.14652999999998"><ele>2424.0</ele></trkpt><trkpt lat="36.15685" lon="-118.14641"><ele>2424.721681777388</ele></trkpt><trkpt lat="36.15692" lon="-118.14630999999997"><ele>2424.252294923666</ele></trkpt><trkpt lat="36.15692" lon="-118.14630999999997"><ele>2424.252294923666</ele></trkpt><trkpt lat="36.15692" lon="-118.14630999999997"><ele>2424.252294923666</ele></trkpt><trkpt lat="36.15702" lon="-118.14633000000003"><ele>2426.6878087224945</ele></trkpt><trkpt lat="36.15716" lon="-118.14629000000002"><ele>2427.6661307310824</ele></trkpt><trkpt lat="36.15736" lon="-118.14643000000001"><ele>2429.0</ele></trkpt><trkpt lat="36.1576" lon="-118.14647000000002"><ele>2430.0</ele></trkpt><trkpt lat="36.15774" lon="-118.14645000000002"><ele>2430.8575466661714</ele></trkpt><trkpt lat="36.15794" lon="-118.14630999999997"><ele>2431.382019557059</ele></trkpt><trkpt lat="36.15803" lon="-118.14612999999997"><ele>2434.0</ele></trkpt><trkpt lat="36.15814" lon="-118.14602000000002"><ele>2433.9918230533985</ele></trkpt><trkpt lat="36.15824" lon="-118.14584000000002"><ele>2435.0424178296553</ele></trkpt><trkpt lat="36.15836" lon="-118.14573000000001"><ele>2437.0</ele></trkpt><trkpt lat="36.15841" lon="-118.1456"><ele>2436.3359401635826</ele></trkpt><trkpt lat="36.15844" lon="-118.14557000000002"><ele>2436.9205452366846</ele></trkpt><trkpt lat="36.15853" lon="-118.14557000000002"><ele>2437.9461714946083</ele></trkpt><trkpt lat="36.15869" lon="-118.14564000000001"><ele>2438.6062826663256</ele></trkpt><trkpt lat="36.1588" lon="-118.14561000000003"><ele>2440.0</ele></trkpt><trkpt lat="36.15897" lon="-118.14549999999997"><ele>2441.0</ele></trkpt><trkpt lat="36.15905" lon="-118.1454"><ele>2441.0</ele></trkpt><trkpt lat="36.15913" lon="-118.14526000000001"><ele>2442.386079301604</ele></trkpt><trkpt lat="36.15984" lon="-118.14432999999997"><ele>2444.6567075569183</ele></trkpt><trkpt lat="36.15996" lon="-118.14414"><ele>2444.0</ele></trkpt><trkpt lat="36.15998" lon="-118.144"><ele>2445.0</ele></trkpt><trkpt lat="36.16006" lon="-118.14381000000003"><ele>2447.0</ele></trkpt><trkpt lat="36.16009" lon="-118.14384999999999"><ele>2447.6365624964237</ele></trkpt><trkpt lat="36.1601" lon="-118.144"><ele>2448.007658289435</ele></trkpt><trkpt lat="36.16017" lon="-118.14414"><ele>2448.0</ele></trkpt><trkpt lat="36.16028" lon="-118.14445999999998"><ele>2449.59826844465</ele></trkpt><trkpt lat="36.16034" lon="-118.14454999999998"><ele>2448.444001380932</ele></trkpt><trkpt lat="36.16041" lon="-118.14458000000002"><ele>2449.0</ele></trkpt><trkpt lat="36.16054" lon="-118.14458000000002"><ele>2448.0022766877883</ele></trkpt><trkpt lat="36.16069" lon="-118.14444000000003"><ele>2450.5303359981626</ele></trkpt><trkpt lat="36.16078" lon="-118.14441999999997"><ele>2451.4624035567977</ele></trkpt><trkpt lat="36.16089" lon="-118.14432999999997"><ele>2453.0</ele></trkpt><trkpt lat="36.16108" lon="-118.14432"><ele>2456.0</ele></trkpt><trkpt lat="36.16117" lon="-118.14429000000001"><ele>2455.5208426658064</ele></trkpt><trkpt lat="36.16122" lon="-118.14429999999999"><ele>2456.9180926871486</ele></trkpt><trkpt lat="36.16135" lon="-118.14444000000003"><ele>2456.5303359981626</ele></trkpt><trkpt lat="36.16162" lon="-118.14441"><ele>2459.9966089306927</ele></trkpt><trkpt lat="36.1619" lon="-118.14445999999998"><ele>2463.0689296302044</ele></trkpt><trkpt lat="36.16256" lon="-118.14445999999998"><ele>2470.59826844465</ele></trkpt><trkpt lat="36.16283" lon="-118.14441999999997"><ele>2473.4624035567977</ele></trkpt><trkpt lat="36.16313" lon="-118.14444000000003"><ele>2475.5303359981626</ele></trkpt><trkpt lat="36.16366" lon="-118.14429999999999"><ele>2482.725923460585</ele></trkpt><trkpt lat="36.16396" lon="-118.14435000000003"><ele>2485.7246399982832</ele></trkpt><trkpt lat="36.164" lon="-118.14432999999997"><ele>2486.6567075569183</ele></trkpt><trkpt lat="36.16407" lon="-118.14420000000001"><ele>2487.2698478361735</ele></trkpt><trkpt lat="36.1641" lon="-118.14418999999998"><ele>2488.019765119307</ele></trkpt><trkpt lat="36.16419" lon="-118.14423"><ele>2489.0</ele></trkpt><trkpt lat="36.16426" lon="-118.14422000000002"><ele>2489.783079110086</ele></trkpt><trkpt lat="36.16449" lon="-118.14408000000003"><ele>2493.0</ele></trkpt><trkpt lat="36.16464" lon="-118.14404000000002"><ele>2494.4043267205125</ele></trkpt><trkpt lat="36.16496" lon="-118.14422000000002"><ele>2497.5897526907243</ele></trkpt><trkpt lat="36.16512" lon="-118.14420999999999"><ele>2500.0</ele></trkpt><trkpt lat="36.16514" lon="-118.14411000000001"><ele>2501.0</ele></trkpt><trkpt lat="36.16524" lon="-118.14382999999998"><ele>2503.0</ele></trkpt><trkpt lat="36.1654" lon="-118.14360999999997"><ele>2501.8796185830283</ele></trkpt><trkpt lat="36.16548" lon="-118.14342999999997"><ele>2502.6915236302457</ele></trkpt><trkpt lat="36.16564" lon="-118.14323999999999"><ele>2503.4543893332593</ele></trkpt><trkpt lat="36.16563" lon="-118.14303999999998"><ele>2503.9033543602645</ele></trkpt><trkpt lat="36.16579" lon="-118.14285000000001"><ele>2506.2103864940673</ele></trkpt><trkpt lat="36.16584" lon="-118.14270999999997"><ele>2507.4477742817253</ele></trkpt><trkpt lat="36.16582" lon="-118.14263"><ele>2507.6490547903795</ele></trkpt><trkpt lat="36.16585" lon="-118.14258000000001"><ele>2508.185086343416</ele></trkpt><trkpt lat="36.16592" lon="-118.14258000000001"><ele>2508.2126186657697</ele></trkpt><trkpt lat="36.16625" lon="-118.14242000000002"><ele>2509.9271536173496</ele></trkpt><trkpt lat="36.16637" lon="-118.14227"><ele>2512.0</ele></trkpt><trkpt lat="36.16658" lon="-118.14216999999996"><ele>2514.816335134768</ele></trkpt><trkpt lat="36.16677" lon="-118.14213000000001"><ele>2516.1841386663727</ele></trkpt><trkpt lat="36.16693" lon="-118.14219000000003"><ele>2517.0</ele></trkpt><trkpt lat="36.16724" lon="-118.14216999999996"><ele>2519.0</ele></trkpt><trkpt lat="36.16779" lon="-118.14183000000003"><ele>2524.1005637873072</ele></trkpt><trkpt lat="36.16782" lon="-118.14175"><ele>2523.9091639276144</ele></trkpt><trkpt lat="36.16782" lon="-118.14157999999998"><ele>2526.0</ele></trkpt><trkpt lat="36.16791" lon="-118.14087"><ele>2532.8611420925354</ele></trkpt><trkpt lat="36.16797" lon="-118.14067999999997"><ele>2533.8767441286627</ele></trkpt><trkpt lat="36.16797" lon="-118.14044999999999"><ele>2536.755592504551</ele></trkpt><trkpt lat="36.16813" lon="-118.14015"><ele>2539.1156124893805</ele></trkpt><trkpt lat="36.16827" lon="-118.14013999999997"><ele>2536.9376348931587</ele></trkpt><trkpt lat="36.16847" lon="-118.13988"><ele>2540.041738666594</ele></trkpt><trkpt lat="36.16884" lon="-118.13956000000002"><ele>2541.252758916724</ele></trkpt><trkpt lat="36.16891" lon="-118.13945999999999"><ele>2542.7012473868435</ele></trkpt><trkpt lat="36.16909" lon="-118.13940000000002"><ele>2542.4113599983975</ele></trkpt><trkpt lat="36.16936" lon="-118.13923999999997"><ele>2543.8679004455917</ele></trkpt><trkpt lat="36.16959" lon="-118.13916"><ele>2544.0</ele></trkpt><trkpt lat="36.16993" lon="-118.13884999999999"><ele>2546.0146897435043</ele></trkpt><trkpt lat="36.17026" lon="-118.13860999999997"><ele>2549.228028445039</ele></trkpt><trkpt lat="36.17047" lon="-118.13851999999997"><ele>2550.0</ele></trkpt><trkpt lat="36.17078" lon="-118.13819999999998"><ele>2553.0</ele></trkpt><trkpt lat="36.17083" lon="-118.13806"><ele>2552.0</ele></trkpt><trkpt lat="36.17068" lon="-118.13754"><ele>2548.0</ele></trkpt><trkpt lat="36.17053" lon="-118.13731999999999"><ele>2547.653614222072</ele></trkpt><trkpt lat="36.17019" lon="-118.13628"><ele>2540.186101333238</ele></trkpt><trkpt lat="36.17008" lon="-118.13612999999998"><ele>2539.19559466606</ele></trkpt><trkpt lat="36.16998" lon="-118.1361"><ele>2540.7974933334626</ele></trkpt><trkpt lat="36.16995" lon="-118.13603"><ele>2538.6213777280686</ele></trkpt><trkpt lat="36.16978" lon="-118.13583"><ele>2536.214581333101</ele></trkpt><trkpt lat="36.16963" lon="-118.13571999999999"><ele>2535.6888471840307</ele></trkpt><trkpt lat="36.16964" lon="-118.13569999999999"><ele>2534.237593639642</ele></trkpt><trkpt lat="36.16974" lon="-118.13569999999999"><ele>2533.0</ele></trkpt><trkpt lat="36.16979" lon="-118.13571999999999"><ele>2532.47301830651</ele></trkpt><trkpt lat="36.17002" lon="-118.13590999999997"><ele>2532.95109431158</ele></trkpt><trkpt lat="36.17038" lon="-118.13598999999999"><ele>2528.79001426291</ele></trkpt><trkpt lat="36.17135" lon="-118.13635"><ele>2516.0</ele></trkpt><trkpt lat="36.17154" lon="-118.13637"><ele>2514.380405333359</ele></trkpt><trkpt lat="36.1717" lon="-118.13635999999997"><ele>2513.914371554274</ele></trkpt><trkpt lat="36.172" lon="-118.13623000000001"><ele>2510.0</ele></trkpt><trkpt lat="36.17208" lon="-118.13623000000001"><ele>2509.0</ele></trkpt><trkpt lat="36.17219" lon="-118.13630999999998"><ele>2507.507753632448</ele></trkpt><trkpt lat="36.17224" lon="-118.13626999999997"><ele>2505.0</ele></trkpt><trkpt lat="36.17229" lon="-118.13626999999997"><ele>2504.0</ele></trkpt><trkpt lat="36.17246" lon="-118.13659999999999"><ele>2500.0991822220385</ele></trkpt><trkpt lat="36.17277" lon="-118.13675"><ele>2498.4400550632204</ele></trkpt><trkpt lat="36.17293" lon="-118.13674000000003"><ele>2496.0921806959523</ele></trkpt><trkpt lat="36.17302" lon="-118.13683000000003"><ele>2496.7786495776168</ele></trkpt><trkpt lat="36.17307" lon="-118.13680999999997"><ele>2494.8933482620173</ele></trkpt><trkpt lat="36.1731" lon="-118.13670000000002"><ele>2494.0</ele></trkpt><trkpt lat="36.17328" lon="-118.13653"><ele>2491.048851637807</ele></trkpt><trkpt lat="36.17336" lon="-118.13639999999998"><ele>2490.9284435105146</ele></trkpt><trkpt lat="36.17336" lon="-118.13639999999998"><ele>2490.9284435105146</ele></trkpt><trkpt lat="36.173632400394254" lon="-118.13614410872054"><ele>2486.853108700365</ele></trkpt><trkpt lat="36.173632400394254" lon="-118.13614410872054"><ele>2486.853108700365</ele></trkpt><trkpt lat="36.17369" lon="-118.13608999999997"><ele>2485.8185419016563</ele></trkpt><trkpt lat="36.17413" lon="-118.13560999999999"><ele>2477.9668330896484</ele></trkpt><trkpt lat="36.17419" lon="-118.13557000000003"><ele>2477.0977031122893</ele></trkpt><trkpt lat="36.17441" lon="-118.13553999999999"><ele>2476.20712961032</ele></trkpt><trkpt lat="36.1745" lon="-118.13547"><ele>2475.4373653335497</ele></trkpt><trkpt lat="36.17479" lon="-118.13508999999999"><ele>2467.791879363164</ele></trkpt><trkpt lat="36.1752" lon="-118.13481999999999"><ele>2462.226136369817</ele></trkpt><trkpt lat="36.17531" lon="-118.13479999999998"><ele>2462.414524571747</ele></trkpt><trkpt lat="36.17538" lon="-118.13468999999998"><ele>2461.0867306655273</ele></trkpt><trkpt lat="36.17547" lon="-118.13463000000002"><ele>2460.0</ele></trkpt><trkpt lat="36.175765783622154" lon="-118.13454300653586"><ele>2457.0</ele></trkpt><trkpt lat="36.175765783622154" lon="-118.13454300653586"><ele>2457.0</ele></trkpt><trkpt lat="36.17581" lon="-118.13452999999998"><ele>2456.5527773865333</ele></trkpt><trkpt lat="36.17609" lon="-118.1343"><ele>2453.0</ele></trkpt><trkpt lat="36.17629" lon="-118.13416000000001"><ele>2452.0</ele></trkpt><trkpt lat="36.17663" lon="-118.13423999999998"><ele>2448.061648485651</ele></trkpt><trkpt lat="36.17668" lon="-118.13427000000001"><ele>2448.0</ele></trkpt><trkpt lat="36.1769" lon="-118.13481999999999"><ele>2444.9922688219226</ele></trkpt><trkpt lat="36.1769" lon="-118.13500999999997"><ele>2444.9465654766886</ele></trkpt><trkpt lat="36.17722" lon="-118.13521000000003"><ele>2442.6409407881915</ele></trkpt><trkpt lat="36.17732" lon="-118.13533999999999"><ele>2441.812493586771</ele></trkpt><trkpt lat="36.1775" lon="-118.13547"><ele>2440.305774504319</ele></trkpt><trkpt lat="36.17756" lon="-118.13554999999997"><ele>2439.16563555412</ele></trkpt><trkpt lat="36.17768" lon="-118.13557000000003"><ele>2439.0</ele></trkpt><trkpt lat="36.17773" lon="-118.13572999999997"><ele>2438.554243554361</ele></trkpt><trkpt lat="36.17796" lon="-118.13569000000001"><ele>2437.0</ele></trkpt><trkpt lat="36.17804" lon="-118.13580000000002"><ele>2436.816480000969</ele></trkpt><trkpt lat="36.17806" lon="-118.13580000000002"><ele>2437.0</ele></trkpt><trkpt lat="36.17829" lon="-118.13562999999999"><ele>2434.0</ele></trkpt><trkpt lat="36.17863" lon="-118.13551000000001"><ele>2430.301500445232</ele></trkpt><trkpt lat="36.17873" lon="-118.13542000000001"><ele>2429.107196445577</ele></trkpt><trkpt lat="36.17893" lon="-118.13530000000003"><ele>2427.0</ele></trkpt><trkpt lat="36.17923" lon="-118.13517000000002"><ele>2423.736606212728</ele></trkpt><trkpt lat="36.17944" lon="-118.13436000000002"><ele>2418.0</ele></trkpt><trkpt lat="36.17948340535248" lon="-118.13427938982932"><ele>2418.0</ele></trkpt><trkpt lat="36.17948340535248" lon="-118.13427938982932"><ele>2418.0</ele></trkpt><trkpt lat="36.17979" lon="-118.13371000000001"><ele>2418.0</ele></trkpt><trkpt lat="36.17986" lon="-118.13351999999998"><ele>2418.0</ele></trkpt><trkpt lat="36.18004" lon="-118.13324"><ele>2417.0</ele></trkpt><trkpt lat="36.18046" lon="-118.13286"><ele>2416.476358895845</ele></trkpt><trkpt lat="36.18066" lon="-118.13261999999997"><ele>2416.0</ele></trkpt><trkpt lat="36.18113" lon="-118.13240000000002"><ele>2411.8986232088023</ele></trkpt><trkpt lat="36.18147" lon="-118.13218999999998"><ele>2410.0</ele></trkpt><trkpt lat="36.18164" lon="-118.13204000000002"><ele>2409.0</ele></trkpt><trkpt lat="36.18175" lon="-118.13189"><ele>2409.0</ele></trkpt><trkpt lat="36.182" lon="-118.13173999999998"><ele>2408.6905781848627</ele></trkpt><trkpt lat="36.18223" lon="-118.13141999999999"><ele>2411.306314667221</ele></trkpt><trkpt lat="36.18232" lon="-118.13137"><ele>2412.0</ele></trkpt><trkpt lat="36.18241" lon="-118.13135999999997"><ele>2413.266571477665</ele></trkpt><trkpt lat="36.18245" lon="-118.13121000000001"><ele>2414.460430178955</ele></trkpt><trkpt lat="36.18243" lon="-118.13099"><ele>2411.6624304186553</ele></trkpt><trkpt lat="36.18234" lon="-118.13053000000002"><ele>2406.88948888233</ele></trkpt><trkpt lat="36.18216" lon="-118.12993"><ele>2400.0641419752646</ele></trkpt><trkpt lat="36.18208" lon="-118.12982999999997"><ele>2398.5176281358627</ele></trkpt><trkpt lat="36.18204" lon="-118.12916999999999"><ele>2390.865673188656</ele></trkpt><trkpt lat="36.18197" lon="-118.12903"><ele>2389.0692409047806</ele></trkpt><trkpt lat="36.18196" lon="-118.12891000000002"><ele>2386.5750683635974</ele></trkpt><trkpt lat="36.18196" lon="-118.12891000000002"><ele>2386.5750683635974</ele></trkpt><trkpt lat="36.18208" lon="-118.12871000000001"><ele>2386.077609606658</ele></trkpt><trkpt lat="36.18208" lon="-118.12871000000001"><ele>2386.077609606658</ele></trkpt><trkpt lat="36.18235" lon="-118.12837000000002"><ele>2388.0</ele></trkpt><trkpt lat="36.18257" lon="-118.12828000000002"><ele>2388.0</ele></trkpt><trkpt lat="36.18265" lon="-118.12828999999999"><ele>2388.174887110945</ele></trkpt><trkpt lat="36.18265" lon="-118.12828999999999"><ele>2388.174887110945</ele></trkpt><trkpt lat="36.18265" lon="-118.12828999999999"><ele>2388.174887110945</ele></trkpt><trkpt lat="36.18322" lon="-118.12869999999998"><ele>2388.0</ele></trkpt><trkpt lat="36.18374" lon="-118.12887"><ele>2387.0</ele></trkpt><trkpt lat="36.1839" lon="-118.12896999999998"><ele>2387.2144069243222</ele></trkpt><trkpt lat="36.1839" lon="-118.12896999999998"><ele>2387.2144069243222</ele></trkpt><trkpt lat="36.1839" lon="-118.12896999999998"><ele>2387.2144069243222</ele></trkpt><trkpt lat="36.18421" lon="-118.12904000000003"><ele>2389.0</ele></trkpt><trkpt lat="36.18445" lon="-118.12922000000003"><ele>2389.8099475174035</ele></trkpt><trkpt lat="36.18462" lon="-118.12943000000001"><ele>2390.0</ele></trkpt><trkpt lat="36.18481" lon="-118.12959999999998"><ele>2391.0</ele></trkpt><trkpt lat="36.18504" lon="-118.12986000000001"><ele>2392.000290899434</ele></trkpt><trkpt lat="36.1852" lon="-118.13011"><ele>2393.0</ele></trkpt><trkpt lat="36.18551" lon="-118.13035000000002"><ele>2394.318149871912</ele></trkpt><trkpt lat="36.18566" lon="-118.13051999999999"><ele>2395.8377495799214</ele></trkpt><trkpt lat="36.18584" lon="-118.13062000000002"><ele>2397.0</ele></trkpt><trkpt lat="36.18586" lon="-118.13083"><ele>2397.3860011845827</ele></trkpt><trkpt lat="36.18598" lon="-118.13094999999998"><ele>2397.4587563999366</ele></trkpt><trkpt lat="36.18619" lon="-118.13135999999997"><ele>2399.0</ele></trkpt><trkpt lat="36.1864" lon="-118.13155"><ele>2399.6738997600987</ele></trkpt><trkpt lat="36.18647" lon="-118.13177999999999"><ele>2400.0</ele></trkpt><trkpt lat="36.1866" lon="-118.13198"><ele>2401.114788528532</ele></trkpt><trkpt lat="36.18666" lon="-118.13218"><ele>2401.0</ele></trkpt><trkpt lat="36.18673" lon="-118.13227999999998"><ele>2401.0</ele></trkpt><trkpt lat="36.18668" lon="-118.13245999999998"><ele>2401.0</ele></trkpt><trkpt lat="36.18671" lon="-118.13281999999998"><ele>2401.0</ele></trkpt><trkpt lat="36.18691" lon="-118.13344000000001"><ele>2401.002479864766</ele></trkpt><trkpt lat="36.18701" lon="-118.13359000000003"><ele>2401.0</ele></trkpt><trkpt lat="36.18709" lon="-118.13366000000002"><ele>2401.3735804299495</ele></trkpt><trkpt lat="36.1872" lon="-118.13371000000001"><ele>2402.0</ele></trkpt><trkpt lat="36.18734" lon="-118.13373999999999"><ele>2401.1573838103695</ele></trkpt><trkpt lat="36.1875" lon="-118.13398999999998"><ele>2401.0827766656876</ele></trkpt><trkpt lat="36.18768" lon="-118.13418000000001"><ele>2402.832982070047</ele></trkpt><trkpt lat="36.1878" lon="-118.13423999999998"><ele>2403.0</ele></trkpt><trkpt lat="36.18804" lon="-118.13418000000001"><ele>2405.0</ele></trkpt><trkpt lat="36.18833" lon="-118.13405999999998"><ele>2407.2801834288516</ele></trkpt><trkpt lat="36.1885" lon="-118.13409999999999"><ele>2409.0</ele></trkpt><trkpt lat="36.18906" lon="-118.13409000000001"><ele>2412.1418307194226</ele></trkpt><trkpt lat="36.18915" lon="-118.13416999999998"><ele>2413.0</ele></trkpt><trkpt lat="36.18937" lon="-118.13423"><ele>2414.0</ele></trkpt><trkpt lat="36.18941" lon="-118.13427999999999"><ele>2414.0</ele></trkpt><trkpt lat="36.18954" lon="-118.13443000000001"><ele>2414.852591507463</ele></trkpt><trkpt lat="36.18954" lon="-118.13457"><ele>2415.0</ele></trkpt><trkpt lat="36.18959" lon="-118.13466"><ele>2415.0</ele></trkpt><trkpt lat="36.18987" lon="-118.13486999999998"><ele>2417.0</ele></trkpt><trkpt lat="36.18995" lon="-118.13486"><ele>2417.995852014463</ele></trkpt><trkpt lat="36.19018" lon="-118.13494000000003"><ele>2418.8786200498116</ele></trkpt><trkpt lat="36.19036" lon="-118.13488000000001"><ele>2419.0451749496374</ele></trkpt><trkpt lat="36.19057" lon="-118.13490000000002"><ele>2420.0</ele></trkpt><trkpt lat="36.19085" lon="-118.13486"><ele>2421.990695110522</ele></trkpt><trkpt lat="36.19098" lon="-118.13488000000001"><ele>2422.0</ele></trkpt><trkpt lat="36.19109" lon="-118.13484"><ele>2423.0</ele></trkpt><trkpt lat="36.19109" lon="-118.13484"><ele>2423.0</ele></trkpt><trkpt lat="36.19123" lon="-118.13477"><ele>2424.0</ele></trkpt><trkpt lat="36.19151" lon="-118.13477"><ele>2425.0</ele></trkpt><trkpt lat="36.19156" lon="-118.13472999999999"><ele>2425.049134222325</ele></trkpt><trkpt lat="36.19169" lon="-118.13468999999998"><ele>2424.030494770035</ele></trkpt><trkpt lat="36.19173" lon="-118.13464999999997"><ele>2425.3403205703944</ele></trkpt><trkpt lat="36.19175" lon="-118.13467000000003"><ele>2426.0</ele></trkpt><trkpt lat="36.19176" lon="-118.13472999999999"><ele>2426.0726906936616</ele></trkpt><trkpt lat="36.19183" lon="-118.13477999999998"><ele>2426.7512534719567</ele></trkpt><trkpt lat="36.19221" lon="-118.13481999999999"><ele>2427.0</ele></trkpt><trkpt lat="36.19253" lon="-118.13475"><ele>2427.5257903392067</ele></trkpt><trkpt lat="36.19264" lon="-118.13482999999997"><ele>2427.3887964459136</ele></trkpt><trkpt lat="36.19295" lon="-118.13490000000002"><ele>2427.0</ele></trkpt><trkpt lat="36.19296" lon="-118.13493"><ele>2427.539643165099</ele></trkpt><trkpt lat="36.19291" lon="-118.13515999999998"><ele>2428.0</ele></trkpt><trkpt lat="36.19298" lon="-118.13531"><ele>2428.5129433189054</ele></trkpt><trkpt lat="36.19297" lon="-118.13538"><ele>2428.9455055743456</ele></trkpt><trkpt lat="36.19304" lon="-118.13558999999998"><ele>2429.0</ele></trkpt><trkpt lat="36.19308" lon="-118.13563999999997"><ele>2428.6400604457594</ele></trkpt><trkpt lat="36.19321" lon="-118.13565"><ele>2428.838691215952</ele></trkpt><trkpt lat="36.19324" lon="-118.13567999999998"><ele>2429.1203521782154</ele></trkpt><trkpt lat="36.19319" lon="-118.13581999999997"><ele>2430.0</ele></trkpt><trkpt lat="36.19319" lon="-118.13608999999997"><ele>2430.0</ele></trkpt><trkpt lat="36.1932" lon="-118.13616000000002"><ele>2430.0</ele></trkpt><trkpt lat="36.19327" lon="-118.13621999999998"><ele>2430.0</ele></trkpt><trkpt lat="36.19416" lon="-118.13666999999998"><ele>2436.4243059946257</ele></trkpt><trkpt lat="36.19437" lon="-118.13671999999997"><ele>2438.0</ele></trkpt><trkpt lat="36.1946" lon="-118.13671999999997"><ele>2439.308412445709</ele></trkpt><trkpt lat="36.19487" lon="-118.13653999999997"><ele>2441.0</ele></trkpt><trkpt lat="36.19524" lon="-118.13621"><ele>2443.0761351110414</ele></trkpt><trkpt lat="36.19546" lon="-118.13621"><ele>2445.0</ele></trkpt><trkpt lat="36.19552" lon="-118.13616000000002"><ele>2446.201667426154</ele></trkpt><trkpt lat="36.19557" lon="-118.13629000000003"><ele>2447.0</ele></trkpt><trkpt lat="36.19567" lon="-118.13644"><ele>2447.0</ele></trkpt><trkpt lat="36.19572" lon="-118.13648999999998"><ele>2447.0</ele></trkpt><trkpt lat="36.19583" lon="-118.13653999999997"><ele>2448.0</ele></trkpt><trkpt lat="36.19592" lon="-118.13671999999997"><ele>2449.0</ele></trkpt><trkpt lat="36.19605" lon="-118.13684"><ele>2450.0</ele></trkpt><trkpt lat="36.19613" lon="-118.13686000000001"><ele>2450.7839395548217</ele></trkpt><trkpt lat="36.19649" lon="-118.13682"><ele>2452.0</ele></trkpt><trkpt lat="36.1967" lon="-118.13670000000002"><ele>2453.0</ele></trkpt><trkpt lat="36.19678" lon="-118.13628"><ele>2453.0</ele></trkpt><trkpt lat="36.19685" lon="-118.13623000000001"><ele>2454.0</ele></trkpt><trkpt lat="36.19696" lon="-118.13605999999999"><ele>2452.663797806493</ele></trkpt><trkpt lat="36.19733" lon="-118.13596999999999"><ele>2454.727578772232</ele></trkpt><trkpt lat="36.19737" lon="-118.13608999999997"><ele>2455.6685404460877</ele></trkpt><trkpt lat="36.1974" lon="-118.13612"><ele>2455.2082559285936</ele></trkpt><trkpt lat="36.19753" lon="-118.13614999999999"><ele>2455.907770618207</ele></trkpt><trkpt lat="36.19774" lon="-118.13612999999998"><ele>2456.0</ele></trkpt><trkpt lat="36.19819" lon="-118.13643000000002"><ele>2456.0</ele></trkpt><trkpt lat="36.1984" lon="-118.13675999999998"><ele>2456.444277334027</ele></trkpt><trkpt lat="36.19865" lon="-118.13686999999999"><ele>2458.0</ele></trkpt><trkpt lat="36.19893" lon="-118.13686999999999"><ele>2458.405341153428</ele></trkpt><trkpt lat="36.19906" lon="-118.13706000000002"><ele>2459.294552049483</ele></trkpt><trkpt lat="36.19915" lon="-118.13711"><ele>2459.1330951107666</ele></trkpt><trkpt lat="36.19956" lon="-118.13722999999999"><ele>2461.7756013158664</ele></trkpt><trkpt lat="36.19971" lon="-118.1372"><ele>2462.0</ele></trkpt><trkpt lat="36.19979" lon="-118.13722000000001"><ele>2463.0</ele></trkpt><trkpt lat="36.20003" lon="-118.13738000000001"><ele>2462.3602048874172</ele></trkpt><trkpt lat="36.20014603162515" lon="-118.13747531169207"><ele>2462.0385393494976</ele></trkpt><trkpt lat="36.20017862873933" lon="-118.13750208779061"><ele>2461.8937249522573</ele></trkpt><trkpt lat="36.20031" lon="-118.13761"><ele>2460.970534486276</ele></trkpt><trkpt lat="36.2005" lon="-118.13764000000003"><ele>2461.433304887265</ele></trkpt><trkpt lat="36.20065" lon="-118.13773000000003"><ele>2460.1101665828774</ele></trkpt><trkpt lat="36.20081" lon="-118.13776000000001"><ele>2459.8408995550126</ele></trkpt><trkpt lat="36.20112" lon="-118.13778000000002"><ele>2460.908831998706</ele></trkpt><trkpt lat="36.2015" lon="-118.13785000000001"><ele>2458.841185667822</ele></trkpt><trkpt lat="36.20195" lon="-118.13787000000002"><ele>2461.0</ele></trkpt><trkpt lat="36.20225" lon="-118.13803999999999"><ele>2459.7919537778944</ele></trkpt><trkpt lat="36.20248" lon="-118.13810999999998"><ele>2460.5297173340805</ele></trkpt><trkpt lat="36.20258" lon="-118.13810999999998"><ele>2460.5297173340805</ele></trkpt><trkpt lat="36.20268" lon="-118.13803999999999"><ele>2461.7919537778944</ele></trkpt><trkpt lat="36.20284" lon="-118.13805000000002"><ele>2462.0</ele></trkpt><trkpt lat="36.20352" lon="-118.13785000000001"><ele>2466.0</ele></trkpt><trkpt lat="36.20384" lon="-118.13787000000002"><ele>2466.801784719185</ele></trkpt><trkpt lat="36.20405" lon="-118.13783000000001"><ele>2467.578663110733</ele></trkpt><trkpt lat="36.2043" lon="-118.13788999999997"><ele>2467.782460445538</ele></trkpt><trkpt lat="36.20478" lon="-118.13788"><ele>2471.248494221829</ele></trkpt><trkpt lat="36.20501" lon="-118.13781"><ele>2472.0</ele></trkpt><trkpt lat="36.20518" lon="-118.13765999999998"><ele>2473.501237333752</ele></trkpt><trkpt lat="36.20546" lon="-118.13755000000003"><ele>2475.0</ele></trkpt><trkpt lat="36.20572" lon="-118.13740000000001"><ele>2476.0</ele></trkpt><trkpt lat="36.20654" lon="-118.13707"><ele>2481.0</ele></trkpt><trkpt lat="36.20674" lon="-118.13695999999999"><ele>2482.8371973943013</ele></trkpt><trkpt lat="36.20711" lon="-118.13683000000003"><ele>2485.0</ele></trkpt><trkpt lat="36.2074" lon="-118.13682"><ele>2487.0</ele></trkpt><trkpt lat="36.20781" lon="-118.13662999999997"><ele>2488.5027164458297</ele></trkpt><trkpt lat="36.20826" lon="-118.13661000000002"><ele>2489.0</ele></trkpt><trkpt lat="36.20844" lon="-118.13652000000002"><ele>2489.0</ele></trkpt><trkpt lat="36.20846" lon="-118.13653"><ele>2489.5284346304834</ele></trkpt><trkpt lat="36.20856" lon="-118.13679000000002"><ele>2491.3363659753622</ele></trkpt><trkpt lat="36.20872" lon="-118.13684999999998"><ele>2492.2499733339064</ele></trkpt><trkpt lat="36.20882" lon="-118.13683000000003"><ele>2493.0</ele></trkpt><trkpt lat="36.20882" lon="-118.13683000000003"><ele>2493.0</ele></trkpt><trkpt lat="36.21003" lon="-118.137"><ele>2497.0</ele></trkpt><trkpt lat="36.21043" lon="-118.13695999999999"><ele>2499.0</ele></trkpt><trkpt lat="36.21103" lon="-118.13697000000002"><ele>2501.6371416372563</ele></trkpt><trkpt lat="36.21144" lon="-118.13702999999998"><ele>2504.9515550813167</ele></trkpt><trkpt lat="36.21177" lon="-118.13713999999999"><ele>2507.0</ele></trkpt><trkpt lat="36.21186" lon="-118.13720999999998"><ele>2507.0</ele></trkpt><trkpt lat="36.21196" lon="-118.13734"><ele>2507.0</ele></trkpt><trkpt lat="36.21229" lon="-118.13749000000001"><ele>2509.0</ele></trkpt><trkpt lat="36.21248" lon="-118.13765999999998"><ele>2509.0</ele></trkpt><trkpt lat="36.21276" lon="-118.13770999999997"><ele>2513.9819806147216</ele></trkpt><trkpt lat="36.21285" lon="-118.13770999999997"><ele>2515.844870759399</ele></trkpt><trkpt lat="36.21309" lon="-118.13746000000003"><ele>2516.0</ele></trkpt><trkpt lat="36.21318" lon="-118.13743999999997"><ele>2517.0</ele></trkpt><trkpt lat="36.21328" lon="-118.13746000000003"><ele>2518.94294013087</ele></trkpt><trkpt lat="36.21334" lon="-118.13752"><ele>2520.0</ele></trkpt><trkpt lat="36.21349" lon="-118.13758999999999"><ele>2524.2365262219682</ele></trkpt><trkpt lat="36.21354" lon="-118.13758999999999"><ele>2525.224370464991</ele></trkpt><trkpt lat="36.21387" lon="-118.13740000000001"><ele>2524.3818844454363</ele></trkpt><trkpt lat="36.21404" lon="-118.13738999999998"><ele>2526.9158506663516</ele></trkpt><trkpt lat="36.2142" lon="-118.13740000000001"><ele>2527.3818844454363</ele></trkpt><trkpt lat="36.21447" lon="-118.13752"><ele>2530.0</ele></trkpt><trkpt lat="36.21524" lon="-118.13756999999998"><ele>2540.40506956811</ele></trkpt><trkpt lat="36.21573" lon="-118.13774999999998"><ele>2548.0</ele></trkpt><trkpt lat="36.21588" lon="-118.13783000000001"><ele>2549.421336889267</ele></trkpt><trkpt lat="36.21621" lon="-118.13817"><ele>2556.091370606795</ele></trkpt><trkpt lat="36.21638" lon="-118.13824"><ele>2555.5287217777222</ele></trkpt><trkpt lat="36.21656" lon="-118.13827000000003"><ele>2556.9268231131136</ele></trkpt><trkpt lat="36.21681" lon="-118.13824999999997"><ele>2558.829109986589</ele></trkpt><trkpt lat="36.21695" lon="-118.13821000000002"><ele>2560.0</ele></trkpt><trkpt lat="36.21732" lon="-118.13801999999998"><ele>2563.0</ele></trkpt><trkpt lat="36.21758" lon="-118.13794000000001"><ele>2564.688872009093</ele></trkpt><trkpt lat="36.21786" lon="-118.1379"><ele>2567.332395682317</ele></trkpt><trkpt lat="36.21823" lon="-118.13779"><ele>2571.0</ele></trkpt><trkpt lat="36.21864" lon="-118.13791000000003"><ele>2576.543140333146</ele></trkpt><trkpt lat="36.21871" lon="-118.13788999999997"><ele>2579.0</ele></trkpt><trkpt lat="36.21881" lon="-118.13773000000003"><ele>2580.847825468417</ele></trkpt><trkpt lat="36.21896" lon="-118.13764000000003"><ele>2582.578889822767</ele></trkpt><trkpt lat="36.21922" lon="-118.13733000000002"><ele>2583.0</ele></trkpt><trkpt lat="36.21957" lon="-118.13719000000003"><ele>2585.702611666879</ele></trkpt><trkpt lat="36.21981" lon="-118.13702999999998"><ele>2588.250009444361</ele></trkpt><trkpt lat="36.22005" lon="-118.13693"><ele>2591.0</ele></trkpt><trkpt lat="36.22031" lon="-118.13662999999997"><ele>2593.012582907453</ele></trkpt><trkpt lat="36.22052" lon="-118.13605999999999"><ele>2599.1436166651547</ele></trkpt><trkpt lat="36.2207" lon="-118.13583"><ele>2605.0</ele></trkpt><trkpt lat="36.22086" lon="-118.13571000000002"><ele>2605.1102152303033</ele></trkpt><trkpt lat="36.22093" lon="-118.13558"><ele>2606.4362631109543</ele></trkpt><trkpt lat="36.22103" lon="-118.13553000000002"><ele>2608.4635643041083</ele></trkpt><trkpt lat="36.22149" lon="-118.13542000000001"><ele>2615.9118697156177</ele></trkpt><trkpt lat="36.22168" lon="-118.13549"><ele>2617.0</ele></trkpt><trkpt lat="36.22181" lon="-118.13547"><ele>2617.2724259304123</ele></trkpt><trkpt lat="36.22186" lon="-118.13540999999998"><ele>2619.0</ele></trkpt><trkpt lat="36.22204" lon="-118.13544000000002"><ele>2620.9607359990478</ele></trkpt><trkpt lat="36.22244" lon="-118.13533000000001"><ele>2622.0</ele></trkpt><trkpt lat="36.22282" lon="-118.13560000000001"><ele>2629.4958044453524</ele></trkpt><trkpt lat="36.223028757430455" lon="-118.13571266274027"><ele>2632.9824690258124</ele></trkpt><trkpt lat="36.22309354534951" lon="-118.13574762731253"><ele>2634.0</ele></trkpt><trkpt lat="36.22345" lon="-118.13594"><ele>2642.0</ele></trkpt><trkpt lat="36.22369" lon="-118.13599999999997"><ele>2645.1371555537917</ele></trkpt><trkpt lat="36.22394" lon="-118.13596999999999"><ele>2647.73905422166</ele></trkpt><trkpt lat="36.2244" lon="-118.13587000000001"><ele>2652.341067386502</ele></trkpt><trkpt lat="36.2246" lon="-118.13574"><ele>2655.02027733298</ele></trkpt><trkpt lat="36.22508" lon="-118.13530000000003"><ele>2662.7905748412923</ele></trkpt><trkpt lat="36.22537" lon="-118.13506999999998"><ele>2667.0</ele></trkpt><trkpt lat="36.22566" lon="-118.13470999999998"><ele>2671.0</ele></trkpt><trkpt lat="36.22591" lon="-118.13446999999996"><ele>2672.4319740471515</ele></trkpt><trkpt lat="36.22603" lon="-118.13439"><ele>2673.5085682764707</ele></trkpt><trkpt lat="36.2261" lon="-118.13439"><ele>2675.0</ele></trkpt><trkpt lat="36.22613" lon="-118.13436999999999"><ele>2675.227574970573</ele></trkpt><trkpt lat="36.22614" lon="-118.1343"><ele>2674.0</ele></trkpt><trkpt lat="36.22599" lon="-118.13395000000003"><ele>2677.05582190741</ele></trkpt><trkpt lat="36.22597" lon="-118.13373999999999"><ele>2681.1706949197687</ele></trkpt><trkpt lat="36.2261" lon="-118.13369"><ele>2683.4944438561797</ele></trkpt><trkpt lat="36.22618" lon="-118.13371000000001"><ele>2684.0678862350587</ele></trkpt><trkpt lat="36.22633" lon="-118.13378"><ele>2687.252007651477</ele></trkpt><trkpt lat="36.22655" lon="-118.13396"><ele>2691.4589125119287</ele></trkpt><trkpt lat="36.22655" lon="-118.13396"><ele>2691.4589125119287</ele></trkpt><trkpt lat="36.22666" lon="-118.13407000000001"><ele>2690.9703983885</ele></trkpt><trkpt lat="36.22685" lon="-118.13404000000003"><ele>2696.8229212071747</ele></trkpt><trkpt lat="36.2271" lon="-118.13432999999998"><ele>2702.2658393289894</ele></trkpt><trkpt lat="36.2272" lon="-118.13470000000001"><ele>2707.0</ele></trkpt><trkpt lat="36.22727" lon="-118.13484"><ele>2710.006723511451</ele></trkpt><trkpt lat="36.22731" lon="-118.13484"><ele>2711.3979262262583</ele></trkpt><trkpt lat="36.227359999112004" lon="-118.13476001072388"><ele>2712.0</ele></trkpt><trkpt lat="36.227359999112004" lon="-118.13476001072388"><ele>2712.0</ele></trkpt><trkpt lat="36.22718903534127" lon="-118.13440308260914"><ele>2707.4095710515976</ele></trkpt><trkpt lat="36.227126744350045" lon="-118.13442895404876"><ele>2703.810907892883</ele></trkpt><trkpt lat="36.2271" lon="-118.13432999999998"><ele>2702.2658393289894</ele></trkpt><trkpt lat="36.22685" lon="-118.13404000000003"><ele>2696.8229212071747</ele></trkpt><trkpt lat="36.22666" lon="-118.13407000000001"><ele>2690.9703983885</ele></trkpt><trkpt lat="36.22655" lon="-118.13396"><ele>2691.4589125119287</ele></trkpt><trkpt lat="36.22655" lon="-118.13396"><ele>2691.4589125119287</ele></trkpt><trkpt lat="36.22633" lon="-118.13378"><ele>2687.252007651477</ele></trkpt><trkpt lat="36.22618" lon="-118.13371000000001"><ele>2684.0678862350587</ele></trkpt><trkpt lat="36.2261" lon="-118.13369"><ele>2683.4944438561797</ele></trkpt><trkpt lat="36.22597" lon="-118.13373999999999"><ele>2681.1706949197687</ele></trkpt><trkpt lat="36.22599" lon="-118.13395000000003"><ele>2677.05582190741</ele></trkpt><trkpt lat="36.22614" lon="-118.1343"><ele>2674.0</ele></trkpt><trkpt lat="36.22613" lon="-118.13436999999999"><ele>2675.227574970573</ele></trkpt><trkpt lat="36.2261" lon="-118.13439"><ele>2675.0</ele></trkpt><trkpt lat="36.22603" lon="-118.13439"><ele>2673.5085682764707</ele></trkpt><trkpt lat="36.22591" lon="-118.13446999999996"><ele>2672.4319740471515</ele></trkpt><trkpt lat="36.22566" lon="-118.13470999999998"><ele>2671.0</ele></trkpt><trkpt lat="36.22537" lon="-118.13506999999998"><ele>2667.0</ele></trkpt><trkpt lat="36.22508" lon="-118.13530000000003"><ele>2662.7905748412923</ele></trkpt><trkpt lat="36.2246" lon="-118.13574"><ele>2655.02027733298</ele></trkpt><trkpt lat="36.22454827377498" lon="-118.13577362204626"><ele>2655.5871782568283</ele></trkpt><trkpt lat="36.22455362820667" lon="-118.13577014169528"><ele>2655.424982144963</ele></trkpt><trkpt lat="36.2244" lon="-118.13587000000001"><ele>2652.341067386502</ele></trkpt><trkpt lat="36.22394" lon="-118.13596999999999"><ele>2647.73905422166</ele></trkpt><trkpt lat="36.22369" lon="-118.13599999999997"><ele>2645.1371555537917</ele></trkpt><trkpt lat="36.22345" lon="-118.13594"><ele>2642.0</ele></trkpt><trkpt lat="36.22282" lon="-118.13560000000001"><ele>2629.4958044453524</ele></trkpt><trkpt lat="36.22244" lon="-118.13533000000001"><ele>2622.0</ele></trkpt><trkpt lat="36.22204" lon="-118.13544000000002"><ele>2620.9607359990478</ele></trkpt><trkpt lat="36.22186" lon="-118.13540999999998"><ele>2619.0</ele></trkpt><trkpt lat="36.22181" lon="-118.13547"><ele>2617.2724259304123</ele></trkpt><trkpt lat="36.22168" lon="-118.13549"><ele>2617.0</ele></trkpt><trkpt lat="36.22149" lon="-118.13542000000001"><ele>2615.9118697156177</ele></trkpt><trkpt lat="36.22103" lon="-118.13553000000002"><ele>2608.4635643041083</ele></trkpt><trkpt lat="36.22093" lon="-118.13558"><ele>2606.4362631109543</ele></trkpt><trkpt lat="36.22086" lon="-118.13571000000002"><ele>2605.1102152303033</ele></trkpt><trkpt lat="36.2207" lon="-118.13583"><ele>2605.0</ele></trkpt><trkpt lat="36.22052" lon="-118.13605999999999"><ele>2599.1436166651547</ele></trkpt><trkpt lat="36.22031" lon="-118.13662999999997"><ele>2593.012582907453</ele></trkpt><trkpt lat="36.22005" lon="-118.13693"><ele>2591.0</ele></trkpt><trkpt lat="36.21981" lon="-118.13702999999998"><ele>2588.250009444361</ele></trkpt><trkpt lat="36.21957" lon="-118.13719000000003"><ele>2585.702611666879</ele></trkpt><trkpt lat="36.21922" lon="-118.13733000000002"><ele>2583.0</ele></trkpt><trkpt lat="36.21896" lon="-118.13764000000003"><ele>2582.578889822767</ele></trkpt><trkpt lat="36.21881" lon="-118.13773000000003"><ele>2580.847825468417</ele></trkpt><trkpt lat="36.21871" lon="-118.13788999999997"><ele>2579.0</ele></trkpt><trkpt lat="36.21864" lon="-118.13791000000003"><ele>2576.543140333146</ele></trkpt><trkpt lat="36.21823" lon="-118.13779"><ele>2571.0</ele></trkpt><trkpt lat="36.21786" lon="-118.1379"><ele>2567.332395682317</ele></trkpt><trkpt lat="36.21758" lon="-118.13794000000001"><ele>2564.688872009093</ele></trkpt><trkpt lat="36.21732" lon="-118.13801999999998"><ele>2563.0</ele></trkpt><trkpt lat="36.21695" lon="-118.13821000000002"><ele>2560.0</ele></trkpt><trkpt lat="36.21681" lon="-118.13824999999997"><ele>2558.829109986589</ele></trkpt><trkpt lat="36.21656" lon="-118.13827000000003"><ele>2556.9268231131136</ele></trkpt><trkpt lat="36.21638" lon="-118.13824"><ele>2555.5287217777222</ele></trkpt><trkpt lat="36.21621" lon="-118.13817"><ele>2556.091370606795</ele></trkpt><trkpt lat="36.21588" lon="-118.13783000000001"><ele>2549.421336889267</ele></trkpt><trkpt lat="36.21573" lon="-118.13774999999998"><ele>2548.0</ele></trkpt><trkpt lat="36.21524" lon="-118.13756999999998"><ele>2540.40506956811</ele></trkpt><trkpt lat="36.21447" lon="-118.13752"><ele>2530.0</ele></trkpt><trkpt lat="36.2142" lon="-118.13740000000001"><ele>2527.3818844454363</ele></trkpt><trkpt lat="36.21404" lon="-118.13738999999998"><ele>2526.9158506663516</ele></trkpt><trkpt lat="36.21387" lon="-118.13740000000001"><ele>2524.3818844454363</ele></trkpt><trkpt lat="36.21354" lon="-118.13758999999999"><ele>2525.224370464991</ele></trkpt><trkpt lat="36.21349" lon="-118.13758999999999"><ele>2524.2365262219682</ele></trkpt><trkpt lat="36.21334" lon="-118.13752"><ele>2520.0</ele></trkpt><trkpt lat="36.21328" lon="-118.13746000000003"><ele>2518.94294013087</ele></trkpt><trkpt lat="36.21318" lon="-118.13743999999997"><ele>2517.0</ele></trkpt><trkpt lat="36.21309" lon="-118.13746000000003"><ele>2516.0</ele></trkpt><trkpt lat="36.21285" lon="-118.13770999999997"><ele>2515.844870759399</ele></trkpt><trkpt lat="36.21276" lon="-118.13770999999997"><ele>2513.9819806147216</ele></trkpt><trkpt lat="36.21248" lon="-118.13765999999998"><ele>2509.0</ele></trkpt><trkpt lat="36.21229" lon="-118.13749000000001"><ele>2509.0</ele></trkpt><trkpt lat="36.21196" lon="-118.13734"><ele>2507.0</ele></trkpt><trkpt lat="36.21186" lon="-118.13720999999998"><ele>2507.0</ele></trkpt><trkpt lat="36.21177" lon="-118.13713999999999"><ele>2507.0</ele></trkpt><trkpt lat="36.21144" lon="-118.13702999999998"><ele>2504.9515550813167</ele></trkpt><trkpt lat="36.21103" lon="-118.13697000000002"><ele>2501.6371416372563</ele></trkpt><trkpt lat="36.21043" lon="-118.13695999999999"><ele>2499.0</ele></trkpt><trkpt lat="36.21003" lon="-118.137"><ele>2497.0</ele></trkpt><trkpt lat="36.20882" lon="-118.13683000000003"><ele>2493.0</ele></trkpt><trkpt lat="36.20882" lon="-118.13683000000003"><ele>2493.0</ele></trkpt><trkpt lat="36.20872" lon="-118.13684999999998"><ele>2492.2499733339064</ele></trkpt><trkpt lat="36.20856" lon="-118.13679000000002"><ele>2491.3363659753622</ele></trkpt><trkpt lat="36.20846" lon="-118.13653"><ele>2489.5284346304834</ele></trkpt><trkpt lat="36.20844" lon="-118.13652000000002"><ele>2489.0</ele></trkpt><trkpt lat="36.20826" lon="-118.13661000000002"><ele>2489.0</ele></trkpt><trkpt lat="36.20781" lon="-118.13662999999997"><ele>2488.5027164458297</ele></trkpt><trkpt lat="36.2074" lon="-118.13682"><ele>2487.0</ele></trkpt><trkpt lat="36.20711" lon="-118.13683000000003"><ele>2485.0</ele></trkpt><trkpt lat="36.20674" lon="-118.13695999999999"><ele>2482.8371973943013</ele></trkpt><trkpt lat="36.20654" lon="-118.13707"><ele>2481.0</ele></trkpt><trkpt lat="36.20572" lon="-118.13740000000001"><ele>2476.0</ele></trkpt><trkpt lat="36.20546" lon="-118.13755000000003"><ele>2475.0</ele></trkpt><trkpt lat="36.20518" lon="-118.13765999999998"><ele>2473.501237333752</ele></trkpt><trkpt lat="36.20501" lon="-118.13781"><ele>2472.0</ele></trkpt><trkpt lat="36.20478" lon="-118.13788"><ele>2471.248494221829</ele></trkpt><trkpt lat="36.2043" lon="-118.13788999999997"><ele>2467.782460445538</ele></trkpt><trkpt lat="36.20405" lon="-118.13783000000001"><ele>2467.578663110733</ele></trkpt><trkpt lat="36.20384" lon="-118.13787000000002"><ele>2466.801784719185</ele></trkpt><trkpt lat="36.20352" lon="-118.13785000000001"><ele>2466.0</ele></trkpt><trkpt lat="36.20284" lon="-118.13805000000002"><ele>2462.0</ele></trkpt><trkpt lat="36.20268" lon="-118.13803999999999"><ele>2461.7919537778944</ele></trkpt><trkpt lat="36.20258" lon="-118.13810999999998"><ele>2460.5297173340805</ele></trkpt><trkpt lat="36.20248" lon="-118.13810999999998"><ele>2460.5297173340805</ele></trkpt><trkpt lat="36.20225" lon="-118.13803999999999"><ele>2459.7919537778944</ele></trkpt><trkpt lat="36.20195" lon="-118.13787000000002"><ele>2461.0</ele></trkpt><trkpt lat="36.2015" lon="-118.13785000000001"><ele>2458.841185667822</ele></trkpt><trkpt lat="36.20112" lon="-118.13778000000002"><ele>2460.908831998706</ele></trkpt><trkpt lat="36.20081" lon="-118.13776000000001"><ele>2459.8408995550126</ele></trkpt><trkpt lat="36.20065" lon="-118.13773000000003"><ele>2460.1101665828774</ele></trkpt><trkpt lat="36.2005" lon="-118.13764000000003"><ele>2461.433304887265</ele></trkpt><trkpt lat="36.20031" lon="-118.13761"><ele>2460.970534486276</ele></trkpt><trkpt lat="36.20003" lon="-118.13738000000001"><ele>2462.3602048874172</ele></trkpt><trkpt lat="36.19979" lon="-118.13722000000001"><ele>2463.0</ele></trkpt><trkpt lat="36.19971" lon="-118.1372"><ele>2462.0</ele></trkpt><trkpt lat="36.19956" lon="-118.13722999999999"><ele>2461.7756013158664</ele></trkpt><trkpt lat="36.19915" lon="-118.13711"><ele>2459.1330951107666</ele></trkpt><trkpt lat="36.19906" lon="-118.13706000000002"><ele>2459.294552049483</ele></trkpt><trkpt lat="36.19893" lon="-118.13686999999999"><ele>2458.405341153428</ele></trkpt><trkpt lat="36.19865" lon="-118.13686999999999"><ele>2458.0</ele></trkpt><trkpt lat="36.1984" lon="-118.13675999999998"><ele>2456.444277334027</ele></trkpt><trkpt lat="36.19819" lon="-118.13643000000002"><ele>2456.0</ele></trkpt><trkpt lat="36.19774" lon="-118.13612999999998"><ele>2456.0</ele></trkpt><trkpt lat="36.19753" lon="-118.13614999999999"><ele>2455.907770618207</ele></trkpt><trkpt lat="36.1974" lon="-118.13612"><ele>2455.2082559285936</ele></trkpt><trkpt lat="36.19737" lon="-118.13608999999997"><ele>2455.6685404460877</ele></trkpt><trkpt lat="36.19733" lon="-118.13596999999999"><ele>2454.727578772232</ele></trkpt><trkpt lat="36.19696" lon="-118.13605999999999"><ele>2452.663797806493</ele></trkpt><trkpt lat="36.19685" lon="-118.13623000000001"><ele>2454.0</ele></trkpt><trkpt lat="36.19678" lon="-118.13628"><ele>2453.0</ele></trkpt><trkpt lat="36.1967" lon="-118.13670000000002"><ele>2453.0</ele></trkpt><trkpt lat="36.19649" lon="-118.13682"><ele>2452.0</ele></trkpt><trkpt lat="36.19613" lon="-118.13686000000001"><ele>2450.7839395548217</ele></trkpt><trkpt lat="36.19605" lon="-118.13684"><ele>2450.0</ele></trkpt><trkpt lat="36.19592" lon="-118.13671999999997"><ele>2449.0</ele></trkpt><trkpt lat="36.19583" lon="-118.13653999999997"><ele>2448.0</ele></trkpt><trkpt lat="36.19572" lon="-118.13648999999998"><ele>2447.0</ele></trkpt><trkpt lat="36.19567" lon="-118.13644"><ele>2447.0</ele></trkpt><trkpt lat="36.19557" lon="-118.13629000000003"><ele>2447.0</ele></trkpt><trkpt lat="36.19552" lon="-118.13616000000002"><ele>2446.201667426154</ele></trkpt><trkpt lat="36.19546" lon="-118.13621"><ele>2445.0</ele></trkpt><trkpt lat="36.19524" lon="-118.13621"><ele>2443.0761351110414</ele></trkpt><trkpt lat="36.19487" lon="-118.13653999999997"><ele>2441.0</ele></trkpt><trkpt lat="36.1946" lon="-118.13671999999997"><ele>2439.308412445709</ele></trkpt><trkpt lat="36.19437" lon="-118.13671999999997"><ele>2438.0</ele></trkpt><trkpt lat="36.19416" lon="-118.13666999999998"><ele>2436.4243059946257</ele></trkpt><trkpt lat="36.19327" lon="-118.13621999999998"><ele>2430.0</ele></trkpt><trkpt lat="36.1932" lon="-118.13616000000002"><ele>2430.0</ele></trkpt><trkpt lat="36.19319" lon="-118.13608999999997"><ele>2430.0</ele></trkpt><trkpt lat="36.19319" lon="-118.13581999999997"><ele>2430.0</ele></trkpt><trkpt lat="36.19324" lon="-118.13567999999998"><ele>2429.1203521782154</ele></trkpt><trkpt lat="36.19321" lon="-118.13565"><ele>2428.838691215952</ele></trkpt><trkpt lat="36.19308" lon="-118.13563999999997"><ele>2428.6400604457594</ele></trkpt><trkpt lat="36.19304" lon="-118.13558999999998"><ele>2429.0</ele></trkpt><trkpt lat="36.19297" lon="-118.13538"><ele>2428.9455055743456</ele></trkpt><trkpt lat="36.19298" lon="-118.13531"><ele>2428.5129433189054</ele></trkpt><trkpt lat="36.19291" lon="-118.13515999999998"><ele>2428.0</ele></trkpt><trkpt lat="36.19296" lon="-118.13493"><ele>2427.539643165099</ele></trkpt><trkpt lat="36.19295" lon="-118.13490000000002"><ele>2427.0</ele></trkpt><trkpt lat="36.19264" lon="-118.13482999999997"><ele>2427.3887964459136</ele></trkpt><trkpt lat="36.19253" lon="-118.13475"><ele>2427.5257903392067</ele></trkpt><trkpt lat="36.19221" lon="-118.13481999999999"><ele>2427.0</ele></trkpt><trkpt lat="36.19183" lon="-118.13477999999998"><ele>2426.7512534719567</ele></trkpt><trkpt lat="36.19176" lon="-118.13472999999999"><ele>2426.0726906936616</ele></trkpt><trkpt lat="36.19175" lon="-118.13467000000003"><ele>2426.0</ele></trkpt><trkpt lat="36.19173" lon="-118.13464999999997"><ele>2425.3403205703944</ele></trkpt><trkpt lat="36.19169" lon="-118.13468999999998"><ele>2424.030494770035</ele></trkpt><trkpt lat="36.19156" lon="-118.13472999999999"><ele>2425.049134222325</ele></trkpt><trkpt lat="36.19151" lon="-118.13477"><ele>2425.0</ele></trkpt><trkpt lat="36.19123" lon="-118.13477"><ele>2424.0</ele></trkpt><trkpt lat="36.19109" lon="-118.13484"><ele>2423.0</ele></trkpt><trkpt lat="36.19109" lon="-118.13484"><ele>2423.0</ele></trkpt><trkpt lat="36.19098" lon="-118.13488000000001"><ele>2422.0</ele></trkpt><trkpt lat="36.19085" lon="-118.13486"><ele>2421.990695110522</ele></trkpt><trkpt lat="36.19057" lon="-118.13490000000002"><ele>2420.0</ele></trkpt><trkpt lat="36.19036" lon="-118.13488000000001"><ele>2419.0451749496374</ele></trkpt><trkpt lat="36.19018" lon="-118.13494000000003"><ele>2418.8786200498116</ele></trkpt><trkpt lat="36.18995" lon="-118.13486"><ele>2417.995852014463</ele></trkpt><trkpt lat="36.18987" lon="-118.13486999999998"><ele>2417.0</ele></trkpt><trkpt lat="36.18959" lon="-118.13466"><ele>2415.0</ele></trkpt><trkpt lat="36.18954" lon="-118.13457"><ele>2415.0</ele></trkpt><trkpt lat="36.18954" lon="-118.13443000000001"><ele>2414.852591507463</ele></trkpt><trkpt lat="36.18941" lon="-118.13427999999999"><ele>2414.0</ele></trkpt><trkpt lat="36.18937" lon="-118.13423"><ele>2414.0</ele></trkpt><trkpt lat="36.18915" lon="-118.13416999999998"><ele>2413.0</ele></trkpt><trkpt lat="36.18906" lon="-118.13409000000001"><ele>2412.1418307194226</ele></trkpt><trkpt lat="36.1885" lon="-118.13409999999999"><ele>2409.0</ele></trkpt><trkpt lat="36.18833" lon="-118.13405999999998"><ele>2407.2801834288516</ele></trkpt><trkpt lat="36.18804" lon="-118.13418000000001"><ele>2405.0</ele></trkpt><trkpt lat="36.1878" lon="-118.13423999999998"><ele>2403.0</ele></trkpt><trkpt lat="36.18768" lon="-118.13418000000001"><ele>2402.832982070047</ele></trkpt><trkpt lat="36.1875" lon="-118.13398999999998"><ele>2401.0827766656876</ele></trkpt><trkpt lat="36.18734" lon="-118.13373999999999"><ele>2401.1573838103695</ele></trkpt><trkpt lat="36.1872" lon="-118.13371000000001"><ele>2402.0</ele></trkpt><trkpt lat="36.18709" lon="-118.13366000000002"><ele>2401.3735804299495</ele></trkpt><trkpt lat="36.18701" lon="-118.13359000000003"><ele>2401.0</ele></trkpt><trkpt lat="36.18691" lon="-118.13344000000001"><ele>2401.002479864766</ele></trkpt><trkpt lat="36.18671" lon="-118.13281999999998"><ele>2401.0</ele></trkpt><trkpt lat="36.18668" lon="-118.13245999999998"><ele>2401.0</ele></trkpt><trkpt lat="36.18673" lon="-118.13227999999998"><ele>2401.0</ele></trkpt><trkpt lat="36.18666" lon="-118.13218"><ele>2401.0</ele></trkpt><trkpt lat="36.1866" lon="-118.13198"><ele>2401.114788528532</ele></trkpt><trkpt lat="36.18647" lon="-118.13177999999999"><ele>2400.0</ele></trkpt><trkpt lat="36.1864" lon="-118.13155"><ele>2399.6738997600987</ele></trkpt><trkpt lat="36.18619" lon="-118.13135999999997"><ele>2399.0</ele></trkpt><trkpt lat="36.18598" lon="-118.13094999999998"><ele>2397.4587563999366</ele></trkpt><trkpt lat="36.18586" lon="-118.13083"><ele>2397.3860011845827</ele></trkpt><trkpt lat="36.18584" lon="-118.13062000000002"><ele>2397.0</ele></trkpt><trkpt lat="36.18566" lon="-118.13051999999999"><ele>2395.8377495799214</ele></trkpt><trkpt lat="36.18551" lon="-118.13035000000002"><ele>2394.318149871912</ele></trkpt><trkpt lat="36.1852" lon="-118.13011"><ele>2393.0</ele></trkpt><trkpt lat="36.18504" lon="-118.12986000000001"><ele>2392.000290899434</ele></trkpt><trkpt lat="36.18481" lon="-118.12959999999998"><ele>2391.0</ele></trkpt><trkpt lat="36.18462" lon="-118.12943000000001"><ele>2390.0</ele></trkpt><trkpt lat="36.18445" lon="-118.12922000000003"><ele>2389.8099475174035</ele></trkpt><trkpt lat="36.18421" lon="-118.12904000000003"><ele>2389.0</ele></trkpt><trkpt lat="36.1839" lon="-118.12896999999998"><ele>2387.2144069243222</ele></trkpt><trkpt lat="36.1839" lon="-118.12896999999998"><ele>2387.2144069243222</ele></trkpt><trkpt lat="36.1839" lon="-118.12896999999998"><ele>2387.2144069243222</ele></trkpt><trkpt lat="36.18374" lon="-118.12887"><ele>2387.0</ele></trkpt><trkpt lat="36.18322" lon="-118.12869999999998"><ele>2388.0</ele></trkpt><trkpt lat="36.18265" lon="-118.12828999999999"><ele>2388.174887110945</ele></trkpt><trkpt lat="36.18265" lon="-118.12828999999999"><ele>2388.174887110945</ele></trkpt><trkpt lat="36.18265" lon="-118.12828999999999"><ele>2388.174887110945</ele></trkpt><trkpt lat="36.18257" lon="-118.12828000000002"><ele>2388.0</ele></trkpt><trkpt lat="36.18235" lon="-118.12837000000002"><ele>2388.0</ele></trkpt><trkpt lat="36.18208" lon="-118.12871000000001"><ele>2386.077609606658</ele></trkpt><trkpt lat="36.18208" lon="-118.12871000000001"><ele>2386.077609606658</ele></trkpt><trkpt lat="36.18196" lon="-118.12891000000002"><ele>2386.5750683635974</ele></trkpt><trkpt lat="36.18196" lon="-118.12891000000002"><ele>2386.5750683635974</ele></trkpt><trkpt lat="36.18197" lon="-118.12903"><ele>2389.0692409047806</ele></trkpt><trkpt lat="36.18204" lon="-118.12916999999999"><ele>2390.865673188656</ele></trkpt><trkpt lat="36.18208" lon="-118.12982999999997"><ele>2398.5176281358627</ele></trkpt><trkpt lat="36.18216" lon="-118.12993"><ele>2400.0641419752646</ele></trkpt><trkpt lat="36.18234" lon="-118.13053000000002"><ele>2406.88948888233</ele></trkpt><trkpt lat="36.18243" lon="-118.13099"><ele>2411.6624304186553</ele></trkpt><trkpt lat="36.18245" lon="-118.13121000000001"><ele>2414.460430178955</ele></trkpt><trkpt lat="36.18241" lon="-118.13135999999997"><ele>2413.266571477665</ele></trkpt><trkpt lat="36.18232" lon="-118.13137"><ele>2412.0</ele></trkpt><trkpt lat="36.18223" lon="-118.13141999999999"><ele>2411.306314667221</ele></trkpt><trkpt lat="36.182" lon="-118.13173999999998"><ele>2408.6905781848627</ele></trkpt><trkpt lat="36.18175" lon="-118.13189"><ele>2409.0</ele></trkpt><trkpt lat="36.18164" lon="-118.13204000000002"><ele>2409.0</ele></trkpt><trkpt lat="36.18147" lon="-118.13218999999998"><ele>2410.0</ele></trkpt><trkpt lat="36.18113" lon="-118.13240000000002"><ele>2411.8986232088023</ele></trkpt><trkpt lat="36.18066" lon="-118.13261999999997"><ele>2416.0</ele></trkpt><trkpt lat="36.18046" lon="-118.13286"><ele>2416.476358895845</ele></trkpt><trkpt lat="36.18004" lon="-118.13324"><ele>2417.0</ele></trkpt><trkpt lat="36.17986" lon="-118.13351999999998"><ele>2418.0</ele></trkpt><trkpt lat="36.17979" lon="-118.13371000000001"><ele>2418.0</ele></trkpt><trkpt lat="36.17948340535248" lon="-118.13427938982932"><ele>2418.0</ele></trkpt><trkpt lat="36.17948340535248" lon="-118.13427938982932"><ele>2418.0</ele></trkpt><trkpt lat="36.17944" lon="-118.13436000000002"><ele>2418.0</ele></trkpt><trkpt lat="36.17923" lon="-118.13517000000002"><ele>2423.736606212728</ele></trkpt><trkpt lat="36.17893" lon="-118.13530000000003"><ele>2427.0</ele></trkpt><trkpt lat="36.17873" lon="-118.13542000000001"><ele>2429.107196445577</ele></trkpt><trkpt lat="36.17863" lon="-118.13551000000001"><ele>2430.301500445232</ele></trkpt><trkpt lat="36.17829" lon="-118.13562999999999"><ele>2434.0</ele></trkpt><trkpt lat="36.17806" lon="-118.13580000000002"><ele>2437.0</ele></trkpt><trkpt lat="36.17804" lon="-118.13580000000002"><ele>2436.816480000969</ele></trkpt><trkpt lat="36.17796" lon="-118.13569000000001"><ele>2437.0</ele></trkpt><trkpt lat="36.17773" lon="-118.13572999999997"><ele>2438.554243554361</ele></trkpt><trkpt lat="36.17768" lon="-118.13557000000003"><ele>2439.0</ele></trkpt><trkpt lat="36.17756" lon="-118.13554999999997"><ele>2439.16563555412</ele></trkpt><trkpt lat="36.1775" lon="-118.13547"><ele>2440.305774504319</ele></trkpt><trkpt lat="36.17732" lon="-118.13533999999999"><ele>2441.812493586771</ele></trkpt><trkpt lat="36.17722" lon="-118.13521000000003"><ele>2442.6409407881915</ele></trkpt><trkpt lat="36.1769" lon="-118.13500999999997"><ele>2444.9465654766886</ele></trkpt><trkpt lat="36.1769" lon="-118.13481999999999"><ele>2444.9922688219226</ele></trkpt><trkpt lat="36.17668" lon="-118.13427000000001"><ele>2448.0</ele></trkpt><trkpt lat="36.17663" lon="-118.13423999999998"><ele>2448.061648485651</ele></trkpt><trkpt lat="36.17629" lon="-118.13416000000001"><ele>2452.0</ele></trkpt><trkpt lat="36.17609" lon="-118.1343"><ele>2453.0</ele></trkpt><trkpt lat="36.17581" lon="-118.13452999999998"><ele>2456.5527773865333</ele></trkpt><trkpt lat="36.175765783622154" lon="-118.13454300653586"><ele>2457.0</ele></trkpt><trkpt lat="36.175765783622154" lon="-118.13454300653586"><ele>2457.0</ele></trkpt><trkpt lat="36.17547" lon="-118.13463000000002"><ele>2460.0</ele></trkpt><trkpt lat="36.17538" lon="-118.13468999999998"><ele>2461.0867306655273</ele></trkpt><trkpt lat="36.17531" lon="-118.13479999999998"><ele>2462.414524571747</ele></trkpt><trkpt lat="36.1752" lon="-118.13481999999999"><ele>2462.226136369817</ele></trkpt><trkpt lat="36.17479" lon="-118.13508999999999"><ele>2467.791879363164</ele></trkpt><trkpt lat="36.1745" lon="-118.13547"><ele>2475.4373653335497</ele></trkpt><trkpt lat="36.17441" lon="-118.13553999999999"><ele>2476.20712961032</ele></trkpt><trkpt lat="36.17419" lon="-118.13557000000003"><ele>2477.0977031122893</ele></trkpt><trkpt lat="36.17413" lon="-118.13560999999999"><ele>2477.9668330896484</ele></trkpt><trkpt lat="36.17369" lon="-118.13608999999997"><ele>2485.8185419016563</ele></trkpt><trkpt lat="36.173632400394254" lon="-118.13614410872054"><ele>2486.853108700365</ele></trkpt><trkpt lat="36.173632400394254" lon="-118.13614410872054"><ele>2486.853108700365</ele></trkpt><trkpt lat="36.17336" lon="-118.13639999999998"><ele>2490.9284435105146</ele></trkpt><trkpt lat="36.17336" lon="-118.13639999999998"><ele>2490.9284435105146</ele></trkpt><trkpt lat="36.17328" lon="-118.13653"><ele>2491.048851637807</ele></trkpt><trkpt lat="36.1731" lon="-118.13670000000002"><ele>2494.0</ele></trkpt><trkpt lat="36.17307" lon="-118.13680999999997"><ele>2494.8933482620173</ele></trkpt><trkpt lat="36.17302" lon="-118.13683000000003"><ele>2496.7786495776168</ele></trkpt><trkpt lat="36.17293" lon="-118.13674000000003"><ele>2496.0921806959523</ele></trkpt><trkpt lat="36.17277" lon="-118.13675"><ele>2498.4400550632204</ele></trkpt><trkpt lat="36.17246" lon="-118.13659999999999"><ele>2500.0991822220385</ele></trkpt><trkpt lat="36.17229" lon="-118.13626999999997"><ele>2504.0</ele></trkpt><trkpt lat="36.17224" lon="-118.13626999999997"><ele>2505.0</ele></trkpt><trkpt lat="36.17219" lon="-118.13630999999998"><ele>2507.507753632448</ele></trkpt><trkpt lat="36.17208" lon="-118.13623000000001"><ele>2509.0</ele></trkpt><trkpt lat="36.172" lon="-118.13623000000001"><ele>2510.0</ele></trkpt><trkpt lat="36.1717" lon="-118.13635999999997"><ele>2513.914371554274</ele></trkpt><trkpt lat="36.17154" lon="-118.13637"><ele>2514.380405333359</ele></trkpt><trkpt lat="36.17135" lon="-118.13635"><ele>2516.0</ele></trkpt><trkpt lat="36.17038" lon="-118.13598999999999"><ele>2528.79001426291</ele></trkpt><trkpt lat="36.17002" lon="-118.13590999999997"><ele>2532.95109431158</ele></trkpt><trkpt lat="36.16979" lon="-118.13571999999999"><ele>2532.47301830651</ele></trkpt><trkpt lat="36.16974" lon="-118.13569999999999"><ele>2533.0</ele></trkpt><trkpt lat="36.16964" lon="-118.13569999999999"><ele>2534.237593639642</ele></trkpt><trkpt lat="36.16963" lon="-118.13571999999999"><ele>2535.6888471840307</ele></trkpt><trkpt lat="36.16978" lon="-118.13583"><ele>2536.214581333101</ele></trkpt><trkpt lat="36.16995" lon="-118.13603"><ele>2538.6213777280686</ele></trkpt><trkpt lat="36.16998" lon="-118.1361"><ele>2540.7974933334626</ele></trkpt><trkpt lat="36.17008" lon="-118.13612999999998"><ele>2539.19559466606</ele></trkpt><trkpt lat="36.17019" lon="-118.13628"><ele>2540.186101333238</ele></trkpt><trkpt lat="36.17053" lon="-118.13731999999999"><ele>2547.653614222072</ele></trkpt><trkpt lat="36.17068" lon="-118.13754"><ele>2548.0</ele></trkpt><trkpt lat="36.17083" lon="-118.13806"><ele>2552.0</ele></trkpt><trkpt lat="36.17078" lon="-118.13819999999998"><ele>2553.0</ele></trkpt><trkpt lat="36.17047" lon="-118.13851999999997"><ele>2550.0</ele></trkpt><trkpt lat="36.17026" lon="-118.13860999999997"><ele>2549.228028445039</ele></trkpt><trkpt lat="36.16993" lon="-118.13884999999999"><ele>2546.0146897435043</ele></trkpt><trkpt lat="36.16959" lon="-118.13916"><ele>2544.0</ele></trkpt><trkpt lat="36.16936" lon="-118.13923999999997"><ele>2543.8679004455917</ele></trkpt><trkpt lat="36.16909" lon="-118.13940000000002"><ele>2542.4113599983975</ele></trkpt><trkpt lat="36.16891" lon="-118.13945999999999"><ele>2542.7012473868435</ele></trkpt><trkpt lat="36.16884" lon="-118.13956000000002"><ele>2541.252758916724</ele></trkpt><trkpt lat="36.16847" lon="-118.13988"><ele>2540.041738666594</ele></trkpt><trkpt lat="36.16827" lon="-118.14013999999997"><ele>2536.9376348931587</ele></trkpt><trkpt lat="36.16813" lon="-118.14015"><ele>2539.1156124893805</ele></trkpt><trkpt lat="36.16797" lon="-118.14044999999999"><ele>2536.755592504551</ele></trkpt><trkpt lat="36.16797" lon="-118.14067999999997"><ele>2533.8767441286627</ele></trkpt><trkpt lat="36.16791" lon="-118.14087"><ele>2532.8611420925354</ele></trkpt><trkpt lat="36.16782" lon="-118.14157999999998"><ele>2526.0</ele></trkpt><trkpt lat="36.16782" lon="-118.14175"><ele>2523.9091639276144</ele></trkpt><trkpt lat="36.16779" lon="-118.14183000000003"><ele>2524.1005637873072</ele></trkpt><trkpt lat="36.16724" lon="-118.14216999999996"><ele>2519.0</ele></trkpt><trkpt lat="36.16693" lon="-118.14219000000003"><ele>2517.0</ele></trkpt><trkpt lat="36.16677" lon="-118.14213000000001"><ele>2516.1841386663727</ele></trkpt><trkpt lat="36.16658" lon="-118.14216999999996"><ele>2514.816335134768</ele></trkpt><trkpt lat="36.16637" lon="-118.14227"><ele>2512.0</ele></trkpt><trkpt lat="36.16625" lon="-118.14242000000002"><ele>2509.9271536173496</ele></trkpt><trkpt lat="36.16592" lon="-118.14258000000001"><ele>2508.2126186657697</ele></trkpt><trkpt lat="36.16585" lon="-118.14258000000001"><ele>2508.185086343416</ele></trkpt><trkpt lat="36.16582" lon="-118.14263"><ele>2507.6490547903795</ele></trkpt><trkpt lat="36.16584" lon="-118.14270999999997"><ele>2507.4477742817253</ele></trkpt><trkpt lat="36.16579" lon="-118.14285000000001"><ele>2506.2103864940673</ele></trkpt><trkpt lat="36.16563" lon="-118.14303999999998"><ele>2503.9033543602645</ele></trkpt><trkpt lat="36.16564" lon="-118.14323999999999"><ele>2503.4543893332593</ele></trkpt><trkpt lat="36.16548" lon="-118.14342999999997"><ele>2502.6915236302457</ele></trkpt><trkpt lat="36.1654" lon="-118.14360999999997"><ele>2501.8796185830283</ele></trkpt><trkpt lat="36.16524" lon="-118.14382999999998"><ele>2503.0</ele></trkpt><trkpt lat="36.16514" lon="-118.14411000000001"><ele>2501.0</ele></trkpt><trkpt lat="36.16512" lon="-118.14420999999999"><ele>2500.0</ele></trkpt><trkpt lat="36.16496" lon="-118.14422000000002"><ele>2497.5897526907243</ele></trkpt><trkpt lat="36.16464" lon="-118.14404000000002"><ele>2494.4043267205125</ele></trkpt><trkpt lat="36.16449" lon="-118.14408000000003"><ele>2493.0</ele></trkpt><trkpt lat="36.16426" lon="-118.14422000000002"><ele>2489.783079110086</ele></trkpt><trkpt lat="36.16419" lon="-118.14423"><ele>2489.0</ele></trkpt><trkpt lat="36.1641" lon="-118.14418999999998"><ele>2488.019765119307</ele></trkpt><trkpt lat="36.16407" lon="-118.14420000000001"><ele>2487.2698478361735</ele></trkpt><trkpt lat="36.164" lon="-118.14432999999997"><ele>2486.6567075569183</ele></trkpt><trkpt lat="36.16396" lon="-118.14435000000003"><ele>2485.7246399982832</ele></trkpt><trkpt lat="36.16366" lon="-118.14429999999999"><ele>2482.725923460585</ele></trkpt><trkpt lat="36.16313" lon="-118.14444000000003"><ele>2475.5303359981626</ele></trkpt><trkpt lat="36.16283" lon="-118.14441999999997"><ele>2473.4624035567977</ele></trkpt><trkpt lat="36.16256" lon="-118.14445999999998"><ele>2470.59826844465</ele></trkpt><trkpt lat="36.1619" lon="-118.14445999999998"><ele>2463.0689296302044</ele></trkpt><trkpt lat="36.16162" lon="-118.14441"><ele>2459.9966089306927</ele></trkpt><trkpt lat="36.16135" lon="-118.14444000000003"><ele>2456.5303359981626</ele></trkpt><trkpt lat="36.16122" lon="-118.14429999999999"><ele>2456.9180926871486</ele></trkpt><trkpt lat="36.16117" lon="-118.14429000000001"><ele>2455.5208426658064</ele></trkpt><trkpt lat="36.16108" lon="-118.14432"><ele>2456.0</ele></trkpt><trkpt lat="36.16089" lon="-118.14432999999997"><ele>2453.0</ele></trkpt><trkpt lat="36.16078" lon="-118.14441999999997"><ele>2451.4624035567977</ele></trkpt><trkpt lat="36.16069" lon="-118.14444000000003"><ele>2450.5303359981626</ele></trkpt><trkpt lat="36.16054" lon="-118.14458000000002"><ele>2448.0022766877883</ele></trkpt><trkpt lat="36.16041" lon="-118.14458000000002"><ele>2449.0</ele></trkpt><trkpt lat="36.16034" lon="-118.14454999999998"><ele>2448.444001380932</ele></trkpt><trkpt lat="36.16028" lon="-118.14445999999998"><ele>2449.59826844465</ele></trkpt><trkpt lat="36.16017" lon="-118.14414"><ele>2448.0</ele></trkpt><trkpt lat="36.1601" lon="-118.144"><ele>2448.007658289435</ele></trkpt><trkpt lat="36.16009" lon="-118.14384999999999"><ele>2447.6365624964237</ele></trkpt><trkpt lat="36.16006" lon="-118.14381000000003"><ele>2447.0</ele></trkpt><trkpt lat="36.15998" lon="-118.144"><ele>2445.0</ele></trkpt><trkpt lat="36.15996" lon="-118.14414"><ele>2444.0</ele></trkpt><trkpt lat="36.15984" lon="-118.14432999999997"><ele>2444.6567075569183</ele></trkpt><trkpt lat="36.15913" lon="-118.14526000000001"><ele>2442.386079301604</ele></trkpt><trkpt lat="36.15905" lon="-118.1454"><ele>2441.0</ele></trkpt><trkpt lat="36.15897" lon="-118.14549999999997"><ele>2441.0</ele></trkpt><trkpt lat="36.1588" lon="-118.14561000000003"><ele>2440.0</ele></trkpt><trkpt lat="36.15869" lon="-118.14564000000001"><ele>2438.6062826663256</ele></trkpt><trkpt lat="36.15853" lon="-118.14557000000002"><ele>2437.9461714946083</ele></trkpt><trkpt lat="36.15844" lon="-118.14557000000002"><ele>2436.9205452366846</ele></trkpt><trkpt lat="36.15841" lon="-118.1456"><ele>2436.3359401635826</ele></trkpt><trkpt lat="36.15836" lon="-118.14573000000001"><ele>2437.0</ele></trkpt><trkpt lat="36.15824" lon="-118.14584000000002"><ele>2435.0424178296553</ele></trkpt><trkpt lat="36.15814" lon="-118.14602000000002"><ele>2433.9918230533985</ele></trkpt><trkpt lat="36.15803" lon="-118.14612999999997"><ele>2434.0</ele></trkpt><trkpt lat="36.15794" lon="-118.14630999999997"><ele>2431.382019557059</ele></trkpt><trkpt lat="36.15774" lon="-118.14645000000002"><ele>2430.8575466661714</ele></trkpt><trkpt lat="36.1576" lon="-118.14647000000002"><ele>2430.0</ele></trkpt><trkpt lat="36.15736" lon="-118.14643000000001"><ele>2429.0</ele></trkpt><trkpt lat="36.15716" lon="-118.14629000000002"><ele>2427.6661307310824</ele></trkpt><trkpt lat="36.15702" lon="-118.14633000000003"><ele>2426.6878087224945</ele></trkpt><trkpt lat="36.15692" lon="-118.14630999999997"><ele>2424.252294923666</ele></trkpt><trkpt lat="36.15692" lon="-118.14630999999997"><ele>2424.252294923666</ele></trkpt><trkpt lat="36.15692" lon="-118.14630999999997"><ele>2424.252294923666</ele></trkpt><trkpt lat="36.15685" lon="-118.14641"><ele>2424.721681777388</ele></trkpt><trkpt lat="36.15668" lon="-118.14652999999998"><ele>2424.0</ele></trkpt><trkpt lat="36.15658" lon="-118.14652999999998"><ele>2423.004610310895</ele></trkpt><trkpt lat="36.15638" lon="-118.14657"><ele>2423.2651413329877</ele></trkpt><trkpt lat="36.15635" lon="-118.14670999999998"><ele>2423.0</ele></trkpt><trkpt lat="36.1563" lon="-118.14679000000001"><ele>2423.0</ele></trkpt><trkpt lat="36.15609" lon="-118.14693999999997"><ele>2422.005405740552</ele></trkpt><trkpt lat="36.15598" lon="-118.14697000000001"><ele>2421.623790221289</ele></trkpt><trkpt lat="36.15598" lon="-118.14697000000001"><ele>2421.623790221289</ele></trkpt><trkpt lat="36.15591" lon="-118.14697000000001"><ele>2421.623790221289</ele></trkpt><trkpt lat="36.15591" lon="-118.14697000000001"><ele>2421.623790221289</ele></trkpt><trkpt lat="36.1558" lon="-118.14697000000001"><ele>2421.0</ele></trkpt><trkpt lat="36.1558" lon="-118.14697000000001"><ele>2421.0</ele></trkpt><trkpt lat="36.15562" lon="-118.14702999999997"><ele>2421.3103205511575</ele></trkpt><trkpt lat="36.15562" lon="-118.14702999999997"><ele>2421.3103205511575</ele></trkpt><trkpt lat="36.15542" lon="-118.14713"><ele>2420.932352726203</ele></trkpt><trkpt lat="36.15536" lon="-118.14711999999997"><ele>2421.0</ele></trkpt><trkpt lat="36.1551" lon="-118.14717999999999"><ele>2420.0</ele></trkpt><trkpt lat="36.15494" lon="-118.14710000000002"><ele>2419.5653511104174</ele></trkpt><trkpt lat="36.15482" lon="-118.14720999999997"><ele>2420.0</ele></trkpt><trkpt lat="36.15457" lon="-118.14715999999999"><ele>2418.773864152623</ele></trkpt><trkpt lat="36.1544" lon="-118.14722999999998"><ele>2417.897274957861</ele></trkpt><trkpt lat="36.15408" lon="-118.14722999999998"><ele>2417.0</ele></trkpt><trkpt lat="36.15396" lon="-118.1472"><ele>2417.9050133335404</ele></trkpt><trkpt lat="36.15385" lon="-118.14729"><ele>2417.0</ele></trkpt><trkpt lat="36.15361" lon="-118.14726999999999"><ele>2416.0</ele></trkpt><trkpt lat="36.15346" lon="-118.14719000000002"><ele>2416.3710471093655</ele></trkpt><trkpt lat="36.15329" lon="-118.14722"><ele>2415.9729457772337</ele></trkpt><trkpt lat="36.15300824909575" lon="-118.14715738817688"><ele>2414.0</ele></trkpt><trkpt lat="36.15299555115733" lon="-118.14715456638976"><ele>2414.02237303555</ele></trkpt><trkpt lat="36.15296992391875" lon="-118.14714887140138"><ele>2414.287778729573</ele></trkpt><trkpt lat="36.15296992391875" lon="-118.14714887140138"><ele>2414.287778729573</ele></trkpt><trkpt lat="36.15293" lon="-118.14713999999998"><ele>2414.891411797754</ele></trkpt><trkpt lat="36.15252302362184" lon="-118.1471460742743"><ele>2416.0</ele></trkpt><trkpt lat="36.152510297397065" lon="-118.14714626421795"><ele>2416.0</ele></trkpt><trkpt lat="36.15226" lon="-118.14715000000001"><ele>2417.0</ele></trkpt><trkpt lat="36.15178" lon="-118.14738999999997"><ele>2418.0</ele></trkpt><trkpt lat="36.15137" lon="-118.14753000000002"><ele>2416.0</ele></trkpt><trkpt lat="36.15137" lon="-118.14753000000002"><ele>2416.0</ele></trkpt><trkpt lat="36.15137" lon="-118.14753000000002"><ele>2416.0</ele></trkpt><trkpt lat="36.1503" lon="-118.14697000000001"><ele>2414.8382563142723</ele></trkpt><trkpt lat="36.1503" lon="-118.14697000000001"><ele>2414.8382563142723</ele></trkpt><trkpt lat="36.14955" lon="-118.14639"><ele>2414.0</ele></trkpt><trkpt lat="36.14878" lon="-118.14609999999999"><ele>2413.168728888966</ele></trkpt><trkpt lat="36.14827" lon="-118.14578"><ele>2416.0</ele></trkpt><trkpt lat="36.14789" lon="-118.14558999999997"><ele>2417.0</ele></trkpt><trkpt lat="36.14769" lon="-118.14555999999999"><ele>2416.0</ele></trkpt><trkpt lat="36.14688" lon="-118.14525000000003"><ele>2417.0</ele></trkpt><trkpt lat="36.14553" lon="-118.14513999999997"><ele>2419.0</ele></trkpt><trkpt lat="36.14534" lon="-118.14516000000003"><ele>2419.0</ele></trkpt><trkpt lat="36.14494" lon="-118.14499999999998"><ele>2420.0</ele></trkpt><trkpt lat="36.14479" lon="-118.14489000000003"><ele>2420.0</ele></trkpt><trkpt lat="36.14447" lon="-118.14477999999997"><ele>2421.0</ele></trkpt><trkpt lat="36.14362" lon="-118.14408000000003"><ele>2426.0</ele></trkpt><trkpt lat="36.14337" lon="-118.14391999999998"><ele>2426.0</ele></trkpt><trkpt lat="36.14326" lon="-118.14375000000001"><ele>2427.0</ele></trkpt><trkpt lat="36.14294" lon="-118.14357999999999"><ele>2428.0</ele></trkpt><trkpt lat="36.14284" lon="-118.14350000000002"><ele>2429.0</ele></trkpt><trkpt lat="36.14246" lon="-118.14328"><ele>2430.0</ele></trkpt><trkpt lat="36.14235" lon="-118.14319"><ele>2430.0</ele></trkpt><trkpt lat="36.14191" lon="-118.14300000000003"><ele>2433.0</ele></trkpt><trkpt lat="36.14176" lon="-118.14288999999997"><ele>2434.0</ele></trkpt><trkpt lat="36.14106" lon="-118.14206999999999"><ele>2440.0</ele></trkpt><trkpt lat="36.1408" lon="-118.14188000000001"><ele>2441.0</ele></trkpt><trkpt lat="36.14037" lon="-118.14138000000003"><ele>2446.5726468895123</ele></trkpt><trkpt lat="36.14024" lon="-118.14120000000003"><ele>2448.0</ele></trkpt><trkpt lat="36.14015" lon="-118.14114999999998"><ele>2449.3162389058257</ele></trkpt><trkpt lat="36.13989" lon="-118.14074"><ele>2453.2046690285206</ele></trkpt><trkpt lat="36.13976" lon="-118.14062000000001"><ele>2455.0</ele></trkpt><trkpt lat="36.13968" lon="-118.14057000000003"><ele>2456.3232238553464</ele></trkpt><trkpt lat="36.13955" lon="-118.14038"><ele>2458.0</ele></trkpt><trkpt lat="36.13921" lon="-118.14008000000001"><ele>2454.0</ele></trkpt><trkpt lat="36.13911775183466" lon="-118.14002559723582"><ele>2453.0</ele></trkpt><trkpt lat="36.13911775183466" lon="-118.14002559723582"><ele>2453.0</ele></trkpt><trkpt lat="36.13882" lon="-118.13985000000002"><ele>2450.0</ele></trkpt><trkpt lat="36.13869" lon="-118.13972999999999"><ele>2448.0</ele></trkpt><trkpt lat="36.13855" lon="-118.13965999999999"><ele>2446.0</ele></trkpt><trkpt lat="36.13838" lon="-118.13963000000001"><ele>2444.307416889351</ele></trkpt><trkpt lat="36.13829" lon="-118.13956000000002"><ele>2444.0</ele></trkpt><trkpt lat="36.13801" lon="-118.13943999999998"><ele>2442.0</ele></trkpt><trkpt lat="36.13787" lon="-118.13941999999997"><ele>2442.0</ele></trkpt><trkpt lat="36.13787" lon="-118.13941999999997"><ele>2442.0</ele></trkpt><trkpt lat="36.13772" lon="-118.13923999999997"><ele>2440.0</ele></trkpt><trkpt lat="36.13752" lon="-118.13923999999997"><ele>2439.1587147941536</ele></trkpt><trkpt lat="36.13748" lon="-118.13918999999999"><ele>2438.8019306664355</ele></trkpt><trkpt lat="36.13746" lon="-118.13905999999997"><ele>2437.0</ele></trkpt><trkpt lat="36.13696" lon="-118.13866999999999"><ele>2432.0</ele></trkpt><trkpt lat="36.13671" lon="-118.13859000000002"><ele>2431.0</ele></trkpt><trkpt lat="36.1365" lon="-118.13844"><ele>2430.0</ele></trkpt><trkpt lat="36.13626" lon="-118.13821999999999"><ele>2427.0</ele></trkpt><trkpt lat="36.13584" lon="-118.13803999999999"><ele>2425.0</ele></trkpt><trkpt lat="36.13526" lon="-118.13747999999998"><ele>2417.0</ele></trkpt><trkpt lat="36.13511" lon="-118.13746000000003"><ele>2416.0</ele></trkpt><trkpt lat="36.13483" lon="-118.13727"><ele>2415.0</ele></trkpt><trkpt lat="36.13462" lon="-118.13716999999997"><ele>2413.2314849435425</ele></trkpt><trkpt lat="36.13392" lon="-118.13670000000002"><ele>2408.0</ele></trkpt><trkpt lat="36.13389" lon="-118.13665000000003"><ele>2407.5636821985245</ele></trkpt><trkpt lat="36.1338" lon="-118.13659000000001"><ele>2406.7690335623743</ele></trkpt><trkpt lat="36.13377" lon="-118.13644999999997"><ele>2406.0</ele></trkpt><trkpt lat="36.13362" lon="-118.13646"><ele>2405.0</ele></trkpt><trkpt lat="36.1329" lon="-118.13594999999998"><ele>2397.0</ele></trkpt><trkpt lat="36.1324" lon="-118.13572999999997"><ele>2392.0</ele></trkpt><trkpt lat="36.13203" lon="-118.13544000000002"><ele>2388.0</ele></trkpt><trkpt lat="36.13174" lon="-118.13526000000002"><ele>2385.0</ele></trkpt><trkpt lat="36.13161" lon="-118.13515000000001"><ele>2384.0025968179107</ele></trkpt><trkpt lat="36.1314" lon="-118.13490999999999"><ele>2382.0</ele></trkpt><trkpt lat="36.13128" lon="-118.13482999999997"><ele>2381.976271497631</ele></trkpt><trkpt lat="36.13099" lon="-118.13454000000002"><ele>2379.0</ele></trkpt><trkpt lat="36.13091" lon="-118.13441999999998"><ele>2375.807383586249</ele></trkpt><trkpt lat="36.13056" lon="-118.13441"><ele>2366.4165402539074</ele></trkpt><trkpt lat="36.13032" lon="-118.13434999999998"><ele>2360.7584177786484</ele></trkpt><trkpt lat="36.12999" lon="-118.13414999999998"><ele>2357.6063994620927</ele></trkpt><trkpt lat="36.12971" lon="-118.13393000000002"><ele>2353.3712786044925</ele></trkpt><trkpt lat="36.1296" lon="-118.13389999999998"><ele>2351.0</ele></trkpt><trkpt lat="36.12944" lon="-118.13373000000001"><ele>2345.9278290531392</ele></trkpt><trkpt lat="36.12922" lon="-118.13367"><ele>2343.04413966841</ele></trkpt><trkpt lat="36.12891" lon="-118.13380999999998"><ele>2334.0</ele></trkpt><trkpt lat="36.12856" lon="-118.13376"><ele>2327.0</ele></trkpt><trkpt lat="36.12836" lon="-118.13366000000002"><ele>2323.0</ele></trkpt><trkpt lat="36.12831" lon="-118.13364999999999"><ele>2322.3807822223753</ele></trkpt><trkpt lat="36.12815" lon="-118.13371999999998"><ele>2321.0</ele></trkpt><trkpt lat="36.12784" lon="-118.13376"><ele>2316.2544106668793</ele></trkpt><trkpt lat="36.12774" lon="-118.13371999999998"><ele>2314.738837633561</ele></trkpt><trkpt lat="36.12768" lon="-118.13378"><ele>2312.4862023725836</ele></trkpt><trkpt lat="36.12757" lon="-118.13382000000001"><ele>2310.0</ele></trkpt><trkpt lat="36.12718" lon="-118.13386000000003"><ele>2305.753457343095</ele></trkpt><trkpt lat="36.12693" lon="-118.13395000000003"><ele>2302.9872602144183</ele></trkpt><trkpt lat="36.12659" lon="-118.13389999999998"><ele>2299.0</ele></trkpt><trkpt lat="36.12629" lon="-118.13391000000001"><ele>2297.0</ele></trkpt><trkpt lat="36.12623" lon="-118.13385"><ele>2297.0</ele></trkpt><trkpt lat="36.12614" lon="-118.13355000000001"><ele>2298.01591260024</ele></trkpt><trkpt lat="36.12604" lon="-118.13339000000002"><ele>2297.5023395568132</ele></trkpt><trkpt lat="36.12587" lon="-118.13342"><ele>2296.0</ele></trkpt><trkpt lat="36.1257" lon="-118.13333"><ele>2296.0</ele></trkpt><trkpt lat="36.12533" lon="-118.13333"><ele>2291.6523501239717</ele></trkpt><trkpt lat="36.12426" lon="-118.13270999999997"><ele>2289.172398382023</ele></trkpt><trkpt lat="36.12413" lon="-118.13254"><ele>2290.4812161335176</ele></trkpt><trkpt lat="36.12401" lon="-118.13245"><ele>2290.0</ele></trkpt><trkpt lat="36.1238" lon="-118.13238999999999"><ele>2286.440075819095</ele></trkpt><trkpt lat="36.12373" lon="-118.13225"><ele>2286.338449722156</ele></trkpt><trkpt lat="36.12366" lon="-118.13218"><ele>2284.2997595369816</ele></trkpt><trkpt lat="36.12321" lon="-118.13211000000001"><ele>2278.33683719486</ele></trkpt><trkpt lat="36.12298" lon="-118.13213999999999"><ele>2275.0</ele></trkpt><trkpt lat="36.12287" lon="-118.13206000000002"><ele>2273.720505684614</ele></trkpt><trkpt lat="36.12283" lon="-118.13197000000002"><ele>2273.0</ele></trkpt><trkpt lat="36.12267" lon="-118.13177999999999"><ele>2270.5669469372137</ele></trkpt><trkpt lat="36.1226" lon="-118.13171999999997"><ele>2269.421709821342</ele></trkpt><trkpt lat="36.12249" lon="-118.13168000000002"><ele>2266.8350268080994</ele></trkpt><trkpt lat="36.1223" lon="-118.13152000000002"><ele>2263.0</ele></trkpt><trkpt lat="36.12215" lon="-118.13144"><ele>2260.4870824901263</ele></trkpt><trkpt lat="36.12193" lon="-118.13143000000002"><ele>2256.9181536463525</ele></trkpt><trkpt lat="36.12186" lon="-118.13139000000001"><ele>2256.316256784263</ele></trkpt><trkpt lat="36.12158" lon="-118.1311"><ele>2252.6687640146656</ele></trkpt><trkpt lat="36.12129" lon="-118.13099999999997"><ele>2250.3753521592125</ele></trkpt><trkpt lat="36.1211" lon="-118.13085999999998"><ele>2248.7626142703184</ele></trkpt><trkpt lat="36.12087" lon="-118.13083"><ele>2250.8679493449945</ele></trkpt><trkpt lat="36.12058" lon="-118.13058999999998"><ele>2250.0</ele></trkpt><trkpt lat="36.1205" lon="-118.13056"><ele>2249.9910832183637</ele></trkpt><trkpt lat="36.12029" lon="-118.13040999999998"><ele>2249.3268572823363</ele></trkpt><trkpt lat="36.12013" lon="-118.13033999999999"><ele>2248.4076917173497</ele></trkpt><trkpt lat="36.12013" lon="-118.13033999999999"><ele>2248.4076917173497</ele></trkpt><trkpt lat="36.12008" lon="-118.13029"><ele>2248.9921732959365</ele></trkpt><trkpt lat="36.11987" lon="-118.13022999999998"><ele>2245.914903293934</ele></trkpt><trkpt lat="36.11972" lon="-118.13013000000001"><ele>2245.0</ele></trkpt><trkpt lat="36.11944" lon="-118.1302"><ele>2242.162435555365</ele></trkpt><trkpt lat="36.1193" lon="-118.13017000000002"><ele>2242.0</ele></trkpt><trkpt lat="36.11919" lon="-118.13009999999997"><ele>2242.0</ele></trkpt><trkpt lat="36.11914" lon="-118.13003000000003"><ele>2242.5639046985425</ele></trkpt><trkpt lat="36.119" lon="-118.12991999999997"><ele>2241.5634865330876</ele></trkpt><trkpt lat="36.11893" lon="-118.12982999999997"><ele>2242.0</ele></trkpt><trkpt lat="36.11886" lon="-118.12977999999998"><ele>2241.0</ele></trkpt><trkpt lat="36.11878" lon="-118.12979000000001"><ele>2240.820546682435</ele></trkpt><trkpt lat="36.11868" lon="-118.12968000000001"><ele>2239.396191999316</ele></trkpt><trkpt lat="36.11859" lon="-118.12970999999999"><ele>2239.9980906671844</ele></trkpt><trkpt lat="36.1184" lon="-118.12970999999999"><ele>2237.9996779745484</ele></trkpt><trkpt lat="36.11826" lon="-118.12970000000001"><ele>2236.3501878994034</ele></trkpt><trkpt lat="36.11813" lon="-118.12964"><ele>2235.448657981242</ele></trkpt><trkpt lat="36.11788" lon="-118.12934999999999"><ele>2236.0</ele></trkpt><trkpt lat="36.11777" lon="-118.12916000000001"><ele>2236.305982871184</ele></trkpt><trkpt lat="36.11778" lon="-118.1291"><ele>2236.6005426059</ele></trkpt><trkpt lat="36.11787" lon="-118.12905"><ele>2237.4364300738785</ele></trkpt><trkpt lat="36.1179" lon="-118.12900000000002"><ele>2237.9868378410993</ele></trkpt><trkpt lat="36.11781" lon="-118.12894"><ele>2236.7003065095573</ele></trkpt><trkpt lat="36.1177" lon="-118.12869"><ele>2238.0</ele></trkpt><trkpt lat="36.11746" lon="-118.12878"><ele>2237.3392319991253</ele></trkpt><trkpt lat="36.11695" lon="-118.12869999999998"><ele>2233.012094596341</ele></trkpt><trkpt lat="36.11678" lon="-118.12860999999998"><ele>2232.0</ele></trkpt><trkpt lat="36.11664" lon="-118.1286"><ele>2231.0</ele></trkpt><trkpt lat="36.11629" lon="-118.12828000000002"><ele>2226.0</ele></trkpt><trkpt lat="36.11605" lon="-118.12819000000002"><ele>2222.0</ele></trkpt><trkpt lat="36.11588" lon="-118.12817999999999"><ele>2219.450632909313</ele></trkpt><trkpt lat="36.11575" lon="-118.12805000000003"><ele>2217.0</ele></trkpt><trkpt lat="36.11574" lon="-118.12799000000001"><ele>2217.0</ele></trkpt><trkpt lat="36.11576" lon="-118.12760000000003"><ele>2213.0</ele></trkpt><trkpt lat="36.11566" lon="-118.12756000000002"><ele>2212.9528980215287</ele></trkpt><trkpt lat="36.11557" lon="-118.12743999999998"><ele>2212.0</ele></trkpt><trkpt lat="36.11544" lon="-118.12738999999999"><ele>2211.0079221201586</ele></trkpt><trkpt lat="36.11526" lon="-118.12743"><ele>2209.0</ele></trkpt><trkpt lat="36.11499" lon="-118.12738000000002"><ele>2206.628466139336</ele></trkpt><trkpt lat="36.11478" lon="-118.12720999999999"><ele>2204.0</ele></trkpt><trkpt lat="36.11472" lon="-118.12702000000002"><ele>2202.530922492966</ele></trkpt><trkpt lat="36.11471" lon="-118.12684999999999"><ele>2201.6833248867015</ele></trkpt><trkpt lat="36.11481" lon="-118.12655999999998"><ele>2203.0</ele></trkpt><trkpt lat="36.11499" lon="-118.12633"><ele>2206.0</ele></trkpt><trkpt lat="36.11502" lon="-118.12625000000003"><ele>2206.8376493845135</ele></trkpt><trkpt lat="36.11501" lon="-118.12617999999998"><ele>2207.0</ele></trkpt><trkpt lat="36.11487" lon="-118.12616000000003"><ele>2204.543262204149</ele></trkpt><trkpt lat="36.11462" lon="-118.12598000000003"><ele>2204.0</ele></trkpt><trkpt lat="36.11443" lon="-118.12594999999999"><ele>2201.0</ele></trkpt><trkpt lat="36.11422" lon="-118.12576000000001"><ele>2198.712051801757</ele></trkpt><trkpt lat="36.11415" lon="-118.12563"><ele>2199.0</ele></trkpt><trkpt lat="36.11393" lon="-118.12543"><ele>2196.440678596246</ele></trkpt><trkpt lat="36.1139" lon="-118.12520999999998"><ele>2197.0</ele></trkpt><trkpt lat="36.1138" lon="-118.125"><ele>2196.457372283563</ele></trkpt><trkpt lat="36.1138" lon="-118.125"><ele>2196.457372283563</ele></trkpt><trkpt lat="36.11376" lon="-118.12495000000001"><ele>2196.830168887973</ele></trkpt><trkpt lat="36.11369" lon="-118.125"><ele>2195.5</ele></trkpt><trkpt lat="36.11369" lon="-118.125"><ele>2195.5</ele></trkpt><trkpt lat="36.11346" lon="-118.12493"><ele>2195.0</ele></trkpt><trkpt lat="36.11336" lon="-118.12482"><ele>2194.0745898000896</ele></trkpt><trkpt lat="36.11335" lon="-118.12468999999999"><ele>2195.0</ele></trkpt><trkpt lat="36.1134" lon="-118.12453"><ele>2197.631482479247</ele></trkpt><trkpt lat="36.11339" lon="-118.12443000000002"><ele>2196.753754976605</ele></trkpt><trkpt lat="36.11315" lon="-118.12421999999998"><ele>2194.994044820683</ele></trkpt><trkpt lat="36.11312" lon="-118.12398999999999"><ele>2194.6682297335788</ele></trkpt><trkpt lat="36.11302" lon="-118.12392"><ele>2194.9092109511585</ele></trkpt><trkpt lat="36.11295" lon="-118.12392999999997"><ele>2194.0</ele></trkpt><trkpt lat="36.11284" lon="-118.12414999999999"><ele>2190.0359318098053</ele></trkpt><trkpt lat="36.11265" lon="-118.12414999999999"><ele>2189.216052054897</ele></trkpt><trkpt lat="36.11239" lon="-118.12396000000001"><ele>2189.1137740727772</ele></trkpt><trkpt lat="36.11232" lon="-118.12378999999999"><ele>2189.0794874206185</ele></trkpt><trkpt lat="36.11227" lon="-118.12376999999998"><ele>2188.0</ele></trkpt><trkpt lat="36.11146" lon="-118.12403"><ele>2181.0</ele></trkpt><trkpt lat="36.11101" lon="-118.12423000000001"><ele>2176.0</ele></trkpt><trkpt lat="36.11083" lon="-118.12427000000002"><ele>2174.0</ele></trkpt><trkpt lat="36.11075" lon="-118.12423999999999"><ele>2174.0</ele></trkpt><trkpt lat="36.11065" lon="-118.12412"><ele>2174.0</ele></trkpt><trkpt lat="36.11047" lon="-118.12382000000002"><ele>2174.0</ele></trkpt><trkpt lat="36.11025" lon="-118.12353000000002"><ele>2170.0</ele></trkpt><trkpt lat="36.11" lon="-118.12374"><ele>2168.0</ele></trkpt><trkpt lat="36.1097" lon="-118.12369000000001"><ele>2165.5504248882644</ele></trkpt><trkpt lat="36.10967" lon="-118.12362999999999"><ele>2166.0</ele></trkpt><trkpt lat="36.10967" lon="-118.12362999999999"><ele>2166.0</ele></trkpt><trkpt lat="36.10967" lon="-118.12362999999999"><ele>2166.0</ele></trkpt><trkpt lat="36.10955" lon="-118.12362999999999"><ele>2163.0</ele></trkpt><trkpt lat="36.10945" lon="-118.12353999999999"><ele>2160.5202010888606</ele></trkpt><trkpt lat="36.10932" lon="-118.12349"><ele>2157.0</ele></trkpt><trkpt lat="36.10912" lon="-118.12351999999998"><ele>2152.0</ele></trkpt><trkpt lat="36.10876" lon="-118.12373000000002"><ele>2146.0</ele></trkpt><trkpt lat="36.10867" lon="-118.12374"><ele>2146.0</ele></trkpt><trkpt lat="36.10857" lon="-118.12365"><ele>2146.0</ele></trkpt><trkpt lat="36.10849" lon="-118.12349"><ele>2149.0</ele></trkpt><trkpt lat="36.10836" lon="-118.12337000000002"><ele>2154.8196367193013</ele></trkpt><trkpt lat="36.10836" lon="-118.12337000000002"><ele>2154.8196367193013</ele></trkpt><trkpt lat="36.1081" lon="-118.12344999999999"><ele>2153.735235556029</ele></trkpt><trkpt lat="36.10767" lon="-118.1234"><ele>2152.0</ele></trkpt><trkpt lat="36.10752" lon="-118.12326000000002"><ele>2151.6675174035245</ele></trkpt><trkpt lat="36.10738" lon="-118.12317999999999"><ele>2151.3956058717386</ele></trkpt><trkpt lat="36.10729" lon="-118.12308999999999"><ele>2151.0</ele></trkpt><trkpt lat="36.10712" lon="-118.12266999999997"><ele>2149.115891667083</ele></trkpt><trkpt lat="36.10711" lon="-118.12234999999998"><ele>2147.539057729766</ele></trkpt><trkpt lat="36.10708" lon="-118.12225000000001"><ele>2146.8085563573986</ele></trkpt><trkpt lat="36.10709" lon="-118.12176999999997"><ele>2145.0</ele></trkpt><trkpt lat="36.10721" lon="-118.12131999999997"><ele>2144.3072681602475</ele></trkpt><trkpt lat="36.10726" lon="-118.12097"><ele>2142.191574504599</ele></trkpt><trkpt lat="36.10724" lon="-118.12079"><ele>2141.3263211622425</ele></trkpt><trkpt lat="36.10727" lon="-118.12063999999998"><ele>2141.0</ele></trkpt><trkpt lat="36.10724" lon="-118.12054"><ele>2140.037904644385</ele></trkpt><trkpt lat="36.10729" lon="-118.12036"><ele>2140.0</ele></trkpt><trkpt lat="36.10722" lon="-118.11987999999997"><ele>2138.0</ele></trkpt><trkpt lat="36.10725" lon="-118.11984000000001"><ele>2138.6147395391017</ele></trkpt><trkpt lat="36.10751" lon="-118.11973"><ele>2136.9001991110854</ele></trkpt><trkpt lat="36.10771" lon="-118.11948000000001"><ele>2135.149223966524</ele></trkpt><trkpt lat="36.10768" lon="-118.11941000000002"><ele>2135.0128817772493</ele></trkpt><trkpt lat="36.10759" lon="-118.11939000000001"><ele>2135.0</ele></trkpt><trkpt lat="36.10753" lon="-118.11941000000002"><ele>2135.0</ele></trkpt><trkpt lat="36.1075" lon="-118.11939000000001"><ele>2135.0</ele></trkpt><trkpt lat="36.10742" lon="-118.11919999999998"><ele>2131.4209439437836</ele></trkpt><trkpt lat="36.10741" lon="-118.11900000000003"><ele>2129.101518030733</ele></trkpt><trkpt lat="36.10733" lon="-118.11894999999998"><ele>2128.576517355864</ele></trkpt><trkpt lat="36.10723" lon="-118.11876999999998"><ele>2127.9132557163675</ele></trkpt><trkpt lat="36.10682" lon="-118.11860999999999"><ele>2125.0</ele></trkpt><trkpt lat="36.10663" lon="-118.11860000000001"><ele>2124.0</ele></trkpt><trkpt lat="36.10652" lon="-118.11856"><ele>2123.0</ele></trkpt><trkpt lat="36.10649" lon="-118.11851000000001"><ele>2122.0</ele></trkpt><trkpt lat="36.10649" lon="-118.11840999999998"><ele>2120.8616478881368</ele></trkpt><trkpt lat="36.10647" lon="-118.11836"><ele>2120.0</ele></trkpt><trkpt lat="36.10655" lon="-118.11829"><ele>2121.0</ele></trkpt><trkpt lat="36.10664" lon="-118.11810000000003"><ele>2121.400853690619</ele></trkpt><trkpt lat="36.10663" lon="-118.11806999999999"><ele>2121.06869669249</ele></trkpt><trkpt lat="36.10653" lon="-118.118"><ele>2121.0</ele></trkpt><trkpt lat="36.10644" lon="-118.11802999999998"><ele>2120.3255431121215</ele></trkpt><trkpt lat="36.10602" lon="-118.118"><ele>2118.0</ele></trkpt><trkpt lat="36.10585" lon="-118.11802"><ele>2116.0</ele></trkpt><trkpt lat="36.10563" lon="-118.11795999999998"><ele>2114.657215872563</ele></trkpt><trkpt lat="36.10555" lon="-118.11804999999998"><ele>2113.0</ele></trkpt><trkpt lat="36.10538" lon="-118.11811"><ele>2111.446695459437</ele></trkpt><trkpt lat="36.10534" lon="-118.11810000000003"><ele>2111.0</ele></trkpt><trkpt lat="36.1053" lon="-118.11802999999998"><ele>2110.0434028757404</ele></trkpt><trkpt lat="36.1052" lon="-118.11809"><ele>2109.0</ele></trkpt><trkpt lat="36.10511" lon="-118.11810000000003"><ele>2108.0</ele></trkpt><trkpt lat="36.10502" lon="-118.11822000000001"><ele>2108.0</ele></trkpt><trkpt lat="36.10479" lon="-118.11835000000002"><ele>2103.4124622214586</ele></trkpt><trkpt lat="36.10465" lon="-118.11833999999999"><ele>2103.0</ele></trkpt><trkpt lat="36.10442" lon="-118.11840000000001"><ele>2102.0</ele></trkpt><trkpt lat="36.10416" lon="-118.11838"><ele>2100.0143608883955</ele></trkpt><trkpt lat="36.10407" lon="-118.11847"><ele>2099.0</ele></trkpt><trkpt lat="36.10395" lon="-118.11847999999998"><ele>2098.0931828659423</ele></trkpt><trkpt lat="36.10379" lon="-118.11845"><ele>2098.7521244450472</ele></trkpt><trkpt lat="36.10354" lon="-118.11847999999998"><ele>2097.1366407582136</ele></trkpt><trkpt lat="36.10345" lon="-118.11865"><ele>2098.0</ele></trkpt><trkpt lat="36.10347" lon="-118.11879999999996"><ele>2096.423617657274</ele></trkpt><trkpt lat="36.10339" lon="-118.11894999999998"><ele>2095.0</ele></trkpt><trkpt lat="36.10341" lon="-118.11906999999997"><ele>2095.0</ele></trkpt><trkpt lat="36.10336" lon="-118.11918000000003"><ele>2094.0</ele></trkpt><trkpt lat="36.10332" lon="-118.11921000000001"><ele>2094.0</ele></trkpt><trkpt lat="36.1032" lon="-118.11918000000003"><ele>2093.002615420148</ele></trkpt><trkpt lat="36.10301" lon="-118.11905999999999"><ele>2092.0</ele></trkpt><trkpt lat="36.1029" lon="-118.11912999999998"><ele>2090.0618275557645</ele></trkpt><trkpt lat="36.10261" lon="-118.1191"><ele>2088.0</ele></trkpt><trkpt lat="36.10238" lon="-118.11912999999998"><ele>2086.0618275557645</ele></trkpt><trkpt lat="36.10238" lon="-118.11912999999998"><ele>2086.0618275557645</ele></trkpt><trkpt lat="36.10219" lon="-118.11906999999997"><ele>2083.963892200628</ele></trkpt><trkpt lat="36.10186" lon="-118.11903000000001"><ele>2079.9198110688244</ele></trkpt><trkpt lat="36.10159" lon="-118.11887000000002"><ele>2078.0</ele></trkpt><trkpt lat="36.10148" lon="-118.1189"><ele>2075.174026428192</ele></trkpt><trkpt lat="36.10148" lon="-118.1189"><ele>2075.174026428192</ele></trkpt><trkpt lat="36.10141" lon="-118.11903000000001"><ele>2076.0</ele></trkpt><trkpt lat="36.10141" lon="-118.11903000000001"><ele>2076.0</ele></trkpt><trkpt lat="36.10138" lon="-118.11905000000002"><ele>2076.2099022231996</ele></trkpt><trkpt lat="36.10132" lon="-118.11899"><ele>2075.4136995556764</ele></trkpt><trkpt lat="36.10116" lon="-118.11897999999997"><ele>2076.6293599138153</ele></trkpt><trkpt lat="36.10103" lon="-118.11905000000002"><ele>2078.2099022231996</ele></trkpt><trkpt lat="36.10093" lon="-118.11919999999998"><ele>2081.0</ele></trkpt><trkpt lat="36.10069" lon="-118.11917"><ele>2082.955158389766</ele></trkpt><trkpt lat="36.10063" lon="-118.11926"><ele>2085.0</ele></trkpt><trkpt lat="36.10065" lon="-118.11951999999997"><ele>2085.0</ele></trkpt><trkpt lat="36.10062" lon="-118.11957999999998"><ele>2085.1722225734047</ele></trkpt><trkpt lat="36.10069" lon="-118.11969999999997"><ele>2085.0</ele></trkpt><trkpt lat="36.10062" lon="-118.11975999999999"><ele>2085.0</ele></trkpt><trkpt lat="36.10017" lon="-118.1198"><ele>2082.162435555365</ele></trkpt><trkpt lat="36.09983" lon="-118.11995999999999"><ele>2081.385891226294</ele></trkpt><trkpt lat="36.09976" lon="-118.12000999999998"><ele>2081.556173772739</ele></trkpt><trkpt lat="36.09951" lon="-118.12032999999997"><ele>2083.8622257760726</ele></trkpt><trkpt lat="36.09937" lon="-118.12044000000003"><ele>2084.9782392884094</ele></trkpt><trkpt lat="36.09923" lon="-118.12045999999998"><ele>2082.0154118958108</ele></trkpt><trkpt lat="36.09908" lon="-118.12038999999999"><ele>2080.6584284435958</ele></trkpt><trkpt lat="36.09892" lon="-118.12044000000003"><ele>2082.9771946696565</ele></trkpt><trkpt lat="36.09875" lon="-118.12040000000002"><ele>2079.5392302695577</ele></trkpt><trkpt lat="36.09866" lon="-118.12041999999997"><ele>2080.1971543370746</ele></trkpt><trkpt lat="36.0986" lon="-118.12045999999998"><ele>2080.9206648878753</ele></trkpt><trkpt lat="36.09843" lon="-118.12065000000001"><ele>2081.775306667667</ele></trkpt><trkpt lat="36.09821" lon="-118.12095"><ele>2078.801635969039</ele></trkpt><trkpt lat="36.09814" lon="-118.12094000000002"><ele>2077.3957404359035</ele></trkpt><trkpt lat="36.09809" lon="-118.12077999999997"><ele>2074.6130135420776</ele></trkpt><trkpt lat="36.09791" lon="-118.12063"><ele>2072.84323911136</ele></trkpt><trkpt lat="36.09779" lon="-118.12063"><ele>2073.84323911136</ele></trkpt><trkpt lat="36.09766" lon="-118.12068"><ele>2074.1734079997987</ele></trkpt><trkpt lat="36.09733" lon="-118.12108"><ele>2073.43061606586</ele></trkpt><trkpt lat="36.09727" lon="-118.12116000000003"><ele>2073.970044787973</ele></trkpt><trkpt lat="36.09724" lon="-118.12128999999999"><ele>2074.8412285801023</ele></trkpt><trkpt lat="36.09721" lon="-118.12130000000002"><ele>2074.067502223421</ele></trkpt><trkpt lat="36.09705" lon="-118.12128000000001"><ele>2072.135434667114</ele></trkpt><trkpt lat="36.09689" lon="-118.12115"><ele>2071.0</ele></trkpt><trkpt lat="36.09658" lon="-118.12110000000001"><ele>2073.5731616783887</ele></trkpt><trkpt lat="36.09653" lon="-118.12103000000002"><ele>2071.0</ele></trkpt><trkpt lat="36.09657" lon="-118.12083000000001"><ele>2071.4030915703624</ele></trkpt><trkpt lat="36.09672" lon="-118.12072"><ele>2070.9906793776536</ele></trkpt><trkpt lat="36.09675" lon="-118.12065000000001"><ele>2070.241333185688</ele></trkpt><trkpt lat="36.09677" lon="-118.12050999999997"><ele>2069.8679464533925</ele></trkpt><trkpt lat="36.09676" lon="-118.12027"><ele>2068.444704404101</ele></trkpt><trkpt lat="36.09673" lon="-118.12004999999999"><ele>2065.1423059647577</ele></trkpt><trkpt lat="36.09648" lon="-118.11977999999999"><ele>2064.2303679999895</ele></trkpt><trkpt lat="36.09636" lon="-118.11975000000001"><ele>2063.913623649885</ele></trkpt><trkpt lat="36.09614" lon="-118.11964"><ele>2063.0</ele></trkpt><trkpt lat="36.09599" lon="-118.11950000000002"><ele>2063.6997582572853</ele></trkpt><trkpt lat="36.09575" lon="-118.11948000000001"><ele>2063.2493546670303</ele></trkpt><trkpt lat="36.09566" lon="-118.11953"><ele>2062.6267720002406</ele></trkpt><trkpt lat="36.09557" lon="-118.11964"><ele>2062.6505693181607</ele></trkpt><trkpt lat="36.09542" lon="-118.11964"><ele>2062.0</ele></trkpt><trkpt lat="36.09531" lon="-118.11968999999999"><ele>2060.9288319002676</ele></trkpt><trkpt lat="36.09516" lon="-118.11989"><ele>2059.0</ele></trkpt><trkpt lat="36.095" lon="-118.12"><ele>2058.0</ele></trkpt><trkpt lat="36.09479" lon="-118.12007"><ele>2056.0</ele></trkpt><trkpt lat="36.09451" lon="-118.12008000000003"><ele>2056.211381335277</ele></trkpt><trkpt lat="36.09445" lon="-118.12005999999997"><ele>2056.1882085868783</ele></trkpt><trkpt lat="36.09437" lon="-118.11996999999997"><ele>2057.2877502869815</ele></trkpt><trkpt lat="36.0943" lon="-118.11959999999999"><ele>2059.0</ele></trkpt><trkpt lat="36.09425" lon="-118.11951999999997"><ele>2060.0</ele></trkpt><trkpt lat="36.09421" lon="-118.11948000000001"><ele>2060.0</ele></trkpt><trkpt lat="36.09418" lon="-118.11948999999998"><ele>2060.7853471543567</ele></trkpt><trkpt lat="36.09416" lon="-118.11971"><ele>2063.0</ele></trkpt><trkpt lat="36.09413" lon="-118.11981000000003"><ele>2063.0</ele></trkpt><trkpt lat="36.0938" lon="-118.12041999999997"><ele>2067.0</ele></trkpt><trkpt lat="36.09369" lon="-118.12054"><ele>2067.0</ele></trkpt><trkpt lat="36.09366" lon="-118.12068999999997"><ele>2065.0851393329463</ele></trkpt><trkpt lat="36.09353" lon="-118.12076000000002"><ele>2065.0</ele></trkpt><trkpt lat="36.09352" lon="-118.12101000000001"><ele>2064.6189898285797</ele></trkpt><trkpt lat="36.09349" lon="-118.12110000000001"><ele>2064.040619203821</ele></trkpt><trkpt lat="36.09335" lon="-118.12131"><ele>2061.5813508611172</ele></trkpt><trkpt lat="36.09296" lon="-118.12176"><ele>2057.102357781958</ele></trkpt><trkpt lat="36.09276" lon="-118.12230999999997"><ele>2049.1225579631487</ele></trkpt><trkpt lat="36.0927" lon="-118.12242000000003"><ele>2049.4437746064696</ele></trkpt><trkpt lat="36.09238" lon="-118.12275"><ele>2045.0576320085675</ele></trkpt><trkpt lat="36.092" lon="-118.12305000000003"><ele>2040.366478469236</ele></trkpt><trkpt lat="36.09178" lon="-118.12338999999997"><ele>2034.0</ele></trkpt><trkpt lat="36.09168" lon="-118.12337000000002"><ele>2034.0</ele></trkpt><trkpt lat="36.09147" lon="-118.12344000000002"><ele>2033.2012693323195</ele></trkpt><trkpt lat="36.09134" lon="-118.12344000000002"><ele>2032.2012693323195</ele></trkpt><trkpt lat="36.09121" lon="-118.12347999999997"><ele>2030.1800448920685</ele></trkpt><trkpt lat="36.09114" lon="-118.12353999999999"><ele>2029.308906348127</ele></trkpt><trkpt lat="36.09106" lon="-118.12369000000001"><ele>2026.5504248882644</ele></trkpt><trkpt lat="36.09071" lon="-118.12380999999999"><ele>2024.0</ele></trkpt><trkpt lat="36.0905" lon="-118.12376999999998"><ele>2023.0</ele></trkpt><trkpt lat="36.09024" lon="-118.12394999999998"><ele>2019.433546667453</ele></trkpt><trkpt lat="36.09011" lon="-118.12398000000002"><ele>2019.0354453320615</ele></trkpt><trkpt lat="36.09005" lon="-118.12403999999998"><ele>2017.239242667798</ele></trkpt><trkpt lat="36.08999" lon="-118.12405999999999"><ele>2017.307175111957</ele></trkpt><trkpt lat="36.0898" lon="-118.12405000000001"><ele>2016.773208887782</ele></trkpt><trkpt lat="36.08962" lon="-118.12389999999999"><ele>2014.9453827543875</ele></trkpt><trkpt lat="36.08954" lon="-118.12389000000002"><ele>2013.229749332182</ele></trkpt><trkpt lat="36.08937" lon="-118.12394999999998"><ele>2011.0</ele></trkpt><trkpt lat="36.08898" lon="-118.12398000000002"><ele>2008.0354453320615</ele></trkpt><trkpt lat="36.08886" lon="-118.12403"><ele>2007.7052764440887</ele></trkpt><trkpt lat="36.08828" lon="-118.12365999999997"><ele>2006.9737982268618</ele></trkpt><trkpt lat="36.08823" lon="-118.12367999999998"><ele>2005.613951152709</ele></trkpt><trkpt lat="36.08816" lon="-118.12376"><ele>2005.1237407639935</ele></trkpt><trkpt lat="36.0881" lon="-118.12378000000001"><ele>2005.3561208886094</ele></trkpt><trkpt lat="36.08768" lon="-118.12374"><ele>2003.1958866986517</ele></trkpt><trkpt lat="36.08755" lon="-118.12365"><ele>2004.1626644947357</ele></trkpt><trkpt lat="36.08751" lon="-118.12356999999997"><ele>2005.0</ele></trkpt><trkpt lat="36.08732" lon="-118.12358999999998"><ele>2001.210762667004</ele></trkpt><trkpt lat="36.08724" lon="-118.12353999999999"><ele>2001.0</ele></trkpt><trkpt lat="36.08717" lon="-118.12355000000002"><ele>1999.0358160369224</ele></trkpt><trkpt lat="36.08711" lon="-118.12360999999999"><ele>1997.2786951116286</ele></trkpt><trkpt lat="36.08695" lon="-118.12365"><ele>1995.8776961212156</ele></trkpt><trkpt lat="36.08664" lon="-118.12383999999997"><ele>1991.0</ele></trkpt><trkpt lat="36.08636" lon="-118.12385999999998"><ele>1989.0</ele></trkpt><trkpt lat="36.08628" lon="-118.12392999999997"><ele>1987.4628642089335</ele></trkpt><trkpt lat="36.08607" lon="-118.12396999999999"><ele>1985.0</ele></trkpt><trkpt lat="36.08594" lon="-118.12407000000002"><ele>1982.0</ele></trkpt><trkpt lat="36.08587" lon="-118.12407999999999"><ele>1981.5094378199428</ele></trkpt><trkpt lat="36.08571" lon="-118.12421999999998"><ele>1978.0</ele></trkpt><trkpt lat="36.0852" lon="-118.12437999999997"><ele>1971.0</ele></trkpt><trkpt lat="36.08507" lon="-118.12445000000002"><ele>1969.0</ele></trkpt><trkpt lat="36.08462" lon="-118.12459999999999"><ele>1964.0</ele></trkpt><trkpt lat="36.08462" lon="-118.12459999999999"><ele>1964.0</ele></trkpt><trkpt lat="36.08452" lon="-118.12459000000001"><ele>1963.0</ele></trkpt><trkpt lat="36.08414" lon="-118.12473999999997"><ele>1957.7452398911119</ele></trkpt><trkpt lat="36.08342" lon="-118.12459999999999"><ele>1953.0</ele></trkpt><trkpt lat="36.08322" lon="-118.12448999999998"><ele>1952.7747082361197</ele></trkpt><trkpt lat="36.08287" lon="-118.12407999999999"><ele>1953.1910557296783</ele></trkpt><trkpt lat="36.08249" lon="-118.12392"><ele>1951.9320633450195</ele></trkpt><trkpt lat="36.08203" lon="-118.12365999999997"><ele>1952.0</ele></trkpt><trkpt lat="36.08161" lon="-118.12373000000002"><ele>1948.0</ele></trkpt><trkpt lat="36.08137" lon="-118.12380999999999"><ele>1945.0</ele></trkpt><trkpt lat="36.08082" lon="-118.12394999999998"><ele>1937.0</ele></trkpt><trkpt lat="36.08065" lon="-118.12401999999997"><ele>1934.0</ele></trkpt><trkpt lat="36.08059" lon="-118.12407999999999"><ele>1932.0126310936862</ele></trkpt><trkpt lat="36.08047" lon="-118.1241"><ele>1931.5569600001909</ele></trkpt><trkpt lat="36.08009" lon="-118.12405999999999"><ele>1930.0</ele></trkpt><trkpt lat="36.07999" lon="-118.12407999999999"><ele>1928.0</ele></trkpt><trkpt lat="36.07986" lon="-118.12414000000001"><ele>1926.3954929765036</ele></trkpt><trkpt lat="36.07971" lon="-118.12416999999999"><ele>1923.871575303813</ele></trkpt><trkpt lat="36.0795" lon="-118.12432999999999"><ele>1922.0497504216592</ele></trkpt><trkpt lat="36.07939" lon="-118.12432999999999"><ele>1921.275736888405</ele></trkpt><trkpt lat="36.07927" lon="-118.12428"><ele>1920.8679623136</ele></trkpt><trkpt lat="36.07909" lon="-118.12427000000002"><ele>1916.7598601906711</ele></trkpt><trkpt lat="36.07898" lon="-118.12421999999998"><ele>1914.6841660659575</ele></trkpt><trkpt lat="36.07898" lon="-118.12421999999998"><ele>1914.6841660659575</ele></trkpt><trkpt lat="36.07893" lon="-118.12392999999997"><ele>1914.0</ele></trkpt><trkpt lat="36.07893" lon="-118.12392999999997"><ele>1914.0</ele></trkpt><trkpt lat="36.07883" lon="-118.12392"><ele>1914.8316479995847</ele></trkpt><trkpt lat="36.07871" lon="-118.12400000000002"><ele>1915.0</ele></trkpt><trkpt lat="36.07862" lon="-118.12401999999997"><ele>1915.6377318863701</ele></trkpt><trkpt lat="36.07842" lon="-118.12416999999999"><ele>1916.1808035555296</ele></trkpt><trkpt lat="36.07825" lon="-118.12437"><ele>1919.7723184082245</ele></trkpt><trkpt lat="36.07803" lon="-118.12450999999999"><ele>1922.1958815971357</ele></trkpt><trkpt lat="36.07799" lon="-118.12454000000002"><ele>1923.0</ele></trkpt><trkpt lat="36.07794" lon="-118.12468000000001"><ele>1924.3193782680007</ele></trkpt><trkpt lat="36.07782" lon="-118.12479000000002"><ele>1924.7807305097708</ele></trkpt><trkpt lat="36.07773" lon="-118.125"><ele>1920.9410811150447</ele></trkpt><trkpt lat="36.07773" lon="-118.125"><ele>1920.9410811150447</ele></trkpt><trkpt lat="36.07765" lon="-118.12509999999997"><ele>1921.4157221039754</ele></trkpt><trkpt lat="36.07746" lon="-118.12511999999998"><ele>1923.0</ele></trkpt><trkpt lat="36.07742" lon="-118.1252"><ele>1923.8008175962852</ele></trkpt><trkpt lat="36.07738" lon="-118.12540999999999"><ele>1924.0</ele></trkpt><trkpt lat="36.07719" lon="-118.12544000000003"><ele>1921.9945137761533</ele></trkpt><trkpt lat="36.07717" lon="-118.12576999999999"><ele>1918.6818091334512</ele></trkpt><trkpt lat="36.07704" lon="-118.1259"><ele>1918.5569599997252</ele></trkpt><trkpt lat="36.07701" lon="-118.12596000000002"><ele>1918.398490427062</ele></trkpt><trkpt lat="36.07699" lon="-118.12617999999998"><ele>1920.0</ele></trkpt><trkpt lat="36.0769" lon="-118.12632000000002"><ele>1920.0</ele></trkpt><trkpt lat="36.07687" lon="-118.12644999999998"><ele>1918.9251022231765</ele></trkpt><trkpt lat="36.07685" lon="-118.12649999999996"><ele>1917.847812206708</ele></trkpt><trkpt lat="36.07678" lon="-118.12651"><ele>1917.0</ele></trkpt><trkpt lat="36.07659" lon="-118.12644"><ele>1914.3838270008564</ele></trkpt><trkpt lat="36.07651" lon="-118.12648999999999"><ele>1914.0</ele></trkpt><trkpt lat="36.07647" lon="-118.12657000000002"><ele>1913.0</ele></trkpt><trkpt lat="36.07651" lon="-118.12687"><ele>1914.0</ele></trkpt><trkpt lat="36.07648" lon="-118.12693000000002"><ele>1913.9817204914095</ele></trkpt><trkpt lat="36.07629" lon="-118.12706000000003"><ele>1912.497041775845</ele></trkpt><trkpt lat="36.07621" lon="-118.12707999999998"><ele>1912.564974222798</ele></trkpt><trkpt lat="36.07589" lon="-118.12698999999998"><ele>1912.7592782233842</ele></trkpt><trkpt lat="36.07566" lon="-118.12671999999998"><ele>1912.2598656640394</ele></trkpt><trkpt lat="36.07547" lon="-118.12664000000001"><ele>1914.0138121871496</ele></trkpt><trkpt lat="36.07538" lon="-118.12655999999998"><ele>1916.3078629132133</ele></trkpt><trkpt lat="36.07524" lon="-118.12666000000002"><ele>1919.4578481167555</ele></trkpt><trkpt lat="36.07511" lon="-118.12666999999999"><ele>1919.6723591112532</ele></trkpt><trkpt lat="36.07501" lon="-118.12682000000001"><ele>1920.9108009421168</ele></trkpt><trkpt lat="36.07495" lon="-118.12684000000002"><ele>1921.1343755386215</ele></trkpt><trkpt lat="36.07477" lon="-118.1268"><ele>1921.0</ele></trkpt><trkpt lat="36.07451" lon="-118.1268"><ele>1921.8260541811164</ele></trkpt><trkpt lat="36.07416" lon="-118.12689999999998"><ele>1924.987477696506</ele></trkpt><trkpt lat="36.07412" lon="-118.12688000000003"><ele>1925.0</ele></trkpt><trkpt lat="36.07409" lon="-118.12682999999998"><ele>1925.0</ele></trkpt><trkpt lat="36.074" lon="-118.12680999999998"><ele>1923.9622435847011</ele></trkpt><trkpt lat="36.07393" lon="-118.12682999999998"><ele>1923.215818666853</ele></trkpt><trkpt lat="36.07377" lon="-118.12709000000001"><ele>1917.3162040230818</ele></trkpt><trkpt lat="36.07371" lon="-118.12714"><ele>1917.7687715557404</ele></trkpt><trkpt lat="36.07363" lon="-118.12715000000003"><ele>1918.0</ele></trkpt><trkpt lat="36.07356" lon="-118.12709000000001"><ele>1917.0</ele></trkpt><trkpt lat="36.0735" lon="-118.12711000000002"><ele>1916.1310197921252</ele></trkpt><trkpt lat="36.07319" lon="-118.12734999999998"><ele>1912.9820622229017</ele></trkpt><trkpt lat="36.07304" lon="-118.12736000000001"><ele>1910.8508954923318</ele></trkpt><trkpt lat="36.07288" lon="-118.12743"><ele>1909.1353773847798</ele></trkpt><trkpt lat="36.07261" lon="-118.12761"><ele>1906.7776912573174</ele></trkpt><trkpt lat="36.07244" lon="-118.12760000000003"><ele>1906.3312177765183</ele></trkpt><trkpt lat="36.07237" lon="-118.12763000000001"><ele>1906.9331164434552</ele></trkpt><trkpt lat="36.07196" lon="-118.12790999999999"><ele>1903.0</ele></trkpt><trkpt lat="36.07172" lon="-118.12813"><ele>1901.0</ele></trkpt><trkpt lat="36.07158" lon="-118.12815"><ele>1900.699359999504</ele></trkpt><trkpt lat="36.07142" lon="-118.12826999999999"><ele>1900.0</ele></trkpt><trkpt lat="36.07053" lon="-118.12871999999999"><ele>1892.0</ele></trkpt><trkpt lat="36.07053" lon="-118.12871999999999"><ele>1892.0</ele></trkpt><trkpt lat="36.07053" lon="-118.12871999999999"><ele>1892.0</ele></trkpt><trkpt lat="36.07033" lon="-118.12874"><ele>1891.203367111273</ele></trkpt><trkpt lat="36.07015" lon="-118.12871000000001"><ele>1891.0</ele></trkpt><trkpt lat="36.07006" lon="-118.12874999999997"><ele>1890.7373333345167</ele></trkpt><trkpt lat="36.06983" lon="-118.12898000000001"><ele>1890.0</ele></trkpt><trkpt lat="36.06895" lon="-118.12936000000002"><ele>1889.0</ele></trkpt><trkpt lat="36.06841" lon="-118.12954000000002"><ele>1889.0</ele></trkpt><trkpt lat="36.06821" lon="-118.12963000000002"><ele>1888.7263608882204</ele></trkpt><trkpt lat="36.06748" lon="-118.12981000000002"><ele>1885.0</ele></trkpt><trkpt lat="36.06724" lon="-118.12984"><ele>1882.9568852125672</ele></trkpt><trkpt lat="36.06695" lon="-118.12975"><ele>1882.0</ele></trkpt><trkpt lat="36.06686" lon="-118.12968999999998"><ele>1882.0</ele></trkpt><trkpt lat="36.06686" lon="-118.12968999999998"><ele>1882.0</ele></trkpt><trkpt lat="36.06654" lon="-118.12950000000001"><ele>1882.0</ele></trkpt><trkpt lat="36.06624" lon="-118.12945000000002"><ele>1881.0</ele></trkpt><trkpt lat="36.06587" lon="-118.1293"><ele>1882.0</ele></trkpt><trkpt lat="36.06574" lon="-118.12928999999997"><ele>1880.0</ele></trkpt><trkpt lat="36.06532" lon="-118.12932999999998"><ele>1879.7073742230423</ele></trkpt><trkpt lat="36.06516" lon="-118.1293"><ele>1881.1054755556397</ele></trkpt><trkpt lat="36.065006959905155" lon="-118.12930665391718"><ele>1881.0</ele></trkpt><trkpt lat="36.06504269433835" lon="-118.12930510024978"><ele>1881.0</ele></trkpt><trkpt lat="36.06493" lon="-118.12931000000003"><ele>1881.5713673806488</ele></trkpt><trkpt lat="36.06444" lon="-118.12936000000002"><ele>1884.0</ele></trkpt><trkpt lat="36.06425" lon="-118.12943999999999"><ele>1886.0</ele></trkpt><trkpt lat="36.06386" lon="-118.12945000000002"><ele>1887.0</ele></trkpt><trkpt lat="36.06378" lon="-118.12948"><ele>1887.138621776441</ele></trkpt><trkpt lat="36.06367" lon="-118.12955"><ele>1888.454631111119</ele></trkpt><trkpt lat="36.06329" lon="-118.12961000000001"><ele>1893.6329723338367</ele></trkpt><trkpt lat="36.063" lon="-118.12970999999999"><ele>1898.163001915346</ele></trkpt><trkpt lat="36.0627" lon="-118.12973999999997"><ele>1897.0</ele></trkpt><trkpt lat="36.06256" lon="-118.12977999999998"><ele>1896.8752663141486</ele></trkpt><trkpt lat="36.06223" lon="-118.12997000000001"><ele>1896.0</ele></trkpt><trkpt lat="36.06178" lon="-118.13006000000001"><ele>1893.0</ele></trkpt><trkpt lat="36.06148" lon="-118.13017000000002"><ele>1890.0</ele></trkpt><trkpt lat="36.06103" lon="-118.1302"><ele>1887.0</ele></trkpt><trkpt lat="36.06085" lon="-118.13024999999999"><ele>1885.0</ele></trkpt><trkpt lat="36.06045" lon="-118.13030000000003"><ele>1878.0</ele></trkpt><trkpt lat="36.0601" lon="-118.13031999999998"><ele>1873.6536824293435</ele></trkpt><trkpt lat="36.05993" lon="-118.13042999999999"><ele>1868.918428396596</ele></trkpt><trkpt lat="36.05969" lon="-118.13033999999999"><ele>1868.9935950756867</ele></trkpt><trkpt lat="36.0596" lon="-118.13027999999997"><ele>1870.0</ele></trkpt><trkpt lat="36.05937" lon="-118.13030000000003"><ele>1873.7179124022107</ele></trkpt><trkpt lat="36.05915" lon="-118.13038"><ele>1875.7992607547878</ele></trkpt><trkpt lat="36.05897" lon="-118.13054"><ele>1873.6512135519765</ele></trkpt><trkpt lat="36.05887" lon="-118.13060000000002"><ele>1874.6426913472217</ele></trkpt><trkpt lat="36.05882" lon="-118.13069000000002"><ele>1875.0</ele></trkpt><trkpt lat="36.05877" lon="-118.13072"><ele>1875.928679110948</ele></trkpt><trkpt lat="36.05858" lon="-118.13063999999997"><ele>1876.0</ele></trkpt><trkpt lat="36.05815" lon="-118.13078000000002"><ele>1876.1324764438905</ele></trkpt><trkpt lat="36.05792" lon="-118.13081"><ele>1874.4687502216548</ele></trkpt><trkpt lat="36.05772" lon="-118.13078000000002"><ele>1875.0</ele></trkpt><trkpt lat="36.05751" lon="-118.13069999999999"><ele>1871.8607466672547</ele></trkpt><trkpt lat="36.05709" lon="-118.13044000000002"><ele>1873.9806183468772</ele></trkpt><trkpt lat="36.05691" lon="-118.13029"><ele>1876.96813155571</ele></trkpt><trkpt lat="36.05625" lon="-118.12995999999998"><ele>1880.0</ele></trkpt><trkpt lat="36.05617" lon="-118.12997999999999"><ele>1880.9008723720908</ele></trkpt><trkpt lat="36.05602" lon="-118.13009"><ele>1882.0</ele></trkpt><trkpt lat="36.05591" lon="-118.13012000000003"><ele>1882.0</ele></trkpt><trkpt lat="36.0557" lon="-118.13013999999998"><ele>1879.0</ele></trkpt><trkpt lat="36.05524" lon="-118.13009999999997"><ele>1874.5792637580553</ele></trkpt><trkpt lat="36.0551" lon="-118.13011"><ele>1873.0</ele></trkpt><trkpt lat="36.05487" lon="-118.13021000000003"><ele>1874.0</ele></trkpt><trkpt lat="36.05476" lon="-118.13013000000001"><ele>1871.0</ele></trkpt><trkpt lat="36.05468" lon="-118.13013999999998"><ele>1869.0</ele></trkpt><trkpt lat="36.05461" lon="-118.13022999999998"><ele>1868.827787861228</ele></trkpt><trkpt lat="36.05452" lon="-118.13049000000001"><ele>1872.0</ele></trkpt><trkpt lat="36.0544454849071" lon="-118.13049827945474"><ele>1873.0</ele></trkpt><trkpt lat="36.05443" lon="-118.13049999999998"><ele>1873.0</ele></trkpt><trkpt lat="36.05395" lon="-118.13063999999997"><ele>1872.0</ele></trkpt><trkpt lat="36.05395" lon="-118.13063999999997"><ele>1872.0</ele></trkpt><trkpt lat="36.05383" lon="-118.13069000000002"><ele>1871.0</ele></trkpt><trkpt lat="36.05333" lon="-118.13075000000003"><ele>1869.0</ele></trkpt><trkpt lat="36.05259" lon="-118.13067999999998"><ele>1866.0</ele></trkpt><trkpt lat="36.05206" lon="-118.13060000000002"><ele>1864.0</ele></trkpt><trkpt lat="36.05206" lon="-118.13060000000002"><ele>1864.0</ele></trkpt><trkpt lat="36.05206" lon="-118.13060000000002"><ele>1864.0</ele></trkpt><trkpt lat="36.05184" lon="-118.13065"><ele>1864.0</ele></trkpt><trkpt lat="36.05174" lon="-118.13063"><ele>1864.0</ele></trkpt><trkpt lat="36.05174" lon="-118.13063"><ele>1864.0</ele></trkpt><trkpt lat="36.05155" lon="-118.13066000000003"><ele>1862.0</ele></trkpt><trkpt lat="36.05117" lon="-118.13085999999998"><ele>1857.0</ele></trkpt><trkpt lat="36.05102" lon="-118.13087999999999"><ele>1855.2317861914635</ele></trkpt><trkpt lat="36.05074" lon="-118.13081"><ele>1853.0</ele></trkpt><trkpt lat="36.05074" lon="-118.13081"><ele>1853.0</ele></trkpt><trkpt lat="36.05074" lon="-118.13081"><ele>1853.0</ele></trkpt><trkpt lat="36.05030050346877" lon="-118.13062813936642"><ele>1852.0</ele></trkpt><trkpt lat="36.05030050346877" lon="-118.13062813936642"><ele>1852.0</ele></trkpt><trkpt lat="36.04987" lon="-118.13045"><ele>1851.0</ele></trkpt><trkpt lat="36.0491" lon="-118.13033000000001"><ele>1850.0</ele></trkpt><trkpt lat="36.0491" lon="-118.13033000000001"><ele>1850.0</ele></trkpt><trkpt lat="36.04886" lon="-118.13031999999998"><ele>1850.0</ele></trkpt><trkpt lat="36.04847" lon="-118.13036"><ele>1850.0</ele></trkpt><trkpt lat="36.04788" lon="-118.13051000000002"><ele>1852.0</ele></trkpt><trkpt lat="36.04723" lon="-118.13089000000002"><ele>1851.0013864990513</ele></trkpt><trkpt lat="36.04685433629405" lon="-118.13115833115353"><ele>1853.0</ele></trkpt><trkpt lat="36.04685433629405" lon="-118.13115833115353"><ele>1853.0</ele></trkpt><trkpt lat="36.04639" lon="-118.13148999999999"><ele>1855.0</ele></trkpt><trkpt lat="36.04572" lon="-118.13175999999999"><ele>1857.0</ele></trkpt><trkpt lat="36.045472821776826" lon="-118.13188834253896"><ele>1858.0</ele></trkpt><trkpt lat="36.045472821776826" lon="-118.13188834253896"><ele>1858.0</ele></trkpt><trkpt lat="36.0452" lon="-118.13202999999999"><ele>1857.906712880417</ele></trkpt><trkpt lat="36.04491" lon="-118.13213000000002"><ele>1858.0</ele></trkpt><trkpt lat="36.04441389474633" lon="-118.13220189931212"><ele>1857.0</ele></trkpt></trkseg></trk></gpx>