<?xml version="1.0"?>
<gpx xmlns="http://www.topografix.com/GPX/1/1" xmlns:gpxx="http://www.garmin.com/xmlschemas/GpxExtensions/v3" creator="CALTOPO" version="1.1"><metadata><name><![CDATA[Leavitt Meadows-Tuolumne Meadows]]></name></metadata><wpt lat="38.33411767515118" lon="-119.55195869930672"><name>Leavitt Meadows Trailhead</name></wpt><wpt lat="38.20747366580696" lon="-119.55520634435703"><name>Camp 1</name></wpt><wpt lat="38.0382669673486" lon="-119.52773162210083"><name>Camp 2</name></wpt><wpt lat="38.00633086802601" lon="-119.37615659697582"><name>Camp 3</name></wpt><wpt lat="37.8771430936313" lon="-119.35328515628609"><name>Lembert Dome Picnic Area</name></wpt><trk><name>Leavitt Meadows-Tuolumne Meadows </name><trkseg><trkpt lat="38.334128422156574" lon="-119.55194950746477"><ele>2171.2350746132433</ele></trkpt><trkpt lat="38.33412325457193" lon="-119.55193355022982"><ele>2171.0</ele></trkpt><trkpt lat="38.33413" lon="-119.55192999999997"><ele>2171.084786478877</ele></trkpt><trkpt lat="38.33413" lon="-119.55192999999997"><ele>2171.084786478877</ele></trkpt><trkpt lat="38.33413" lon="-119.55192999999997"><ele>2171.084786478877</ele></trkpt><trkpt lat="38.3342" lon="-119.55177000000003"><ele>2167.2167400477856</ele></trkpt><trkpt lat="38.3342" lon="-119.55177000000003"><ele>2167.2167400477856</ele></trkpt><trkpt lat="38.3342" lon="-119.55177000000003"><ele>2167.2167400477856</ele></trkpt><trkpt lat="38.3342" lon="-119.55177000000003"><ele>2167.2167400477856</ele></trkpt><trkpt lat="38.33425" lon="-119.55162999999999"><ele>2162.3917418357178</ele></trkpt><trkpt lat="38.33425" lon="-119.55162999999999"><ele>2162.3917418357178</ele></trkpt><trkpt lat="38.33427" lon="-119.55156"><ele>2168.61733384151</ele></trkpt><trkpt lat="38.33426" lon="-119.55150000000003"><ele>2170.0</ele></trkpt><trkpt lat="38.33384" lon="-119.5512"><ele>2177.0</ele></trkpt><trkpt lat="38.33381067830453" lon="-119.55107782626885"><ele>2179.0</ele></trkpt><trkpt lat="38.333808007958794" lon="-119.5510666998025"><ele>2179.0</ele></trkpt><trkpt lat="38.33378" lon="-119.55095"><ele>2181.0</ele></trkpt><trkpt lat="38.33375" lon="-119.55063999999999"><ele>2182.034563179338</ele></trkpt><trkpt lat="38.33356" lon="-119.55047000000002"><ele>2182.216920889914</ele></trkpt><trkpt lat="38.33307" lon="-119.55036999999999"><ele>2184.0</ele></trkpt><trkpt lat="38.33277" lon="-119.55041"><ele>2183.0</ele></trkpt><trkpt lat="38.33189" lon="-119.55060000000003"><ele>2185.2753600017168</ele></trkpt><trkpt lat="38.33189" lon="-119.55060000000003"><ele>2185.2753600017168</ele></trkpt><trkpt lat="38.33189" lon="-119.55060000000003"><ele>2185.2753600017168</ele></trkpt><trkpt lat="38.33165" lon="-119.55090999999999"><ele>2181.0</ele></trkpt><trkpt lat="38.33148" lon="-119.55092000000002"><ele>2177.0</ele></trkpt><trkpt lat="38.33124" lon="-119.55081000000001"><ele>2177.0</ele></trkpt><trkpt lat="38.33102" lon="-119.55068"><ele>2177.0</ele></trkpt><trkpt lat="38.33074" lon="-119.55041"><ele>2177.0</ele></trkpt><trkpt lat="38.33064" lon="-119.55025999999998"><ele>2177.0</ele></trkpt><trkpt lat="38.33049" lon="-119.55016999999998"><ele>2177.0</ele></trkpt><trkpt lat="38.33038" lon="-119.55006000000003"><ele>2177.0</ele></trkpt><trkpt lat="38.3302" lon="-119.54970000000003"><ele>2177.051491647383</ele></trkpt><trkpt lat="38.3301" lon="-119.54962"><ele>2177.057894228912</ele></trkpt><trkpt lat="38.32999" lon="-119.54957999999999"><ele>2177.7399146663956</ele></trkpt><trkpt lat="38.32977" lon="-119.54955999999999"><ele>2177.8078471105546</ele></trkpt><trkpt lat="38.32916" lon="-119.54973000000001"><ele>2178.0</ele></trkpt><trkpt lat="38.32916" lon="-119.54973000000001"><ele>2178.0</ele></trkpt><trkpt lat="38.32826" lon="-119.54982000000001"><ele>2177.0</ele></trkpt><trkpt lat="38.32803" lon="-119.54975999999999"><ele>2177.0</ele></trkpt><trkpt lat="38.3278" lon="-119.54951"><ele>2179.522321777884</ele></trkpt><trkpt lat="38.326761554597354" lon="-119.54930447434742"><ele>2185.1005114074796</ele></trkpt><trkpt lat="38.32677128873978" lon="-119.54930639964459"><ele>2185.0107860565186</ele></trkpt><trkpt lat="38.32588" lon="-119.54912999999999"><ele>2184.231605333276</ele></trkpt><trkpt lat="38.32568" lon="-119.54903999999999"><ele>2183.038211734022</ele></trkpt><trkpt lat="38.32529" lon="-119.54894000000002"><ele>2180.2294014297495</ele></trkpt><trkpt lat="38.32442" lon="-119.54863"><ele>2180.007928208448</ele></trkpt><trkpt lat="38.32442" lon="-119.54863"><ele>2180.007928208448</ele></trkpt><trkpt lat="38.32241" lon="-119.54791999999998"><ele>2179.621692445129</ele></trkpt><trkpt lat="38.32159" lon="-119.54755999999998"><ele>2182.6175902255136</ele></trkpt><trkpt lat="38.3212" lon="-119.54745000000003"><ele>2184.9064298518015</ele></trkpt><trkpt lat="38.32094" lon="-119.54723999999999"><ele>2184.2348366639326</ele></trkpt><trkpt lat="38.32044" lon="-119.54676"><ele>2185.0</ele></trkpt><trkpt lat="38.32017" lon="-119.54667"><ele>2183.0121329287003</ele></trkpt><trkpt lat="38.31976" lon="-119.54664000000002"><ele>2180.180739401524</ele></trkpt><trkpt lat="38.31974" lon="-119.54662000000002"><ele>2180.206083554309</ele></trkpt><trkpt lat="38.31966" lon="-119.54660999999999"><ele>2180.15574101135</ele></trkpt><trkpt lat="38.31933949666203" lon="-119.54647429068257"><ele>2179.0</ele></trkpt><trkpt lat="38.31931613311367" lon="-119.54646439870578"><ele>2179.457629452925</ele></trkpt><trkpt lat="38.31855" lon="-119.54613999999998"><ele>2180.575704889372</ele></trkpt><trkpt lat="38.31756" lon="-119.54584"><ele>2184.0</ele></trkpt><trkpt lat="38.31595" lon="-119.54541"><ele>2179.596170666162</ele></trkpt><trkpt lat="38.3153" lon="-119.5453"><ele>2181.0</ele></trkpt><trkpt lat="38.31521" lon="-119.54536000000002"><ele>2180.0</ele></trkpt><trkpt lat="38.31503" lon="-119.54524000000004"><ele>2181.518744886853</ele></trkpt><trkpt lat="38.3141" lon="-119.54512"><ele>2182.0</ele></trkpt><trkpt lat="38.31384" lon="-119.54500999999999"><ele>2180.0055172525053</ele></trkpt><trkpt lat="38.31368" lon="-119.54498000000001"><ele>2180.0</ele></trkpt><trkpt lat="38.31331" lon="-119.54503999999997"><ele>2179.912697690318</ele></trkpt><trkpt lat="38.31314" lon="-119.54511000000002"><ele>2180.0</ele></trkpt><trkpt lat="38.31261" lon="-119.54543000000001"><ele>2180.0</ele></trkpt><trkpt lat="38.31261" lon="-119.54543000000001"><ele>2180.0</ele></trkpt><trkpt lat="38.31261" lon="-119.54543000000001"><ele>2180.0</ele></trkpt><trkpt lat="38.31234" lon="-119.54543000000001"><ele>2183.664103110321</ele></trkpt><trkpt lat="38.312" lon="-119.54532"><ele>2188.0</ele></trkpt><trkpt lat="38.31163" lon="-119.54515000000004"><ele>2188.542580657374</ele></trkpt><trkpt lat="38.3114" lon="-119.54497000000003"><ele>2191.101656886749</ele></trkpt><trkpt lat="38.3111" lon="-119.54480999999998"><ele>2195.4006005850174</ele></trkpt><trkpt lat="38.31104" lon="-119.54478"><ele>2196.9685904912403</ele></trkpt><trkpt lat="38.31096" lon="-119.54484000000002"><ele>2197.187587386374</ele></trkpt><trkpt lat="38.31082" lon="-119.54480000000001"><ele>2200.0</ele></trkpt><trkpt lat="38.31068" lon="-119.54470000000003"><ele>2203.0</ele></trkpt><trkpt lat="38.31017" lon="-119.54453999999998"><ele>2206.1344975767784</ele></trkpt><trkpt lat="38.31004" lon="-119.54458"><ele>2206.0</ele></trkpt><trkpt lat="38.30992" lon="-119.54466000000002"><ele>2206.0</ele></trkpt><trkpt lat="38.3096" lon="-119.54515000000004"><ele>2211.8067957796156</ele></trkpt><trkpt lat="38.30951" lon="-119.54521999999997"><ele>2214.0</ele></trkpt><trkpt lat="38.30926" lon="-119.54527000000002"><ele>2212.120643554721</ele></trkpt><trkpt lat="38.309209439903526" lon="-119.54530370673098"><ele>2210.5497960383072</ele></trkpt><trkpt lat="38.309224609351446" lon="-119.5452935937746"><ele>2211.021093964111</ele></trkpt><trkpt lat="38.30917" lon="-119.54533000000004"><ele>2209.324440887198</ele></trkpt><trkpt lat="38.30903" lon="-119.54530999999997"><ele>2211.0</ele></trkpt><trkpt lat="38.30902" lon="-119.54536999999999"><ele>2212.0</ele></trkpt><trkpt lat="38.30905" lon="-119.54545999999999"><ele>2212.0</ele></trkpt><trkpt lat="38.30903" lon="-119.54561999999999"><ele>2213.0</ele></trkpt><trkpt lat="38.30892" lon="-119.54561000000001"><ele>2215.0</ele></trkpt><trkpt lat="38.30886" lon="-119.54550999999998"><ele>2217.0</ele></trkpt><trkpt lat="38.30875" lon="-119.54552999999999"><ele>2220.2935820450075</ele></trkpt><trkpt lat="38.3087" lon="-119.54559999999998"><ele>2221.74152888963</ele></trkpt><trkpt lat="38.30848" lon="-119.54563999999999"><ele>2222.877393777482</ele></trkpt><trkpt lat="38.30818" lon="-119.54590999999999"><ele>2221.395233465974</ele></trkpt><trkpt lat="38.30801" lon="-119.54620999999997"><ele>2222.0750001658835</ele></trkpt><trkpt lat="38.30782" lon="-119.54624000000001"><ele>2226.0403273183647</ele></trkpt><trkpt lat="38.30767" lon="-119.54620999999997"><ele>2222.703352638879</ele></trkpt><trkpt lat="38.30742" lon="-119.54608000000002"><ele>2221.547590904307</ele></trkpt><trkpt lat="38.30725" lon="-119.54584"><ele>2227.347360202979</ele></trkpt><trkpt lat="38.30718" lon="-119.54579999999999"><ele>2228.1963826535457</ele></trkpt><trkpt lat="38.30718" lon="-119.54579999999999"><ele>2228.1963826535457</ele></trkpt><trkpt lat="38.30703" lon="-119.54570999999999"><ele>2228.9584861973203</ele></trkpt><trkpt lat="38.30683" lon="-119.54570000000001"><ele>2231.401065775659</ele></trkpt><trkpt lat="38.30675" lon="-119.54566999999997"><ele>2234.034059274643</ele></trkpt><trkpt lat="38.3068" lon="-119.54557"><ele>2236.1396302217618</ele></trkpt><trkpt lat="38.30673" lon="-119.5455"><ele>2238.556697953167</ele></trkpt><trkpt lat="38.30662" lon="-119.54548999999997"><ele>2238.867900445126</ele></trkpt><trkpt lat="38.30652" lon="-119.54534000000001"><ele>2243.896538820499</ele></trkpt><trkpt lat="38.30639" lon="-119.54533000000004"><ele>2242.892638602246</ele></trkpt><trkpt lat="38.30626" lon="-119.54520000000002"><ele>2243.27675570439</ele></trkpt><trkpt lat="38.30608" lon="-119.54516000000001"><ele>2241.0</ele></trkpt><trkpt lat="38.30608" lon="-119.54516000000001"><ele>2241.0</ele></trkpt><trkpt lat="38.30608" lon="-119.54516000000001"><ele>2241.0</ele></trkpt><trkpt lat="38.30582" lon="-119.54497000000003"><ele>2245.0</ele></trkpt><trkpt lat="38.30552" lon="-119.54480999999998"><ele>2249.611169741589</ele></trkpt><trkpt lat="38.30521" lon="-119.54467999999997"><ele>2255.0</ele></trkpt><trkpt lat="38.30505" lon="-119.54458999999997"><ele>2258.221604073886</ele></trkpt><trkpt lat="38.30455" lon="-119.54444999999998"><ele>2261.0</ele></trkpt><trkpt lat="38.30404" lon="-119.5444"><ele>2261.0048232090858</ele></trkpt><trkpt lat="38.30381" lon="-119.54422"><ele>2260.3629540395204</ele></trkpt><trkpt lat="38.30349" lon="-119.54404999999997"><ele>2260.0</ele></trkpt><trkpt lat="38.30324" lon="-119.54365000000001"><ele>2262.0</ele></trkpt><trkpt lat="38.30305" lon="-119.54354000000001"><ele>2264.650472236734</ele></trkpt><trkpt lat="38.30305" lon="-119.54354000000001"><ele>2264.650472236734</ele></trkpt><trkpt lat="38.30254" lon="-119.54345999999998"><ele>2259.0</ele></trkpt><trkpt lat="38.30237" lon="-119.54345999999998"><ele>2256.4267778265294</ele></trkpt><trkpt lat="38.30146" lon="-119.54313000000002"><ele>2254.0</ele></trkpt><trkpt lat="38.30076" lon="-119.54263000000003"><ele>2249.876952128485</ele></trkpt><trkpt lat="38.30018" lon="-119.54239999999999"><ele>2238.872337778099</ele></trkpt><trkpt lat="38.29946" lon="-119.54278999999997"><ele>2232.6963410030976</ele></trkpt><trkpt lat="38.29868" lon="-119.5426"><ele>2235.4483377775177</ele></trkpt><trkpt lat="38.29787" lon="-119.54227000000003"><ele>2233.0</ele></trkpt><trkpt lat="38.297717096631004" lon="-119.54227000000003"><ele>2231.0</ele></trkpt><trkpt lat="38.297732200398045" lon="-119.54227000000003"><ele>2231.0</ele></trkpt><trkpt lat="38.29742" lon="-119.54227000000003"><ele>2228.0593729323355</ele></trkpt><trkpt lat="38.29688" lon="-119.54242999999997"><ele>2222.0</ele></trkpt><trkpt lat="38.29638" lon="-119.54293000000001"><ele>2221.100694032386</ele></trkpt><trkpt lat="38.29598" lon="-119.54322000000002"><ele>2223.34243200114</ele></trkpt><trkpt lat="38.29556" lon="-119.54332"><ele>2224.0011308756357</ele></trkpt><trkpt lat="38.29517" lon="-119.54318"><ele>2222.3587693622394</ele></trkpt><trkpt lat="38.29483" lon="-119.54286000000002"><ele>2222.530941664471</ele></trkpt><trkpt lat="38.29464" lon="-119.54255999999998"><ele>2222.0</ele></trkpt><trkpt lat="38.29456" lon="-119.54212000000001"><ele>2224.0</ele></trkpt><trkpt lat="38.29401" lon="-119.54205000000002"><ele>2224.0</ele></trkpt><trkpt lat="38.29386" lon="-119.54214999999999"><ele>2223.0</ele></trkpt><trkpt lat="38.29357" lon="-119.54214999999999"><ele>2223.0</ele></trkpt><trkpt lat="38.29341" lon="-119.54227000000003"><ele>2224.0692231124267</ele></trkpt><trkpt lat="38.29322" lon="-119.54233999999997"><ele>2227.331459554378</ele></trkpt><trkpt lat="38.29305" lon="-119.54266999999999"><ele>2230.2596818114316</ele></trkpt><trkpt lat="38.29291" lon="-119.54282"><ele>2227.0367779564485</ele></trkpt><trkpt lat="38.29266" lon="-119.54295000000002"><ele>2231.759520001244</ele></trkpt><trkpt lat="38.29232" lon="-119.54289"><ele>2239.889448610882</ele></trkpt><trkpt lat="38.29218" lon="-119.54268000000002"><ele>2240.176608000882</ele></trkpt><trkpt lat="38.29181" lon="-119.54266000000001"><ele>2236.244540445041</ele></trkpt><trkpt lat="38.29172" lon="-119.54272000000003"><ele>2235.015997902433</ele></trkpt><trkpt lat="38.29158" lon="-119.54272000000003"><ele>2231.0407431130297</ele></trkpt><trkpt lat="38.29154" lon="-119.54266000000001"><ele>2230.0</ele></trkpt><trkpt lat="38.29163" lon="-119.54241999999999"><ele>2229.0</ele></trkpt><trkpt lat="38.29158" lon="-119.54237"><ele>2229.0</ele></trkpt><trkpt lat="38.29152" lon="-119.54237"><ele>2228.869423615187</ele></trkpt><trkpt lat="38.29147" lon="-119.54232999999999"><ele>2227.9392132466096</ele></trkpt><trkpt lat="38.29147" lon="-119.54212999999999"><ele>2225.0</ele></trkpt><trkpt lat="38.29139" lon="-119.54201"><ele>2224.0</ele></trkpt><trkpt lat="38.29135" lon="-119.54187999999999"><ele>2222.3781520115435</ele></trkpt><trkpt lat="38.29131" lon="-119.54183999999998"><ele>2222.0</ele></trkpt><trkpt lat="38.2912" lon="-119.54183999999998"><ele>2221.5010873719857</ele></trkpt><trkpt lat="38.29113" lon="-119.54169000000002"><ele>2222.0</ele></trkpt><trkpt lat="38.29112" lon="-119.54156999999998"><ele>2222.0</ele></trkpt><trkpt lat="38.29099" lon="-119.54122999999998"><ele>2220.0</ele></trkpt><trkpt lat="38.29099" lon="-119.54109"><ele>2220.047294907272</ele></trkpt><trkpt lat="38.29082015610352" lon="-119.54094969417247"><ele>2220.0</ele></trkpt><trkpt lat="38.29082015610352" lon="-119.54094969417247"><ele>2220.0</ele></trkpt><trkpt lat="38.29076" lon="-119.54089999999997"><ele>2221.4737280350528</ele></trkpt><trkpt lat="38.2905" lon="-119.54079999999999"><ele>2225.464331332717</ele></trkpt><trkpt lat="38.29021" lon="-119.54065000000003"><ele>2230.0</ele></trkpt><trkpt lat="38.28994" lon="-119.54057999999998"><ele>2235.0</ele></trkpt><trkpt lat="38.28994" lon="-119.54057999999998"><ele>2235.0</ele></trkpt><trkpt lat="38.28928" lon="-119.54007999999999"><ele>2244.9921742225997</ele></trkpt><trkpt lat="38.28858" lon="-119.53958999999998"><ele>2254.827829334419</ele></trkpt><trkpt lat="38.28831" lon="-119.53951"><ele>2258.4883161457383</ele></trkpt><trkpt lat="38.2877" lon="-119.53921000000003"><ele>2264.138075480387</ele></trkpt><trkpt lat="38.28708" lon="-119.53919000000002"><ele>2266.0</ele></trkpt><trkpt lat="38.28669" lon="-119.53924"><ele>2267.0</ele></trkpt><trkpt lat="38.28653" lon="-119.53937000000002"><ele>2266.0</ele></trkpt><trkpt lat="38.28635" lon="-119.53942"><ele>2266.0</ele></trkpt><trkpt lat="38.28566" lon="-119.53929"><ele>2266.808842666913</ele></trkpt><trkpt lat="38.28445" lon="-119.5385"><ele>2273.0</ele></trkpt><trkpt lat="38.2841" lon="-119.53816999999998"><ele>2277.0</ele></trkpt><trkpt lat="38.28369" lon="-119.53762"><ele>2279.8610249003423</ele></trkpt><trkpt lat="38.28332" lon="-119.53726"><ele>2281.0</ele></trkpt><trkpt lat="38.28302" lon="-119.53710999999998"><ele>2281.0</ele></trkpt><trkpt lat="38.28275" lon="-119.53679"><ele>2283.3172871107236</ele></trkpt><trkpt lat="38.28227" lon="-119.53676000000002"><ele>2284.0</ele></trkpt><trkpt lat="38.28202" lon="-119.53661999999997"><ele>2284.0</ele></trkpt><trkpt lat="38.281985709910074" lon="-119.53656724601547"><ele>2284.0</ele></trkpt><trkpt lat="38.28204394355164" lon="-119.53663340836806"><ele>2284.0</ele></trkpt><trkpt lat="38.28202" lon="-119.53661999999997"><ele>2284.0</ele></trkpt><trkpt lat="38.28189" lon="-119.53642000000002"><ele>2284.0</ele></trkpt><trkpt lat="38.28189" lon="-119.53627"><ele>2285.0</ele></trkpt><trkpt lat="38.28168" lon="-119.53609"><ele>2284.9567766389405</ele></trkpt><trkpt lat="38.28129" lon="-119.53595999999999"><ele>2286.0</ele></trkpt><trkpt lat="38.28103" lon="-119.53574000000003"><ele>2288.0</ele></trkpt><trkpt lat="38.28034" lon="-119.53548999999998"><ele>2291.0</ele></trkpt><trkpt lat="38.2801" lon="-119.53535"><ele>2293.0</ele></trkpt><trkpt lat="38.28" lon="-119.53553"><ele>2293.0</ele></trkpt><trkpt lat="38.27975" lon="-119.53556000000003"><ele>2295.0</ele></trkpt><trkpt lat="38.27945" lon="-119.53568000000001"><ele>2296.149680487624</ele></trkpt><trkpt lat="38.27929" lon="-119.53582"><ele>2297.0</ele></trkpt><trkpt lat="38.27885" lon="-119.53588000000002"><ele>2299.7280422337353</ele></trkpt><trkpt lat="38.27827" lon="-119.53568999999999"><ele>2303.0</ele></trkpt><trkpt lat="38.27803" lon="-119.53544"><ele>2306.686066348738</ele></trkpt><trkpt lat="38.27785" lon="-119.53547000000003"><ele>2307.0</ele></trkpt><trkpt lat="38.2777" lon="-119.53539"><ele>2306.0</ele></trkpt><trkpt lat="38.27763" lon="-119.53520000000003"><ele>2309.0</ele></trkpt><trkpt lat="38.27736" lon="-119.53501"><ele>2311.0</ele></trkpt><trkpt lat="38.2766" lon="-119.53465"><ele>2317.0</ele></trkpt><trkpt lat="38.27631" lon="-119.53447"><ele>2320.0</ele></trkpt><trkpt lat="38.27529" lon="-119.53426999999999"><ele>2320.0</ele></trkpt><trkpt lat="38.27507" lon="-119.53418999999997"><ele>2321.0</ele></trkpt><trkpt lat="38.2747" lon="-119.53352999999998"><ele>2317.221347881348</ele></trkpt><trkpt lat="38.27451" lon="-119.53349000000003"><ele>2318.0</ele></trkpt><trkpt lat="38.27382" lon="-119.53325000000001"><ele>2313.0</ele></trkpt><trkpt lat="38.27338" lon="-119.53283999999996"><ele>2313.728388626024</ele></trkpt><trkpt lat="38.27269" lon="-119.5326"><ele>2309.0</ele></trkpt><trkpt lat="38.27269" lon="-119.5326"><ele>2309.0</ele></trkpt><trkpt lat="38.27247" lon="-119.53253000000001"><ele>2303.446980087429</ele></trkpt><trkpt lat="38.27223" lon="-119.53253000000001"><ele>2302.0</ele></trkpt><trkpt lat="38.27169" lon="-119.53266000000002"><ele>2306.0</ele></trkpt><trkpt lat="38.27146" lon="-119.53289999999998"><ele>2307.0</ele></trkpt><trkpt lat="38.27128" lon="-119.53289999999998"><ele>2308.0</ele></trkpt><trkpt lat="38.27104" lon="-119.53307000000001"><ele>2309.0</ele></trkpt><trkpt lat="38.27088" lon="-119.53312"><ele>2310.0</ele></trkpt><trkpt lat="38.2705" lon="-119.53307000000001"><ele>2314.4137778114527</ele></trkpt><trkpt lat="38.27031" lon="-119.53298999999998"><ele>2316.0</ele></trkpt><trkpt lat="38.26987" lon="-119.53305999999998"><ele>2319.147886222694</ele></trkpt><trkpt lat="38.26962" lon="-119.53301999999996"><ele>2322.0</ele></trkpt><trkpt lat="38.26947" lon="-119.53271999999998"><ele>2325.0</ele></trkpt><trkpt lat="38.26924" lon="-119.53259000000003"><ele>2327.0</ele></trkpt><trkpt lat="38.26895" lon="-119.53269"><ele>2330.0</ele></trkpt><trkpt lat="38.26882" lon="-119.53257000000002"><ele>2331.0</ele></trkpt><trkpt lat="38.2687" lon="-119.53250000000003"><ele>2333.0</ele></trkpt><trkpt lat="38.2685" lon="-119.53246999999999"><ele>2335.0852751761704</ele></trkpt><trkpt lat="38.26836" lon="-119.53237999999999"><ele>2336.4426236394793</ele></trkpt><trkpt lat="38.26803" lon="-119.53224999999998"><ele>2340.899811519578</ele></trkpt><trkpt lat="38.26762" lon="-119.53181000000001"><ele>2347.0</ele></trkpt><trkpt lat="38.26752" lon="-119.53154"><ele>2348.0</ele></trkpt><trkpt lat="38.26739" lon="-119.53143999999998"><ele>2351.012833880971</ele></trkpt><trkpt lat="38.26729" lon="-119.53125"><ele>2354.0</ele></trkpt><trkpt lat="38.26729" lon="-119.53125"><ele>2354.0</ele></trkpt><trkpt lat="38.26711" lon="-119.53107999999997"><ele>2357.0</ele></trkpt><trkpt lat="38.26708" lon="-119.53093999999999"><ele>2358.969324667177</ele></trkpt><trkpt lat="38.26697" lon="-119.5308"><ele>2361.0</ele></trkpt><trkpt lat="38.26694" lon="-119.53064"><ele>2362.928060444072</ele></trkpt><trkpt lat="38.26626" lon="-119.53026"><ele>2370.033893863923</ele></trkpt><trkpt lat="38.26595" lon="-119.53023999999999"><ele>2376.0</ele></trkpt><trkpt lat="38.26578" lon="-119.53032999999999"><ele>2379.0</ele></trkpt><trkpt lat="38.26566" lon="-119.53028"><ele>2381.0</ele></trkpt><trkpt lat="38.26536" lon="-119.53003999999999"><ele>2385.0</ele></trkpt><trkpt lat="38.26528" lon="-119.53008999999997"><ele>2387.0</ele></trkpt><trkpt lat="38.26517" lon="-119.5301"><ele>2387.0743338776433</ele></trkpt><trkpt lat="38.26511" lon="-119.53003999999999"><ele>2388.890087111853</ele></trkpt><trkpt lat="38.26498" lon="-119.53001999999998"><ele>2389.822154667694</ele></trkpt><trkpt lat="38.26484" lon="-119.52985000000001"><ele>2392.744728888385</ele></trkpt><trkpt lat="38.26467" lon="-119.52975000000004"><ele>2395.0</ele></trkpt><trkpt lat="38.26461" lon="-119.52963999999997"><ele>2398.0</ele></trkpt><trkpt lat="38.26453" lon="-119.52960000000002"><ele>2400.77929905802</ele></trkpt><trkpt lat="38.26447" lon="-119.52949999999998"><ele>2402.340613756329</ele></trkpt><trkpt lat="38.2643" lon="-119.52953000000002"><ele>2407.0</ele></trkpt><trkpt lat="38.26427" lon="-119.52948000000004"><ele>2407.9879786646925</ele></trkpt><trkpt lat="38.26397" lon="-119.52933999999999"><ele>2408.48754844442</ele></trkpt><trkpt lat="38.26382" lon="-119.52938"><ele>2411.3006833757886</ele></trkpt><trkpt lat="38.26373" lon="-119.52944000000002"><ele>2413.0</ele></trkpt><trkpt lat="38.26342" lon="-119.52945999999997"><ele>2413.0530209316034</ele></trkpt><trkpt lat="38.26325" lon="-119.52954999999997"><ele>2416.2742577763274</ele></trkpt><trkpt lat="38.26318" lon="-119.52969000000002"><ele>2418.8172135768773</ele></trkpt><trkpt lat="38.26334" lon="-119.52975000000004"><ele>2420.0</ele></trkpt><trkpt lat="38.26331" lon="-119.52981"><ele>2421.0</ele></trkpt><trkpt lat="38.26317" lon="-119.52987999999999"><ele>2422.653372444678</ele></trkpt><trkpt lat="38.26296" lon="-119.52994000000001"><ele>2423.0</ele></trkpt><trkpt lat="38.2624" lon="-119.52992999999998"><ele>2423.983541332651</ele></trkpt><trkpt lat="38.26212" lon="-119.53025000000002"><ele>2425.0</ele></trkpt><trkpt lat="38.26177" lon="-119.53050000000002"><ele>2420.0</ele></trkpt><trkpt lat="38.26129" lon="-119.53053"><ele>2416.0</ele></trkpt><trkpt lat="38.26114" lon="-119.53044999999997"><ele>2412.0110322702676</ele></trkpt><trkpt lat="38.26107" lon="-119.53048000000001"><ele>2409.8563592880964</ele></trkpt><trkpt lat="38.26105" lon="-119.53062999999997"><ele>2406.669310601428</ele></trkpt><trkpt lat="38.26109" lon="-119.53075000000001"><ele>2406.0347999538585</ele></trkpt><trkpt lat="38.26105" lon="-119.53084999999999"><ele>2404.0</ele></trkpt><trkpt lat="38.26087" lon="-119.53075000000001"><ele>2400.997201258992</ele></trkpt><trkpt lat="38.26081" lon="-119.531"><ele>2396.0</ele></trkpt><trkpt lat="38.2609" lon="-119.53118999999998"><ele>2395.2270262696015</ele></trkpt><trkpt lat="38.26087" lon="-119.53125"><ele>2395.0</ele></trkpt><trkpt lat="38.26087" lon="-119.53125"><ele>2395.0</ele></trkpt><trkpt lat="38.260800128456786" lon="-119.53138974308644"><ele>2393.828368228815</ele></trkpt><trkpt lat="38.260814031389074" lon="-119.53136193724038"><ele>2394.0</ele></trkpt><trkpt lat="38.26079" lon="-119.53141"><ele>2393.010330657946</ele></trkpt><trkpt lat="38.26048" lon="-119.53168"><ele>2390.5476365559207</ele></trkpt><trkpt lat="38.25974" lon="-119.53224"><ele>2386.0</ele></trkpt><trkpt lat="38.25963" lon="-119.53239000000002"><ele>2385.0</ele></trkpt><trkpt lat="38.25963" lon="-119.53239000000002"><ele>2385.0</ele></trkpt><trkpt lat="38.25911" lon="-119.53255000000001"><ele>2384.0</ele></trkpt><trkpt lat="38.25902" lon="-119.53255999999999"><ele>2384.0</ele></trkpt><trkpt lat="38.2589" lon="-119.53251"><ele>2384.0</ele></trkpt><trkpt lat="38.25882" lon="-119.53253999999998"><ele>2384.0</ele></trkpt><trkpt lat="38.25868" lon="-119.53250000000003"><ele>2385.749429307984</ele></trkpt><trkpt lat="38.25862" lon="-119.53251999999998"><ele>2386.0</ele></trkpt><trkpt lat="38.25832" lon="-119.53283999999996"><ele>2384.0</ele></trkpt><trkpt lat="38.25766" lon="-119.53298999999998"><ele>2386.0</ele></trkpt><trkpt lat="38.25731" lon="-119.53325000000001"><ele>2385.0888677697344</ele></trkpt><trkpt lat="38.2572" lon="-119.53325999999998"><ele>2386.658686681185</ele></trkpt><trkpt lat="38.25595" lon="-119.53404"><ele>2388.4765759995207</ele></trkpt><trkpt lat="38.25544" lon="-119.53417000000002"><ele>2390.418136887718</ele></trkpt><trkpt lat="38.25544" lon="-119.53417000000002"><ele>2390.418136887718</ele></trkpt><trkpt lat="38.25527" lon="-119.53413"><ele>2392.2822719994</ele></trkpt><trkpt lat="38.25509" lon="-119.53417000000002"><ele>2395.032957434994</ele></trkpt><trkpt lat="38.25502" lon="-119.53406000000001"><ele>2396.21096826531</ele></trkpt><trkpt lat="38.25496" lon="-119.53404999999998"><ele>2398.0</ele></trkpt><trkpt lat="38.25494" lon="-119.53406000000001"><ele>2398.0</ele></trkpt><trkpt lat="38.25486" lon="-119.53424000000001"><ele>2399.0</ele></trkpt><trkpt lat="38.25467" lon="-119.53448000000003"><ele>2400.0</ele></trkpt><trkpt lat="38.2544" lon="-119.53467"><ele>2397.232895998284</ele></trkpt><trkpt lat="38.25405" lon="-119.53478999999999"><ele>2399.7883510246224</ele></trkpt><trkpt lat="38.25371" lon="-119.53481999999997"><ele>2402.874058665242</ele></trkpt><trkpt lat="38.25351967045299" lon="-119.53487826414704"><ele>2403.5893647219054</ele></trkpt><trkpt lat="38.25351967045299" lon="-119.53487826414704"><ele>2403.5893647219054</ele></trkpt><trkpt lat="38.25322" lon="-119.53496999999999"><ele>2402.135434667114</ele></trkpt><trkpt lat="38.25314" lon="-119.53496000000001"><ele>2403.0</ele></trkpt><trkpt lat="38.25307" lon="-119.53492"><ele>2404.9663554077806</ele></trkpt><trkpt lat="38.253" lon="-119.53490999999997"><ele>2406.846622205319</ele></trkpt><trkpt lat="38.25288" lon="-119.53492"><ele>2404.0</ele></trkpt><trkpt lat="38.25288" lon="-119.53492"><ele>2404.0</ele></trkpt><trkpt lat="38.25288" lon="-119.53492"><ele>2404.0</ele></trkpt><trkpt lat="38.25213" lon="-119.53521999999998"><ele>2404.0</ele></trkpt><trkpt lat="38.25177" lon="-119.53543000000002"><ele>2404.697880887892</ele></trkpt><trkpt lat="38.25096" lon="-119.53548999999998"><ele>2411.9016782226972</ele></trkpt><trkpt lat="38.25077" lon="-119.53559000000001"><ele>2411.0</ele></trkpt><trkpt lat="38.25074" lon="-119.53584000000001"><ele>2412.0863198856127</ele></trkpt><trkpt lat="38.25047" lon="-119.53620000000001"><ele>2418.6232627867766</ele></trkpt><trkpt lat="38.24992" lon="-119.53665000000001"><ele>2410.0</ele></trkpt><trkpt lat="38.24968" lon="-119.53682000000003"><ele>2409.105686555283</ele></trkpt><trkpt lat="38.24968" lon="-119.53682000000003"><ele>2409.105686555283</ele></trkpt><trkpt lat="38.24777" lon="-119.53766000000002"><ele>2411.0</ele></trkpt><trkpt lat="38.24662" lon="-119.53778999999997"><ele>2410.200596598197</ele></trkpt><trkpt lat="38.24564" lon="-119.53802000000002"><ele>2413.0</ele></trkpt><trkpt lat="38.2454" lon="-119.53841"><ele>2412.0</ele></trkpt><trkpt lat="38.24529" lon="-119.53850999999997"><ele>2413.0</ele></trkpt><trkpt lat="38.24508" lon="-119.53881000000001"><ele>2413.0</ele></trkpt><trkpt lat="38.24508" lon="-119.53881000000001"><ele>2413.0</ele></trkpt><trkpt lat="38.24461" lon="-119.53890999999999"><ele>2415.0</ele></trkpt><trkpt lat="38.24412" lon="-119.53895999999997"><ele>2417.2287362456773</ele></trkpt><trkpt lat="38.2439" lon="-119.53904"><ele>2418.0</ele></trkpt><trkpt lat="38.24352" lon="-119.53960999999998"><ele>2418.9638534498404</ele></trkpt><trkpt lat="38.24329" lon="-119.53989000000001"><ele>2421.0</ele></trkpt><trkpt lat="38.24299" lon="-119.5401"><ele>2425.9398933327757</ele></trkpt><trkpt lat="38.24273" lon="-119.54023000000001"><ele>2429.0</ele></trkpt><trkpt lat="38.24255" lon="-119.54039"><ele>2434.4548728889786</ele></trkpt><trkpt lat="38.24214" lon="-119.54059000000001"><ele>2440.7755484455265</ele></trkpt><trkpt lat="38.24181" lon="-119.54061000000002"><ele>2444.0</ele></trkpt><trkpt lat="38.24169" lon="-119.54068000000001"><ele>2446.0</ele></trkpt><trkpt lat="38.241519556702556" lon="-119.54086667599245"><ele>2449.0</ele></trkpt><trkpt lat="38.24151443189354" lon="-119.54087228892399"><ele>2449.0</ele></trkpt><trkpt lat="38.24148" lon="-119.54091"><ele>2450.0</ele></trkpt><trkpt lat="38.24131" lon="-119.54102999999998"><ele>2452.2810346661136</ele></trkpt><trkpt lat="38.24091" lon="-119.5412"><ele>2458.097137440712</ele></trkpt><trkpt lat="38.24061" lon="-119.54154"><ele>2462.6921027655076</ele></trkpt><trkpt lat="38.24033" lon="-119.54174999999998"><ele>2461.0</ele></trkpt><trkpt lat="38.24011" lon="-119.54183"><ele>2459.0</ele></trkpt><trkpt lat="38.23972" lon="-119.54188999999997"><ele>2455.9524300900466</ele></trkpt><trkpt lat="38.23945680330323" lon="-119.5421034027271"><ele>2450.694772534538</ele></trkpt><trkpt lat="38.23945680330323" lon="-119.5421034027271"><ele>2450.694772534538</ele></trkpt><trkpt lat="38.23935" lon="-119.54219"><ele>2449.602330462643</ele></trkpt><trkpt lat="38.23901" lon="-119.54250000000002"><ele>2448.0</ele></trkpt><trkpt lat="38.23893" lon="-119.54254000000003"><ele>2449.0</ele></trkpt><trkpt lat="38.23858" lon="-119.54259000000002"><ele>2450.0</ele></trkpt><trkpt lat="38.23839" lon="-119.54277000000002"><ele>2449.0</ele></trkpt><trkpt lat="38.23818" lon="-119.54286000000002"><ele>2449.0</ele></trkpt><trkpt lat="38.23818" lon="-119.54286000000002"><ele>2449.0</ele></trkpt><trkpt lat="38.23793" lon="-119.54296"><ele>2451.0</ele></trkpt><trkpt lat="38.23773" lon="-119.543"><ele>2452.0</ele></trkpt><trkpt lat="38.23757" lon="-119.54296999999997"><ele>2453.0</ele></trkpt><trkpt lat="38.23747" lon="-119.54290000000003"><ele>2454.6338670458645</ele></trkpt><trkpt lat="38.23725" lon="-119.54286000000002"><ele>2456.0</ele></trkpt><trkpt lat="38.23708" lon="-119.54291"><ele>2456.080945178371</ele></trkpt><trkpt lat="38.23694" lon="-119.54300999999998"><ele>2459.0</ele></trkpt><trkpt lat="38.23677" lon="-119.54318"><ele>2459.6015254369167</ele></trkpt><trkpt lat="38.23673" lon="-119.54326000000003"><ele>2459.0</ele></trkpt><trkpt lat="38.23667" lon="-119.54345"><ele>2460.0940150670167</ele></trkpt><trkpt lat="38.2366" lon="-119.54356999999999"><ele>2462.0</ele></trkpt><trkpt lat="38.23664" lon="-119.5437"><ele>2465.7465723571845</ele></trkpt><trkpt lat="38.23658" lon="-119.54381999999998"><ele>2467.304458666127</ele></trkpt><trkpt lat="38.23617" lon="-119.54444999999998"><ele>2479.2336967606097</ele></trkpt><trkpt lat="38.23614" lon="-119.54458999999997"><ele>2481.0</ele></trkpt><trkpt lat="38.23597" lon="-119.54491999999999"><ele>2483.0</ele></trkpt><trkpt lat="38.23581" lon="-119.54514"><ele>2484.0225305675867</ele></trkpt><trkpt lat="38.23569" lon="-119.54521999999997"><ele>2485.0</ele></trkpt><trkpt lat="38.23553" lon="-119.54557999999997"><ele>2487.0</ele></trkpt><trkpt lat="38.23547" lon="-119.54566"><ele>2487.054673777893</ele></trkpt><trkpt lat="38.23493" lon="-119.54606000000001"><ele>2488.696024889592</ele></trkpt><trkpt lat="38.23467" lon="-119.54642999999999"><ele>2492.9392746658996</ele></trkpt><trkpt lat="38.23464" lon="-119.54642000000001"><ele>2492.0</ele></trkpt><trkpt lat="38.23446" lon="-119.54658"><ele>2494.9297813335434</ele></trkpt><trkpt lat="38.23386" lon="-119.54701"><ele>2498.0</ele></trkpt><trkpt lat="38.23367" lon="-119.54705000000001"><ele>2496.0</ele></trkpt><trkpt lat="38.23319" lon="-119.54701999999997"><ele>2493.0</ele></trkpt><trkpt lat="38.23293" lon="-119.54692"><ele>2487.7734313267274</ele></trkpt><trkpt lat="38.23256" lon="-119.54701"><ele>2485.0</ele></trkpt><trkpt lat="38.23239" lon="-119.54698000000002"><ele>2484.0</ele></trkpt><trkpt lat="38.23223" lon="-119.54692"><ele>2482.0</ele></trkpt><trkpt lat="38.23211" lon="-119.54678000000001"><ele>2482.0</ele></trkpt><trkpt lat="38.23187" lon="-119.54658"><ele>2481.992054446695</ele></trkpt><trkpt lat="38.23167" lon="-119.54649999999998"><ele>2482.0</ele></trkpt><trkpt lat="38.23157" lon="-119.54651000000001"><ele>2482.895406380977</ele></trkpt><trkpt lat="38.23136" lon="-119.54638999999997"><ele>2485.1443278435618</ele></trkpt><trkpt lat="38.23085" lon="-119.54640999999998"><ele>2482.0043127497747</ele></trkpt><trkpt lat="38.23063" lon="-119.54649"><ele>2479.8799891964727</ele></trkpt><trkpt lat="38.23053" lon="-119.54649999999998"><ele>2477.691429237952</ele></trkpt><trkpt lat="38.23003" lon="-119.54664000000002"><ele>2473.0</ele></trkpt><trkpt lat="38.22948" lon="-119.54654"><ele>2472.0</ele></trkpt><trkpt lat="38.22887" lon="-119.54654"><ele>2472.0</ele></trkpt><trkpt lat="38.22837" lon="-119.54671000000002"><ele>2472.0</ele></trkpt><trkpt lat="38.22781" lon="-119.54683"><ele>2471.754257403314</ele></trkpt><trkpt lat="38.22746" lon="-119.54699"><ele>2471.0</ele></trkpt><trkpt lat="38.22707" lon="-119.5473"><ele>2472.0</ele></trkpt><trkpt lat="38.22648" lon="-119.54818"><ele>2465.3312467977535</ele></trkpt><trkpt lat="38.22637" lon="-119.54829000000001"><ele>2465.0</ele></trkpt><trkpt lat="38.22596" lon="-119.54858000000002"><ele>2463.932366949706</ele></trkpt><trkpt lat="38.22591602474729" lon="-119.5486386336703"><ele>2462.0148522378586</ele></trkpt><trkpt lat="38.22591154105474" lon="-119.54864461198542"><ele>2462.0</ele></trkpt><trkpt lat="38.22578" lon="-119.54881999999998"><ele>2461.0</ele></trkpt><trkpt lat="38.2256" lon="-119.54910000000001"><ele>2462.0</ele></trkpt><trkpt lat="38.22546" lon="-119.54921999999999"><ele>2461.0</ele></trkpt><trkpt lat="38.22534" lon="-119.54922999999997"><ele>2461.162950103058</ele></trkpt><trkpt lat="38.22516" lon="-119.54930999999999"><ele>2462.0</ele></trkpt><trkpt lat="38.22487" lon="-119.54934000000003"><ele>2462.6294433977487</ele></trkpt><trkpt lat="38.22459" lon="-119.54944"><ele>2462.0</ele></trkpt><trkpt lat="38.22444" lon="-119.54955999999999"><ele>2462.0</ele></trkpt><trkpt lat="38.22396" lon="-119.5503"><ele>2461.0</ele></trkpt><trkpt lat="38.2238" lon="-119.55045000000001"><ele>2460.0</ele></trkpt><trkpt lat="38.2238" lon="-119.55045000000001"><ele>2460.0</ele></trkpt><trkpt lat="38.2238" lon="-119.55045000000001"><ele>2460.0</ele></trkpt><trkpt lat="38.22303" lon="-119.55061"><ele>2461.0</ele></trkpt><trkpt lat="38.2229" lon="-119.55066999999997"><ele>2460.447784640277</ele></trkpt><trkpt lat="38.22261" lon="-119.55072999999999"><ele>2460.744561737891</ele></trkpt><trkpt lat="38.2221" lon="-119.5507"><ele>2463.0</ele></trkpt><trkpt lat="38.22183" lon="-119.55092000000002"><ele>2464.0</ele></trkpt><trkpt lat="38.22154" lon="-119.55093"><ele>2467.0</ele></trkpt><trkpt lat="38.22092" lon="-119.55088999999998"><ele>2468.0</ele></trkpt><trkpt lat="38.22092" lon="-119.55088999999998"><ele>2468.0</ele></trkpt><trkpt lat="38.22065" lon="-119.55086"><ele>2468.0868677986605</ele></trkpt><trkpt lat="38.21995" lon="-119.55099999999999"><ele>2466.0021546034286</ele></trkpt><trkpt lat="38.21985" lon="-119.55104"><ele>2466.0</ele></trkpt><trkpt lat="38.21941" lon="-119.55106"><ele>2462.958688608338</ele></trkpt><trkpt lat="38.21917" lon="-119.55105000000003"><ele>2462.0</ele></trkpt><trkpt lat="38.21888" lon="-119.55095"><ele>2460.0</ele></trkpt><trkpt lat="38.21871" lon="-119.55084"><ele>2460.0</ele></trkpt><trkpt lat="38.21855" lon="-119.55084999999997"><ele>2461.0</ele></trkpt><trkpt lat="38.21832" lon="-119.55097"><ele>2461.0</ele></trkpt><trkpt lat="38.21816" lon="-119.55111"><ele>2460.0</ele></trkpt><trkpt lat="38.21761" lon="-119.55185"><ele>2462.0</ele></trkpt><trkpt lat="38.21735" lon="-119.55228"><ele>2463.0</ele></trkpt><trkpt lat="38.21717" lon="-119.55236000000002"><ele>2465.0</ele></trkpt><trkpt lat="38.21694" lon="-119.55240000000003"><ele>2467.930906129478</ele></trkpt><trkpt lat="38.21663" lon="-119.55272000000002"><ele>2471.0</ele></trkpt><trkpt lat="38.21645" lon="-119.55279999999999"><ele>2472.0</ele></trkpt><trkpt lat="38.21633" lon="-119.55291"><ele>2473.0</ele></trkpt><trkpt lat="38.21627" lon="-119.55302"><ele>2473.0381053589003</ele></trkpt><trkpt lat="38.21608" lon="-119.55322000000001"><ele>2475.0</ele></trkpt><trkpt lat="38.21608" lon="-119.55322000000001"><ele>2475.0</ele></trkpt><trkpt lat="38.21589" lon="-119.55340000000001"><ele>2473.0</ele></trkpt><trkpt lat="38.21579" lon="-119.55345999999997"><ele>2474.0</ele></trkpt><trkpt lat="38.21552" lon="-119.55354999999997"><ele>2472.0</ele></trkpt><trkpt lat="38.21529" lon="-119.55365999999998"><ele>2470.0</ele></trkpt><trkpt lat="38.21513" lon="-119.55380000000002"><ele>2471.93341755867</ele></trkpt><trkpt lat="38.21493" lon="-119.55387000000002"><ele>2472.1360926040547</ele></trkpt><trkpt lat="38.21477" lon="-119.55387000000002"><ele>2469.0</ele></trkpt><trkpt lat="38.21451" lon="-119.55399999999997"><ele>2467.0</ele></trkpt><trkpt lat="38.21428" lon="-119.55398000000002"><ele>2468.4840580348955</ele></trkpt><trkpt lat="38.21421" lon="-119.55392999999998"><ele>2469.0</ele></trkpt><trkpt lat="38.214" lon="-119.55392999999998"><ele>2466.0</ele></trkpt><trkpt lat="38.21377" lon="-119.55405999999999"><ele>2466.0</ele></trkpt><trkpt lat="38.21349" lon="-119.55405000000002"><ele>2469.045106304764</ele></trkpt><trkpt lat="38.21324" lon="-119.55412999999999"><ele>2468.2147164447233</ele></trkpt><trkpt lat="38.21308" lon="-119.55408"><ele>2468.0</ele></trkpt><trkpt lat="38.21284" lon="-119.55394000000001"><ele>2467.0</ele></trkpt><trkpt lat="38.21258" lon="-119.55383999999998"><ele>2465.595504252213</ele></trkpt><trkpt lat="38.21209" lon="-119.55383"><ele>2464.1957297776826</ele></trkpt><trkpt lat="38.21209" lon="-119.55383"><ele>2464.1957297776826</ele></trkpt><trkpt lat="38.21209" lon="-119.55383"><ele>2464.1957297776826</ele></trkpt><trkpt lat="38.21178" lon="-119.55387999999999"><ele>2465.0</ele></trkpt><trkpt lat="38.2114" lon="-119.55399999999997"><ele>2466.0</ele></trkpt><trkpt lat="38.21098" lon="-119.55426"><ele>2469.0</ele></trkpt><trkpt lat="38.21076" lon="-119.55428"><ele>2471.0</ele></trkpt><trkpt lat="38.21055" lon="-119.55426"><ele>2474.0</ele></trkpt><trkpt lat="38.21027" lon="-119.55437"><ele>2475.0</ele></trkpt><trkpt lat="38.20996" lon="-119.55439999999999"><ele>2475.0</ele></trkpt><trkpt lat="38.20921" lon="-119.55424"><ele>2473.0</ele></trkpt><trkpt lat="38.20892" lon="-119.55407000000002"><ele>2472.0</ele></trkpt><trkpt lat="38.20862" lon="-119.55394999999999"><ele>2472.9775880029474</ele></trkpt><trkpt lat="38.20848" lon="-119.55387000000002"><ele>2473.0</ele></trkpt><trkpt lat="38.20848" lon="-119.55387000000002"><ele>2473.0</ele></trkpt><trkpt lat="38.20848" lon="-119.55387000000002"><ele>2473.0</ele></trkpt><trkpt lat="38.20848000000001" lon="-119.55387000000002"><ele>2473.0</ele></trkpt><trkpt lat="38.20836" lon="-119.55392"><ele>2472.0</ele></trkpt><trkpt lat="38.20818" lon="-119.55410999999998"><ele>2473.0</ele></trkpt><trkpt lat="38.20754" lon="-119.55446"><ele>2472.0</ele></trkpt><trkpt lat="38.20744" lon="-119.55466000000001"><ele>2473.0</ele></trkpt><trkpt lat="38.20741" lon="-119.55491"><ele>2473.0</ele></trkpt><trkpt lat="38.20747" lon="-119.55518000000001"><ele>2473.0</ele></trkpt><trkpt lat="38.20747" lon="-119.55518000000001"><ele>2473.0</ele></trkpt><trkpt lat="38.20747" lon="-119.55518000000001"><ele>2473.0</ele></trkpt><trkpt lat="38.20748307085272" lon="-119.55518000000001"><ele>2473.0</ele></trkpt><trkpt lat="38.20747" lon="-119.55518000000001"><ele>2473.0</ele></trkpt><trkpt lat="38.20747" lon="-119.55518000000001"><ele>2473.0</ele></trkpt><trkpt lat="38.20742" lon="-119.55518000000001"><ele>2473.163527745427</ele></trkpt><trkpt lat="38.20731" lon="-119.55524000000003"><ele>2475.5150328902528</ele></trkpt><trkpt lat="38.20723" lon="-119.55524000000003"><ele>2476.0</ele></trkpt><trkpt lat="38.20693" lon="-119.55536999999998"><ele>2478.407943625037</ele></trkpt><trkpt lat="38.2065" lon="-119.55538000000001"><ele>2477.0</ele></trkpt><trkpt lat="38.2061" lon="-119.55551000000003"><ele>2479.097944890149</ele></trkpt><trkpt lat="38.20572" lon="-119.55579"><ele>2484.0</ele></trkpt><trkpt lat="38.20565" lon="-119.55588999999998"><ele>2486.0</ele></trkpt><trkpt lat="38.2056" lon="-119.55599999999998"><ele>2487.988849888563</ele></trkpt><trkpt lat="38.20556" lon="-119.55624"><ele>2493.5237564151676</ele></trkpt><trkpt lat="38.20558" lon="-119.55628000000002"><ele>2494.63465877786</ele></trkpt><trkpt lat="38.20575" lon="-119.55637000000002"><ele>2499.0</ele></trkpt><trkpt lat="38.20579" lon="-119.55644000000001"><ele>2500.0</ele></trkpt><trkpt lat="38.20577" lon="-119.55659000000003"><ele>2504.0</ele></trkpt><trkpt lat="38.20553" lon="-119.55682000000002"><ele>2508.0</ele></trkpt><trkpt lat="38.20534" lon="-119.55691000000002"><ele>2513.342673778534</ele></trkpt><trkpt lat="38.20532" lon="-119.55713000000003"><ele>2517.0</ele></trkpt><trkpt lat="38.20528" lon="-119.5573"><ele>2520.0</ele></trkpt><trkpt lat="38.20505" lon="-119.55768999999998"><ele>2526.6933084437624</ele></trkpt><trkpt lat="38.20493" lon="-119.55785000000003"><ele>2528.0144519372907</ele></trkpt><trkpt lat="38.20484" lon="-119.55790999999999"><ele>2529.9460515556857</ele></trkpt><trkpt lat="38.20468" lon="-119.55793"><ele>2533.0</ele></trkpt><trkpt lat="38.20465" lon="-119.55795999999998"><ele>2534.2762204436585</ele></trkpt><trkpt lat="38.20464" lon="-119.55806000000001"><ele>2536.9365582233295</ele></trkpt><trkpt lat="38.20473" lon="-119.55815999999999"><ele>2539.0</ele></trkpt><trkpt lat="38.20475" lon="-119.55829"><ele>2541.0</ele></trkpt><trkpt lat="38.20493" lon="-119.55833999999999"><ele>2542.9855039995164</ele></trkpt><trkpt lat="38.20507" lon="-119.55847"><ele>2546.0439431117848</ele></trkpt><trkpt lat="38.2051" lon="-119.55854"><ele>2548.0</ele></trkpt><trkpt lat="38.20501" lon="-119.55862000000002"><ele>2552.034449778963</ele></trkpt><trkpt lat="38.2049" lon="-119.55867"><ele>2554.3646186669357</ele></trkpt><trkpt lat="38.20489" lon="-119.55884000000003"><ele>2560.0792140132744</ele></trkpt><trkpt lat="38.20449" lon="-119.55884000000003"><ele>2563.2871928904206</ele></trkpt><trkpt lat="38.20417" lon="-119.55896999999999"><ele>2568.345631999895</ele></trkpt><trkpt lat="38.20405" lon="-119.55899"><ele>2569.0</ele></trkpt><trkpt lat="38.20366" lon="-119.55925000000002"><ele>2573.5291845657416</ele></trkpt><trkpt lat="38.20366" lon="-119.55925000000002"><ele>2573.5291845657416</ele></trkpt><trkpt lat="38.20359" lon="-119.55935999999997"><ele>2576.0</ele></trkpt><trkpt lat="38.20333" lon="-119.55948999999998"><ele>2576.5793884438463</ele></trkpt><trkpt lat="38.20302" lon="-119.55980999999997"><ele>2582.0</ele></trkpt><trkpt lat="38.20283" lon="-119.55993000000001"><ele>2583.0</ele></trkpt><trkpt lat="38.2025" lon="-119.56001000000003"><ele>2582.8131448905915</ele></trkpt><trkpt lat="38.20237" lon="-119.56011000000001"><ele>2583.1297855899056</ele></trkpt><trkpt lat="38.20217" lon="-119.56010000000003"><ele>2582.007448890712</ele></trkpt><trkpt lat="38.20178" lon="-119.56025999999997"><ele>2586.4639893318526</ele></trkpt><trkpt lat="38.20174" lon="-119.56034"><ele>2587.0</ele></trkpt><trkpt lat="38.20179" lon="-119.56058999999999"><ele>2591.8431040002033</ele></trkpt><trkpt lat="38.20179" lon="-119.56070999999997"><ele>2593.504601610648</ele></trkpt><trkpt lat="38.20163" lon="-119.56101999999998"><ele>2600.5392778549476</ele></trkpt><trkpt lat="38.20151" lon="-119.56103000000002"><ele>2602.82249687525</ele></trkpt><trkpt lat="38.2014" lon="-119.56097"><ele>2603.55238755513</ele></trkpt><trkpt lat="38.20125" lon="-119.56101999999998"><ele>2605.0</ele></trkpt><trkpt lat="38.2011" lon="-119.56114000000002"><ele>2609.4749617790803</ele></trkpt><trkpt lat="38.20099" lon="-119.56128999999999"><ele>2613.46546844393</ele></trkpt><trkpt lat="38.20071" lon="-119.56144"><ele>2614.455975111574</ele></trkpt><trkpt lat="38.20061" lon="-119.56157999999999"><ele>2617.0</ele></trkpt><trkpt lat="38.2006" lon="-119.56171"><ele>2619.026975262566</ele></trkpt><trkpt lat="38.20066" lon="-119.56180999999998"><ele>2622.0</ele></trkpt><trkpt lat="38.20093" lon="-119.56196999999997"><ele>2627.155765331816</ele></trkpt><trkpt lat="38.201" lon="-119.56205999999997"><ele>2629.0</ele></trkpt><trkpt lat="38.20103" lon="-119.56216999999998"><ele>2631.0</ele></trkpt><trkpt lat="38.201" lon="-119.5623"><ele>2633.547731225651</ele></trkpt><trkpt lat="38.201" lon="-119.56243"><ele>2635.6045556689287</ele></trkpt><trkpt lat="38.20108" lon="-119.56257"><ele>2638.319016767842</ele></trkpt><trkpt lat="38.20126" lon="-119.56272000000001"><ele>2639.108298667241</ele></trkpt><trkpt lat="38.20127" lon="-119.56276000000003"><ele>2639.9989086902647</ele></trkpt><trkpt lat="38.20125" lon="-119.56279999999998"><ele>2640.836568888277</ele></trkpt><trkpt lat="38.20118" lon="-119.56281000000001"><ele>2641.3026026673615</ele></trkpt><trkpt lat="38.20116" lon="-119.56285000000003"><ele>2642.08066925636</ele></trkpt><trkpt lat="38.20133" lon="-119.56306000000001"><ele>2645.972170227986</ele></trkpt><trkpt lat="38.20138" lon="-119.56308000000001"><ele>2646.4985414680114</ele></trkpt><trkpt lat="38.20141" lon="-119.56315000000001"><ele>2648.0972041017058</ele></trkpt><trkpt lat="38.20138" lon="-119.56331999999998"><ele>2651.0</ele></trkpt><trkpt lat="38.20125" lon="-119.56353000000001"><ele>2655.731492463825</ele></trkpt><trkpt lat="38.20121" lon="-119.56364000000002"><ele>2656.9913939772314</ele></trkpt><trkpt lat="38.20121" lon="-119.56369999999998"><ele>2658.0</ele></trkpt><trkpt lat="38.20127" lon="-119.56380000000001"><ele>2660.0</ele></trkpt><trkpt lat="38.20146" lon="-119.56380000000001"><ele>2664.135195140275</ele></trkpt><trkpt lat="38.20151" lon="-119.56382000000002"><ele>2665.1013704268553</ele></trkpt><trkpt lat="38.20156" lon="-119.56387999999998"><ele>2667.3659188966703</ele></trkpt><trkpt lat="38.20158" lon="-119.56443000000002"><ele>2680.8847955606284</ele></trkpt><trkpt lat="38.2016" lon="-119.56448"><ele>2683.0</ele></trkpt><trkpt lat="38.20167" lon="-119.56438000000003"><ele>2685.761118175462</ele></trkpt><trkpt lat="38.201699321491596" lon="-119.56438000000003"><ele>2687.49999987334</ele></trkpt><trkpt lat="38.2017093415485" lon="-119.56439975354556"><ele>2688.0942294765264</ele></trkpt><trkpt lat="38.2017" lon="-119.56468000000001"><ele>2691.9911572537385</ele></trkpt><trkpt lat="38.2018" lon="-119.56461999999999"><ele>2696.1253597727045</ele></trkpt><trkpt lat="38.20182" lon="-119.56465000000003"><ele>2697.656725341454</ele></trkpt><trkpt lat="38.20175" lon="-119.56493"><ele>2700.5054397173226</ele></trkpt><trkpt lat="38.20179" lon="-119.56495000000001"><ele>2702.877602443099</ele></trkpt><trkpt lat="38.20193" lon="-119.56486000000001"><ele>2708.180182248354</ele></trkpt><trkpt lat="38.20195" lon="-119.56488000000002"><ele>2710.221518243225</ele></trkpt><trkpt lat="38.20179" lon="-119.56591000000003"><ele>2722.877602443099</ele></trkpt><trkpt lat="38.20183" lon="-119.56610999999998"><ele>2727.2497664708644</ele></trkpt><trkpt lat="38.20178" lon="-119.56628999999998"><ele>2726.0</ele></trkpt><trkpt lat="38.20181" lon="-119.56672000000003"><ele>2730.033231087385</ele></trkpt><trkpt lat="38.20162" lon="-119.56716"><ele>2734.801490429605</ele></trkpt><trkpt lat="38.20153" lon="-119.56726000000003"><ele>2736.0</ele></trkpt><trkpt lat="38.20123" lon="-119.56741999999997"><ele>2735.096228057123</ele></trkpt><trkpt lat="38.20081" lon="-119.56774000000001"><ele>2738.8172459458</ele></trkpt><trkpt lat="38.20061" lon="-119.56783999999999"><ele>2739.7175928885117</ele></trkpt><trkpt lat="38.20046" lon="-119.56812000000002"><ele>2744.767446961758</ele></trkpt><trkpt lat="38.20016" lon="-119.56842"><ele>2745.159248664242</ele></trkpt><trkpt lat="38.20016" lon="-119.56842"><ele>2745.159248664242</ele></trkpt><trkpt lat="38.20015512867503" lon="-119.56842427726099"><ele>2745.0</ele></trkpt><trkpt lat="38.19989650435721" lon="-119.56865430520952"><ele>2748.3915339237797</ele></trkpt><trkpt lat="38.19975317140626" lon="-119.5687937800783"><ele>2749.254003329668</ele></trkpt><trkpt lat="38.19974950650864" lon="-119.56878021590273"><ele>2748.4045296180993</ele></trkpt><trkpt lat="38.19959" lon="-119.56885"><ele>2747.0</ele></trkpt><trkpt lat="38.19926" lon="-119.56936999999999"><ele>2748.0207608886994</ele></trkpt><trkpt lat="38.19883" lon="-119.56986"><ele>2750.0</ele></trkpt><trkpt lat="38.19875" lon="-119.56999000000002"><ele>2750.965682306883</ele></trkpt><trkpt lat="38.19861" lon="-119.57002"><ele>2750.0922383624948</ele></trkpt><trkpt lat="38.19841" lon="-119.56995"><ele>2749.0507200006396</ele></trkpt><trkpt lat="38.19832" lon="-119.56997000000001"><ele>2750.982787556015</ele></trkpt><trkpt lat="38.19812" lon="-119.57022999999998"><ele>2752.2370978072286</ele></trkpt><trkpt lat="38.1978" lon="-119.57035000000002"><ele>2751.5115865703465</ele></trkpt><trkpt lat="38.19736" lon="-119.57036"><ele>2750.0</ele></trkpt><trkpt lat="38.19725" lon="-119.57028000000003"><ele>2749.5822312102864</ele></trkpt><trkpt lat="38.19717" lon="-119.57028000000003"><ele>2749.8172982893598</ele></trkpt><trkpt lat="38.19706" lon="-119.57036"><ele>2750.476673223591</ele></trkpt><trkpt lat="38.19694" lon="-119.5704"><ele>2751.022240000777</ele></trkpt><trkpt lat="38.19661" lon="-119.5704"><ele>2747.0</ele></trkpt><trkpt lat="38.19654" lon="-119.57042999999999"><ele>2746.227986317414</ele></trkpt><trkpt lat="38.19636" lon="-119.57067999999998"><ele>2745.9396171984263</ele></trkpt><trkpt lat="38.19613" lon="-119.57123000000001"><ele>2749.1613700806033</ele></trkpt><trkpt lat="38.19601" lon="-119.57139000000001"><ele>2751.018128678987</ele></trkpt><trkpt lat="38.19588" lon="-119.57143000000002"><ele>2752.023719111923</ele></trkpt><trkpt lat="38.19562" lon="-119.57162"><ele>2753.9984070763808</ele></trkpt><trkpt lat="38.19544" lon="-119.57159999999999"><ele>2754.9462933330797</ele></trkpt><trkpt lat="38.19535" lon="-119.57152000000002"><ele>2754.0</ele></trkpt><trkpt lat="38.1953" lon="-119.57143000000002"><ele>2754.0</ele></trkpt><trkpt lat="38.19523" lon="-119.57118000000003"><ele>2752.0</ele></trkpt><trkpt lat="38.19492" lon="-119.57099"><ele>2752.0</ele></trkpt><trkpt lat="38.19481" lon="-119.57094999999998"><ele>2753.0</ele></trkpt><trkpt lat="38.1948" lon="-119.57080000000002"><ele>2752.0</ele></trkpt><trkpt lat="38.19474" lon="-119.57074999999998"><ele>2752.0</ele></trkpt><trkpt lat="38.19458" lon="-119.57069999999999"><ele>2751.0</ele></trkpt><trkpt lat="38.19436" lon="-119.57051000000001"><ele>2751.108377048349</ele></trkpt><trkpt lat="38.1939" lon="-119.57038999999997"><ele>2751.4437937787734</ele></trkpt><trkpt lat="38.19385" lon="-119.57031"><ele>2753.0</ele></trkpt><trkpt lat="38.19385" lon="-119.5702"><ele>2755.0</ele></trkpt><trkpt lat="38.19392" lon="-119.57009"><ele>2758.0</ele></trkpt><trkpt lat="38.19383" lon="-119.57009"><ele>2758.4248071108013</ele></trkpt><trkpt lat="38.19383" lon="-119.57002999999997"><ele>2759.34339480968</ele></trkpt><trkpt lat="38.19375" lon="-119.56997999999999"><ele>2761.0</ele></trkpt><trkpt lat="38.19373" lon="-119.56993"><ele>2762.8916541084773</ele></trkpt><trkpt lat="38.19372" lon="-119.56986999999998"><ele>2763.8967640127457</ele></trkpt><trkpt lat="38.19381" lon="-119.56968999999998"><ele>2765.0</ele></trkpt><trkpt lat="38.19378" lon="-119.56961999999999"><ele>2765.0</ele></trkpt><trkpt lat="38.19374" lon="-119.56959"><ele>2766.0</ele></trkpt><trkpt lat="38.19359" lon="-119.56959999999998"><ele>2766.2873165390492</ele></trkpt><trkpt lat="38.19342" lon="-119.56966999999997"><ele>2766.9982257792726</ele></trkpt><trkpt lat="38.19334" lon="-119.56963999999999"><ele>2767.0</ele></trkpt><trkpt lat="38.19311" lon="-119.56965000000002"><ele>2767.940667806594</ele></trkpt><trkpt lat="38.19304" lon="-119.56966999999997"><ele>2766.0</ele></trkpt><trkpt lat="38.19301" lon="-119.56972999999999"><ele>2766.0</ele></trkpt><trkpt lat="38.19278" lon="-119.56979999999999"><ele>2766.9397866670042</ele></trkpt><trkpt lat="38.19256" lon="-119.56979000000001"><ele>2768.0</ele></trkpt><trkpt lat="38.19244" lon="-119.56975"><ele>2769.1565707840855</ele></trkpt><trkpt lat="38.19241" lon="-119.56968999999998"><ele>2771.0</ele></trkpt><trkpt lat="38.19241" lon="-119.56956000000002"><ele>2772.6858346148874</ele></trkpt><trkpt lat="38.19246" lon="-119.56941"><ele>2774.463804082913</ele></trkpt><trkpt lat="38.19245" lon="-119.56938000000002"><ele>2775.0</ele></trkpt><trkpt lat="38.19239" lon="-119.56939999999997"><ele>2775.80933800128</ele></trkpt><trkpt lat="38.19236" lon="-119.56934999999999"><ele>2776.323702264577</ele></trkpt><trkpt lat="38.19232" lon="-119.56934999999999"><ele>2777.6338664753853</ele></trkpt><trkpt lat="38.19222" lon="-119.56939999999997"><ele>2779.6251909807324</ele></trkpt><trkpt lat="38.19213" lon="-119.56936000000002"><ele>2780.021160690889</ele></trkpt><trkpt lat="38.19211" lon="-119.56941999999998"><ele>2779.0</ele></trkpt><trkpt lat="38.19206" lon="-119.56943999999999"><ele>2779.0</ele></trkpt><trkpt lat="38.19191" lon="-119.56943999999999"><ele>2782.0</ele></trkpt><trkpt lat="38.19184" lon="-119.5695"><ele>2781.0</ele></trkpt><trkpt lat="38.19169" lon="-119.56952999999999"><ele>2782.0</ele></trkpt><trkpt lat="38.19163" lon="-119.56957"><ele>2781.7917712446997</ele></trkpt><trkpt lat="38.19158" lon="-119.56966999999997"><ele>2780.9982257792726</ele></trkpt><trkpt lat="38.19154" lon="-119.56968"><ele>2780.974963202661</ele></trkpt><trkpt lat="38.1915" lon="-119.56966"><ele>2782.0</ele></trkpt><trkpt lat="38.19151" lon="-119.56956000000002"><ele>2783.034220362617</ele></trkpt><trkpt lat="38.19139" lon="-119.56954999999999"><ele>2785.0</ele></trkpt><trkpt lat="38.19131" lon="-119.56959"><ele>2785.726495999377</ele></trkpt><trkpt lat="38.19123" lon="-119.56956000000002"><ele>2785.0</ele></trkpt><trkpt lat="38.19112" lon="-119.56947000000002"><ele>2785.0</ele></trkpt><trkpt lat="38.19108" lon="-119.56936000000002"><ele>2786.0</ele></trkpt><trkpt lat="38.19101" lon="-119.5693"><ele>2786.716989174005</ele></trkpt><trkpt lat="38.19096" lon="-119.56932999999998"><ele>2786.0</ele></trkpt><trkpt lat="38.19089" lon="-119.5693"><ele>2787.24147555558</ele></trkpt><trkpt lat="38.19087093405963" lon="-119.56930680926439"><ele>2787.0</ele></trkpt><trkpt lat="38.190827873657256" lon="-119.56932218799142"><ele>2787.2074402091093</ele></trkpt><trkpt lat="38.19075" lon="-119.56934999999999"><ele>2787.7198038348183</ele></trkpt><trkpt lat="38.19068" lon="-119.56930999999997"><ele>2789.0</ele></trkpt><trkpt lat="38.19064" lon="-119.56936999999999"><ele>2788.9792391113006</ele></trkpt><trkpt lat="38.19058" lon="-119.56936999999999"><ele>2788.9792391113006</ele></trkpt><trkpt lat="38.19049" lon="-119.56936999999999"><ele>2788.0</ele></trkpt><trkpt lat="38.19044" lon="-119.56932999999998"><ele>2788.8433742229827</ele></trkpt><trkpt lat="38.19035" lon="-119.56945000000002"><ele>2790.0</ele></trkpt><trkpt lat="38.1902" lon="-119.56954000000002"><ele>2790.0566648878157</ele></trkpt><trkpt lat="38.19007" lon="-119.56945000000002"><ele>2793.110334897414</ele></trkpt><trkpt lat="38.19" lon="-119.56945000000002"><ele>2794.065490518066</ele></trkpt><trkpt lat="38.18995" lon="-119.56941999999998"><ele>2795.1464782128946</ele></trkpt><trkpt lat="38.1899" lon="-119.56936000000002"><ele>2796.0</ele></trkpt><trkpt lat="38.18988" lon="-119.56921"><ele>2796.0</ele></trkpt><trkpt lat="38.1898" lon="-119.56920000000002"><ele>2797.108065362612</ele></trkpt><trkpt lat="38.18978" lon="-119.56912999999997"><ele>2798.4196143405225</ele></trkpt><trkpt lat="38.18975" lon="-119.56912999999997"><ele>2799.849820008167</ele></trkpt><trkpt lat="38.18975" lon="-119.56921"><ele>2799.0845462083817</ele></trkpt><trkpt lat="38.18972" lon="-119.56930999999997"><ele>2799.8940546825056</ele></trkpt><trkpt lat="38.1896" lon="-119.56939999999997"><ele>2799.572207245147</ele></trkpt><trkpt lat="38.18951" lon="-119.56932999999998"><ele>2801.315149988979</ele></trkpt><trkpt lat="38.18943" lon="-119.56916000000001"><ele>2802.220318777768</ele></trkpt><trkpt lat="38.18935" lon="-119.56914999999998"><ele>2802.0</ele></trkpt><trkpt lat="38.18926918438146" lon="-119.56922459903251"><ele>2803.0</ele></trkpt><trkpt lat="38.18926918438146" lon="-119.56922459903251"><ele>2803.0</ele></trkpt><trkpt lat="38.18922" lon="-119.56927000000002"><ele>2803.51040032506</ele></trkpt><trkpt lat="38.18915" lon="-119.56929000000002"><ele>2802.806673104321</ele></trkpt><trkpt lat="38.18915" lon="-119.56929000000002"><ele>2802.806673104321</ele></trkpt><trkpt lat="38.1891" lon="-119.56932"><ele>2803.0</ele></trkpt><trkpt lat="38.1891" lon="-119.56932"><ele>2803.0</ele></trkpt><trkpt lat="38.18908" lon="-119.56943000000001"><ele>2803.0</ele></trkpt><trkpt lat="38.18911" lon="-119.56957"><ele>2804.0</ele></trkpt><trkpt lat="38.18909" lon="-119.56957999999997"><ele>2804.1765079618062</ele></trkpt><trkpt lat="38.189" lon="-119.56952000000001"><ele>2805.560041084921</ele></trkpt><trkpt lat="38.18888" lon="-119.56952999999999"><ele>2808.6702618151903</ele></trkpt><trkpt lat="38.18882" lon="-119.56957999999997"><ele>2810.8513428795104</ele></trkpt><trkpt lat="38.18838" lon="-119.56961999999999"><ele>2814.8959166246004</ele></trkpt><trkpt lat="38.18834318197628" lon="-119.56961999999999"><ele>2815.0</ele></trkpt><trkpt lat="38.18829113536996" lon="-119.56961999999999"><ele>2815.3935660600814</ele></trkpt><trkpt lat="38.18817" lon="-119.56961999999999"><ele>2815.0</ele></trkpt><trkpt lat="38.18814" lon="-119.56963999999999"><ele>2815.0</ele></trkpt><trkpt lat="38.18806" lon="-119.56983000000002"><ele>2814.1332398996615</ele></trkpt><trkpt lat="38.18793" lon="-119.56988000000001"><ele>2815.0</ele></trkpt><trkpt lat="38.1878" lon="-119.56984999999997"><ele>2815.0</ele></trkpt><trkpt lat="38.18773" lon="-119.56979000000001"><ele>2816.0</ele></trkpt><trkpt lat="38.18766" lon="-119.56979999999999"><ele>2817.0</ele></trkpt><trkpt lat="38.18757" lon="-119.56988000000001"><ele>2817.861275354131</ele></trkpt><trkpt lat="38.18729" lon="-119.56981000000002"><ele>2818.5262471120805</ele></trkpt><trkpt lat="38.1871" lon="-119.56993"><ele>2819.1186524447985</ele></trkpt><trkpt lat="38.18673" lon="-119.57009"><ele>2818.0</ele></trkpt><trkpt lat="38.18662" lon="-119.57029999999997"><ele>2822.571418156294</ele></trkpt><trkpt lat="38.18649" lon="-119.5704"><ele>2823.628867965639</ele></trkpt><trkpt lat="38.1865" lon="-119.57047"><ele>2826.5689528882504</ele></trkpt><trkpt lat="38.18661" lon="-119.57049"><ele>2828.2165440008976</ele></trkpt><trkpt lat="38.18669" lon="-119.57053000000002"><ele>2830.559446924366</ele></trkpt><trkpt lat="38.1867" lon="-119.57056"><ele>2832.478780444246</ele></trkpt><trkpt lat="38.18661" lon="-119.57060999999999"><ele>2832.5443766121753</ele></trkpt><trkpt lat="38.1865" lon="-119.57060000000001"><ele>2831.0</ele></trkpt><trkpt lat="38.18647" lon="-119.57063"><ele>2831.3220414023763</ele></trkpt><trkpt lat="38.18642" lon="-119.57074999999998"><ele>2833.0</ele></trkpt><trkpt lat="38.1864" lon="-119.57081"><ele>2833.0</ele></trkpt><trkpt lat="38.18644" lon="-119.57094000000001"><ele>2834.5325049288585</ele></trkpt><trkpt lat="38.18659" lon="-119.57103999999998"><ele>2837.0833173159326</ele></trkpt><trkpt lat="38.18664" lon="-119.57109000000003"><ele>2838.0</ele></trkpt><trkpt lat="38.18665" lon="-119.57112999999998"><ele>2838.145229014327</ele></trkpt><trkpt lat="38.18641" lon="-119.57139999999998"><ele>2842.548728560305</ele></trkpt><trkpt lat="38.18642" lon="-119.57143000000002"><ele>2843.0</ele></trkpt><trkpt lat="38.18659" lon="-119.57152000000002"><ele>2843.6477921035803</ele></trkpt><trkpt lat="38.18678" lon="-119.57148999999998"><ele>2845.966691316712</ele></trkpt><trkpt lat="38.187" lon="-119.57137"><ele>2847.1954961407196</ele></trkpt><trkpt lat="38.1871" lon="-119.57121000000001"><ele>2849.0</ele></trkpt><trkpt lat="38.18715" lon="-119.57117"><ele>2850.0</ele></trkpt><trkpt lat="38.18723" lon="-119.57118000000003"><ele>2850.0</ele></trkpt><trkpt lat="38.18727" lon="-119.57126"><ele>2850.101144888904</ele></trkpt><trkpt lat="38.18723" lon="-119.57141000000001"><ele>2852.0</ele></trkpt><trkpt lat="38.18727" lon="-119.57148999999998"><ele>2853.819921777118</ele></trkpt><trkpt lat="38.18722" lon="-119.57168000000001"><ele>2856.9686052843804</ele></trkpt><trkpt lat="38.18704" lon="-119.57193000000001"><ele>2858.4812009062475</ele></trkpt><trkpt lat="38.187" lon="-119.57216"><ele>2858.037966377526</ele></trkpt><trkpt lat="38.18696" lon="-119.57223999999997"><ele>2858.2600356829353</ele></trkpt><trkpt lat="38.18687" lon="-119.57234"><ele>2857.5186130603142</ele></trkpt><trkpt lat="38.18658" lon="-119.57252"><ele>2856.8214008891955</ele></trkpt><trkpt lat="38.18639" lon="-119.57259999999997"><ele>2858.5496711093</ele></trkpt><trkpt lat="38.18639" lon="-119.57259999999997"><ele>2858.5496711093</ele></trkpt><trkpt lat="38.18588" lon="-119.57256999999998"><ele>2863.1515697771683</ele></trkpt><trkpt lat="38.18583" lon="-119.57254999999998"><ele>2864.2195022213273</ele></trkpt><trkpt lat="38.18575" lon="-119.57258000000002"><ele>2866.9800526425242</ele></trkpt><trkpt lat="38.18562" lon="-119.57267999999999"><ele>2868.5558826653287</ele></trkpt><trkpt lat="38.1855" lon="-119.57268999999997"><ele>2869.0579445526964</ele></trkpt><trkpt lat="38.18541" lon="-119.57276000000002"><ele>2872.002571930134</ele></trkpt><trkpt lat="38.18535" lon="-119.57285999999999"><ele>2874.0</ele></trkpt><trkpt lat="38.18536" lon="-119.57294000000002"><ele>2875.0</ele></trkpt><trkpt lat="38.18548" lon="-119.57321000000002"><ele>2877.9836037741925</ele></trkpt><trkpt lat="38.18549" lon="-119.57328999999999"><ele>2878.0</ele></trkpt><trkpt lat="38.18537" lon="-119.57371999999998"><ele>2879.0</ele></trkpt><trkpt lat="38.18529" lon="-119.57384000000002"><ele>2879.0</ele></trkpt><trkpt lat="38.18523" lon="-119.57387"><ele>2880.0</ele></trkpt><trkpt lat="38.18507" lon="-119.57389"><ele>2881.0</ele></trkpt><trkpt lat="38.185" lon="-119.57396"><ele>2881.0</ele></trkpt><trkpt lat="38.18481" lon="-119.57407999999998"><ele>2882.4773297780193</ele></trkpt><trkpt lat="38.18479" lon="-119.57412"><ele>2882.0</ele></trkpt><trkpt lat="38.1848" lon="-119.57429000000002"><ele>2882.8704504444004</ele></trkpt><trkpt lat="38.1845" lon="-119.57469000000003"><ele>2888.368298785761</ele></trkpt><trkpt lat="38.18442" lon="-119.57475999999997"><ele>2889.1114967279136</ele></trkpt><trkpt lat="38.18438" lon="-119.57490000000001"><ele>2890.737440000754</ele></trkpt><trkpt lat="38.18431" lon="-119.57502"><ele>2892.633385386318</ele></trkpt><trkpt lat="38.18402" lon="-119.57508000000001"><ele>2895.0</ele></trkpt><trkpt lat="38.1839" lon="-119.5752"><ele>2896.0</ele></trkpt><trkpt lat="38.1839" lon="-119.5752"><ele>2896.0</ele></trkpt><trkpt lat="38.18382" lon="-119.57531"><ele>2897.0</ele></trkpt><trkpt lat="38.18384" lon="-119.57544999999999"><ele>2895.8151760665914</ele></trkpt><trkpt lat="38.18358" lon="-119.57603"><ele>2897.0</ele></trkpt><trkpt lat="38.18361" lon="-119.57613000000003"><ele>2897.127972710489</ele></trkpt><trkpt lat="38.18365" lon="-119.57616000000002"><ele>2897.0</ele></trkpt><trkpt lat="38.18362" lon="-119.57627000000002"><ele>2897.0</ele></trkpt><trkpt lat="38.18365" lon="-119.57634000000002"><ele>2898.0</ele></trkpt><trkpt lat="38.18375" lon="-119.57634000000002"><ele>2899.0</ele></trkpt><trkpt lat="38.18381" lon="-119.57641000000001"><ele>2899.0</ele></trkpt><trkpt lat="38.18381" lon="-119.57646"><ele>2899.0</ele></trkpt><trkpt lat="38.18374" lon="-119.57652999999999"><ele>2899.0</ele></trkpt><trkpt lat="38.18373" lon="-119.57661999999999"><ele>2899.0</ele></trkpt><trkpt lat="38.18373" lon="-119.57668000000001"><ele>2899.0</ele></trkpt><trkpt lat="38.18386" lon="-119.57672000000002"><ele>2899.0</ele></trkpt><trkpt lat="38.18385267218967" lon="-119.57674198343096"><ele>2899.0</ele></trkpt><trkpt lat="38.18386000000001" lon="-119.57672000000002"><ele>2899.0</ele></trkpt><trkpt lat="38.18383" lon="-119.57681000000002"><ele>2899.0</ele></trkpt><trkpt lat="38.18385" lon="-119.57686000000001"><ele>2898.992524857939</ele></trkpt><trkpt lat="38.18381" lon="-119.57695000000001"><ele>2900.0</ele></trkpt><trkpt lat="38.18383" lon="-119.57706000000002"><ele>2901.0</ele></trkpt><trkpt lat="38.18381" lon="-119.57715000000002"><ele>2901.1655459197036</ele></trkpt><trkpt lat="38.18383" lon="-119.57722999999999"><ele>2902.385850339979</ele></trkpt><trkpt lat="38.1838" lon="-119.57731999999999"><ele>2903.0</ele></trkpt><trkpt lat="38.18381" lon="-119.57738"><ele>2904.0</ele></trkpt><trkpt lat="38.18368" lon="-119.57753000000002"><ele>2904.0</ele></trkpt><trkpt lat="38.18361" lon="-119.57767000000001"><ele>2904.0</ele></trkpt><trkpt lat="38.18352" lon="-119.57769000000002"><ele>2906.0</ele></trkpt><trkpt lat="38.18343" lon="-119.57774999999998"><ele>2907.0</ele></trkpt><trkpt lat="38.18342" lon="-119.57776999999999"><ele>2906.305992519474</ele></trkpt><trkpt lat="38.18346" lon="-119.57785999999999"><ele>2906.0</ele></trkpt><trkpt lat="38.18342" lon="-119.57794999999999"><ele>2907.0</ele></trkpt><trkpt lat="38.18323" lon="-119.5781"><ele>2905.0</ele></trkpt><trkpt lat="38.18322" lon="-119.57817999999997"><ele>2904.0</ele></trkpt><trkpt lat="38.18324" lon="-119.57828"><ele>2904.0</ele></trkpt><trkpt lat="38.18309" lon="-119.57839000000001"><ele>2904.0</ele></trkpt><trkpt lat="38.18307" lon="-119.57844999999998"><ele>2903.0</ele></trkpt><trkpt lat="38.18309" lon="-119.57855"><ele>2904.028216776451</ele></trkpt><trkpt lat="38.18305" lon="-119.57871"><ele>2904.196170683038</ele></trkpt><trkpt lat="38.18304" lon="-119.57873000000001"><ele>2904.2975355866365</ele></trkpt><trkpt lat="38.18299" lon="-119.57873999999998"><ele>2904.0</ele></trkpt><trkpt lat="38.18297" lon="-119.5788"><ele>2904.0</ele></trkpt><trkpt lat="38.18299" lon="-119.57886000000002"><ele>2904.3915347852744</ele></trkpt><trkpt lat="38.18297" lon="-119.57904000000002"><ele>2904.9736909699295</ele></trkpt><trkpt lat="38.18289" lon="-119.57916999999998"><ele>2904.0</ele></trkpt><trkpt lat="38.18281" lon="-119.57936999999998"><ele>2903.463688898453</ele></trkpt><trkpt lat="38.18269" lon="-119.57945000000001"><ele>2903.0</ele></trkpt><trkpt lat="38.18268" lon="-119.57961999999998"><ele>2904.0</ele></trkpt><trkpt lat="38.18258" lon="-119.57970999999998"><ele>2904.0</ele></trkpt><trkpt lat="38.18255" lon="-119.57978000000003"><ele>2904.0</ele></trkpt><trkpt lat="38.18254" lon="-119.58002999999997"><ele>2904.0</ele></trkpt><trkpt lat="38.18258" lon="-119.58010000000002"><ele>2904.0</ele></trkpt><trkpt lat="38.18228" lon="-119.58035999999998"><ele>2904.1899846415185</ele></trkpt><trkpt lat="38.18215" lon="-119.58037000000002"><ele>2905.0</ele></trkpt><trkpt lat="38.18208" lon="-119.58049"><ele>2904.0</ele></trkpt><trkpt lat="38.18188" lon="-119.58053999999998"><ele>2905.2946766447276</ele></trkpt><trkpt lat="38.18172" lon="-119.58073000000002"><ele>2906.0</ele></trkpt><trkpt lat="38.1816" lon="-119.58074999999997"><ele>2905.0</ele></trkpt><trkpt lat="38.18151" lon="-119.58080999999999"><ele>2904.0</ele></trkpt><trkpt lat="38.18143" lon="-119.58083999999997"><ele>2905.0</ele></trkpt><trkpt lat="38.18109" lon="-119.58080999999999"><ele>2904.163402666338</ele></trkpt><trkpt lat="38.18091" lon="-119.58073999999999"><ele>2904.9011662220582</ele></trkpt><trkpt lat="38.18074" lon="-119.58078999999998"><ele>2904.0</ele></trkpt><trkpt lat="38.18054" lon="-119.58089000000001"><ele>2904.757614538809</ele></trkpt><trkpt lat="38.1804" lon="-119.58109000000002"><ele>2905.645173542037</ele></trkpt><trkpt lat="38.1803" lon="-119.58141"><ele>2907.077872858871</ele></trkpt><trkpt lat="38.1802" lon="-119.58157"><ele>2907.0</ele></trkpt><trkpt lat="38.1802" lon="-119.58157"><ele>2907.0</ele></trkpt><trkpt lat="38.17981" lon="-119.58235000000002"><ele>2901.5320690788476</ele></trkpt><trkpt lat="38.17968" lon="-119.58249999999998"><ele>2896.8738307471967</ele></trkpt><trkpt lat="38.17969" lon="-119.58266000000003"><ele>2894.456182591617</ele></trkpt><trkpt lat="38.17956" lon="-119.58305000000001"><ele>2889.0</ele></trkpt><trkpt lat="38.17958" lon="-119.58366999999998"><ele>2887.934717329219</ele></trkpt><trkpt lat="38.17954" lon="-119.58411000000001"><ele>2881.563277857378</ele></trkpt><trkpt lat="38.1793" lon="-119.58443999999997"><ele>2876.2230015772184</ele></trkpt><trkpt lat="38.17925" lon="-119.58456000000001"><ele>2873.3703806120902</ele></trkpt><trkpt lat="38.1793" lon="-119.58488999999997"><ele>2871.0</ele></trkpt><trkpt lat="38.17926" lon="-119.58506999999997"><ele>2869.0</ele></trkpt><trkpt lat="38.17919127671159" lon="-119.58523035433961"><ele>2868.0</ele></trkpt><trkpt lat="38.179183012589114" lon="-119.58524963741905"><ele>2868.0</ele></trkpt><trkpt lat="38.17908" lon="-119.58549"><ele>2867.0</ele></trkpt><trkpt lat="38.17903" lon="-119.58576"><ele>2867.0</ele></trkpt><trkpt lat="38.17902" lon="-119.58648"><ele>2867.84201833764</ele></trkpt><trkpt lat="38.17891" lon="-119.58685000000003"><ele>2866.0</ele></trkpt><trkpt lat="38.17877" lon="-119.58717999999999"><ele>2865.0</ele></trkpt><trkpt lat="38.17863" lon="-119.58774"><ele>2866.0</ele></trkpt><trkpt lat="38.17862" lon="-119.58790999999997"><ele>2866.980443483918</ele></trkpt><trkpt lat="38.17869" lon="-119.58802000000003"><ele>2867.1737564462237</ele></trkpt><trkpt lat="38.17871" lon="-119.58823000000001"><ele>2868.0</ele></trkpt><trkpt lat="38.17866" lon="-119.58832000000001"><ele>2867.0</ele></trkpt><trkpt lat="38.17869" lon="-119.58852000000002"><ele>2866.5648802404135</ele></trkpt><trkpt lat="38.17865" lon="-119.58886000000001"><ele>2865.9355883239446</ele></trkpt><trkpt lat="38.17864" lon="-119.58918"><ele>2866.0</ele></trkpt><trkpt lat="38.17855" lon="-119.58946000000003"><ele>2866.0</ele></trkpt><trkpt lat="38.17844" lon="-119.58967000000001"><ele>2866.0</ele></trkpt><trkpt lat="38.1783" lon="-119.58985999999999"><ele>2866.0</ele></trkpt><trkpt lat="38.17817" lon="-119.59012000000001"><ele>2867.0</ele></trkpt><trkpt lat="38.17785" lon="-119.59041000000002"><ele>2868.926978889387</ele></trkpt><trkpt lat="38.17778" lon="-119.59066999999999"><ele>2871.745114416632</ele></trkpt><trkpt lat="38.17769" lon="-119.59078999999997"><ele>2871.0</ele></trkpt><trkpt lat="38.17761" lon="-119.59102000000001"><ele>2871.002301668441</ele></trkpt><trkpt lat="38.17751" lon="-119.59116"><ele>2870.5083626667038</ele></trkpt><trkpt lat="38.17739" lon="-119.59140000000002"><ele>2870.0</ele></trkpt><trkpt lat="38.17733" lon="-119.59154999999998"><ele>2869.0</ele></trkpt><trkpt lat="38.17729" lon="-119.59180000000003"><ele>2870.0</ele></trkpt><trkpt lat="38.17719" lon="-119.59203000000002"><ele>2870.0</ele></trkpt><trkpt lat="38.17706" lon="-119.59210999999999"><ele>2869.0</ele></trkpt><trkpt lat="38.17697" lon="-119.59226000000001"><ele>2869.0</ele></trkpt><trkpt lat="38.17696" lon="-119.59246000000002"><ele>2869.0</ele></trkpt><trkpt lat="38.17696" lon="-119.59246000000002"><ele>2869.0</ele></trkpt><trkpt lat="38.17696" lon="-119.59246000000002"><ele>2869.0</ele></trkpt><trkpt lat="38.17689" lon="-119.59271000000001"><ele>2866.0</ele></trkpt><trkpt lat="38.17694" lon="-119.59307000000001"><ele>2866.520814223215</ele></trkpt><trkpt lat="38.17688" lon="-119.59348999999997"><ele>2868.0</ele></trkpt><trkpt lat="38.17679" lon="-119.59373"><ele>2868.0</ele></trkpt><trkpt lat="38.1767" lon="-119.59374000000003"><ele>2868.0</ele></trkpt><trkpt lat="38.17656" lon="-119.59393"><ele>2868.0</ele></trkpt><trkpt lat="38.17635" lon="-119.59406000000001"><ele>2867.0</ele></trkpt><trkpt lat="38.17561" lon="-119.59424000000001"><ele>2866.0</ele></trkpt><trkpt lat="38.17514" lon="-119.59442999999999"><ele>2868.0</ele></trkpt><trkpt lat="38.17463" lon="-119.59471000000002"><ele>2871.0</ele></trkpt><trkpt lat="38.17442" lon="-119.59485999999998"><ele>2872.0</ele></trkpt><trkpt lat="38.174381073668826" lon="-119.59492146262818"><ele>2872.0</ele></trkpt><trkpt lat="38.174372294388824" lon="-119.59493532464921"><ele>2872.0910152523306</ele></trkpt><trkpt lat="38.17404" lon="-119.59546"><ele>2871.0</ele></trkpt><trkpt lat="38.1738" lon="-119.59596999999997"><ele>2867.513948553185</ele></trkpt><trkpt lat="38.1735" lon="-119.59629999999999"><ele>2865.0</ele></trkpt><trkpt lat="38.17315" lon="-119.59658999999999"><ele>2865.0</ele></trkpt><trkpt lat="38.1727" lon="-119.59717"><ele>2865.0</ele></trkpt><trkpt lat="38.1727" lon="-119.59717"><ele>2865.0</ele></trkpt><trkpt lat="38.17212" lon="-119.59770000000003"><ele>2863.0</ele></trkpt><trkpt lat="38.17172" lon="-119.59821999999997"><ele>2862.0</ele></trkpt><trkpt lat="38.17145" lon="-119.59848999999997"><ele>2862.0</ele></trkpt><trkpt lat="38.17117" lon="-119.59887000000003"><ele>2861.0661270552273</ele></trkpt><trkpt lat="38.1711" lon="-119.59904"><ele>2860.0</ele></trkpt><trkpt lat="38.17097" lon="-119.59915999999998"><ele>2858.0</ele></trkpt><trkpt lat="38.17092" lon="-119.59929"><ele>2856.0</ele></trkpt><trkpt lat="38.17094" lon="-119.59946000000002"><ele>2854.5017746441076</ele></trkpt><trkpt lat="38.17084" lon="-119.59987999999998"><ele>2853.0</ele></trkpt><trkpt lat="38.17059" lon="-119.60019"><ele>2854.0</ele></trkpt><trkpt lat="38.17059" lon="-119.60019"><ele>2854.0</ele></trkpt><trkpt lat="38.17059" lon="-119.60019"><ele>2854.0</ele></trkpt><trkpt lat="38.17033" lon="-119.60032999999999"><ele>2851.0</ele></trkpt><trkpt lat="38.17022" lon="-119.60045000000002"><ele>2850.0</ele></trkpt><trkpt lat="38.17017" lon="-119.60057999999998"><ele>2849.0</ele></trkpt><trkpt lat="38.17014" lon="-119.60075"><ele>2848.0</ele></trkpt><trkpt lat="38.16995" lon="-119.60084999999998"><ele>2846.0482297316194</ele></trkpt><trkpt lat="38.16992" lon="-119.60095999999999"><ele>2845.0</ele></trkpt><trkpt lat="38.16991" lon="-119.6012"><ele>2846.0</ele></trkpt><trkpt lat="38.16982" lon="-119.60143"><ele>2844.0</ele></trkpt><trkpt lat="38.16973" lon="-119.60154999999997"><ele>2842.007052142173</ele></trkpt><trkpt lat="38.16973" lon="-119.60154999999997"><ele>2842.007052142173</ele></trkpt><trkpt lat="38.16973" lon="-119.60154999999997"><ele>2842.007052142173</ele></trkpt><trkpt lat="38.1695" lon="-119.60169000000002"><ele>2838.0</ele></trkpt><trkpt lat="38.16911" lon="-119.60181999999998"><ele>2831.776180764465</ele></trkpt><trkpt lat="38.16911" lon="-119.60181999999998"><ele>2831.776180764465</ele></trkpt><trkpt lat="38.16895" lon="-119.6019"><ele>2828.0</ele></trkpt><trkpt lat="38.16888" lon="-119.60190999999998"><ele>2827.313834875853</ele></trkpt><trkpt lat="38.16882" lon="-119.60187000000002"><ele>2826.0406177340437</ele></trkpt><trkpt lat="38.16862" lon="-119.60196000000002"><ele>2822.2089836914092</ele></trkpt><trkpt lat="38.16839" lon="-119.60214000000002"><ele>2819.0</ele></trkpt><trkpt lat="38.1681" lon="-119.60241000000002"><ele>2815.0</ele></trkpt><trkpt lat="38.16795" lon="-119.60251"><ele>2812.0</ele></trkpt><trkpt lat="38.16781" lon="-119.60255000000001"><ele>2810.7416662087644</ele></trkpt><trkpt lat="38.16766" lon="-119.60266000000001"><ele>2810.0</ele></trkpt><trkpt lat="38.16743" lon="-119.60291000000001"><ele>2807.9676258270724</ele></trkpt><trkpt lat="38.16724" lon="-119.60305"><ele>2805.407376853749</ele></trkpt><trkpt lat="38.16702" lon="-119.60332"><ele>2803.366684101522</ele></trkpt><trkpt lat="38.16679" lon="-119.6037"><ele>2802.0</ele></trkpt><trkpt lat="38.16639" lon="-119.60408999999999"><ele>2798.0</ele></trkpt><trkpt lat="38.16624" lon="-119.60423000000003"><ele>2793.0</ele></trkpt><trkpt lat="38.16616" lon="-119.60426999999999"><ele>2792.0</ele></trkpt><trkpt lat="38.1659" lon="-119.60424999999998"><ele>2790.546577776782</ele></trkpt><trkpt lat="38.16563" lon="-119.60431"><ele>2788.3339113811985</ele></trkpt><trkpt lat="38.16491" lon="-119.60433999999998"><ele>2779.0</ele></trkpt><trkpt lat="38.16475" lon="-119.60423000000003"><ele>2775.499439036569</ele></trkpt><trkpt lat="38.16459" lon="-119.60417000000001"><ele>2772.2691602630575</ele></trkpt><trkpt lat="38.16436" lon="-119.60415"><ele>2768.886240000371</ele></trkpt><trkpt lat="38.16393" lon="-119.60388"><ele>2765.0</ele></trkpt><trkpt lat="38.16368" lon="-119.60383999999999"><ele>2764.6579591779946</ele></trkpt><trkpt lat="38.16358" lon="-119.60392000000002"><ele>2764.0775000568337</ele></trkpt><trkpt lat="38.16355" lon="-119.60410000000002"><ele>2764.0</ele></trkpt><trkpt lat="38.16349" lon="-119.60415999999998"><ele>2762.1282230466604</ele></trkpt><trkpt lat="38.16316" lon="-119.60432000000003"><ele>2755.1086326872937</ele></trkpt><trkpt lat="38.16306" lon="-119.60433999999998"><ele>2754.0</ele></trkpt><trkpt lat="38.16293" lon="-119.60455999999999"><ele>2751.0</ele></trkpt><trkpt lat="38.16294" lon="-119.60467"><ele>2750.0</ele></trkpt><trkpt lat="38.16299" lon="-119.60474999999997"><ele>2749.0</ele></trkpt><trkpt lat="38.16302" lon="-119.60486000000003"><ele>2748.0</ele></trkpt><trkpt lat="38.16304" lon="-119.60513000000003"><ele>2747.0</ele></trkpt><trkpt lat="38.16307" lon="-119.60521"><ele>2746.71417955542</ele></trkpt><trkpt lat="38.16303" lon="-119.60531000000003"><ele>2746.0</ele></trkpt><trkpt lat="38.16271" lon="-119.60554000000002"><ele>2744.0</ele></trkpt><trkpt lat="38.16259" lon="-119.60570999999999"><ele>2743.0</ele></trkpt><trkpt lat="38.16252" lon="-119.60586"><ele>2742.3663907531527</ele></trkpt><trkpt lat="38.16234" lon="-119.60597000000001"><ele>2742.7043875567615</ele></trkpt><trkpt lat="38.16215" lon="-119.60613999999998"><ele>2742.0</ele></trkpt><trkpt lat="38.16177" lon="-119.60622000000001"><ele>2740.0</ele></trkpt><trkpt lat="38.16167" lon="-119.60627999999997"><ele>2739.2145694478168</ele></trkpt><trkpt lat="38.16155" lon="-119.60631000000001"><ele>2738.0</ele></trkpt><trkpt lat="38.16117" lon="-119.60633000000001"><ele>2733.801580958623</ele></trkpt><trkpt lat="38.16105" lon="-119.60636999999997"><ele>2732.0</ele></trkpt><trkpt lat="38.16083" lon="-119.60660000000001"><ele>2730.0</ele></trkpt><trkpt lat="38.16069" lon="-119.60667999999998"><ele>2731.0</ele></trkpt><trkpt lat="38.16051" lon="-119.60671000000002"><ele>2730.0</ele></trkpt><trkpt lat="38.1602" lon="-119.60667000000001"><ele>2729.0</ele></trkpt><trkpt lat="38.15986" lon="-119.60669999999999"><ele>2726.0</ele></trkpt><trkpt lat="38.15962" lon="-119.60678999999999"><ele>2726.0</ele></trkpt><trkpt lat="38.15943" lon="-119.60690999999997"><ele>2726.0</ele></trkpt><trkpt lat="38.15884" lon="-119.60690999999997"><ele>2722.264963974172</ele></trkpt><trkpt lat="38.15868" lon="-119.60696999999999"><ele>2722.0</ele></trkpt><trkpt lat="38.15854" lon="-119.60694999999998"><ele>2720.7372458167374</ele></trkpt><trkpt lat="38.15839" lon="-119.60701"><ele>2719.0</ele></trkpt><trkpt lat="38.158" lon="-119.60703000000001"><ele>2717.0</ele></trkpt><trkpt lat="38.15786" lon="-119.60707000000002"><ele>2715.0</ele></trkpt><trkpt lat="38.15741" lon="-119.60694000000001"><ele>2709.763916084543</ele></trkpt><trkpt lat="38.15705" lon="-119.60703000000001"><ele>2707.0</ele></trkpt><trkpt lat="38.15693" lon="-119.60720000000003"><ele>2707.008370942605</ele></trkpt><trkpt lat="38.15685" lon="-119.60721000000001"><ele>2706.0</ele></trkpt><trkpt lat="38.15672" lon="-119.60712000000001"><ele>2703.2592602248483</ele></trkpt><trkpt lat="38.1564" lon="-119.60723000000002"><ele>2701.519936220592</ele></trkpt><trkpt lat="38.15617" lon="-119.60746"><ele>2701.0</ele></trkpt><trkpt lat="38.15604" lon="-119.60755"><ele>2701.0</ele></trkpt><trkpt lat="38.15559" lon="-119.60762999999997"><ele>2699.9932387906565</ele></trkpt><trkpt lat="38.15478" lon="-119.60791999999998"><ele>2698.0</ele></trkpt><trkpt lat="38.1543" lon="-119.60813000000002"><ele>2698.0</ele></trkpt><trkpt lat="38.15418" lon="-119.60806000000002"><ele>2697.0</ele></trkpt><trkpt lat="38.15398" lon="-119.60807"><ele>2697.0</ele></trkpt><trkpt lat="38.15376" lon="-119.60811999999999"><ele>2696.901649777312</ele></trkpt><trkpt lat="38.15339" lon="-119.60825"><ele>2695.960088888649</ele></trkpt><trkpt lat="38.15322" lon="-119.60825"><ele>2694.977579466551</ele></trkpt><trkpt lat="38.15312" lon="-119.60827"><ele>2694.0</ele></trkpt><trkpt lat="38.15297" lon="-119.60847000000001"><ele>2695.0</ele></trkpt><trkpt lat="38.1527" lon="-119.60863"><ele>2695.0</ele></trkpt><trkpt lat="38.152524364954694" lon="-119.60875599905427"><ele>2694.0</ele></trkpt><trkpt lat="38.152514808075395" lon="-119.60876285532663"><ele>2694.0</ele></trkpt><trkpt lat="38.15224" lon="-119.60896000000002"><ele>2693.017423884924</ele></trkpt><trkpt lat="38.15184" lon="-119.60933"><ele>2691.291736889165</ele></trkpt><trkpt lat="38.15184" lon="-119.60933"><ele>2691.291736889165</ele></trkpt><trkpt lat="38.15143" lon="-119.60950000000003"><ele>2687.0762865072984</ele></trkpt><trkpt lat="38.15126" lon="-119.60975000000002"><ele>2686.0</ele></trkpt><trkpt lat="38.15115" lon="-119.60978999999998"><ele>2683.8266631296824</ele></trkpt><trkpt lat="38.15088" lon="-119.60973999999999"><ele>2682.0</ele></trkpt><trkpt lat="38.15064" lon="-119.60964000000001"><ele>2680.5383545532823</ele></trkpt><trkpt lat="38.15032" lon="-119.60984000000002"><ele>2678.540251033308</ele></trkpt><trkpt lat="38.14967" lon="-119.61038000000002"><ele>2677.0</ele></trkpt><trkpt lat="38.14943" lon="-119.61043000000001"><ele>2675.0</ele></trkpt><trkpt lat="38.14938" lon="-119.61050999999998"><ele>2675.0</ele></trkpt><trkpt lat="38.14935" lon="-119.61061999999998"><ele>2675.0</ele></trkpt><trkpt lat="38.1493" lon="-119.61068"><ele>2674.307391334324</ele></trkpt><trkpt lat="38.14897" lon="-119.61093"><ele>2673.938736222396</ele></trkpt><trkpt lat="38.14865" lon="-119.61102"><ele>2675.0</ele></trkpt><trkpt lat="38.14854" lon="-119.61113999999998"><ele>2675.0</ele></trkpt><trkpt lat="38.14843" lon="-119.61118999999997"><ele>2674.5554580368926</ele></trkpt><trkpt lat="38.14812" lon="-119.61166000000003"><ele>2668.1750853636972</ele></trkpt><trkpt lat="38.14759" lon="-119.61205000000001"><ele>2664.052924444899</ele></trkpt><trkpt lat="38.14749" lon="-119.61207999999999"><ele>2663.926215882431</ele></trkpt><trkpt lat="38.14739" lon="-119.61203999999998"><ele>2662.5514478087293</ele></trkpt><trkpt lat="38.14705" lon="-119.61225999999999"><ele>2654.7913130726665</ele></trkpt><trkpt lat="38.14677" lon="-119.61229000000003"><ele>2653.0</ele></trkpt><trkpt lat="38.14655" lon="-119.61247000000003"><ele>2654.6263431129046</ele></trkpt><trkpt lat="38.14633" lon="-119.61289"><ele>2652.024898956766</ele></trkpt><trkpt lat="38.14613" lon="-119.61307"><ele>2651.0</ele></trkpt><trkpt lat="38.14588" lon="-119.61310000000003"><ele>2651.0</ele></trkpt><trkpt lat="38.14562" lon="-119.61322000000001"><ele>2651.0</ele></trkpt><trkpt lat="38.1452" lon="-119.61378000000002"><ele>2650.0</ele></trkpt><trkpt lat="38.1451" lon="-119.61383999999998"><ele>2650.0</ele></trkpt><trkpt lat="38.14484" lon="-119.61392000000001"><ele>2648.0</ele></trkpt><trkpt lat="38.1446" lon="-119.61392000000001"><ele>2648.0</ele></trkpt><trkpt lat="38.14447" lon="-119.61388"><ele>2648.599496278027</ele></trkpt><trkpt lat="38.14436" lon="-119.61391000000003"><ele>2648.0</ele></trkpt><trkpt lat="38.14428" lon="-119.61400000000003"><ele>2648.0</ele></trkpt><trkpt lat="38.14428" lon="-119.61412000000001"><ele>2648.0</ele></trkpt><trkpt lat="38.14415" lon="-119.61415999999997"><ele>2648.0</ele></trkpt><trkpt lat="38.14404" lon="-119.61424999999997"><ele>2647.0</ele></trkpt><trkpt lat="38.14382" lon="-119.61430999999999"><ele>2647.3765582218766</ele></trkpt><trkpt lat="38.14363" lon="-119.61446999999998"><ele>2644.8545257508913</ele></trkpt><trkpt lat="38.14348" lon="-119.61454000000003"><ele>2643.0</ele></trkpt><trkpt lat="38.14338" lon="-119.61472000000003"><ele>2643.0</ele></trkpt><trkpt lat="38.14314" lon="-119.61490000000003"><ele>2644.0</ele></trkpt><trkpt lat="38.14301" lon="-119.61493000000002"><ele>2643.270652445499</ele></trkpt><trkpt lat="38.14287" lon="-119.61493000000002"><ele>2642.270652445499</ele></trkpt><trkpt lat="38.14263" lon="-119.61511999999999"><ele>2643.0</ele></trkpt><trkpt lat="38.14251" lon="-119.61513000000002"><ele>2644.0</ele></trkpt><trkpt lat="38.14211" lon="-119.61534"><ele>2642.0</ele></trkpt><trkpt lat="38.14183" lon="-119.61554999999998"><ele>2641.5552250148594</ele></trkpt><trkpt lat="38.14158" lon="-119.61563000000001"><ele>2641.8930168892257</ele></trkpt><trkpt lat="38.14095" lon="-119.61606"><ele>2640.0</ele></trkpt><trkpt lat="38.14041" lon="-119.61657000000002"><ele>2640.0</ele></trkpt><trkpt lat="38.13991" lon="-119.61678999999998"><ele>2640.0</ele></trkpt><trkpt lat="38.13978" lon="-119.61680999999999"><ele>2640.0</ele></trkpt><trkpt lat="38.13934" lon="-119.61676999999997"><ele>2639.0</ele></trkpt><trkpt lat="38.13919" lon="-119.61682000000002"><ele>2639.0</ele></trkpt><trkpt lat="38.13897" lon="-119.61700000000002"><ele>2640.0</ele></trkpt><trkpt lat="38.13873" lon="-119.61727000000002"><ele>2638.0</ele></trkpt><trkpt lat="38.1385" lon="-119.61725000000001"><ele>2637.4830106059444</ele></trkpt><trkpt lat="38.13837" lon="-119.6175"><ele>2637.0</ele></trkpt><trkpt lat="38.13805" lon="-119.61779999999999"><ele>2638.0</ele></trkpt><trkpt lat="38.13782" lon="-119.61791"><ele>2637.0</ele></trkpt><trkpt lat="38.13768" lon="-119.61806999999999"><ele>2637.0</ele></trkpt><trkpt lat="38.13708" lon="-119.61840000000001"><ele>2637.0</ele></trkpt><trkpt lat="38.13661" lon="-119.61855000000003"><ele>2636.0</ele></trkpt><trkpt lat="38.13627" lon="-119.61872"><ele>2636.897454221733</ele></trkpt><trkpt lat="38.13587" lon="-119.61878000000002"><ele>2636.0</ele></trkpt><trkpt lat="38.13563" lon="-119.61885999999998"><ele>2636.0</ele></trkpt><trkpt lat="38.13521" lon="-119.61906999999997"><ele>2637.0</ele></trkpt><trkpt lat="38.13499" lon="-119.61914000000002"><ele>2636.0</ele></trkpt><trkpt lat="38.13499" lon="-119.61914000000002"><ele>2636.0</ele></trkpt><trkpt lat="38.13483" lon="-119.61919999999998"><ele>2636.0</ele></trkpt><trkpt lat="38.13456" lon="-119.61946"><ele>2636.0</ele></trkpt><trkpt lat="38.13456" lon="-119.61946"><ele>2636.0</ele></trkpt><trkpt lat="38.13439" lon="-119.61957999999998"><ele>2636.0</ele></trkpt><trkpt lat="38.13364" lon="-119.61969999999997"><ele>2636.5687644430436</ele></trkpt><trkpt lat="38.13342" lon="-119.61989"><ele>2635.0</ele></trkpt><trkpt lat="38.13313" lon="-119.62002999999999"><ele>2636.0</ele></trkpt><trkpt lat="38.13286" lon="-119.62002999999999"><ele>2633.947879110463</ele></trkpt><trkpt lat="38.13261" lon="-119.61987999999997"><ele>2633.0</ele></trkpt><trkpt lat="38.13253" lon="-119.61989"><ele>2633.0</ele></trkpt><trkpt lat="38.13243" lon="-119.61991"><ele>2632.0</ele></trkpt><trkpt lat="38.13222" lon="-119.62004000000002"><ele>2632.4139128900133</ele></trkpt><trkpt lat="38.132" lon="-119.62026000000003"><ele>2631.0</ele></trkpt><trkpt lat="38.13185" lon="-119.62029000000001"><ele>2630.0</ele></trkpt><trkpt lat="38.1317" lon="-119.62016"><ele>2630.0</ele></trkpt><trkpt lat="38.13162" lon="-119.62016"><ele>2629.0</ele></trkpt><trkpt lat="38.13129" lon="-119.62038000000001"><ele>2626.0</ele></trkpt><trkpt lat="38.1312" lon="-119.62038000000001"><ele>2626.0</ele></trkpt><trkpt lat="38.13098" lon="-119.62031000000002"><ele>2626.0</ele></trkpt><trkpt lat="38.13086" lon="-119.62040999999999"><ele>2624.4855360854417</ele></trkpt><trkpt lat="38.13079" lon="-119.62054999999998"><ele>2624.0</ele></trkpt><trkpt lat="38.1307" lon="-119.62063999999998"><ele>2623.0</ele></trkpt><trkpt lat="38.1303" lon="-119.62083000000001"><ele>2621.0</ele></trkpt><trkpt lat="38.13015" lon="-119.62097"><ele>2620.0</ele></trkpt><trkpt lat="38.13004" lon="-119.62099999999998"><ele>2620.0</ele></trkpt><trkpt lat="38.12905" lon="-119.62158999999997"><ele>2618.0</ele></trkpt><trkpt lat="38.1289" lon="-119.62171999999998"><ele>2618.707587554585</ele></trkpt><trkpt lat="38.12862" lon="-119.62175000000002"><ele>2615.0819739062326</ele></trkpt><trkpt lat="38.1284" lon="-119.62162999999998"><ele>2612.8743418382874</ele></trkpt><trkpt lat="38.12813" lon="-119.62187"><ele>2613.0</ele></trkpt><trkpt lat="38.12772" lon="-119.62191000000001"><ele>2612.0</ele></trkpt><trkpt lat="38.12705" lon="-119.62218000000001"><ele>2612.0</ele></trkpt><trkpt lat="38.12659" lon="-119.62212999999997"><ele>2610.0</ele></trkpt><trkpt lat="38.12643" lon="-119.62218000000001"><ele>2609.0</ele></trkpt><trkpt lat="38.12623" lon="-119.62236000000001"><ele>2608.6192408985976</ele></trkpt><trkpt lat="38.1261" lon="-119.62242000000003"><ele>2609.0</ele></trkpt><trkpt lat="38.12601" lon="-119.62248999999997"><ele>2608.592188443523</ele></trkpt><trkpt lat="38.12591" lon="-119.62248999999997"><ele>2609.592188443523</ele></trkpt><trkpt lat="38.12575" lon="-119.62238000000002"><ele>2607.465816890355</ele></trkpt><trkpt lat="38.12552" lon="-119.62229000000002"><ele>2606.0</ele></trkpt><trkpt lat="38.12531" lon="-119.62215000000003"><ele>2603.0</ele></trkpt><trkpt lat="38.12514" lon="-119.62216000000001"><ele>2601.213073778432</ele></trkpt><trkpt lat="38.12458" lon="-119.6225"><ele>2600.0</ele></trkpt><trkpt lat="38.12446" lon="-119.62251000000003"><ele>2600.0</ele></trkpt><trkpt lat="38.1243" lon="-119.62247000000002"><ele>2598.660120890476</ele></trkpt><trkpt lat="38.12409" lon="-119.62257"><ele>2598.0</ele></trkpt><trkpt lat="38.12396" lon="-119.62256000000002"><ele>2597.0</ele></trkpt><trkpt lat="38.12379" lon="-119.62248"><ele>2594.679914793895</ele></trkpt><trkpt lat="38.12322" lon="-119.62248"><ele>2591.883476092637</ele></trkpt><trkpt lat="38.12303" lon="-119.62234999999998"><ele>2587.0413761494838</ele></trkpt><trkpt lat="38.12285" lon="-119.62232"><ele>2583.0</ele></trkpt><trkpt lat="38.12265" lon="-119.62230999999997"><ele>2582.0</ele></trkpt><trkpt lat="38.12246" lon="-119.62232"><ele>2581.0</ele></trkpt><trkpt lat="38.12242" lon="-119.62234999999998"><ele>2581.0</ele></trkpt><trkpt lat="38.1221" lon="-119.62233000000003"><ele>2580.0</ele></trkpt><trkpt lat="38.12192" lon="-119.62227999999999"><ele>2580.0</ele></trkpt><trkpt lat="38.12141" lon="-119.62200000000001"><ele>2577.0</ele></trkpt><trkpt lat="38.12113" lon="-119.62197000000003"><ele>2576.0</ele></trkpt><trkpt lat="38.121" lon="-119.62185"><ele>2573.7660266668536</ele></trkpt><trkpt lat="38.12096" lon="-119.62171000000001"><ele>2573.0</ele></trkpt><trkpt lat="38.12086" lon="-119.62162000000001"><ele>2571.0</ele></trkpt><trkpt lat="38.12076" lon="-119.62161000000003"><ele>2570.0803205415677</ele></trkpt><trkpt lat="38.1202" lon="-119.62171999999998"><ele>2566.0</ele></trkpt><trkpt lat="38.11993" lon="-119.62171000000001"><ele>2564.2344898452693</ele></trkpt><trkpt lat="38.11941" lon="-119.62198000000001"><ele>2562.0</ele></trkpt><trkpt lat="38.11906" lon="-119.62194999999997"><ele>2561.0</ele></trkpt><trkpt lat="38.11874" lon="-119.62169"><ele>2561.6694800575483</ele></trkpt><trkpt lat="38.11858" lon="-119.62169"><ele>2561.0</ele></trkpt><trkpt lat="38.11834" lon="-119.62194999999997"><ele>2561.0</ele></trkpt><trkpt lat="38.11794" lon="-119.62227999999999"><ele>2560.072217504733</ele></trkpt><trkpt lat="38.11727" lon="-119.62261000000001"><ele>2558.0</ele></trkpt><trkpt lat="38.11727" lon="-119.62261000000001"><ele>2558.0</ele></trkpt><trkpt lat="38.11709" lon="-119.62272999999999"><ele>2557.0</ele></trkpt><trkpt lat="38.1169" lon="-119.62295"><ele>2557.0</ele></trkpt><trkpt lat="38.11674" lon="-119.62302"><ele>2556.0</ele></trkpt><trkpt lat="38.1163" lon="-119.62329"><ele>2558.0</ele></trkpt><trkpt lat="38.11601" lon="-119.62329999999997"><ele>2557.0</ele></trkpt><trkpt lat="38.11572" lon="-119.62323000000004"><ele>2556.0</ele></trkpt><trkpt lat="38.11548" lon="-119.62306999999998"><ele>2555.0</ele></trkpt><trkpt lat="38.11524" lon="-119.62299999999999"><ele>2554.0</ele></trkpt><trkpt lat="38.11514" lon="-119.62290000000002"><ele>2552.232245400548</ele></trkpt><trkpt lat="38.11493" lon="-119.62293999999997"><ele>2551.090226919497</ele></trkpt><trkpt lat="38.11461" lon="-119.62290000000002"><ele>2551.0</ele></trkpt><trkpt lat="38.1144" lon="-119.62290000000002"><ele>2550.0</ele></trkpt><trkpt lat="38.1142" lon="-119.62297000000001"><ele>2550.0</ele></trkpt><trkpt lat="38.11365" lon="-119.62324999999998"><ele>2550.0</ele></trkpt><trkpt lat="38.11344" lon="-119.62344999999999"><ele>2550.0</ele></trkpt><trkpt lat="38.11313" lon="-119.62360000000001"><ele>2549.0</ele></trkpt><trkpt lat="38.11298" lon="-119.62360999999999"><ele>2549.0</ele></trkpt><trkpt lat="38.11284" lon="-119.62369999999999"><ele>2549.0</ele></trkpt><trkpt lat="38.11221" lon="-119.62430999999998"><ele>2549.0</ele></trkpt><trkpt lat="38.11203" lon="-119.62450000000001"><ele>2551.2844794667326</ele></trkpt><trkpt lat="38.11193" lon="-119.62448"><ele>2551.0320900490005</ele></trkpt><trkpt lat="38.11146" lon="-119.62493"><ele>2549.0</ele></trkpt><trkpt lat="38.11125" lon="-119.62498"><ele>2549.0</ele></trkpt><trkpt lat="38.11108" lon="-119.62497000000002"><ele>2549.0</ele></trkpt><trkpt lat="38.11066" lon="-119.62513000000001"><ele>2549.0</ele></trkpt><trkpt lat="38.11036" lon="-119.62513999999999"><ele>2549.0</ele></trkpt><trkpt lat="38.11003" lon="-119.62495000000001"><ele>2550.0</ele></trkpt><trkpt lat="38.10987" lon="-119.62493999999998"><ele>2550.0</ele></trkpt><trkpt lat="38.10971" lon="-119.62498"><ele>2548.6345991105773</ele></trkpt><trkpt lat="38.10948" lon="-119.62509"><ele>2548.0</ele></trkpt><trkpt lat="38.10917" lon="-119.62515000000002"><ele>2545.0</ele></trkpt><trkpt lat="38.10877" lon="-119.62540000000001"><ele>2544.0</ele></trkpt><trkpt lat="38.10864" lon="-119.62556999999998"><ele>2543.2306222505867</ele></trkpt><trkpt lat="38.10839" lon="-119.62565999999998"><ele>2543.0</ele></trkpt><trkpt lat="38.10832" lon="-119.62576999999999"><ele>2542.0</ele></trkpt><trkpt lat="38.1083" lon="-119.62589000000003"><ele>2543.0</ele></trkpt><trkpt lat="38.10826" lon="-119.62589000000003"><ele>2543.0</ele></trkpt><trkpt lat="38.10775" lon="-119.62633"><ele>2542.0</ele></trkpt><trkpt lat="38.10738" lon="-119.62657999999999"><ele>2541.1207026571874</ele></trkpt><trkpt lat="38.10728" lon="-119.62655000000001"><ele>2541.0</ele></trkpt><trkpt lat="38.10712" lon="-119.62675999999999"><ele>2541.1203215282103</ele></trkpt><trkpt lat="38.1068" lon="-119.62688000000003"><ele>2541.0</ele></trkpt><trkpt lat="38.10664" lon="-119.62703999999997"><ele>2542.0</ele></trkpt><trkpt lat="38.10656" lon="-119.62706000000003"><ele>2541.0212688248503</ele></trkpt><trkpt lat="38.10629" lon="-119.62693999999999"><ele>2540.0</ele></trkpt><trkpt lat="38.10611" lon="-119.62698999999998"><ele>2540.0</ele></trkpt><trkpt lat="38.10524" lon="-119.62736999999998"><ele>2540.0</ele></trkpt><trkpt lat="38.10498" lon="-119.62759"><ele>2540.0</ele></trkpt><trkpt lat="38.10436" lon="-119.62832000000003"><ele>2540.0</ele></trkpt><trkpt lat="38.10425" lon="-119.6284"><ele>2540.0</ele></trkpt><trkpt lat="38.104" lon="-119.62850000000003"><ele>2540.0</ele></trkpt><trkpt lat="38.10377" lon="-119.62851"><ele>2539.884669705199</ele></trkpt><trkpt lat="38.10347" lon="-119.62873000000002"><ele>2539.0</ele></trkpt><trkpt lat="38.1032" lon="-119.62874999999997"><ele>2539.0</ele></trkpt><trkpt lat="38.103" lon="-119.62886000000003"><ele>2539.0</ele></trkpt><trkpt lat="38.10256" lon="-119.62894"><ele>2539.0</ele></trkpt><trkpt lat="38.1021" lon="-119.62919999999997"><ele>2539.0</ele></trkpt><trkpt lat="38.10177" lon="-119.62945000000002"><ele>2538.0</ele></trkpt><trkpt lat="38.10152" lon="-119.62958000000003"><ele>2539.0</ele></trkpt><trkpt lat="38.10102" lon="-119.62966"><ele>2537.0</ele></trkpt><trkpt lat="38.10076" lon="-119.62967000000003"><ele>2537.0</ele></trkpt><trkpt lat="38.10058" lon="-119.62973999999997"><ele>2537.057782374537</ele></trkpt><trkpt lat="38.10035" lon="-119.62972000000002"><ele>2540.0</ele></trkpt><trkpt lat="38.10012" lon="-119.62975"><ele>2540.0</ele></trkpt><trkpt lat="38.10002" lon="-119.62973999999997"><ele>2540.0</ele></trkpt><trkpt lat="38.09998" lon="-119.62968999999998"><ele>2539.0</ele></trkpt><trkpt lat="38.09998" lon="-119.62968999999998"><ele>2539.0</ele></trkpt><trkpt lat="38.09992" lon="-119.62961000000001"><ele>2538.8756939830414</ele></trkpt><trkpt lat="38.09983" lon="-119.62959999999998"><ele>2538.0</ele></trkpt><trkpt lat="38.09952" lon="-119.62964999999997"><ele>2537.0</ele></trkpt><trkpt lat="38.09935" lon="-119.62961999999999"><ele>2537.8742720000446</ele></trkpt><trkpt lat="38.09914" lon="-119.62949000000003"><ele>2537.0</ele></trkpt><trkpt lat="38.09891" lon="-119.62949000000003"><ele>2537.0</ele></trkpt><trkpt lat="38.09871" lon="-119.62937999999997"><ele>2536.0</ele></trkpt><trkpt lat="38.09849" lon="-119.62936000000002"><ele>2535.0</ele></trkpt><trkpt lat="38.09815" lon="-119.62939"><ele>2534.0</ele></trkpt><trkpt lat="38.09810777617025" lon="-119.62942111229563"><ele>2534.0</ele></trkpt><trkpt lat="38.098064391075866" lon="-119.62945308030498"><ele>2534.0</ele></trkpt><trkpt lat="38.09796" lon="-119.62952999999999"><ele>2534.0</ele></trkpt><trkpt lat="38.0977" lon="-119.62950000000001"><ele>2533.0</ele></trkpt><trkpt lat="38.09763" lon="-119.62955999999997"><ele>2533.0</ele></trkpt><trkpt lat="38.09758" lon="-119.62966"><ele>2533.0</ele></trkpt><trkpt lat="38.09749" lon="-119.62973"><ele>2533.0</ele></trkpt><trkpt lat="38.09739" lon="-119.62975"><ele>2533.0</ele></trkpt><trkpt lat="38.09729" lon="-119.62981000000002"><ele>2533.0</ele></trkpt><trkpt lat="38.09708" lon="-119.63006999999999"><ele>2534.0</ele></trkpt><trkpt lat="38.09699" lon="-119.63009999999997"><ele>2534.067062135753</ele></trkpt><trkpt lat="38.09687" lon="-119.63009"><ele>2533.1312233510616</ele></trkpt><trkpt lat="38.09663" lon="-119.63"><ele>2532.0</ele></trkpt><trkpt lat="38.09638" lon="-119.63012000000003"><ele>2532.0</ele></trkpt><trkpt lat="38.09622" lon="-119.63015999999999"><ele>2531.0</ele></trkpt><trkpt lat="38.09574" lon="-119.63040999999998"><ele>2531.690940443892</ele></trkpt><trkpt lat="38.09561" lon="-119.63042999999999"><ele>2531.0</ele></trkpt><trkpt lat="38.09549" lon="-119.63038"><ele>2530.1310355187697</ele></trkpt><trkpt lat="38.09538" lon="-119.63040000000001"><ele>2530.0</ele></trkpt><trkpt lat="38.09519" lon="-119.63038"><ele>2528.0</ele></trkpt><trkpt lat="38.09487" lon="-119.63053000000002"><ele>2526.0</ele></trkpt><trkpt lat="38.09458" lon="-119.63058999999998"><ele>2524.0795484436676</ele></trkpt><trkpt lat="38.09442" lon="-119.63069999999999"><ele>2523.0</ele></trkpt><trkpt lat="38.09434" lon="-119.63071000000002"><ele>2521.7859885209264</ele></trkpt><trkpt lat="38.09423" lon="-119.63067000000001"><ele>2521.134279207583</ele></trkpt><trkpt lat="38.09419" lon="-119.63067999999998"><ele>2521.738960484974</ele></trkpt><trkpt lat="38.09393" lon="-119.63099999999997"><ele>2519.0128611595464</ele></trkpt><trkpt lat="38.09387" lon="-119.63103999999998"><ele>2519.051068443805</ele></trkpt><trkpt lat="38.09374" lon="-119.63103999999998"><ele>2519.8687562514096</ele></trkpt><trkpt lat="38.09362" lon="-119.63112000000001"><ele>2518.0</ele></trkpt><trkpt lat="38.09353" lon="-119.63128"><ele>2517.0</ele></trkpt><trkpt lat="38.09347" lon="-119.63152000000002"><ele>2517.0</ele></trkpt><trkpt lat="38.09343" lon="-119.63159000000002"><ele>2517.0</ele></trkpt><trkpt lat="38.09338" lon="-119.63162"><ele>2517.540633474766</ele></trkpt><trkpt lat="38.09317" lon="-119.63162"><ele>2517.0</ele></trkpt><trkpt lat="38.09311" lon="-119.63168000000002"><ele>2515.0</ele></trkpt><trkpt lat="38.09294" lon="-119.63171999999997"><ele>2513.7413653321564</ele></trkpt><trkpt lat="38.09275" lon="-119.63182"><ele>2514.0</ele></trkpt><trkpt lat="38.09265" lon="-119.63198"><ele>2513.272394347936</ele></trkpt><trkpt lat="38.09252" lon="-119.63211999999999"><ele>2513.0</ele></trkpt><trkpt lat="38.09238" lon="-119.63222999999999"><ele>2512.6486343477372</ele></trkpt><trkpt lat="38.09221" lon="-119.63247999999999"><ele>2512.0</ele></trkpt><trkpt lat="38.09212" lon="-119.63252"><ele>2512.0</ele></trkpt><trkpt lat="38.09196" lon="-119.63251000000002"><ele>2511.0</ele></trkpt><trkpt lat="38.0919" lon="-119.63256000000001"><ele>2511.0</ele></trkpt><trkpt lat="38.09181" lon="-119.63256000000001"><ele>2511.0</ele></trkpt><trkpt lat="38.09169" lon="-119.6325"><ele>2509.091999999713</ele></trkpt><trkpt lat="38.09162" lon="-119.63251000000002"><ele>2509.0</ele></trkpt><trkpt lat="38.09153" lon="-119.63267000000002"><ele>2508.0</ele></trkpt><trkpt lat="38.09144" lon="-119.63265000000001"><ele>2508.0</ele></trkpt><trkpt lat="38.09106" lon="-119.63274000000001"><ele>2507.0</ele></trkpt><trkpt lat="38.09076" lon="-119.63290999999998"><ele>2505.0</ele></trkpt><trkpt lat="38.09071" lon="-119.63304"><ele>2505.0</ele></trkpt><trkpt lat="38.09076" lon="-119.63315999999998"><ele>2505.0</ele></trkpt><trkpt lat="38.09072" lon="-119.63323000000003"><ele>2505.111131352333</ele></trkpt><trkpt lat="38.0906" lon="-119.63326999999998"><ele>2505.0</ele></trkpt><trkpt lat="38.09037" lon="-119.63324"><ele>2502.0</ele></trkpt><trkpt lat="38.09029" lon="-119.63328999999999"><ele>2501.0</ele></trkpt><trkpt lat="38.09022" lon="-119.63326999999998"><ele>2500.0</ele></trkpt><trkpt lat="38.09005" lon="-119.63333999999998"><ele>2498.0752409521</ele></trkpt><trkpt lat="38.08989" lon="-119.63346000000001"><ele>2495.6989999764137</ele></trkpt><trkpt lat="38.08975" lon="-119.63348000000002"><ele>2495.0</ele></trkpt><trkpt lat="38.08956" lon="-119.63337999999999"><ele>2494.0</ele></trkpt><trkpt lat="38.08944" lon="-119.63341000000003"><ele>2494.0</ele></trkpt><trkpt lat="38.08934" lon="-119.63337000000001"><ele>2494.0</ele></trkpt><trkpt lat="38.08919" lon="-119.63323000000003"><ele>2494.0</ele></trkpt><trkpt lat="38.08917" lon="-119.63299999999998"><ele>2495.1258848272128</ele></trkpt><trkpt lat="38.08895" lon="-119.63281"><ele>2492.622419969014</ele></trkpt><trkpt lat="38.08869" lon="-119.63283999999999"><ele>2489.937148443889</ele></trkpt><trkpt lat="38.08848" lon="-119.63299"><ele>2488.0</ele></trkpt><trkpt lat="38.0884" lon="-119.63315999999998"><ele>2486.0</ele></trkpt><trkpt lat="38.0884" lon="-119.63342"><ele>2485.0</ele></trkpt><trkpt lat="38.08837" lon="-119.63351999999998"><ele>2485.0</ele></trkpt><trkpt lat="38.08825" lon="-119.63373000000001"><ele>2484.0</ele></trkpt><trkpt lat="38.08802" lon="-119.63405999999998"><ele>2484.0</ele></trkpt><trkpt lat="38.08802" lon="-119.63405999999998"><ele>2484.0</ele></trkpt><trkpt lat="38.08802" lon="-119.63405999999998"><ele>2484.0</ele></trkpt><trkpt lat="38.08788" lon="-119.63421"><ele>2483.0</ele></trkpt><trkpt lat="38.08775" lon="-119.63427999999999"><ele>2483.0</ele></trkpt><trkpt lat="38.08743" lon="-119.63427000000001"><ele>2481.0</ele></trkpt><trkpt lat="38.08728" lon="-119.63420000000002"><ele>2480.0</ele></trkpt><trkpt lat="38.0871" lon="-119.63405"><ele>2480.0</ele></trkpt><trkpt lat="38.08701" lon="-119.63389999999998"><ele>2479.0</ele></trkpt><trkpt lat="38.0869" lon="-119.63391000000001"><ele>2478.8027626676485</ele></trkpt><trkpt lat="38.08681" lon="-119.63403"><ele>2478.0</ele></trkpt><trkpt lat="38.08673" lon="-119.63409000000001"><ele>2478.0</ele></trkpt><trkpt lat="38.08663" lon="-119.63407999999998"><ele>2478.0</ele></trkpt><trkpt lat="38.08642" lon="-119.63389999999998"><ele>2479.0</ele></trkpt><trkpt lat="38.08621" lon="-119.63368000000003"><ele>2480.0</ele></trkpt><trkpt lat="38.08608" lon="-119.63358"><ele>2480.0</ele></trkpt><trkpt lat="38.08586" lon="-119.63321000000002"><ele>2476.1410102651716</ele></trkpt><trkpt lat="38.08568" lon="-119.63308999999998"><ele>2476.769042923794</ele></trkpt><trkpt lat="38.08544" lon="-119.63281"><ele>2474.0</ele></trkpt><trkpt lat="38.08507" lon="-119.63283000000001"><ele>2473.0</ele></trkpt><trkpt lat="38.0847" lon="-119.63319000000001"><ele>2471.0</ele></trkpt><trkpt lat="38.08452" lon="-119.63324999999998"><ele>2470.0</ele></trkpt><trkpt lat="38.08425" lon="-119.63330000000002"><ele>2468.334013669072</ele></trkpt><trkpt lat="38.08374" lon="-119.63322"><ele>2468.245772194033</ele></trkpt><trkpt lat="38.08322" lon="-119.63296000000003"><ele>2468.0</ele></trkpt><trkpt lat="38.08313" lon="-119.63297"><ele>2468.0</ele></trkpt><trkpt lat="38.08294" lon="-119.63304"><ele>2468.0</ele></trkpt><trkpt lat="38.08269" lon="-119.63324999999998"><ele>2468.0</ele></trkpt><trkpt lat="38.08269" lon="-119.63324999999998"><ele>2468.0</ele></trkpt><trkpt lat="38.08255" lon="-119.63346000000001"><ele>2468.0</ele></trkpt><trkpt lat="38.0824" lon="-119.63389000000001"><ele>2468.0</ele></trkpt><trkpt lat="38.08237" lon="-119.63407000000001"><ele>2468.0</ele></trkpt><trkpt lat="38.08209" lon="-119.63454999999999"><ele>2468.0</ele></trkpt><trkpt lat="38.08188" lon="-119.63472999999999"><ele>2468.0</ele></trkpt><trkpt lat="38.08161" lon="-119.63504999999998"><ele>2468.9710987723934</ele></trkpt><trkpt lat="38.08153" lon="-119.63522"><ele>2469.846959784627</ele></trkpt><trkpt lat="38.08137" lon="-119.63526000000002"><ele>2468.0</ele></trkpt><trkpt lat="38.08133" lon="-119.63536999999997"><ele>2468.0</ele></trkpt><trkpt lat="38.08118" lon="-119.63560999999999"><ele>2468.0</ele></trkpt><trkpt lat="38.08098" lon="-119.63576999999998"><ele>2467.137535863365</ele></trkpt><trkpt lat="38.0809" lon="-119.63593000000003"><ele>2467.515120306047</ele></trkpt><trkpt lat="38.08089" lon="-119.63607000000002"><ele>2468.9550183732063</ele></trkpt><trkpt lat="38.08103" lon="-119.63634000000002"><ele>2469.243852218613</ele></trkpt><trkpt lat="38.08105" lon="-119.63652000000002"><ele>2470.4279726333916</ele></trkpt><trkpt lat="38.08102" lon="-119.6368"><ele>2471.317112804667</ele></trkpt><trkpt lat="38.08093" lon="-119.63713000000001"><ele>2471.909071940157</ele></trkpt><trkpt lat="38.08091" lon="-119.63734"><ele>2472.0483710286094</ele></trkpt><trkpt lat="38.081" lon="-119.63832000000002"><ele>2473.0</ele></trkpt><trkpt lat="38.08099" lon="-119.63853"><ele>2472.0</ele></trkpt><trkpt lat="38.08095" lon="-119.63869999999997"><ele>2472.0</ele></trkpt><trkpt lat="38.08069" lon="-119.63927000000001"><ele>2473.0</ele></trkpt><trkpt lat="38.08055" lon="-119.63950999999997"><ele>2472.825059393421</ele></trkpt><trkpt lat="38.08038" lon="-119.63968"><ele>2470.9290545979784</ele></trkpt><trkpt lat="38.08004" lon="-119.64013999999997"><ele>2465.0</ele></trkpt><trkpt lat="38.07996" lon="-119.64030000000002"><ele>2464.5348513857225</ele></trkpt><trkpt lat="38.07967" lon="-119.64067999999997"><ele>2462.0</ele></trkpt><trkpt lat="38.07964" lon="-119.64075000000003"><ele>2461.0</ele></trkpt><trkpt lat="38.07965" lon="-119.64080000000001"><ele>2461.0</ele></trkpt><trkpt lat="38.07957" lon="-119.64094999999998"><ele>2459.0</ele></trkpt><trkpt lat="38.07956" lon="-119.64111000000003"><ele>2458.0</ele></trkpt><trkpt lat="38.07956" lon="-119.64111000000003"><ele>2458.0</ele></trkpt><trkpt lat="38.07958" lon="-119.64154000000002"><ele>2456.7665269758118</ele></trkpt><trkpt lat="38.07951" lon="-119.64175"><ele>2456.0435966576147</ele></trkpt><trkpt lat="38.07952" lon="-119.64231999999998"><ele>2458.0</ele></trkpt><trkpt lat="38.07947" lon="-119.64265999999998"><ele>2458.0</ele></trkpt><trkpt lat="38.07952" lon="-119.6429"><ele>2458.0</ele></trkpt><trkpt lat="38.07951" lon="-119.64309000000003"><ele>2458.156467487285</ele></trkpt><trkpt lat="38.07936" lon="-119.64341000000002"><ele>2458.0</ele></trkpt><trkpt lat="38.07933" lon="-119.64354000000003"><ele>2458.0</ele></trkpt><trkpt lat="38.07938" lon="-119.64375000000001"><ele>2457.5550334062427</ele></trkpt><trkpt lat="38.07932" lon="-119.64402999999999"><ele>2458.433272863194</ele></trkpt><trkpt lat="38.07921" lon="-119.64418999999998"><ele>2458.0</ele></trkpt><trkpt lat="38.07911" lon="-119.64423"><ele>2459.0</ele></trkpt><trkpt lat="38.07907" lon="-119.64438999999999"><ele>2460.206161777023</ele></trkpt><trkpt lat="38.07902" lon="-119.64444000000003"><ele>2460.129471419955</ele></trkpt><trkpt lat="38.07888" lon="-119.64445"><ele>2459.0</ele></trkpt><trkpt lat="38.07882" lon="-119.64450999999997"><ele>2457.8792493137444</ele></trkpt><trkpt lat="38.07877" lon="-119.64461"><ele>2458.0</ele></trkpt><trkpt lat="38.07879" lon="-119.64477"><ele>2459.0</ele></trkpt><trkpt lat="38.07862" lon="-119.64530000000002"><ele>2460.0</ele></trkpt><trkpt lat="38.0785" lon="-119.64534000000003"><ele>2459.0</ele></trkpt><trkpt lat="38.07837" lon="-119.64528000000001"><ele>2459.0</ele></trkpt><trkpt lat="38.07802" lon="-119.64530000000002"><ele>2457.6296341012785</ele></trkpt><trkpt lat="38.07793" lon="-119.64526999999998"><ele>2456.217134221457</ele></trkpt><trkpt lat="38.07765" lon="-119.64492000000001"><ele>2455.79865555222</ele></trkpt><trkpt lat="38.07751" lon="-119.64492999999999"><ele>2453.843703372404</ele></trkpt><trkpt lat="38.07752" lon="-119.64510999999999"><ele>2452.0</ele></trkpt><trkpt lat="38.07742" lon="-119.64510999999999"><ele>2450.0</ele></trkpt><trkpt lat="38.07733" lon="-119.64508000000001"><ele>2449.0</ele></trkpt><trkpt lat="38.07706" lon="-119.64480000000003"><ele>2449.3890088286635</ele></trkpt><trkpt lat="38.077" lon="-119.64481"><ele>2449.0</ele></trkpt><trkpt lat="38.07693" lon="-119.6449"><ele>2451.0</ele></trkpt><trkpt lat="38.07677" lon="-119.6449"><ele>2448.0</ele></trkpt><trkpt lat="38.07673" lon="-119.64488"><ele>2447.679471088899</ele></trkpt><trkpt lat="38.07671" lon="-119.64477"><ele>2446.0</ele></trkpt><trkpt lat="38.07665" lon="-119.64474000000001"><ele>2445.4466266883537</ele></trkpt><trkpt lat="38.07639" lon="-119.64504"><ele>2443.0</ele></trkpt><trkpt lat="38.07636" lon="-119.64513999999997"><ele>2442.0</ele></trkpt><trkpt lat="38.07637" lon="-119.64549999999997"><ele>2439.3526237588376</ele></trkpt><trkpt lat="38.07623" lon="-119.64564000000001"><ele>2439.0</ele></trkpt><trkpt lat="38.0762" lon="-119.64603999999997"><ele>2439.2882546558976</ele></trkpt><trkpt lat="38.07615" lon="-119.64606000000003"><ele>2438.011092364062</ele></trkpt><trkpt lat="38.07602" lon="-119.64603999999997"><ele>2434.6318893432617</ele></trkpt><trkpt lat="38.0758" lon="-119.64618000000002"><ele>2429.853278590527</ele></trkpt><trkpt lat="38.07567" lon="-119.64612999999997"><ele>2428.2960391100496</ele></trkpt><trkpt lat="38.07555" lon="-119.64602000000002"><ele>2425.8397949234136</ele></trkpt><trkpt lat="38.07542" lon="-119.64598000000001"><ele>2424.0</ele></trkpt><trkpt lat="38.07533" lon="-119.64603"><ele>2423.0</ele></trkpt><trkpt lat="38.07529" lon="-119.64611000000002"><ele>2422.414676658809</ele></trkpt><trkpt lat="38.07524" lon="-119.64633000000003"><ele>2422.4546093847603</ele></trkpt><trkpt lat="38.07517" lon="-119.64645000000002"><ele>2420.310518598184</ele></trkpt><trkpt lat="38.07501" lon="-119.64661000000001"><ele>2417.0</ele></trkpt><trkpt lat="38.07469" lon="-119.64677"><ele>2418.0</ele></trkpt><trkpt lat="38.0741" lon="-119.64669000000004"><ele>2418.393930668477</ele></trkpt><trkpt lat="38.07385" lon="-119.64675"><ele>2418.0</ele></trkpt><trkpt lat="38.07385" lon="-119.64675"><ele>2418.0</ele></trkpt><trkpt lat="38.07385" lon="-119.64675"><ele>2418.0</ele></trkpt><trkpt lat="38.07364" lon="-119.64624000000003"><ele>2416.887438122216</ele></trkpt><trkpt lat="38.07359" lon="-119.64582999999999"><ele>2416.0</ele></trkpt><trkpt lat="38.07302" lon="-119.64540999999997"><ele>2417.0</ele></trkpt><trkpt lat="38.07292" lon="-119.64525000000003"><ele>2416.7462088687225</ele></trkpt><trkpt lat="38.0729" lon="-119.64513999999997"><ele>2417.0</ele></trkpt><trkpt lat="38.07283" lon="-119.64501000000001"><ele>2416.0</ele></trkpt><trkpt lat="38.07234" lon="-119.64458000000002"><ele>2416.0</ele></trkpt><trkpt lat="38.07213" lon="-119.64431000000002"><ele>2416.0</ele></trkpt><trkpt lat="38.07196" lon="-119.64418"><ele>2415.6974139095164</ele></trkpt><trkpt lat="38.07169" lon="-119.64405999999997"><ele>2416.0</ele></trkpt><trkpt lat="38.07158" lon="-119.64396999999997"><ele>2416.0</ele></trkpt><trkpt lat="38.07149" lon="-119.64386000000002"><ele>2416.0</ele></trkpt><trkpt lat="38.07124" lon="-119.6438"><ele>2416.0</ele></trkpt><trkpt lat="38.07105" lon="-119.64359999999999"><ele>2416.0</ele></trkpt><trkpt lat="38.07085" lon="-119.64353"><ele>2415.872743111104</ele></trkpt><trkpt lat="38.07078" lon="-119.64344"><ele>2416.0</ele></trkpt><trkpt lat="38.07052" lon="-119.64328999999998"><ele>2416.0</ele></trkpt><trkpt lat="38.07035" lon="-119.64285999999998"><ele>2416.0</ele></trkpt><trkpt lat="38.07027" lon="-119.64272"><ele>2415.854562033616</ele></trkpt><trkpt lat="38.07012" lon="-119.64256999999998"><ele>2416.250489269448</ele></trkpt><trkpt lat="38.06981" lon="-119.64208000000002"><ele>2419.9985024554608</ele></trkpt><trkpt lat="38.06979" lon="-119.64191"><ele>2417.1137347628674</ele></trkpt><trkpt lat="38.0696" lon="-119.64145000000002"><ele>2416.0822734064686</ele></trkpt><trkpt lat="38.0695" lon="-119.64132999999998"><ele>2416.947489938233</ele></trkpt><trkpt lat="38.06943" lon="-119.64111000000003"><ele>2417.0</ele></trkpt><trkpt lat="38.06943" lon="-119.64111000000003"><ele>2417.0</ele></trkpt><trkpt lat="38.06942" lon="-119.64103999999998"><ele>2416.161166335481</ele></trkpt><trkpt lat="38.06919" lon="-119.64064000000002"><ele>2416.0</ele></trkpt><trkpt lat="38.06907" lon="-119.64056"><ele>2419.0</ele></trkpt><trkpt lat="38.06903" lon="-119.64046000000002"><ele>2418.0548871117644</ele></trkpt><trkpt lat="38.06911" lon="-119.64021000000002"><ele>2416.0</ele></trkpt><trkpt lat="38.06908" lon="-119.63986999999997"><ele>2417.0</ele></trkpt><trkpt lat="38.06895" lon="-119.63977999999997"><ele>2419.0</ele></trkpt><trkpt lat="38.06891" lon="-119.63972000000001"><ele>2420.587102995852</ele></trkpt><trkpt lat="38.06886" lon="-119.63952999999998"><ele>2422.0</ele></trkpt><trkpt lat="38.06887" lon="-119.63932"><ele>2422.0</ele></trkpt><trkpt lat="38.06891" lon="-119.63918000000001"><ele>2422.0</ele></trkpt><trkpt lat="38.06906" lon="-119.63896999999997"><ele>2424.0</ele></trkpt><trkpt lat="38.06911" lon="-119.63866000000002"><ele>2427.831192887854</ele></trkpt><trkpt lat="38.06908" lon="-119.63850000000002"><ele>2432.0</ele></trkpt><trkpt lat="38.0691" lon="-119.63842999999997"><ele>2432.0</ele></trkpt><trkpt lat="38.06925" lon="-119.63846000000001"><ele>2435.0</ele></trkpt><trkpt lat="38.06928" lon="-119.63841000000002"><ele>2436.0</ele></trkpt><trkpt lat="38.06928" lon="-119.63833999999997"><ele>2437.7442737789825</ele></trkpt><trkpt lat="38.06932" lon="-119.63827000000003"><ele>2439.0</ele></trkpt><trkpt lat="38.06936" lon="-119.63827000000003"><ele>2439.0041352362377</ele></trkpt><trkpt lat="38.06939" lon="-119.63819000000001"><ele>2440.0</ele></trkpt><trkpt lat="38.06939" lon="-119.63805000000002"><ele>2441.2227748401097</ele></trkpt><trkpt lat="38.06944" lon="-119.63787000000002"><ele>2442.9645972059125</ele></trkpt><trkpt lat="38.06942" lon="-119.63770999999997"><ele>2446.1877977238037</ele></trkpt><trkpt lat="38.06946" lon="-119.63758000000001"><ele>2447.477384631775</ele></trkpt><trkpt lat="38.06961" lon="-119.63729999999998"><ele>2449.0</ele></trkpt><trkpt lat="38.06963450813881" lon="-119.6372346449632"><ele>2449.2575521357358</ele></trkpt><trkpt lat="38.069627680897014" lon="-119.63725285095495"><ele>2449.0</ele></trkpt><trkpt lat="38.06967" lon="-119.63713999999999"><ele>2450.0</ele></trkpt><trkpt lat="38.06991" lon="-119.63686000000001"><ele>2448.0</ele></trkpt><trkpt lat="38.07" lon="-119.63668999999999"><ele>2451.909682003259</ele></trkpt><trkpt lat="38.07004" lon="-119.63656000000003"><ele>2453.698286220897</ele></trkpt><trkpt lat="38.07" lon="-119.63648999999998"><ele>2456.7097458457574</ele></trkpt><trkpt lat="38.07001" lon="-119.63641999999999"><ele>2460.0</ele></trkpt><trkpt lat="38.07006" lon="-119.63637"><ele>2460.109146142556</ele></trkpt><trkpt lat="38.07004" lon="-119.63630999999998"><ele>2462.1331371949937</ele></trkpt><trkpt lat="38.06976" lon="-119.63635"><ele>2468.4926018001925</ele></trkpt><trkpt lat="38.06965" lon="-119.63632000000001"><ele>2471.468153109774</ele></trkpt><trkpt lat="38.06958" lon="-119.63623999999999"><ele>2474.0</ele></trkpt><trkpt lat="38.06947" lon="-119.63578000000001"><ele>2479.0</ele></trkpt><trkpt lat="38.06939" lon="-119.63566000000003"><ele>2479.308206236889</ele></trkpt><trkpt lat="38.06923" lon="-119.63535999999999"><ele>2480.330738171935</ele></trkpt><trkpt lat="38.06924" lon="-119.63463000000002"><ele>2486.738773521036</ele></trkpt><trkpt lat="38.06921" lon="-119.63443000000001"><ele>2491.4958720451114</ele></trkpt><trkpt lat="38.06918" lon="-119.63434000000001"><ele>2492.290560219437</ele></trkpt><trkpt lat="38.06906" lon="-119.63421"><ele>2494.0</ele></trkpt><trkpt lat="38.06901" lon="-119.63409999999999"><ele>2495.0</ele></trkpt><trkpt lat="38.06898" lon="-119.63396999999998"><ele>2498.0</ele></trkpt><trkpt lat="38.0689" lon="-119.63382999999999"><ele>2501.0</ele></trkpt><trkpt lat="38.06887" lon="-119.63366000000002"><ele>2502.0</ele></trkpt><trkpt lat="38.06886" lon="-119.63321000000002"><ele>2503.819601776544</ele></trkpt><trkpt lat="38.0688" lon="-119.63313"><ele>2506.0</ele></trkpt><trkpt lat="38.06871" lon="-119.63306999999998"><ele>2508.073980883416</ele></trkpt><trkpt lat="38.06858" lon="-119.6329"><ele>2510.8082669898868</ele></trkpt><trkpt lat="38.06852" lon="-119.63274000000001"><ele>2512.0</ele></trkpt><trkpt lat="38.06846" lon="-119.63234999999997"><ele>2515.0</ele></trkpt><trkpt lat="38.06849" lon="-119.63204999999999"><ele>2521.8795200004242</ele></trkpt><trkpt lat="38.06837" lon="-119.63182"><ele>2529.694462819387</ele></trkpt><trkpt lat="38.06836" lon="-119.63175000000001"><ele>2531.976479385621</ele></trkpt><trkpt lat="38.06849" lon="-119.63155999999998"><ele>2535.0</ele></trkpt><trkpt lat="38.06856" lon="-119.63139000000001"><ele>2537.6377493329346</ele></trkpt><trkpt lat="38.06856" lon="-119.63130000000001"><ele>2538.9986875856957</ele></trkpt><trkpt lat="38.0685" lon="-119.63119"><ele>2540.0</ele></trkpt><trkpt lat="38.06851" lon="-119.63105000000002"><ele>2541.0</ele></trkpt><trkpt lat="38.06858" lon="-119.63089000000002"><ele>2542.9883883079124</ele></trkpt><trkpt lat="38.06862" lon="-119.63021000000003"><ele>2552.0</ele></trkpt><trkpt lat="38.06855" lon="-119.63011"><ele>2554.169444534099</ele></trkpt><trkpt lat="38.06846" lon="-119.63009"><ele>2556.0</ele></trkpt><trkpt lat="38.06839" lon="-119.62973999999997"><ele>2557.029588778163</ele></trkpt><trkpt lat="38.0684" lon="-119.62946999999997"><ele>2559.0</ele></trkpt><trkpt lat="38.06828" lon="-119.6293"><ele>2561.983196183279</ele></trkpt><trkpt lat="38.06836" lon="-119.62894"><ele>2560.968973176727</ele></trkpt><trkpt lat="38.06835" lon="-119.62886000000003"><ele>2562.0</ele></trkpt><trkpt lat="38.06818" lon="-119.62853999999999"><ele>2563.0</ele></trkpt><trkpt lat="38.06808" lon="-119.62842999999998"><ele>2564.406133433804</ele></trkpt><trkpt lat="38.06801" lon="-119.62824"><ele>2563.0</ele></trkpt><trkpt lat="38.06809" lon="-119.62752999999998"><ele>2562.0</ele></trkpt><trkpt lat="38.06822" lon="-119.62718999999998"><ele>2561.0</ele></trkpt><trkpt lat="38.06819" lon="-119.62684999999999"><ele>2560.0</ele></trkpt><trkpt lat="38.06808" lon="-119.6266"><ele>2558.406133433804</ele></trkpt><trkpt lat="38.06755" lon="-119.62601999999998"><ele>2561.0</ele></trkpt><trkpt lat="38.06747" lon="-119.62598000000003"><ele>2564.5152565538883</ele></trkpt><trkpt lat="38.06737" lon="-119.62599"><ele>2561.7040106668137</ele></trkpt><trkpt lat="38.06715" lon="-119.62581"><ele>2561.0</ele></trkpt><trkpt lat="38.06696" lon="-119.62545999999998"><ele>2561.0</ele></trkpt><trkpt lat="38.06691" lon="-119.62538999999998"><ele>2561.492937374656</ele></trkpt><trkpt lat="38.06637" lon="-119.62511"><ele>2562.3223459674045</ele></trkpt><trkpt lat="38.06624" lon="-119.62493999999998"><ele>2558.0</ele></trkpt><trkpt lat="38.06605" lon="-119.62495000000001"><ele>2558.1013645200783</ele></trkpt><trkpt lat="38.0659" lon="-119.62471"><ele>2557.4788712090826</ele></trkpt><trkpt lat="38.06576" lon="-119.62462"><ele>2558.0</ele></trkpt><trkpt lat="38.06543" lon="-119.62432999999999"><ele>2560.0</ele></trkpt><trkpt lat="38.06539" lon="-119.62432999999999"><ele>2560.0</ele></trkpt><trkpt lat="38.06539" lon="-119.62432999999999"><ele>2560.0</ele></trkpt><trkpt lat="38.06517" lon="-119.62432000000001"><ele>2560.876369778067</ele></trkpt><trkpt lat="38.06504" lon="-119.62436000000002"><ele>2561.907410164749</ele></trkpt><trkpt lat="38.06498" lon="-119.62434999999999"><ele>2561.27447111113</ele></trkpt><trkpt lat="38.06492" lon="-119.62428999999997"><ele>2561.0</ele></trkpt><trkpt lat="38.06491" lon="-119.62419999999997"><ele>2560.0</ele></trkpt><trkpt lat="38.06498" lon="-119.62396999999999"><ele>2559.0</ele></trkpt><trkpt lat="38.06498" lon="-119.62387999999999"><ele>2559.0</ele></trkpt><trkpt lat="38.06452" lon="-119.62358"><ele>2557.0</ele></trkpt><trkpt lat="38.06452" lon="-119.62358"><ele>2557.0</ele></trkpt><trkpt lat="38.06452" lon="-119.62358"><ele>2557.0</ele></trkpt><trkpt lat="38.06441" lon="-119.62356999999997"><ele>2557.0</ele></trkpt><trkpt lat="38.06415" lon="-119.62371000000002"><ele>2557.0</ele></trkpt><trkpt lat="38.06392" lon="-119.62396999999999"><ele>2558.0</ele></trkpt><trkpt lat="38.06388" lon="-119.62403999999998"><ele>2557.8106888793964</ele></trkpt><trkpt lat="38.06388" lon="-119.62421"><ele>2556.979774432257</ele></trkpt><trkpt lat="38.06379" lon="-119.62450999999999"><ele>2557.0</ele></trkpt><trkpt lat="38.06372" lon="-119.62462"><ele>2556.0</ele></trkpt><trkpt lat="38.06364" lon="-119.62466"><ele>2555.0</ele></trkpt><trkpt lat="38.06355" lon="-119.62468999999999"><ele>2554.5126343944476</ele></trkpt><trkpt lat="38.06342" lon="-119.62466"><ele>2552.0</ele></trkpt><trkpt lat="38.063291301445744" lon="-119.62456705104415"><ele>2551.0</ele></trkpt><trkpt lat="38.063291301445744" lon="-119.62456705104415"><ele>2551.0</ele></trkpt><trkpt lat="38.06288" lon="-119.62427000000002"><ele>2549.0</ele></trkpt><trkpt lat="38.06265" lon="-119.6243"><ele>2549.0</ele></trkpt><trkpt lat="38.06241" lon="-119.62419999999997"><ele>2549.0</ele></trkpt><trkpt lat="38.06228" lon="-119.62425000000002"><ele>2550.0</ele></trkpt><trkpt lat="38.06209" lon="-119.62441000000001"><ele>2549.0</ele></trkpt><trkpt lat="38.06194" lon="-119.62446"><ele>2548.0</ele></trkpt><trkpt lat="38.06163" lon="-119.62470000000002"><ele>2547.0</ele></trkpt><trkpt lat="38.06156" lon="-119.62471"><ele>2547.0</ele></trkpt><trkpt lat="38.0615" lon="-119.62468999999999"><ele>2546.0</ele></trkpt><trkpt lat="38.0614" lon="-119.62459999999999"><ele>2546.0</ele></trkpt><trkpt lat="38.06118" lon="-119.62400000000002"><ele>2550.0</ele></trkpt><trkpt lat="38.06124" lon="-119.62371999999999"><ele>2554.0</ele></trkpt><trkpt lat="38.06123" lon="-119.62365999999997"><ele>2555.0</ele></trkpt><trkpt lat="38.06112" lon="-119.62364000000002"><ele>2558.0</ele></trkpt><trkpt lat="38.0611" lon="-119.62353000000002"><ele>2560.0</ele></trkpt><trkpt lat="38.06098" lon="-119.62333999999998"><ele>2565.7949404451065</ele></trkpt><trkpt lat="38.06097" lon="-119.62305000000003"><ele>2571.0</ele></trkpt><trkpt lat="38.06124" lon="-119.62257999999997"><ele>2578.0</ele></trkpt><trkpt lat="38.06124" lon="-119.62248"><ele>2579.8738453332335</ele></trkpt><trkpt lat="38.06116" lon="-119.62239999999997"><ele>2582.0</ele></trkpt><trkpt lat="38.06116" lon="-119.62230999999997"><ele>2583.0</ele></trkpt><trkpt lat="38.06121" lon="-119.62220000000002"><ele>2584.0</ele></trkpt><trkpt lat="38.06123" lon="-119.62215000000003"><ele>2585.1234639436007</ele></trkpt><trkpt lat="38.06135" lon="-119.62215000000003"><ele>2587.2529599983245</ele></trkpt><trkpt lat="38.06143" lon="-119.62197000000003"><ele>2590.0</ele></trkpt><trkpt lat="38.06137" lon="-119.62153"><ele>2596.6502322751776</ele></trkpt><trkpt lat="38.06143" lon="-119.62125000000003"><ele>2602.0075503377493</ele></trkpt><trkpt lat="38.06143" lon="-119.62113999999997"><ele>2604.012418439584</ele></trkpt><trkpt lat="38.0614" lon="-119.62107000000003"><ele>2605.0</ele></trkpt><trkpt lat="38.06132" lon="-119.62106"><ele>2606.0</ele></trkpt><trkpt lat="38.06116" lon="-119.62115"><ele>2610.1606462137083</ele></trkpt><trkpt lat="38.06105" lon="-119.62101999999999"><ele>2614.485491235032</ele></trkpt><trkpt lat="38.06105" lon="-119.62095"><ele>2615.093944679714</ele></trkpt><trkpt lat="38.06099" lon="-119.62092000000001"><ele>2617.0</ele></trkpt><trkpt lat="38.06088" lon="-119.62098000000003"><ele>2618.0</ele></trkpt><trkpt lat="38.06074" lon="-119.62089000000003"><ele>2619.879533426836</ele></trkpt><trkpt lat="38.0607" lon="-119.62095"><ele>2621.0</ele></trkpt><trkpt lat="38.06066" lon="-119.62117"><ele>2623.6146982293576</ele></trkpt><trkpt lat="38.06058" lon="-119.62119000000001"><ele>2625.002727958658</ele></trkpt><trkpt lat="38.0605" lon="-119.62115"><ele>2627.012213056191</ele></trkpt><trkpt lat="38.0604" lon="-119.62122999999997"><ele>2631.8719324432313</ele></trkpt><trkpt lat="38.06034" lon="-119.62124"><ele>2632.5553056672215</ele></trkpt><trkpt lat="38.06031" lon="-119.62119999999999"><ele>2634.3309833649546</ele></trkpt><trkpt lat="38.06031" lon="-119.62101000000001"><ele>2638.585752035243</ele></trkpt><trkpt lat="38.06052" lon="-119.62056999999999"><ele>2642.7987521816094</ele></trkpt><trkpt lat="38.06049" lon="-119.62052"><ele>2644.0</ele></trkpt><trkpt lat="38.06043" lon="-119.62058999999999"><ele>2645.2282681968063</ele></trkpt><trkpt lat="38.06032" lon="-119.62059999999997"><ele>2648.3608208850383</ele></trkpt><trkpt lat="38.06028" lon="-119.62047999999999"><ele>2651.008596918266</ele></trkpt><trkpt lat="38.06013" lon="-119.62047000000001"><ele>2657.985034285113</ele></trkpt><trkpt lat="38.05999" lon="-119.62018"><ele>2665.0</ele></trkpt><trkpt lat="38.06001" lon="-119.62009999999998"><ele>2665.808315852792</ele></trkpt><trkpt lat="38.05995" lon="-119.62007"><ele>2669.639058995992</ele></trkpt><trkpt lat="38.05992" lon="-119.62000999999998"><ele>2672.984188445378</ele></trkpt><trkpt lat="38.05991" lon="-119.61995000000002"><ele>2674.787007594481</ele></trkpt><trkpt lat="38.05985" lon="-119.61986000000002"><ele>2676.5720691626743</ele></trkpt><trkpt lat="38.05984" lon="-119.61977999999999"><ele>2676.747472704406</ele></trkpt><trkpt lat="38.0599" lon="-119.61966999999999"><ele>2679.829336889554</ele></trkpt><trkpt lat="38.05985" lon="-119.61959999999999"><ele>2682.0915733338334</ele></trkpt><trkpt lat="38.05968" lon="-119.61959000000002"><ele>2683.5576071105897</ele></trkpt><trkpt lat="38.05948" lon="-119.61941999999999"><ele>2686.718142752986</ele></trkpt><trkpt lat="38.05936" lon="-119.61937999999998"><ele>2689.3443164457567</ele></trkpt><trkpt lat="38.0593" lon="-119.61939000000001"><ele>2690.0</ele></trkpt><trkpt lat="38.05928" lon="-119.61944"><ele>2690.1619545854433</ele></trkpt><trkpt lat="38.05931" lon="-119.61964"><ele>2694.0</ele></trkpt><trkpt lat="38.0593" lon="-119.61969999999997"><ele>2695.6169368300693</ele></trkpt><trkpt lat="38.05927" lon="-119.61973999999998"><ele>2696.0</ele></trkpt><trkpt lat="38.05921" lon="-119.61973999999998"><ele>2697.5671004452743</ele></trkpt><trkpt lat="38.05916" lon="-119.61971"><ele>2699.398079769686</ele></trkpt><trkpt lat="38.0589" lon="-119.61930999999998"><ele>2700.870812833763</ele></trkpt><trkpt lat="38.05858" lon="-119.61918000000003"><ele>2705.243606455446</ele></trkpt><trkpt lat="38.05854" lon="-119.61914000000002"><ele>2706.094679247588</ele></trkpt><trkpt lat="38.05854" lon="-119.61914000000002"><ele>2706.094679247588</ele></trkpt><trkpt lat="38.05844" lon="-119.61903999999998"><ele>2709.01090696507</ele></trkpt><trkpt lat="38.05818" lon="-119.61892999999998"><ele>2707.188794551071</ele></trkpt><trkpt lat="38.05801" lon="-119.61881"><ele>2708.0</ele></trkpt><trkpt lat="38.05773" lon="-119.61851000000001"><ele>2706.004046885998</ele></trkpt><trkpt lat="38.05758" lon="-119.61844000000002"><ele>2703.072456685186</ele></trkpt><trkpt lat="38.05754" lon="-119.61838"><ele>2702.0</ele></trkpt><trkpt lat="38.05756" lon="-119.6182"><ele>2699.901652434841</ele></trkpt><trkpt lat="38.0575" lon="-119.61813000000001"><ele>2698.209747502846</ele></trkpt><trkpt lat="38.05743" lon="-119.61811999999998"><ele>2697.1939577452804</ele></trkpt><trkpt lat="38.0574" lon="-119.6182"><ele>2695.4317395314574</ele></trkpt><trkpt lat="38.05735" lon="-119.61822000000001"><ele>2694.5957653336227</ele></trkpt><trkpt lat="38.05709" lon="-119.61819000000003"><ele>2688.0</ele></trkpt><trkpt lat="38.05699" lon="-119.61815000000001"><ele>2688.0</ele></trkpt><trkpt lat="38.05693" lon="-119.61808000000002"><ele>2687.0</ele></trkpt><trkpt lat="38.0569" lon="-119.61797999999999"><ele>2685.344542395444</ele></trkpt><trkpt lat="38.05693" lon="-119.61775999999998"><ele>2684.0</ele></trkpt><trkpt lat="38.05701" lon="-119.61761999999999"><ele>2682.0</ele></trkpt><trkpt lat="38.05701" lon="-119.61756000000003"><ele>2680.8942218932857</ele></trkpt><trkpt lat="38.05684" lon="-119.61737"><ele>2676.0</ele></trkpt><trkpt lat="38.05677" lon="-119.61721999999997"><ele>2673.1441587191075</ele></trkpt><trkpt lat="38.05672" lon="-119.61719"><ele>2672.1098482557</ele></trkpt><trkpt lat="38.0566" lon="-119.61721"><ele>2669.5654227505456</ele></trkpt><trkpt lat="38.05637" lon="-119.61694999999997"><ele>2666.782843170827</ele></trkpt><trkpt lat="38.05627" lon="-119.61678999999998"><ele>2666.0259360050677</ele></trkpt><trkpt lat="38.05615" lon="-119.61644000000001"><ele>2671.0</ele></trkpt><trkpt lat="38.05626" lon="-119.61637000000002"><ele>2674.0</ele></trkpt><trkpt lat="38.05641" lon="-119.61633"><ele>2680.3217324656434</ele></trkpt><trkpt lat="38.05655" lon="-119.61621000000002"><ele>2686.113686988632</ele></trkpt><trkpt lat="38.05662" lon="-119.61592999999999"><ele>2680.0</ele></trkpt><trkpt lat="38.05661" lon="-119.61563999999998"><ele>2675.5677770743464</ele></trkpt><trkpt lat="38.05663" lon="-119.61554999999998"><ele>2673.283291466789</ele></trkpt><trkpt lat="38.05671" lon="-119.61538999999999"><ele>2671.0</ele></trkpt><trkpt lat="38.05675" lon="-119.61523"><ele>2669.251665777527</ele></trkpt><trkpt lat="38.05696" lon="-119.61484000000002"><ele>2668.0</ele></trkpt><trkpt lat="38.05703" lon="-119.61464000000001"><ele>2666.885812560099</ele></trkpt><trkpt lat="38.05694" lon="-119.61430999999999"><ele>2661.3765582218766</ele></trkpt><trkpt lat="38.05694" lon="-119.61419000000001"><ele>2657.7841528896242</ele></trkpt><trkpt lat="38.05685" lon="-119.61403000000001"><ele>2656.4485406209715</ele></trkpt><trkpt lat="38.05678" lon="-119.61396000000002"><ele>2656.017257788276</ele></trkpt><trkpt lat="38.05668" lon="-119.61394000000001"><ele>2655.133308445569</ele></trkpt><trkpt lat="38.05668" lon="-119.61383999999998"><ele>2652.9037579415417</ele></trkpt><trkpt lat="38.05669" lon="-119.61379"><ele>2651.649190948616</ele></trkpt><trkpt lat="38.05686" lon="-119.61381"><ele>2647.0396106447693</ele></trkpt><trkpt lat="38.0569" lon="-119.61378000000002"><ele>2644.7290038627434</ele></trkpt><trkpt lat="38.05688" lon="-119.61367999999999"><ele>2641.016430221498</ele></trkpt><trkpt lat="38.0569" lon="-119.61361"><ele>2639.121881378977</ele></trkpt><trkpt lat="38.057" lon="-119.61349000000001"><ele>2636.0393068510493</ele></trkpt><trkpt lat="38.05714" lon="-119.61311"><ele>2633.0</ele></trkpt><trkpt lat="38.05717" lon="-119.61293"><ele>2633.0</ele></trkpt><trkpt lat="38.05725" lon="-119.61280999999997"><ele>2633.5537149868906</ele></trkpt><trkpt lat="38.05729" lon="-119.61268000000001"><ele>2632.4130524452776</ele></trkpt><trkpt lat="38.05724" lon="-119.61247000000003"><ele>2628.0</ele></trkpt><trkpt lat="38.05724" lon="-119.61241999999999"><ele>2627.323027055121</ele></trkpt><trkpt lat="38.05742" lon="-119.61225999999999"><ele>2624.3845224883407</ele></trkpt><trkpt lat="38.05761" lon="-119.61239999999998"><ele>2621.3641066653654</ele></trkpt><trkpt lat="38.05769" lon="-119.61238000000003"><ele>2621.0</ele></trkpt><trkpt lat="38.05779" lon="-119.61223999999999"><ele>2620.0</ele></trkpt><trkpt lat="38.05783" lon="-119.6121"><ele>2619.0</ele></trkpt><trkpt lat="38.05777" lon="-119.61192"><ele>2615.665365840478</ele></trkpt><trkpt lat="38.05777" lon="-119.61180000000002"><ele>2613.402080000844</ele></trkpt><trkpt lat="38.05781" lon="-119.61171999999999"><ele>2611.7721780497386</ele></trkpt><trkpt lat="38.05803" lon="-119.61154999999997"><ele>2608.820978822826</ele></trkpt><trkpt lat="38.05806" lon="-119.61148000000003"><ele>2607.242183513809</ele></trkpt><trkpt lat="38.05801" lon="-119.61133999999998"><ele>2603.516883314388</ele></trkpt><trkpt lat="38.05791" lon="-119.61131"><ele>2601.5664248890243</ele></trkpt><trkpt lat="38.05786" lon="-119.61118999999997"><ele>2596.9829101938267</ele></trkpt><trkpt lat="38.05816" lon="-119.61095"><ele>2590.7892088894732</ele></trkpt><trkpt lat="38.0582" lon="-119.61088000000001"><ele>2589.0</ele></trkpt><trkpt lat="38.05819" lon="-119.61081999999999"><ele>2587.1385800801536</ele></trkpt><trkpt lat="38.05816" lon="-119.61076000000003"><ele>2584.9345671129413</ele></trkpt><trkpt lat="38.05818" lon="-119.61067000000003"><ele>2581.740263112355</ele></trkpt><trkpt lat="38.05808" lon="-119.61045000000001"><ele>2579.0</ele></trkpt><trkpt lat="38.05808" lon="-119.6103"><ele>2579.0</ele></trkpt><trkpt lat="38.0581" lon="-119.61018000000001"><ele>2577.0</ele></trkpt><trkpt lat="38.05805" lon="-119.61000000000001"><ele>2573.0</ele></trkpt><trkpt lat="38.0579" lon="-119.60991000000001"><ele>2571.0</ele></trkpt><trkpt lat="38.05784" lon="-119.60978999999998"><ele>2569.0</ele></trkpt><trkpt lat="38.05771" lon="-119.60962999999998"><ele>2569.0</ele></trkpt><trkpt lat="38.05746" lon="-119.60953999999998"><ele>2565.0013371595796</ele></trkpt><trkpt lat="38.05745" lon="-119.60942999999997"><ele>2562.0</ele></trkpt><trkpt lat="38.05749" lon="-119.6094"><ele>2561.0</ele></trkpt><trkpt lat="38.05758" lon="-119.60941000000003"><ele>2560.020007112529</ele></trkpt><trkpt lat="38.05763" lon="-119.60935999999998"><ele>2558.030867392052</ele></trkpt><trkpt lat="38.05763" lon="-119.60926"><ele>2557.0013200222456</ele></trkpt><trkpt lat="38.05755" lon="-119.60914000000002"><ele>2553.825622046005</ele></trkpt><trkpt lat="38.05768" lon="-119.60890999999998"><ele>2549.715372613026</ele></trkpt><trkpt lat="38.05768" lon="-119.60879"><ele>2547.996415630249</ele></trkpt><trkpt lat="38.05781" lon="-119.60876999999999"><ele>2544.193845333066</ele></trkpt><trkpt lat="38.05812" lon="-119.60854999999998"><ele>2537.0</ele></trkpt><trkpt lat="38.05823" lon="-119.60854999999998"><ele>2534.9671858331476</ele></trkpt><trkpt lat="38.05836" lon="-119.60843"><ele>2533.348696889356</ele></trkpt><trkpt lat="38.05853" lon="-119.60818"><ele>2531.3134426623583</ele></trkpt><trkpt lat="38.05855" lon="-119.60788000000002"><ele>2527.8592127117454</ele></trkpt><trkpt lat="38.05859" lon="-119.60783000000004"><ele>2526.3866702243686</ele></trkpt><trkpt lat="38.05868" lon="-119.60777999999999"><ele>2526.056501333136</ele></trkpt><trkpt lat="38.05885" lon="-119.60757999999998"><ele>2521.989407405257</ele></trkpt><trkpt lat="38.05904" lon="-119.60725000000002"><ele>2516.677444288991</ele></trkpt><trkpt lat="38.05907" lon="-119.6071"><ele>2514.54048250943</ele></trkpt><trkpt lat="38.0592" lon="-119.60693000000003"><ele>2513.0</ele></trkpt><trkpt lat="38.05933" lon="-119.60662000000002"><ele>2509.9988517391193</ele></trkpt><trkpt lat="38.05933" lon="-119.60658000000001"><ele>2509.6639453638345</ele></trkpt><trkpt lat="38.05925" lon="-119.60656"><ele>2508.129252247978</ele></trkpt><trkpt lat="38.05921" lon="-119.60651999999999"><ele>2506.1887469331696</ele></trkpt><trkpt lat="38.05929" lon="-119.60631999999998"><ele>2503.3073627096683</ele></trkpt><trkpt lat="38.059288181170615" lon="-119.6062672539478"><ele>2502.188754301518</ele></trkpt><trkpt lat="38.05928595803459" lon="-119.60620278299791"><ele>2503.0</ele></trkpt><trkpt lat="38.05928" lon="-119.60603000000003"><ele>2501.0</ele></trkpt><trkpt lat="38.05931" lon="-119.60591"><ele>2499.388361380901</ele></trkpt><trkpt lat="38.05929" lon="-119.60575"><ele>2495.1338709986053</ele></trkpt><trkpt lat="38.05933" lon="-119.60559999999998"><ele>2493.0</ele></trkpt><trkpt lat="38.05932" lon="-119.60549000000003"><ele>2491.310642672439</ele></trkpt><trkpt lat="38.05928" lon="-119.60537999999997"><ele>2490.7660994504777</ele></trkpt><trkpt lat="38.05931" lon="-119.60513000000003"><ele>2485.267722510267</ele></trkpt><trkpt lat="38.05941" lon="-119.60503"><ele>2481.53920305062</ele></trkpt><trkpt lat="38.05947" lon="-119.60501"><ele>2480.9651448889636</ele></trkpt><trkpt lat="38.05951" lon="-119.60494"><ele>2480.3178798109293</ele></trkpt><trkpt lat="38.05951" lon="-119.60480000000001"><ele>2480.056721060844</ele></trkpt><trkpt lat="38.05955" lon="-119.60464000000002"><ele>2480.0</ele></trkpt><trkpt lat="38.05964" lon="-119.60462999999999"><ele>2482.265091867821</ele></trkpt><trkpt lat="38.05968" lon="-119.60459000000003"><ele>2483.1488375820686</ele></trkpt><trkpt lat="38.05988" lon="-119.60415999999998"><ele>2482.2177162449807</ele></trkpt><trkpt lat="38.05991" lon="-119.60402999999997"><ele>2481.993383515626</ele></trkpt><trkpt lat="38.05994" lon="-119.60356000000002"><ele>2481.0</ele></trkpt><trkpt lat="38.05991" lon="-119.60332"><ele>2482.0</ele></trkpt><trkpt lat="38.05989" lon="-119.60323"><ele>2483.0</ele></trkpt><trkpt lat="38.05976" lon="-119.60297000000003"><ele>2481.012166522994</ele></trkpt><trkpt lat="38.0597" lon="-119.60268000000002"><ele>2482.563727935776</ele></trkpt><trkpt lat="38.05972" lon="-119.60235999999998"><ele>2483.0</ele></trkpt><trkpt lat="38.05977" lon="-119.60226"><ele>2481.0</ele></trkpt><trkpt lat="38.05976" lon="-119.60210000000001"><ele>2478.4241797024856</ele></trkpt><trkpt lat="38.05972" lon="-119.60199"><ele>2476.803795784717</ele></trkpt><trkpt lat="38.05973" lon="-119.60192"><ele>2476.0</ele></trkpt><trkpt lat="38.05956" lon="-119.60176000000001"><ele>2471.504167112056</ele></trkpt><trkpt lat="38.05941" lon="-119.60129"><ele>2466.7599579418566</ele></trkpt><trkpt lat="38.05928" lon="-119.60104999999999"><ele>2467.0</ele></trkpt><trkpt lat="38.05926" lon="-119.60095000000001"><ele>2466.0</ele></trkpt><trkpt lat="38.05933" lon="-119.60077999999999"><ele>2464.0</ele></trkpt><trkpt lat="38.05932" lon="-119.60070999999999"><ele>2464.0</ele></trkpt><trkpt lat="38.05923" lon="-119.60043000000002"><ele>2462.478325332515</ele></trkpt><trkpt lat="38.05922" lon="-119.60028"><ele>2464.0</ele></trkpt><trkpt lat="38.05913" lon="-119.60021"><ele>2465.0</ele></trkpt><trkpt lat="38.05912" lon="-119.60016000000002"><ele>2466.061237332411</ele></trkpt><trkpt lat="38.05926" lon="-119.59996999999998"><ele>2465.5230507191654</ele></trkpt><trkpt lat="38.05929" lon="-119.59989000000002"><ele>2465.0</ele></trkpt><trkpt lat="38.05929" lon="-119.59974999999997"><ele>2465.0</ele></trkpt><trkpt lat="38.0592" lon="-119.59956999999997"><ele>2463.0</ele></trkpt><trkpt lat="38.05922" lon="-119.59942000000001"><ele>2462.0692960023716</ele></trkpt><trkpt lat="38.05929" lon="-119.59917999999999"><ele>2457.563860382419</ele></trkpt><trkpt lat="38.05922" lon="-119.59901000000002"><ele>2453.0</ele></trkpt><trkpt lat="38.05928" lon="-119.59883000000002"><ele>2452.0</ele></trkpt><trkpt lat="38.05929" lon="-119.59870000000001"><ele>2451.2964079380035</ele></trkpt><trkpt lat="38.05926" lon="-119.59852999999998"><ele>2449.041511427611</ele></trkpt><trkpt lat="38.05928" lon="-119.59832"><ele>2448.704523783177</ele></trkpt><trkpt lat="38.05924" lon="-119.59800000000001"><ele>2447.0</ele></trkpt><trkpt lat="38.05922" lon="-119.59791999999999"><ele>2444.0838417396317</ele></trkpt><trkpt lat="38.05916" lon="-119.59787"><ele>2441.6883145098823</ele></trkpt><trkpt lat="38.05918" lon="-119.59778"><ele>2439.0227235560305</ele></trkpt><trkpt lat="38.05917" lon="-119.59776"><ele>2439.0</ele></trkpt><trkpt lat="38.05911" lon="-119.59776"><ele>2437.058246980499</ele></trkpt><trkpt lat="38.05911" lon="-119.59769"><ele>2435.938660938679</ele></trkpt><trkpt lat="38.05909" lon="-119.59769"><ele>2435.3800293547934</ele></trkpt><trkpt lat="38.05904" lon="-119.59776"><ele>2435.090655999724</ele></trkpt><trkpt lat="38.05901" lon="-119.59776"><ele>2434.090655999724</ele></trkpt><trkpt lat="38.059" lon="-119.59767"><ele>2432.9100128347823</ele></trkpt><trkpt lat="38.05895" lon="-119.59767"><ele>2431.1545239502098</ele></trkpt><trkpt lat="38.05894" lon="-119.59770000000003"><ele>2431.2944533349946</ele></trkpt><trkpt lat="38.05891" lon="-119.59770000000003"><ele>2431.2944533349946</ele></trkpt><trkpt lat="38.05888" lon="-119.59767"><ele>2430.0</ele></trkpt><trkpt lat="38.0589" lon="-119.5976"><ele>2430.0</ele></trkpt><trkpt lat="38.05901" lon="-119.59749"><ele>2429.5077439998277</ele></trkpt><trkpt lat="38.05907" lon="-119.59717"><ele>2426.163517613109</ele></trkpt><trkpt lat="38.05907" lon="-119.59717"><ele>2426.163517613109</ele></trkpt><trkpt lat="38.05897" lon="-119.59658000000002"><ele>2419.419683414404</ele></trkpt><trkpt lat="38.059" lon="-119.59647999999999"><ele>2418.0</ele></trkpt><trkpt lat="38.0592" lon="-119.59617000000003"><ele>2414.0</ele></trkpt><trkpt lat="38.0592" lon="-119.59605999999997"><ele>2412.995873582197</ele></trkpt><trkpt lat="38.05911" lon="-119.59602000000001"><ele>2411.000778667163</ele></trkpt><trkpt lat="38.05912" lon="-119.59595999999999"><ele>2409.0479502210114</ele></trkpt><trkpt lat="38.0591" lon="-119.59591999999998"><ele>2408.0</ele></trkpt><trkpt lat="38.05905" lon="-119.59595999999999"><ele>2406.295786540024</ele></trkpt><trkpt lat="38.059" lon="-119.59595000000002"><ele>2405.7385422228836</ele></trkpt><trkpt lat="38.05894" lon="-119.59584000000001"><ele>2403.8373097195063</ele></trkpt><trkpt lat="38.059" lon="-119.59577000000002"><ele>2403.4817345002666</ele></trkpt><trkpt lat="38.05899" lon="-119.59573999999998"><ele>2401.9778392012495</ele></trkpt><trkpt lat="38.05888" lon="-119.59575000000001"><ele>2400.0</ele></trkpt><trkpt lat="38.05884" lon="-119.59577999999999"><ele>2399.9377421644394</ele></trkpt><trkpt lat="38.05854" lon="-119.59568999999999"><ele>2396.96417943216</ele></trkpt><trkpt lat="38.05855" lon="-119.59563000000003"><ele>2395.0</ele></trkpt><trkpt lat="38.05859" lon="-119.59564"><ele>2395.2914951113053</ele></trkpt><trkpt lat="38.05859" lon="-119.59555999999998"><ele>2393.377684860448</ele></trkpt><trkpt lat="38.05839" lon="-119.59537999999998"><ele>2390.0</ele></trkpt><trkpt lat="38.0583" lon="-119.59541000000002"><ele>2389.572718223557</ele></trkpt><trkpt lat="38.05824" lon="-119.59550999999999"><ele>2389.382069264073</ele></trkpt><trkpt lat="38.05801" lon="-119.59575999999998"><ele>2387.4736764860036</ele></trkpt><trkpt lat="38.05792" lon="-119.59575000000001"><ele>2385.4178666677326</ele></trkpt><trkpt lat="38.05791" lon="-119.59568000000002"><ele>2384.0</ele></trkpt><trkpt lat="38.05793" lon="-119.59550999999999"><ele>2381.8009053263813</ele></trkpt><trkpt lat="38.05779" lon="-119.59478000000001"><ele>2369.103172477875</ele></trkpt><trkpt lat="38.05771" lon="-119.59465999999998"><ele>2371.1366176847064</ele></trkpt><trkpt lat="38.05762" lon="-119.59462000000002"><ele>2370.7560497792438</ele></trkpt><trkpt lat="38.05749" lon="-119.59438999999998"><ele>2366.0</ele></trkpt><trkpt lat="38.05744" lon="-119.59438"><ele>2364.7992158140987</ele></trkpt><trkpt lat="38.05739" lon="-119.59442000000001"><ele>2363.435374222696</ele></trkpt><trkpt lat="38.05734" lon="-119.59442000000001"><ele>2362.435374222696</ele></trkpt><trkpt lat="38.0573" lon="-119.59438999999998"><ele>2361.0372728882357</ele></trkpt><trkpt lat="38.05727" lon="-119.59431000000001"><ele>2359.0</ele></trkpt><trkpt lat="38.05727" lon="-119.59418"><ele>2358.0</ele></trkpt><trkpt lat="38.05734" lon="-119.59406999999999"><ele>2358.985162475001</ele></trkpt><trkpt lat="38.05785" lon="-119.59377999999998"><ele>2359.0</ele></trkpt><trkpt lat="38.05819" lon="-119.59334000000001"><ele>2359.0</ele></trkpt><trkpt lat="38.05828" lon="-119.59318999999999"><ele>2360.1462529972196</ele></trkpt><trkpt lat="38.05841" lon="-119.59278"><ele>2359.0</ele></trkpt><trkpt lat="38.05866" lon="-119.5924"><ele>2359.0</ele></trkpt><trkpt lat="38.05896" lon="-119.59208000000001"><ele>2359.0</ele></trkpt><trkpt lat="38.05903" lon="-119.59192999999999"><ele>2359.0</ele></trkpt><trkpt lat="38.05896" lon="-119.59165999999999"><ele>2358.0</ele></trkpt><trkpt lat="38.05896" lon="-119.59165999999999"><ele>2358.0</ele></trkpt><trkpt lat="38.058960237110725" lon="-119.59165889348333"><ele>2358.0</ele></trkpt><trkpt lat="38.05896091425986" lon="-119.5916557334557"><ele>2358.0</ele></trkpt><trkpt lat="38.05902" lon="-119.59138000000002"><ele>2359.0</ele></trkpt><trkpt lat="38.05918" lon="-119.59111000000001"><ele>2359.0</ele></trkpt><trkpt lat="38.05924" lon="-119.59091999999998"><ele>2360.0</ele></trkpt><trkpt lat="38.05929" lon="-119.59071"><ele>2359.0</ele></trkpt><trkpt lat="38.059299038487794" lon="-119.59060153814642"><ele>2359.168618224561</ele></trkpt><trkpt lat="38.05929910391498" lon="-119.59060075302864"><ele>2359.164745690301</ele></trkpt><trkpt lat="38.05931" lon="-119.59046999999998"><ele>2359.0</ele></trkpt><trkpt lat="38.05918" lon="-119.59024"><ele>2357.49754010528</ele></trkpt><trkpt lat="38.05894" lon="-119.59014000000002"><ele>2359.0</ele></trkpt><trkpt lat="38.05869" lon="-119.58982000000003"><ele>2359.9401635536924</ele></trkpt><trkpt lat="38.05869" lon="-119.58982000000003"><ele>2359.9401635536924</ele></trkpt><trkpt lat="38.058730218725415" lon="-119.58969359829155"><ele>2359.0</ele></trkpt><trkpt lat="38.05872923207468" lon="-119.58969669927882"><ele>2359.0</ele></trkpt><trkpt lat="38.05883" lon="-119.58938"><ele>2360.0</ele></trkpt><trkpt lat="38.05894" lon="-119.58866"><ele>2361.0</ele></trkpt><trkpt lat="38.05887" lon="-119.58814999999998"><ele>2364.0</ele></trkpt><trkpt lat="38.05898" lon="-119.58796000000001"><ele>2368.0</ele></trkpt><trkpt lat="38.05924" lon="-119.58790999999997"><ele>2370.0</ele></trkpt><trkpt lat="38.05934" lon="-119.58778000000001"><ele>2371.9917737794703</ele></trkpt><trkpt lat="38.05948" lon="-119.58744999999999"><ele>2374.0</ele></trkpt><trkpt lat="38.05943" lon="-119.58730000000003"><ele>2375.0</ele></trkpt><trkpt lat="38.05939" lon="-119.58724999999998"><ele>2375.0</ele></trkpt><trkpt lat="38.0594" lon="-119.58701000000002"><ele>2377.915779171792</ele></trkpt><trkpt lat="38.05938" lon="-119.58695"><ele>2379.260575105352</ele></trkpt><trkpt lat="38.05933" lon="-119.58693"><ele>2380.3360546361655</ele></trkpt><trkpt lat="38.0593" lon="-119.58681999999999"><ele>2382.333517146245</ele></trkpt><trkpt lat="38.05938" lon="-119.58663000000001"><ele>2385.0</ele></trkpt><trkpt lat="38.05946" lon="-119.58661000000001"><ele>2387.7029667801467</ele></trkpt><trkpt lat="38.05952" lon="-119.58650999999998"><ele>2390.9275729993487</ele></trkpt><trkpt lat="38.05984" lon="-119.58623999999998"><ele>2393.0</ele></trkpt><trkpt lat="38.05981" lon="-119.58618000000001"><ele>2394.576458666008</ele></trkpt><trkpt lat="38.05972" lon="-119.58618000000001"><ele>2396.569095348347</ele></trkpt><trkpt lat="38.05967" lon="-119.58612"><ele>2398.0</ele></trkpt><trkpt lat="38.05959" lon="-119.58616"><ele>2399.973063263953</ele></trkpt><trkpt lat="38.05943" lon="-119.58598"><ele>2403.417205400765</ele></trkpt><trkpt lat="38.05919" lon="-119.58587"><ele>2404.0</ele></trkpt><trkpt lat="38.05883" lon="-119.58586000000003"><ele>2406.4553596501482</ele></trkpt><trkpt lat="38.05874" lon="-119.58598"><ele>2409.0</ele></trkpt><trkpt lat="38.05863" lon="-119.58593000000002"><ele>2412.995075918734</ele></trkpt><trkpt lat="38.0586" lon="-119.58585"><ele>2415.9797151845105</ele></trkpt><trkpt lat="38.05857" lon="-119.58582000000001"><ele>2417.319044493139</ele></trkpt><trkpt lat="38.05821" lon="-119.58591000000001"><ele>2428.040356950025</ele></trkpt><trkpt lat="38.05821" lon="-119.5858"><ele>2429.733305775863</ele></trkpt><trkpt lat="38.05819" lon="-119.58577000000002"><ele>2431.4942077966407</ele></trkpt><trkpt lat="38.05813" lon="-119.58578999999997"><ele>2433.361614579335</ele></trkpt><trkpt lat="38.05807" lon="-119.58589"><ele>2436.74225352746</ele></trkpt><trkpt lat="38.05802" lon="-119.58589999999998"><ele>2438.0</ele></trkpt><trkpt lat="38.05791" lon="-119.58587999999997"><ele>2440.6559510846687</ele></trkpt><trkpt lat="38.05785" lon="-119.58580999999998"><ele>2441.934077654034</ele></trkpt><trkpt lat="38.05776" lon="-119.58576"><ele>2444.0</ele></trkpt><trkpt lat="38.05766" lon="-119.58575000000002"><ele>2447.0</ele></trkpt><trkpt lat="38.05757" lon="-119.58585"><ele>2451.0225010990475</ele></trkpt><trkpt lat="38.05742" lon="-119.58585"><ele>2452.9555733334273</ele></trkpt><trkpt lat="38.05739" lon="-119.58575000000002"><ele>2455.0</ele></trkpt><trkpt lat="38.05734" lon="-119.58573000000001"><ele>2456.6134470309707</ele></trkpt><trkpt lat="38.05716" lon="-119.5858"><ele>2460.2209047420515</ele></trkpt><trkpt lat="38.05711" lon="-119.58576"><ele>2462.0</ele></trkpt><trkpt lat="38.05708" lon="-119.58569"><ele>2464.122887964523</ele></trkpt><trkpt lat="38.05727" lon="-119.58539999999999"><ele>2470.9270933335647</ele></trkpt><trkpt lat="38.05733" lon="-119.58524"><ele>2474.82208025269</ele></trkpt><trkpt lat="38.05732" lon="-119.58515999999997"><ele>2477.1119040008634</ele></trkpt><trkpt lat="38.05716" lon="-119.58510999999999"><ele>2484.3417625755283</ele></trkpt><trkpt lat="38.05717" lon="-119.58505000000002"><ele>2486.238275554497</ele></trkpt><trkpt lat="38.05738" lon="-119.58479"><ele>2491.84007692994</ele></trkpt><trkpt lat="38.0574" lon="-119.58474000000001"><ele>2493.2535831346177</ele></trkpt><trkpt lat="38.05735" lon="-119.58470999999997"><ele>2495.6110280076973</ele></trkpt><trkpt lat="38.05707" lon="-119.58467999999999"><ele>2506.5814157854766</ele></trkpt><trkpt lat="38.05669" lon="-119.58474000000001"><ele>2515.685322666075</ele></trkpt><trkpt lat="38.05665" lon="-119.5847"><ele>2517.5494577772915</ele></trkpt><trkpt lat="38.05669" lon="-119.58463"><ele>2518.922935711018</ele></trkpt><trkpt lat="38.05668" lon="-119.58458999999999"><ele>2520.858441670891</ele></trkpt><trkpt lat="38.05643" lon="-119.58461999999997"><ele>2526.277728001587</ele></trkpt><trkpt lat="38.05642" lon="-119.58458000000002"><ele>2528.7128883684054</ele></trkpt><trkpt lat="38.05654" lon="-119.58442000000002"><ele>2532.7866268389434</ele></trkpt><trkpt lat="38.05654" lon="-119.58438999999998"><ele>2533.9965048893355</ele></trkpt><trkpt lat="38.05647" lon="-119.58438000000001"><ele>2536.462538665626</ele></trkpt><trkpt lat="38.05635" lon="-119.58446000000004"><ele>2536.448318607174</ele></trkpt><trkpt lat="38.05628" lon="-119.58438000000001"><ele>2541.3964285271572</ele></trkpt><trkpt lat="38.05607" lon="-119.58445"><ele>2546.2861101701856</ele></trkpt><trkpt lat="38.056" lon="-119.58437000000004"><ele>2550.959223097608</ele></trkpt><trkpt lat="38.05587" lon="-119.58438000000001"><ele>2557.0570111610473</ele></trkpt><trkpt lat="38.05583" lon="-119.58434999999997"><ele>2558.422301044565</ele></trkpt><trkpt lat="38.05583" lon="-119.58422999999999"><ele>2560.721426452921</ele></trkpt><trkpt lat="38.05581" lon="-119.58420999999998"><ele>2561.799789577387</ele></trkpt><trkpt lat="38.05555" lon="-119.58411000000001"><ele>2573.0</ele></trkpt><trkpt lat="38.05543" lon="-119.58415000000002"><ele>2574.0</ele></trkpt><trkpt lat="38.05517" lon="-119.58434"><ele>2577.180655984537</ele></trkpt><trkpt lat="38.05479" lon="-119.58431000000002"><ele>2588.0432913769037</ele></trkpt><trkpt lat="38.0547" lon="-119.58443"><ele>2592.0</ele></trkpt><trkpt lat="38.05465" lon="-119.58445"><ele>2593.0</ele></trkpt><trkpt lat="38.0546" lon="-119.58443"><ele>2594.4207548131235</ele></trkpt><trkpt lat="38.05452" lon="-119.58429000000001"><ele>2600.007944977161</ele></trkpt><trkpt lat="38.05449" lon="-119.58416"><ele>2602.942683110691</ele></trkpt><trkpt lat="38.05444" lon="-119.58413999999999"><ele>2605.2672792114145</ele></trkpt><trkpt lat="38.05438" lon="-119.58443"><ele>2607.308983327821</ele></trkpt><trkpt lat="38.05431" lon="-119.58451000000002"><ele>2608.182609662972</ele></trkpt><trkpt lat="38.05426" lon="-119.58452999999997"><ele>2609.0</ele></trkpt><trkpt lat="38.05422" lon="-119.58428000000004"><ele>2613.0</ele></trkpt><trkpt lat="38.05419" lon="-119.58425999999997"><ele>2613.5785182492345</ele></trkpt><trkpt lat="38.05411" lon="-119.58434"><ele>2617.194426321834</ele></trkpt><trkpt lat="38.05407" lon="-119.58434"><ele>2617.887664592751</ele></trkpt><trkpt lat="38.05399" lon="-119.58416"><ele>2619.0</ele></trkpt><trkpt lat="38.05395" lon="-119.58392000000003"><ele>2621.6824694720967</ele></trkpt><trkpt lat="38.05389" lon="-119.58386999999999"><ele>2624.0</ele></trkpt><trkpt lat="38.05374" lon="-119.58401000000003"><ele>2626.1868649199605</ele></trkpt><trkpt lat="38.05358" lon="-119.58398"><ele>2630.0</ele></trkpt><trkpt lat="38.05352" lon="-119.58401000000003"><ele>2631.4405287199174</ele></trkpt><trkpt lat="38.05349" lon="-119.58404000000002"><ele>2632.692312890198</ele></trkpt><trkpt lat="38.05348" lon="-119.58425"><ele>2633.0</ele></trkpt><trkpt lat="38.05344" lon="-119.58431000000002"><ele>2633.9420079048723</ele></trkpt><trkpt lat="38.05337" lon="-119.58431999999999"><ele>2635.0848641302437</ele></trkpt><trkpt lat="38.05331" lon="-119.58429000000001"><ele>2637.0</ele></trkpt><trkpt lat="38.05319" lon="-119.58437000000004"><ele>2640.7379048019648</ele></trkpt><trkpt lat="38.05304" lon="-119.58443"><ele>2645.0</ele></trkpt><trkpt lat="38.05299" lon="-119.58442000000002"><ele>2646.2307516692226</ele></trkpt><trkpt lat="38.05293" lon="-119.58437000000004"><ele>2647.0</ele></trkpt><trkpt lat="38.05287" lon="-119.58436"><ele>2648.0</ele></trkpt><trkpt lat="38.05276" lon="-119.58420999999998"><ele>2650.499930298833</ele></trkpt><trkpt lat="38.05271" lon="-119.58386999999999"><ele>2653.0335917167076</ele></trkpt><trkpt lat="38.05262" lon="-119.58377000000002"><ele>2655.1094008898363</ele></trkpt><trkpt lat="38.05236" lon="-119.58377999999999"><ele>2658.0</ele></trkpt><trkpt lat="38.05225" lon="-119.58384000000001"><ele>2659.137515069105</ele></trkpt><trkpt lat="38.05211" lon="-119.58386999999999"><ele>2659.344401312992</ele></trkpt><trkpt lat="38.05201" lon="-119.58384000000001"><ele>2658.0</ele></trkpt><trkpt lat="38.05193" lon="-119.58384999999998"><ele>2657.0</ele></trkpt><trkpt lat="38.05188" lon="-119.58380999999997"><ele>2657.0</ele></trkpt><trkpt lat="38.0519" lon="-119.58361000000002"><ele>2654.652860445436</ele></trkpt><trkpt lat="38.05181" lon="-119.58339999999998"><ele>2649.0</ele></trkpt><trkpt lat="38.05155" lon="-119.58319"><ele>2644.0160682635333</ele></trkpt><trkpt lat="38.05129" lon="-119.58314000000001"><ele>2644.1850697565824</ele></trkpt><trkpt lat="38.05117" lon="-119.58299999999997"><ele>2643.0</ele></trkpt><trkpt lat="38.05109" lon="-119.58298000000002"><ele>2641.292732445989</ele></trkpt><trkpt lat="38.05083" lon="-119.58258000000001"><ele>2634.0</ele></trkpt><trkpt lat="38.05077" lon="-119.58245999999997"><ele>2633.0</ele></trkpt><trkpt lat="38.05065" lon="-119.58233999999999"><ele>2631.0</ele></trkpt><trkpt lat="38.05062" lon="-119.5824"><ele>2629.780112590677</ele></trkpt><trkpt lat="38.0506" lon="-119.58254999999997"><ele>2626.7314697380125</ele></trkpt><trkpt lat="38.05064" lon="-119.58267999999998"><ele>2625.0351142301224</ele></trkpt><trkpt lat="38.05062" lon="-119.58275000000003"><ele>2623.6434881443934</ele></trkpt><trkpt lat="38.05054" lon="-119.58272999999997"><ele>2622.0</ele></trkpt><trkpt lat="38.05048" lon="-119.58267999999998"><ele>2621.0</ele></trkpt><trkpt lat="38.05044" lon="-119.58269000000001"><ele>2620.0</ele></trkpt><trkpt lat="38.05043" lon="-119.58281"><ele>2618.0</ele></trkpt><trkpt lat="38.05039" lon="-119.58284000000003"><ele>2617.5515024103224</ele></trkpt><trkpt lat="38.0503" lon="-119.58280000000002"><ele>2616.0</ele></trkpt><trkpt lat="38.05027" lon="-119.58281999999997"><ele>2615.07367453426</ele></trkpt><trkpt lat="38.05018" lon="-119.58303000000001"><ele>2613.0</ele></trkpt><trkpt lat="38.05012" lon="-119.58303999999998"><ele>2612.0</ele></trkpt><trkpt lat="38.05006" lon="-119.58299999999997"><ele>2611.0</ele></trkpt><trkpt lat="38.04999" lon="-119.58302000000003"><ele>2609.9810312642926</ele></trkpt><trkpt lat="38.04992" lon="-119.58312000000001"><ele>2608.0</ele></trkpt><trkpt lat="38.0498" lon="-119.58319"><ele>2607.0</ele></trkpt><trkpt lat="38.04971" lon="-119.58321000000001"><ele>2605.3164170960276</ele></trkpt><trkpt lat="38.04953" lon="-119.58339000000001"><ele>2604.4001173335128</ele></trkpt><trkpt lat="38.04947" lon="-119.58338000000003"><ele>2603.0</ele></trkpt><trkpt lat="38.04939" lon="-119.58330999999998"><ele>2602.0</ele></trkpt><trkpt lat="38.04921" lon="-119.58328"><ele>2600.0</ele></trkpt><trkpt lat="38.04916" lon="-119.58332999999999"><ele>2598.3007119740423</ele></trkpt><trkpt lat="38.04917" lon="-119.58339999999998"><ele>2598.304029776249</ele></trkpt><trkpt lat="38.04901" lon="-119.58382"><ele>2594.0</ele></trkpt><trkpt lat="38.04903" lon="-119.58391"><ele>2594.4078270179143</ele></trkpt><trkpt lat="38.04901" lon="-119.58404999999999"><ele>2593.0</ele></trkpt><trkpt lat="38.04889" lon="-119.58420000000001"><ele>2593.148853333667</ele></trkpt><trkpt lat="38.04881" lon="-119.58420000000001"><ele>2592.148853333667</ele></trkpt><trkpt lat="38.04871" lon="-119.58427"><ele>2591.052697264623</ele></trkpt><trkpt lat="38.04863" lon="-119.58424000000002"><ele>2590.0</ele></trkpt><trkpt lat="38.04861" lon="-119.58420000000001"><ele>2589.0</ele></trkpt><trkpt lat="38.04857" lon="-119.58419000000004"><ele>2588.682819557842</ele></trkpt><trkpt lat="38.04843" lon="-119.58431000000002"><ele>2586.679547073</ele></trkpt><trkpt lat="38.04834" lon="-119.58433000000002"><ele>2584.4389870972373</ele></trkpt><trkpt lat="38.04831" lon="-119.58431000000002"><ele>2583.2752248900943</ele></trkpt><trkpt lat="38.04832" lon="-119.58404000000002"><ele>2578.692312890198</ele></trkpt><trkpt lat="38.0483" lon="-119.58402000000001"><ele>2577.7602453338914</ele></trkpt><trkpt lat="38.04826" lon="-119.58401000000003"><ele>2576.58842311427</ele></trkpt><trkpt lat="38.04817" lon="-119.58411000000001"><ele>2576.125729544554</ele></trkpt><trkpt lat="38.04809" lon="-119.58413999999999"><ele>2573.1540478826187</ele></trkpt><trkpt lat="38.04809" lon="-119.58413999999999"><ele>2573.1540478826187</ele></trkpt><trkpt lat="38.04802" lon="-119.58407"><ele>2568.09041422233</ele></trkpt><trkpt lat="38.04807" lon="-119.58389999999997"><ele>2564.421081453562</ele></trkpt><trkpt lat="38.04806" lon="-119.58379000000002"><ele>2563.0274292211525</ele></trkpt><trkpt lat="38.048" lon="-119.58368999999999"><ele>2561.1106891352683</ele></trkpt><trkpt lat="38.0479" lon="-119.58359999999999"><ele>2558.1567506422116</ele></trkpt><trkpt lat="38.04757" lon="-119.58343000000002"><ele>2549.399416479282</ele></trkpt><trkpt lat="38.04724" lon="-119.58311000000003"><ele>2548.0472893780725</ele></trkpt><trkpt lat="38.04718" lon="-119.58298000000002"><ele>2546.0</ele></trkpt><trkpt lat="38.04696" lon="-119.58293000000003"><ele>2545.564664101228</ele></trkpt><trkpt lat="38.04691" lon="-119.58281999999997"><ele>2544.0</ele></trkpt><trkpt lat="38.04684" lon="-119.58281"><ele>2542.4632559325546</ele></trkpt><trkpt lat="38.04679" lon="-119.58269000000001"><ele>2542.0</ele></trkpt><trkpt lat="38.04673" lon="-119.58263"><ele>2541.0</ele></trkpt><trkpt lat="38.04671" lon="-119.58257000000003"><ele>2540.812692573453</ele></trkpt><trkpt lat="38.04674" lon="-119.58240999999998"><ele>2541.0</ele></trkpt><trkpt lat="38.04676551944232" lon="-119.5823564091711"><ele>2541.0556214489043</ele></trkpt><trkpt lat="38.0467726709084" lon="-119.58234139112392"><ele>2541.254452701798</ele></trkpt><trkpt lat="38.04684" lon="-119.5822"><ele>2542.0</ele></trkpt><trkpt lat="38.04689" lon="-119.582"><ele>2542.0</ele></trkpt><trkpt lat="38.04689" lon="-119.58191999999997"><ele>2542.483914078339</ele></trkpt><trkpt lat="38.04687" lon="-119.58185000000003"><ele>2543.088066089155</ele></trkpt><trkpt lat="38.0468" lon="-119.58182"><ele>2541.306558008123</ele></trkpt><trkpt lat="38.04678" lon="-119.58173999999997"><ele>2539.4604247623606</ele></trkpt><trkpt lat="38.04669" lon="-119.58159999999998"><ele>2538.586512092501</ele></trkpt><trkpt lat="38.04652" lon="-119.5815"><ele>2535.319733333774</ele></trkpt><trkpt lat="38.0465" lon="-119.58125999999999"><ele>2531.0</ele></trkpt><trkpt lat="38.04644" lon="-119.58116000000001"><ele>2529.474584889598</ele></trkpt><trkpt lat="38.04649" lon="-119.58103"><ele>2528.7508819289505</ele></trkpt><trkpt lat="38.04645" lon="-119.58095000000003"><ele>2527.1197808062843</ele></trkpt><trkpt lat="38.04637" lon="-119.58091000000002"><ele>2525.0</ele></trkpt><trkpt lat="38.04635" lon="-119.58077000000003"><ele>2523.4659600518644</ele></trkpt><trkpt lat="38.0463" lon="-119.58071999999999"><ele>2522.015668930083</ele></trkpt><trkpt lat="38.04624" lon="-119.58071999999999"><ele>2519.9563896935433</ele></trkpt><trkpt lat="38.0462" lon="-119.58078"><ele>2519.354576956015</ele></trkpt><trkpt lat="38.04611" lon="-119.58078999999998"><ele>2517.4337043547703</ele></trkpt><trkpt lat="38.04605" lon="-119.58073000000002"><ele>2516.0</ele></trkpt><trkpt lat="38.04602" lon="-119.58024999999998"><ele>2512.9372783135623</ele></trkpt><trkpt lat="38.04603" lon="-119.57972999999998"><ele>2513.0</ele></trkpt><trkpt lat="38.04599" lon="-119.57965000000002"><ele>2513.0</ele></trkpt><trkpt lat="38.04593" lon="-119.57963000000001"><ele>2512.0</ele></trkpt><trkpt lat="38.04583" lon="-119.57981000000001"><ele>2508.6935317851603</ele></trkpt><trkpt lat="38.04575" lon="-119.57984999999996"><ele>2505.976581422694</ele></trkpt><trkpt lat="38.04567" lon="-119.57974999999999"><ele>2504.0</ele></trkpt><trkpt lat="38.04566" lon="-119.57959"><ele>2501.307281778194</ele></trkpt><trkpt lat="38.0456" lon="-119.57947999999999"><ele>2498.2486651377562</ele></trkpt><trkpt lat="38.04556" lon="-119.57947000000001"><ele>2497.5115844487727</ele></trkpt><trkpt lat="38.04553" lon="-119.5795"><ele>2496.112977777142</ele></trkpt><trkpt lat="38.04548" lon="-119.57947000000001"><ele>2495.0</ele></trkpt><trkpt lat="38.04552" lon="-119.57927000000001"><ele>2492.742735194508</ele></trkpt><trkpt lat="38.04552" lon="-119.57918000000001"><ele>2491.0</ele></trkpt><trkpt lat="38.04551" lon="-119.57913000000002"><ele>2489.7250743181803</ele></trkpt><trkpt lat="38.04544" lon="-119.57907"><ele>2487.0735253333114</ele></trkpt><trkpt lat="38.04537" lon="-119.57889"><ele>2483.0</ele></trkpt><trkpt lat="38.04537" lon="-119.57878"><ele>2482.0</ele></trkpt><trkpt lat="38.0454" lon="-119.57871"><ele>2482.0</ele></trkpt><trkpt lat="38.04536" lon="-119.57853999999998"><ele>2479.0</ele></trkpt><trkpt lat="38.04537" lon="-119.57835999999998"><ele>2475.9921463779633</ele></trkpt><trkpt lat="38.04534" lon="-119.57830000000001"><ele>2474.0</ele></trkpt><trkpt lat="38.04536" lon="-119.57808"><ele>2472.992353177193</ele></trkpt><trkpt lat="38.04532" lon="-119.57776999999999"><ele>2468.751256019412</ele></trkpt><trkpt lat="38.04538" lon="-119.57756"><ele>2468.0</ele></trkpt><trkpt lat="38.04539" lon="-119.57738999999998"><ele>2466.6554939597845</ele></trkpt><trkpt lat="38.04535" lon="-119.57727999999997"><ele>2465.288407370448</ele></trkpt><trkpt lat="38.04536" lon="-119.57717000000002"><ele>2464.0</ele></trkpt><trkpt lat="38.04543" lon="-119.57702"><ele>2465.012117436387</ele></trkpt><trkpt lat="38.04546" lon="-119.57686000000001"><ele>2462.0</ele></trkpt><trkpt lat="38.04544" lon="-119.57659999999998"><ele>2459.577536236495</ele></trkpt><trkpt lat="38.04557" lon="-119.57627000000002"><ele>2457.30739961192</ele></trkpt><trkpt lat="38.04554" lon="-119.57603"><ele>2452.718900395672</ele></trkpt><trkpt lat="38.04558" lon="-119.57577000000003"><ele>2449.8991729151458</ele></trkpt><trkpt lat="38.04553" lon="-119.57564000000002"><ele>2446.2105719782867</ele></trkpt><trkpt lat="38.04554" lon="-119.57549"><ele>2443.6413080604025</ele></trkpt><trkpt lat="38.0455" lon="-119.57549"><ele>2443.2334328889847</ele></trkpt><trkpt lat="38.04549" lon="-119.57541000000003"><ele>2440.0783787579276</ele></trkpt><trkpt lat="38.04547" lon="-119.5754"><ele>2439.0391288893297</ele></trkpt><trkpt lat="38.04541" lon="-119.57547999999997"><ele>2438.445474587381</ele></trkpt><trkpt lat="38.04538" lon="-119.57547"><ele>2435.3650875249878</ele></trkpt><trkpt lat="38.0454" lon="-119.5754"><ele>2435.2767194629564</ele></trkpt><trkpt lat="38.04538" lon="-119.57537000000002"><ele>2434.0</ele></trkpt><trkpt lat="38.04529" lon="-119.57551000000001"><ele>2431.737779915333</ele></trkpt><trkpt lat="38.04524" lon="-119.57553999999999"><ele>2428.778925921768</ele></trkpt><trkpt lat="38.04522" lon="-119.57544999999999"><ele>2427.0</ele></trkpt><trkpt lat="38.04521" lon="-119.5752"><ele>2423.002596847017</ele></trkpt><trkpt lat="38.04521" lon="-119.5752"><ele>2423.002596847017</ele></trkpt><trkpt lat="38.04501" lon="-119.57508000000001"><ele>2420.0</ele></trkpt><trkpt lat="38.04495" lon="-119.57490999999999"><ele>2420.0</ele></trkpt><trkpt lat="38.045" lon="-119.57456000000002"><ele>2421.0</ele></trkpt><trkpt lat="38.04501" lon="-119.57432"><ele>2422.0</ele></trkpt><trkpt lat="38.04514" lon="-119.57403999999997"><ele>2423.0</ele></trkpt><trkpt lat="38.04529" lon="-119.57391000000001"><ele>2423.0</ele></trkpt><trkpt lat="38.04544" lon="-119.57369"><ele>2424.0</ele></trkpt><trkpt lat="38.04564" lon="-119.57319999999999"><ele>2425.4498144369572</ele></trkpt><trkpt lat="38.04563" lon="-119.57301999999999"><ele>2427.0</ele></trkpt><trkpt lat="38.04549" lon="-119.57283000000001"><ele>2427.0</ele></trkpt><trkpt lat="38.04526" lon="-119.57265999999998"><ele>2425.0</ele></trkpt><trkpt lat="38.04485" lon="-119.57256999999998"><ele>2426.0</ele></trkpt><trkpt lat="38.044749640925495" lon="-119.57258672651244"><ele>2426.0</ele></trkpt><trkpt lat="38.044749640925495" lon="-119.57258672651244"><ele>2426.0</ele></trkpt><trkpt lat="38.04449" lon="-119.57263"><ele>2427.603641487658</ele></trkpt><trkpt lat="38.0444" lon="-119.57268999999997"><ele>2429.929519025609</ele></trkpt><trkpt lat="38.04424" lon="-119.57272999999998"><ele>2431.1558661633003</ele></trkpt><trkpt lat="38.04412" lon="-119.57267999999999"><ele>2435.7220586673357</ele></trkpt><trkpt lat="38.04408" lon="-119.57241999999997"><ele>2440.0</ele></trkpt><trkpt lat="38.04414" lon="-119.57218"><ele>2440.307861884659</ele></trkpt><trkpt lat="38.04439" lon="-119.57168000000001"><ele>2444.169644418794</ele></trkpt><trkpt lat="38.04451" lon="-119.57148999999998"><ele>2446.5245374103783</ele></trkpt><trkpt lat="38.04473" lon="-119.57099"><ele>2445.401269380003</ele></trkpt><trkpt lat="38.04479" lon="-119.57036"><ele>2444.0</ele></trkpt><trkpt lat="38.04489" lon="-119.57002999999997"><ele>2442.206201116727</ele></trkpt><trkpt lat="38.04488" lon="-119.56983000000002"><ele>2442.0</ele></trkpt><trkpt lat="38.04472" lon="-119.56941"><ele>2442.9991983945247</ele></trkpt><trkpt lat="38.04474" lon="-119.56921"><ele>2443.54326193284</ele></trkpt><trkpt lat="38.0448" lon="-119.56905"><ele>2444.0</ele></trkpt><trkpt lat="38.04491" lon="-119.5686"><ele>2445.0</ele></trkpt><trkpt lat="38.04503" lon="-119.56831"><ele>2445.0</ele></trkpt><trkpt lat="38.04509" lon="-119.56795"><ele>2447.0</ele></trkpt><trkpt lat="38.04509" lon="-119.56768"><ele>2452.836571484804</ele></trkpt><trkpt lat="38.04515" lon="-119.56747999999999"><ele>2453.5143919610027</ele></trkpt><trkpt lat="38.04518" lon="-119.56725"><ele>2456.0</ele></trkpt><trkpt lat="38.04523" lon="-119.56711000000001"><ele>2456.187155365944</ele></trkpt><trkpt lat="38.04524" lon="-119.56700000000001"><ele>2455.221074078232</ele></trkpt><trkpt lat="38.04515" lon="-119.56699000000003"><ele>2459.0</ele></trkpt><trkpt lat="38.045" lon="-119.56723999999997"><ele>2462.0</ele></trkpt><trkpt lat="38.04493" lon="-119.56722000000002"><ele>2463.5659237299114</ele></trkpt><trkpt lat="38.0449" lon="-119.56669"><ele>2466.0</ele></trkpt><trkpt lat="38.04492" lon="-119.56653"><ele>2467.4380389095895</ele></trkpt><trkpt lat="38.04501" lon="-119.56630999999999"><ele>2470.0</ele></trkpt><trkpt lat="38.04511" lon="-119.56579999999997"><ele>2473.0</ele></trkpt><trkpt lat="38.04521" lon="-119.56560999999999"><ele>2472.2108024555237</ele></trkpt><trkpt lat="38.04529" lon="-119.56506999999999"><ele>2471.0</ele></trkpt><trkpt lat="38.04542" lon="-119.56489999999997"><ele>2467.8723347953096</ele></trkpt><trkpt lat="38.04547" lon="-119.56462999999997"><ele>2466.0</ele></trkpt><trkpt lat="38.04547" lon="-119.56439999999998"><ele>2465.843362642263</ele></trkpt><trkpt lat="38.04537" lon="-119.56369000000001"><ele>2467.0</ele></trkpt><trkpt lat="38.04545" lon="-119.56331"><ele>2467.0</ele></trkpt><trkpt lat="38.04551" lon="-119.56321000000003"><ele>2466.0</ele></trkpt><trkpt lat="38.04551" lon="-119.56229000000002"><ele>2472.2432385142893</ele></trkpt><trkpt lat="38.04541" lon="-119.56169"><ele>2471.1609622612596</ele></trkpt><trkpt lat="38.04543" lon="-119.56117999999998"><ele>2472.0</ele></trkpt><trkpt lat="38.04548" lon="-119.56105000000002"><ele>2471.0133484657717</ele></trkpt><trkpt lat="38.04555" lon="-119.56096000000002"><ele>2468.87614675425</ele></trkpt><trkpt lat="38.04558" lon="-119.56085999999999"><ele>2469.0</ele></trkpt><trkpt lat="38.04552" lon="-119.56034"><ele>2474.8077404443175</ele></trkpt><trkpt lat="38.04555" lon="-119.55977999999999"><ele>2476.0</ele></trkpt><trkpt lat="38.04549" lon="-119.55959000000001"><ele>2477.3244726154117</ele></trkpt><trkpt lat="38.04553" lon="-119.55926999999997"><ele>2478.6928530413443</ele></trkpt><trkpt lat="38.0456" lon="-119.55908999999997"><ele>2480.082719767466</ele></trkpt><trkpt lat="38.04559" lon="-119.55890999999997"><ele>2482.2796890343525</ele></trkpt><trkpt lat="38.04533767920776" lon="-119.55829722093313"><ele>2486.0</ele></trkpt><trkpt lat="38.04534315115368" lon="-119.55831050980896"><ele>2486.0</ele></trkpt><trkpt lat="38.04531" lon="-119.55822999999998"><ele>2487.0</ele></trkpt><trkpt lat="38.04529" lon="-119.55802"><ele>2491.0</ele></trkpt><trkpt lat="38.04524" lon="-119.55790999999999"><ele>2493.263095919948</ele></trkpt><trkpt lat="38.04522" lon="-119.55768999999998"><ele>2495.0</ele></trkpt><trkpt lat="38.04524" lon="-119.55689000000001"><ele>2500.221074078232</ele></trkpt><trkpt lat="38.04528" lon="-119.55677000000003"><ele>2500.0</ele></trkpt><trkpt lat="38.04531" lon="-119.55656999999997"><ele>2498.0391442604355</ele></trkpt><trkpt lat="38.04531" lon="-119.55626000000001"><ele>2499.07867792435</ele></trkpt><trkpt lat="38.04527" lon="-119.55604"><ele>2501.4457619246095</ele></trkpt><trkpt lat="38.04522" lon="-119.55590000000001"><ele>2502.0</ele></trkpt><trkpt lat="38.0453" lon="-119.55570999999998"><ele>2502.0</ele></trkpt><trkpt lat="38.0453" lon="-119.55554000000001"><ele>2502.0</ele></trkpt><trkpt lat="38.04536" lon="-119.55532"><ele>2500.2433031112887</ele></trkpt><trkpt lat="38.04538" lon="-119.55455999999998"><ele>2509.0</ele></trkpt><trkpt lat="38.04523" lon="-119.55414000000002"><ele>2512.812844634056</ele></trkpt><trkpt lat="38.04509" lon="-119.55399999999997"><ele>2516.0</ele></trkpt><trkpt lat="38.04505" lon="-119.55389000000002"><ele>2516.3995271101594</ele></trkpt><trkpt lat="38.04503" lon="-119.55338"><ele>2520.0</ele></trkpt><trkpt lat="38.04508" lon="-119.55322000000001"><ele>2520.0</ele></trkpt><trkpt lat="38.04508" lon="-119.55322000000001"><ele>2520.0</ele></trkpt><trkpt lat="38.04512" lon="-119.55288999999999"><ele>2522.0</ele></trkpt><trkpt lat="38.0451" lon="-119.55263000000002"><ele>2524.0</ele></trkpt><trkpt lat="38.04504" lon="-119.55237"><ele>2527.0564698390663</ele></trkpt><trkpt lat="38.04505" lon="-119.55192999999997"><ele>2530.0</ele></trkpt><trkpt lat="38.04501" lon="-119.55189999999999"><ele>2531.0</ele></trkpt><trkpt lat="38.04497" lon="-119.55191000000002"><ele>2532.134068159562</ele></trkpt><trkpt lat="38.04489" lon="-119.55185"><ele>2534.9645155784056</ele></trkpt><trkpt lat="38.04485" lon="-119.5514"><ele>2541.0</ele></trkpt><trkpt lat="38.04479" lon="-119.55114000000003"><ele>2544.0</ele></trkpt><trkpt lat="38.0448" lon="-119.55069000000003"><ele>2544.258902080357</ele></trkpt><trkpt lat="38.04494" lon="-119.55043999999998"><ele>2541.0</ele></trkpt><trkpt lat="38.04495" lon="-119.55007"><ele>2543.0</ele></trkpt><trkpt lat="38.045" lon="-119.54994999999997"><ele>2542.0</ele></trkpt><trkpt lat="38.04512" lon="-119.54987"><ele>2540.0</ele></trkpt><trkpt lat="38.04517" lon="-119.54978"><ele>2539.0</ele></trkpt><trkpt lat="38.04518" lon="-119.54942"><ele>2538.0</ele></trkpt><trkpt lat="38.04529" lon="-119.54899999999998"><ele>2537.0</ele></trkpt><trkpt lat="38.04562" lon="-119.54867000000002"><ele>2531.757251101585</ele></trkpt><trkpt lat="38.04578" lon="-119.54844000000003"><ele>2535.102936501042</ele></trkpt><trkpt lat="38.04591" lon="-119.54786999999999"><ele>2533.0</ele></trkpt><trkpt lat="38.04591" lon="-119.54752000000002"><ele>2537.0</ele></trkpt><trkpt lat="38.04595" lon="-119.54739999999998"><ele>2537.0</ele></trkpt><trkpt lat="38.04604" lon="-119.54728"><ele>2537.0</ele></trkpt><trkpt lat="38.04605" lon="-119.54712999999998"><ele>2538.7126093804836</ele></trkpt><trkpt lat="38.04612" lon="-119.54685"><ele>2541.855051362887</ele></trkpt><trkpt lat="38.04616" lon="-119.54680000000002"><ele>2542.0</ele></trkpt><trkpt lat="38.04625" lon="-119.54678999999999"><ele>2543.0</ele></trkpt><trkpt lat="38.04639" lon="-119.54579000000001"><ele>2550.9057680302303</ele></trkpt><trkpt lat="38.04639" lon="-119.54502000000002"><ele>2550.0</ele></trkpt><trkpt lat="38.04623" lon="-119.54431"><ele>2556.6353889461607</ele></trkpt><trkpt lat="38.04631" lon="-119.54381999999998"><ele>2555.0</ele></trkpt><trkpt lat="38.04625" lon="-119.54309"><ele>2559.0</ele></trkpt><trkpt lat="38.04636" lon="-119.54244"><ele>2562.0</ele></trkpt><trkpt lat="38.04633" lon="-119.54227000000003"><ele>2563.980451318337</ele></trkpt><trkpt lat="38.04669" lon="-119.54118"><ele>2568.0</ele></trkpt><trkpt lat="38.04679" lon="-119.54075999999998"><ele>2570.0</ele></trkpt><trkpt lat="38.04681" lon="-119.54023999999998"><ele>2573.687905708328</ele></trkpt><trkpt lat="38.04681" lon="-119.54016000000001"><ele>2573.687905708328</ele></trkpt><trkpt lat="38.04658" lon="-119.53996000000001"><ele>2574.0</ele></trkpt><trkpt lat="38.04647" lon="-119.53969000000001"><ele>2577.0</ele></trkpt><trkpt lat="38.04643" lon="-119.53931999999998"><ele>2580.0</ele></trkpt><trkpt lat="38.04631" lon="-119.53890000000001"><ele>2583.0</ele></trkpt><trkpt lat="38.04631" lon="-119.53838000000002"><ele>2587.0</ele></trkpt><trkpt lat="38.04634" lon="-119.53805999999997"><ele>2590.0</ele></trkpt><trkpt lat="38.0465" lon="-119.53751999999997"><ele>2592.537774414859</ele></trkpt><trkpt lat="38.04664" lon="-119.53715999999997"><ele>2595.0</ele></trkpt><trkpt lat="38.04691" lon="-119.53674999999998"><ele>2598.071527051222</ele></trkpt><trkpt lat="38.04696" lon="-119.53655000000003"><ele>2600.0</ele></trkpt><trkpt lat="38.04697" lon="-119.53622000000001"><ele>2602.0</ele></trkpt><trkpt lat="38.04701" lon="-119.53584000000001"><ele>2606.0</ele></trkpt><trkpt lat="38.04701" lon="-119.53570000000002"><ele>2608.0547726034965</ele></trkpt><trkpt lat="38.04692" lon="-119.53568999999999"><ele>2611.917236817334</ele></trkpt><trkpt lat="38.04685" lon="-119.53575999999998"><ele>2613.9074657290134</ele></trkpt><trkpt lat="38.0468" lon="-119.53571999999997"><ele>2616.165320408275</ele></trkpt><trkpt lat="38.04677" lon="-119.53521"><ele>2624.0</ele></trkpt><trkpt lat="38.0469" lon="-119.53476"><ele>2629.923230757165</ele></trkpt><trkpt lat="38.04706" lon="-119.53448000000003"><ele>2632.0</ele></trkpt><trkpt lat="38.04705" lon="-119.53431999999998"><ele>2633.0</ele></trkpt><trkpt lat="38.04695" lon="-119.53417999999999"><ele>2636.952103111893</ele></trkpt><trkpt lat="38.04694" lon="-119.53399999999999"><ele>2641.5919629846903</ele></trkpt><trkpt lat="38.04707" lon="-119.53394000000003"><ele>2645.0742984768003</ele></trkpt><trkpt lat="38.04702" lon="-119.53388000000001"><ele>2645.933116443921</ele></trkpt><trkpt lat="38.04704" lon="-119.53379999999999"><ele>2647.960329344496</ele></trkpt><trkpt lat="38.04718" lon="-119.53366"><ele>2651.1858595553786</ele></trkpt><trkpt lat="38.04717" lon="-119.53361999999998"><ele>2652.0499946670607</ele></trkpt><trkpt lat="38.04718" lon="-119.53355999999997"><ele>2654.846197334584</ele></trkpt><trkpt lat="38.04726" lon="-119.53341999999998"><ele>2659.6889056651853</ele></trkpt><trkpt lat="38.04724" lon="-119.53332999999998"><ele>2661.0</ele></trkpt><trkpt lat="38.04718" lon="-119.53325999999998"><ele>2662.0</ele></trkpt><trkpt lat="38.047" lon="-119.53327000000002"><ele>2666.0681972596794</ele></trkpt><trkpt lat="38.04689" lon="-119.53319999999997"><ele>2669.360224067277</ele></trkpt><trkpt lat="38.0469" lon="-119.53307999999998"><ele>2671.2128061494363</ele></trkpt><trkpt lat="38.04732" lon="-119.53176000000002"><ele>2682.7673601279444</ele></trkpt><trkpt lat="38.04744" lon="-119.53159"><ele>2680.36452342945</ele></trkpt><trkpt lat="38.04759" lon="-119.53143999999998"><ele>2678.1527520548552</ele></trkpt><trkpt lat="38.04791" lon="-119.53125"><ele>2673.0</ele></trkpt><trkpt lat="38.04791" lon="-119.53125"><ele>2673.0</ele></trkpt><trkpt lat="38.04801" lon="-119.53111000000001"><ele>2669.290236797153</ele></trkpt><trkpt lat="38.04809" lon="-119.53115000000003"><ele>2667.0</ele></trkpt><trkpt lat="38.04809" lon="-119.53115000000003"><ele>2667.0</ele></trkpt><trkpt lat="38.04814" lon="-119.53114"><ele>2663.8347760858014</ele></trkpt><trkpt lat="38.0482" lon="-119.53096"><ele>2661.0676156823733</ele></trkpt><trkpt lat="38.0484" lon="-119.53055"><ele>2652.2175299655646</ele></trkpt><trkpt lat="38.04853" lon="-119.53039000000001"><ele>2651.524173328653</ele></trkpt><trkpt lat="38.04859" lon="-119.53016000000002"><ele>2649.973388735205</ele></trkpt><trkpt lat="38.0488" lon="-119.53001"><ele>2646.157241301223</ele></trkpt><trkpt lat="38.04881" lon="-119.52989000000002"><ele>2644.9593344594277</ele></trkpt><trkpt lat="38.04879" lon="-119.52976000000001"><ele>2644.1374190617353</ele></trkpt><trkpt lat="38.04889" lon="-119.52972"><ele>2643.1762328122336</ele></trkpt><trkpt lat="38.04904" lon="-119.52940000000001"><ele>2643.3424115050584</ele></trkpt><trkpt lat="38.04906" lon="-119.52933000000002"><ele>2643.1588087156415</ele></trkpt><trkpt lat="38.04902" lon="-119.52921000000003"><ele>2642.9551233057864</ele></trkpt><trkpt lat="38.04908" lon="-119.52917000000002"><ele>2640.4350257767364</ele></trkpt><trkpt lat="38.04924" lon="-119.52913999999998"><ele>2638.339496188797</ele></trkpt><trkpt lat="38.04931" lon="-119.52900999999997"><ele>2637.3637465890497</ele></trkpt><trkpt lat="38.04939" lon="-119.52876000000003"><ele>2637.6293160375208</ele></trkpt><trkpt lat="38.04956" lon="-119.52846"><ele>2636.0</ele></trkpt><trkpt lat="38.04977" lon="-119.52769"><ele>2641.54872515006</ele></trkpt><trkpt lat="38.04981" lon="-119.52742999999998"><ele>2643.7734707556665</ele></trkpt><trkpt lat="38.04991" lon="-119.52726000000001"><ele>2646.3028686712496</ele></trkpt><trkpt lat="38.05005" lon="-119.52643"><ele>2654.0</ele></trkpt><trkpt lat="38.05008" lon="-119.52600999999999"><ele>2659.0</ele></trkpt><trkpt lat="38.05013" lon="-119.52582999999998"><ele>2658.835588157177</ele></trkpt><trkpt lat="38.05011" lon="-119.52555000000001"><ele>2661.0026748121295</ele></trkpt><trkpt lat="38.05005" lon="-119.52531999999997"><ele>2664.0</ele></trkpt><trkpt lat="38.05008" lon="-119.52501000000001"><ele>2668.242425971609</ele></trkpt><trkpt lat="38.05013" lon="-119.52489000000003"><ele>2669.1812669067494</ele></trkpt><trkpt lat="38.05027" lon="-119.52483000000001"><ele>2671.0</ele></trkpt><trkpt lat="38.0503" lon="-119.52471000000003"><ele>2671.0</ele></trkpt><trkpt lat="38.05029" lon="-119.52458000000001"><ele>2672.0</ele></trkpt><trkpt lat="38.05021" lon="-119.52449999999999"><ele>2674.0</ele></trkpt><trkpt lat="38.05015" lon="-119.52422999999999"><ele>2673.0</ele></trkpt><trkpt lat="38.05009" lon="-119.52390000000003"><ele>2671.0</ele></trkpt><trkpt lat="38.05011" lon="-119.52363000000003"><ele>2671.0192082449794</ele></trkpt><trkpt lat="38.05047" lon="-119.52314000000001"><ele>2670.8436690846775</ele></trkpt><trkpt lat="38.05052" lon="-119.52298000000002"><ele>2672.9779277426314</ele></trkpt><trkpt lat="38.05055" lon="-119.52278999999999"><ele>2673.963811397196</ele></trkpt><trkpt lat="38.05048" lon="-119.52238999999997"><ele>2672.0</ele></trkpt><trkpt lat="38.05054" lon="-119.52197999999999"><ele>2675.0846170932055</ele></trkpt><trkpt lat="38.05054" lon="-119.52184999999997"><ele>2678.326644321686</ele></trkpt><trkpt lat="38.05059" lon="-119.52163000000002"><ele>2680.9319453329194</ele></trkpt><trkpt lat="38.05065" lon="-119.52152999999998"><ele>2680.091097962735</ele></trkpt><trkpt lat="38.05064" lon="-119.52143999999998"><ele>2683.0</ele></trkpt><trkpt lat="38.05075" lon="-119.52062999999998"><ele>2681.5710770394653</ele></trkpt><trkpt lat="38.05096" lon="-119.51992000000001"><ele>2677.8621705507576</ele></trkpt><trkpt lat="38.05101" lon="-119.51983000000001"><ele>2678.5371828459884</ele></trkpt><trkpt lat="38.05105" lon="-119.51959999999997"><ele>2679.818065654952</ele></trkpt><trkpt lat="38.05119" lon="-119.51927"><ele>2684.8282437434673</ele></trkpt><trkpt lat="38.05131" lon="-119.51889"><ele>2692.03618856762</ele></trkpt><trkpt lat="38.05137" lon="-119.51882999999998"><ele>2692.3874874160974</ele></trkpt><trkpt lat="38.05139" lon="-119.51835"><ele>2700.266870683059</ele></trkpt><trkpt lat="38.05144" lon="-119.51819"><ele>2701.447881889064</ele></trkpt><trkpt lat="38.05142" lon="-119.51809000000003"><ele>2705.2918609376065</ele></trkpt><trkpt lat="38.05142" lon="-119.51809000000003"><ele>2705.2918609376065</ele></trkpt><trkpt lat="38.05107" lon="-119.51855"><ele>2716.2050792556256</ele></trkpt><trkpt lat="38.05045" lon="-119.51925"><ele>2732.0</ele></trkpt><trkpt lat="38.05035" lon="-119.51945999999998"><ele>2737.8242539686657</ele></trkpt><trkpt lat="38.05029" lon="-119.51938000000001"><ele>2740.0</ele></trkpt><trkpt lat="38.05025" lon="-119.51940000000002"><ele>2741.733860841021</ele></trkpt><trkpt lat="38.05015" lon="-119.51959"><ele>2749.172820788882</ele></trkpt><trkpt lat="38.05012" lon="-119.51959"><ele>2749.591916151039</ele></trkpt><trkpt lat="38.05011" lon="-119.51954"><ele>2749.0192082449794</ele></trkpt><trkpt lat="38.05003" lon="-119.51958000000002"><ele>2751.0</ele></trkpt><trkpt lat="38.04985" lon="-119.51980000000003"><ele>2755.529232838723</ele></trkpt><trkpt lat="38.04961" lon="-119.51999999999998"><ele>2760.2119999993593</ele></trkpt><trkpt lat="38.04931" lon="-119.52033"><ele>2766.5911146667786</ele></trkpt><trkpt lat="38.04925" lon="-119.52035000000001"><ele>2766.5215152713577</ele></trkpt><trkpt lat="38.04916" lon="-119.52052000000003"><ele>2767.8556894809008</ele></trkpt><trkpt lat="38.0491" lon="-119.52057000000002"><ele>2766.1460243170277</ele></trkpt><trkpt lat="38.04896" lon="-119.52064000000001"><ele>2764.0352302131128</ele></trkpt><trkpt lat="38.04892" lon="-119.52062000000001"><ele>2764.0</ele></trkpt><trkpt lat="38.0489" lon="-119.52048000000002"><ele>2768.0</ele></trkpt><trkpt lat="38.04877" lon="-119.52044000000001"><ele>2771.0</ele></trkpt><trkpt lat="38.04849" lon="-119.52055000000001"><ele>2770.1391791554497</ele></trkpt><trkpt lat="38.04826" lon="-119.52070000000003"><ele>2773.0</ele></trkpt><trkpt lat="38.04815" lon="-119.52071999999998"><ele>2773.0</ele></trkpt><trkpt lat="38.0481" lon="-119.52070000000003"><ele>2773.160894694039</ele></trkpt><trkpt lat="38.04809" lon="-119.52066000000002"><ele>2775.029770665802</ele></trkpt><trkpt lat="38.04809" lon="-119.52066000000002"><ele>2775.029770665802</ele></trkpt><trkpt lat="38.04801" lon="-119.52058999999997"><ele>2779.086877348684</ele></trkpt><trkpt lat="38.04784" lon="-119.52067"><ele>2785.4362631109543</ele></trkpt><trkpt lat="38.04778" lon="-119.52062999999998"><ele>2786.0</ele></trkpt><trkpt lat="38.04779" lon="-119.52053000000001"><ele>2787.7110135039784</ele></trkpt><trkpt lat="38.04787" lon="-119.52044999999998"><ele>2788.0</ele></trkpt><trkpt lat="38.04787" lon="-119.5204"><ele>2787.9387904857404</ele></trkpt><trkpt lat="38.04772" lon="-119.52015"><ele>2788.0</ele></trkpt><trkpt lat="38.0476" lon="-119.52003000000002"><ele>2787.342243923172</ele></trkpt><trkpt lat="38.04738" lon="-119.52001000000001"><ele>2789.356067556888</ele></trkpt><trkpt lat="38.04705" lon="-119.52007000000003"><ele>2791.0518208291455</ele></trkpt><trkpt lat="38.04693" lon="-119.52001999999999"><ele>2792.0</ele></trkpt><trkpt lat="38.04686" lon="-119.52001999999999"><ele>2791.093186230285</ele></trkpt><trkpt lat="38.04673" lon="-119.51994000000002"><ele>2789.0</ele></trkpt><trkpt lat="38.04627" lon="-119.51998000000003"><ele>2787.7317260932177</ele></trkpt><trkpt lat="38.04621" lon="-119.51992999999999"><ele>2786.0</ele></trkpt><trkpt lat="38.04615" lon="-119.51995"><ele>2783.6303848549724</ele></trkpt><trkpt lat="38.04596" lon="-119.52024"><ele>2774.3866183627397</ele></trkpt><trkpt lat="38.04595" lon="-119.52034000000003"><ele>2771.9882755384588</ele></trkpt><trkpt lat="38.04599" lon="-119.52051"><ele>2769.0032838730885</ele></trkpt><trkpt lat="38.04609" lon="-119.52066000000002"><ele>2767.0</ele></trkpt><trkpt lat="38.0461" lon="-119.52071000000001"><ele>2766.0</ele></trkpt><trkpt lat="38.04595" lon="-119.52096"><ele>2765.0</ele></trkpt><trkpt lat="38.04559" lon="-119.52118000000002"><ele>2766.390800236769</ele></trkpt><trkpt lat="38.04543" lon="-119.5215"><ele>2768.0</ele></trkpt><trkpt lat="38.04541" lon="-119.52157999999997"><ele>2767.129768188162</ele></trkpt><trkpt lat="38.04545" lon="-119.52174000000002"><ele>2766.937775151876</ele></trkpt><trkpt lat="38.04539" lon="-119.52192000000002"><ele>2768.3445060402155</ele></trkpt><trkpt lat="38.04529" lon="-119.52197000000001"><ele>2772.0</ele></trkpt><trkpt lat="38.04526" lon="-119.52224000000001"><ele>2773.0</ele></trkpt><trkpt lat="38.04518" lon="-119.52235999999999"><ele>2775.0</ele></trkpt><trkpt lat="38.04517" lon="-119.52244000000002"><ele>2775.0</ele></trkpt><trkpt lat="38.04508" lon="-119.52262999999999"><ele>2773.310606725514</ele></trkpt><trkpt lat="38.04497" lon="-119.52269999999999"><ele>2773.0</ele></trkpt><trkpt lat="38.04488" lon="-119.52269999999999"><ele>2773.0</ele></trkpt><trkpt lat="38.04475" lon="-119.52265"><ele>2775.0</ele></trkpt><trkpt lat="38.04459" lon="-119.52251000000001"><ele>2777.0</ele></trkpt><trkpt lat="38.04446" lon="-119.52249999999998"><ele>2779.0</ele></trkpt><trkpt lat="38.04446" lon="-119.52249999999998"><ele>2779.0</ele></trkpt><trkpt lat="38.04442" lon="-119.52249999999998"><ele>2780.0</ele></trkpt><trkpt lat="38.04438" lon="-119.52255000000002"><ele>2781.1579381536644</ele></trkpt><trkpt lat="38.04427" lon="-119.52294"><ele>2777.377558309585</ele></trkpt><trkpt lat="38.04421" lon="-119.52305000000001"><ele>2774.8269832246006</ele></trkpt><trkpt lat="38.04403" lon="-119.52300000000002"><ele>2772.0</ele></trkpt><trkpt lat="38.04391" lon="-119.52305000000001"><ele>2772.0</ele></trkpt><trkpt lat="38.04382" lon="-119.52303999999998"><ele>2772.7769404999426</ele></trkpt><trkpt lat="38.04333" lon="-119.52292999999997"><ele>2779.0</ele></trkpt><trkpt lat="38.0433" lon="-119.52296000000001"><ele>2779.865050629247</ele></trkpt><trkpt lat="38.04326" lon="-119.52308"><ele>2781.0</ele></trkpt><trkpt lat="38.04303" lon="-119.52319"><ele>2781.8767751110718</ele></trkpt><trkpt lat="38.04304" lon="-119.52300000000002"><ele>2780.2048345720395</ele></trkpt><trkpt lat="38.04303" lon="-119.52296000000001"><ele>2778.157998222392</ele></trkpt><trkpt lat="38.04299" lon="-119.52296000000001"><ele>2777.6325875539333</ele></trkpt><trkpt lat="38.04296" lon="-119.52303"><ele>2778.495176103459</ele></trkpt><trkpt lat="38.04287" lon="-119.52305000000001"><ele>2773.0</ele></trkpt><trkpt lat="38.042819501125166" lon="-119.52309734269517"><ele>2772.3034975033815</ele></trkpt><trkpt lat="38.04276783612991" lon="-119.52314577866599"><ele>2771.4860069043934</ele></trkpt><trkpt lat="38.04271" lon="-119.52319999999997"><ele>2770.3845745025105</ele></trkpt><trkpt lat="38.04266" lon="-119.52321"><ele>2769.0</ele></trkpt><trkpt lat="38.04257" lon="-119.52346999999997"><ele>2768.0</ele></trkpt><trkpt lat="38.04243" lon="-119.52368000000001"><ele>2765.142226035042</ele></trkpt><trkpt lat="38.04241" lon="-119.52377999999999"><ele>2765.5678895915726</ele></trkpt><trkpt lat="38.0423" lon="-119.52386999999999"><ele>2762.3689355263487</ele></trkpt><trkpt lat="38.04219" lon="-119.52382999999998"><ele>2758.78987336568</ele></trkpt><trkpt lat="38.04214" lon="-119.52386000000001"><ele>2758.0</ele></trkpt><trkpt lat="38.04202" lon="-119.524"><ele>2755.23298381269</ele></trkpt><trkpt lat="38.04199" lon="-119.52411999999998"><ele>2752.5575018080817</ele></trkpt><trkpt lat="38.04195" lon="-119.52420000000001"><ele>2754.0739208981395</ele></trkpt><trkpt lat="38.04176" lon="-119.52426000000003"><ele>2745.6292879814296</ele></trkpt><trkpt lat="38.04161" lon="-119.52435000000003"><ele>2743.9100202912414</ele></trkpt><trkpt lat="38.04126" lon="-119.52472999999998"><ele>2741.7393703293055</ele></trkpt><trkpt lat="38.04108" lon="-119.52480000000003"><ele>2742.0917866653763</ele></trkpt><trkpt lat="38.04062" lon="-119.52481999999998"><ele>2744.5129615895667</ele></trkpt><trkpt lat="38.04012" lon="-119.52539999999999"><ele>2755.0</ele></trkpt><trkpt lat="38.04003" lon="-119.52546000000001"><ele>2755.7955829180023</ele></trkpt><trkpt lat="38.04001" lon="-119.52555000000001"><ele>2753.0</ele></trkpt><trkpt lat="38.03984" lon="-119.52562999999998"><ele>2751.1381757972254</ele></trkpt><trkpt lat="38.03977" lon="-119.52573000000001"><ele>2751.0</ele></trkpt><trkpt lat="38.03968" lon="-119.52575000000002"><ele>2749.58554397244</ele></trkpt><trkpt lat="38.03967" lon="-119.52580999999998"><ele>2747.1936946537917</ele></trkpt><trkpt lat="38.03974" lon="-119.52589999999998"><ele>2746.710698979487</ele></trkpt><trkpt lat="38.03993" lon="-119.52598999999998"><ele>2742.6337671116926</ele></trkpt><trkpt lat="38.03997" lon="-119.52607"><ele>2742.0</ele></trkpt><trkpt lat="38.03999" lon="-119.52618999999999"><ele>2742.721505247035</ele></trkpt><trkpt lat="38.03994" lon="-119.52647000000002"><ele>2742.0</ele></trkpt><trkpt lat="38.03984" lon="-119.52665000000002"><ele>2743.0</ele></trkpt><trkpt lat="38.03979" lon="-119.52668"><ele>2742.6543137582366</ele></trkpt><trkpt lat="38.0396" lon="-119.5267"><ele>2742.9819136756046</ele></trkpt><trkpt lat="38.03947" lon="-119.52669000000003"><ele>2742.0</ele></trkpt><trkpt lat="38.0394" lon="-119.52661999999998"><ele>2742.5820480258335</ele></trkpt><trkpt lat="38.03935" lon="-119.52663000000001"><ele>2744.0</ele></trkpt><trkpt lat="38.03913" lon="-119.52710000000002"><ele>2743.095982222818</ele></trkpt><trkpt lat="38.03873" lon="-119.52753999999999"><ele>2743.0</ele></trkpt><trkpt lat="38.03845" lon="-119.52773000000002"><ele>2742.4561102231964</ele></trkpt><trkpt lat="38.03828" lon="-119.52774999999997"><ele>2743.3881777762435</ele></trkpt><trkpt lat="38.03804" lon="-119.52798000000001"><ele>2740.077546835077</ele></trkpt><trkpt lat="38.03793" lon="-119.52814000000001"><ele>2738.343202529475</ele></trkpt><trkpt lat="38.03784" lon="-119.52816999999999"><ele>2735.856601520778</ele></trkpt><trkpt lat="38.03773" lon="-119.52832000000001"><ele>2733.0</ele></trkpt><trkpt lat="38.03763" lon="-119.52832000000001"><ele>2730.0</ele></trkpt><trkpt lat="38.0375" lon="-119.52846999999997"><ele>2729.0</ele></trkpt><trkpt lat="38.03748" lon="-119.52850999999998"><ele>2727.113880510383</ele></trkpt><trkpt lat="38.0375" lon="-119.52859000000001"><ele>2726.0</ele></trkpt><trkpt lat="38.03739" lon="-119.52875"><ele>2724.0</ele></trkpt><trkpt lat="38.03734" lon="-119.52895000000001"><ele>2723.827630204157</ele></trkpt><trkpt lat="38.03711" lon="-119.52904000000001"><ele>2720.0</ele></trkpt><trkpt lat="38.03703" lon="-119.52899000000002"><ele>2719.2072505276387</ele></trkpt><trkpt lat="38.03698" lon="-119.52888999999999"><ele>2717.003982130438</ele></trkpt><trkpt lat="38.03692" lon="-119.52886999999998"><ele>2715.7727430010373</ele></trkpt><trkpt lat="38.03656" lon="-119.52891999999997"><ele>2707.08587022312</ele></trkpt><trkpt lat="38.03656" lon="-119.52899000000002"><ele>2703.8505281719213</ele></trkpt><trkpt lat="38.03664" lon="-119.52904000000001"><ele>2703.435769517422</ele></trkpt><trkpt lat="38.03666" lon="-119.52909"><ele>2702.22144721694</ele></trkpt><trkpt lat="38.03665" lon="-119.5292"><ele>2699.4777991268784</ele></trkpt><trkpt lat="38.03662" lon="-119.52922000000001"><ele>2697.1048568878323</ele></trkpt><trkpt lat="38.0365" lon="-119.52921000000003"><ele>2695.173181144055</ele></trkpt><trkpt lat="38.03647" lon="-119.52924000000002"><ele>2693.172789332457</ele></trkpt><trkpt lat="38.03658" lon="-119.52936999999997"><ele>2691.6333762364056</ele></trkpt><trkpt lat="38.03656" lon="-119.52945"><ele>2688.386080000084</ele></trkpt><trkpt lat="38.03658" lon="-119.52966000000004"><ele>2686.0</ele></trkpt><trkpt lat="38.03665" lon="-119.52990999999997"><ele>2680.94852622319</ele></trkpt><trkpt lat="38.03662" lon="-119.53005999999999"><ele>2679.0</ele></trkpt><trkpt lat="38.03658" lon="-119.53017"><ele>2677.8316480000503</ele></trkpt><trkpt lat="38.0365" lon="-119.53030999999999"><ele>2677.0</ele></trkpt><trkpt lat="38.03625" lon="-119.53035"><ele>2675.4510353790397</ele></trkpt><trkpt lat="38.03617" lon="-119.53039000000001"><ele>2675.0</ele></trkpt><trkpt lat="38.03615" lon="-119.53046"><ele>2673.9267748738494</ele></trkpt><trkpt lat="38.03634" lon="-119.53084000000001"><ele>2666.0</ele></trkpt><trkpt lat="38.03638" lon="-119.53105"><ele>2663.0</ele></trkpt><trkpt lat="38.03646" lon="-119.53125"><ele>2660.5</ele></trkpt><trkpt lat="38.03646" lon="-119.53125"><ele>2660.5</ele></trkpt><trkpt lat="38.03662" lon="-119.53151000000003"><ele>2656.085817717947</ele></trkpt><trkpt lat="38.03661" lon="-119.53156999999999"><ele>2655.110995043069</ele></trkpt><trkpt lat="38.03644" lon="-119.53158000000002"><ele>2651.120885332115</ele></trkpt><trkpt lat="38.03634" lon="-119.53161"><ele>2648.9625477590607</ele></trkpt><trkpt lat="38.03634" lon="-119.53168"><ele>2646.927119275578</ele></trkpt><trkpt lat="38.03641" lon="-119.53178000000003"><ele>2642.378766230364</ele></trkpt><trkpt lat="38.03648" lon="-119.53176000000002"><ele>2642.464554664679</ele></trkpt><trkpt lat="38.03656" lon="-119.53179"><ele>2640.334175999742</ele></trkpt><trkpt lat="38.03654" lon="-119.53183000000001"><ele>2638.47004088806</ele></trkpt><trkpt lat="38.03643" lon="-119.53187000000003"><ele>2637.6059057763778</ele></trkpt><trkpt lat="38.03646" lon="-119.53192000000001"><ele>2635.2757368879393</ele></trkpt><trkpt lat="38.03655" lon="-119.53194000000002"><ele>2633.343669332098</ele></trkpt><trkpt lat="38.03656" lon="-119.53197999999998"><ele>2632.47953422321</ele></trkpt><trkpt lat="38.03629" lon="-119.53214000000003"><ele>2625.022993776016</ele></trkpt><trkpt lat="38.03616" lon="-119.53235000000001"><ele>2619.2362844441086</ele></trkpt><trkpt lat="38.03619" lon="-119.53249"><ele>2615.0</ele></trkpt><trkpt lat="38.03617" lon="-119.53260999999998"><ele>2613.119406223297</ele></trkpt><trkpt lat="38.03621" lon="-119.53273000000002"><ele>2611.527000887785</ele></trkpt><trkpt lat="38.0362" lon="-119.53278"><ele>2610.1968319998123</ele></trkpt><trkpt lat="38.03611" lon="-119.53283999999996"><ele>2607.4006293346174</ele></trkpt><trkpt lat="38.03602" lon="-119.53300999999999"><ele>2602.582853802341</ele></trkpt><trkpt lat="38.03587" lon="-119.53298999999998"><ele>2603.276688161226</ele></trkpt><trkpt lat="38.03559" lon="-119.53287"><ele>2602.9974719998427</ele></trkpt><trkpt lat="38.03529" lon="-119.53287"><ele>2595.009695313032</ele></trkpt><trkpt lat="38.03513" lon="-119.53291999999999"><ele>2593.0</ele></trkpt><trkpt lat="38.03492" lon="-119.53313000000003"><ele>2594.0</ele></trkpt><trkpt lat="38.03489" lon="-119.53314"><ele>2594.8028770413507</ele></trkpt><trkpt lat="38.03479" lon="-119.53310999999997"><ele>2596.922935135458</ele></trkpt><trkpt lat="38.03475" lon="-119.53313000000003"><ele>2597.943967271596</ele></trkpt><trkpt lat="38.03462" lon="-119.53327999999999"><ele>2598.0</ele></trkpt><trkpt lat="38.03455" lon="-119.53327999999999"><ele>2598.800980835951</ele></trkpt><trkpt lat="38.03447" lon="-119.53323"><ele>2598.774688000325</ele></trkpt><trkpt lat="38.03434" lon="-119.53327999999999"><ele>2596.0</ele></trkpt><trkpt lat="38.03426" lon="-119.53321"><ele>2594.063523903489</ele></trkpt><trkpt lat="38.03404" lon="-119.53325000000001"><ele>2590.293244443834</ele></trkpt><trkpt lat="38.03366" lon="-119.53327999999999"><ele>2583.895143111702</ele></trkpt><trkpt lat="38.03326" lon="-119.53295000000003"><ele>2575.9243343824014</ele></trkpt><trkpt lat="38.03295" lon="-119.53283999999996"><ele>2568.0</ele></trkpt><trkpt lat="38.03293" lon="-119.53276"><ele>2568.0</ele></trkpt><trkpt lat="38.03282" lon="-119.53262000000001"><ele>2566.0</ele></trkpt><trkpt lat="38.03275" lon="-119.53248000000002"><ele>2566.0</ele></trkpt><trkpt lat="38.03273" lon="-119.53237000000001"><ele>2566.0</ele></trkpt><trkpt lat="38.03265" lon="-119.53231"><ele>2562.9802965853687</ele></trkpt><trkpt lat="38.03264" lon="-119.53219999999999"><ele>2561.821315873795</ele></trkpt><trkpt lat="38.03256" lon="-119.53201000000001"><ele>2559.0</ele></trkpt><trkpt lat="38.03251" lon="-119.53195"><ele>2559.0</ele></trkpt><trkpt lat="38.03228" lon="-119.53186"><ele>2555.0</ele></trkpt><trkpt lat="38.03206" lon="-119.5317"><ele>2551.0</ele></trkpt><trkpt lat="38.03196" lon="-119.53154999999998"><ele>2548.0</ele></trkpt><trkpt lat="38.03193" lon="-119.53143999999998"><ele>2546.4861915061747</ele></trkpt><trkpt lat="38.03177" lon="-119.53125"><ele>2541.368620671332</ele></trkpt><trkpt lat="38.03177" lon="-119.53125"><ele>2541.368620671332</ele></trkpt><trkpt lat="38.03139" lon="-119.53078"><ele>2537.0</ele></trkpt><trkpt lat="38.03134" lon="-119.53062999999997"><ele>2537.0</ele></trkpt><trkpt lat="38.03133" lon="-119.53048999999999"><ele>2536.0</ele></trkpt><trkpt lat="38.03137" lon="-119.53041999999999"><ele>2535.8320037571625</ele></trkpt><trkpt lat="38.03124" lon="-119.53026999999997"><ele>2533.064974789394</ele></trkpt><trkpt lat="38.03107" lon="-119.53019"><ele>2530.3211159538478</ele></trkpt><trkpt lat="38.03103" lon="-119.53014999999999"><ele>2530.0</ele></trkpt><trkpt lat="38.03079" lon="-119.52975000000004"><ele>2529.305734845613</ele></trkpt><trkpt lat="38.03079" lon="-119.52975000000004"><ele>2529.305734845613</ele></trkpt><trkpt lat="38.03062" lon="-119.52971000000002"><ele>2528.918343808238</ele></trkpt><trkpt lat="38.03058" lon="-119.52972"><ele>2528.3300636615604</ele></trkpt><trkpt lat="38.0305" lon="-119.52980000000002"><ele>2524.627044163483</ele></trkpt><trkpt lat="38.03054" lon="-119.52994999999999"><ele>2523.0</ele></trkpt><trkpt lat="38.0305" lon="-119.53001"><ele>2522.0</ele></trkpt><trkpt lat="38.03039" lon="-119.53001"><ele>2520.0886873994023</ele></trkpt><trkpt lat="38.03017" lon="-119.52994000000001"><ele>2517.0</ele></trkpt><trkpt lat="38.02994" lon="-119.52972"><ele>2513.56989670889</ele></trkpt><trkpt lat="38.02984" lon="-119.52972999999997"><ele>2511.3632675007775</ele></trkpt><trkpt lat="38.02979" lon="-119.52969999999999"><ele>2508.8913925327793</ele></trkpt><trkpt lat="38.02982" lon="-119.52951000000002"><ele>2506.149585495189</ele></trkpt><trkpt lat="38.02994" lon="-119.52940000000001"><ele>2504.2837511119433</ele></trkpt><trkpt lat="38.03001" lon="-119.52927999999997"><ele>2502.606022341177</ele></trkpt><trkpt lat="38.03004" lon="-119.52913999999998"><ele>2501.5478382287547</ele></trkpt><trkpt lat="38.03005" lon="-119.52897999999999"><ele>2496.9726131726056</ele></trkpt><trkpt lat="38.02997" lon="-119.52872000000002"><ele>2494.0</ele></trkpt><trkpt lat="38.02998" lon="-119.52841000000001"><ele>2492.1464071120135</ele></trkpt><trkpt lat="38.03006" lon="-119.52812"><ele>2490.0</ele></trkpt><trkpt lat="38.03021" lon="-119.52792"><ele>2487.7497414136305</ele></trkpt><trkpt lat="38.03028" lon="-119.52774999999997"><ele>2485.2253509878556</ele></trkpt><trkpt lat="38.03033" lon="-119.52768000000003"><ele>2484.6647264985368</ele></trkpt><trkpt lat="38.03035" lon="-119.52760999999998"><ele>2483.0</ele></trkpt><trkpt lat="38.03033" lon="-119.52753999999999"><ele>2482.0</ele></trkpt><trkpt lat="38.03026" lon="-119.52744999999999"><ele>2482.0</ele></trkpt><trkpt lat="38.03022" lon="-119.52742"><ele>2482.0087854299823</ele></trkpt><trkpt lat="38.03011" lon="-119.52741000000003"><ele>2481.2837338262725</ele></trkpt><trkpt lat="38.03" lon="-119.52737000000002"><ele>2479.0143748354167</ele></trkpt><trkpt lat="38.02988" lon="-119.52719000000002"><ele>2476.2654989932444</ele></trkpt><trkpt lat="38.02982" lon="-119.52715"><ele>2476.0</ele></trkpt><trkpt lat="38.02957" lon="-119.52728000000002"><ele>2470.0</ele></trkpt><trkpt lat="38.02944" lon="-119.52731"><ele>2467.8826915556565</ele></trkpt><trkpt lat="38.02936" lon="-119.52728000000002"><ele>2466.0722535974146</ele></trkpt><trkpt lat="38.02913" lon="-119.52711"><ele>2466.0</ele></trkpt><trkpt lat="38.02886" lon="-119.52695"><ele>2460.507274615304</ele></trkpt><trkpt lat="38.02881" lon="-119.52697999999998"><ele>2458.3022711974913</ele></trkpt><trkpt lat="38.0288" lon="-119.52702"><ele>2456.6322880005464</ele></trkpt><trkpt lat="38.02884" lon="-119.52711"><ele>2455.383812243119</ele></trkpt><trkpt lat="38.02884" lon="-119.52720999999997"><ele>2454.383812243119</ele></trkpt><trkpt lat="38.02881" lon="-119.52720999999997"><ele>2454.0</ele></trkpt><trkpt lat="38.0288" lon="-119.52717000000001"><ele>2453.3692961357347</ele></trkpt><trkpt lat="38.02867" lon="-119.52714000000003"><ele>2451.973118137324</ele></trkpt><trkpt lat="38.0285" lon="-119.52706"><ele>2447.2681636326015</ele></trkpt><trkpt lat="38.02837" lon="-119.52693"><ele>2443.0</ele></trkpt><trkpt lat="38.02816" lon="-119.52688999999998"><ele>2437.0</ele></trkpt><trkpt lat="38.02803" lon="-119.52696000000003"><ele>2437.3078198830535</ele></trkpt><trkpt lat="38.02793" lon="-119.52695"><ele>2438.105475555174</ele></trkpt><trkpt lat="38.02735" lon="-119.52659"><ele>2430.0</ele></trkpt><trkpt lat="38.02729" lon="-119.52656000000002"><ele>2428.930158223491</ele></trkpt><trkpt lat="38.02712" lon="-119.52656000000002"><ele>2424.6495667513304</ele></trkpt><trkpt lat="38.02707" lon="-119.52652"><ele>2423.0</ele></trkpt><trkpt lat="38.02697" lon="-119.52633000000003"><ele>2418.0</ele></trkpt><trkpt lat="38.02696" lon="-119.52611000000002"><ele>2413.0</ele></trkpt><trkpt lat="38.0267" lon="-119.52580999999998"><ele>2408.0</ele></trkpt><trkpt lat="38.02653" lon="-119.52546000000001"><ele>2401.666442667134</ele></trkpt><trkpt lat="38.02652" lon="-119.52530999999999"><ele>2397.7167509209066</ele></trkpt><trkpt lat="38.02645" lon="-119.52530999999999"><ele>2397.6759359994903</ele></trkpt><trkpt lat="38.0264" lon="-119.52526"><ele>2397.3365971690887</ele></trkpt><trkpt lat="38.02624" lon="-119.52483999999998"><ele>2389.1116900596885</ele></trkpt><trkpt lat="38.02589" lon="-119.52436"><ele>2380.0</ele></trkpt><trkpt lat="38.0259" lon="-119.52433000000002"><ele>2379.0046257786453</ele></trkpt><trkpt lat="38.02598" lon="-119.52429000000001"><ele>2378.1153963223614</ele></trkpt><trkpt lat="38.02599" lon="-119.52425"><ele>2376.276355555281</ele></trkpt><trkpt lat="38.02597" lon="-119.52422000000001"><ele>2375.3627151798605</ele></trkpt><trkpt lat="38.02574" lon="-119.52418"><ele>2371.0141191110015</ele></trkpt><trkpt lat="38.02563" lon="-119.52409999999998"><ele>2368.134961756341</ele></trkpt><trkpt lat="38.02554" lon="-119.52409"><ele>2365.819815110881</ele></trkpt><trkpt lat="38.02553" lon="-119.52404999999999"><ele>2364.0</ele></trkpt><trkpt lat="38.02561" lon="-119.52393000000001"><ele>2362.5472370502403</ele></trkpt><trkpt lat="38.02557" lon="-119.52389"><ele>2360.4604423256756</ele></trkpt><trkpt lat="38.02557" lon="-119.52389"><ele>2360.4604423256756</ele></trkpt><trkpt lat="38.02561" lon="-119.52393000000001"><ele>2362.5472370502403</ele></trkpt><trkpt lat="38.02561" lon="-119.52393000000001"><ele>2362.5472370502403</ele></trkpt><trkpt lat="38.02557" lon="-119.52389"><ele>2360.4604423256756</ele></trkpt><trkpt lat="38.02547" lon="-119.52390000000003"><ele>2358.9651733348146</ele></trkpt><trkpt lat="38.02547" lon="-119.52382"><ele>2357.001506526841</ele></trkpt><trkpt lat="38.02552" lon="-119.52364999999998"><ele>2355.0</ele></trkpt><trkpt lat="38.0255" lon="-119.52346999999997"><ele>2353.941973732006</ele></trkpt><trkpt lat="38.02546" lon="-119.52337999999997"><ele>2352.0</ele></trkpt><trkpt lat="38.02546" lon="-119.52332999999999"><ele>2351.0</ele></trkpt><trkpt lat="38.0256" lon="-119.52323000000001"><ele>2347.7409102232195</ele></trkpt><trkpt lat="38.02561" lon="-119.52319"><ele>2345.8767751110718</ele></trkpt><trkpt lat="38.02525" lon="-119.52271000000002"><ele>2335.0045951358643</ele></trkpt><trkpt lat="38.02508" lon="-119.52217000000002"><ele>2326.0226655888696</ele></trkpt><trkpt lat="38.02499" lon="-119.52204999999998"><ele>2324.7489244434983</ele></trkpt><trkpt lat="38.0247" lon="-119.52181999999999"><ele>2319.030147555284</ele></trkpt><trkpt lat="38.02433" lon="-119.52172999999999"><ele>2318.4707832446975</ele></trkpt><trkpt lat="38.02426" lon="-119.52166999999997"><ele>2317.0</ele></trkpt><trkpt lat="38.02407" lon="-119.52132"><ele>2316.0</ele></trkpt><trkpt lat="38.02396" lon="-119.52123"><ele>2316.0</ele></trkpt><trkpt lat="38.02385" lon="-119.52098000000001"><ele>2316.0</ele></trkpt><trkpt lat="38.02365" lon="-119.52082000000001"><ele>2315.857238765798</ele></trkpt><trkpt lat="38.02358" lon="-119.52066000000002"><ele>2316.0</ele></trkpt><trkpt lat="38.02314" lon="-119.52040999999997"><ele>2315.0</ele></trkpt><trkpt lat="38.02314" lon="-119.52040999999997"><ele>2315.0</ele></trkpt><trkpt lat="38.02322" lon="-119.52026000000001"><ele>2315.0</ele></trkpt><trkpt lat="38.02318" lon="-119.52017000000001"><ele>2315.134574222844</ele></trkpt><trkpt lat="38.0231" lon="-119.52010000000001"><ele>2315.0259348897025</ele></trkpt><trkpt lat="38.02305" lon="-119.51999999999998"><ele>2315.0</ele></trkpt><trkpt lat="38.02295" lon="-119.51995999999997"><ele>2315.0</ele></trkpt><trkpt lat="38.02285" lon="-119.51974999999999"><ele>2315.0</ele></trkpt><trkpt lat="38.02253" lon="-119.51938000000001"><ele>2315.0</ele></trkpt><trkpt lat="38.02249" lon="-119.51923"><ele>2314.0</ele></trkpt><trkpt lat="38.0222" lon="-119.51925"><ele>2316.0</ele></trkpt><trkpt lat="38.02178" lon="-119.51940000000002"><ele>2315.0</ele></trkpt><trkpt lat="38.02148" lon="-119.51923"><ele>2315.0</ele></trkpt><trkpt lat="38.0212" lon="-119.51914"><ele>2316.0</ele></trkpt><trkpt lat="38.02112" lon="-119.51917000000003"><ele>2316.689059419043</ele></trkpt><trkpt lat="38.02093" lon="-119.51905"><ele>2322.5766607839614</ele></trkpt><trkpt lat="38.02088" lon="-119.51899000000003"><ele>2324.0</ele></trkpt><trkpt lat="38.02087" lon="-119.5188"><ele>2328.1261047013104</ele></trkpt><trkpt lat="38.02078" lon="-119.51864"><ele>2332.450265130028</ele></trkpt><trkpt lat="38.02078" lon="-119.51837"><ele>2332.0</ele></trkpt><trkpt lat="38.02074" lon="-119.51823999999999"><ele>2333.0</ele></trkpt><trkpt lat="38.02067" lon="-119.51815999999997"><ele>2334.0</ele></trkpt><trkpt lat="38.02061" lon="-119.51815999999997"><ele>2335.234122519822</ele></trkpt><trkpt lat="38.02056" lon="-119.51819"><ele>2337.399719814214</ele></trkpt><trkpt lat="38.02056" lon="-119.51830999999999"><ele>2341.0</ele></trkpt><trkpt lat="38.02052" lon="-119.51839000000001"><ele>2344.0</ele></trkpt><trkpt lat="38.02034" lon="-119.51848000000001"><ele>2346.804844786316</ele></trkpt><trkpt lat="38.02028" lon="-119.51841000000002"><ele>2349.025569677757</ele></trkpt><trkpt lat="38.02015" lon="-119.51833999999997"><ele>2351.0</ele></trkpt><trkpt lat="38.01989" lon="-119.51832000000002"><ele>2351.0</ele></trkpt><trkpt lat="38.0198" lon="-119.51827000000003"><ele>2350.249397867734</ele></trkpt><trkpt lat="38.01975" lon="-119.51796000000002"><ele>2346.0</ele></trkpt><trkpt lat="38.01961" lon="-119.51767000000001"><ele>2342.1688056236853</ele></trkpt><trkpt lat="38.01955" lon="-119.51767000000001"><ele>2343.0</ele></trkpt><trkpt lat="38.01949" lon="-119.51781"><ele>2343.150602666661</ele></trkpt><trkpt lat="38.01944" lon="-119.51785999999998"><ele>2343.145215350554</ele></trkpt><trkpt lat="38.01937" lon="-119.51778999999999"><ele>2344.9696800378474</ele></trkpt><trkpt lat="38.01931" lon="-119.51761999999997"><ele>2349.0</ele></trkpt><trkpt lat="38.01921" lon="-119.51758000000001"><ele>2351.1408762517253</ele></trkpt><trkpt lat="38.01919" lon="-119.51742999999999"><ele>2353.0</ele></trkpt><trkpt lat="38.01912" lon="-119.51725999999996"><ele>2357.1683075083924</ele></trkpt><trkpt lat="38.01913" lon="-119.51708000000002"><ele>2360.0</ele></trkpt><trkpt lat="38.01907" lon="-119.51693999999998"><ele>2363.7626226588905</ele></trkpt><trkpt lat="38.01908" lon="-119.51683000000003"><ele>2366.0085977412805</ele></trkpt><trkpt lat="38.01913" lon="-119.51673"><ele>2368.0106299267936</ele></trkpt><trkpt lat="38.01912" lon="-119.51668999999998"><ele>2369.02937966096</ele></trkpt><trkpt lat="38.01909" lon="-119.51668000000001"><ele>2370.0</ele></trkpt><trkpt lat="38.01901" lon="-119.51682"><ele>2369.144166068174</ele></trkpt><trkpt lat="38.01888" lon="-119.51688999999999"><ele>2372.958036970228</ele></trkpt><trkpt lat="38.01879" lon="-119.51684"><ele>2375.0</ele></trkpt><trkpt lat="38.01875" lon="-119.51674000000003"><ele>2376.8466977556172</ele></trkpt><trkpt lat="38.01889" lon="-119.51611000000003"><ele>2388.0</ele></trkpt><trkpt lat="38.01898" lon="-119.51593000000003"><ele>2389.4322593558786</ele></trkpt><trkpt lat="38.01897" lon="-119.51587"><ele>2390.259950221982</ele></trkpt><trkpt lat="38.01891" lon="-119.51582000000002"><ele>2393.0730079952627</ele></trkpt><trkpt lat="38.01889" lon="-119.51564000000002"><ele>2395.2561236787587</ele></trkpt><trkpt lat="38.019" lon="-119.51513999999997"><ele>2400.2804160011</ele></trkpt><trkpt lat="38.01901" lon="-119.51492000000002"><ele>2403.533159109764</ele></trkpt><trkpt lat="38.01905" lon="-119.51477"><ele>2406.9005362571647</ele></trkpt><trkpt lat="38.01904" lon="-119.51470999999998"><ele>2409.0</ele></trkpt><trkpt lat="38.01891" lon="-119.51468"><ele>2412.0524175341507</ele></trkpt><trkpt lat="38.01878" lon="-119.51481000000001"><ele>2415.9193953034965</ele></trkpt><trkpt lat="38.01868" lon="-119.51483000000002"><ele>2418.67881885916</ele></trkpt><trkpt lat="38.01853" lon="-119.51497"><ele>2422.552150765434</ele></trkpt><trkpt lat="38.01847" lon="-119.51497999999998"><ele>2424.3378287472347</ele></trkpt><trkpt lat="38.0185" lon="-119.51472000000001"><ele>2427.279045947524</ele></trkpt><trkpt lat="38.01848" lon="-119.51459999999997"><ele>2430.0</ele></trkpt><trkpt lat="38.01844" lon="-119.51454999999999"><ele>2431.876141190529</ele></trkpt><trkpt lat="38.01841" lon="-119.51454999999999"><ele>2433.650803213939</ele></trkpt><trkpt lat="38.01834" lon="-119.51468"><ele>2436.9412470246607</ele></trkpt><trkpt lat="38.01814" lon="-119.51483999999999"><ele>2444.0</ele></trkpt><trkpt lat="38.01812" lon="-119.51479"><ele>2444.8058319780976</ele></trkpt><trkpt lat="38.0181" lon="-119.51449000000002"><ele>2447.0</ele></trkpt><trkpt lat="38.01805" lon="-119.51441999999997"><ele>2448.946690818295</ele></trkpt><trkpt lat="38.01797" lon="-119.51459999999997"><ele>2452.6790960822254</ele></trkpt><trkpt lat="38.01794" lon="-119.51472999999999"><ele>2455.2777833401947</ele></trkpt><trkpt lat="38.01792" lon="-119.51477"><ele>2457.3033519002615</ele></trkpt><trkpt lat="38.01789" lon="-119.51476000000002"><ele>2457.4175580290657</ele></trkpt><trkpt lat="38.01782" lon="-119.51452999999998"><ele>2459.0</ele></trkpt><trkpt lat="38.01782" lon="-119.51432"><ele>2459.7740158867687</ele></trkpt><trkpt lat="38.01771" lon="-119.51416999999998"><ele>2462.0</ele></trkpt><trkpt lat="38.01745" lon="-119.51369999999997"><ele>2469.0</ele></trkpt><trkpt lat="38.01728" lon="-119.51354000000003"><ele>2471.076454103356</ele></trkpt><trkpt lat="38.01724" lon="-119.51345000000003"><ele>2472.0055349476793</ele></trkpt><trkpt lat="38.01721" lon="-119.51328000000001"><ele>2472.0</ele></trkpt><trkpt lat="38.01727" lon="-119.51314000000002"><ele>2472.4445821548143</ele></trkpt><trkpt lat="38.01721" lon="-119.51297999999997"><ele>2474.0</ele></trkpt><trkpt lat="38.01713" lon="-119.51291000000003"><ele>2475.0760030992174</ele></trkpt><trkpt lat="38.01702" lon="-119.51292999999998"><ele>2476.8760136663914</ele></trkpt><trkpt lat="38.01689" lon="-119.51276999999999"><ele>2480.0</ele></trkpt><trkpt lat="38.01688" lon="-119.51263"><ele>2482.0401721176663</ele></trkpt><trkpt lat="38.0169" lon="-119.51254"><ele>2483.011445632754</ele></trkpt><trkpt lat="38.01697" lon="-119.51240000000001"><ele>2486.0</ele></trkpt><trkpt lat="38.01698" lon="-119.51219000000003"><ele>2488.76038044272</ele></trkpt><trkpt lat="38.01667" lon="-119.51155"><ele>2497.586542222183</ele></trkpt><trkpt lat="38.01671" lon="-119.51130999999998"><ele>2501.0</ele></trkpt><trkpt lat="38.01665" lon="-119.51129000000003"><ele>2501.0</ele></trkpt><trkpt lat="38.0165" lon="-119.51107000000002"><ele>2503.9561635544524</ele></trkpt><trkpt lat="38.01636" lon="-119.51094"><ele>2508.9188563741345</ele></trkpt><trkpt lat="38.01633" lon="-119.51066000000003"><ele>2512.0</ele></trkpt><trkpt lat="38.0163" lon="-119.51053000000002"><ele>2513.0</ele></trkpt><trkpt lat="38.01621" lon="-119.51035000000002"><ele>2514.7907049227506</ele></trkpt><trkpt lat="38.01599" lon="-119.51022999999998"><ele>2513.195519760251</ele></trkpt><trkpt lat="38.01589" lon="-119.51004999999998"><ele>2512.0</ele></trkpt><trkpt lat="38.01587" lon="-119.50997999999998"><ele>2512.0</ele></trkpt><trkpt lat="38.01587" lon="-119.50991999999997"><ele>2512.0</ele></trkpt><trkpt lat="38.01598" lon="-119.50977"><ele>2510.0</ele></trkpt><trkpt lat="38.01597" lon="-119.50963000000002"><ele>2512.0</ele></trkpt><trkpt lat="38.01606" lon="-119.50927999999999"><ele>2513.0</ele></trkpt><trkpt lat="38.01606" lon="-119.50927999999999"><ele>2513.0</ele></trkpt><trkpt lat="38.0161" lon="-119.50905"><ele>2514.0</ele></trkpt><trkpt lat="38.01618" lon="-119.50882000000001"><ele>2515.0</ele></trkpt><trkpt lat="38.01612" lon="-119.50858"><ele>2514.0</ele></trkpt><trkpt lat="38.01616" lon="-119.50833"><ele>2515.2516154386103</ele></trkpt><trkpt lat="38.01615" lon="-119.50814000000003"><ele>2515.0</ele></trkpt><trkpt lat="38.01617" lon="-119.50801000000001"><ele>2515.8431512024254</ele></trkpt><trkpt lat="38.01622" lon="-119.50788"><ele>2516.3035641607103</ele></trkpt><trkpt lat="38.01646" lon="-119.50751000000002"><ele>2519.0</ele></trkpt><trkpt lat="38.0165" lon="-119.50738000000001"><ele>2519.0</ele></trkpt><trkpt lat="38.01645" lon="-119.50720999999999"><ele>2519.0</ele></trkpt><trkpt lat="38.01623" lon="-119.50704999999999"><ele>2523.0</ele></trkpt><trkpt lat="38.01618" lon="-119.50698"><ele>2525.5639786664397</ele></trkpt><trkpt lat="38.01621" lon="-119.50659999999999"><ele>2533.0</ele></trkpt><trkpt lat="38.0163" lon="-119.50650999999999"><ele>2534.5331235099584</ele></trkpt><trkpt lat="38.01639" lon="-119.50646999999998"><ele>2535.0</ele></trkpt><trkpt lat="38.01646" lon="-119.50632000000002"><ele>2537.0</ele></trkpt><trkpt lat="38.01646" lon="-119.50626"><ele>2538.118410666473</ele></trkpt><trkpt lat="38.01638" lon="-119.50619"><ele>2540.3806471107528</ele></trkpt><trkpt lat="38.01639" lon="-119.50616000000002"><ele>2541.0</ele></trkpt><trkpt lat="38.01651" lon="-119.50612999999998"><ele>2544.3458147584706</ele></trkpt><trkpt lat="38.01653" lon="-119.5061"><ele>2546.7134436517954</ele></trkpt><trkpt lat="38.01643" lon="-119.5059"><ele>2555.199822781582</ele></trkpt><trkpt lat="38.01634" lon="-119.50539000000003"><ele>2561.9660897105477</ele></trkpt><trkpt lat="38.01641" lon="-119.50521000000003"><ele>2564.0020800497396</ele></trkpt><trkpt lat="38.01642" lon="-119.50513000000001"><ele>2565.492769558152</ele></trkpt><trkpt lat="38.01638" lon="-119.50502"><ele>2565.024790551878</ele></trkpt><trkpt lat="38.0164" lon="-119.50495000000001"><ele>2563.906886533973</ele></trkpt><trkpt lat="38.0164" lon="-119.50490000000002"><ele>2563.4484961051494</ele></trkpt><trkpt lat="38.01636" lon="-119.50484"><ele>2562.3775532096624</ele></trkpt><trkpt lat="38.0161" lon="-119.50477000000001"><ele>2558.4425564445555</ele></trkpt><trkpt lat="38.01594" lon="-119.50466"><ele>2554.4788296299566</ele></trkpt><trkpt lat="38.01589" lon="-119.50464999999997"><ele>2553.2381955563233</ele></trkpt><trkpt lat="38.01578" lon="-119.50449000000003"><ele>2551.0</ele></trkpt><trkpt lat="38.01577" lon="-119.50434999999999"><ele>2551.1817835066468</ele></trkpt><trkpt lat="38.01582" lon="-119.50409000000002"><ele>2554.1394474059343</ele></trkpt><trkpt lat="38.0158" lon="-119.50377000000003"><ele>2554.9633963741767</ele></trkpt><trkpt lat="38.01584" lon="-119.50365"><ele>2557.2429257925974</ele></trkpt><trkpt lat="38.01571" lon="-119.50337999999999"><ele>2559.5800482984896</ele></trkpt><trkpt lat="38.01565" lon="-119.50331"><ele>2562.5983751113527</ele></trkpt><trkpt lat="38.01557" lon="-119.50310999999999"><ele>2569.0</ele></trkpt><trkpt lat="38.01546" lon="-119.50299999999999"><ele>2566.844312356785</ele></trkpt><trkpt lat="38.01542" lon="-119.5027"><ele>2572.0</ele></trkpt><trkpt lat="38.01537" lon="-119.50254000000001"><ele>2573.482975999359</ele></trkpt><trkpt lat="38.01518" lon="-119.50212999999997"><ele>2577.871862745844</ele></trkpt><trkpt lat="38.01521" lon="-119.50189999999998"><ele>2585.365223446861</ele></trkpt><trkpt lat="38.01517" lon="-119.50180999999998"><ele>2586.846054080922</ele></trkpt><trkpt lat="38.0151" lon="-119.50175000000002"><ele>2587.164589270685</ele></trkpt><trkpt lat="38.015" lon="-119.50173000000001"><ele>2587.0</ele></trkpt><trkpt lat="38.01495" lon="-119.50175000000002"><ele>2588.526291114322</ele></trkpt><trkpt lat="38.01488" lon="-119.50167999999996"><ele>2591.2608792330298</ele></trkpt><trkpt lat="38.0149" lon="-119.50157999999999"><ele>2593.222218667157</ele></trkpt><trkpt lat="38.01483" lon="-119.50153"><ele>2596.55238755513</ele></trkpt><trkpt lat="38.01488" lon="-119.50132000000002"><ele>2600.464296326041</ele></trkpt><trkpt lat="38.01484" lon="-119.50117"><ele>2604.2737018905113</ele></trkpt><trkpt lat="38.01476" lon="-119.50117999999998"><ele>2606.562595261261</ele></trkpt><trkpt lat="38.01465" lon="-119.50125000000003"><ele>2610.0</ele></trkpt><trkpt lat="38.01462" lon="-119.50123000000002"><ele>2610.9271775655957</ele></trkpt><trkpt lat="38.01459" lon="-119.50117999999998"><ele>2612.9156180635086</ele></trkpt><trkpt lat="38.01447" lon="-119.50040000000001"><ele>2616.0</ele></trkpt><trkpt lat="38.01439" lon="-119.50016"><ele>2617.0</ele></trkpt><trkpt lat="38.01423" lon="-119.49991"><ele>2622.0</ele></trkpt><trkpt lat="38.01392" lon="-119.49950000000001"><ele>2629.1572444434278</ele></trkpt><trkpt lat="38.01385" lon="-119.49936000000002"><ele>2630.266540555797</ele></trkpt><trkpt lat="38.0137" lon="-119.49927000000002"><ele>2631.2637311499566</ele></trkpt><trkpt lat="38.01366" lon="-119.49907999999999"><ele>2635.001158983555</ele></trkpt><trkpt lat="38.0136" lon="-119.49896999999999"><ele>2637.8826091414085</ele></trkpt><trkpt lat="38.01348" lon="-119.49882000000002"><ele>2640.889781656285</ele></trkpt><trkpt lat="38.01348" lon="-119.49882000000002"><ele>2640.889781656285</ele></trkpt><trkpt lat="38.01333" lon="-119.49873000000002"><ele>2643.0355784413114</ele></trkpt><trkpt lat="38.01311" lon="-119.49867999999998"><ele>2644.0606484340083</ele></trkpt><trkpt lat="38.01306" lon="-119.49864000000002"><ele>2645.0284752970365</ele></trkpt><trkpt lat="38.01301" lon="-119.49849"><ele>2649.0</ele></trkpt><trkpt lat="38.01288" lon="-119.49837000000002"><ele>2652.0</ele></trkpt><trkpt lat="38.01289" lon="-119.49831"><ele>2655.61526399944</ele></trkpt><trkpt lat="38.01281" lon="-119.49826000000002"><ele>2657.8587595937147</ele></trkpt><trkpt lat="38.01271" lon="-119.49808999999999"><ele>2659.0</ele></trkpt><trkpt lat="38.0126" lon="-119.49802999999997"><ele>2659.110807057772</ele></trkpt><trkpt lat="38.01255" lon="-119.49796000000003"><ele>2659.978851603365</ele></trkpt><trkpt lat="38.0125" lon="-119.49784999999997"><ele>2659.0</ele></trkpt><trkpt lat="38.01248" lon="-119.49757999999997"><ele>2659.0</ele></trkpt><trkpt lat="38.01244" lon="-119.49742000000003"><ele>2659.0</ele></trkpt><trkpt lat="38.0123" lon="-119.49732"><ele>2660.0</ele></trkpt><trkpt lat="38.0122" lon="-119.49720000000002"><ele>2660.0033796731973</ele></trkpt><trkpt lat="38.01205" lon="-119.49691999999999"><ele>2658.0</ele></trkpt><trkpt lat="38.01196" lon="-119.49664999999999"><ele>2657.0</ele></trkpt><trkpt lat="38.01183" lon="-119.49658999999997"><ele>2656.0</ele></trkpt><trkpt lat="38.0113" lon="-119.49667"><ele>2661.0</ele></trkpt><trkpt lat="38.01123" lon="-119.49664999999999"><ele>2663.008458006502</ele></trkpt><trkpt lat="38.01125" lon="-119.49687"><ele>2666.233099393652</ele></trkpt><trkpt lat="38.01123" lon="-119.49689000000001"><ele>2668.0760414468577</ele></trkpt><trkpt lat="38.01103" lon="-119.49662999999998"><ele>2673.1955928355455</ele></trkpt><trkpt lat="38.01102" lon="-119.49671999999998"><ele>2675.7870871219784</ele></trkpt><trkpt lat="38.01091" lon="-119.49664999999999"><ele>2680.023128888104</ele></trkpt><trkpt lat="38.01091" lon="-119.49667999999997"><ele>2681.1236390558533</ele></trkpt><trkpt lat="38.01095" lon="-119.49678"><ele>2682.927544873208</ele></trkpt><trkpt lat="38.01094" lon="-119.49685999999997"><ele>2686.2374162467113</ele></trkpt><trkpt lat="38.01091" lon="-119.49685999999997"><ele>2687.2377028712563</ele></trkpt><trkpt lat="38.01087" lon="-119.49678"><ele>2687.346758076066</ele></trkpt><trkpt lat="38.01085" lon="-119.49679000000003"><ele>2688.842477660626</ele></trkpt><trkpt lat="38.01086" lon="-119.49688000000003"><ele>2689.9928905242123</ele></trkpt><trkpt lat="38.01083" lon="-119.49689000000001"><ele>2692.0307580663334</ele></trkpt><trkpt lat="38.01076" lon="-119.49682000000001"><ele>2694.165910270065</ele></trkpt><trkpt lat="38.01074" lon="-119.49691000000001"><ele>2697.4889015182853</ele></trkpt><trkpt lat="38.01072" lon="-119.49691999999999"><ele>2698.6060408889316</ele></trkpt><trkpt lat="38.0106" lon="-119.49684000000002"><ele>2702.6297743264586</ele></trkpt><trkpt lat="38.01057" lon="-119.49687"><ele>2704.568598236372</ele></trkpt><trkpt lat="38.01059" lon="-119.49697000000003"><ele>2706.157474922482</ele></trkpt><trkpt lat="38.01057" lon="-119.49698000000001"><ele>2707.402243556455</ele></trkpt><trkpt lat="38.01055" lon="-119.49696"><ele>2707.5872276090086</ele></trkpt><trkpt lat="38.01037" lon="-119.49697000000003"><ele>2712.951139416423</ele></trkpt><trkpt lat="38.01028" lon="-119.49689999999998"><ele>2714.413154264782</ele></trkpt><trkpt lat="38.01025" lon="-119.49693000000002"><ele>2715.403979605995</ele></trkpt><trkpt lat="38.01039" lon="-119.49723"><ele>2721.05308800051</ele></trkpt><trkpt lat="38.01044" lon="-119.49727000000001"><ele>2722.0</ele></trkpt><trkpt lat="38.01045" lon="-119.49742000000003"><ele>2722.954061251834</ele></trkpt><trkpt lat="38.01053" lon="-119.49757"><ele>2723.078379140731</ele></trkpt><trkpt lat="38.01053" lon="-119.49768"><ele>2725.764553644107</ele></trkpt><trkpt lat="38.01048" lon="-119.49777"><ele>2726.449128059686</ele></trkpt><trkpt lat="38.01042" lon="-119.49784"><ele>2728.6519356277713</ele></trkpt><trkpt lat="38.01037" lon="-119.49784999999997"><ele>2732.234042720869</ele></trkpt><trkpt lat="38.01037" lon="-119.49779999999998"><ele>2732.234042720869</ele></trkpt><trkpt lat="38.01031" lon="-119.49770999999998"><ele>2734.205684612971</ele></trkpt><trkpt lat="38.01022" lon="-119.49766"><ele>2736.1989091201685</ele></trkpt><trkpt lat="38.01024" lon="-119.49777"><ele>2739.1423049313016</ele></trkpt><trkpt lat="38.01023" lon="-119.49793"><ele>2741.514880845323</ele></trkpt><trkpt lat="38.01021" lon="-119.49795"><ele>2742.6978564281017</ele></trkpt><trkpt lat="38.01019" lon="-119.49788999999998"><ele>2743.880831690505</ele></trkpt><trkpt lat="38.01014" lon="-119.49787000000003"><ele>2746.838268429041</ele></trkpt><trkpt lat="38.01014" lon="-119.49796000000003"><ele>2746.838268429041</ele></trkpt><trkpt lat="38.01011" lon="-119.49796000000003"><ele>2749.5842442980365</ele></trkpt><trkpt lat="38.01005" lon="-119.49788999999998"><ele>2753.1616494823247</ele></trkpt><trkpt lat="38.01004" lon="-119.49793"><ele>2753.753135861829</ele></trkpt><trkpt lat="38.01002" lon="-119.49792000000002"><ele>2755.1321469479767</ele></trkpt><trkpt lat="38.01003" lon="-119.49781000000002"><ele>2756.6061972104944</ele></trkpt><trkpt lat="38.01" lon="-119.49779000000001"><ele>2759.119080575183</ele></trkpt><trkpt lat="38.00993" lon="-119.49784"><ele>2760.2594807166606</ele></trkpt><trkpt lat="38.0098" lon="-119.49781000000002"><ele>2766.0318318880163</ele></trkpt><trkpt lat="38.00973" lon="-119.49788999999998"><ele>2771.8281428499245</ele></trkpt><trkpt lat="38.00953" lon="-119.49763999999999"><ele>2775.9188342560083</ele></trkpt><trkpt lat="38.0095" lon="-119.49763000000002"><ele>2776.4814411411007</ele></trkpt><trkpt lat="38.00949" lon="-119.49772000000002"><ele>2778.9204249028244</ele></trkpt><trkpt lat="38.00946" lon="-119.49772000000002"><ele>2779.947950965259</ele></trkpt><trkpt lat="38.00932" lon="-119.49761999999998"><ele>2784.0776448363576</ele></trkpt><trkpt lat="38.00927" lon="-119.49763999999999"><ele>2786.4578177169897</ele></trkpt><trkpt lat="38.00927" lon="-119.49768"><ele>2788.2973448280245</ele></trkpt><trkpt lat="38.00915" lon="-119.49757"><ele>2791.0</ele></trkpt><trkpt lat="38.0091" lon="-119.49757"><ele>2792.8982364446856</ele></trkpt><trkpt lat="38.00905" lon="-119.49763000000002"><ele>2794.789128795807</ele></trkpt><trkpt lat="38.00897" lon="-119.49766999999997"><ele>2797.5769871224347</ele></trkpt><trkpt lat="38.00882" lon="-119.49766"><ele>2801.0</ele></trkpt><trkpt lat="38.00824" lon="-119.49747000000002"><ele>2811.45726861991</ele></trkpt><trkpt lat="38.00811" lon="-119.49748999999997"><ele>2816.0784629811533</ele></trkpt><trkpt lat="38.00809" lon="-119.49739999999997"><ele>2817.002225401149</ele></trkpt><trkpt lat="38.00797" lon="-119.49727000000001"><ele>2822.189079608768</ele></trkpt><trkpt lat="38.00783" lon="-119.49724000000003"><ele>2828.2438038025016</ele></trkpt><trkpt lat="38.00782" lon="-119.49730999999997"><ele>2830.0477527981975</ele></trkpt><trkpt lat="38.0078265281085" lon="-119.49733238208626"><ele>2830.824439043645</ele></trkpt><trkpt lat="38.00767" lon="-119.49748"><ele>2837.0</ele></trkpt><trkpt lat="38.00742" lon="-119.49761999999998"><ele>2840.7837897037957</ele></trkpt><trkpt lat="38.00728" lon="-119.49760000000003"><ele>2842.0</ele></trkpt><trkpt lat="38.00721" lon="-119.49751000000003"><ele>2843.0143397431816</ele></trkpt><trkpt lat="38.00712" lon="-119.49747000000002"><ele>2843.0</ele></trkpt><trkpt lat="38.00696" lon="-119.4975"><ele>2845.973465003103</ele></trkpt><trkpt lat="38.0068" lon="-119.49743999999998"><ele>2850.0</ele></trkpt><trkpt lat="38.00664" lon="-119.49748999999997"><ele>2852.1451219286164</ele></trkpt><trkpt lat="38.00653" lon="-119.49745999999999"><ele>2854.853964139861</ele></trkpt><trkpt lat="38.00637" lon="-119.49752000000001"><ele>2858.923629680961</ele></trkpt><trkpt lat="38.00632" lon="-119.49748"><ele>2859.5493994587273</ele></trkpt><trkpt lat="38.00622" lon="-119.49734000000001"><ele>2859.179459556006</ele></trkpt><trkpt lat="38.0061" lon="-119.49732"><ele>2860.0</ele></trkpt><trkpt lat="38.0058" lon="-119.49759"><ele>2865.0</ele></trkpt><trkpt lat="38.00574" lon="-119.49757"><ele>2865.0</ele></trkpt><trkpt lat="38.00571463932176" lon="-119.49751610855873"><ele>2865.0</ele></trkpt><trkpt lat="38.00571463932176" lon="-119.49751610855873"><ele>2865.0</ele></trkpt><trkpt lat="38.00558" lon="-119.49723"><ele>2865.029093245972</ele></trkpt><trkpt lat="38.00546" lon="-119.49689999999998"><ele>2864.0</ele></trkpt><trkpt lat="38.00541" lon="-119.49666000000002"><ele>2864.0</ele></trkpt><trkpt lat="38.0053" lon="-119.49644999999998"><ele>2865.297546667047</ele></trkpt><trkpt lat="38.00529" lon="-119.49637000000001"><ele>2866.0</ele></trkpt><trkpt lat="38.00543" lon="-119.49597"><ele>2867.2800541415572</ele></trkpt><trkpt lat="38.00546" lon="-119.49579"><ele>2869.0359988196124</ele></trkpt><trkpt lat="38.00547" lon="-119.49550999999997"><ele>2874.0</ele></trkpt><trkpt lat="38.00543" lon="-119.49543"><ele>2874.070104204754</ele></trkpt><trkpt lat="38.00525" lon="-119.49532999999997"><ele>2878.0</ele></trkpt><trkpt lat="38.0052" lon="-119.49523999999997"><ele>2880.0</ele></trkpt><trkpt lat="38.00519" lon="-119.49516"><ele>2881.255582107042</ele></trkpt><trkpt lat="38.00522" lon="-119.49502999999999"><ele>2881.2818262172664</ele></trkpt><trkpt lat="38.0051" lon="-119.49482"><ele>2884.0</ele></trkpt><trkpt lat="38.00509" lon="-119.49466000000001"><ele>2885.0</ele></trkpt><trkpt lat="38.00497" lon="-119.49448999999998"><ele>2886.0</ele></trkpt><trkpt lat="38.0049" lon="-119.49437999999998"><ele>2887.0</ele></trkpt><trkpt lat="38.00489" lon="-119.49430999999998"><ele>2886.981523557286</ele></trkpt><trkpt lat="38.00495" lon="-119.49421000000001"><ele>2887.0</ele></trkpt><trkpt lat="38.00509" lon="-119.49418000000003"><ele>2888.0</ele></trkpt><trkpt lat="38.00517" lon="-119.49412999999998"><ele>2889.0</ele></trkpt><trkpt lat="38.00548" lon="-119.49385999999998"><ele>2890.0001586171043</ele></trkpt><trkpt lat="38.00564" lon="-119.49358000000001"><ele>2890.0</ele></trkpt><trkpt lat="38.00575" lon="-119.49347999999998"><ele>2888.2904213322327</ele></trkpt><trkpt lat="38.00595533605681" lon="-119.4931059950394"><ele>2885.0</ele></trkpt><trkpt lat="38.00595533605681" lon="-119.4931059950394"><ele>2885.0</ele></trkpt><trkpt lat="38.00603" lon="-119.49297000000001"><ele>2884.0</ele></trkpt><trkpt lat="38.00616" lon="-119.49297000000001"><ele>2883.0</ele></trkpt><trkpt lat="38.00634" lon="-119.49311999999998"><ele>2883.0</ele></trkpt><trkpt lat="38.00648" lon="-119.4932"><ele>2882.2414755560458</ele></trkpt><trkpt lat="38.00657" lon="-119.49322000000001"><ele>2882.0</ele></trkpt><trkpt lat="38.00668" lon="-119.49310000000003"><ele>2881.581137779169</ele></trkpt><trkpt lat="38.0067" lon="-119.49306000000001"><ele>2881.0</ele></trkpt><trkpt lat="38.00668" lon="-119.493"><ele>2881.0</ele></trkpt><trkpt lat="38.0067" lon="-119.49295000000001"><ele>2879.715518568403</ele></trkpt><trkpt lat="38.00693" lon="-119.49282"><ele>2880.0</ele></trkpt><trkpt lat="38.00712" lon="-119.49282"><ele>2880.0</ele></trkpt><trkpt lat="38.00724" lon="-119.49275999999998"><ele>2880.0</ele></trkpt><trkpt lat="38.00733" lon="-119.49275"><ele>2879.0</ele></trkpt><trkpt lat="38.0074" lon="-119.49279999999999"><ele>2877.941618674916</ele></trkpt><trkpt lat="38.00746" lon="-119.49288000000001"><ele>2874.7878328340385</ele></trkpt><trkpt lat="38.00755" lon="-119.49283000000003"><ele>2874.0</ele></trkpt><trkpt lat="38.00755" lon="-119.49295999999998"><ele>2872.0</ele></trkpt><trkpt lat="38.00777" lon="-119.49309"><ele>2871.0</ele></trkpt><trkpt lat="38.00791" lon="-119.49302"><ele>2871.0</ele></trkpt><trkpt lat="38.00792" lon="-119.49293999999998"><ele>2869.2527797414577</ele></trkpt><trkpt lat="38.00799" lon="-119.49292000000003"><ele>2865.006140170619</ele></trkpt><trkpt lat="38.00798" lon="-119.49282"><ele>2864.597609931603</ele></trkpt><trkpt lat="38.008" lon="-119.49281000000002"><ele>2862.8680650299284</ele></trkpt><trkpt lat="38.00803" lon="-119.49281000000002"><ele>2861.6402603276074</ele></trkpt><trkpt lat="38.00816" lon="-119.49297999999999"><ele>2856.0</ele></trkpt><trkpt lat="38.00819" lon="-119.49299000000002"><ele>2856.0</ele></trkpt><trkpt lat="38.00828" lon="-119.49277000000001"><ele>2855.0</ele></trkpt><trkpt lat="38.00829" lon="-119.49268999999998"><ele>2855.0</ele></trkpt><trkpt lat="38.00842" lon="-119.49254000000002"><ele>2851.779275949287</ele></trkpt><trkpt lat="38.00858" lon="-119.49255"><ele>2848.1037387801935</ele></trkpt><trkpt lat="38.00865" lon="-119.49245000000002"><ele>2845.2799727755014</ele></trkpt><trkpt lat="38.00876" lon="-119.49187"><ele>2843.0</ele></trkpt><trkpt lat="38.00872" lon="-119.49153999999999"><ele>2837.979413030159</ele></trkpt><trkpt lat="38.00874" lon="-119.49142999999998"><ele>2836.0</ele></trkpt><trkpt lat="38.00904" lon="-119.49169"><ele>2827.9872146322095</ele></trkpt><trkpt lat="38.00908" lon="-119.49167999999997"><ele>2826.216505650955</ele></trkpt><trkpt lat="38.00909" lon="-119.49139000000002"><ele>2819.9439740460366</ele></trkpt><trkpt lat="38.00912" lon="-119.49137000000002"><ele>2818.1695376597345</ele></trkpt><trkpt lat="38.0092" lon="-119.49146000000002"><ele>2816.0663551099387</ele></trkpt><trkpt lat="38.00923" lon="-119.49142999999998"><ele>2814.4997678840828</ele></trkpt><trkpt lat="38.00923" lon="-119.49130000000002"><ele>2812.0</ele></trkpt><trkpt lat="38.0093" lon="-119.49110999999999"><ele>2809.0834471256258</ele></trkpt><trkpt lat="38.00957" lon="-119.49097999999998"><ele>2809.0</ele></trkpt><trkpt lat="38.00976" lon="-119.49074999999999"><ele>2806.3147217445076</ele></trkpt><trkpt lat="38.00984" lon="-119.49072999999999"><ele>2805.0</ele></trkpt><trkpt lat="38.01007" lon="-119.49050999999997"><ele>2804.0</ele></trkpt><trkpt lat="38.01021" lon="-119.49045000000001"><ele>2802.0</ele></trkpt><trkpt lat="38.01021" lon="-119.49038000000002"><ele>2803.0</ele></trkpt><trkpt lat="38.00994" lon="-119.49044000000004"><ele>2807.6679952237755</ele></trkpt><trkpt lat="38.00988" lon="-119.49043"><ele>2809.0</ele></trkpt><trkpt lat="38.01016" lon="-119.49011000000002"><ele>2811.0</ele></trkpt><trkpt lat="38.01021" lon="-119.49000999999998"><ele>2811.2954023159346</ele></trkpt><trkpt lat="38.01029" lon="-119.48993000000002"><ele>2811.0</ele></trkpt><trkpt lat="38.01041" lon="-119.48990000000003"><ele>2809.0</ele></trkpt><trkpt lat="38.01049" lon="-119.48975000000002"><ele>2811.0</ele></trkpt><trkpt lat="38.01084" lon="-119.48972000000003"><ele>2815.0</ele></trkpt><trkpt lat="38.01094" lon="-119.48978"><ele>2816.480961482972</ele></trkpt><trkpt lat="38.01113" lon="-119.48978"><ele>2820.0</ele></trkpt><trkpt lat="38.01115" lon="-119.48973000000001"><ele>2821.4261281698728</ele></trkpt><trkpt lat="38.01112" lon="-119.48966999999999"><ele>2822.034323594967</ele></trkpt><trkpt lat="38.01078" lon="-119.48944"><ele>2823.987224888522</ele></trkpt><trkpt lat="38.01079" lon="-119.48939999999999"><ele>2824.941817330214</ele></trkpt><trkpt lat="38.01094" lon="-119.48935"><ele>2826.181528888177</ele></trkpt><trkpt lat="38.01097" lon="-119.48932000000002"><ele>2827.0</ele></trkpt><trkpt lat="38.01097" lon="-119.48927000000003"><ele>2828.0</ele></trkpt><trkpt lat="38.01023" lon="-119.48909000000003"><ele>2836.0</ele></trkpt><trkpt lat="38.01013" lon="-119.48901999999998"><ele>2837.4297555368394</ele></trkpt><trkpt lat="38.01013" lon="-119.48897"><ele>2837.9377364010306</ele></trkpt><trkpt lat="38.0102" lon="-119.48892000000001"><ele>2839.220981332939</ele></trkpt><trkpt lat="38.01062" lon="-119.48896000000002"><ele>2839.0</ele></trkpt><trkpt lat="38.01078" lon="-119.48894999999999"><ele>2837.822879999876</ele></trkpt><trkpt lat="38.01113" lon="-119.48912000000001"><ele>2836.0717154855415</ele></trkpt><trkpt lat="38.01123" lon="-119.48910999999998"><ele>2838.768276618915</ele></trkpt><trkpt lat="38.01123" lon="-119.48905000000002"><ele>2839.1031021323133</ele></trkpt><trkpt lat="38.01126" lon="-119.48900000000003"><ele>2840.0</ele></trkpt><trkpt lat="38.01131" lon="-119.48899"><ele>2840.0</ele></trkpt><trkpt lat="38.0114" lon="-119.48901999999998"><ele>2841.8636907685723</ele></trkpt><trkpt lat="38.01148" lon="-119.48876000000001"><ele>2843.0</ele></trkpt><trkpt lat="38.0114" lon="-119.48852999999997"><ele>2843.6037013316527</ele></trkpt><trkpt lat="38.01141" lon="-119.48845"><ele>2842.9104660948487</ele></trkpt><trkpt lat="38.01144" lon="-119.48840000000001"><ele>2841.5452622231096</ele></trkpt><trkpt lat="38.01154" lon="-119.48836"><ele>2840.0</ele></trkpt><trkpt lat="38.01158" lon="-119.48822999999999"><ele>2838.0</ele></trkpt><trkpt lat="38.01168" lon="-119.48829"><ele>2837.4188906676136</ele></trkpt><trkpt lat="38.01176" lon="-119.48827"><ele>2837.4705311851576</ele></trkpt><trkpt lat="38.01181" lon="-119.48816999999997"><ele>2835.0</ele></trkpt><trkpt lat="38.0117" lon="-119.48775999999998"><ele>2829.406501570491</ele></trkpt><trkpt lat="38.01176" lon="-119.48770999999999"><ele>2829.0</ele></trkpt><trkpt lat="38.01184" lon="-119.48771999999997"><ele>2827.2842875998467</ele></trkpt><trkpt lat="38.01193" lon="-119.48780999999997"><ele>2825.0473368190387</ele></trkpt><trkpt lat="38.01197" lon="-119.48780999999997"><ele>2825.434534340649</ele></trkpt><trkpt lat="38.01208" lon="-119.4873"><ele>2818.024844701401</ele></trkpt><trkpt lat="38.01208" lon="-119.4873"><ele>2818.024844701401</ele></trkpt><trkpt lat="38.01212" lon="-119.48708999999997"><ele>2817.0</ele></trkpt><trkpt lat="38.01214" lon="-119.48678000000001"><ele>2816.0</ele></trkpt><trkpt lat="38.01204" lon="-119.48658999999998"><ele>2816.0</ele></trkpt><trkpt lat="38.01204" lon="-119.48649999999998"><ele>2816.0</ele></trkpt><trkpt lat="38.012096493327" lon="-119.48635170501666"><ele>2815.0</ele></trkpt><trkpt lat="38.01207215005193" lon="-119.48641560614118"><ele>2815.5525702387094</ele></trkpt><trkpt lat="38.01212" lon="-119.48629"><ele>2815.569021069071</ele></trkpt><trkpt lat="38.0121" lon="-119.48618999999997"><ele>2815.0</ele></trkpt><trkpt lat="38.01209" lon="-119.48591999999996"><ele>2815.015455925057</ele></trkpt><trkpt lat="38.01224" lon="-119.48572000000001"><ele>2815.0</ele></trkpt><trkpt lat="38.01225" lon="-119.48561000000001"><ele>2815.4952177338405</ele></trkpt><trkpt lat="38.0123" lon="-119.48556000000002"><ele>2815.0</ele></trkpt><trkpt lat="38.01232" lon="-119.48518000000001"><ele>2816.0</ele></trkpt><trkpt lat="38.01238" lon="-119.48493000000002"><ele>2816.0</ele></trkpt><trkpt lat="38.01232" lon="-119.48467"><ele>2816.0</ele></trkpt><trkpt lat="38.01228" lon="-119.48435999999998"><ele>2816.0</ele></trkpt><trkpt lat="38.01214" lon="-119.48403000000002"><ele>2817.888501334004</ele></trkpt><trkpt lat="38.01209" lon="-119.48381"><ele>2816.0</ele></trkpt><trkpt lat="38.01187" lon="-119.48345"><ele>2816.5097846463323</ele></trkpt><trkpt lat="38.01176" lon="-119.48318999999998"><ele>2816.0</ele></trkpt><trkpt lat="38.01158" lon="-119.48297000000002"><ele>2816.0</ele></trkpt><trkpt lat="38.01148" lon="-119.48280999999997"><ele>2816.0</ele></trkpt><trkpt lat="38.01113" lon="-119.48214000000002"><ele>2816.0</ele></trkpt><trkpt lat="38.01106" lon="-119.48208"><ele>2816.9931027125167</ele></trkpt><trkpt lat="38.01078" lon="-119.48202000000003"><ele>2818.21202889469</ele></trkpt><trkpt lat="38.01058" lon="-119.48183"><ele>2818.0</ele></trkpt><trkpt lat="38.01049" lon="-119.48178000000001"><ele>2819.0</ele></trkpt><trkpt lat="38.01011" lon="-119.48163999999997"><ele>2820.0</ele></trkpt><trkpt lat="38.00998" lon="-119.48148000000003"><ele>2820.0</ele></trkpt><trkpt lat="38.0099" lon="-119.48144000000002"><ele>2821.0</ele></trkpt><trkpt lat="38.00976" lon="-119.48129"><ele>2819.2532735129225</ele></trkpt><trkpt lat="38.00967" lon="-119.48091"><ele>2819.0</ele></trkpt><trkpt lat="38.00971" lon="-119.48068999999998"><ele>2819.7667804448865</ele></trkpt><trkpt lat="38.00969" lon="-119.48059"><ele>2821.0</ele></trkpt><trkpt lat="38.00962" lon="-119.4805"><ele>2821.0</ele></trkpt><trkpt lat="38.00938" lon="-119.48045000000002"><ele>2824.79105855152</ele></trkpt><trkpt lat="38.00929" lon="-119.48040000000003"><ele>2827.0</ele></trkpt><trkpt lat="38.00905" lon="-119.48040000000003"><ele>2830.087314070979</ele></trkpt><trkpt lat="38.00896" lon="-119.48043999999999"><ele>2832.846811014667</ele></trkpt><trkpt lat="38.0089" lon="-119.48041999999998"><ele>2833.0</ele></trkpt><trkpt lat="38.0088" lon="-119.48032999999998"><ele>2834.0</ele></trkpt><trkpt lat="38.00872" lon="-119.48014999999998"><ele>2833.0</ele></trkpt><trkpt lat="38.00887" lon="-119.47989999999999"><ele>2833.0</ele></trkpt><trkpt lat="38.00878" lon="-119.47980000000001"><ele>2833.0</ele></trkpt><trkpt lat="38.00876" lon="-119.47971999999999"><ele>2834.0</ele></trkpt><trkpt lat="38.00877" lon="-119.47967"><ele>2834.0</ele></trkpt><trkpt lat="38.00899" lon="-119.4796"><ele>2836.0</ele></trkpt><trkpt lat="38.00901" lon="-119.47955000000002"><ele>2836.0</ele></trkpt><trkpt lat="38.0089" lon="-119.47941000000003"><ele>2837.0</ele></trkpt><trkpt lat="38.00885" lon="-119.47919000000002"><ele>2838.0</ele></trkpt><trkpt lat="38.0088" lon="-119.47911999999997"><ele>2838.090439550331</ele></trkpt><trkpt lat="38.00867" lon="-119.47910000000002"><ele>2839.7860072292387</ele></trkpt><trkpt lat="38.00858" lon="-119.47899999999998"><ele>2841.0</ele></trkpt><trkpt lat="38.00827" lon="-119.47881000000001"><ele>2841.7246315276516</ele></trkpt><trkpt lat="38.00825" lon="-119.47874999999999"><ele>2842.0</ele></trkpt><trkpt lat="38.00826" lon="-119.47857999999997"><ele>2842.0</ele></trkpt><trkpt lat="38.00819" lon="-119.47834"><ele>2843.0</ele></trkpt><trkpt lat="38.00826" lon="-119.47809999999998"><ele>2845.0</ele></trkpt><trkpt lat="38.00827" lon="-119.47798"><ele>2845.0</ele></trkpt><trkpt lat="38.00819" lon="-119.47768000000002"><ele>2847.0</ele></trkpt><trkpt lat="38.00821" lon="-119.47762999999998"><ele>2848.0023189022236</ele></trkpt><trkpt lat="38.00832" lon="-119.47753999999998"><ele>2849.0</ele></trkpt><trkpt lat="38.00838" lon="-119.47741000000002"><ele>2848.0</ele></trkpt><trkpt lat="38.00855" lon="-119.47726"><ele>2849.116295143962</ele></trkpt><trkpt lat="38.00861" lon="-119.47716000000003"><ele>2851.6651425044984</ele></trkpt><trkpt lat="38.00867" lon="-119.47683999999998"><ele>2854.0</ele></trkpt><trkpt lat="38.00872" lon="-119.47676000000001"><ele>2855.0</ele></trkpt><trkpt lat="38.00881" lon="-119.47665999999998"><ele>2857.0</ele></trkpt><trkpt lat="38.009" lon="-119.47654999999997"><ele>2859.0</ele></trkpt><trkpt lat="38.00906" lon="-119.47647999999998"><ele>2860.272298061286</ele></trkpt><trkpt lat="38.00909" lon="-119.47636999999997"><ele>2862.0560259539634</ele></trkpt><trkpt lat="38.00908" lon="-119.47624000000002"><ele>2864.464547317475</ele></trkpt><trkpt lat="38.00901" lon="-119.47595000000001"><ele>2869.216173102083</ele></trkpt><trkpt lat="38.00906" lon="-119.47575999999998"><ele>2872.0</ele></trkpt><trkpt lat="38.00905" lon="-119.47570000000002"><ele>2872.3176355543546</ele></trkpt><trkpt lat="38.00888" lon="-119.47546"><ele>2879.0</ele></trkpt><trkpt lat="38.00882" lon="-119.47543999999999"><ele>2878.4832197512524</ele></trkpt><trkpt lat="38.00876" lon="-119.47537999999997"><ele>2878.1239578582336</ele></trkpt><trkpt lat="38.00874" lon="-119.47532000000001"><ele>2878.0095380261855</ele></trkpt><trkpt lat="38.00874" lon="-119.47521"><ele>2878.3543217480183</ele></trkpt><trkpt lat="38.00895" lon="-119.47489000000002"><ele>2882.0</ele></trkpt><trkpt lat="38.00903" lon="-119.47480999999999"><ele>2884.1041485218225</ele></trkpt><trkpt lat="38.00908" lon="-119.47478999999998"><ele>2884.6108815375974</ele></trkpt><trkpt lat="38.00915" lon="-119.47480999999999"><ele>2886.0</ele></trkpt><trkpt lat="38.0092" lon="-119.47496000000001"><ele>2888.6480270517072</ele></trkpt><trkpt lat="38.00924" lon="-119.47495000000004"><ele>2889.9282151535153</ele></trkpt><trkpt lat="38.0094" lon="-119.47480000000002"><ele>2893.289743940606</ele></trkpt><trkpt lat="38.00942" lon="-119.47469999999998"><ele>2893.9664200949223</ele></trkpt><trkpt lat="38.00941" lon="-119.47458"><ele>2895.0</ele></trkpt><trkpt lat="38.00928" lon="-119.47431"><ele>2897.0</ele></trkpt><trkpt lat="38.00928" lon="-119.47424999999998"><ele>2898.0</ele></trkpt><trkpt lat="38.00944" lon="-119.47396000000003"><ele>2903.407512887381</ele></trkpt><trkpt lat="38.00948" lon="-119.47384"><ele>2905.0</ele></trkpt><trkpt lat="38.00945" lon="-119.47356000000002"><ele>2907.0</ele></trkpt><trkpt lat="38.00947" lon="-119.47351000000003"><ele>2907.7095574415002</ele></trkpt><trkpt lat="38.0096" lon="-119.47348999999997"><ele>2909.757821772222</ele></trkpt><trkpt lat="38.00971" lon="-119.47354999999999"><ele>2912.7278588600457</ele></trkpt><trkpt lat="38.00975" lon="-119.47365000000002"><ele>2914.093794217333</ele></trkpt><trkpt lat="38.00987" lon="-119.47374000000002"><ele>2916.1916080228984</ele></trkpt><trkpt lat="38.00996" lon="-119.47397000000001"><ele>2918.514976002276</ele></trkpt><trkpt lat="38.01001" lon="-119.47399999999999"><ele>2919.759088619174</ele></trkpt><trkpt lat="38.01013" lon="-119.47397999999998"><ele>2922.774569728055</ele></trkpt><trkpt lat="38.01015" lon="-119.47388000000001"><ele>2925.0335087251024</ele></trkpt><trkpt lat="38.01026" lon="-119.47372000000001"><ele>2928.259583136067</ele></trkpt><trkpt lat="38.01035" lon="-119.47372000000001"><ele>2930.0</ele></trkpt><trkpt lat="38.01047" lon="-119.47393"><ele>2931.548503519699</ele></trkpt><trkpt lat="38.0106" lon="-119.47408999999999"><ele>2932.7801622966344</ele></trkpt><trkpt lat="38.01064" lon="-119.47408999999999"><ele>2934.2569845369717</ele></trkpt><trkpt lat="38.01072" lon="-119.47390000000001"><ele>2939.0</ele></trkpt><trkpt lat="38.01079" lon="-119.47381999999999"><ele>2940.635189579811</ele></trkpt><trkpt lat="38.01084" lon="-119.47370000000001"><ele>2941.5660295039415</ele></trkpt><trkpt lat="38.01098" lon="-119.47348999999997"><ele>2947.0</ele></trkpt><trkpt lat="38.011" lon="-119.47323"><ele>2953.4450961438192</ele></trkpt><trkpt lat="38.01104" lon="-119.47323"><ele>2954.8238801974803</ele></trkpt><trkpt lat="38.01111" lon="-119.47332"><ele>2957.0</ele></trkpt><trkpt lat="38.01114" lon="-119.47323"><ele>2960.133037018617</ele></trkpt><trkpt lat="38.0112" lon="-119.47321"><ele>2963.770115206032</ele></trkpt><trkpt lat="38.01117" lon="-119.47307999999998"><ele>2965.0</ele></trkpt><trkpt lat="38.01102" lon="-119.47273999999999"><ele>2965.1122620529713</ele></trkpt><trkpt lat="38.01087" lon="-119.47257000000002"><ele>2964.0</ele></trkpt><trkpt lat="38.0108" lon="-119.47253"><ele>2962.2403304900176</ele></trkpt><trkpt lat="38.01072" lon="-119.47255999999999"><ele>2959.305328580991</ele></trkpt><trkpt lat="38.01068" lon="-119.47252000000003"><ele>2959.105501086787</ele></trkpt><trkpt lat="38.01051" lon="-119.47217999999998"><ele>2956.046811219305</ele></trkpt><trkpt lat="38.01052" lon="-119.47208"><ele>2956.6383013911545</ele></trkpt><trkpt lat="38.01068" lon="-119.47177999999997"><ele>2964.0</ele></trkpt><trkpt lat="38.01067" lon="-119.47167000000002"><ele>2966.1292479988188</ele></trkpt><trkpt lat="38.01063" lon="-119.47163999999998"><ele>2966.52734933421</ele></trkpt><trkpt lat="38.01063" lon="-119.47147000000001"><ele>2970.1446986105293</ele></trkpt><trkpt lat="38.01066" lon="-119.47140999999999"><ele>2971.0</ele></trkpt><trkpt lat="38.01078" lon="-119.47127"><ele>2974.0</ele></trkpt><trkpt lat="38.01085" lon="-119.47109"><ele>2974.865871565773</ele></trkpt><trkpt lat="38.01085" lon="-119.47060999999997"><ele>2974.157522339374</ele></trkpt><trkpt lat="38.01126" lon="-119.46960000000001"><ele>2975.408798040822</ele></trkpt><trkpt lat="38.01134" lon="-119.46931999999998"><ele>2976.0</ele></trkpt><trkpt lat="38.01152" lon="-119.46895999999998"><ele>2976.0</ele></trkpt><trkpt lat="38.01177" lon="-119.46855"><ele>2976.0</ele></trkpt><trkpt lat="38.01191" lon="-119.46812"><ele>2977.0</ele></trkpt><trkpt lat="38.01206" lon="-119.46794"><ele>2978.9598471107893</ele></trkpt><trkpt lat="38.01215" lon="-119.46785999999997"><ele>2979.0</ele></trkpt><trkpt lat="38.01226" lon="-119.46782000000002"><ele>2979.7563571766123</ele></trkpt><trkpt lat="38.01252" lon="-119.46753999999999"><ele>2983.9627002651687</ele></trkpt><trkpt lat="38.01296" lon="-119.46680000000003"><ele>2992.0</ele></trkpt><trkpt lat="38.01314" lon="-119.46662000000003"><ele>2998.320242425666</ele></trkpt><trkpt lat="38.01325" lon="-119.46634"><ele>2999.0</ele></trkpt><trkpt lat="38.01336" lon="-119.46623999999997"><ele>3000.930362394063</ele></trkpt><trkpt lat="38.01348" lon="-119.46587"><ele>3002.8811854825567</ele></trkpt><trkpt lat="38.01348" lon="-119.46587"><ele>3002.8811854825567</ele></trkpt><trkpt lat="38.01363" lon="-119.46555999999998"><ele>3006.0</ele></trkpt><trkpt lat="38.01365" lon="-119.46544"><ele>3006.4140363106144</ele></trkpt><trkpt lat="38.01364" lon="-119.46533"><ele>3007.0</ele></trkpt><trkpt lat="38.01364" lon="-119.46533"><ele>3007.0</ele></trkpt><trkpt lat="38.01386" lon="-119.46467000000001"><ele>3014.2005331423134</ele></trkpt><trkpt lat="38.01389" lon="-119.46449000000001"><ele>3016.9750849977136</ele></trkpt><trkpt lat="38.01413" lon="-119.46413000000001"><ele>3026.6012690798393</ele></trkpt><trkpt lat="38.01429" lon="-119.46375"><ele>3032.7188729583086</ele></trkpt><trkpt lat="38.01434" lon="-119.46368999999999"><ele>3035.0</ele></trkpt><trkpt lat="38.01438" lon="-119.46352999999999"><ele>3038.0</ele></trkpt><trkpt lat="38.01458" lon="-119.4633"><ele>3044.1995199993253</ele></trkpt><trkpt lat="38.01468" lon="-119.46301"><ele>3048.0</ele></trkpt><trkpt lat="38.01468" lon="-119.46283"><ele>3051.0</ele></trkpt><trkpt lat="38.01465" lon="-119.46265"><ele>3052.9647458600075</ele></trkpt><trkpt lat="38.01467" lon="-119.46258"><ele>3053.1136881634593</ele></trkpt><trkpt lat="38.01486" lon="-119.46226999999999"><ele>3064.705306082964</ele></trkpt><trkpt lat="38.01493" lon="-119.46206000000001"><ele>3068.4933316595852</ele></trkpt><trkpt lat="38.01503" lon="-119.46190000000001"><ele>3072.9643447985873</ele></trkpt><trkpt lat="38.01509" lon="-119.46192000000002"><ele>3075.957754774019</ele></trkpt><trkpt lat="38.01514" lon="-119.46181000000001"><ele>3079.4999169510816</ele></trkpt><trkpt lat="38.01514" lon="-119.46176000000003"><ele>3079.830782469362</ele></trkpt><trkpt lat="38.01509" lon="-119.46172000000001"><ele>3077.99293900148</ele></trkpt><trkpt lat="38.01506" lon="-119.46159999999998"><ele>3082.425262222998</ele></trkpt><trkpt lat="38.01502" lon="-119.46157"><ele>3082.823363556061</ele></trkpt><trkpt lat="38.01504" lon="-119.46139"><ele>3086.000120330602</ele></trkpt><trkpt lat="38.0152" lon="-119.46091000000001"><ele>3085.0</ele></trkpt><trkpt lat="38.0152" lon="-119.46091000000001"><ele>3085.0</ele></trkpt><trkpt lat="38.0152" lon="-119.46091000000001"><ele>3085.0</ele></trkpt><trkpt lat="38.0152" lon="-119.46091000000001"><ele>3085.0</ele></trkpt><trkpt lat="38.01547" lon="-119.46037000000001"><ele>3077.5641575250775</ele></trkpt><trkpt lat="38.01546" lon="-119.46008999999998"><ele>3073.2036373326555</ele></trkpt><trkpt lat="38.01552" lon="-119.45997"><ele>3071.0</ele></trkpt><trkpt lat="38.01595" lon="-119.45945"><ele>3060.4836888140067</ele></trkpt><trkpt lat="38.01598" lon="-119.45938999999998"><ele>3060.0</ele></trkpt><trkpt lat="38.01599" lon="-119.45916999999997"><ele>3058.5240495372564</ele></trkpt><trkpt lat="38.01609" lon="-119.45879000000002"><ele>3053.0</ele></trkpt><trkpt lat="38.01618" lon="-119.45857999999998"><ele>3051.8325368887745</ele></trkpt><trkpt lat="38.01644" lon="-119.45829000000003"><ele>3046.3175573349</ele></trkpt><trkpt lat="38.01645" lon="-119.45825000000002"><ele>3045.4534222236834</ele></trkpt><trkpt lat="38.01641" lon="-119.45823000000001"><ele>3045.0</ele></trkpt><trkpt lat="38.01643" lon="-119.45816000000002"><ele>3043.201306496756</ele></trkpt><trkpt lat="38.01655" lon="-119.45814000000001"><ele>3042.327050667256</ele></trkpt><trkpt lat="38.01654" lon="-119.45805999999999"><ele>3039.598780443892</ele></trkpt><trkpt lat="38.01639" lon="-119.45790999999997"><ele>3037.608273776248</ele></trkpt><trkpt lat="38.01644" lon="-119.45780000000002"><ele>3035.0</ele></trkpt><trkpt lat="38.01655" lon="-119.45767999999998"><ele>3033.889496888034</ele></trkpt><trkpt lat="38.01667" lon="-119.45763999999997"><ele>3032.4347511778797</ele></trkpt><trkpt lat="38.01673" lon="-119.45754"><ele>3032.0</ele></trkpt><trkpt lat="38.01714" lon="-119.45713"><ele>3025.2576391114853</ele></trkpt><trkpt lat="38.01707" lon="-119.45706000000001"><ele>3022.081325069996</ele></trkpt><trkpt lat="38.01717" lon="-119.45697000000001"><ele>3020.0</ele></trkpt><trkpt lat="38.01709" lon="-119.45688999999999"><ele>3018.0728284441866</ele></trkpt><trkpt lat="38.01727" lon="-119.45682"><ele>3014.810591999907</ele></trkpt><trkpt lat="38.01729" lon="-119.45677"><ele>3013.480423111003</ele></trkpt><trkpt lat="38.01728" lon="-119.45663000000002"><ele>3010.9777934964086</ele></trkpt><trkpt lat="38.01732" lon="-119.45652000000001"><ele>3008.0</ele></trkpt><trkpt lat="38.01728" lon="-119.45640000000003"><ele>3006.2371733346954</ele></trkpt><trkpt lat="38.01731" lon="-119.45634999999999"><ele>3004.9740767805824</ele></trkpt><trkpt lat="38.01739" lon="-119.45636000000002"><ele>3002.9930280210115</ele></trkpt><trkpt lat="38.01745" lon="-119.45641999999998"><ele>3002.074399033396</ele></trkpt><trkpt lat="38.01757" lon="-119.45646999999997"><ele>3000.170321158576</ele></trkpt><trkpt lat="38.01762" lon="-119.45643000000001"><ele>2998.2435060946436</ele></trkpt><trkpt lat="38.01762" lon="-119.45634000000001"><ele>2996.6552512872513</ele></trkpt><trkpt lat="38.01754" lon="-119.45621"><ele>2996.0</ele></trkpt><trkpt lat="38.01751" lon="-119.45601999999997"><ele>2992.46999403977</ele></trkpt><trkpt lat="38.01748" lon="-119.45598000000001"><ele>2991.8873462436068</ele></trkpt><trkpt lat="38.01749" lon="-119.45592999999997"><ele>2991.024491590978</ele></trkpt><trkpt lat="38.01774" lon="-119.45604000000003"><ele>2987.0</ele></trkpt><trkpt lat="38.01783" lon="-119.45605"><ele>2986.889685647028</ele></trkpt><trkpt lat="38.01787" lon="-119.45600999999999"><ele>2985.619672100426</ele></trkpt><trkpt lat="38.01804" lon="-119.45535000000001"><ele>2981.0</ele></trkpt><trkpt lat="38.01819" lon="-119.45497999999998"><ele>2978.0</ele></trkpt><trkpt lat="38.01838" lon="-119.45463999999998"><ele>2978.1236563797193</ele></trkpt><trkpt lat="38.01851" lon="-119.45454000000001"><ele>2979.146901581315</ele></trkpt><trkpt lat="38.01859" lon="-119.45443999999998"><ele>2977.999702619891</ele></trkpt><trkpt lat="38.01862" lon="-119.45420999999999"><ele>2978.175775999669</ele></trkpt><trkpt lat="38.01868" lon="-119.45400999999998"><ele>2978.0</ele></trkpt><trkpt lat="38.01868" lon="-119.45389"><ele>2978.0</ele></trkpt><trkpt lat="38.01856" lon="-119.45280000000002"><ele>2973.5840554453493</ele></trkpt><trkpt lat="38.01849" lon="-119.4527"><ele>2973.0</ele></trkpt><trkpt lat="38.01844" lon="-119.45245"><ele>2970.019053338301</ele></trkpt><trkpt lat="38.01848" lon="-119.45226000000002"><ele>2969.146625504012</ele></trkpt><trkpt lat="38.01853" lon="-119.45215000000002"><ele>2968.5432707036534</ele></trkpt><trkpt lat="38.01858" lon="-119.45166"><ele>2960.1367614438896</ele></trkpt><trkpt lat="38.0186" lon="-119.45161000000002"><ele>2959.0069937785156</ele></trkpt><trkpt lat="38.0187" lon="-119.45154000000002"><ele>2957.0</ele></trkpt><trkpt lat="38.01874" lon="-119.45146999999997"><ele>2955.0</ele></trkpt><trkpt lat="38.01869" lon="-119.45140000000004"><ele>2953.2010618192667</ele></trkpt><trkpt lat="38.01863" lon="-119.45140000000004"><ele>2953.0</ele></trkpt><trkpt lat="38.01859" lon="-119.45136000000002"><ele>2951.3561493344605</ele></trkpt><trkpt lat="38.01861" lon="-119.45127000000002"><ele>2949.0291792019107</ele></trkpt><trkpt lat="38.01857" lon="-119.45123999999998"><ele>2947.621740543662</ele></trkpt><trkpt lat="38.01858" lon="-119.45114000000001"><ele>2946.041944099</ele></trkpt><trkpt lat="38.01876" lon="-119.45096999999998"><ele>2943.0</ele></trkpt><trkpt lat="38.01886" lon="-119.45080000000002"><ele>2940.0</ele></trkpt><trkpt lat="38.01902" lon="-119.45078999999998"><ele>2936.7922239997424</ele></trkpt><trkpt lat="38.01903" lon="-119.45076"><ele>2936.0</ele></trkpt><trkpt lat="38.01901" lon="-119.45069000000001"><ele>2934.2685488040984</ele></trkpt><trkpt lat="38.01913" lon="-119.45071999999999"><ele>2932.529987555463</ele></trkpt><trkpt lat="38.01913" lon="-119.45069000000001"><ele>2931.1318862228654</ele></trkpt><trkpt lat="38.01906" lon="-119.45062000000001"><ele>2929.1736082546895</ele></trkpt><trkpt lat="38.01908" lon="-119.45059000000003"><ele>2928.4802740539476</ele></trkpt><trkpt lat="38.01915" lon="-119.45060000000001"><ele>2927.8131768354215</ele></trkpt><trkpt lat="38.01919" lon="-119.45056999999997"><ele>2925.539480887819</ele></trkpt><trkpt lat="38.01918" lon="-119.45049"><ele>2922.811210666783</ele></trkpt><trkpt lat="38.01909" lon="-119.45042999999998"><ele>2921.01500799926</ele></trkpt><trkpt lat="38.01881" lon="-119.45031"><ele>2913.4226026670076</ele></trkpt><trkpt lat="38.01873" lon="-119.45029999999997"><ele>2911.266846829174</ele></trkpt><trkpt lat="38.01867" lon="-119.45026000000001"><ele>2908.7546168855897</ele></trkpt><trkpt lat="38.01855" lon="-119.45020999999997"><ele>2905.7622648873366</ele></trkpt><trkpt lat="38.01857" lon="-119.45015999999998"><ele>2904.0</ele></trkpt><trkpt lat="38.01864" lon="-119.45011999999997"><ele>2903.567960887216</ele></trkpt><trkpt lat="38.01865" lon="-119.45006999999998"><ele>2902.6543488137904</ele></trkpt><trkpt lat="38.01854" lon="-119.45004"><ele>2900.993683150269</ele></trkpt><trkpt lat="38.01849" lon="-119.44999000000001"><ele>2900.0</ele></trkpt><trkpt lat="38.01848" lon="-119.44992000000002"><ele>2898.121188600597</ele></trkpt><trkpt lat="38.01854" lon="-119.44984999999997"><ele>2896.9994108644364</ele></trkpt><trkpt lat="38.01869" lon="-119.44981000000001"><ele>2895.0</ele></trkpt><trkpt lat="38.01876" lon="-119.44957999999997"><ele>2891.0</ele></trkpt><trkpt lat="38.01881" lon="-119.44952999999998"><ele>2890.0</ele></trkpt><trkpt lat="38.01895" lon="-119.44943"><ele>2889.0</ele></trkpt><trkpt lat="38.01917" lon="-119.44916999999998"><ele>2889.0</ele></trkpt><trkpt lat="38.01932" lon="-119.44893000000002"><ele>2889.0</ele></trkpt><trkpt lat="38.01979" lon="-119.44825000000003"><ele>2890.0</ele></trkpt><trkpt lat="38.01978" lon="-119.44817999999998"><ele>2889.0</ele></trkpt><trkpt lat="38.01932" lon="-119.44780000000003"><ele>2890.0</ele></trkpt><trkpt lat="38.01919" lon="-119.44776999999999"><ele>2888.0</ele></trkpt><trkpt lat="38.01911" lon="-119.44776999999999"><ele>2887.987902740791</ele></trkpt><trkpt lat="38.01895" lon="-119.44789000000003"><ele>2885.1048486824757</ele></trkpt><trkpt lat="38.01888" lon="-119.44789000000003"><ele>2884.0</ele></trkpt><trkpt lat="38.01873" lon="-119.44776000000002"><ele>2880.2789624799043</ele></trkpt><trkpt lat="38.01859" lon="-119.4477"><ele>2877.0</ele></trkpt><trkpt lat="38.01849" lon="-119.4477"><ele>2875.0</ele></trkpt><trkpt lat="38.01843" lon="-119.44772999999998"><ele>2873.619243659172</ele></trkpt><trkpt lat="38.01831" lon="-119.44771000000003"><ele>2871.43366195634</ele></trkpt><trkpt lat="38.01818" lon="-119.44781"><ele>2868.0</ele></trkpt><trkpt lat="38.01811" lon="-119.44779"><ele>2866.6026165168732</ele></trkpt><trkpt lat="38.01807" lon="-119.44768999999997"><ele>2865.4820981698354</ele></trkpt><trkpt lat="38.01791" lon="-119.4477"><ele>2863.0</ele></trkpt><trkpt lat="38.01779" lon="-119.44761"><ele>2861.0</ele></trkpt><trkpt lat="38.01768" lon="-119.44758999999999"><ele>2859.338584889192</ele></trkpt><trkpt lat="38.01759" lon="-119.44762000000003"><ele>2857.0</ele></trkpt><trkpt lat="38.0174" lon="-119.44761"><ele>2855.0</ele></trkpt><trkpt lat="38.01729" lon="-119.44753000000003"><ele>2854.0</ele></trkpt><trkpt lat="38.01695" lon="-119.44761"><ele>2847.0</ele></trkpt><trkpt lat="38.01686" lon="-119.44758000000002"><ele>2846.0</ele></trkpt><trkpt lat="38.01682" lon="-119.44744000000003"><ele>2845.0</ele></trkpt><trkpt lat="38.01668" lon="-119.44741999999997"><ele>2843.0085574809873</ele></trkpt><trkpt lat="38.0166" lon="-119.44732999999997"><ele>2841.671732022589</ele></trkpt><trkpt lat="38.01642" lon="-119.44725"><ele>2838.515530837244</ele></trkpt><trkpt lat="38.01622" lon="-119.44725"><ele>2835.800831247121</ele></trkpt><trkpt lat="38.01593" lon="-119.44702000000001"><ele>2831.6463150884956</ele></trkpt><trkpt lat="38.0155" lon="-119.44684000000001"><ele>2824.0</ele></trkpt><trkpt lat="38.01512" lon="-119.44657000000001"><ele>2818.9662824766024</ele></trkpt><trkpt lat="38.01486" lon="-119.44632000000001"><ele>2815.6602239815074</ele></trkpt><trkpt lat="38.01447" lon="-119.4461"><ele>2810.0</ele></trkpt><trkpt lat="38.01414" lon="-119.44576"><ele>2806.0</ele></trkpt><trkpt lat="38.01366" lon="-119.44513"><ele>2796.3702060058713</ele></trkpt><trkpt lat="38.01348" lon="-119.44497999999999"><ele>2794.0</ele></trkpt><trkpt lat="38.01348" lon="-119.44497999999999"><ele>2794.0</ele></trkpt><trkpt lat="38.01345" lon="-119.44495999999998"><ele>2793.089653466447</ele></trkpt><trkpt lat="38.01337" lon="-119.44497999999999"><ele>2792.0</ele></trkpt><trkpt lat="38.01313" lon="-119.44465000000002"><ele>2787.0199951939285</ele></trkpt><trkpt lat="38.01312" lon="-119.44443000000001"><ele>2784.654084967261</ele></trkpt><trkpt lat="38.01308" lon="-119.44430999999997"><ele>2783.0500977316324</ele></trkpt><trkpt lat="38.01297" lon="-119.44430999999997"><ele>2782.0</ele></trkpt><trkpt lat="38.01293" lon="-119.44434999999999"><ele>2782.0</ele></trkpt><trkpt lat="38.01287" lon="-119.44434999999999"><ele>2780.640729373321</ele></trkpt><trkpt lat="38.01287" lon="-119.44434999999999"><ele>2780.640729373321</ele></trkpt><trkpt lat="38.01287" lon="-119.44434999999999"><ele>2780.640729373321</ele></trkpt><trkpt lat="38.01267" lon="-119.44416999999999"><ele>2778.052637827342</ele></trkpt><trkpt lat="38.01252" lon="-119.44398999999999"><ele>2777.0</ele></trkpt><trkpt lat="38.01237" lon="-119.44387999999998"><ele>2775.0</ele></trkpt><trkpt lat="38.01233" lon="-119.44371999999998"><ele>2774.0</ele></trkpt><trkpt lat="38.01226" lon="-119.4436"><ele>2773.0</ele></trkpt><trkpt lat="38.01207" lon="-119.44335999999998"><ele>2769.5291271102615</ele></trkpt><trkpt lat="38.01207" lon="-119.44335999999998"><ele>2769.5291271102615</ele></trkpt><trkpt lat="38.01187" lon="-119.44313999999997"><ele>2768.0</ele></trkpt><trkpt lat="38.0117" lon="-119.44303000000002"><ele>2764.065211642871</ele></trkpt><trkpt lat="38.01146" lon="-119.44272999999998"><ele>2759.0</ele></trkpt><trkpt lat="38.01138" lon="-119.44271000000003"><ele>2759.0</ele></trkpt><trkpt lat="38.01124" lon="-119.44259"><ele>2758.0</ele></trkpt><trkpt lat="38.01115" lon="-119.44247000000001"><ele>2758.0</ele></trkpt><trkpt lat="38.01106" lon="-119.44227999999998"><ele>2757.9168396720306</ele></trkpt><trkpt lat="38.01104" lon="-119.44204000000002"><ele>2758.4035545193556</ele></trkpt><trkpt lat="38.01097" lon="-119.44191999999998"><ele>2758.0</ele></trkpt><trkpt lat="38.01076" lon="-119.44171"><ele>2754.0</ele></trkpt><trkpt lat="38.01051" lon="-119.44162"><ele>2752.5607502218336</ele></trkpt><trkpt lat="38.01035" lon="-119.44142"><ele>2750.582979436964</ele></trkpt><trkpt lat="38.0099" lon="-119.44079999999997"><ele>2747.0</ele></trkpt><trkpt lat="38.00938" lon="-119.44033999999999"><ele>2745.20894144848</ele></trkpt><trkpt lat="38.0087" lon="-119.43956000000003"><ele>2744.9949473042507</ele></trkpt><trkpt lat="38.0085" lon="-119.43925999999999"><ele>2743.0</ele></trkpt><trkpt lat="38.00817" lon="-119.43899999999996"><ele>2741.762041866427</ele></trkpt><trkpt lat="38.00806" lon="-119.43896000000001"><ele>2740.0</ele></trkpt><trkpt lat="38.0077" lon="-119.43864000000002"><ele>2738.8412695471197</ele></trkpt><trkpt lat="38.00763" lon="-119.43862000000001"><ele>2738.0</ele></trkpt><trkpt lat="38.00758" lon="-119.43867"><ele>2739.0</ele></trkpt><trkpt lat="38.00739" lon="-119.43873000000002"><ele>2740.0</ele></trkpt><trkpt lat="38.00721" lon="-119.43871000000001"><ele>2740.0</ele></trkpt><trkpt lat="38.00692" lon="-119.43839000000003"><ele>2739.0</ele></trkpt><trkpt lat="38.00678" lon="-119.43815999999998"><ele>2738.536445733983</ele></trkpt><trkpt lat="38.00671" lon="-119.43808999999999"><ele>2738.929326221347</ele></trkpt><trkpt lat="38.00661" lon="-119.43804999999998"><ele>2738.6524421902795</ele></trkpt><trkpt lat="38.00653" lon="-119.43795"><ele>2738.404853333719</ele></trkpt><trkpt lat="38.00632" lon="-119.4375"><ele>2738.3382044694154</ele></trkpt><trkpt lat="38.00611" lon="-119.43732999999997"><ele>2739.0</ele></trkpt><trkpt lat="38.00603" lon="-119.43711000000002"><ele>2737.0</ele></trkpt><trkpt lat="38.00582" lon="-119.43687999999997"><ele>2733.0</ele></trkpt><trkpt lat="38.00565" lon="-119.43660999999997"><ele>2732.0</ele></trkpt><trkpt lat="38.00554" lon="-119.43653"><ele>2732.0</ele></trkpt><trkpt lat="38.00541" lon="-119.43630999999999"><ele>2729.975313777104</ele></trkpt><trkpt lat="38.0052" lon="-119.43619999999999"><ele>2728.99651439812</ele></trkpt><trkpt lat="38.00501" lon="-119.43603999999999"><ele>2726.1022436722915</ele></trkpt><trkpt lat="38.00497" lon="-119.43594000000002"><ele>2725.8321806892864</ele></trkpt><trkpt lat="38.00497" lon="-119.43579"><ele>2724.4644677866145</ele></trkpt><trkpt lat="38.00488" lon="-119.43565000000001"><ele>2724.0</ele></trkpt><trkpt lat="38.00474" lon="-119.43554"><ele>2723.791259714255</ele></trkpt><trkpt lat="38.00466" lon="-119.43540000000002"><ele>2722.0</ele></trkpt><trkpt lat="38.00456" lon="-119.43506000000002"><ele>2722.0</ele></trkpt><trkpt lat="38.0044" lon="-119.43484999999998"><ele>2722.0</ele></trkpt><trkpt lat="38.00438" lon="-119.43473"><ele>2720.3419768889435</ele></trkpt><trkpt lat="38.0045" lon="-119.43457999999998"><ele>2720.0</ele></trkpt><trkpt lat="38.0045" lon="-119.43448999999998"><ele>2721.0</ele></trkpt><trkpt lat="38.00442" lon="-119.43414999999999"><ele>2721.8442818839103</ele></trkpt><trkpt lat="38.00411" lon="-119.43367999999998"><ele>2719.0</ele></trkpt><trkpt lat="38.00407" lon="-119.43358"><ele>2719.0</ele></trkpt><trkpt lat="38.00405" lon="-119.43345"><ele>2719.0</ele></trkpt><trkpt lat="38.00397" lon="-119.43327999999997"><ele>2718.0</ele></trkpt><trkpt lat="38.00387" lon="-119.43322"><ele>2716.0</ele></trkpt><trkpt lat="38.00383" lon="-119.43304999999998"><ele>2712.9494031909853</ele></trkpt><trkpt lat="38.00377" lon="-119.43304999999998"><ele>2710.400787189603</ele></trkpt><trkpt lat="38.00375" lon="-119.43297999999999"><ele>2709.0</ele></trkpt><trkpt lat="38.00378" lon="-119.43288999999999"><ele>2708.5871596382117</ele></trkpt><trkpt lat="38.0037" lon="-119.43270999999999"><ele>2705.410922549275</ele></trkpt><trkpt lat="38.0037" lon="-119.43245000000002"><ele>2703.0</ele></trkpt><trkpt lat="38.00379" lon="-119.43218000000002"><ele>2698.7932298212236</ele></trkpt><trkpt lat="38.00385" lon="-119.43207000000001"><ele>2699.429369481759</ele></trkpt><trkpt lat="38.00386" lon="-119.43198000000001"><ele>2696.497899015259</ele></trkpt><trkpt lat="38.00407" lon="-119.43167"><ele>2694.879537129309</ele></trkpt><trkpt lat="38.00407" lon="-119.43160999999998"><ele>2693.135181628417</ele></trkpt><trkpt lat="38.004" lon="-119.43160999999998"><ele>2691.0035989590156</ele></trkpt><trkpt lat="38.00399" lon="-119.43155000000002"><ele>2690.0</ele></trkpt><trkpt lat="38.00407" lon="-119.43138999999996"><ele>2686.731778505922</ele></trkpt><trkpt lat="38.00407" lon="-119.43128000000002"><ele>2683.0</ele></trkpt><trkpt lat="38.00402" lon="-119.43120999999996"><ele>2681.0</ele></trkpt><trkpt lat="38.00407" lon="-119.43114000000003"><ele>2680.0</ele></trkpt><trkpt lat="38.00415" lon="-119.43115"><ele>2681.875404248014</ele></trkpt><trkpt lat="38.00416" lon="-119.43105000000003"><ele>2681.5513235983694</ele></trkpt><trkpt lat="38.00427" lon="-119.43099999999998"><ele>2683.0</ele></trkpt><trkpt lat="38.00427" lon="-119.43083999999999"><ele>2680.0</ele></trkpt><trkpt lat="38.00425" lon="-119.43079"><ele>2679.2174559029145</ele></trkpt><trkpt lat="38.00416" lon="-119.43077"><ele>2677.577419377756</ele></trkpt><trkpt lat="38.0041" lon="-119.43085000000002"><ele>2675.9608125934496</ele></trkpt><trkpt lat="38.00405" lon="-119.43086"><ele>2673.9994895531636</ele></trkpt><trkpt lat="38.00398" lon="-119.43083999999999"><ele>2671.8307742049105</ele></trkpt><trkpt lat="38.00384" lon="-119.43092999999999"><ele>2666.789980805479</ele></trkpt><trkpt lat="38.00382" lon="-119.43085000000002"><ele>2665.3579669911414</ele></trkpt><trkpt lat="38.00376" lon="-119.43081999999998"><ele>2663.809351472184</ele></trkpt><trkpt lat="38.00379" lon="-119.43072999999998"><ele>2660.9702173608775</ele></trkpt><trkpt lat="38.00376" lon="-119.43069000000003"><ele>2658.0520661206283</ele></trkpt><trkpt lat="38.00386" lon="-119.43065000000001"><ele>2659.779023855665</ele></trkpt><trkpt lat="38.00389" lon="-119.43059"><ele>2657.90201498894</ele></trkpt><trkpt lat="38.00387" lon="-119.43052"><ele>2655.0446743745833</ele></trkpt><trkpt lat="38.00402" lon="-119.43038000000001"><ele>2652.6172835566103</ele></trkpt><trkpt lat="38.00402" lon="-119.43033000000003"><ele>2650.4202148912254</ele></trkpt><trkpt lat="38.00385" lon="-119.43036000000001"><ele>2645.6852160003036</ele></trkpt><trkpt lat="38.00384" lon="-119.43029999999999"><ele>2643.9490393033657</ele></trkpt><trkpt lat="38.00396" lon="-119.43018999999998"><ele>2642.400722936727</ele></trkpt><trkpt lat="38.00405" lon="-119.43014"><ele>2642.4324728883803</ele></trkpt><trkpt lat="38.00414" lon="-119.43004000000002"><ele>2640.9913948192743</ele></trkpt><trkpt lat="38.00417" lon="-119.42996"><ele>2638.0438648886047</ele></trkpt><trkpt lat="38.00392" lon="-119.42995000000002"><ele>2633.0</ele></trkpt><trkpt lat="38.00394" lon="-119.42989"><ele>2631.881032648434</ele></trkpt><trkpt lat="38.00407" lon="-119.42971"><ele>2629.056554164505</ele></trkpt><trkpt lat="38.00403" lon="-119.42969"><ele>2627.4609528887086</ele></trkpt><trkpt lat="38.00384" lon="-119.42978"><ele>2625.655256888829</ele></trkpt><trkpt lat="38.00373" lon="-119.42973"><ele>2622.011392644132</ele></trkpt><trkpt lat="38.00366" lon="-119.42977000000002"><ele>2622.0</ele></trkpt><trkpt lat="38.00349" lon="-119.42975999999999"><ele>2619.0</ele></trkpt><trkpt lat="38.00337" lon="-119.42984000000001"><ele>2619.3356246844796</ele></trkpt><trkpt lat="38.00318" lon="-119.42984000000001"><ele>2616.4514595563523</ele></trkpt><trkpt lat="38.00286" lon="-119.42989"><ele>2611.453709620577</ele></trkpt><trkpt lat="38.00283" lon="-119.42984999999999"><ele>2609.9840087424186</ele></trkpt><trkpt lat="38.00293" lon="-119.42964"><ele>2605.851252035238</ele></trkpt><trkpt lat="38.0029" lon="-119.42955999999998"><ele>2603.380851069843</ele></trkpt><trkpt lat="38.00278" lon="-119.42961000000003"><ele>2601.581725029275</ele></trkpt><trkpt lat="38.00275" lon="-119.4296"><ele>2600.2666488890536</ele></trkpt><trkpt lat="38.00276" lon="-119.42953999999997"><ele>2598.470446221065</ele></trkpt><trkpt lat="38.0029" lon="-119.42946"><ele>2598.6883574523963</ele></trkpt><trkpt lat="38.00295" lon="-119.42939999999999"><ele>2596.8545224608174</ele></trkpt><trkpt lat="38.00341" lon="-119.42874"><ele>2591.0</ele></trkpt><trkpt lat="38.00355" lon="-119.42813999999998"><ele>2583.1378636278487</ele></trkpt><trkpt lat="38.00356" lon="-119.42786000000001"><ele>2579.0</ele></trkpt><trkpt lat="38.00385" lon="-119.42739"><ele>2574.0</ele></trkpt><trkpt lat="38.00415" lon="-119.42728999999997"><ele>2575.0</ele></trkpt><trkpt lat="38.00455" lon="-119.42700000000002"><ele>2574.578723326679</ele></trkpt><trkpt lat="38.00486" lon="-119.42660999999998"><ele>2574.0</ele></trkpt><trkpt lat="38.00518" lon="-119.42628000000002"><ele>2572.543434667401</ele></trkpt><trkpt lat="38.00537" lon="-119.42596000000003"><ele>2570.0</ele></trkpt><trkpt lat="38.0058" lon="-119.42539"><ele>2571.0</ele></trkpt><trkpt lat="38.00604" lon="-119.42502000000002"><ele>2571.0</ele></trkpt><trkpt lat="38.00634" lon="-119.42443000000003"><ele>2570.3271857788786</ele></trkpt><trkpt lat="38.00657" lon="-119.42363999999998"><ele>2572.0</ele></trkpt><trkpt lat="38.00666" lon="-119.42347000000001"><ele>2572.0</ele></trkpt><trkpt lat="38.00692" lon="-119.42326000000003"><ele>2573.0</ele></trkpt><trkpt lat="38.00715" lon="-119.42299000000003"><ele>2573.218321779277</ele></trkpt><trkpt lat="38.00748" lon="-119.42225000000002"><ele>2573.0</ele></trkpt><trkpt lat="38.00779" lon="-119.42203"><ele>2573.0</ele></trkpt><trkpt lat="38.00789" lon="-119.42185"><ele>2573.1624747496885</ele></trkpt><trkpt lat="38.00843" lon="-119.42138999999997"><ele>2574.0121502252287</ele></trkpt><trkpt lat="38.00843" lon="-119.42138999999997"><ele>2574.0121502252287</ele></trkpt><trkpt lat="38.00867" lon="-119.42111"><ele>2574.0</ele></trkpt><trkpt lat="38.00876" lon="-119.42090999999999"><ele>2574.0</ele></trkpt><trkpt lat="38.00898" lon="-119.42068999999998"><ele>2574.5635213786327</ele></trkpt><trkpt lat="38.00955" lon="-119.41998999999998"><ele>2573.0</ele></trkpt><trkpt lat="38.00981" lon="-119.41982000000002"><ele>2573.0</ele></trkpt><trkpt lat="38.00996" lon="-119.41969"><ele>2574.0</ele></trkpt><trkpt lat="38.01027" lon="-119.41953999999998"><ele>2574.371635977009</ele></trkpt><trkpt lat="38.01041" lon="-119.41949"><ele>2575.224364713692</ele></trkpt><trkpt lat="38.01053" lon="-119.41942"><ele>2575.074054754805</ele></trkpt><trkpt lat="38.01061" lon="-119.41931999999997"><ele>2574.9687578625417</ele></trkpt><trkpt lat="38.01068" lon="-119.41894000000002"><ele>2575.0</ele></trkpt><trkpt lat="38.01074" lon="-119.41880000000003"><ele>2576.0</ele></trkpt><trkpt lat="38.01114" lon="-119.41813000000002"><ele>2577.0</ele></trkpt><trkpt lat="38.01165" lon="-119.41715999999997"><ele>2578.0</ele></trkpt><trkpt lat="38.01174" lon="-119.41676999999999"><ele>2578.0</ele></trkpt><trkpt lat="38.01185" lon="-119.41658999999999"><ele>2578.0</ele></trkpt><trkpt lat="38.01209" lon="-119.41640000000001"><ele>2579.0</ele></trkpt><trkpt lat="38.01244" lon="-119.4162"><ele>2580.0</ele></trkpt><trkpt lat="38.01261" lon="-119.41586000000001"><ele>2579.0</ele></trkpt><trkpt lat="38.01296" lon="-119.41557"><ele>2579.0</ele></trkpt><trkpt lat="38.01307" lon="-119.41543000000001"><ele>2580.0</ele></trkpt><trkpt lat="38.01319" lon="-119.41518000000002"><ele>2580.0</ele></trkpt><trkpt lat="38.01348" lon="-119.41494"><ele>2581.0</ele></trkpt><trkpt lat="38.01348" lon="-119.41494"><ele>2581.0</ele></trkpt><trkpt lat="38.01358" lon="-119.41485"><ele>2581.0</ele></trkpt><trkpt lat="38.01403" lon="-119.41458999999998"><ele>2582.0</ele></trkpt><trkpt lat="38.01452" lon="-119.41404"><ele>2583.0</ele></trkpt><trkpt lat="38.01474" lon="-119.41375"><ele>2584.0</ele></trkpt><trkpt lat="38.01484" lon="-119.41356000000002"><ele>2585.2088703761833</ele></trkpt><trkpt lat="38.01519" lon="-119.41323"><ele>2589.0</ele></trkpt><trkpt lat="38.01519" lon="-119.41316"><ele>2589.8730297125876</ele></trkpt><trkpt lat="38.01519" lon="-119.41316"><ele>2589.8730297125876</ele></trkpt><trkpt lat="38.01519" lon="-119.41316"><ele>2589.8730297125876</ele></trkpt><trkpt lat="38.01512" lon="-119.41305"><ele>2591.019253333099</ele></trkpt><trkpt lat="38.01507" lon="-119.41302999999999"><ele>2592.21433187779</ele></trkpt><trkpt lat="38.01486" lon="-119.41298999999998"><ele>2596.5278829621093</ele></trkpt><trkpt lat="38.01454" lon="-119.41298"><ele>2602.0</ele></trkpt><trkpt lat="38.01411" lon="-119.41300999999999"><ele>2607.010170043409</ele></trkpt><trkpt lat="38.01401" lon="-119.41305999999997"><ele>2608.0</ele></trkpt><trkpt lat="38.01389" lon="-119.41305"><ele>2612.0436886385473</ele></trkpt><trkpt lat="38.01374" lon="-119.41311000000002"><ele>2614.9204924553924</ele></trkpt><trkpt lat="38.01348" lon="-119.41327000000001"><ele>2619.7665102216415</ele></trkpt><trkpt lat="38.01348" lon="-119.41327000000001"><ele>2619.7665102216415</ele></trkpt><trkpt lat="38.01317" lon="-119.41338000000002"><ele>2622.64013866568</ele></trkpt><trkpt lat="38.01252" lon="-119.41394000000003"><ele>2638.0336422708206</ele></trkpt><trkpt lat="38.01249" lon="-119.41392000000002"><ele>2639.9140825204636</ele></trkpt><trkpt lat="38.01249" lon="-119.41386"><ele>2641.8365610111505</ele></trkpt><trkpt lat="38.01253" lon="-119.41368"><ele>2643.8195191122677</ele></trkpt><trkpt lat="38.01225" lon="-119.41395"><ele>2652.0</ele></trkpt><trkpt lat="38.01221" lon="-119.41395"><ele>2652.9541729545463</ele></trkpt><trkpt lat="38.01215" lon="-119.41383000000002"><ele>2654.9477220587432</ele></trkpt><trkpt lat="38.01209" lon="-119.41377999999997"><ele>2656.0</ele></trkpt><trkpt lat="38.01175" lon="-119.41379999999998"><ele>2655.0</ele></trkpt><trkpt lat="38.0112" lon="-119.41404999999997"><ele>2650.0</ele></trkpt><trkpt lat="38.01079" lon="-119.41419000000002"><ele>2658.0</ele></trkpt><trkpt lat="38.01066" lon="-119.4142"><ele>2663.0</ele></trkpt><trkpt lat="38.01058" lon="-119.41415"><ele>2664.6140677716508</ele></trkpt><trkpt lat="38.01049" lon="-119.41415"><ele>2665.0</ele></trkpt><trkpt lat="38.01043" lon="-119.41422999999998"><ele>2665.712374810595</ele></trkpt><trkpt lat="38.01044" lon="-119.41444000000001"><ele>2664.0936177261174</ele></trkpt><trkpt lat="38.01047" lon="-119.41451"><ele>2665.021678222809</ele></trkpt><trkpt lat="38.01044" lon="-119.41458"><ele>2668.026579445544</ele></trkpt><trkpt lat="38.0104" lon="-119.41462999999999"><ele>2669.0</ele></trkpt><trkpt lat="38.00997" lon="-119.41485999999998"><ele>2676.0</ele></trkpt><trkpt lat="38.00978" lon="-119.41487999999998"><ele>2679.0</ele></trkpt><trkpt lat="38.0097" lon="-119.41480999999999"><ele>2680.8636247757822</ele></trkpt><trkpt lat="38.00964" lon="-119.41482000000002"><ele>2682.724635538805</ele></trkpt><trkpt lat="38.00951" lon="-119.41494999999998"><ele>2685.5265001292355</ele></trkpt><trkpt lat="38.00946" lon="-119.41494999999998"><ele>2687.027995578095</ele></trkpt><trkpt lat="38.00944" lon="-119.41491000000002"><ele>2688.242171011865</ele></trkpt><trkpt lat="38.00955" lon="-119.41458"><ele>2691.451954977121</ele></trkpt><trkpt lat="38.00956" lon="-119.41451"><ele>2692.1258390526955</ele></trkpt><trkpt lat="38.00952" lon="-119.41449"><ele>2694.0</ele></trkpt><trkpt lat="38.00897" lon="-119.41500000000002"><ele>2706.041712338105</ele></trkpt><trkpt lat="38.00874" lon="-119.41514000000001"><ele>2714.0</ele></trkpt><trkpt lat="38.00866" lon="-119.41523000000001"><ele>2716.5761102228425</ele></trkpt><trkpt lat="38.00832" lon="-119.41525999999999"><ele>2724.0</ele></trkpt><trkpt lat="38.00823" lon="-119.41534999999999"><ele>2725.0</ele></trkpt><trkpt lat="38.00817" lon="-119.41545000000002"><ele>2727.0</ele></trkpt><trkpt lat="38.00811" lon="-119.41547000000003"><ele>2728.0</ele></trkpt><trkpt lat="38.00806" lon="-119.41545000000002"><ele>2728.0</ele></trkpt><trkpt lat="38.00805" lon="-119.41511000000003"><ele>2733.0</ele></trkpt><trkpt lat="38.00801" lon="-119.41478999999998"><ele>2738.8232004083693</ele></trkpt><trkpt lat="38.00814" lon="-119.41474"><ele>2738.259544888977</ele></trkpt><trkpt lat="38.00816" lon="-119.41467999999998"><ele>2739.9538656279665</ele></trkpt><trkpt lat="38.00815" lon="-119.41460999999998"><ele>2742.172542266135</ele></trkpt><trkpt lat="38.00806" lon="-119.41458999999998"><ele>2744.8993941115823</ele></trkpt><trkpt lat="38.008" lon="-119.41453999999999"><ele>2747.0</ele></trkpt><trkpt lat="38.008" lon="-119.41449"><ele>2748.0</ele></trkpt><trkpt lat="38.00804" lon="-119.41438"><ele>2748.0837574803268</ele></trkpt><trkpt lat="38.00805" lon="-119.41424999999998"><ele>2750.5089830612233</ele></trkpt><trkpt lat="38.00822" lon="-119.41388999999998"><ele>2755.350984671929</ele></trkpt><trkpt lat="38.00824" lon="-119.41379"><ele>2756.2193699516356</ele></trkpt><trkpt lat="38.00821" lon="-119.41372999999999"><ele>2757.9937850441784</ele></trkpt><trkpt lat="38.00822" lon="-119.41367000000002"><ele>2758.477119347376</ele></trkpt><trkpt lat="38.00833" lon="-119.41363000000001"><ele>2758.9892942216247</ele></trkpt><trkpt lat="38.00843" lon="-119.41349000000002"><ele>2760.4951579771005</ele></trkpt><trkpt lat="38.00822" lon="-119.41347000000002"><ele>2767.6687828212152</ele></trkpt><trkpt lat="38.00804" lon="-119.41352"><ele>2771.1588125858493</ele></trkpt><trkpt lat="38.00794" lon="-119.41363000000001"><ele>2771.9059556577326</ele></trkpt><trkpt lat="38.00773" lon="-119.41379"><ele>2778.179575669604</ele></trkpt><trkpt lat="38.00764" lon="-119.41399000000001"><ele>2778.7075337655842</ele></trkpt><trkpt lat="38.00754" lon="-119.41408000000001"><ele>2780.639973715879</ele></trkpt><trkpt lat="38.00728" lon="-119.41424999999998"><ele>2786.0000278597</ele></trkpt><trkpt lat="38.00712" lon="-119.41430000000003"><ele>2789.8739879408877</ele></trkpt><trkpt lat="38.00698" lon="-119.41440999999998"><ele>2792.475276719034</ele></trkpt><trkpt lat="38.00696" lon="-119.41449"><ele>2792.9934675308446</ele></trkpt><trkpt lat="38.0069" lon="-119.41456"><ele>2793.308435963573</ele></trkpt><trkpt lat="38.00674" lon="-119.41460000000001"><ele>2793.9868758249518</ele></trkpt><trkpt lat="38.0066" lon="-119.41485999999998"><ele>2799.3328604432754</ele></trkpt><trkpt lat="38.00649" lon="-119.41523000000001"><ele>2803.0</ele></trkpt><trkpt lat="38.00639" lon="-119.41536000000002"><ele>2804.0</ele></trkpt><trkpt lat="38.00606" lon="-119.41564"><ele>2805.0</ele></trkpt><trkpt lat="38.00582" lon="-119.41588999999999"><ele>2808.0</ele></trkpt><trkpt lat="38.00563" lon="-119.41592000000003"><ele>2809.2675591092557</ele></trkpt><trkpt lat="38.00556" lon="-119.41584999999998"><ele>2810.873477295586</ele></trkpt><trkpt lat="38.00556" lon="-119.41577999999998"><ele>2812.792032000143</ele></trkpt><trkpt lat="38.00547" lon="-119.41573"><ele>2815.1222008890472</ele></trkpt><trkpt lat="38.00534" lon="-119.41571999999996"><ele>2818.436943428281</ele></trkpt><trkpt lat="38.00517" lon="-119.41579000000002"><ele>2823.8634581214274</ele></trkpt><trkpt lat="38.00513" lon="-119.41586000000001"><ele>2825.152797545068</ele></trkpt><trkpt lat="38.00504" lon="-119.41593"><ele>2830.6846956587397</ele></trkpt><trkpt lat="38.00491" lon="-119.41586000000001"><ele>2831.1750122085214</ele></trkpt><trkpt lat="38.00487" lon="-119.41602"><ele>2835.6072213328443</ele></trkpt><trkpt lat="38.00452" lon="-119.41610000000003"><ele>2840.212094476561</ele></trkpt><trkpt lat="38.00452" lon="-119.41604000000001"><ele>2841.9164578430355</ele></trkpt><trkpt lat="38.00465" lon="-119.41588000000002"><ele>2843.6842479682527</ele></trkpt><trkpt lat="38.00464" lon="-119.41580999999996"><ele>2846.4812025686415</ele></trkpt><trkpt lat="38.00461" lon="-119.41575999999998"><ele>2848.9183245263994</ele></trkpt><trkpt lat="38.00436" lon="-119.41584999999998"><ele>2856.0</ele></trkpt><trkpt lat="38.00433" lon="-119.41575999999998"><ele>2857.0</ele></trkpt><trkpt lat="38.00434" lon="-119.41568999999998"><ele>2856.9984592958244</ele></trkpt><trkpt lat="38.0043" lon="-119.41565000000003"><ele>2859.253004323691</ele></trkpt><trkpt lat="38.00414" lon="-119.41583000000003"><ele>2864.1778976428322</ele></trkpt><trkpt lat="38.00408" lon="-119.41580999999996"><ele>2867.104259873093</ele></trkpt><trkpt lat="38.00394" lon="-119.41588999999999"><ele>2871.8478063807383</ele></trkpt><trkpt lat="38.0039" lon="-119.41577999999998"><ele>2874.981395419334</ele></trkpt><trkpt lat="38.00378" lon="-119.41593999999998"><ele>2879.343268569093</ele></trkpt><trkpt lat="38.00368" lon="-119.41577999999998"><ele>2885.922131370753</ele></trkpt><trkpt lat="38.00356" lon="-119.41593999999998"><ele>2890.006490404859</ele></trkpt><trkpt lat="38.00351" lon="-119.41584999999998"><ele>2892.976515268907</ele></trkpt><trkpt lat="38.00313" lon="-119.41643999999997"><ele>2906.46949599064</ele></trkpt><trkpt lat="38.00298" lon="-119.41658000000001"><ele>2909.3223860375583</ele></trkpt><trkpt lat="38.00272" lon="-119.41692"><ele>2917.0</ele></trkpt><trkpt lat="38.00239" lon="-119.41700000000003"><ele>2924.064088890329</ele></trkpt><trkpt lat="38.00232" lon="-119.41694999999999"><ele>2924.3565498832613</ele></trkpt><trkpt lat="38.00229" lon="-119.41683999999998"><ele>2926.0</ele></trkpt><trkpt lat="38.00252" lon="-119.41661999999997"><ele>2931.645194667857</ele></trkpt><trkpt lat="38.00255" lon="-119.41656999999998"><ele>2931.0</ele></trkpt><trkpt lat="38.00254" lon="-119.41645"><ele>2932.0</ele></trkpt><trkpt lat="38.00258" lon="-119.41636"><ele>2932.995121774812</ele></trkpt><trkpt lat="38.0027" lon="-119.41619000000003"><ele>2932.0</ele></trkpt><trkpt lat="38.00273" lon="-119.41611"><ele>2932.5870826672763</ele></trkpt><trkpt lat="38.00269" lon="-119.41606999999999"><ele>2932.0</ele></trkpt><trkpt lat="38.00243" lon="-119.41598999999997"><ele>2933.0045289535783</ele></trkpt><trkpt lat="38.0017" lon="-119.41615000000002"><ele>2936.0</ele></trkpt><trkpt lat="38.00162" lon="-119.41620999999998"><ele>2936.0</ele></trkpt><trkpt lat="38.00143" lon="-119.41625999999997"><ele>2933.004059241051</ele></trkpt><trkpt lat="38.00128" lon="-119.41624999999999"><ele>2929.0</ele></trkpt><trkpt lat="38.00077" lon="-119.41634999999997"><ele>2923.0</ele></trkpt><trkpt lat="38.00048" lon="-119.41636"><ele>2921.0</ele></trkpt><trkpt lat="37.99986" lon="-119.41651999999999"><ele>2919.0</ele></trkpt><trkpt lat="37.99956" lon="-119.41667000000001"><ele>2918.0</ele></trkpt><trkpt lat="37.99925" lon="-119.41687000000002"><ele>2918.0</ele></trkpt><trkpt lat="37.99868" lon="-119.41705999999999"><ele>2915.139708444942</ele></trkpt><trkpt lat="37.99828" lon="-119.41705000000002"><ele>2914.887522216409</ele></trkpt><trkpt lat="37.99725" lon="-119.41746"><ele>2912.0</ele></trkpt><trkpt lat="37.99692" lon="-119.41773999999998"><ele>2914.0</ele></trkpt><trkpt lat="37.99673" lon="-119.41786000000002"><ele>2913.0499988645315</ele></trkpt><trkpt lat="37.99642" lon="-119.41818"><ele>2905.9439253332093</ele></trkpt><trkpt lat="37.99623" lon="-119.41829999999999"><ele>2900.3515200000256</ele></trkpt><trkpt lat="37.99622" lon="-119.41836999999998"><ele>2898.8996167537807</ele></trkpt><trkpt lat="37.99625" lon="-119.41850999999997"><ele>2896.0</ele></trkpt><trkpt lat="37.99616" lon="-119.41863999999998"><ele>2892.5063715563156</ele></trkpt><trkpt lat="37.99616" lon="-119.41863999999998"><ele>2892.5063715563156</ele></trkpt><trkpt lat="37.99587" lon="-119.41867000000002"><ele>2889.10827022139</ele></trkpt><trkpt lat="37.99538" lon="-119.41895"><ele>2883.0593244442716</ele></trkpt><trkpt lat="37.99434" lon="-119.41907000000003"><ele>2882.0</ele></trkpt><trkpt lat="37.99403" lon="-119.41898000000003"><ele>2882.0</ele></trkpt><trkpt lat="37.9939" lon="-119.41885000000002"><ele>2882.0</ele></trkpt><trkpt lat="37.99388" lon="-119.41876000000002"><ele>2882.0</ele></trkpt><trkpt lat="37.99389" lon="-119.41865000000001"><ele>2882.0</ele></trkpt><trkpt lat="37.99399" lon="-119.41841"><ele>2882.0</ele></trkpt><trkpt lat="37.99412" lon="-119.41791999999998"><ele>2883.0</ele></trkpt><trkpt lat="37.99429" lon="-119.41760999999997"><ele>2883.0</ele></trkpt><trkpt lat="37.99463" lon="-119.41721000000001"><ele>2884.850798222702</ele></trkpt><trkpt lat="37.99507" lon="-119.41681"><ele>2886.1847738985757</ele></trkpt><trkpt lat="37.99524" lon="-119.41643999999997"><ele>2886.0</ele></trkpt><trkpt lat="37.99546" lon="-119.4162"><ele>2887.0</ele></trkpt><trkpt lat="37.99567" lon="-119.41586000000001"><ele>2888.468575943735</ele></trkpt><trkpt lat="37.99597" lon="-119.41568000000001"><ele>2892.0</ele></trkpt><trkpt lat="37.99616" lon="-119.41546"><ele>2892.1007121279094</ele></trkpt><trkpt lat="37.99616" lon="-119.41546"><ele>2892.1007121279094</ele></trkpt><trkpt lat="37.99644" lon="-119.41514999999998"><ele>2894.0</ele></trkpt><trkpt lat="37.99656" lon="-119.41487999999998"><ele>2894.0</ele></trkpt><trkpt lat="37.99675" lon="-119.41471000000001"><ele>2896.7373314577953</ele></trkpt><trkpt lat="37.9969" lon="-119.41444000000001"><ele>2899.921433280783</ele></trkpt><trkpt lat="37.99696" lon="-119.41428000000002"><ele>2902.242773790278</ele></trkpt><trkpt lat="37.99694" lon="-119.41403000000003"><ele>2905.0</ele></trkpt><trkpt lat="37.99698" lon="-119.41379"><ele>2904.0</ele></trkpt><trkpt lat="37.99694" lon="-119.41375"><ele>2903.6031111110933</ele></trkpt><trkpt lat="37.99678" lon="-119.41372999999999"><ele>2902.0</ele></trkpt><trkpt lat="37.99674" lon="-119.41354999999999"><ele>2900.0</ele></trkpt><trkpt lat="37.99674" lon="-119.41349000000002"><ele>2900.0</ele></trkpt><trkpt lat="37.99679" lon="-119.41332999999997"><ele>2900.017764223277</ele></trkpt><trkpt lat="37.99679" lon="-119.41313000000002"><ele>2899.598274221644</ele></trkpt><trkpt lat="37.99686" lon="-119.41293000000002"><ele>2900.4513627918122</ele></trkpt><trkpt lat="37.99732" lon="-119.41221000000002"><ele>2907.0</ele></trkpt><trkpt lat="37.99738" lon="-119.41206999999997"><ele>2908.1515629545247</ele></trkpt><trkpt lat="37.99738" lon="-119.41197999999997"><ele>2907.489803181961</ele></trkpt><trkpt lat="37.99742" lon="-119.41187000000002"><ele>2907.0</ele></trkpt><trkpt lat="37.99762" lon="-119.41165999999998"><ele>2908.0</ele></trkpt><trkpt lat="37.99804" lon="-119.41113999999999"><ele>2914.0165289532433</ele></trkpt><trkpt lat="37.99838" lon="-119.41041999999999"><ele>2916.0</ele></trkpt><trkpt lat="37.99841" lon="-119.41032999999999"><ele>2914.685633623509</ele></trkpt><trkpt lat="37.9984" lon="-119.41023999999999"><ele>2913.0252551105805</ele></trkpt><trkpt lat="37.99834" lon="-119.4101"><ele>2910.6321066471382</ele></trkpt><trkpt lat="37.99823" lon="-119.41003"><ele>2908.2385457782075</ele></trkpt><trkpt lat="37.99812" lon="-119.40978999999999"><ele>2904.0</ele></trkpt><trkpt lat="37.99806" lon="-119.40939000000003"><ele>2897.0</ele></trkpt><trkpt lat="37.9981" lon="-119.40931999999998"><ele>2895.139685810873</ele></trkpt><trkpt lat="37.99816" lon="-119.40924999999999"><ele>2893.3391660094285</ele></trkpt><trkpt lat="37.99852" lon="-119.40904999999998"><ele>2885.60699412059</ele></trkpt><trkpt lat="37.99868" lon="-119.40885000000003"><ele>2880.7209003107178</ele></trkpt><trkpt lat="37.99871" lon="-119.40872999999999"><ele>2878.559551898713</ele></trkpt><trkpt lat="37.99877" lon="-119.40866"><ele>2876.307010497898</ele></trkpt><trkpt lat="37.99885" lon="-119.40863000000002"><ele>2874.575844446197</ele></trkpt><trkpt lat="37.9989" lon="-119.40866"><ele>2873.39191822242</ele></trkpt><trkpt lat="37.99932" lon="-119.4085"><ele>2869.0</ele></trkpt><trkpt lat="37.99940953641392" lon="-119.40850596909428"><ele>2869.0</ele></trkpt><trkpt lat="37.99943949034927" lon="-119.40850796602166"><ele>2869.0</ele></trkpt><trkpt lat="37.99947" lon="-119.40850999999998"><ele>2868.0</ele></trkpt><trkpt lat="37.99968" lon="-119.40831000000003"><ele>2863.0395357837197</ele></trkpt><trkpt lat="37.99975" lon="-119.40798999999998"><ele>2861.0</ele></trkpt><trkpt lat="37.99983" lon="-119.40773999999999"><ele>2860.0</ele></trkpt><trkpt lat="37.99992" lon="-119.40769"><ele>2860.0</ele></trkpt><trkpt lat="38.00012" lon="-119.40742"><ele>2859.506661095485</ele></trkpt><trkpt lat="38.00024" lon="-119.40719999999999"><ele>2860.0</ele></trkpt><trkpt lat="38.00038" lon="-119.40706999999998"><ele>2861.0</ele></trkpt><trkpt lat="38.00045" lon="-119.40695"><ele>2861.0</ele></trkpt><trkpt lat="38.0005" lon="-119.40683999999999"><ele>2861.0</ele></trkpt><trkpt lat="38.00047" lon="-119.40667000000002"><ele>2862.0</ele></trkpt><trkpt lat="38.00049" lon="-119.40656999999999"><ele>2862.0</ele></trkpt><trkpt lat="38.00096" lon="-119.40564"><ele>2863.0</ele></trkpt><trkpt lat="38.00128" lon="-119.40532999999999"><ele>2863.0</ele></trkpt><trkpt lat="38.00143" lon="-119.40514000000002"><ele>2863.352610437618</ele></trkpt><trkpt lat="38.0018" lon="-119.40487000000002"><ele>2865.0</ele></trkpt><trkpt lat="38.002" lon="-119.40469000000002"><ele>2866.0</ele></trkpt><trkpt lat="38.00218" lon="-119.40436"><ele>2867.3625737175553</ele></trkpt><trkpt lat="38.00247" lon="-119.40409"><ele>2871.715918351017</ele></trkpt><trkpt lat="38.00253" lon="-119.40399000000002"><ele>2872.0477925415466</ele></trkpt><trkpt lat="38.00293" lon="-119.40350999999998"><ele>2877.2770362897345</ele></trkpt><trkpt lat="38.00306" lon="-119.40328"><ele>2879.4090516343713</ele></trkpt><trkpt lat="38.00317" lon="-119.40321"><ele>2880.369125038778</ele></trkpt><trkpt lat="38.00321" lon="-119.40316000000001"><ele>2881.3332788152275</ele></trkpt><trkpt lat="38.00326" lon="-119.40296000000001"><ele>2882.1788846632326</ele></trkpt><trkpt lat="38.0033" lon="-119.40292"><ele>2883.53613498294</ele></trkpt><trkpt lat="38.00314" lon="-119.40286000000003"><ele>2882.0</ele></trkpt><trkpt lat="38.0031" lon="-119.40276"><ele>2884.1279316739638</ele></trkpt><trkpt lat="38.00316" lon="-119.40242"><ele>2891.2795616394014</ele></trkpt><trkpt lat="38.0032" lon="-119.40235000000001"><ele>2893.0</ele></trkpt><trkpt lat="38.00329" lon="-119.40231"><ele>2895.0</ele></trkpt><trkpt lat="38.00357" lon="-119.40235999999999"><ele>2898.6616765362314</ele></trkpt><trkpt lat="38.00362" lon="-119.40232000000003"><ele>2900.0</ele></trkpt><trkpt lat="38.0037" lon="-119.40217999999999"><ele>2903.0</ele></trkpt><trkpt lat="38.00374" lon="-119.40196000000003"><ele>2903.1492871129885</ele></trkpt><trkpt lat="38.00401" lon="-119.40152"><ele>2910.144164956302</ele></trkpt><trkpt lat="38.0044" lon="-119.40124000000003"><ele>2915.0</ele></trkpt><trkpt lat="38.00471" lon="-119.40085999999997"><ele>2911.0</ele></trkpt><trkpt lat="38.00486" lon="-119.40078"><ele>2911.0</ele></trkpt><trkpt lat="38.0052" lon="-119.40044"><ele>2907.0</ele></trkpt><trkpt lat="38.00534" lon="-119.40037999999998"><ele>2905.3832502075243</ele></trkpt><trkpt lat="38.00559" lon="-119.40017999999998"><ele>2902.1952746659517</ele></trkpt><trkpt lat="38.00568" lon="-119.40003999999999"><ele>2900.037290148437</ele></trkpt><trkpt lat="38.00575" lon="-119.39999"><ele>2899.340632888954</ele></trkpt><trkpt lat="38.00614" lon="-119.39981999999998"><ele>2895.0</ele></trkpt><trkpt lat="38.0062" lon="-119.39976000000001"><ele>2893.0</ele></trkpt><trkpt lat="38.00628" lon="-119.39974999999998"><ele>2892.1330259728147</ele></trkpt><trkpt lat="38.00672" lon="-119.39940999999999"><ele>2879.3948778710405</ele></trkpt><trkpt lat="38.00672" lon="-119.39940999999999"><ele>2879.3948778710405</ele></trkpt><trkpt lat="38.00679" lon="-119.39934"><ele>2878.0</ele></trkpt><trkpt lat="38.00687" lon="-119.39920000000001"><ele>2876.0</ele></trkpt><trkpt lat="38.00683" lon="-119.39913999999999"><ele>2876.0</ele></trkpt><trkpt lat="38.00676" lon="-119.39913999999999"><ele>2875.7277617775835</ele></trkpt><trkpt lat="38.00673" lon="-119.39909999999998"><ele>2873.92762740672</ele></trkpt><trkpt lat="38.00696" lon="-119.39893000000001"><ele>2869.8724512806534</ele></trkpt><trkpt lat="38.00695" lon="-119.39890000000003"><ele>2868.542951112613</ele></trkpt><trkpt lat="38.0068" lon="-119.39888000000002"><ele>2867.610883556772</ele></trkpt><trkpt lat="38.00677" lon="-119.39882999999998"><ele>2865.280714666005</ele></trkpt><trkpt lat="38.00692" lon="-119.39864999999998"><ele>2861.892106665764</ele></trkpt><trkpt lat="38.00701" lon="-119.39859999999999"><ele>2860.5751702383213</ele></trkpt><trkpt lat="38.00708" lon="-119.39850000000001"><ele>2857.983228503137</ele></trkpt><trkpt lat="38.00716" lon="-119.39850999999999"><ele>2858.305753134169</ele></trkpt><trkpt lat="38.00726" lon="-119.39846"><ele>2856.0374648887664</ele></trkpt><trkpt lat="38.00736" lon="-119.39828"><ele>2853.380279402714</ele></trkpt><trkpt lat="38.00739" lon="-119.39825000000002"><ele>2852.2507555563934</ele></trkpt><trkpt lat="38.00746" lon="-119.39823999999999"><ele>2851.7847217777744</ele></trkpt><trkpt lat="38.00753" lon="-119.39816000000002"><ele>2849.0120617571574</ele></trkpt><trkpt lat="38.00811" lon="-119.39803999999998"><ele>2843.4640462212265</ele></trkpt><trkpt lat="38.00826" lon="-119.39792999999997"><ele>2841.0</ele></trkpt><trkpt lat="38.00832" lon="-119.39792999999997"><ele>2839.0</ele></trkpt><trkpt lat="38.00837" lon="-119.39787000000001"><ele>2837.5302295144647</ele></trkpt><trkpt lat="38.00837" lon="-119.39776"><ele>2836.2200985074273</ele></trkpt><trkpt lat="38.00826" lon="-119.39762999999999"><ele>2834.0129918016173</ele></trkpt><trkpt lat="38.00827" lon="-119.39753999999999"><ele>2832.0</ele></trkpt><trkpt lat="38.00822" lon="-119.39744000000002"><ele>2830.0</ele></trkpt><trkpt lat="38.00805" lon="-119.39744000000002"><ele>2827.502019556705</ele></trkpt><trkpt lat="38.008" lon="-119.39737000000002"><ele>2825.0</ele></trkpt><trkpt lat="38.00802" lon="-119.39722999999998"><ele>2824.781281499972</ele></trkpt><trkpt lat="38.00821" lon="-119.39702999999997"><ele>2818.6016030152714</ele></trkpt><trkpt lat="38.00827" lon="-119.39693"><ele>2818.444954140112</ele></trkpt><trkpt lat="38.00828" lon="-119.39678000000004"><ele>2817.6348115962282</ele></trkpt><trkpt lat="38.00826" lon="-119.39666999999997"><ele>2815.0</ele></trkpt><trkpt lat="38.00849" lon="-119.39670000000001"><ele>2809.4325493145734</ele></trkpt><trkpt lat="38.00845" lon="-119.39654999999999"><ele>2808.019971745921</ele></trkpt><trkpt lat="38.00819" lon="-119.39624000000003"><ele>2802.577966223471</ele></trkpt><trkpt lat="38.0082" lon="-119.39621999999997"><ele>2801.8531388010474</ele></trkpt><trkpt lat="38.00846" lon="-119.39621999999997"><ele>2797.645898665767</ele></trkpt><trkpt lat="38.00821" lon="-119.39593000000002"><ele>2789.1309191118926</ele></trkpt><trkpt lat="38.00857" lon="-119.39589999999998"><ele>2783.92004733901</ele></trkpt><trkpt lat="38.00862" lon="-119.39591999999999"><ele>2782.9140037632387</ele></trkpt><trkpt lat="38.00866" lon="-119.39597000000003"><ele>2782.9950542240404</ele></trkpt><trkpt lat="38.00869" lon="-119.39596"><ele>2781.3190292158524</ele></trkpt><trkpt lat="38.00864" lon="-119.39575000000002"><ele>2778.416015440488</ele></trkpt><trkpt lat="38.00844" lon="-119.3956"><ele>2773.7518044444732</ele></trkpt><trkpt lat="38.00842" lon="-119.39553000000001"><ele>2771.4895680001937</ele></trkpt><trkpt lat="38.0088" lon="-119.39548000000002"><ele>2765.2562208040617</ele></trkpt><trkpt lat="38.00882" lon="-119.39544999999998"><ele>2763.7612977768295</ele></trkpt><trkpt lat="38.00865" lon="-119.39531999999997"><ele>2759.7028586654924</ele></trkpt><trkpt lat="38.00882" lon="-119.39528000000001"><ele>2756.8387235561386</ele></trkpt><trkpt lat="38.00898" lon="-119.39535000000001"><ele>2755.4502345882356</ele></trkpt><trkpt lat="38.00901" lon="-119.39534000000003"><ele>2753.6758008636534</ele></trkpt><trkpt lat="38.00889" lon="-119.39517999999998"><ele>2751.1783857769333</ele></trkpt><trkpt lat="38.00879" lon="-119.39512000000002"><ele>2749.3821831117384</ele></trkpt><trkpt lat="38.00888" lon="-119.39508999999998"><ele>2747.9840817772783</ele></trkpt><trkpt lat="38.00878" lon="-119.39503000000002"><ele>2745.1878791120835</ele></trkpt><trkpt lat="38.00878" lon="-119.39483000000001"><ele>2741.2797742001712</ele></trkpt><trkpt lat="38.00858" lon="-119.39449000000002"><ele>2737.131336652208</ele></trkpt><trkpt lat="38.00868" lon="-119.3945"><ele>2735.4880888890475</ele></trkpt><trkpt lat="38.00869" lon="-119.39445"><ele>2733.0952346819363</ele></trkpt><trkpt lat="38.00834" lon="-119.39405"><ele>2725.1573715482555</ele></trkpt><trkpt lat="38.00854" lon="-119.39404000000002"><ele>2723.0505351121537</ele></trkpt><trkpt lat="38.00855" lon="-119.39400999999998"><ele>2721.652433777228</ele></trkpt><trkpt lat="38.00847" lon="-119.39393000000001"><ele>2719.568819730134</ele></trkpt><trkpt lat="38.00846" lon="-119.39387999999997"><ele>2718.678025772793</ele></trkpt><trkpt lat="38.00851" lon="-119.39384999999999"><ele>2717.1958933332935</ele></trkpt><trkpt lat="38.00856" lon="-119.39382999999998"><ele>2715.263825776521</ele></trkpt><trkpt lat="38.00865" lon="-119.39386000000002"><ele>2714.6619271119125</ele></trkpt><trkpt lat="38.00873" lon="-119.39384999999999"><ele>2714.046456899144</ele></trkpt><trkpt lat="38.00875" lon="-119.39382"><ele>2712.7977920002304</ele></trkpt><trkpt lat="38.00871" lon="-119.39375999999999"><ele>2711.001589333173</ele></trkpt><trkpt lat="38.0087" lon="-119.39366999999999"><ele>2709.0</ele></trkpt><trkpt lat="38.00861" lon="-119.39348000000001"><ele>2704.9526435560547</ele></trkpt><trkpt lat="38.00864" lon="-119.39346"><ele>2704.0205760002136</ele></trkpt><trkpt lat="38.00893" lon="-119.39348000000001"><ele>2701.0</ele></trkpt><trkpt lat="38.00902" lon="-119.39346"><ele>2701.0</ele></trkpt><trkpt lat="38.00905" lon="-119.39342999999997"><ele>2699.622474664822</ele></trkpt><trkpt lat="38.0088" lon="-119.39309000000003"><ele>2694.0</ele></trkpt><trkpt lat="38.00865" lon="-119.39274"><ele>2690.0</ele></trkpt><trkpt lat="38.00861" lon="-119.39265999999998"><ele>2688.737873776816</ele></trkpt><trkpt lat="38.00851" lon="-119.39256999999998"><ele>2687.0</ele></trkpt><trkpt lat="38.00851" lon="-119.39249000000001"><ele>2686.9538984948904</ele></trkpt><trkpt lat="38.00819" lon="-119.39193"><ele>2682.0</ele></trkpt><trkpt lat="38.00788" lon="-119.39175999999998"><ele>2681.0</ele></trkpt><trkpt lat="38.00774" lon="-119.39161000000001"><ele>2681.0</ele></trkpt><trkpt lat="38.00749" lon="-119.39148"><ele>2681.0</ele></trkpt><trkpt lat="38.00727" lon="-119.39129000000003"><ele>2680.0</ele></trkpt><trkpt lat="38.00708" lon="-119.39107999999999"><ele>2678.0</ele></trkpt><trkpt lat="38.007" lon="-119.39094"><ele>2677.0</ele></trkpt><trkpt lat="38.00696" lon="-119.39083"><ele>2676.0</ele></trkpt><trkpt lat="38.00697" lon="-119.39076"><ele>2675.0</ele></trkpt><trkpt lat="38.00687" lon="-119.39062000000001"><ele>2674.0</ele></trkpt><trkpt lat="38.00691" lon="-119.39024999999998"><ele>2675.0</ele></trkpt><trkpt lat="38.0069" lon="-119.39013999999997"><ele>2675.0</ele></trkpt><trkpt lat="38.00682" lon="-119.38999999999999"><ele>2675.0</ele></trkpt><trkpt lat="38.00651" lon="-119.38968"><ele>2672.5333073418983</ele></trkpt><trkpt lat="38.00639" lon="-119.38959"><ele>2672.334496000316</ele></trkpt><trkpt lat="38.00633" lon="-119.38943999999998"><ele>2674.0</ele></trkpt><trkpt lat="38.00614" lon="-119.38922000000002"><ele>2673.0</ele></trkpt><trkpt lat="38.00571" lon="-119.38896"><ele>2663.140842229128</ele></trkpt><trkpt lat="38.00553" lon="-119.3888"><ele>2658.4947299696505</ele></trkpt><trkpt lat="38.00543" lon="-119.38882999999998"><ele>2657.683890049707</ele></trkpt><trkpt lat="38.0054" lon="-119.38881000000003"><ele>2657.0</ele></trkpt><trkpt lat="38.00531" lon="-119.38857999999999"><ele>2657.0</ele></trkpt><trkpt lat="38.0052" lon="-119.38842999999997"><ele>2656.0</ele></trkpt><trkpt lat="38.005" lon="-119.38830999999999"><ele>2654.986819555983</ele></trkpt><trkpt lat="38.00484" lon="-119.38826"><ele>2654.0</ele></trkpt><trkpt lat="38.00477" lon="-119.38815"><ele>2656.0</ele></trkpt><trkpt lat="38.00471" lon="-119.38812999999999"><ele>2655.9961048439145</ele></trkpt><trkpt lat="38.00462" lon="-119.38817"><ele>2653.3441601716154</ele></trkpt><trkpt lat="38.00455" lon="-119.38809000000003"><ele>2653.12769210339</ele></trkpt><trkpt lat="38.0045" lon="-119.38810000000001"><ele>2651.9039337806826</ele></trkpt><trkpt lat="38.00448" lon="-119.38821000000002"><ele>2649.64715733286</ele></trkpt><trkpt lat="38.00445" lon="-119.38824"><ele>2648.7135939025475</ele></trkpt><trkpt lat="38.00433" lon="-119.38821999999999"><ele>2647.094422633292</ele></trkpt><trkpt lat="38.00389" lon="-119.38801999999998"><ele>2643.2499070473755</ele></trkpt><trkpt lat="38.00371" lon="-119.3879"><ele>2641.8521740902215</ele></trkpt><trkpt lat="38.00362" lon="-119.38783000000001"><ele>2640.0</ele></trkpt><trkpt lat="38.00358" lon="-119.38774000000001"><ele>2639.163522336632</ele></trkpt><trkpt lat="38.00346" lon="-119.38758000000001"><ele>2637.0004831445135</ele></trkpt><trkpt lat="38.0034" lon="-119.38752999999997"><ele>2636.680466981443</ele></trkpt><trkpt lat="38.00312" lon="-119.38746000000003"><ele>2633.0</ele></trkpt><trkpt lat="38.00285" lon="-119.38734999999997"><ele>2630.7181036746147</ele></trkpt><trkpt lat="38.00278" lon="-119.38727"><ele>2630.0</ele></trkpt><trkpt lat="38.00269" lon="-119.38706000000002"><ele>2628.0</ele></trkpt><trkpt lat="38.00266" lon="-119.38686999999999"><ele>2626.0</ele></trkpt><trkpt lat="38.00266" lon="-119.38668999999999"><ele>2626.0</ele></trkpt><trkpt lat="38.00276" lon="-119.38650999999999"><ele>2630.0</ele></trkpt><trkpt lat="38.00279" lon="-119.3863"><ele>2632.0</ele></trkpt><trkpt lat="38.00286" lon="-119.38605000000001"><ele>2632.580467130989</ele></trkpt><trkpt lat="38.00284" lon="-119.38598999999999"><ele>2632.397610453889</ele></trkpt><trkpt lat="38.00286" lon="-119.38578999999999"><ele>2633.427331556566</ele></trkpt><trkpt lat="38.003" lon="-119.38554999999997"><ele>2637.0</ele></trkpt><trkpt lat="38.00305" lon="-119.38527999999997"><ele>2636.0</ele></trkpt><trkpt lat="38.00305" lon="-119.38502"><ele>2636.0</ele></trkpt><trkpt lat="38.00309" lon="-119.38494000000003"><ele>2637.0</ele></trkpt><trkpt lat="38.00309" lon="-119.38481999999999"><ele>2637.0</ele></trkpt><trkpt lat="38.00304" lon="-119.38468"><ele>2635.226191734895</ele></trkpt><trkpt lat="38.00305" lon="-119.38434999999998"><ele>2633.3792165525133</ele></trkpt><trkpt lat="38.00292" lon="-119.38416999999998"><ele>2632.0</ele></trkpt><trkpt lat="38.00292" lon="-119.38407000000001"><ele>2631.4903647752267</ele></trkpt><trkpt lat="38.00307" lon="-119.38387"><ele>2630.0946194490953</ele></trkpt><trkpt lat="38.00311" lon="-119.38375000000002"><ele>2627.501777779311</ele></trkpt><trkpt lat="38.00339" lon="-119.38335999999998"><ele>2622.2527470439672</ele></trkpt><trkpt lat="38.0035" lon="-119.38312000000002"><ele>2616.5737008880824</ele></trkpt><trkpt lat="38.00368" lon="-119.38285000000002"><ele>2612.5930982628915</ele></trkpt><trkpt lat="38.00385" lon="-119.38241"><ele>2608.0070438940716</ele></trkpt><trkpt lat="38.00395" lon="-119.38204000000002"><ele>2608.0</ele></trkpt><trkpt lat="38.00406" lon="-119.38182"><ele>2608.3078620677393</ele></trkpt><trkpt lat="38.00406" lon="-119.38173"><ele>2608.0</ele></trkpt><trkpt lat="38.00414" lon="-119.38162999999997"><ele>2606.7870634218784</ele></trkpt><trkpt lat="38.0042" lon="-119.38141999999999"><ele>2602.0</ele></trkpt><trkpt lat="38.00435" lon="-119.38125000000002"><ele>2600.6995022050423</ele></trkpt><trkpt lat="38.00447" lon="-119.38105000000002"><ele>2595.9350186082925</ele></trkpt><trkpt lat="38.00444" lon="-119.38098000000002"><ele>2594.410421334207</ele></trkpt><trkpt lat="38.00451" lon="-119.38085000000001"><ele>2593.1672541666776</ele></trkpt><trkpt lat="38.0045" lon="-119.38072999999997"><ele>2591.8980155161707</ele></trkpt><trkpt lat="38.00456" lon="-119.38067999999998"><ele>2592.5538718085736</ele></trkpt><trkpt lat="38.00457" lon="-119.38057000000003"><ele>2591.2169456040165</ele></trkpt><trkpt lat="38.0047" lon="-119.38027999999997"><ele>2592.318896317948</ele></trkpt><trkpt lat="38.00479" lon="-119.38017000000002"><ele>2592.907861405283</ele></trkpt><trkpt lat="38.00487" lon="-119.37986999999998"><ele>2591.0</ele></trkpt><trkpt lat="38.00501" lon="-119.37982999999997"><ele>2593.603781149184</ele></trkpt><trkpt lat="38.00509" lon="-119.37973"><ele>2593.5536377925373</ele></trkpt><trkpt lat="38.00529" lon="-119.37937999999997"><ele>2595.0</ele></trkpt><trkpt lat="38.00536" lon="-119.37910999999997"><ele>2596.0</ele></trkpt><trkpt lat="38.00561" lon="-119.37862000000001"><ele>2597.1298128784997</ele></trkpt><trkpt lat="38.00581" lon="-119.37856999999997"><ele>2598.1463110791756</ele></trkpt><trkpt lat="38.00601" lon="-119.37824"><ele>2600.0</ele></trkpt><trkpt lat="38.0061" lon="-119.37817000000001"><ele>2601.0</ele></trkpt><trkpt lat="38.00636" lon="-119.37805000000003"><ele>2603.0</ele></trkpt><trkpt lat="38.00672" lon="-119.37777"><ele>2604.0</ele></trkpt><trkpt lat="38.00686" lon="-119.37743999999998"><ele>2603.0</ele></trkpt><trkpt lat="38.00686" lon="-119.37743999999998"><ele>2603.0</ele></trkpt><trkpt lat="38.00686" lon="-119.37724000000003"><ele>2603.0</ele></trkpt><trkpt lat="38.00681" lon="-119.37709999999998"><ele>2602.200985059142</ele></trkpt><trkpt lat="38.006685856903545" lon="-119.37691378535533"><ele>2601.0</ele></trkpt><trkpt lat="38.006685856903545" lon="-119.37691378535533"><ele>2601.0</ele></trkpt><trkpt lat="38.00659" lon="-119.37676999999996"><ele>2600.8295015216936</ele></trkpt><trkpt lat="38.0066" lon="-119.37671"><ele>2601.0</ele></trkpt><trkpt lat="38.00675" lon="-119.37653"><ele>2600.6610549146476</ele></trkpt><trkpt lat="38.00668" lon="-119.37623000000002"><ele>2598.978344442701</ele></trkpt><trkpt lat="38.00658" lon="-119.37615"><ele>2600.0</ele></trkpt><trkpt lat="38.00627" lon="-119.37616000000003"><ele>2598.0</ele></trkpt><trkpt lat="38.00612" lon="-119.37637000000001"><ele>2597.390417722985</ele></trkpt><trkpt lat="38.00607" lon="-119.37655000000001"><ele>2597.0</ele></trkpt><trkpt lat="38.00551" lon="-119.37689"><ele>2594.135840432161</ele></trkpt><trkpt lat="38.00499" lon="-119.37729999999999"><ele>2592.0</ele></trkpt><trkpt lat="38.00483" lon="-119.37732"><ele>2593.0</ele></trkpt><trkpt lat="38.00472" lon="-119.37729000000002"><ele>2593.0</ele></trkpt><trkpt lat="38.00459" lon="-119.37716999999998"><ele>2596.0</ele></trkpt><trkpt lat="38.00453" lon="-119.37705"><ele>2598.481452592303</ele></trkpt><trkpt lat="38.00436" lon="-119.37700999999998"><ele>2602.0</ele></trkpt><trkpt lat="38.00434" lon="-119.37685999999997"><ele>2605.0</ele></trkpt><trkpt lat="38.00405" lon="-119.37685999999997"><ele>2611.0232123715973</ele></trkpt><trkpt lat="38.00386" lon="-119.37694999999997"><ele>2615.0</ele></trkpt><trkpt lat="38.00385" lon="-119.37688000000003"><ele>2615.9554795981576</ele></trkpt><trkpt lat="38.00389" lon="-119.37675000000002"><ele>2618.0</ele></trkpt><trkpt lat="38.00387" lon="-119.37667999999996"><ele>2619.0</ele></trkpt><trkpt lat="38.00376" lon="-119.37664999999998"><ele>2622.0</ele></trkpt><trkpt lat="38.00349" lon="-119.37679000000003"><ele>2624.1367073401125</ele></trkpt><trkpt lat="38.00333" lon="-119.37682000000001"><ele>2628.0</ele></trkpt><trkpt lat="38.00311" lon="-119.37700000000001"><ele>2629.633797198534</ele></trkpt><trkpt lat="38.00302" lon="-119.37700999999998"><ele>2631.0</ele></trkpt><trkpt lat="38.003" lon="-119.37691000000001"><ele>2633.0</ele></trkpt><trkpt lat="38.00295" lon="-119.37691000000001"><ele>2634.3620000588708</ele></trkpt><trkpt lat="38.00264" lon="-119.37706000000003"><ele>2642.430938564241</ele></trkpt><trkpt lat="38.00248" lon="-119.37709999999998"><ele>2646.0</ele></trkpt><trkpt lat="38.00232" lon="-119.37718999999998"><ele>2650.0</ele></trkpt><trkpt lat="38.00227" lon="-119.37718999999998"><ele>2651.067871879367</ele></trkpt><trkpt lat="38.00227" lon="-119.37702999999999"><ele>2654.211074551236</ele></trkpt><trkpt lat="38.00225" lon="-119.37700999999998"><ele>2655.0</ele></trkpt><trkpt lat="38.00212" lon="-119.37702999999999"><ele>2658.0</ele></trkpt><trkpt lat="38.00187" lon="-119.37720000000002"><ele>2661.9926479773217</ele></trkpt><trkpt lat="38.00174" lon="-119.37725"><ele>2664.802286363505</ele></trkpt><trkpt lat="38.00151" lon="-119.37727999999998"><ele>2669.277934922058</ele></trkpt><trkpt lat="38.00151" lon="-119.37720999999999"><ele>2671.28431288898</ele></trkpt><trkpt lat="38.00159" lon="-119.37703999999997"><ele>2673.6274682218655</ele></trkpt><trkpt lat="38.00157" lon="-119.37696"><ele>2675.6668866926784</ele></trkpt><trkpt lat="38.00147" lon="-119.37691999999998"><ele>2677.9251970797354</ele></trkpt><trkpt lat="38.00144" lon="-119.37687"><ele>2679.051985868045</ele></trkpt><trkpt lat="38.00143" lon="-119.37680999999998"><ele>2680.0</ele></trkpt><trkpt lat="38.00155" lon="-119.37642"><ele>2684.9064693962564</ele></trkpt><trkpt lat="38.00146" lon="-119.37619999999998"><ele>2689.0</ele></trkpt><trkpt lat="38.00142" lon="-119.37599999999998"><ele>2690.0</ele></trkpt><trkpt lat="38.00136" lon="-119.37601000000001"><ele>2691.132888318971</ele></trkpt><trkpt lat="38.00125" lon="-119.37617"><ele>2693.6384629681706</ele></trkpt><trkpt lat="38.00107" lon="-119.37632000000002"><ele>2697.2161595920834</ele></trkpt><trkpt lat="38.00079" lon="-119.37651"><ele>2702.843487592414</ele></trkpt><trkpt lat="38.00045" lon="-119.37680999999998"><ele>2708.8807133766004</ele></trkpt><trkpt lat="38.00008" lon="-119.37707"><ele>2714.674136466016</ele></trkpt><trkpt lat="37.99994" lon="-119.37714"><ele>2719.0</ele></trkpt><trkpt lat="37.99983" lon="-119.37725999999998"><ele>2719.5902730416874</ele></trkpt><trkpt lat="37.9996" lon="-119.37736000000001"><ele>2723.0</ele></trkpt><trkpt lat="37.99953" lon="-119.37743999999998"><ele>2725.0</ele></trkpt><trkpt lat="37.99953" lon="-119.37743999999998"><ele>2725.0</ele></trkpt><trkpt lat="37.99931" lon="-119.37752999999998"><ele>2727.3715394958854</ele></trkpt><trkpt lat="37.99916" lon="-119.37765999999999"><ele>2730.0</ele></trkpt><trkpt lat="37.99887" lon="-119.3777"><ele>2736.0</ele></trkpt><trkpt lat="37.99872" lon="-119.37781999999999"><ele>2737.894199882495</ele></trkpt><trkpt lat="37.99848" lon="-119.37792999999999"><ele>2738.7298808889464</ele></trkpt><trkpt lat="37.99829" lon="-119.37808999999999"><ele>2740.0</ele></trkpt><trkpt lat="37.99803" lon="-119.37838999999997"><ele>2742.6580991130777</ele></trkpt><trkpt lat="37.99776" lon="-119.37860999999998"><ele>2743.0</ele></trkpt><trkpt lat="37.99756" lon="-119.37882000000002"><ele>2744.0</ele></trkpt><trkpt lat="37.99746" lon="-119.37887"><ele>2744.0</ele></trkpt><trkpt lat="37.99736" lon="-119.37889999999999"><ele>2745.0</ele></trkpt><trkpt lat="37.99729" lon="-119.37887"><ele>2745.922705777455</ele></trkpt><trkpt lat="37.99729" lon="-119.37865999999997"><ele>2748.758044033931</ele></trkpt><trkpt lat="37.99725" lon="-119.37865"><ele>2750.3388624956688</ele></trkpt><trkpt lat="37.99678" lon="-119.37909000000002"><ele>2751.9977244601623</ele></trkpt><trkpt lat="37.9967" lon="-119.37914"><ele>2752.7241377253085</ele></trkpt><trkpt lat="37.99662" lon="-119.37912"><ele>2754.2718613334</ele></trkpt><trkpt lat="37.99663" lon="-119.37901999999997"><ele>2756.0</ele></trkpt><trkpt lat="37.99668" lon="-119.37896"><ele>2757.0</ele></trkpt><trkpt lat="37.9967" lon="-119.37889000000001"><ele>2757.9906382211484</ele></trkpt><trkpt lat="37.9967" lon="-119.37883999999997"><ele>2758.2323085326225</ele></trkpt><trkpt lat="37.99666" lon="-119.37882000000002"><ele>2760.0226707322213</ele></trkpt><trkpt lat="37.99619" lon="-119.37904000000003"><ele>2764.0001315535046</ele></trkpt><trkpt lat="37.99616" lon="-119.37904000000003"><ele>2764.658517191494</ele></trkpt><trkpt lat="37.99616" lon="-119.37904000000003"><ele>2764.658517191494</ele></trkpt><trkpt lat="37.99602" lon="-119.37896"><ele>2767.683026570371</ele></trkpt><trkpt lat="37.9959" lon="-119.37878999999998"><ele>2769.0119293290386</ele></trkpt><trkpt lat="37.9959" lon="-119.37878999999998"><ele>2769.0119293290386</ele></trkpt><trkpt lat="37.9959" lon="-119.37878999999998"><ele>2769.0119293290386</ele></trkpt><trkpt lat="37.99586" lon="-119.37880000000001"><ele>2770.0</ele></trkpt><trkpt lat="37.99573" lon="-119.37871000000001"><ele>2769.5664400423143</ele></trkpt><trkpt lat="37.99563" lon="-119.37869999999998"><ele>2768.9989843053913</ele></trkpt><trkpt lat="37.99541" lon="-119.37885"><ele>2765.990320007369</ele></trkpt><trkpt lat="37.99516" lon="-119.37925999999999"><ele>2765.0</ele></trkpt><trkpt lat="37.99506" lon="-119.37937"><ele>2765.0</ele></trkpt><trkpt lat="37.99499" lon="-119.37940000000003"><ele>2765.0</ele></trkpt><trkpt lat="37.99469" lon="-119.37945000000002"><ele>2765.0</ele></trkpt><trkpt lat="37.9946" lon="-119.37949000000003"><ele>2764.0855834033773</ele></trkpt><trkpt lat="37.99449" lon="-119.37959999999998"><ele>2764.6238824548172</ele></trkpt><trkpt lat="37.99426" lon="-119.37973999999997"><ele>2764.0</ele></trkpt><trkpt lat="37.99408" lon="-119.37976000000003"><ele>2761.0</ele></trkpt><trkpt lat="37.99385" lon="-119.37986000000001"><ele>2760.0</ele></trkpt><trkpt lat="37.99334" lon="-119.38040999999998"><ele>2755.0</ele></trkpt><trkpt lat="37.99324" lon="-119.38048000000003"><ele>2754.0</ele></trkpt><trkpt lat="37.9929" lon="-119.38089000000002"><ele>2752.0</ele></trkpt><trkpt lat="37.99268" lon="-119.38129000000004"><ele>2752.0</ele></trkpt><trkpt lat="37.99252" lon="-119.38139999999999"><ele>2752.0</ele></trkpt><trkpt lat="37.99231" lon="-119.38152000000002"><ele>2751.0</ele></trkpt><trkpt lat="37.99216" lon="-119.38157000000001"><ele>2751.1828942467637</ele></trkpt><trkpt lat="37.99201" lon="-119.38155"><ele>2751.904290351028</ele></trkpt><trkpt lat="37.99182" lon="-119.38182"><ele>2750.0</ele></trkpt><trkpt lat="37.99144" lon="-119.38211000000001"><ele>2751.0</ele></trkpt><trkpt lat="37.99143686290531" lon="-119.38211130712278"><ele>2751.0</ele></trkpt><trkpt lat="37.99134887801081" lon="-119.38214796750299"><ele>2750.701454832446</ele></trkpt><trkpt lat="37.99132" lon="-119.38216"><ele>2750.4024071116</ele></trkpt><trkpt lat="37.99093" lon="-119.38231999999999"><ele>2751.0</ele></trkpt><trkpt lat="37.9907" lon="-119.38227999999998"><ele>2750.0</ele></trkpt><trkpt lat="37.99027" lon="-119.38243"><ele>2749.9853191110305</ele></trkpt><trkpt lat="37.99011" lon="-119.38252999999997"><ele>2749.0</ele></trkpt><trkpt lat="37.98999" lon="-119.38267000000002"><ele>2749.0814710207796</ele></trkpt><trkpt lat="37.98978" lon="-119.38274000000001"><ele>2747.026407149653</ele></trkpt><trkpt lat="37.9895" lon="-119.38290999999998"><ele>2746.680092213248</ele></trkpt><trkpt lat="37.98848" lon="-119.38375000000002"><ele>2744.0</ele></trkpt><trkpt lat="37.98823" lon="-119.38382999999999"><ele>2742.5434076886404</ele></trkpt><trkpt lat="37.98811" lon="-119.38391000000001"><ele>2741.311266258359</ele></trkpt><trkpt lat="37.98799" lon="-119.38405"><ele>2740.2155581172556</ele></trkpt><trkpt lat="37.98777" lon="-119.38423"><ele>2740.8979924891923</ele></trkpt><trkpt lat="37.98762" lon="-119.38443999999998"><ele>2740.0</ele></trkpt><trkpt lat="37.98735" lon="-119.38461999999998"><ele>2738.401316355852</ele></trkpt><trkpt lat="37.98721" lon="-119.38476000000003"><ele>2738.0535421984605</ele></trkpt><trkpt lat="37.98711" lon="-119.38494000000003"><ele>2738.0</ele></trkpt><trkpt lat="37.98696" lon="-119.38508000000002"><ele>2736.0</ele></trkpt><trkpt lat="37.98681" lon="-119.38513999999998"><ele>2733.0</ele></trkpt><trkpt lat="37.98665" lon="-119.38515000000001"><ele>2731.0048318569684</ele></trkpt><trkpt lat="37.98636" lon="-119.38533000000001"><ele>2731.0</ele></trkpt><trkpt lat="37.98627" lon="-119.38544000000002"><ele>2730.360628525117</ele></trkpt><trkpt lat="37.9862" lon="-119.38558"><ele>2729.0</ele></trkpt><trkpt lat="37.98606" lon="-119.38572999999997"><ele>2728.2024072887843</ele></trkpt><trkpt lat="37.98598" lon="-119.38580999999999"><ele>2727.816189290513</ele></trkpt><trkpt lat="37.98587" lon="-119.38584000000003"><ele>2728.0</ele></trkpt><trkpt lat="37.98574" lon="-119.38607000000002"><ele>2726.0</ele></trkpt><trkpt lat="37.98482" lon="-119.38686999999999"><ele>2726.0</ele></trkpt><trkpt lat="37.98456" lon="-119.38704000000001"><ele>2726.0</ele></trkpt><trkpt lat="37.98426" lon="-119.38711999999998"><ele>2728.0</ele></trkpt><trkpt lat="37.98395" lon="-119.38736"><ele>2728.0</ele></trkpt><trkpt lat="37.98383" lon="-119.38749000000001"><ele>2727.8098315606103</ele></trkpt><trkpt lat="37.98366" lon="-119.38752999999997"><ele>2728.0</ele></trkpt><trkpt lat="37.98358" lon="-119.38747000000001"><ele>2729.0</ele></trkpt><trkpt lat="37.98337" lon="-119.38756000000001"><ele>2729.060647111386</ele></trkpt><trkpt lat="37.98328" lon="-119.38770999999997"><ele>2729.0</ele></trkpt><trkpt lat="37.98323" lon="-119.38794000000001"><ele>2726.0</ele></trkpt><trkpt lat="37.98314" lon="-119.38801000000001"><ele>2724.4262338983654</ele></trkpt><trkpt lat="37.98313" lon="-119.38824999999997"><ele>2720.0</ele></trkpt><trkpt lat="37.98308" lon="-119.38836000000003"><ele>2719.0</ele></trkpt><trkpt lat="37.98301" lon="-119.38842"><ele>2719.0</ele></trkpt><trkpt lat="37.98255" lon="-119.38859000000002"><ele>2720.0</ele></trkpt><trkpt lat="37.98242" lon="-119.3888"><ele>2718.0</ele></trkpt><trkpt lat="37.98241" lon="-119.38895000000002"><ele>2716.0</ele></trkpt><trkpt lat="37.98234" lon="-119.38904000000002"><ele>2715.0</ele></trkpt><trkpt lat="37.98176" lon="-119.38938999999999"><ele>2713.0</ele></trkpt><trkpt lat="37.98164" lon="-119.38949000000002"><ele>2712.0</ele></trkpt><trkpt lat="37.98099" lon="-119.38981000000001"><ele>2708.0</ele></trkpt><trkpt lat="37.98072" lon="-119.39017000000001"><ele>2704.0</ele></trkpt><trkpt lat="37.98069" lon="-119.39035000000001"><ele>2702.0</ele></trkpt><trkpt lat="37.98058" lon="-119.39047"><ele>2701.0</ele></trkpt><trkpt lat="37.9804" lon="-119.39046000000002"><ele>2698.0</ele></trkpt><trkpt lat="37.98003" lon="-119.39075000000003"><ele>2697.1209515617993</ele></trkpt><trkpt lat="37.97973" lon="-119.39083"><ele>2697.0</ele></trkpt><trkpt lat="37.97907" lon="-119.39134000000001"><ele>2694.778584888205</ele></trkpt><trkpt lat="37.97894" lon="-119.39157"><ele>2692.0529695360465</ele></trkpt><trkpt lat="37.97885" lon="-119.39166999999998"><ele>2692.0826012152083</ele></trkpt><trkpt lat="37.97885" lon="-119.39166999999998"><ele>2692.0826012152083</ele></trkpt><trkpt lat="37.97863" lon="-119.39190000000002"><ele>2690.0</ele></trkpt><trkpt lat="37.97853" lon="-119.39219000000003"><ele>2686.1657137768343</ele></trkpt><trkpt lat="37.97844" lon="-119.39231000000001"><ele>2686.0</ele></trkpt><trkpt lat="37.97822" lon="-119.39249999999998"><ele>2682.7186666671187</ele></trkpt><trkpt lat="37.97796" lon="-119.39258999999998"><ele>2684.0</ele></trkpt><trkpt lat="37.97791" lon="-119.39265"><ele>2684.569784996632</ele></trkpt><trkpt lat="37.97779" lon="-119.39297999999997"><ele>2684.3061901116303</ele></trkpt><trkpt lat="37.97767" lon="-119.39309000000003"><ele>2686.0</ele></trkpt><trkpt lat="37.97683" lon="-119.39373"><ele>2689.0</ele></trkpt><trkpt lat="37.97649" lon="-119.39393000000001"><ele>2687.0</ele></trkpt><trkpt lat="37.97643" lon="-119.39405"><ele>2687.0</ele></trkpt><trkpt lat="37.9761" lon="-119.39416"><ele>2687.0</ele></trkpt><trkpt lat="37.97583" lon="-119.39436"><ele>2686.9636160004884</ele></trkpt><trkpt lat="37.97496" lon="-119.39501000000001"><ele>2678.2069386382227</ele></trkpt><trkpt lat="37.97462" lon="-119.39533"><ele>2675.75737937425</ele></trkpt><trkpt lat="37.97431" lon="-119.39537000000001"><ele>2674.033027556725</ele></trkpt><trkpt lat="37.97419" lon="-119.39544000000001"><ele>2673.0</ele></trkpt><trkpt lat="37.97412" lon="-119.39571999999998"><ele>2672.0</ele></trkpt><trkpt lat="37.97394" lon="-119.39607000000001"><ele>2669.0</ele></trkpt><trkpt lat="37.97359" lon="-119.39630999999997"><ele>2664.0</ele></trkpt><trkpt lat="37.9735" lon="-119.39647000000002"><ele>2662.0</ele></trkpt><trkpt lat="37.97259" lon="-119.39688999999998"><ele>2657.0</ele></trkpt><trkpt lat="37.97188" lon="-119.39742999999999"><ele>2657.0</ele></trkpt><trkpt lat="37.97105" lon="-119.39819"><ele>2660.0</ele></trkpt><trkpt lat="37.96992" lon="-119.39890000000003"><ele>2658.0</ele></trkpt><trkpt lat="37.96935" lon="-119.39904999999999"><ele>2656.6064407468284</ele></trkpt><trkpt lat="37.96857" lon="-119.39929999999998"><ele>2653.0</ele></trkpt><trkpt lat="37.96843" lon="-119.39940999999999"><ele>2652.2392824436747</ele></trkpt><trkpt lat="37.96843" lon="-119.39940999999999"><ele>2652.2392824436747</ele></trkpt><trkpt lat="37.968" lon="-119.39972999999998"><ele>2652.0</ele></trkpt><trkpt lat="37.96771" lon="-119.3999"><ele>2652.0</ele></trkpt><trkpt lat="37.96706" lon="-119.40022999999997"><ele>2651.5254435539246</ele></trkpt><trkpt lat="37.96624" lon="-119.40091000000001"><ele>2651.0</ele></trkpt><trkpt lat="37.96601" lon="-119.40114"><ele>2650.714030439034</ele></trkpt><trkpt lat="37.96582" lon="-119.40125999999998"><ele>2649.0</ele></trkpt><trkpt lat="37.96523" lon="-119.40156999999999"><ele>2649.0</ele></trkpt><trkpt lat="37.96507" lon="-119.40161999999998"><ele>2649.0</ele></trkpt><trkpt lat="37.96468" lon="-119.40188999999998"><ele>2649.0</ele></trkpt><trkpt lat="37.96436" lon="-119.40205000000003"><ele>2648.0</ele></trkpt><trkpt lat="37.96405" lon="-119.40226000000001"><ele>2647.87285668076</ele></trkpt><trkpt lat="37.96373" lon="-119.40238999999997"><ele>2647.0</ele></trkpt><trkpt lat="37.96343" lon="-119.40246000000002"><ele>2646.0</ele></trkpt><trkpt lat="37.96313" lon="-119.40260999999998"><ele>2646.0</ele></trkpt><trkpt lat="37.96301" lon="-119.40271999999999"><ele>2647.0</ele></trkpt><trkpt lat="37.96219" lon="-119.40318000000002"><ele>2647.0</ele></trkpt><trkpt lat="37.96152" lon="-119.40341000000001"><ele>2646.7241848888807</ele></trkpt><trkpt lat="37.96152" lon="-119.40341000000001"><ele>2646.7241848888807</ele></trkpt><trkpt lat="37.96133" lon="-119.40348"><ele>2646.0</ele></trkpt><trkpt lat="37.96076" lon="-119.40377000000001"><ele>2645.0</ele></trkpt><trkpt lat="37.96023" lon="-119.40393"><ele>2644.0</ele></trkpt><trkpt lat="37.96001" lon="-119.40404999999998"><ele>2644.0</ele></trkpt><trkpt lat="37.95953" lon="-119.40413999999998"><ele>2644.0</ele></trkpt><trkpt lat="37.95877" lon="-119.40440000000001"><ele>2642.0</ele></trkpt><trkpt lat="37.95863" lon="-119.40456"><ele>2642.0</ele></trkpt><trkpt lat="37.95822" lon="-119.40483"><ele>2641.321593860997</ele></trkpt><trkpt lat="37.95799" lon="-119.40492999999998"><ele>2641.5613191104494</ele></trkpt><trkpt lat="37.95732" lon="-119.40528"><ele>2641.0</ele></trkpt><trkpt lat="37.95712" lon="-119.40532000000002"><ele>2641.0</ele></trkpt><trkpt lat="37.95655" lon="-119.40553"><ele>2640.0</ele></trkpt><trkpt lat="37.95609" lon="-119.40559999999999"><ele>2640.0</ele></trkpt><trkpt lat="37.95519" lon="-119.40562"><ele>2640.0</ele></trkpt><trkpt lat="37.95507" lon="-119.40564"><ele>2640.0</ele></trkpt><trkpt lat="37.95442" lon="-119.40562"><ele>2639.0</ele></trkpt><trkpt lat="37.95388" lon="-119.40566000000001"><ele>2640.0</ele></trkpt><trkpt lat="37.95372" lon="-119.40557999999999"><ele>2640.0</ele></trkpt><trkpt lat="37.95299" lon="-119.40568999999999"><ele>2647.0</ele></trkpt><trkpt lat="37.95285" lon="-119.40562999999997"><ele>2648.0</ele></trkpt><trkpt lat="37.95226" lon="-119.40570000000002"><ele>2652.006982677404</ele></trkpt><trkpt lat="37.95167" lon="-119.40596"><ele>2656.8857470080256</ele></trkpt><trkpt lat="37.95147" lon="-119.40598"><ele>2658.0</ele></trkpt><trkpt lat="37.95108" lon="-119.40611000000001"><ele>2659.0</ele></trkpt><trkpt lat="37.95083" lon="-119.40604000000002"><ele>2662.0</ele></trkpt><trkpt lat="37.95057" lon="-119.40615000000003"><ele>2664.0</ele></trkpt><trkpt lat="37.95038" lon="-119.40620000000001"><ele>2668.0</ele></trkpt><trkpt lat="37.95013" lon="-119.40636999999998"><ele>2669.297253192649</ele></trkpt><trkpt lat="37.94995" lon="-119.40640000000002"><ele>2671.0</ele></trkpt><trkpt lat="37.94983" lon="-119.40647000000001"><ele>2671.8781506591044</ele></trkpt><trkpt lat="37.94977" lon="-119.40647000000001"><ele>2672.0</ele></trkpt><trkpt lat="37.94965" lon="-119.40652"><ele>2672.0</ele></trkpt><trkpt lat="37.9494" lon="-119.40654"><ele>2673.4072426659986</ele></trkpt><trkpt lat="37.94925" lon="-119.40661"><ele>2674.0</ele></trkpt><trkpt lat="37.94891" lon="-119.40669000000003"><ele>2670.0</ele></trkpt><trkpt lat="37.9481" lon="-119.40726000000001"><ele>2671.891997066617</ele></trkpt><trkpt lat="37.94769" lon="-119.40737999999999"><ele>2675.0</ele></trkpt><trkpt lat="37.94751" lon="-119.40733999999998"><ele>2677.6491270417605</ele></trkpt><trkpt lat="37.94716" lon="-119.40735999999998"><ele>2679.8075271104462</ele></trkpt><trkpt lat="37.94695" lon="-119.40742999999998"><ele>2680.0</ele></trkpt><trkpt lat="37.94661" lon="-119.40742999999998"><ele>2680.0</ele></trkpt><trkpt lat="37.94584" lon="-119.40715"><ele>2676.0</ele></trkpt><trkpt lat="37.94543" lon="-119.40723000000003"><ele>2673.0</ele></trkpt><trkpt lat="37.94515" lon="-119.40735999999998"><ele>2670.0</ele></trkpt><trkpt lat="37.94501" lon="-119.40746000000001"><ele>2669.0</ele></trkpt><trkpt lat="37.94488" lon="-119.40746999999999"><ele>2668.0</ele></trkpt><trkpt lat="37.94467" lon="-119.40737000000001"><ele>2666.0</ele></trkpt><trkpt lat="37.94458" lon="-119.40735999999998"><ele>2665.0</ele></trkpt><trkpt lat="37.9445" lon="-119.40739000000002"><ele>2664.2056284458376</ele></trkpt><trkpt lat="37.9442" lon="-119.40731"><ele>2660.0</ele></trkpt><trkpt lat="37.9442" lon="-119.40731"><ele>2660.0</ele></trkpt><trkpt lat="37.94381" lon="-119.40721000000002"><ele>2654.0</ele></trkpt><trkpt lat="37.94369" lon="-119.40722"><ele>2652.0</ele></trkpt><trkpt lat="37.94352" lon="-119.40715999999998"><ele>2648.7243744458865</ele></trkpt><trkpt lat="37.9431" lon="-119.40717999999998"><ele>2644.4189191106707</ele></trkpt><trkpt lat="37.94301" lon="-119.40714000000003"><ele>2642.6992575212143</ele></trkpt><trkpt lat="37.94283" lon="-119.40713"><ele>2640.0</ele></trkpt><trkpt lat="37.94263" lon="-119.40696000000003"><ele>2637.0</ele></trkpt><trkpt lat="37.94229" lon="-119.40688999999998"><ele>2632.0</ele></trkpt><trkpt lat="37.94208" lon="-119.40690000000001"><ele>2629.601088275036</ele></trkpt><trkpt lat="37.94184" lon="-119.40674000000001"><ele>2626.0</ele></trkpt><trkpt lat="37.94168" lon="-119.40656999999999"><ele>2622.990858666133</ele></trkpt><trkpt lat="37.9416" lon="-119.40654"><ele>2622.0</ele></trkpt><trkpt lat="37.94147" lon="-119.40652999999998"><ele>2619.1267235549167</ele></trkpt><trkpt lat="37.9413" lon="-119.40663"><ele>2618.845372765617</ele></trkpt><trkpt lat="37.9411" lon="-119.40661"><ele>2613.9210012356393</ele></trkpt><trkpt lat="37.94076" lon="-119.40670999999998"><ele>2610.0</ele></trkpt><trkpt lat="37.94035" lon="-119.40701000000001"><ele>2608.0</ele></trkpt><trkpt lat="37.94027" lon="-119.40710999999999"><ele>2608.0</ele></trkpt><trkpt lat="37.94015" lon="-119.40714000000003"><ele>2608.0</ele></trkpt><trkpt lat="37.9398" lon="-119.40741000000003"><ele>2608.0</ele></trkpt><trkpt lat="37.93919" lon="-119.40776"><ele>2606.551121777855</ele></trkpt><trkpt lat="37.93915162586328" lon="-119.4077880260549"><ele>2606.0</ele></trkpt><trkpt lat="37.93915134092397" lon="-119.40778823432015"><ele>2606.0</ele></trkpt><trkpt lat="37.9383" lon="-119.40841"><ele>2603.000605503008</ele></trkpt><trkpt lat="37.93812" lon="-119.40859"><ele>2603.0</ele></trkpt><trkpt lat="37.93765" lon="-119.40893"><ele>2601.0</ele></trkpt><trkpt lat="37.93752" lon="-119.40895999999998"><ele>2601.0</ele></trkpt><trkpt lat="37.9373" lon="-119.40908000000002"><ele>2599.0</ele></trkpt><trkpt lat="37.93696" lon="-119.40913999999998"><ele>2598.0</ele></trkpt><trkpt lat="37.93685" lon="-119.40922999999998"><ele>2598.0</ele></trkpt><trkpt lat="37.93672" lon="-119.40924999999999"><ele>2597.0</ele></trkpt><trkpt lat="37.93658" lon="-119.40942000000001"><ele>2597.0</ele></trkpt><trkpt lat="37.93644" lon="-119.40948000000003"><ele>2597.606688001193</ele></trkpt><trkpt lat="37.9363" lon="-119.40947"><ele>2596.1406542221084</ele></trkpt><trkpt lat="37.93621" lon="-119.4094"><ele>2595.0</ele></trkpt><trkpt lat="37.9361" lon="-119.40940999999998"><ele>2595.344357974686</ele></trkpt><trkpt lat="37.93597" lon="-119.40930000000003"><ele>2594.0</ele></trkpt><trkpt lat="37.93582" lon="-119.40924999999999"><ele>2593.4038361322155</ele></trkpt><trkpt lat="37.93571" lon="-119.40922999999998"><ele>2593.0</ele></trkpt><trkpt lat="37.93562" lon="-119.40927999999997"><ele>2593.2860124427825</ele></trkpt><trkpt lat="37.93559" lon="-119.40924999999999"><ele>2593.0</ele></trkpt><trkpt lat="37.93552" lon="-119.40926999999999"><ele>2592.951069131311</ele></trkpt><trkpt lat="37.93508" lon="-119.40953999999999"><ele>2590.0</ele></trkpt><trkpt lat="37.93489" lon="-119.40980000000002"><ele>2591.2611961185917</ele></trkpt><trkpt lat="37.93476" lon="-119.40985"><ele>2588.0</ele></trkpt><trkpt lat="37.93468" lon="-119.40999"><ele>2588.0</ele></trkpt><trkpt lat="37.93461" lon="-119.41005000000001"><ele>2587.0</ele></trkpt><trkpt lat="37.9345" lon="-119.41003"><ele>2586.0</ele></trkpt><trkpt lat="37.93446" lon="-119.40999"><ele>2585.0</ele></trkpt><trkpt lat="37.93439" lon="-119.40999"><ele>2585.3588979826577</ele></trkpt><trkpt lat="37.9343" lon="-119.41003999999998"><ele>2585.0</ele></trkpt><trkpt lat="37.93373" lon="-119.41041999999999"><ele>2585.0</ele></trkpt><trkpt lat="37.93316" lon="-119.41101000000003"><ele>2585.0</ele></trkpt><trkpt lat="37.93215" lon="-119.41156999999998"><ele>2585.0</ele></trkpt><trkpt lat="37.93192" lon="-119.41161999999997"><ele>2584.0</ele></trkpt><trkpt lat="37.93159" lon="-119.41163"><ele>2583.8039502226748</ele></trkpt><trkpt lat="37.93129" lon="-119.41160000000002"><ele>2583.0</ele></trkpt><trkpt lat="37.9305" lon="-119.41181"><ele>2583.0</ele></trkpt><trkpt lat="37.93021" lon="-119.41176999999999"><ele>2582.0</ele></trkpt><trkpt lat="37.93004" lon="-119.41183000000001"><ele>2582.0</ele></trkpt><trkpt lat="37.92962" lon="-119.41183000000001"><ele>2581.1246257782914</ele></trkpt><trkpt lat="37.92943" lon="-119.41196000000002"><ele>2583.0</ele></trkpt><trkpt lat="37.92893" lon="-119.41210000000001"><ele>2583.0</ele></trkpt><trkpt lat="37.92844" lon="-119.41203000000002"><ele>2583.0</ele></trkpt><trkpt lat="37.92789" lon="-119.41212000000002"><ele>2580.6396053344943</ele></trkpt><trkpt lat="37.92769" lon="-119.41219000000001"><ele>2580.901841778774</ele></trkpt><trkpt lat="37.92753" lon="-119.41218000000003"><ele>2578.277079659848</ele></trkpt><trkpt lat="37.92747" lon="-119.41221000000002"><ele>2577.8489992331533</ele></trkpt><trkpt lat="37.92725" lon="-119.41221000000002"><ele>2573.849322547435</ele></trkpt><trkpt lat="37.92705" lon="-119.41215999999997"><ele>2570.0</ele></trkpt><trkpt lat="37.92687" lon="-119.41219000000001"><ele>2567.9648307415528</ele></trkpt><trkpt lat="37.92687" lon="-119.41219000000001"><ele>2567.9648307415528</ele></trkpt><trkpt lat="37.92657" lon="-119.41224999999997"><ele>2563.0</ele></trkpt><trkpt lat="37.9264" lon="-119.41237999999998"><ele>2562.0</ele></trkpt><trkpt lat="37.92622" lon="-119.41255999999998"><ele>2559.0</ele></trkpt><trkpt lat="37.92578" lon="-119.41280999999998"><ele>2549.039104640018</ele></trkpt><trkpt lat="37.92573" lon="-119.41282000000001"><ele>2547.475356517024</ele></trkpt><trkpt lat="37.92571" lon="-119.41275999999999"><ele>2546.050077054056</ele></trkpt><trkpt lat="37.92571" lon="-119.41271"><ele>2545.2285345712407</ele></trkpt><trkpt lat="37.92566" lon="-119.41264999999999"><ele>2544.0</ele></trkpt><trkpt lat="37.92561" lon="-119.41275999999999"><ele>2542.57231758033</ele></trkpt><trkpt lat="37.92553" lon="-119.41282000000001"><ele>2541.1239106377534</ele></trkpt><trkpt lat="37.92523" lon="-119.41291999999999"><ele>2535.0</ele></trkpt><trkpt lat="37.92513" lon="-119.41284999999999"><ele>2532.0</ele></trkpt><trkpt lat="37.92508" lon="-119.41284999999999"><ele>2530.961523986347</ele></trkpt><trkpt lat="37.92495" lon="-119.41298999999998"><ele>2528.206388615072</ele></trkpt><trkpt lat="37.9249" lon="-119.41300999999999"><ele>2527.0</ele></trkpt><trkpt lat="37.92478" lon="-119.41291999999999"><ele>2524.1501323681177</ele></trkpt><trkpt lat="37.92473" lon="-119.41284000000002"><ele>2523.0</ele></trkpt><trkpt lat="37.92474" lon="-119.41269"><ele>2521.162739091261</ele></trkpt><trkpt lat="37.92463" lon="-119.41257000000002"><ele>2518.183820347578</ele></trkpt><trkpt lat="37.92411" lon="-119.41266999999999"><ele>2511.1572769152926</ele></trkpt><trkpt lat="37.92388" lon="-119.41254000000004"><ele>2508.0</ele></trkpt><trkpt lat="37.92375" lon="-119.41254000000004"><ele>2505.4576301211005</ele></trkpt><trkpt lat="37.92342" lon="-119.41268000000002"><ele>2501.0</ele></trkpt><trkpt lat="37.92328" lon="-119.41278"><ele>2500.725232648514</ele></trkpt><trkpt lat="37.92305" lon="-119.41284999999999"><ele>2499.0</ele></trkpt><trkpt lat="37.92283" lon="-119.41282999999999"><ele>2497.0</ele></trkpt><trkpt lat="37.92244" lon="-119.41289"><ele>2494.0</ele></trkpt><trkpt lat="37.92226" lon="-119.41302999999999"><ele>2494.0</ele></trkpt><trkpt lat="37.92209" lon="-119.41320000000002"><ele>2494.0</ele></trkpt><trkpt lat="37.92182" lon="-119.41334999999998"><ele>2493.0</ele></trkpt><trkpt lat="37.92174" lon="-119.41332"><ele>2493.0</ele></trkpt><trkpt lat="37.9216" lon="-119.41332999999997"><ele>2492.0</ele></trkpt><trkpt lat="37.92133" lon="-119.41343"><ele>2491.7959165756006</ele></trkpt><trkpt lat="37.92082" lon="-119.41372999999999"><ele>2491.0</ele></trkpt><trkpt lat="37.92037" lon="-119.41404999999997"><ele>2491.0</ele></trkpt><trkpt lat="37.92003" lon="-119.41415"><ele>2490.0</ele></trkpt><trkpt lat="37.91979" lon="-119.41426999999999"><ele>2489.304319962027</ele></trkpt><trkpt lat="37.91948" lon="-119.41429"><ele>2487.0</ele></trkpt><trkpt lat="37.91924" lon="-119.41435999999999"><ele>2486.0271808061616</ele></trkpt><trkpt lat="37.91903" lon="-119.41446000000002"><ele>2486.3223329085104</ele></trkpt><trkpt lat="37.91893" lon="-119.41456"><ele>2487.0</ele></trkpt><trkpt lat="37.91875" lon="-119.41460000000001"><ele>2485.941243945325</ele></trkpt><trkpt lat="37.91853" lon="-119.41474"><ele>2485.0</ele></trkpt><trkpt lat="37.91836" lon="-119.41489999999999"><ele>2485.0</ele></trkpt><trkpt lat="37.91825" lon="-119.41505999999998"><ele>2486.7878206740497</ele></trkpt><trkpt lat="37.91815" lon="-119.41512999999998"><ele>2486.0</ele></trkpt><trkpt lat="37.9177" lon="-119.41516999999999"><ele>2478.7799075553194</ele></trkpt><trkpt lat="37.91752" lon="-119.41527000000002"><ele>2478.0</ele></trkpt><trkpt lat="37.91715" lon="-119.41537"><ele>2477.0</ele></trkpt><trkpt lat="37.9171" lon="-119.41537"><ele>2476.045480034808</ele></trkpt><trkpt lat="37.91705" lon="-119.41532000000001"><ele>2475.384031308486</ele></trkpt><trkpt lat="37.91697" lon="-119.41532999999998"><ele>2474.7725740950555</ele></trkpt><trkpt lat="37.91677" lon="-119.41546"><ele>2471.9578473139554</ele></trkpt><trkpt lat="37.91671" lon="-119.41559000000001"><ele>2470.620684149163</ele></trkpt><trkpt lat="37.91657" lon="-119.41571999999996"><ele>2469.0</ele></trkpt><trkpt lat="37.91636" lon="-119.41580999999996"><ele>2467.0</ele></trkpt><trkpt lat="37.91631" lon="-119.41584999999998"><ele>2466.7840976323932</ele></trkpt><trkpt lat="37.91624" lon="-119.41598999999997"><ele>2465.0</ele></trkpt><trkpt lat="37.91621" lon="-119.41601000000003"><ele>2464.8858094908974</ele></trkpt><trkpt lat="37.91596" lon="-119.41610000000003"><ele>2461.8920888318985</ele></trkpt><trkpt lat="37.91567635113245" lon="-119.41614449394001"><ele>2459.0</ele></trkpt><trkpt lat="37.91572020507477" lon="-119.41613761495933"><ele>2459.8740330482833</ele></trkpt><trkpt lat="37.91545" lon="-119.41618"><ele>2458.0</ele></trkpt><trkpt lat="37.91513" lon="-119.41634999999997"><ele>2457.0</ele></trkpt><trkpt lat="37.91491" lon="-119.41652999999997"><ele>2455.0</ele></trkpt><trkpt lat="37.91481" lon="-119.41656999999998"><ele>2454.0</ele></trkpt><trkpt lat="37.91466" lon="-119.41656999999998"><ele>2452.0</ele></trkpt><trkpt lat="37.91419" lon="-119.41670999999997"><ele>2448.549109331798</ele></trkpt><trkpt lat="37.91402" lon="-119.41669000000002"><ele>2447.0</ele></trkpt><trkpt lat="37.91387" lon="-119.41672"><ele>2446.0151431108825</ele></trkpt><trkpt lat="37.91373" lon="-119.41678999999999"><ele>2445.0</ele></trkpt><trkpt lat="37.91359" lon="-119.41682000000003"><ele>2441.1080074030906</ele></trkpt><trkpt lat="37.91349" lon="-119.41678000000002"><ele>2439.163008642596</ele></trkpt><trkpt lat="37.91343" lon="-119.41678999999999"><ele>2438.182143421613</ele></trkpt><trkpt lat="37.91313" lon="-119.41696999999999"><ele>2436.9784336238367</ele></trkpt><trkpt lat="37.91269" lon="-119.41733999999997"><ele>2433.9949565656416</ele></trkpt><trkpt lat="37.91263" lon="-119.41733999999997"><ele>2432.9455621435295</ele></trkpt><trkpt lat="37.9124" lon="-119.41751"><ele>2431.9687314296793</ele></trkpt><trkpt lat="37.9123" lon="-119.41754000000003"><ele>2430.0</ele></trkpt><trkpt lat="37.912" lon="-119.41775999999999"><ele>2427.0</ele></trkpt><trkpt lat="37.91154" lon="-119.41796"><ele>2423.0113630320097</ele></trkpt><trkpt lat="37.9113" lon="-119.41818999999998"><ele>2418.274800966531</ele></trkpt><trkpt lat="37.9112" lon="-119.41863999999998"><ele>2411.471234936351</ele></trkpt><trkpt lat="37.9112" lon="-119.41883999999999"><ele>2408.1728107394238</ele></trkpt><trkpt lat="37.91116" lon="-119.41890000000001"><ele>2406.7361685678197</ele></trkpt><trkpt lat="37.91111" lon="-119.41892000000001"><ele>2405.0</ele></trkpt><trkpt lat="37.91095" lon="-119.41886999999997"><ele>2404.0</ele></trkpt><trkpt lat="37.91086" lon="-119.41886999999997"><ele>2403.0</ele></trkpt><trkpt lat="37.91074" lon="-119.41895999999997"><ele>2402.0</ele></trkpt><trkpt lat="37.91046" lon="-119.41931"><ele>2400.219710998237</ele></trkpt><trkpt lat="37.91038" lon="-119.41935000000001"><ele>2399.5820266674273</ele></trkpt><trkpt lat="37.91024" lon="-119.41935999999998"><ele>2398.0</ele></trkpt><trkpt lat="37.90981" lon="-119.41973999999999"><ele>2398.9576235852815</ele></trkpt><trkpt lat="37.90981" lon="-119.41973999999999"><ele>2398.9576235852815</ele></trkpt><trkpt lat="37.90968441625578" lon="-119.4198297026744"><ele>2399.345186004415</ele></trkpt><trkpt lat="37.90967" lon="-119.41984000000002"><ele>2398.973538808059</ele></trkpt><trkpt lat="37.90961" lon="-119.41993000000002"><ele>2399.0072136764993</ele></trkpt><trkpt lat="37.90959" lon="-119.42000000000002"><ele>2398.725981587848</ele></trkpt><trkpt lat="37.90953" lon="-119.42003"><ele>2398.2723235557787</ele></trkpt><trkpt lat="37.90953" lon="-119.42003"><ele>2398.2723235557787</ele></trkpt><trkpt lat="37.90947" lon="-119.42007999999998"><ele>2397.89756333429</ele></trkpt><trkpt lat="37.90939" lon="-119.42025000000001"><ele>2397.016889810562</ele></trkpt><trkpt lat="37.90933" lon="-119.42027999999999"><ele>2396.0</ele></trkpt><trkpt lat="37.90933" lon="-119.42027999999999"><ele>2396.0</ele></trkpt><trkpt lat="37.90916" lon="-119.42036000000002"><ele>2396.7189977686185</ele></trkpt><trkpt lat="37.90916" lon="-119.42036000000002"><ele>2396.7189977686185</ele></trkpt><trkpt lat="37.90907745479012" lon="-119.420336105334"><ele>2398.0</ele></trkpt><trkpt lat="37.909086221418164" lon="-119.42033864299765"><ele>2398.0</ele></trkpt><trkpt lat="37.90878" lon="-119.42025000000001"><ele>2399.0</ele></trkpt><trkpt lat="37.90863" lon="-119.42027999999999"><ele>2402.0</ele></trkpt><trkpt lat="37.90862" lon="-119.42032"><ele>2403.787303111516</ele></trkpt><trkpt lat="37.90868" lon="-119.42039"><ele>2405.04953955533</ele></trkpt><trkpt lat="37.90864" lon="-119.42043000000001"><ele>2406.9136746674776</ele></trkpt><trkpt lat="37.90835" lon="-119.42039"><ele>2413.04953955533</ele></trkpt><trkpt lat="37.90817" lon="-119.42086"><ele>2421.0</ele></trkpt><trkpt lat="37.90817" lon="-119.42101000000002"><ele>2422.943633778952</ele></trkpt><trkpt lat="37.9081" lon="-119.42113999999998"><ele>2423.0</ele></trkpt><trkpt lat="37.9081" lon="-119.42113999999998"><ele>2423.0</ele></trkpt><trkpt lat="37.90807" lon="-119.42113"><ele>2423.0</ele></trkpt><trkpt lat="37.90802" lon="-119.42108000000002"><ele>2424.0</ele></trkpt><trkpt lat="37.90802" lon="-119.42086"><ele>2425.042420278105</ele></trkpt><trkpt lat="37.90797" lon="-119.42065000000002"><ele>2428.976423939535</ele></trkpt><trkpt lat="37.90794" lon="-119.42061999999999"><ele>2430.630326351151</ele></trkpt><trkpt lat="37.90785" lon="-119.42059999999998"><ele>2433.946304826066</ele></trkpt><trkpt lat="37.90783" lon="-119.4205"><ele>2434.846540861682</ele></trkpt><trkpt lat="37.9078" lon="-119.42048"><ele>2435.6802560238143</ele></trkpt><trkpt lat="37.90775" lon="-119.42052000000001"><ele>2436.8529399484396</ele></trkpt><trkpt lat="37.90772" lon="-119.42059999999998"><ele>2438.9385816935683</ele></trkpt><trkpt lat="37.90768" lon="-119.42057999999997"><ele>2439.9875797573477</ele></trkpt><trkpt lat="37.90764" lon="-119.42059999999998"><ele>2443.5367075116374</ele></trkpt><trkpt lat="37.90765" lon="-119.42047000000002"><ele>2441.8129888946673</ele></trkpt><trkpt lat="37.90762" lon="-119.42039"><ele>2443.5052206763175</ele></trkpt><trkpt lat="37.90749" lon="-119.42027999999999"><ele>2445.194007169891</ele></trkpt><trkpt lat="37.90739" lon="-119.42007000000001"><ele>2445.015932903163</ele></trkpt><trkpt lat="37.90741" lon="-119.41984000000002"><ele>2445.3907159588944</ele></trkpt><trkpt lat="37.90754" lon="-119.41967999999997"><ele>2441.0</ele></trkpt><trkpt lat="37.90756" lon="-119.41961000000003"><ele>2440.0</ele></trkpt><trkpt lat="37.90755" lon="-119.41958"><ele>2439.5342050408663</ele></trkpt><trkpt lat="37.90751" lon="-119.41958999999997"><ele>2439.766837331932</ele></trkpt><trkpt lat="37.90749" lon="-119.4194"><ele>2434.9306479842144</ele></trkpt><trkpt lat="37.90742" lon="-119.41928000000001"><ele>2433.5543121986366</ele></trkpt><trkpt lat="37.90739" lon="-119.41913999999997"><ele>2433.092861188481</ele></trkpt><trkpt lat="37.90732" lon="-119.41907000000003"><ele>2435.0</ele></trkpt><trkpt lat="37.90731602929919" lon="-119.41904776407546"><ele>2435.503188302275</ele></trkpt><trkpt lat="37.907309856452876" lon="-119.41901319612066"><ele>2436.0</ele></trkpt><trkpt lat="37.90727" lon="-119.41879"><ele>2437.0</ele></trkpt><trkpt lat="37.9071" lon="-119.41858000000002"><ele>2441.171477869981</ele></trkpt><trkpt lat="37.90709" lon="-119.41853000000003"><ele>2441.5293088632516</ele></trkpt><trkpt lat="37.90711" lon="-119.41845"><ele>2443.0162279717624</ele></trkpt><trkpt lat="37.90709" lon="-119.41841"><ele>2444.0</ele></trkpt><trkpt lat="37.90679" lon="-119.41820000000001"><ele>2448.5496330486167</ele></trkpt><trkpt lat="37.90677" lon="-119.41822000000002"><ele>2449.9790582054575</ele></trkpt><trkpt lat="37.90679" lon="-119.41829000000001"><ele>2452.182446223218</ele></trkpt><trkpt lat="37.90677" lon="-119.41829999999999"><ele>2452.1702004925364</ele></trkpt><trkpt lat="37.90661" lon="-119.41829000000001"><ele>2455.182446223218</ele></trkpt><trkpt lat="37.90649" lon="-119.41823999999997"><ele>2457.128132031299</ele></trkpt><trkpt lat="37.90648" lon="-119.41827"><ele>2458.1168863237835</ele></trkpt><trkpt lat="37.90653" lon="-119.41831000000002"><ele>2458.114513779059</ele></trkpt><trkpt lat="37.90656" lon="-119.41838999999999"><ele>2460.8427839996293</ele></trkpt><trkpt lat="37.90649" lon="-119.41840000000002"><ele>2462.0</ele></trkpt><trkpt lat="37.90635" lon="-119.41834"><ele>2465.0</ele></trkpt><trkpt lat="37.9061" lon="-119.41834"><ele>2469.512615111191</ele></trkpt><trkpt lat="37.90584" lon="-119.41853000000003"><ele>2475.3672568905167</ele></trkpt><trkpt lat="37.90555" lon="-119.41881000000001"><ele>2480.0</ele></trkpt><trkpt lat="37.9054" lon="-119.41879"><ele>2480.0</ele></trkpt><trkpt lat="37.90527" lon="-119.41874000000001"><ele>2481.0</ele></trkpt><trkpt lat="37.90522" lon="-119.41863999999998"><ele>2482.0</ele></trkpt><trkpt lat="37.90509" lon="-119.41854000000001"><ele>2482.0</ele></trkpt><trkpt lat="37.90497" lon="-119.41852"><ele>2483.0987768890336</ele></trkpt><trkpt lat="37.90477" lon="-119.41826000000003"><ele>2484.028685849532</ele></trkpt><trkpt lat="37.90464" lon="-119.41820999999999"><ele>2484.0</ele></trkpt><trkpt lat="37.90461" lon="-119.41814999999997"><ele>2485.0</ele></trkpt><trkpt lat="37.90463" lon="-119.41809"><ele>2485.8828650704345</ele></trkpt><trkpt lat="37.90482" lon="-119.41793000000001"><ele>2487.0</ele></trkpt><trkpt lat="37.90509" lon="-119.41727000000003"><ele>2487.0</ele></trkpt><trkpt lat="37.90521" lon="-119.41703000000001"><ele>2487.9439736136414</ele></trkpt><trkpt lat="37.90525" lon="-119.41691000000003"><ele>2487.0672182303824</ele></trkpt><trkpt lat="37.9052" lon="-119.41676000000001"><ele>2489.0</ele></trkpt><trkpt lat="37.90509" lon="-119.41672"><ele>2490.0</ele></trkpt><trkpt lat="37.90496" lon="-119.41681"><ele>2491.0</ele></trkpt><trkpt lat="37.90482" lon="-119.41682000000003"><ele>2493.0</ele></trkpt><trkpt lat="37.90469" lon="-119.41678000000002"><ele>2494.0</ele></trkpt><trkpt lat="37.90455" lon="-119.41667999999999"><ele>2494.0</ele></trkpt><trkpt lat="37.90432" lon="-119.41631000000001"><ele>2495.4456650521606</ele></trkpt><trkpt lat="37.90417" lon="-119.41624999999999"><ele>2497.888444445096</ele></trkpt><trkpt lat="37.90407" lon="-119.41613999999998"><ele>2499.0</ele></trkpt><trkpt lat="37.90402" lon="-119.41613000000001"><ele>2500.0</ele></trkpt><trkpt lat="37.90394" lon="-119.41616999999997"><ele>2500.067987187535</ele></trkpt><trkpt lat="37.90385" lon="-119.41615000000002"><ele>2501.0</ele></trkpt><trkpt lat="37.90379" lon="-119.41607999999997"><ele>2502.0</ele></trkpt><trkpt lat="37.90366" lon="-119.41571999999996"><ele>2503.4274384286255</ele></trkpt><trkpt lat="37.90344" lon="-119.41546"><ele>2505.124231574715</ele></trkpt><trkpt lat="37.90336" lon="-119.41548999999998"><ele>2506.0</ele></trkpt><trkpt lat="37.90307" lon="-119.41577999999998"><ele>2507.057084166446</ele></trkpt><trkpt lat="37.90286" lon="-119.41615000000002"><ele>2511.677604109049</ele></trkpt><trkpt lat="37.90263" lon="-119.41615999999999"><ele>2512.0</ele></trkpt><trkpt lat="37.90251" lon="-119.4162"><ele>2513.4916220803834</ele></trkpt><trkpt lat="37.90227" lon="-119.41637000000003"><ele>2515.6651062380533</ele></trkpt><trkpt lat="37.90212" lon="-119.41634999999997"><ele>2518.0874903267363</ele></trkpt><trkpt lat="37.90199" lon="-119.41622999999998"><ele>2522.8315642009115</ele></trkpt><trkpt lat="37.90202" lon="-119.41606999999999"><ele>2525.0</ele></trkpt><trkpt lat="37.90264" lon="-119.41541999999998"><ele>2530.0</ele></trkpt><trkpt lat="37.90274" lon="-119.41525000000001"><ele>2526.3887990225053</ele></trkpt><trkpt lat="37.90274" lon="-119.41491000000002"><ele>2525.0</ele></trkpt><trkpt lat="37.90284" lon="-119.41458"><ele>2520.0</ele></trkpt><trkpt lat="37.90281" lon="-119.41442999999998"><ele>2520.739071408296</ele></trkpt><trkpt lat="37.9027" lon="-119.41415"><ele>2521.0</ele></trkpt><trkpt lat="37.90249" lon="-119.41403000000003"><ele>2524.0</ele></trkpt><trkpt lat="37.90244" lon="-119.41408999999999"><ele>2526.0</ele></trkpt><trkpt lat="37.90218" lon="-119.41413999999997"><ele>2531.778428443242</ele></trkpt><trkpt lat="37.901978287256554" lon="-119.41434171274346"><ele>2536.0</ele></trkpt><trkpt lat="37.90192239518232" lon="-119.4143549860205"><ele>2536.8085248883917</ele></trkpt><trkpt lat="37.90181" lon="-119.41433999999998"><ele>2538.0686460776524</ele></trkpt><trkpt lat="37.9017" lon="-119.41422999999998"><ele>2540.0</ele></trkpt><trkpt lat="37.90162" lon="-119.41403000000003"><ele>2541.914345836267</ele></trkpt><trkpt lat="37.90158" lon="-119.41399999999999"><ele>2544.0</ele></trkpt><trkpt lat="37.90144" lon="-119.41399000000001"><ele>2546.0</ele></trkpt><trkpt lat="37.9013" lon="-119.41386999999997"><ele>2548.8139498457313</ele></trkpt><trkpt lat="37.90119" lon="-119.41361999999998"><ele>2547.0</ele></trkpt><trkpt lat="37.90116" lon="-119.41359"><ele>2546.92959143503</ele></trkpt><trkpt lat="37.90109" lon="-119.41359"><ele>2545.8150018542265</ele></trkpt><trkpt lat="37.90106" lon="-119.41345999999999"><ele>2544.0</ele></trkpt><trkpt lat="37.90094" lon="-119.41334999999998"><ele>2544.0</ele></trkpt><trkpt lat="37.90093" lon="-119.41323"><ele>2543.666514536366</ele></trkpt><trkpt lat="37.90093" lon="-119.41323"><ele>2543.666514536366</ele></trkpt><trkpt lat="37.90093" lon="-119.41323"><ele>2543.666514536366</ele></trkpt><trkpt lat="37.90103" lon="-119.41313000000002"><ele>2542.760426806286</ele></trkpt><trkpt lat="37.90106" lon="-119.41302999999999"><ele>2543.0</ele></trkpt><trkpt lat="37.90106" lon="-119.41302999999999"><ele>2543.0</ele></trkpt><trkpt lat="37.90109" lon="-119.41295000000002"><ele>2542.0</ele></trkpt><trkpt lat="37.90109" lon="-119.41295000000002"><ele>2542.0</ele></trkpt><trkpt lat="37.90114" lon="-119.41287999999997"><ele>2542.263721032068</ele></trkpt><trkpt lat="37.90114" lon="-119.41287999999997"><ele>2542.263721032068</ele></trkpt><trkpt lat="37.90126" lon="-119.41282999999999"><ele>2543.095601878129</ele></trkpt><trkpt lat="37.90126" lon="-119.41282999999999"><ele>2543.095601878129</ele></trkpt><trkpt lat="37.90136" lon="-119.41273000000001"><ele>2544.0493770477865</ele></trkpt><trkpt lat="37.90143" lon="-119.41248000000002"><ele>2545.0</ele></trkpt><trkpt lat="37.90149" lon="-119.41239000000002"><ele>2545.0</ele></trkpt><trkpt lat="37.90156" lon="-119.41237000000001"><ele>2545.541972151026</ele></trkpt><trkpt lat="37.90162" lon="-119.41226"><ele>2546.0</ele></trkpt><trkpt lat="37.90163" lon="-119.41167000000002"><ele>2546.0</ele></trkpt><trkpt lat="37.90178" lon="-119.41098999999997"><ele>2545.0</ele></trkpt><trkpt lat="37.90208" lon="-119.41068000000001"><ele>2546.0</ele></trkpt><trkpt lat="37.9022" lon="-119.41021999999998"><ele>2547.9068124452606</ele></trkpt><trkpt lat="37.90217" lon="-119.41017999999997"><ele>2548.0</ele></trkpt><trkpt lat="37.90214" lon="-119.41017"><ele>2548.439295391552</ele></trkpt><trkpt lat="37.90198" lon="-119.41034000000002"><ele>2550.7615460642264</ele></trkpt><trkpt lat="37.90192" lon="-119.41034000000002"><ele>2553.0</ele></trkpt><trkpt lat="37.90187" lon="-119.41032000000001"><ele>2554.036718077531</ele></trkpt><trkpt lat="37.90172" lon="-119.41011000000003"><ele>2558.0</ele></trkpt><trkpt lat="37.90165" lon="-119.4101"><ele>2559.071140405152</ele></trkpt><trkpt lat="37.90142" lon="-119.41017"><ele>2562.1721925261218</ele></trkpt><trkpt lat="37.90135" lon="-119.41021999999998"><ele>2563.86089213565</ele></trkpt><trkpt lat="37.90127" lon="-119.41034000000002"><ele>2567.4016090068117</ele></trkpt><trkpt lat="37.90123" lon="-119.41032999999999"><ele>2568.7400353316293</ele></trkpt><trkpt lat="37.90117" lon="-119.41023999999999"><ele>2570.4918904975057</ele></trkpt><trkpt lat="37.9011" lon="-119.41026"><ele>2573.599437752645</ele></trkpt><trkpt lat="37.9011" lon="-119.41038000000003"><ele>2576.0</ele></trkpt><trkpt lat="37.90106" lon="-119.41038000000003"><ele>2576.0</ele></trkpt><trkpt lat="37.90095" lon="-119.41021999999998"><ele>2576.0</ele></trkpt><trkpt lat="37.90081" lon="-119.41021999999998"><ele>2573.0</ele></trkpt><trkpt lat="37.90073" lon="-119.41007000000002"><ele>2572.9508501565806</ele></trkpt><trkpt lat="37.90058" lon="-119.40993000000003"><ele>2573.0</ele></trkpt><trkpt lat="37.90049" lon="-119.40978999999999"><ele>2572.0</ele></trkpt><trkpt lat="37.90039" lon="-119.40951999999999"><ele>2568.8815007545054</ele></trkpt><trkpt lat="37.9004" lon="-119.40944999999999"><ele>2569.03135445714</ele></trkpt><trkpt lat="37.90049" lon="-119.40933999999999"><ele>2571.028511770813</ele></trkpt><trkpt lat="37.90049" lon="-119.40927999999997"><ele>2570.5336195981963</ele></trkpt><trkpt lat="37.90041" lon="-119.40909999999997"><ele>2569.0</ele></trkpt><trkpt lat="37.90037" lon="-119.40893"><ele>2568.278179613458</ele></trkpt><trkpt lat="37.90031" lon="-119.40843999999998"><ele>2566.0</ele></trkpt><trkpt lat="37.90031" lon="-119.40825999999998"><ele>2566.0</ele></trkpt><trkpt lat="37.90033" lon="-119.40798999999998"><ele>2566.0</ele></trkpt><trkpt lat="37.90032" lon="-119.40769999999998"><ele>2565.3065240718424</ele></trkpt><trkpt lat="37.90036" lon="-119.40753999999998"><ele>2566.0</ele></trkpt><trkpt lat="37.90036" lon="-119.40715999999998"><ele>2565.0</ele></trkpt><trkpt lat="37.90032" lon="-119.40703000000002"><ele>2564.0</ele></trkpt><trkpt lat="37.90022" lon="-119.40690999999998"><ele>2563.901685166865</ele></trkpt><trkpt lat="37.90016" lon="-119.40669000000003"><ele>2564.0</ele></trkpt><trkpt lat="37.89993" lon="-119.40620000000001"><ele>2564.0</ele></trkpt><trkpt lat="37.89981" lon="-119.406"><ele>2563.0</ele></trkpt><trkpt lat="37.89967" lon="-119.40586000000002"><ele>2564.0</ele></trkpt><trkpt lat="37.89963" lon="-119.40578"><ele>2564.0</ele></trkpt><trkpt lat="37.89962" lon="-119.40568000000002"><ele>2564.0</ele></trkpt><trkpt lat="37.89966" lon="-119.40539999999999"><ele>2566.0</ele></trkpt><trkpt lat="37.89961" lon="-119.40514999999999"><ele>2565.0</ele></trkpt><trkpt lat="37.89930258190397" lon="-119.40478494101097"><ele>2565.0</ele></trkpt><trkpt lat="37.8992980477208" lon="-119.40477955664818"><ele>2565.0</ele></trkpt><trkpt lat="37.89929" lon="-119.40476999999998"><ele>2565.0</ele></trkpt><trkpt lat="37.89909" lon="-119.40460999999999"><ele>2564.648238221649</ele></trkpt><trkpt lat="37.89896" lon="-119.40440999999998"><ele>2565.0</ele></trkpt><trkpt lat="37.89876" lon="-119.40422000000001"><ele>2566.0</ele></trkpt><trkpt lat="37.89869" lon="-119.40417000000002"><ele>2566.0</ele></trkpt><trkpt lat="37.89849" lon="-119.40413000000001"><ele>2566.0</ele></trkpt><trkpt lat="37.89825" lon="-119.40397000000002"><ele>2565.168436041068</ele></trkpt><trkpt lat="37.89814" lon="-119.40368999999998"><ele>2565.0</ele></trkpt><trkpt lat="37.89801" lon="-119.40312"><ele>2567.0</ele></trkpt><trkpt lat="37.89801" lon="-119.40312"><ele>2567.0</ele></trkpt><trkpt lat="37.89801" lon="-119.40312"><ele>2567.0</ele></trkpt><trkpt lat="37.89781" lon="-119.40253000000001"><ele>2566.0</ele></trkpt><trkpt lat="37.89772" lon="-119.40233999999998"><ele>2565.0</ele></trkpt><trkpt lat="37.89754" lon="-119.40206"><ele>2566.0</ele></trkpt><trkpt lat="37.89751" lon="-119.40196000000003"><ele>2566.0</ele></trkpt><trkpt lat="37.89776" lon="-119.40120000000002"><ele>2566.0</ele></trkpt><trkpt lat="37.89784" lon="-119.40102999999999"><ele>2566.0</ele></trkpt><trkpt lat="37.89785" lon="-119.40070000000003"><ele>2566.0</ele></trkpt><trkpt lat="37.89801" lon="-119.40048000000002"><ele>2566.0</ele></trkpt><trkpt lat="37.89815" lon="-119.40017999999998"><ele>2566.0</ele></trkpt><trkpt lat="37.89837" lon="-119.39940999999999"><ele>2566.0</ele></trkpt><trkpt lat="37.89837" lon="-119.39940999999999"><ele>2566.0</ele></trkpt><trkpt lat="37.89865" lon="-119.39857999999998"><ele>2567.0</ele></trkpt><trkpt lat="37.89871" lon="-119.39800000000002"><ele>2568.6880924253874</ele></trkpt><trkpt lat="37.89892" lon="-119.39711"><ele>2569.622823709622</ele></trkpt><trkpt lat="37.89891" lon="-119.39679000000001"><ele>2569.0</ele></trkpt><trkpt lat="37.89888" lon="-119.39674000000002"><ele>2569.0</ele></trkpt><trkpt lat="37.89886" lon="-119.39659"><ele>2568.0704843072913</ele></trkpt><trkpt lat="37.89878" lon="-119.3965"><ele>2569.0</ele></trkpt><trkpt lat="37.89852" lon="-119.39633000000003"><ele>2568.0</ele></trkpt><trkpt lat="37.89833" lon="-119.39605"><ele>2568.2152594038607</ele></trkpt><trkpt lat="37.8982" lon="-119.39579000000003"><ele>2569.0</ele></trkpt><trkpt lat="37.89801" lon="-119.39558"><ele>2569.901026484127</ele></trkpt><trkpt lat="37.89785" lon="-119.39544999999998"><ele>2570.0</ele></trkpt><trkpt lat="37.89782" lon="-119.39544000000001"><ele>2569.0</ele></trkpt><trkpt lat="37.89752" lon="-119.39555999999999"><ele>2566.0</ele></trkpt><trkpt lat="37.89673" lon="-119.39562999999998"><ele>2566.7149533126503</ele></trkpt><trkpt lat="37.89602" lon="-119.39543000000003"><ele>2567.0</ele></trkpt><trkpt lat="37.89564" lon="-119.39517000000001"><ele>2567.0</ele></trkpt><trkpt lat="37.89555" lon="-119.39503000000002"><ele>2568.0</ele></trkpt><trkpt lat="37.89525" lon="-119.39418"><ele>2570.0</ele></trkpt><trkpt lat="37.89507" lon="-119.39391999999998"><ele>2570.0</ele></trkpt><trkpt lat="37.89488" lon="-119.39357000000001"><ele>2569.0</ele></trkpt><trkpt lat="37.89467" lon="-119.39330000000001"><ele>2570.0</ele></trkpt><trkpt lat="37.89455900751836" lon="-119.39320486358719"><ele>2570.0</ele></trkpt><trkpt lat="37.894559254972854" lon="-119.39320507567214"><ele>2570.0</ele></trkpt><trkpt lat="37.89453" lon="-119.39318000000003"><ele>2570.0283697759733</ele></trkpt><trkpt lat="37.89425" lon="-119.39285999999998"><ele>2571.0</ele></trkpt><trkpt lat="37.89416" lon="-119.39258999999998"><ele>2573.0</ele></trkpt><trkpt lat="37.89403" lon="-119.39240999999998"><ele>2573.0</ele></trkpt><trkpt lat="37.89392" lon="-119.39209"><ele>2574.0</ele></trkpt><trkpt lat="37.89372" lon="-119.39175"><ele>2577.0</ele></trkpt><trkpt lat="37.89367" lon="-119.39161000000001"><ele>2577.0</ele></trkpt><trkpt lat="37.89363" lon="-119.39141999999998"><ele>2578.2504643009943</ele></trkpt><trkpt lat="37.89351" lon="-119.3911"><ele>2580.0</ele></trkpt><trkpt lat="37.89338" lon="-119.39083"><ele>2583.0</ele></trkpt><trkpt lat="37.89332" lon="-119.39039000000002"><ele>2587.0</ele></trkpt><trkpt lat="37.89328" lon="-119.39031"><ele>2587.0</ele></trkpt><trkpt lat="37.8931" lon="-119.39013"><ele>2589.0148892088637</ele></trkpt><trkpt lat="37.89277" lon="-119.38929000000002"><ele>2590.0</ele></trkpt><trkpt lat="37.89253" lon="-119.38882000000001"><ele>2590.0</ele></trkpt><trkpt lat="37.89231" lon="-119.38855999999998"><ele>2589.0</ele></trkpt><trkpt lat="37.8922" lon="-119.38851"><ele>2589.0</ele></trkpt><trkpt lat="37.8922" lon="-119.38851"><ele>2589.0</ele></trkpt><trkpt lat="37.89195" lon="-119.38848999999999"><ele>2589.0</ele></trkpt><trkpt lat="37.89154" lon="-119.38830999999999"><ele>2592.0</ele></trkpt><trkpt lat="37.89133" lon="-119.38810999999998"><ele>2596.0</ele></trkpt><trkpt lat="37.89122" lon="-119.38806999999997"><ele>2597.0</ele></trkpt><trkpt lat="37.89103" lon="-119.38810000000001"><ele>2598.0</ele></trkpt><trkpt lat="37.89098" lon="-119.38806999999997"><ele>2597.1716302237473</ele></trkpt><trkpt lat="37.89088" lon="-119.3879"><ele>2598.0</ele></trkpt><trkpt lat="37.89086" lon="-119.38774000000001"><ele>2598.368463790044</ele></trkpt><trkpt lat="37.8907" lon="-119.38745"><ele>2601.0</ele></trkpt><trkpt lat="37.89047" lon="-119.38736"><ele>2601.0</ele></trkpt><trkpt lat="37.8904" lon="-119.38728000000003"><ele>2601.988298664801</ele></trkpt><trkpt lat="37.89032" lon="-119.38722999999999"><ele>2602.0</ele></trkpt><trkpt lat="37.89025" lon="-119.38701000000003"><ele>2604.0</ele></trkpt><trkpt lat="37.88991" lon="-119.38668000000001"><ele>2605.0</ele></trkpt><trkpt lat="37.88971" lon="-119.38657"><ele>2605.0</ele></trkpt><trkpt lat="37.8896" lon="-119.38638000000003"><ele>2605.9468353640477</ele></trkpt><trkpt lat="37.88938" lon="-119.38612999999998"><ele>2609.0</ele></trkpt><trkpt lat="37.88933" lon="-119.38598000000002"><ele>2611.0</ele></trkpt><trkpt lat="37.88926" lon="-119.38592"><ele>2612.906501546827</ele></trkpt><trkpt lat="37.88917" lon="-119.38565"><ele>2615.0</ele></trkpt><trkpt lat="37.88905" lon="-119.38497999999998"><ele>2618.0</ele></trkpt><trkpt lat="37.88913" lon="-119.38472000000002"><ele>2621.0</ele></trkpt><trkpt lat="37.88908" lon="-119.38448"><ele>2621.5188973080367</ele></trkpt><trkpt lat="37.88906" lon="-119.38412"><ele>2621.0</ele></trkpt><trkpt lat="37.88894" lon="-119.38362000000001"><ele>2620.0</ele></trkpt><trkpt lat="37.88897" lon="-119.38348000000002"><ele>2621.023255802691</ele></trkpt><trkpt lat="37.88908" lon="-119.38317999999998"><ele>2623.0</ele></trkpt><trkpt lat="37.88913" lon="-119.38281"><ele>2624.0</ele></trkpt><trkpt lat="37.88912" lon="-119.38261999999997"><ele>2624.0</ele></trkpt><trkpt lat="37.88907" lon="-119.38229000000001"><ele>2625.0</ele></trkpt><trkpt lat="37.88893" lon="-119.38182"><ele>2625.0</ele></trkpt><trkpt lat="37.88885" lon="-119.38164999999998"><ele>2624.0</ele></trkpt><trkpt lat="37.88864" lon="-119.38134000000002"><ele>2623.0</ele></trkpt><trkpt lat="37.88867" lon="-119.38119"><ele>2623.0</ele></trkpt><trkpt lat="37.88864" lon="-119.38089000000002"><ele>2624.0</ele></trkpt><trkpt lat="37.88855" lon="-119.38075000000003"><ele>2622.0</ele></trkpt><trkpt lat="37.88855" lon="-119.38075000000003"><ele>2622.0</ele></trkpt><trkpt lat="37.88855" lon="-119.38075000000003"><ele>2622.0</ele></trkpt><trkpt lat="37.88819" lon="-119.38054"><ele>2621.0</ele></trkpt><trkpt lat="37.88806" lon="-119.38051999999999"><ele>2619.3063039760427</ele></trkpt><trkpt lat="37.8879" lon="-119.38054999999997"><ele>2619.6887995211328</ele></trkpt><trkpt lat="37.88757" lon="-119.38067999999998"><ele>2619.0</ele></trkpt><trkpt lat="37.88738" lon="-119.38060000000002"><ele>2618.0</ele></trkpt><trkpt lat="37.88725" lon="-119.38051000000002"><ele>2616.0</ele></trkpt><trkpt lat="37.88716" lon="-119.38040000000001"><ele>2615.0</ele></trkpt><trkpt lat="37.88707" lon="-119.38004999999998"><ele>2614.0</ele></trkpt><trkpt lat="37.88674" lon="-119.37979000000001"><ele>2612.6590204164386</ele></trkpt><trkpt lat="37.88673" lon="-119.37959999999998"><ele>2613.2495149169117</ele></trkpt><trkpt lat="37.8867143443491" lon="-119.37953737739645"><ele>2614.0</ele></trkpt><trkpt lat="37.88671161029809" lon="-119.37952644118155"><ele>2614.0</ele></trkpt><trkpt lat="37.88669" lon="-119.37943999999999"><ele>2615.0</ele></trkpt><trkpt lat="37.88657" lon="-119.37922000000003"><ele>2616.0</ele></trkpt><trkpt lat="37.88635" lon="-119.37891000000002"><ele>2617.0</ele></trkpt><trkpt lat="37.88559" lon="-119.37806"><ele>2616.0</ele></trkpt><trkpt lat="37.88509" lon="-119.37743999999998"><ele>2616.9611034057716</ele></trkpt><trkpt lat="37.88509" lon="-119.37743999999998"><ele>2616.9611034057716</ele></trkpt><trkpt lat="37.88504" lon="-119.37738999999999"><ele>2616.0</ele></trkpt><trkpt lat="37.88468" lon="-119.37725999999998"><ele>2618.0</ele></trkpt><trkpt lat="37.88461" lon="-119.37720999999999"><ele>2619.0</ele></trkpt><trkpt lat="37.88446" lon="-119.37720000000002"><ele>2621.0</ele></trkpt><trkpt lat="37.88415" lon="-119.37702000000002"><ele>2622.0</ele></trkpt><trkpt lat="37.88415" lon="-119.37702000000002"><ele>2622.0</ele></trkpt><trkpt lat="37.88415" lon="-119.37702000000002"><ele>2622.0</ele></trkpt><trkpt lat="37.88367" lon="-119.37697000000003"><ele>2622.0</ele></trkpt><trkpt lat="37.88314" lon="-119.3768"><ele>2620.0</ele></trkpt><trkpt lat="37.88276" lon="-119.37655000000001"><ele>2620.3589858633486</ele></trkpt><trkpt lat="37.88264" lon="-119.37637999999998"><ele>2621.2449582796544</ele></trkpt><trkpt lat="37.88253" lon="-119.37608999999998"><ele>2621.0</ele></trkpt><trkpt lat="37.88233" lon="-119.37585999999999"><ele>2623.0</ele></trkpt><trkpt lat="37.88229" lon="-119.37569000000002"><ele>2626.0</ele></trkpt><trkpt lat="37.88217" lon="-119.37536999999998"><ele>2629.4933486487716</ele></trkpt><trkpt lat="37.8821" lon="-119.37529"><ele>2630.0</ele></trkpt><trkpt lat="37.88209" lon="-119.37515000000002"><ele>2630.7696880530566</ele></trkpt><trkpt lat="37.88206" lon="-119.37508000000003"><ele>2630.0</ele></trkpt><trkpt lat="37.88192" lon="-119.37504999999999"><ele>2629.9616535673185</ele></trkpt><trkpt lat="37.88185" lon="-119.37482"><ele>2631.0</ele></trkpt><trkpt lat="37.88177" lon="-119.37468000000001"><ele>2632.0</ele></trkpt><trkpt lat="37.88171" lon="-119.37446999999997"><ele>2633.0</ele></trkpt><trkpt lat="37.88163" lon="-119.37392"><ele>2636.0</ele></trkpt><trkpt lat="37.88112" lon="-119.37296000000003"><ele>2636.0</ele></trkpt><trkpt lat="37.88110188201968" lon="-119.3728666227168"><ele>2636.0</ele></trkpt><trkpt lat="37.88110447045055" lon="-119.37287996302899"><ele>2636.0</ele></trkpt><trkpt lat="37.88099" lon="-119.37229000000002"><ele>2638.0</ele></trkpt><trkpt lat="37.88093" lon="-119.37220000000002"><ele>2638.0</ele></trkpt><trkpt lat="37.88072" lon="-119.37149"><ele>2638.0</ele></trkpt><trkpt lat="37.88066" lon="-119.37101999999999"><ele>2637.335120461881</ele></trkpt><trkpt lat="37.88059" lon="-119.37083999999999"><ele>2638.0</ele></trkpt><trkpt lat="37.88007" lon="-119.36984000000001"><ele>2636.498958412558</ele></trkpt><trkpt lat="37.87997" lon="-119.36969999999997"><ele>2636.0</ele></trkpt><trkpt lat="37.87964" lon="-119.36936000000003"><ele>2636.0</ele></trkpt><trkpt lat="37.87961" lon="-119.36915999999997"><ele>2635.0</ele></trkpt><trkpt lat="37.87955" lon="-119.36903000000001"><ele>2635.499943110626</ele></trkpt><trkpt lat="37.87946" lon="-119.3689"><ele>2635.0</ele></trkpt><trkpt lat="37.87933" lon="-119.36879999999996"><ele>2633.781279998366</ele></trkpt><trkpt lat="37.87932" lon="-119.36876999999998"><ele>2633.0</ele></trkpt><trkpt lat="37.8794" lon="-119.36856"><ele>2632.0</ele></trkpt><trkpt lat="37.87936" lon="-119.36829999999998"><ele>2631.0</ele></trkpt><trkpt lat="37.87905" lon="-119.36743999999999"><ele>2629.0</ele></trkpt><trkpt lat="37.87903" lon="-119.36732999999998"><ele>2627.0256543849227</ele></trkpt><trkpt lat="37.87905" lon="-119.36716000000001"><ele>2626.0</ele></trkpt><trkpt lat="37.87897" lon="-119.36700000000002"><ele>2625.0</ele></trkpt><trkpt lat="37.87897" lon="-119.36700000000002"><ele>2625.0</ele></trkpt><trkpt lat="37.87893" lon="-119.36673000000002"><ele>2624.0590844282297</ele></trkpt><trkpt lat="37.8788" lon="-119.36651"><ele>2622.0</ele></trkpt><trkpt lat="37.8788" lon="-119.36651"><ele>2622.0</ele></trkpt><trkpt lat="37.87878" lon="-119.36635999999999"><ele>2620.022970999577</ele></trkpt><trkpt lat="37.87869" lon="-119.36622999999997"><ele>2620.0</ele></trkpt><trkpt lat="37.87864" lon="-119.36604"><ele>2620.0</ele></trkpt><trkpt lat="37.87864" lon="-119.36604"><ele>2620.0</ele></trkpt><trkpt lat="37.8786" lon="-119.36586"><ele>2619.0</ele></trkpt><trkpt lat="37.87862" lon="-119.36562000000004"><ele>2617.0</ele></trkpt><trkpt lat="37.87875" lon="-119.36518000000001"><ele>2615.0</ele></trkpt><trkpt lat="37.87875" lon="-119.36518000000001"><ele>2615.0</ele></trkpt><trkpt lat="37.87893" lon="-119.36500999999998"><ele>2616.0</ele></trkpt><trkpt lat="37.87917" lon="-119.36460999999997"><ele>2616.0</ele></trkpt><trkpt lat="37.87926" lon="-119.36427000000003"><ele>2615.0</ele></trkpt><trkpt lat="37.87925" lon="-119.36403999999999"><ele>2614.0830610357225</ele></trkpt><trkpt lat="37.87915" lon="-119.36370999999997"><ele>2615.0</ele></trkpt><trkpt lat="37.87915" lon="-119.36358999999999"><ele>2615.0</ele></trkpt><trkpt lat="37.87905158326184" lon="-119.36330655840197"><ele>2615.0</ele></trkpt><trkpt lat="37.87905158326184" lon="-119.36330655840197"><ele>2615.0</ele></trkpt><trkpt lat="37.879045745399495" lon="-119.36328974527578"><ele>2615.0</ele></trkpt><trkpt lat="37.87903822126965" lon="-119.36326807567542"><ele>2615.0</ele></trkpt><trkpt lat="37.8789" lon="-119.36286999999999"><ele>2615.0</ele></trkpt><trkpt lat="37.87889" lon="-119.36277000000001"><ele>2615.0</ele></trkpt><trkpt lat="37.87895187913678" lon="-119.3621086667257"><ele>2613.0</ele></trkpt><trkpt lat="37.87895098553469" lon="-119.36211821753602"><ele>2613.0</ele></trkpt><trkpt lat="37.87905" lon="-119.36106000000001"><ele>2614.0</ele></trkpt><trkpt lat="37.87909" lon="-119.36038000000002"><ele>2614.0</ele></trkpt><trkpt lat="37.87922" lon="-119.35991999999999"><ele>2615.0</ele></trkpt><trkpt lat="37.87922" lon="-119.35978"><ele>2615.0</ele></trkpt><trkpt lat="37.8792" lon="-119.35962"><ele>2615.0</ele></trkpt><trkpt lat="37.87884" lon="-119.35831999999999"><ele>2616.0</ele></trkpt><trkpt lat="37.87884" lon="-119.35831999999999"><ele>2616.0</ele></trkpt><trkpt lat="37.87881" lon="-119.35820999999999"><ele>2616.7746529806072</ele></trkpt><trkpt lat="37.87881" lon="-119.35820999999999"><ele>2616.7746529806072</ele></trkpt><trkpt lat="37.87861" lon="-119.35766999999998"><ele>2617.0</ele></trkpt><trkpt lat="37.87846" lon="-119.35714999999999"><ele>2617.0</ele></trkpt><trkpt lat="37.87846" lon="-119.35714999999999"><ele>2617.0</ele></trkpt><trkpt lat="37.878429524215505" lon="-119.35701285896982"><ele>2617.0</ele></trkpt><trkpt lat="37.87842722191867" lon="-119.35700249846661"><ele>2617.0</ele></trkpt><trkpt lat="37.87826" lon="-119.35624999999999"><ele>2617.0</ele></trkpt><trkpt lat="37.878" lon="-119.35546999999997"><ele>2618.0</ele></trkpt><trkpt lat="37.878" lon="-119.35546999999997"><ele>2618.0</ele></trkpt><trkpt lat="37.87782" lon="-119.35494"><ele>2618.0</ele></trkpt><trkpt lat="37.87782" lon="-119.35494"><ele>2618.0</ele></trkpt><trkpt lat="37.877738524284396" lon="-119.35473970565852"><ele>2618.0</ele></trkpt><trkpt lat="37.877738524284396" lon="-119.35473970565852"><ele>2618.0</ele></trkpt><trkpt lat="37.87734" lon="-119.35375999999997"><ele>2619.0</ele></trkpt><trkpt lat="37.87734" lon="-119.35375999999997"><ele>2619.0</ele></trkpt><trkpt lat="37.87732679653228" lon="-119.35373029219068"><ele>2619.0</ele></trkpt><trkpt lat="37.87731786262652" lon="-119.35371019089268"><ele>2619.0</ele></trkpt><trkpt lat="37.87730227018831" lon="-119.35367510790377"><ele>2619.0</ele></trkpt><trkpt lat="37.87730227018831" lon="-119.35367510790377"><ele>2619.0</ele></trkpt><trkpt lat="37.87721546432472" lon="-119.35347979466474"><ele>2619.0</ele></trkpt><trkpt lat="37.87721546432472" lon="-119.35347979466474"><ele>2619.0</ele></trkpt><trkpt lat="37.87714" lon="-119.35330999999996"><ele>2619.0</ele></trkpt></trkseg></trk></gpx>