<?xml version="1.0"?>
<gpx xmlns="http://www.topografix.com/GPX/1/1" xmlns:gpxx="http://www.garmin.com/xmlschemas/GpxExtensions/v3" creator="CALTOPO" version="1.1"><metadata><name><![CDATA[Leavitt Lake-Leavitt Meadow]]></name></metadata><wpt lat="38.20370131416325" lon="-119.56925397313202"><name>Camp</name></wpt><wpt lat="38.304909454274075" lon="-119.59309508656392"><name>Leavitt Lake Trailhead</name></wpt><trk><name>Leavitt Lake-Leavitt Meadow</name><trkseg><trkpt lat="38.30491358097892" lon="-119.59319347485552"><ele>2577.3724664045676</ele></trkpt><trkpt lat="38.304920190540855" lon="-119.593078228649"><ele>2576.0</ele></trkpt><trkpt lat="38.304920190540855" lon="-119.593078228649"><ele>2576.0</ele></trkpt><trkpt lat="38.30491" lon="-119.59309000000002"><ele>2576.4528817785904</ele></trkpt><trkpt lat="38.30483" lon="-119.59318999999999"><ele>2578.0</ele></trkpt><trkpt lat="38.30469" lon="-119.59327000000002"><ele>2580.0</ele></trkpt><trkpt lat="38.30461" lon="-119.59337"><ele>2581.0</ele></trkpt><trkpt lat="38.304536870487475" lon="-119.59350528959817"><ele>2583.0</ele></trkpt><trkpt lat="38.30451754503515" lon="-119.5935410418117"><ele>2584.0</ele></trkpt><trkpt lat="38.30441" lon="-119.59374000000003"><ele>2587.0</ele></trkpt><trkpt lat="38.30409" lon="-119.59373"><ele>2590.0450424440205</ele></trkpt><trkpt lat="38.30389" lon="-119.59375999999997"><ele>2593.0</ele></trkpt><trkpt lat="38.3038" lon="-119.59381000000002"><ele>2594.0</ele></trkpt><trkpt lat="38.30315" lon="-119.59451999999999"><ele>2598.0</ele></trkpt><trkpt lat="38.30285" lon="-119.59471000000002"><ele>2596.299295975362</ele></trkpt><trkpt lat="38.30277" lon="-119.59485999999998"><ele>2596.0</ele></trkpt><trkpt lat="38.30273" lon="-119.59498000000002"><ele>2596.1005439266864</ele></trkpt><trkpt lat="38.30268" lon="-119.59545000000003"><ele>2599.0</ele></trkpt><trkpt lat="38.30262" lon="-119.59577999999999"><ele>2601.0</ele></trkpt><trkpt lat="38.30262" lon="-119.59613999999999"><ele>2603.7331155439115</ele></trkpt><trkpt lat="38.3026" lon="-119.59620000000001"><ele>2604.0</ele></trkpt><trkpt lat="38.30218" lon="-119.59662000000003"><ele>2607.0</ele></trkpt><trkpt lat="38.30206" lon="-119.59671000000003"><ele>2607.0</ele></trkpt><trkpt lat="38.30168" lon="-119.5969"><ele>2607.8351177095715</ele></trkpt><trkpt lat="38.30153" lon="-119.59717"><ele>2610.0</ele></trkpt><trkpt lat="38.30153" lon="-119.59717"><ele>2610.0</ele></trkpt><trkpt lat="38.30135" lon="-119.59744"><ele>2613.0</ele></trkpt><trkpt lat="38.30116" lon="-119.59762"><ele>2614.0472716186196</ele></trkpt><trkpt lat="38.30106" lon="-119.5978"><ele>2614.000642407803</ele></trkpt><trkpt lat="38.301" lon="-119.59788000000003"><ele>2614.0</ele></trkpt><trkpt lat="38.30075" lon="-119.59796"><ele>2615.232609927987</ele></trkpt><trkpt lat="38.30059" lon="-119.59805"><ele>2616.0</ele></trkpt><trkpt lat="38.30053" lon="-119.59812"><ele>2616.8678720002063</ele></trkpt><trkpt lat="38.30048" lon="-119.59833000000003"><ele>2615.8518026950424</ele></trkpt><trkpt lat="38.30033" lon="-119.59851000000003"><ele>2618.0</ele></trkpt><trkpt lat="38.30035" lon="-119.59872999999999"><ele>2617.8950678850865</ele></trkpt><trkpt lat="38.30033" lon="-119.59875999999997"><ele>2618.0</ele></trkpt><trkpt lat="38.30024431342969" lon="-119.59880284328517"><ele>2619.0</ele></trkpt><trkpt lat="38.30021288626401" lon="-119.59881855687723"><ele>2619.0</ele></trkpt><trkpt lat="38.30019" lon="-119.59883000000002"><ele>2619.0</ele></trkpt><trkpt lat="38.29978" lon="-119.59931"><ele>2621.9987229090134</ele></trkpt><trkpt lat="38.29959" lon="-119.59944000000002"><ele>2622.0</ele></trkpt><trkpt lat="38.2995" lon="-119.59955000000002"><ele>2623.0</ele></trkpt><trkpt lat="38.29946" lon="-119.59969999999998"><ele>2622.0</ele></trkpt><trkpt lat="38.29941" lon="-119.59977000000003"><ele>2622.992942518317</ele></trkpt><trkpt lat="38.29933" lon="-119.59983"><ele>2625.280514484737</ele></trkpt><trkpt lat="38.29926" lon="-119.59983999999997"><ele>2626.0</ele></trkpt><trkpt lat="38.29893" lon="-119.59980000000002"><ele>2623.0</ele></trkpt><trkpt lat="38.29879" lon="-119.59987000000001"><ele>2624.0</ele></trkpt><trkpt lat="38.29855" lon="-119.60014999999999"><ele>2625.472728888504</ele></trkpt><trkpt lat="38.29812" lon="-119.60052000000002"><ele>2629.0</ele></trkpt><trkpt lat="38.29782" lon="-119.60095999999999"><ele>2635.0</ele></trkpt><trkpt lat="38.29773" lon="-119.60104999999999"><ele>2636.0</ele></trkpt><trkpt lat="38.29722" lon="-119.60145999999997"><ele>2637.991076818704</ele></trkpt><trkpt lat="38.29693" lon="-119.60158999999999"><ele>2639.0</ele></trkpt><trkpt lat="38.29569" lon="-119.60275999999999"><ele>2640.0</ele></trkpt><trkpt lat="38.29546" lon="-119.60316999999998"><ele>2641.0</ele></trkpt><trkpt lat="38.29491" lon="-119.60401999999999"><ele>2647.0</ele></trkpt><trkpt lat="38.29478" lon="-119.60419000000002"><ele>2646.0</ele></trkpt><trkpt lat="38.29474" lon="-119.60422"><ele>2645.0</ele></trkpt><trkpt lat="38.29456" lon="-119.60424999999998"><ele>2644.0</ele></trkpt><trkpt lat="38.2944" lon="-119.60420999999997"><ele>2645.1501108939583</ele></trkpt><trkpt lat="38.29431" lon="-119.60415"><ele>2647.0</ele></trkpt><trkpt lat="38.2934" lon="-119.60309000000001"><ele>2656.0</ele></trkpt><trkpt lat="38.29303" lon="-119.60287"><ele>2659.0</ele></trkpt><trkpt lat="38.29246" lon="-119.60273000000001"><ele>2668.764302993147</ele></trkpt><trkpt lat="38.29239" lon="-119.60269"><ele>2669.0</ele></trkpt><trkpt lat="38.2922" lon="-119.60243000000003"><ele>2672.0</ele></trkpt><trkpt lat="38.29216" lon="-119.60241000000002"><ele>2673.0</ele></trkpt><trkpt lat="38.29199" lon="-119.60244"><ele>2675.0</ele></trkpt><trkpt lat="38.29181" lon="-119.60255999999998"><ele>2678.0</ele></trkpt><trkpt lat="38.29166" lon="-119.60262999999998"><ele>2680.0</ele></trkpt><trkpt lat="38.29154" lon="-119.60262999999998"><ele>2682.0</ele></trkpt><trkpt lat="38.29143" lon="-119.60259000000002"><ele>2682.8588272022184</ele></trkpt><trkpt lat="38.29133" lon="-119.60252000000003"><ele>2684.0590704896044</ele></trkpt><trkpt lat="38.29125" lon="-119.60243000000003"><ele>2686.0</ele></trkpt><trkpt lat="38.29118" lon="-119.60228000000001"><ele>2687.0</ele></trkpt><trkpt lat="38.29111" lon="-119.60223000000002"><ele>2688.0</ele></trkpt><trkpt lat="38.29093" lon="-119.60223000000002"><ele>2691.0</ele></trkpt><trkpt lat="38.29085" lon="-119.60228999999998"><ele>2692.2654636502266</ele></trkpt><trkpt lat="38.29074" lon="-119.60246999999998"><ele>2695.0</ele></trkpt><trkpt lat="38.29067" lon="-119.60309999999998"><ele>2701.0</ele></trkpt><trkpt lat="38.29067" lon="-119.60329000000002"><ele>2703.0</ele></trkpt><trkpt lat="38.29072" lon="-119.60361999999998"><ele>2706.9873406575375</ele></trkpt><trkpt lat="38.29099" lon="-119.60462999999999"><ele>2719.0</ele></trkpt><trkpt lat="38.29102" lon="-119.60494"><ele>2722.0</ele></trkpt><trkpt lat="38.29099" lon="-119.60518000000002"><ele>2725.041984593107</ele></trkpt><trkpt lat="38.29084" lon="-119.60541"><ele>2728.94460703445</ele></trkpt><trkpt lat="38.29074" lon="-119.60548"><ele>2730.8235652678068</ele></trkpt><trkpt lat="38.29062" lon="-119.60550999999998"><ele>2733.0</ele></trkpt><trkpt lat="38.2901" lon="-119.60554000000002"><ele>2742.0</ele></trkpt><trkpt lat="38.28994" lon="-119.60559"><ele>2744.996563025007</ele></trkpt><trkpt lat="38.28994" lon="-119.60559"><ele>2744.996563025007</ele></trkpt><trkpt lat="38.2898" lon="-119.60572000000002"><ele>2747.0</ele></trkpt><trkpt lat="38.28943" lon="-119.60622000000001"><ele>2756.72899111306</ele></trkpt><trkpt lat="38.28901" lon="-119.60665"><ele>2765.0</ele></trkpt><trkpt lat="38.28887" lon="-119.60676999999998"><ele>2767.8299033027142</ele></trkpt><trkpt lat="38.28866" lon="-119.60685000000001"><ele>2772.0</ele></trkpt><trkpt lat="38.28856" lon="-119.60692"><ele>2774.2361665964127</ele></trkpt><trkpt lat="38.2881" lon="-119.60746"><ele>2781.469869385615</ele></trkpt><trkpt lat="38.28778" lon="-119.60762"><ele>2786.0</ele></trkpt><trkpt lat="38.28708" lon="-119.60843"><ele>2796.0</ele></trkpt><trkpt lat="38.28652700755718" lon="-119.60886858021325"><ele>2803.9879660569077</ele></trkpt><trkpt lat="38.28650718197423" lon="-119.60888430397392"><ele>2804.0</ele></trkpt><trkpt lat="38.2865" lon="-119.60888999999997"><ele>2804.0</ele></trkpt><trkpt lat="38.28635" lon="-119.60908999999998"><ele>2806.0</ele></trkpt><trkpt lat="38.28626" lon="-119.60978999999998"><ele>2811.0</ele></trkpt><trkpt lat="38.2861" lon="-119.61031000000003"><ele>2814.0</ele></trkpt><trkpt lat="38.28602" lon="-119.61041999999998"><ele>2815.0</ele></trkpt><trkpt lat="38.2858" lon="-119.61063999999999"><ele>2815.0</ele></trkpt><trkpt lat="38.28543" lon="-119.61083000000002"><ele>2815.0</ele></trkpt><trkpt lat="38.28526" lon="-119.61095"><ele>2815.0</ele></trkpt><trkpt lat="38.28502" lon="-119.61127999999997"><ele>2814.0</ele></trkpt><trkpt lat="38.28477" lon="-119.61135999999999"><ele>2814.0</ele></trkpt><trkpt lat="38.28447" lon="-119.61138"><ele>2817.0727314203978</ele></trkpt><trkpt lat="38.28405" lon="-119.61133000000001"><ele>2820.5058538555318</ele></trkpt><trkpt lat="38.28316" lon="-119.61169999999998"><ele>2835.2192058392534</ele></trkpt><trkpt lat="38.28285" lon="-119.61178000000001"><ele>2839.0</ele></trkpt><trkpt lat="38.28243" lon="-119.61205000000001"><ele>2842.0</ele></trkpt><trkpt lat="38.28188" lon="-119.61214000000001"><ele>2846.8423558175564</ele></trkpt><trkpt lat="38.28157" lon="-119.61225999999999"><ele>2851.367627065218</ele></trkpt><trkpt lat="38.28119" lon="-119.61273"><ele>2859.0</ele></trkpt><trkpt lat="38.2809" lon="-119.61302"><ele>2865.0</ele></trkpt><trkpt lat="38.2802" lon="-119.61441000000002"><ele>2888.0</ele></trkpt><trkpt lat="38.27995" lon="-119.61484999999999"><ele>2894.736355227229</ele></trkpt><trkpt lat="38.27973" lon="-119.6157"><ele>2905.0</ele></trkpt><trkpt lat="38.27964" lon="-119.61622999999997"><ele>2908.0</ele></trkpt><trkpt lat="38.27956" lon="-119.61639000000002"><ele>2910.0</ele></trkpt><trkpt lat="38.27917" lon="-119.61675000000002"><ele>2914.0</ele></trkpt><trkpt lat="38.27886" lon="-119.61716000000001"><ele>2915.0</ele></trkpt><trkpt lat="38.27875" lon="-119.61727000000002"><ele>2916.0</ele></trkpt><trkpt lat="38.27822" lon="-119.61746"><ele>2919.0</ele></trkpt><trkpt lat="38.27811016140362" lon="-119.61753040935662"><ele>2920.0</ele></trkpt><trkpt lat="38.27811016140362" lon="-119.61753040935662"><ele>2920.0</ele></trkpt><trkpt lat="38.27783" lon="-119.61770999999999"><ele>2923.0</ele></trkpt><trkpt lat="38.27763" lon="-119.61775999999998"><ele>2925.0</ele></trkpt><trkpt lat="38.27735" lon="-119.61777000000001"><ele>2925.624245333951</ele></trkpt><trkpt lat="38.27709" lon="-119.61768999999998"><ele>2924.705445149581</ele></trkpt><trkpt lat="38.27695" lon="-119.61768999999998"><ele>2922.4266473091975</ele></trkpt><trkpt lat="38.2768" lon="-119.61773"><ele>2921.0</ele></trkpt><trkpt lat="38.27661" lon="-119.61783000000003"><ele>2921.0</ele></trkpt><trkpt lat="38.27661" lon="-119.61783000000003"><ele>2921.0</ele></trkpt><trkpt lat="38.27661" lon="-119.61783000000003"><ele>2921.0</ele></trkpt><trkpt lat="38.27653" lon="-119.61784"><ele>2921.0</ele></trkpt><trkpt lat="38.27626" lon="-119.61763000000002"><ele>2921.0</ele></trkpt><trkpt lat="38.27615976070196" lon="-119.61747024361875"><ele>2921.0</ele></trkpt><trkpt lat="38.27615976070196" lon="-119.61747024361875"><ele>2921.0</ele></trkpt><trkpt lat="38.27594" lon="-119.61712"><ele>2922.0</ele></trkpt><trkpt lat="38.27573" lon="-119.61687"><ele>2923.0</ele></trkpt><trkpt lat="38.27572070676354" lon="-119.61682972930868"><ele>2923.0</ele></trkpt><trkpt lat="38.27572070676354" lon="-119.61682972930868"><ele>2923.0</ele></trkpt><trkpt lat="38.2757" lon="-119.61674"><ele>2923.0</ele></trkpt><trkpt lat="38.27573" lon="-119.61612000000002"><ele>2927.0</ele></trkpt><trkpt lat="38.27581" lon="-119.61571000000004"><ele>2929.0</ele></trkpt><trkpt lat="38.27587" lon="-119.61520000000002"><ele>2930.0</ele></trkpt><trkpt lat="38.27591" lon="-119.61502000000002"><ele>2931.0</ele></trkpt><trkpt lat="38.2759614474893" lon="-119.61486994527627"><ele>2930.6268475538263</ele></trkpt><trkpt lat="38.2759614474893" lon="-119.61486994527627"><ele>2930.6268475538263</ele></trkpt><trkpt lat="38.27603" lon="-119.61466999999999"><ele>2932.0</ele></trkpt><trkpt lat="38.27602" lon="-119.61460999999997"><ele>2932.1713319182477</ele></trkpt><trkpt lat="38.27596" lon="-119.61455999999998"><ele>2933.28709517275</ele></trkpt><trkpt lat="38.27596" lon="-119.61455999999998"><ele>2933.28709517275</ele></trkpt><trkpt lat="38.27585" lon="-119.61441000000002"><ele>2936.0</ele></trkpt><trkpt lat="38.27585" lon="-119.61432000000002"><ele>2935.1747136712074</ele></trkpt><trkpt lat="38.27589" lon="-119.61417"><ele>2933.9333341483634</ele></trkpt><trkpt lat="38.27588" lon="-119.61405000000002"><ele>2932.0</ele></trkpt><trkpt lat="38.27582" lon="-119.61396000000002"><ele>2932.0</ele></trkpt><trkpt lat="38.2757" lon="-119.61388999999997"><ele>2932.0</ele></trkpt><trkpt lat="38.27559" lon="-119.61376000000001"><ele>2934.0</ele></trkpt><trkpt lat="38.27553" lon="-119.61355000000003"><ele>2935.0</ele></trkpt><trkpt lat="38.27543" lon="-119.61340000000001"><ele>2936.0</ele></trkpt><trkpt lat="38.27528" lon="-119.61336"><ele>2937.9651641277264</ele></trkpt><trkpt lat="38.27528" lon="-119.61336"><ele>2937.9651641277264</ele></trkpt><trkpt lat="38.27528" lon="-119.61336"><ele>2937.9651641277264</ele></trkpt><trkpt lat="38.27516" lon="-119.61327"><ele>2939.806020302887</ele></trkpt><trkpt lat="38.27504" lon="-119.61313000000001"><ele>2943.0</ele></trkpt><trkpt lat="38.274750181143936" lon="-119.61289963116565"><ele>2947.0</ele></trkpt><trkpt lat="38.274750181143936" lon="-119.61289963116565"><ele>2947.0</ele></trkpt><trkpt lat="38.27465" lon="-119.61282"><ele>2949.0</ele></trkpt><trkpt lat="38.27443" lon="-119.61274000000003"><ele>2953.096536352602</ele></trkpt><trkpt lat="38.27406" lon="-119.61248999999998"><ele>2961.0</ele></trkpt><trkpt lat="38.27379" lon="-119.61237"><ele>2965.0</ele></trkpt><trkpt lat="38.27349" lon="-119.61235999999997"><ele>2969.0</ele></trkpt><trkpt lat="38.27349" lon="-119.61235999999997"><ele>2969.0</ele></trkpt><trkpt lat="38.27311" lon="-119.61235999999997"><ele>2975.500028445851</ele></trkpt><trkpt lat="38.27269" lon="-119.61241000000001"><ele>2985.0</ele></trkpt><trkpt lat="38.27269" lon="-119.61241000000001"><ele>2985.0</ele></trkpt><trkpt lat="38.27227" lon="-119.61237"><ele>2992.0</ele></trkpt><trkpt lat="38.2719" lon="-119.61239"><ele>3000.308769211173</ele></trkpt><trkpt lat="38.27163" lon="-119.61248"><ele>3005.8463114988194</ele></trkpt><trkpt lat="38.27124" lon="-119.61255"><ele>3015.0</ele></trkpt><trkpt lat="38.27114" lon="-119.61262999999997"><ele>3017.38804620517</ele></trkpt><trkpt lat="38.27085" lon="-119.61270999999999"><ele>3022.706099399876</ele></trkpt><trkpt lat="38.26983819956183" lon="-119.61275669848175"><ele>3044.0</ele></trkpt><trkpt lat="38.26985432836741" lon="-119.61275595417163"><ele>3043.7530137808462</ele></trkpt><trkpt lat="38.26955" lon="-119.61277000000001"><ele>3049.3162939578892</ele></trkpt><trkpt lat="38.2689" lon="-119.61295000000001"><ele>3063.0</ele></trkpt><trkpt lat="38.26877" lon="-119.61295999999999"><ele>3065.056819039226</ele></trkpt><trkpt lat="38.26865" lon="-119.61289"><ele>3068.0</ele></trkpt><trkpt lat="38.26861" lon="-119.6128"><ele>3069.9978332531437</ele></trkpt><trkpt lat="38.26857" lon="-119.61252999999999"><ele>3071.0</ele></trkpt><trkpt lat="38.26854" lon="-119.61246"><ele>3071.0</ele></trkpt><trkpt lat="38.26834" lon="-119.61244999999997"><ele>3072.0</ele></trkpt><trkpt lat="38.26834" lon="-119.61244999999997"><ele>3072.0</ele></trkpt><trkpt lat="38.26834" lon="-119.61244999999997"><ele>3072.0</ele></trkpt><trkpt lat="38.26777" lon="-119.61252000000002"><ele>3080.4437612684196</ele></trkpt><trkpt lat="38.26747" lon="-119.61259000000001"><ele>3085.2712753061205</ele></trkpt><trkpt lat="38.26718" lon="-119.61283000000003"><ele>3093.0</ele></trkpt><trkpt lat="38.267089462520445" lon="-119.61284508957993"><ele>3094.8740878763097</ele></trkpt><trkpt lat="38.267089462520445" lon="-119.61284508957993"><ele>3094.8740878763097</ele></trkpt><trkpt lat="38.26694" lon="-119.61286999999999"><ele>3098.195611300087</ele></trkpt><trkpt lat="38.26671" lon="-119.61280999999997"><ele>3103.180519950066</ele></trkpt><trkpt lat="38.26659" lon="-119.61273"><ele>3105.0</ele></trkpt><trkpt lat="38.2664" lon="-119.61255"><ele>3108.0</ele></trkpt><trkpt lat="38.26595" lon="-119.61220000000003"><ele>3114.5159690577743</ele></trkpt><trkpt lat="38.26595" lon="-119.6121"><ele>3115.0</ele></trkpt><trkpt lat="38.26578" lon="-119.61113999999998"><ele>3127.0</ele></trkpt><trkpt lat="38.26576" lon="-119.61090000000002"><ele>3129.8952009406116</ele></trkpt><trkpt lat="38.26572" lon="-119.61084"><ele>3131.0</ele></trkpt><trkpt lat="38.26568" lon="-119.61085000000003"><ele>3132.0</ele></trkpt><trkpt lat="38.26549" lon="-119.61126000000002"><ele>3137.7978638429195</ele></trkpt><trkpt lat="38.26524843235351" lon="-119.61155280926846"><ele>3142.136342247948</ele></trkpt><trkpt lat="38.265240942541546" lon="-119.61156188868233"><ele>3142.4035624883436</ele></trkpt><trkpt lat="38.26483" lon="-119.61205999999999"><ele>3152.972681446001</ele></trkpt><trkpt lat="38.26459" lon="-119.61212"><ele>3157.0</ele></trkpt><trkpt lat="38.26454" lon="-119.61216999999999"><ele>3158.0</ele></trkpt><trkpt lat="38.26452" lon="-119.61221999999998"><ele>3159.0</ele></trkpt><trkpt lat="38.2645" lon="-119.61270999999999"><ele>3165.0</ele></trkpt><trkpt lat="38.26446" lon="-119.61288000000002"><ele>3167.0</ele></trkpt><trkpt lat="38.26433" lon="-119.61313999999999"><ele>3170.5531803671024</ele></trkpt><trkpt lat="38.26433" lon="-119.61322000000001"><ele>3171.5788764455356</ele></trkpt><trkpt lat="38.26441" lon="-119.61343999999997"><ele>3174.0</ele></trkpt><trkpt lat="38.26441" lon="-119.61347999999998"><ele>3174.6275188847294</ele></trkpt><trkpt lat="38.26435" lon="-119.61351000000002"><ele>3175.513613005415</ele></trkpt><trkpt lat="38.26435" lon="-119.61351000000002"><ele>3175.513613005415</ele></trkpt><trkpt lat="38.26435" lon="-119.61351000000002"><ele>3175.513613005415</ele></trkpt><trkpt lat="38.26402" lon="-119.61327"><ele>3180.0503802262247</ele></trkpt><trkpt lat="38.26389" lon="-119.61311999999998"><ele>3182.785525060724</ele></trkpt><trkpt lat="38.26381" lon="-119.61301000000003"><ele>3184.207832887303</ele></trkpt><trkpt lat="38.26372" lon="-119.61277000000001"><ele>3186.94377316178</ele></trkpt><trkpt lat="38.26336" lon="-119.61214000000001"><ele>3197.224405085668</ele></trkpt><trkpt lat="38.26318" lon="-119.61189999999999"><ele>3203.0</ele></trkpt><trkpt lat="38.26292" lon="-119.61144999999999"><ele>3212.9091022224165</ele></trkpt><trkpt lat="38.26285" lon="-119.61142000000001"><ele>3214.0</ele></trkpt><trkpt lat="38.26278" lon="-119.61149"><ele>3215.649769483134</ele></trkpt><trkpt lat="38.26268" lon="-119.6123"><ele>3224.0</ele></trkpt><trkpt lat="38.26261" lon="-119.61234000000002"><ele>3225.739910410717</ele></trkpt><trkpt lat="38.26253" lon="-119.61221"><ele>3227.739257834</ele></trkpt><trkpt lat="38.2624" lon="-119.61176999999998"><ele>3233.0</ele></trkpt><trkpt lat="38.26231" lon="-119.61154999999997"><ele>3236.135821372064</ele></trkpt><trkpt lat="38.26227" lon="-119.61111"><ele>3241.694002202942</ele></trkpt><trkpt lat="38.26223" lon="-119.61106000000001"><ele>3242.0</ele></trkpt><trkpt lat="38.26216" lon="-119.61104"><ele>3242.0</ele></trkpt><trkpt lat="38.26187" lon="-119.61124999999998"><ele>3244.0</ele></trkpt><trkpt lat="38.26176" lon="-119.61126999999999"><ele>3245.0</ele></trkpt><trkpt lat="38.26156" lon="-119.61142000000001"><ele>3247.6927964454517</ele></trkpt><trkpt lat="38.26135" lon="-119.61175000000003"><ele>3250.546986339148</ele></trkpt><trkpt lat="38.26076" lon="-119.61241000000001"><ele>3251.0</ele></trkpt><trkpt lat="38.26034" lon="-119.61270999999999"><ele>3247.0</ele></trkpt><trkpt lat="38.26001" lon="-119.61301000000003"><ele>3243.0</ele></trkpt><trkpt lat="38.25998" lon="-119.61307999999997"><ele>3242.0</ele></trkpt><trkpt lat="38.2599799982587" lon="-119.61308000111586"><ele>3242.0</ele></trkpt><trkpt lat="38.25998" lon="-119.61307999999997"><ele>3242.0</ele></trkpt><trkpt lat="38.25958" lon="-119.61331000000001"><ele>3231.0</ele></trkpt><trkpt lat="38.25911" lon="-119.61365"><ele>3216.0</ele></trkpt><trkpt lat="38.25871" lon="-119.61415"><ele>3202.0</ele></trkpt><trkpt lat="38.25871" lon="-119.61415"><ele>3202.0</ele></trkpt><trkpt lat="38.25853" lon="-119.61436000000003"><ele>3199.0</ele></trkpt><trkpt lat="38.25843" lon="-119.61459000000002"><ele>3198.0</ele></trkpt><trkpt lat="38.258358531090686" lon="-119.61488137898579"><ele>3199.0</ele></trkpt><trkpt lat="38.258358531090686" lon="-119.61488137898579"><ele>3199.0</ele></trkpt><trkpt lat="38.2583" lon="-119.61511999999999"><ele>3201.0567867874197</ele></trkpt><trkpt lat="38.25818" lon="-119.61535000000003"><ele>3200.8957166032064</ele></trkpt><trkpt lat="38.25803" lon="-119.61559"><ele>3201.445208657794</ele></trkpt><trkpt lat="38.25789" lon="-119.61574000000002"><ele>3201.1367896836787</ele></trkpt><trkpt lat="38.25748" lon="-119.61597999999998"><ele>3195.0</ele></trkpt><trkpt lat="38.25703" lon="-119.61637000000002"><ele>3188.030041755268</ele></trkpt><trkpt lat="38.25667982007436" lon="-119.61673198374336"><ele>3181.0</ele></trkpt><trkpt lat="38.256653797205026" lon="-119.616758885163"><ele>3180.0</ele></trkpt><trkpt lat="38.25614" lon="-119.61729000000003"><ele>3172.065882626428</ele></trkpt><trkpt lat="38.25609" lon="-119.61730999999997"><ele>3171.0</ele></trkpt><trkpt lat="38.25606" lon="-119.61721999999997"><ele>3169.0</ele></trkpt><trkpt lat="38.2564" lon="-119.61648000000002"><ele>3161.8465092355773</ele></trkpt><trkpt lat="38.25635" lon="-119.6164"><ele>3160.0</ele></trkpt><trkpt lat="38.25629" lon="-119.61644000000001"><ele>3160.0</ele></trkpt><trkpt lat="38.25616" lon="-119.61664999999999"><ele>3157.8741754535586</ele></trkpt><trkpt lat="38.25593" lon="-119.61685999999997"><ele>3153.1711895267363</ele></trkpt><trkpt lat="38.25555" lon="-119.61732999999998"><ele>3148.3331842367656</ele></trkpt><trkpt lat="38.25544" lon="-119.61741999999998"><ele>3146.223857047232</ele></trkpt><trkpt lat="38.25544" lon="-119.61741999999998"><ele>3146.223857047232</ele></trkpt><trkpt lat="38.25478" lon="-119.61791"><ele>3138.1487182220444</ele></trkpt><trkpt lat="38.2544" lon="-119.61802"><ele>3132.273367241984</ele></trkpt><trkpt lat="38.25389" lon="-119.61833999999999"><ele>3125.7782710426327</ele></trkpt><trkpt lat="38.25378" lon="-119.61849000000001"><ele>3125.0355136844278</ele></trkpt><trkpt lat="38.25364" lon="-119.61860000000001"><ele>3123.0</ele></trkpt><trkpt lat="38.25308" lon="-119.61899"><ele>3117.0</ele></trkpt><trkpt lat="38.25298" lon="-119.61903000000001"><ele>3116.0</ele></trkpt><trkpt lat="38.25282" lon="-119.61914000000002"><ele>3115.1066558113266</ele></trkpt><trkpt lat="38.25282" lon="-119.61914000000002"><ele>3115.1066558113266</ele></trkpt><trkpt lat="38.25277" lon="-119.61923000000002"><ele>3115.9243992986158</ele></trkpt><trkpt lat="38.25234" lon="-119.61928999999998"><ele>3112.4613795545883</ele></trkpt><trkpt lat="38.2518" lon="-119.61923000000002"><ele>3107.665176889859</ele></trkpt><trkpt lat="38.25152" lon="-119.61914000000002"><ele>3103.9462768748217</ele></trkpt><trkpt lat="38.25152" lon="-119.61914000000002"><ele>3103.9462768748217</ele></trkpt><trkpt lat="38.25101" lon="-119.61882000000003"><ele>3098.1047979924483</ele></trkpt><trkpt lat="38.25074638020173" lon="-119.61854862667826"><ele>3094.0</ele></trkpt><trkpt lat="38.2507126860772" lon="-119.61851394146015"><ele>3093.4131715717476</ele></trkpt><trkpt lat="38.25067" lon="-119.61847"><ele>3093.0</ele></trkpt><trkpt lat="38.25039" lon="-119.61802"><ele>3087.275089778006</ele></trkpt><trkpt lat="38.25" lon="-119.61752999999999"><ele>3082.0</ele></trkpt><trkpt lat="38.24978" lon="-119.61719"><ele>3078.0</ele></trkpt><trkpt lat="38.24959" lon="-119.61683"><ele>3073.900460177987</ele></trkpt><trkpt lat="38.24937" lon="-119.61651"><ele>3070.4153019562364</ele></trkpt><trkpt lat="38.24917" lon="-119.61635000000001"><ele>3069.1699740553195</ele></trkpt><trkpt lat="38.24916" lon="-119.61626999999999"><ele>3068.0</ele></trkpt><trkpt lat="38.24925" lon="-119.61628000000002"><ele>3066.6324531715363</ele></trkpt><trkpt lat="38.24982" lon="-119.61674"><ele>3060.429697067477</ele></trkpt><trkpt lat="38.24997" lon="-119.61691000000002"><ele>3059.0</ele></trkpt><trkpt lat="38.25057" lon="-119.61732"><ele>3053.0</ele></trkpt><trkpt lat="38.25092" lon="-119.61752999999999"><ele>3050.2323981380473</ele></trkpt><trkpt lat="38.25106" lon="-119.61759"><ele>3049.2356373341754</ele></trkpt><trkpt lat="38.2514" lon="-119.61757999999998"><ele>3044.0</ele></trkpt><trkpt lat="38.25161" lon="-119.61761999999999"><ele>3042.368327315671</ele></trkpt><trkpt lat="38.25169" lon="-119.61757999999998"><ele>3041.0</ele></trkpt><trkpt lat="38.25166" lon="-119.61752000000001"><ele>3040.0</ele></trkpt><trkpt lat="38.25166" lon="-119.61752000000001"><ele>3040.0</ele></trkpt><trkpt lat="38.25125" lon="-119.61734000000001"><ele>3035.0</ele></trkpt><trkpt lat="38.25061" lon="-119.61649999999997"><ele>3022.0</ele></trkpt><trkpt lat="38.25021" lon="-119.61581000000001"><ele>3013.186717178408</ele></trkpt><trkpt lat="38.25004" lon="-119.61556000000002"><ele>3010.6307804458775</ele></trkpt><trkpt lat="38.24994" lon="-119.61509000000001"><ele>3005.7271928894334</ele></trkpt><trkpt lat="38.24983818798517" lon="-119.61487958821579"><ele>3002.9785599416987</ele></trkpt><trkpt lat="38.24964" lon="-119.61446999999998"><ele>2997.9146639152036</ele></trkpt><trkpt lat="38.24956" lon="-119.61441000000002"><ele>2997.0</ele></trkpt><trkpt lat="38.24945" lon="-119.61439999999999"><ele>2997.1417244439945</ele></trkpt><trkpt lat="38.24895" lon="-119.61423000000002"><ele>2989.6482880008407</ele></trkpt><trkpt lat="38.24875" lon="-119.61421999999999"><ele>2987.309149529065</ele></trkpt><trkpt lat="38.24763" lon="-119.61430999999999"><ele>2975.0</ele></trkpt><trkpt lat="38.24731" lon="-119.61439000000001"><ele>2971.104828445241</ele></trkpt><trkpt lat="38.2469" lon="-119.61433"><ele>2967.0</ele></trkpt><trkpt lat="38.24643" lon="-119.61412000000001"><ele>2961.0</ele></trkpt><trkpt lat="38.2461" lon="-119.61419000000001"><ele>2957.0</ele></trkpt><trkpt lat="38.24575" lon="-119.61430999999999"><ele>2953.3765582218766</ele></trkpt><trkpt lat="38.245721049682864" lon="-119.61430095302592"><ele>2953.0</ele></trkpt><trkpt lat="38.245721049682864" lon="-119.61430095302592"><ele>2953.0</ele></trkpt><trkpt lat="38.24559" lon="-119.61426"><ele>2951.046389333904</ele></trkpt><trkpt lat="38.24554" lon="-119.61418000000003"><ele>2950.0</ele></trkpt><trkpt lat="38.24557" lon="-119.61399"><ele>2947.0</ele></trkpt><trkpt lat="38.2458" lon="-119.61356"><ele>2941.271284260316</ele></trkpt><trkpt lat="38.24581" lon="-119.61318"><ele>2934.166665939887</ele></trkpt><trkpt lat="38.24587" lon="-119.61306000000002"><ele>2932.0</ele></trkpt><trkpt lat="38.24596" lon="-119.61295000000001"><ele>2929.0</ele></trkpt><trkpt lat="38.24637" lon="-119.61256000000003"><ele>2922.0</ele></trkpt><trkpt lat="38.24647" lon="-119.61241000000001"><ele>2919.3301871123913</ele></trkpt><trkpt lat="38.24682" lon="-119.61208999999997"><ele>2913.0</ele></trkpt><trkpt lat="38.24689" lon="-119.61196999999999"><ele>2912.0</ele></trkpt><trkpt lat="38.24707" lon="-119.61153999999999"><ele>2905.286779341238</ele></trkpt><trkpt lat="38.24707" lon="-119.61127999999997"><ele>2902.0</ele></trkpt><trkpt lat="38.24719" lon="-119.61059"><ele>2893.0</ele></trkpt><trkpt lat="38.24719" lon="-119.61048"><ele>2891.0</ele></trkpt><trkpt lat="38.24731" lon="-119.61018000000001"><ele>2889.0</ele></trkpt><trkpt lat="38.24736" lon="-119.60995000000003"><ele>2886.185831112787</ele></trkpt><trkpt lat="38.24742" lon="-119.60980999999998"><ele>2884.6613582218997</ele></trkpt><trkpt lat="38.24766" lon="-119.60951"><ele>2879.6846744480254</ele></trkpt><trkpt lat="38.2479" lon="-119.60906999999997"><ele>2872.0</ele></trkpt><trkpt lat="38.24802" lon="-119.60892000000001"><ele>2870.491471250084</ele></trkpt><trkpt lat="38.24807" lon="-119.60885999999999"><ele>2869.3881493331864</ele></trkpt><trkpt lat="38.24818" lon="-119.60881999999998"><ele>2869.5240142210387</ele></trkpt><trkpt lat="38.24842" lon="-119.60852999999997"><ele>2863.009034665767</ele></trkpt><trkpt lat="38.24887" lon="-119.60836999999998"><ele>2857.552494221367</ele></trkpt><trkpt lat="38.24934" lon="-119.60798"><ele>2848.0</ele></trkpt><trkpt lat="38.24992" lon="-119.60725000000002"><ele>2836.0</ele></trkpt><trkpt lat="38.2503" lon="-119.60694000000001"><ele>2831.0</ele></trkpt><trkpt lat="38.25045" lon="-119.60687999999999"><ele>2829.047712598869</ele></trkpt><trkpt lat="38.25067" lon="-119.60694999999998"><ele>2825.1370807339463</ele></trkpt><trkpt lat="38.25073" lon="-119.60685999999998"><ele>2824.0</ele></trkpt><trkpt lat="38.25084" lon="-119.60658999999998"><ele>2820.7094560649894</ele></trkpt><trkpt lat="38.25094" lon="-119.60654999999997"><ele>2819.0</ele></trkpt><trkpt lat="38.25118" lon="-119.60663999999997"><ele>2813.90065016225</ele></trkpt><trkpt lat="38.2513" lon="-119.60656"><ele>2817.0</ele></trkpt><trkpt lat="38.25149" lon="-119.60626000000002"><ele>2816.0</ele></trkpt><trkpt lat="38.25193" lon="-119.60582999999997"><ele>2812.073612702231</ele></trkpt><trkpt lat="38.25229" lon="-119.60559"><ele>2811.0</ele></trkpt><trkpt lat="38.2526" lon="-119.60501"><ele>2806.0</ele></trkpt><trkpt lat="38.25276" lon="-119.60477000000003"><ele>2805.5195198516594</ele></trkpt><trkpt lat="38.2529" lon="-119.60446999999999"><ele>2803.0</ele></trkpt><trkpt lat="38.25298" lon="-119.60435999999999"><ele>2801.763925120328</ele></trkpt><trkpt lat="38.25314" lon="-119.60426999999999"><ele>2800.5918698475816</ele></trkpt><trkpt lat="38.25322" lon="-119.60383000000002"><ele>2798.0</ele></trkpt><trkpt lat="38.25336" lon="-119.60351000000003"><ele>2795.0</ele></trkpt><trkpt lat="38.25345" lon="-119.60314"><ele>2791.9293804378567</ele></trkpt><trkpt lat="38.25362" lon="-119.60261000000003"><ele>2786.7380527271603</ele></trkpt><trkpt lat="38.25363" lon="-119.60239000000001"><ele>2784.0</ele></trkpt><trkpt lat="38.25352" lon="-119.60181999999998"><ele>2779.768699478358</ele></trkpt><trkpt lat="38.25347" lon="-119.60054000000002"><ele>2774.0</ele></trkpt><trkpt lat="38.25349" lon="-119.60025999999999"><ele>2773.0</ele></trkpt><trkpt lat="38.25365" lon="-119.59933999999998"><ele>2768.0</ele></trkpt><trkpt lat="38.25365" lon="-119.59896000000003"><ele>2766.0</ele></trkpt><trkpt lat="38.25336" lon="-119.59843000000001"><ele>2761.8127634045977</ele></trkpt><trkpt lat="38.25341" lon="-119.59832"><ele>2761.0</ele></trkpt><trkpt lat="38.2534" lon="-119.59824000000003"><ele>2759.0</ele></trkpt><trkpt lat="38.25325" lon="-119.59797000000003"><ele>2761.0</ele></trkpt><trkpt lat="38.25318" lon="-119.59789999999998"><ele>2762.0</ele></trkpt><trkpt lat="38.25318" lon="-119.59785"><ele>2762.0</ele></trkpt><trkpt lat="38.25325" lon="-119.59767999999997"><ele>2764.0</ele></trkpt><trkpt lat="38.25325" lon="-119.59744"><ele>2765.0</ele></trkpt><trkpt lat="38.25334" lon="-119.59717"><ele>2763.9649857480686</ele></trkpt><trkpt lat="38.25334" lon="-119.59717"><ele>2763.9649857480686</ele></trkpt><trkpt lat="38.25331" lon="-119.59658999999999"><ele>2761.0</ele></trkpt><trkpt lat="38.25323" lon="-119.59605999999997"><ele>2760.0</ele></trkpt><trkpt lat="38.25307" lon="-119.59559000000002"><ele>2756.0</ele></trkpt><trkpt lat="38.25293" lon="-119.59510999999998"><ele>2754.0</ele></trkpt><trkpt lat="38.25295" lon="-119.59492"><ele>2754.0</ele></trkpt><trkpt lat="38.25282" lon="-119.59478000000001"><ele>2752.0</ele></trkpt><trkpt lat="38.25274" lon="-119.59456999999998"><ele>2755.0</ele></trkpt><trkpt lat="38.25272" lon="-119.59442000000001"><ele>2755.0</ele></trkpt><trkpt lat="38.25277" lon="-119.59399000000002"><ele>2754.0</ele></trkpt><trkpt lat="38.25273" lon="-119.59377"><ele>2754.0</ele></trkpt><trkpt lat="38.25274" lon="-119.59343000000001"><ele>2752.0</ele></trkpt><trkpt lat="38.2529" lon="-119.59314999999998"><ele>2751.0193995089603</ele></trkpt><trkpt lat="38.25294" lon="-119.59298999999999"><ele>2750.7241971066687</ele></trkpt><trkpt lat="38.25298" lon="-119.59266000000002"><ele>2751.0</ele></trkpt><trkpt lat="38.25294" lon="-119.59226000000001"><ele>2753.0</ele></trkpt><trkpt lat="38.25286" lon="-119.59212000000002"><ele>2754.3996645994484</ele></trkpt><trkpt lat="38.25288" lon="-119.59118000000001"><ele>2757.0</ele></trkpt><trkpt lat="38.25298" lon="-119.59064999999998"><ele>2754.2781703174114</ele></trkpt><trkpt lat="38.25308" lon="-119.59033"><ele>2752.0</ele></trkpt><trkpt lat="38.25327" lon="-119.58943"><ele>2746.0</ele></trkpt><trkpt lat="38.25331" lon="-119.58889999999997"><ele>2743.7505273706993</ele></trkpt><trkpt lat="38.25326" lon="-119.58874000000003"><ele>2743.7533659180426</ele></trkpt><trkpt lat="38.25325" lon="-119.58857"><ele>2744.0</ele></trkpt><trkpt lat="38.25333" lon="-119.58847000000003"><ele>2741.0</ele></trkpt><trkpt lat="38.25333" lon="-119.58803"><ele>2740.507078157738</ele></trkpt><trkpt lat="38.25337" lon="-119.58792"><ele>2740.0</ele></trkpt><trkpt lat="38.25335" lon="-119.58776"><ele>2739.358823925083</ele></trkpt><trkpt lat="38.25317" lon="-119.58733000000001"><ele>2736.0198301225782</ele></trkpt><trkpt lat="38.25299" lon="-119.58710000000002"><ele>2735.7788723603035</ele></trkpt><trkpt lat="38.25287" lon="-119.58702"><ele>2736.0</ele></trkpt><trkpt lat="38.25262" lon="-119.58652000000001"><ele>2730.7386428048553</ele></trkpt><trkpt lat="38.25253" lon="-119.58618999999999"><ele>2727.9837132394314</ele></trkpt><trkpt lat="38.25213" lon="-119.58539999999999"><ele>2719.0</ele></trkpt><trkpt lat="38.25211" lon="-119.58526999999998"><ele>2717.0</ele></trkpt><trkpt lat="38.25215" lon="-119.58485999999999"><ele>2712.0</ele></trkpt><trkpt lat="38.252152187345764" lon="-119.5847396959831"><ele>2711.0</ele></trkpt><trkpt lat="38.25215148992047" lon="-119.58477805437877"><ele>2712.0</ele></trkpt><trkpt lat="38.25216" lon="-119.58431000000002"><ele>2707.957586310108</ele></trkpt><trkpt lat="38.252" lon="-119.58406000000002"><ele>2705.0</ele></trkpt><trkpt lat="38.25195" lon="-119.58395000000002"><ele>2704.0</ele></trkpt><trkpt lat="38.25198" lon="-119.58374000000003"><ele>2702.62359668687</ele></trkpt><trkpt lat="38.25198" lon="-119.58335"><ele>2700.0</ele></trkpt><trkpt lat="38.25213" lon="-119.58281"><ele>2693.0</ele></trkpt><trkpt lat="38.2521" lon="-119.58274"><ele>2692.0</ele></trkpt><trkpt lat="38.25194" lon="-119.58260000000001"><ele>2691.5819300309095</ele></trkpt><trkpt lat="38.25187" lon="-119.58247"><ele>2690.5250097778626</ele></trkpt><trkpt lat="38.25152" lon="-119.58236999999997"><ele>2691.0</ele></trkpt><trkpt lat="38.25116" lon="-119.58194000000003"><ele>2688.875248181813</ele></trkpt><trkpt lat="38.25089" lon="-119.58173"><ele>2686.3357848787964</ele></trkpt><trkpt lat="38.25073" lon="-119.58145999999999"><ele>2682.4555982225575</ele></trkpt><trkpt lat="38.25057" lon="-119.58134999999999"><ele>2679.0</ele></trkpt><trkpt lat="38.25053" lon="-119.58121"><ele>2676.0</ele></trkpt><trkpt lat="38.25037" lon="-119.58113000000003"><ele>2675.0</ele></trkpt><trkpt lat="38.25032" lon="-119.58100000000002"><ele>2673.150806425085</ele></trkpt><trkpt lat="38.2502" lon="-119.58035000000001"><ele>2667.7961508977432</ele></trkpt><trkpt lat="38.25012" lon="-119.58014000000003"><ele>2667.003917802125</ele></trkpt><trkpt lat="38.2499" lon="-119.57981000000001"><ele>2665.0</ele></trkpt><trkpt lat="38.24988" lon="-119.57972000000001"><ele>2664.090089532242</ele></trkpt><trkpt lat="38.24997" lon="-119.57956000000001"><ele>2665.9054335113615</ele></trkpt><trkpt lat="38.25002" lon="-119.57938000000001"><ele>2667.4909743376206</ele></trkpt><trkpt lat="38.25037" lon="-119.57916999999998"><ele>2661.0</ele></trkpt><trkpt lat="38.25046" lon="-119.57907"><ele>2659.060811395413</ele></trkpt><trkpt lat="38.25048" lon="-119.57895000000002"><ele>2658.0</ele></trkpt><trkpt lat="38.25041" lon="-119.57851"><ele>2652.9806466727873</ele></trkpt><trkpt lat="38.24994" lon="-119.57787000000002"><ele>2644.0</ele></trkpt><trkpt lat="38.24974" lon="-119.57765"><ele>2641.896728889551</ele></trkpt><trkpt lat="38.24966" lon="-119.57736"><ele>2638.0</ele></trkpt><trkpt lat="38.24959" lon="-119.57726000000002"><ele>2636.0</ele></trkpt><trkpt lat="38.24938" lon="-119.57717000000002"><ele>2635.4838234412946</ele></trkpt><trkpt lat="38.24926" lon="-119.57717000000002"><ele>2636.0336446119627</ele></trkpt><trkpt lat="38.24922" lon="-119.57713999999999"><ele>2635.0</ele></trkpt><trkpt lat="38.2492" lon="-119.57686000000001"><ele>2632.0</ele></trkpt><trkpt lat="38.24899" lon="-119.57681000000002"><ele>2630.0</ele></trkpt><trkpt lat="38.2488" lon="-119.57668000000001"><ele>2629.0</ele></trkpt><trkpt lat="38.2487" lon="-119.57641000000001"><ele>2627.0</ele></trkpt><trkpt lat="38.24861" lon="-119.57628"><ele>2626.0</ele></trkpt><trkpt lat="38.24802" lon="-119.57582000000002"><ele>2619.0</ele></trkpt><trkpt lat="38.24786" lon="-119.57571999999999"><ele>2615.9943540131544</ele></trkpt><trkpt lat="38.24752" lon="-119.57576"><ele>2610.705743761733</ele></trkpt><trkpt lat="38.2473" lon="-119.57583"><ele>2607.6781122420643</ele></trkpt><trkpt lat="38.24712" lon="-119.57592"><ele>2605.264496423854</ele></trkpt><trkpt lat="38.247" lon="-119.57603"><ele>2607.3992568892427</ele></trkpt><trkpt lat="38.24677" lon="-119.57609000000002"><ele>2610.3909191135317</ele></trkpt><trkpt lat="38.24657" lon="-119.57618000000002"><ele>2613.5190888600714</ele></trkpt><trkpt lat="38.24626" lon="-119.57655999999997"><ele>2616.092733594583</ele></trkpt><trkpt lat="38.24619" lon="-119.57659000000001"><ele>2615.0</ele></trkpt><trkpt lat="38.24593" lon="-119.57654000000002"><ele>2613.1669795564376</ele></trkpt><trkpt lat="38.24578" lon="-119.57658000000004"><ele>2615.0</ele></trkpt><trkpt lat="38.24524" lon="-119.57659000000001"><ele>2612.0</ele></trkpt><trkpt lat="38.24481" lon="-119.57663000000002"><ele>2610.932047761021</ele></trkpt><trkpt lat="38.24454" lon="-119.57673"><ele>2611.0188552442687</ele></trkpt><trkpt lat="38.24431" lon="-119.57675999999998"><ele>2609.549780929062</ele></trkpt><trkpt lat="38.2438" lon="-119.57702"><ele>2609.5366008891724</ele></trkpt><trkpt lat="38.24368" lon="-119.57702"><ele>2607.4512152990383</ele></trkpt><trkpt lat="38.24337" lon="-119.57726000000002"><ele>2605.3217936936926</ele></trkpt><trkpt lat="38.24306" lon="-119.57729999999998"><ele>2606.0</ele></trkpt><trkpt lat="38.24284" lon="-119.57740999999999"><ele>2607.7119182217866</ele></trkpt><trkpt lat="38.24264" lon="-119.57756999999998"><ele>2610.021823297559</ele></trkpt><trkpt lat="38.2425" lon="-119.57760999999999"><ele>2609.0325937774032</ele></trkpt><trkpt lat="38.24223" lon="-119.57765"><ele>2608.0</ele></trkpt><trkpt lat="38.24182" lon="-119.57767999999999"><ele>2603.139501612483</ele></trkpt><trkpt lat="38.24154" lon="-119.57760999999999"><ele>2599.027995073083</ele></trkpt><trkpt lat="38.24146" lon="-119.57763"><ele>2599.0</ele></trkpt><trkpt lat="38.24136" lon="-119.57774999999998"><ele>2598.0</ele></trkpt><trkpt lat="38.24125" lon="-119.57799999999997"><ele>2601.0</ele></trkpt><trkpt lat="38.24098" lon="-119.57805000000002"><ele>2603.0</ele></trkpt><trkpt lat="38.240909600774685" lon="-119.57808884095192"><ele>2604.3481995556504</ele></trkpt><trkpt lat="38.240909600774685" lon="-119.57808884095192"><ele>2604.3481995556504</ele></trkpt><trkpt lat="38.24069" lon="-119.57821000000001"><ele>2608.0</ele></trkpt><trkpt lat="38.24039" lon="-119.57828"><ele>2610.2568568899296</ele></trkpt><trkpt lat="38.23987" lon="-119.57850000000002"><ele>2609.5096000009216</ele></trkpt><trkpt lat="38.23959" lon="-119.57866999999999"><ele>2610.0</ele></trkpt><trkpt lat="38.23915" lon="-119.57900999999998"><ele>2611.2773226657882</ele></trkpt><trkpt lat="38.23881" lon="-119.57911000000001"><ele>2608.937660445459</ele></trkpt><trkpt lat="38.23871" lon="-119.57920000000001"><ele>2610.071860037744</ele></trkpt><trkpt lat="38.23838" lon="-119.5797"><ele>2613.7933121505193</ele></trkpt><trkpt lat="38.23818" lon="-119.57988"><ele>2615.405285949615</ele></trkpt><trkpt lat="38.23818" lon="-119.57988"><ele>2615.405285949615</ele></trkpt><trkpt lat="38.23804723567514" lon="-119.58000517779203"><ele>2615.655969264917</ele></trkpt><trkpt lat="38.23799363976808" lon="-119.58005571127353"><ele>2615.441664216699</ele></trkpt><trkpt lat="38.23783" lon="-119.58020999999997"><ele>2616.1462248180005</ele></trkpt><trkpt lat="38.23753" lon="-119.58059000000003"><ele>2617.9933999603804</ele></trkpt><trkpt lat="38.23728" lon="-119.58096999999998"><ele>2619.0</ele></trkpt><trkpt lat="38.2371" lon="-119.58104000000003"><ele>2618.882179557346</ele></trkpt><trkpt lat="38.2368" lon="-119.58109000000002"><ele>2617.130188662286</ele></trkpt><trkpt lat="38.236" lon="-119.58158000000003"><ele>2615.0</ele></trkpt><trkpt lat="38.23549" lon="-119.58164"><ele>2613.7496962123773</ele></trkpt><trkpt lat="38.23515" lon="-119.58175"><ele>2612.0</ele></trkpt><trkpt lat="38.235" lon="-119.58186999999998"><ele>2613.0</ele></trkpt><trkpt lat="38.23484" lon="-119.58191"><ele>2613.0</ele></trkpt><trkpt lat="38.23467" lon="-119.58191"><ele>2613.100990143139</ele></trkpt><trkpt lat="38.23424" lon="-119.58158000000003"><ele>2613.0</ele></trkpt><trkpt lat="38.23395" lon="-119.58152999999999"><ele>2613.0</ele></trkpt><trkpt lat="38.23377" lon="-119.58143000000001"><ele>2613.0</ele></trkpt><trkpt lat="38.23362" lon="-119.58150999999998"><ele>2613.0</ele></trkpt><trkpt lat="38.23282" lon="-119.58161999999999"><ele>2612.0</ele></trkpt><trkpt lat="38.23222" lon="-119.58164999999997"><ele>2612.0</ele></trkpt><trkpt lat="38.23201" lon="-119.58154000000002"><ele>2611.0</ele></trkpt><trkpt lat="38.23182" lon="-119.58134000000001"><ele>2610.0</ele></trkpt><trkpt lat="38.23172" lon="-119.58114999999998"><ele>2609.0</ele></trkpt><trkpt lat="38.23134" lon="-119.58104000000003"><ele>2608.0</ele></trkpt><trkpt lat="38.23081" lon="-119.58046000000002"><ele>2606.6602221607627</ele></trkpt><trkpt lat="38.23041" lon="-119.58029999999997"><ele>2608.0</ele></trkpt><trkpt lat="38.22979" lon="-119.58011999999997"><ele>2608.0</ele></trkpt><trkpt lat="38.22941" lon="-119.58024999999998"><ele>2608.0</ele></trkpt><trkpt lat="38.22929" lon="-119.58026000000001"><ele>2608.0</ele></trkpt><trkpt lat="38.22921" lon="-119.58035000000001"><ele>2609.725848889444</ele></trkpt><trkpt lat="38.22911" lon="-119.58038999999997"><ele>2609.589983998332</ele></trkpt><trkpt lat="38.22901" lon="-119.58037999999999"><ele>2610.0</ele></trkpt><trkpt lat="38.22896" lon="-119.58053000000001"><ele>2612.0</ele></trkpt><trkpt lat="38.2288" lon="-119.58077000000003"><ele>2613.0152883760998</ele></trkpt><trkpt lat="38.22849" lon="-119.58103"><ele>2616.4128696415573</ele></trkpt><trkpt lat="38.22814" lon="-119.58116999999999"><ele>2621.1069824344922</ele></trkpt><trkpt lat="38.22792" lon="-119.58118000000002"><ele>2620.4066524449736</ele></trkpt><trkpt lat="38.22773" lon="-119.58098999999999"><ele>2619.775880690547</ele></trkpt><trkpt lat="38.22761" lon="-119.58091999999999"><ele>2619.0</ele></trkpt><trkpt lat="38.22742" lon="-119.58089999999999"><ele>2619.0</ele></trkpt><trkpt lat="38.22725" lon="-119.58077000000003"><ele>2619.0</ele></trkpt><trkpt lat="38.22725" lon="-119.58069999999998"><ele>2618.0</ele></trkpt><trkpt lat="38.22761" lon="-119.58023000000003"><ele>2617.0</ele></trkpt><trkpt lat="38.2277" lon="-119.58017000000001"><ele>2615.0</ele></trkpt><trkpt lat="38.22776" lon="-119.58008000000001"><ele>2615.0399478545305</ele></trkpt><trkpt lat="38.22777" lon="-119.57992000000002"><ele>2612.726308289257</ele></trkpt><trkpt lat="38.22768" lon="-119.57954999999998"><ele>2614.0</ele></trkpt><trkpt lat="38.22772" lon="-119.57934999999998"><ele>2614.0</ele></trkpt><trkpt lat="38.22769" lon="-119.57915000000003"><ele>2613.9748848575646</ele></trkpt><trkpt lat="38.22764" lon="-119.57904000000002"><ele>2614.272496291256</ele></trkpt><trkpt lat="38.22756" lon="-119.57897000000003"><ele>2615.0</ele></trkpt><trkpt lat="38.22753" lon="-119.57882000000001"><ele>2615.0</ele></trkpt><trkpt lat="38.22754" lon="-119.57866000000001"><ele>2615.7720567639917</ele></trkpt><trkpt lat="38.2276" lon="-119.57855"><ele>2616.0</ele></trkpt><trkpt lat="38.2276" lon="-119.57848999999999"><ele>2616.965693819323</ele></trkpt><trkpt lat="38.22745" lon="-119.57826999999997"><ele>2618.8141065906343</ele></trkpt><trkpt lat="38.22731" lon="-119.57826"><ele>2619.3247893331572</ele></trkpt><trkpt lat="38.22725" lon="-119.57819999999998"><ele>2617.528586665634</ele></trkpt><trkpt lat="38.22721" lon="-119.57806"><ele>2618.997323108496</ele></trkpt><trkpt lat="38.22722" lon="-119.57776999999999"><ele>2620.4891342218034</ele></trkpt><trkpt lat="38.22719" lon="-119.57765"><ele>2620.0</ele></trkpt><trkpt lat="38.22697" lon="-119.57735000000002"><ele>2622.0</ele></trkpt><trkpt lat="38.22687" lon="-119.57735000000002"><ele>2622.0</ele></trkpt><trkpt lat="38.22668" lon="-119.57742000000002"><ele>2623.0</ele></trkpt><trkpt lat="38.22655" lon="-119.57731000000001"><ele>2622.0</ele></trkpt><trkpt lat="38.22638" lon="-119.57724999999999"><ele>2621.0</ele></trkpt><trkpt lat="38.22631" lon="-119.57717000000002"><ele>2619.0</ele></trkpt><trkpt lat="38.22629" lon="-119.57708000000002"><ele>2618.0</ele></trkpt><trkpt lat="38.22634" lon="-119.57677000000001"><ele>2616.1098516670204</ele></trkpt><trkpt lat="38.22634" lon="-119.57677000000001"><ele>2616.1098516670204</ele></trkpt><trkpt lat="38.22635" lon="-119.57663000000002"><ele>2615.9161493303254</ele></trkpt><trkpt lat="38.22635" lon="-119.57663000000002"><ele>2615.9161493303254</ele></trkpt><trkpt lat="38.22635" lon="-119.57655"><ele>2618.366986666806</ele></trkpt><trkpt lat="38.22624883276409" lon="-119.57650784698501"><ele>2618.66854045121</ele></trkpt><trkpt lat="38.22624883276409" lon="-119.57650784698501"><ele>2618.66854045121</ele></trkpt><trkpt lat="38.22623" lon="-119.57650000000001"><ele>2618.302844445221</ele></trkpt><trkpt lat="38.22615" lon="-119.57664"><ele>2617.040255773928</ele></trkpt><trkpt lat="38.22604" lon="-119.57672000000002"><ele>2618.8659635619115</ele></trkpt><trkpt lat="38.22575" lon="-119.57675999999998"><ele>2622.0</ele></trkpt><trkpt lat="38.22566" lon="-119.57682"><ele>2623.0</ele></trkpt><trkpt lat="38.22552" lon="-119.57697999999999"><ele>2624.0</ele></trkpt><trkpt lat="38.22534" lon="-119.57704000000001"><ele>2626.0</ele></trkpt><trkpt lat="38.22507" lon="-119.57724999999999"><ele>2629.0</ele></trkpt><trkpt lat="38.22466" lon="-119.57774999999998"><ele>2633.0</ele></trkpt><trkpt lat="38.22457" lon="-119.5779"><ele>2633.0</ele></trkpt><trkpt lat="38.22451" lon="-119.57803000000001"><ele>2633.0</ele></trkpt><trkpt lat="38.2245" lon="-119.57823000000002"><ele>2634.0</ele></trkpt><trkpt lat="38.22444" lon="-119.57835"><ele>2635.3508361958347</ele></trkpt><trkpt lat="38.22431626874231" lon="-119.57841959883245"><ele>2637.0</ele></trkpt><trkpt lat="38.22431626874231" lon="-119.57841959883245"><ele>2637.0</ele></trkpt><trkpt lat="38.22412" lon="-119.57853"><ele>2639.0</ele></trkpt><trkpt lat="38.22407" lon="-119.57859000000002"><ele>2639.185104143443</ele></trkpt><trkpt lat="38.22402" lon="-119.57871"><ele>2639.591260207817</ele></trkpt><trkpt lat="38.22397" lon="-119.57875000000001"><ele>2640.4679424835513</ele></trkpt><trkpt lat="38.2239" lon="-119.57875999999999"><ele>2642.2651700514766</ele></trkpt><trkpt lat="38.22376" lon="-119.57873000000001"><ele>2644.7750499473336</ele></trkpt><trkpt lat="38.22331" lon="-119.57893000000001"><ele>2653.8406749358032</ele></trkpt><trkpt lat="38.22322" lon="-119.57888000000003"><ele>2655.7811164432205</ele></trkpt><trkpt lat="38.22308" lon="-119.57900999999998"><ele>2658.0</ele></trkpt><trkpt lat="38.22287" lon="-119.57905"><ele>2658.0</ele></trkpt><trkpt lat="38.22277" lon="-119.57913000000002"><ele>2658.0</ele></trkpt><trkpt lat="38.22252" lon="-119.57947000000001"><ele>2661.573645921424</ele></trkpt><trkpt lat="38.22231" lon="-119.57965999999999"><ele>2663.4481559312585</ele></trkpt><trkpt lat="38.22216" lon="-119.5797"><ele>2665.0</ele></trkpt><trkpt lat="38.22205" lon="-119.57983000000002"><ele>2663.230801294363</ele></trkpt><trkpt lat="38.22195" lon="-119.58006999999998"><ele>2665.2616037216094</ele></trkpt><trkpt lat="38.22163" lon="-119.58015999999998"><ele>2669.0</ele></trkpt><trkpt lat="38.22092" lon="-119.58056999999997"><ele>2680.0</ele></trkpt><trkpt lat="38.22092" lon="-119.58056999999997"><ele>2680.0</ele></trkpt><trkpt lat="38.22061" lon="-119.58077000000003"><ele>2683.0</ele></trkpt><trkpt lat="38.22042" lon="-119.58083999999997"><ele>2685.0</ele></trkpt><trkpt lat="38.22015" lon="-119.58109000000002"><ele>2690.0</ele></trkpt><trkpt lat="38.22009" lon="-119.58123"><ele>2688.794587003589</ele></trkpt><trkpt lat="38.22008" lon="-119.58132999999998"><ele>2688.0</ele></trkpt><trkpt lat="38.22001" lon="-119.58140000000003"><ele>2688.1589718655905</ele></trkpt><trkpt lat="38.21991" lon="-119.58168"><ele>2687.5740203276846</ele></trkpt><trkpt lat="38.21982" lon="-119.58179999999999"><ele>2687.5155713712793</ele></trkpt><trkpt lat="38.21973" lon="-119.58186"><ele>2689.0760036706924</ele></trkpt><trkpt lat="38.21957" lon="-119.58188999999999"><ele>2694.0</ele></trkpt><trkpt lat="38.2194" lon="-119.58203000000003"><ele>2695.638419231578</ele></trkpt><trkpt lat="38.21919" lon="-119.58204999999998"><ele>2701.0</ele></trkpt><trkpt lat="38.21912" lon="-119.58215000000001"><ele>2702.0</ele></trkpt><trkpt lat="38.21903" lon="-119.58217000000002"><ele>2704.0</ele></trkpt><trkpt lat="38.21883" lon="-119.58230000000003"><ele>2707.8161235858906</ele></trkpt><trkpt lat="38.21873" lon="-119.58229"><ele>2707.340516909836</ele></trkpt><trkpt lat="38.21843" lon="-119.5824"><ele>2711.1398003819518</ele></trkpt><trkpt lat="38.21835" lon="-119.58235000000002"><ele>2712.9394171370054</ele></trkpt><trkpt lat="38.21832" lon="-119.58227999999997"><ele>2713.094088160989</ele></trkpt><trkpt lat="38.2184" lon="-119.58215000000001"><ele>2715.018872447822</ele></trkpt><trkpt lat="38.2185" lon="-119.58211"><ele>2714.0</ele></trkpt><trkpt lat="38.21858" lon="-119.58188000000001"><ele>2712.0</ele></trkpt><trkpt lat="38.21857" lon="-119.58182"><ele>2711.0</ele></trkpt><trkpt lat="38.21851" lon="-119.58177999999998"><ele>2711.0</ele></trkpt><trkpt lat="38.21849" lon="-119.58164"><ele>2710.0</ele></trkpt><trkpt lat="38.21852" lon="-119.58139"><ele>2710.0</ele></trkpt><trkpt lat="38.21849" lon="-119.58127999999999"><ele>2709.630569998175</ele></trkpt><trkpt lat="38.2185" lon="-119.58114"><ele>2710.0</ele></trkpt><trkpt lat="38.21846" lon="-119.58112"><ele>2710.6398959366543</ele></trkpt><trkpt lat="38.21831" lon="-119.58121"><ele>2711.8648391560673</ele></trkpt><trkpt lat="38.21823" lon="-119.58118999999999"><ele>2713.046376879619</ele></trkpt><trkpt lat="38.21817" lon="-119.58109000000002"><ele>2712.5178075310923</ele></trkpt><trkpt lat="38.21805" lon="-119.58098999999999"><ele>2713.2822867557406</ele></trkpt><trkpt lat="38.21794" lon="-119.58096999999998"><ele>2713.1581958133334</ele></trkpt><trkpt lat="38.21788" lon="-119.58089000000001"><ele>2713.0</ele></trkpt><trkpt lat="38.21788" lon="-119.58078999999998"><ele>2714.0</ele></trkpt><trkpt lat="38.21776" lon="-119.58058"><ele>2715.0</ele></trkpt><trkpt lat="38.21747" lon="-119.58053000000001"><ele>2717.0153593111404</ele></trkpt><trkpt lat="38.21743" lon="-119.58047999999997"><ele>2715.0</ele></trkpt><trkpt lat="38.21741" lon="-119.58037000000002"><ele>2714.237133419138</ele></trkpt><trkpt lat="38.21751" lon="-119.57997999999998"><ele>2719.0</ele></trkpt><trkpt lat="38.21762" lon="-119.57987000000003"><ele>2718.643772443291</ele></trkpt><trkpt lat="38.21767" lon="-119.57974999999999"><ele>2721.0</ele></trkpt><trkpt lat="38.21783" lon="-119.57961"><ele>2719.0</ele></trkpt><trkpt lat="38.21792" lon="-119.5795"><ele>2720.0</ele></trkpt><trkpt lat="38.21808" lon="-119.57916"><ele>2721.0</ele></trkpt><trkpt lat="38.21808" lon="-119.57907"><ele>2722.0</ele></trkpt><trkpt lat="38.218" lon="-119.57896"><ele>2722.0528462221846</ele></trkpt><trkpt lat="38.218" lon="-119.5788"><ele>2724.303858205676</ele></trkpt><trkpt lat="38.21806" lon="-119.57873000000001"><ele>2724.1970658004166</ele></trkpt><trkpt lat="38.21801" lon="-119.57862"><ele>2724.0</ele></trkpt><trkpt lat="38.21787" lon="-119.57853"><ele>2723.0</ele></trkpt><trkpt lat="38.21792" lon="-119.57833"><ele>2722.0</ele></trkpt><trkpt lat="38.21791" lon="-119.57819999999998"><ele>2721.0</ele></trkpt><trkpt lat="38.21783" lon="-119.5781"><ele>2720.028976028253</ele></trkpt><trkpt lat="38.21773" lon="-119.57803999999999"><ele>2719.927953778766</ele></trkpt><trkpt lat="38.21765" lon="-119.57794000000001"><ele>2720.0</ele></trkpt><trkpt lat="38.21747" lon="-119.57749000000001"><ele>2717.865807019174</ele></trkpt><trkpt lat="38.21738450410747" lon="-119.57720786355463"><ele>2715.794461969286</ele></trkpt><trkpt lat="38.217398290486855" lon="-119.5772533585606"><ele>2716.6122258473188</ele></trkpt><trkpt lat="38.21737" lon="-119.57715999999999"><ele>2715.0</ele></trkpt><trkpt lat="38.21742" lon="-119.57693"><ele>2715.591909750034</ele></trkpt><trkpt lat="38.21742" lon="-119.57670000000002"><ele>2713.0</ele></trkpt><trkpt lat="38.21737" lon="-119.57663000000002"><ele>2713.0</ele></trkpt><trkpt lat="38.21728" lon="-119.57659000000001"><ele>2713.0</ele></trkpt><trkpt lat="38.2172" lon="-119.57650999999998"><ele>2712.0</ele></trkpt><trkpt lat="38.21709" lon="-119.57628"><ele>2711.0</ele></trkpt><trkpt lat="38.2169" lon="-119.57609000000002"><ele>2710.0</ele></trkpt><trkpt lat="38.21683" lon="-119.57592999999997"><ele>2709.0</ele></trkpt><trkpt lat="38.21682" lon="-119.57574999999997"><ele>2707.241707961737</ele></trkpt><trkpt lat="38.2168" lon="-119.57571999999999"><ele>2707.8344284123887</ele></trkpt><trkpt lat="38.21625" lon="-119.57580999999999"><ele>2708.0</ele></trkpt><trkpt lat="38.21615" lon="-119.57586000000003"><ele>2706.0</ele></trkpt><trkpt lat="38.21576" lon="-119.57595000000003"><ele>2697.6709866682068</ele></trkpt><trkpt lat="38.21511" lon="-119.57598999999999"><ele>2700.590775360878</ele></trkpt><trkpt lat="38.21505" lon="-119.57596000000001"><ele>2701.137020444963</ele></trkpt><trkpt lat="38.21501" lon="-119.57587000000001"><ele>2699.945649718435</ele></trkpt><trkpt lat="38.21499" lon="-119.57576"><ele>2698.4750063307583</ele></trkpt><trkpt lat="38.21501" lon="-119.57569000000001"><ele>2700.0</ele></trkpt><trkpt lat="38.21501" lon="-119.57553000000001"><ele>2698.0512061994523</ele></trkpt><trkpt lat="38.215" lon="-119.57547"><ele>2698.644354723394</ele></trkpt><trkpt lat="38.21495" lon="-119.57542999999998"><ele>2699.6100961174816</ele></trkpt><trkpt lat="38.21469" lon="-119.57544999999999"><ele>2703.3894288616802</ele></trkpt><trkpt lat="38.21458" lon="-119.5754"><ele>2704.0</ele></trkpt><trkpt lat="38.2145" lon="-119.5754"><ele>2704.01180428499</ele></trkpt><trkpt lat="38.21437" lon="-119.57533000000001"><ele>2704.0</ele></trkpt><trkpt lat="38.21425" lon="-119.57532000000003"><ele>2705.0</ele></trkpt><trkpt lat="38.21396" lon="-119.57524000000001"><ele>2704.2512323069386</ele></trkpt><trkpt lat="38.21368" lon="-119.57531"><ele>2704.0</ele></trkpt><trkpt lat="38.21334" lon="-119.57533999999998"><ele>2704.242926221341</ele></trkpt><trkpt lat="38.21327" lon="-119.57538999999997"><ele>2705.425338277726</ele></trkpt><trkpt lat="38.21298" lon="-119.57576"><ele>2708.816344888881</ele></trkpt><trkpt lat="38.21293" lon="-119.57582000000002"><ele>2709.612547556404</ele></trkpt><trkpt lat="38.21286" lon="-119.57583"><ele>2710.0785813331604</ele></trkpt><trkpt lat="38.21277" lon="-119.57598000000002"><ele>2709.005911185276</ele></trkpt><trkpt lat="38.21245" lon="-119.57568000000003"><ele>2709.078788768977</ele></trkpt><trkpt lat="38.21224" lon="-119.57542000000001"><ele>2706.340143669361</ele></trkpt><trkpt lat="38.21203" lon="-119.57526999999999"><ele>2704.9806897770613</ele></trkpt><trkpt lat="38.21199" lon="-119.5752"><ele>2703.768668817235</ele></trkpt><trkpt lat="38.21199" lon="-119.5752"><ele>2703.768668817235</ele></trkpt><trkpt lat="38.21196" lon="-119.57511999999997"><ele>2702.0</ele></trkpt><trkpt lat="38.21183" lon="-119.57496000000003"><ele>2703.668328586966</ele></trkpt><trkpt lat="38.21179" lon="-119.57488000000001"><ele>2704.0408185198903</ele></trkpt><trkpt lat="38.21161" lon="-119.57486"><ele>2708.5903119724244</ele></trkpt><trkpt lat="38.21145" lon="-119.57479999999998"><ele>2708.2840325296856</ele></trkpt><trkpt lat="38.21089" lon="-119.57477"><ele>2710.0</ele></trkpt><trkpt lat="38.21075" lon="-119.57484"><ele>2711.9412373332307</ele></trkpt><trkpt lat="38.21044" lon="-119.57486"><ele>2712.0</ele></trkpt><trkpt lat="38.21021" lon="-119.57493"><ele>2714.348952028042</ele></trkpt><trkpt lat="38.20986" lon="-119.57483000000002"><ele>2712.4752035564743</ele></trkpt><trkpt lat="38.20975" lon="-119.57475999999997"><ele>2710.4543273501827</ele></trkpt><trkpt lat="38.20967" lon="-119.57475999999997"><ele>2710.5983580722523</ele></trkpt><trkpt lat="38.20946" lon="-119.57490999999999"><ele>2713.0154082930717</ele></trkpt><trkpt lat="38.20938" lon="-119.57493"><ele>2711.1355413328856</ele></trkpt><trkpt lat="38.20929" lon="-119.57504"><ele>2713.9430609210394</ele></trkpt><trkpt lat="38.20903" lon="-119.5752"><ele>2712.978978267871</ele></trkpt><trkpt lat="38.20903" lon="-119.5752"><ele>2712.978978267871</ele></trkpt><trkpt lat="38.20861" lon="-119.57559000000003"><ele>2714.8937706686556</ele></trkpt><trkpt lat="38.20854" lon="-119.57559000000003"><ele>2713.0</ele></trkpt><trkpt lat="38.20841" lon="-119.57550000000003"><ele>2714.0</ele></trkpt><trkpt lat="38.20828" lon="-119.57556999999997"><ele>2715.0</ele></trkpt><trkpt lat="38.20789" lon="-119.57553999999999"><ele>2713.0</ele></trkpt><trkpt lat="38.20777" lon="-119.57560000000001"><ele>2712.359804445412</ele></trkpt><trkpt lat="38.20759" lon="-119.57585"><ele>2713.019753630104</ele></trkpt><trkpt lat="38.20754" lon="-119.57586000000003"><ele>2712.476682668552</ele></trkpt><trkpt lat="38.20745" lon="-119.57580999999999"><ele>2714.0</ele></trkpt><trkpt lat="38.20729" lon="-119.57562999999999"><ele>2715.0</ele></trkpt><trkpt lat="38.20717" lon="-119.57544000000001"><ele>2715.0546337720007</ele></trkpt><trkpt lat="38.2071" lon="-119.5752"><ele>2717.206224489957</ele></trkpt><trkpt lat="38.2071" lon="-119.5752"><ele>2717.206224489957</ele></trkpt><trkpt lat="38.20706" lon="-119.57508000000001"><ele>2717.57856024988</ele></trkpt><trkpt lat="38.20695" lon="-119.57493"><ele>2718.013889851384</ele></trkpt><trkpt lat="38.20684" lon="-119.57483000000002"><ele>2719.0</ele></trkpt><trkpt lat="38.20678" lon="-119.57484"><ele>2719.2327730459137</ele></trkpt><trkpt lat="38.20663" lon="-119.57499999999999"><ele>2720.0810873452574</ele></trkpt><trkpt lat="38.2062" lon="-119.57499999999999"><ele>2723.232088930883</ele></trkpt><trkpt lat="38.20589" lon="-119.57457999999997"><ele>2719.0</ele></trkpt><trkpt lat="38.20589" lon="-119.57457999999997"><ele>2719.0</ele></trkpt><trkpt lat="38.20589" lon="-119.57457999999997"><ele>2719.0</ele></trkpt><trkpt lat="38.20586" lon="-119.57430999999997"><ele>2716.0</ele></trkpt><trkpt lat="38.20577" lon="-119.57425999999998"><ele>2715.0</ele></trkpt><trkpt lat="38.20568" lon="-119.57416999999998"><ele>2714.0</ele></trkpt><trkpt lat="38.20561" lon="-119.57403999999997"><ele>2715.233386548236</ele></trkpt><trkpt lat="38.20567" lon="-119.57366999999999"><ele>2714.9835818074644</ele></trkpt><trkpt lat="38.20578" lon="-119.57337000000001"><ele>2715.0</ele></trkpt><trkpt lat="38.20576" lon="-119.57310999999999"><ele>2716.219278495708</ele></trkpt><trkpt lat="38.20584" lon="-119.57292000000001"><ele>2719.0</ele></trkpt><trkpt lat="38.20594" lon="-119.57245999999998"><ele>2718.003432283178</ele></trkpt><trkpt lat="38.20598" lon="-119.57240000000002"><ele>2718.8554733424644</ele></trkpt><trkpt lat="38.20603" lon="-119.57238999999998"><ele>2719.3342428840697</ele></trkpt><trkpt lat="38.20624" lon="-119.57247000000001"><ele>2721.508767999243</ele></trkpt><trkpt lat="38.20656" lon="-119.57249000000002"><ele>2723.0</ele></trkpt><trkpt lat="38.20665" lon="-119.57231000000002"><ele>2725.965308443643</ele></trkpt><trkpt lat="38.20662" lon="-119.57229000000001"><ele>2726.0</ele></trkpt><trkpt lat="38.20651" lon="-119.57235000000003"><ele>2727.1011733314954</ele></trkpt><trkpt lat="38.20644" lon="-119.57231000000002"><ele>2728.6278386971608</ele></trkpt><trkpt lat="38.20614" lon="-119.57187999999996"><ele>2733.0047608907335</ele></trkpt><trkpt lat="38.20611" lon="-119.57170000000002"><ele>2735.441200885622</ele></trkpt><trkpt lat="38.20605" lon="-119.57157000000001"><ele>2735.737083727984</ele></trkpt><trkpt lat="38.20599" lon="-119.57155"><ele>2734.0</ele></trkpt><trkpt lat="38.2058" lon="-119.57155"><ele>2737.572698859658</ele></trkpt><trkpt lat="38.20568" lon="-119.57150000000001"><ele>2740.0</ele></trkpt><trkpt lat="38.20555" lon="-119.57123000000001"><ele>2741.2969564436935</ele></trkpt><trkpt lat="38.20552" lon="-119.57103000000001"><ele>2743.054045387526</ele></trkpt><trkpt lat="38.20545" lon="-119.57099"><ele>2743.0</ele></trkpt><trkpt lat="38.20544" lon="-119.57065999999998"><ele>2747.0</ele></trkpt><trkpt lat="38.20531" lon="-119.57045"><ele>2749.8706752120897</ele></trkpt><trkpt lat="38.20514" lon="-119.57028000000003"><ele>2752.806942449857</ele></trkpt><trkpt lat="38.205" lon="-119.57029999999997"><ele>2751.0</ele></trkpt><trkpt lat="38.20489" lon="-119.57038"><ele>2750.0</ele></trkpt><trkpt lat="38.20472" lon="-119.57031"><ele>2750.703653948981</ele></trkpt><trkpt lat="38.20442" lon="-119.57038"><ele>2750.90982755553</ele></trkpt><trkpt lat="38.20436" lon="-119.57035000000002"><ele>2751.79806084137</ele></trkpt><trkpt lat="38.20426" lon="-119.57010000000002"><ele>2753.0</ele></trkpt><trkpt lat="38.20402" lon="-119.56992000000002"><ele>2757.916636984897</ele></trkpt><trkpt lat="38.20391" lon="-119.56966999999997"><ele>2758.0</ele></trkpt><trkpt lat="38.20388" lon="-119.56954000000002"><ele>2758.0</ele></trkpt><trkpt lat="38.20366" lon="-119.56920000000002"><ele>2758.978169628619</ele></trkpt><trkpt lat="38.20366" lon="-119.56920000000002"><ele>2758.978169628619</ele></trkpt><trkpt lat="38.20357" lon="-119.56909000000002"><ele>2759.0</ele></trkpt><trkpt lat="38.20348511371495" lon="-119.56892730128698"><ele>2758.4059396442026</ele></trkpt><trkpt lat="38.20350073864992" lon="-119.56895724892331"><ele>2758.4759671207667</ele></trkpt><trkpt lat="38.20333" lon="-119.56862999999998"><ele>2758.2068584114313</ele></trkpt><trkpt lat="38.20307" lon="-119.56846999999999"><ele>2757.0</ele></trkpt><trkpt lat="38.20295" lon="-119.56833"><ele>2758.0</ele></trkpt><trkpt lat="38.20284" lon="-119.56815"><ele>2756.147340139374</ele></trkpt><trkpt lat="38.2028" lon="-119.56795"><ele>2757.0</ele></trkpt><trkpt lat="38.20266" lon="-119.5677"><ele>2757.0</ele></trkpt><trkpt lat="38.20253" lon="-119.56765000000001"><ele>2756.1045474643906</ele></trkpt><trkpt lat="38.20241" lon="-119.56763999999998"><ele>2756.0</ele></trkpt><trkpt lat="38.20231" lon="-119.56763999999998"><ele>2756.0</ele></trkpt><trkpt lat="38.20222" lon="-119.56771000000003"><ele>2757.0</ele></trkpt><trkpt lat="38.20195" lon="-119.5677"><ele>2753.0</ele></trkpt><trkpt lat="38.20178" lon="-119.56790000000001"><ele>2753.652150689243</ele></trkpt><trkpt lat="38.20174" lon="-119.56789000000003"><ele>2753.043577811443</ele></trkpt><trkpt lat="38.20166" lon="-119.56797"><ele>2753.813676172103</ele></trkpt><trkpt lat="38.20156" lon="-119.56799000000001"><ele>2752.77747978662</ele></trkpt><trkpt lat="38.20148" lon="-119.56804"><ele>2754.0</ele></trkpt><trkpt lat="38.20135" lon="-119.56819999999999"><ele>2754.8908201864624</ele></trkpt><trkpt lat="38.20118" lon="-119.56831999999997"><ele>2754.0872142212465</ele></trkpt><trkpt lat="38.20098" lon="-119.5684"><ele>2752.686280114955</ele></trkpt><trkpt lat="38.20092" lon="-119.56849"><ele>2752.29037206015</ele></trkpt><trkpt lat="38.20071" lon="-119.56842"><ele>2751.0</ele></trkpt><trkpt lat="38.20048" lon="-119.5684"><ele>2748.0</ele></trkpt><trkpt lat="38.2003" lon="-119.56846000000002"><ele>2747.0</ele></trkpt><trkpt lat="38.20016" lon="-119.56842"><ele>2745.159248664242</ele></trkpt><trkpt lat="38.20016" lon="-119.56842"><ele>2745.159248664242</ele></trkpt><trkpt lat="38.20016" lon="-119.56842"><ele>2745.159248664242</ele></trkpt><trkpt lat="38.200138041001296" lon="-119.56843928107207"><ele>2745.6461150860414</ele></trkpt><trkpt lat="38.200135308758696" lon="-119.56844168017165"><ele>2745.7579212295823</ele></trkpt><trkpt lat="38.20016" lon="-119.56842"><ele>2745.159248664242</ele></trkpt><trkpt lat="38.20016" lon="-119.56842"><ele>2745.159248664242</ele></trkpt><trkpt lat="38.20016" lon="-119.56842"><ele>2745.159248664242</ele></trkpt><trkpt lat="38.2003" lon="-119.56846000000002"><ele>2747.0</ele></trkpt><trkpt lat="38.20048" lon="-119.5684"><ele>2748.0</ele></trkpt><trkpt lat="38.20071" lon="-119.56842"><ele>2751.0</ele></trkpt><trkpt lat="38.20092" lon="-119.56849"><ele>2752.29037206015</ele></trkpt><trkpt lat="38.20098" lon="-119.5684"><ele>2752.686280114955</ele></trkpt><trkpt lat="38.20118" lon="-119.56831999999997"><ele>2754.0872142212465</ele></trkpt><trkpt lat="38.20135" lon="-119.56819999999999"><ele>2754.8908201864624</ele></trkpt><trkpt lat="38.20148" lon="-119.56804"><ele>2754.0</ele></trkpt><trkpt lat="38.20156" lon="-119.56799000000001"><ele>2752.77747978662</ele></trkpt><trkpt lat="38.20166" lon="-119.56797"><ele>2753.813676172103</ele></trkpt><trkpt lat="38.20174" lon="-119.56789000000003"><ele>2753.043577811443</ele></trkpt><trkpt lat="38.20178" lon="-119.56790000000001"><ele>2753.652150689243</ele></trkpt><trkpt lat="38.20195" lon="-119.5677"><ele>2753.0</ele></trkpt><trkpt lat="38.20222" lon="-119.56771000000003"><ele>2757.0</ele></trkpt><trkpt lat="38.20231" lon="-119.56763999999998"><ele>2756.0</ele></trkpt><trkpt lat="38.20241" lon="-119.56763999999998"><ele>2756.0</ele></trkpt><trkpt lat="38.20253" lon="-119.56765000000001"><ele>2756.1045474643906</ele></trkpt><trkpt lat="38.20266" lon="-119.5677"><ele>2757.0</ele></trkpt><trkpt lat="38.2028" lon="-119.56795"><ele>2757.0</ele></trkpt><trkpt lat="38.20284" lon="-119.56815"><ele>2756.147340139374</ele></trkpt><trkpt lat="38.20295" lon="-119.56833"><ele>2758.0</ele></trkpt><trkpt lat="38.20307" lon="-119.56846999999999"><ele>2757.0</ele></trkpt><trkpt lat="38.20333" lon="-119.56862999999998"><ele>2758.2068584114313</ele></trkpt><trkpt lat="38.20357" lon="-119.56909000000002"><ele>2759.0</ele></trkpt><trkpt lat="38.20366" lon="-119.56920000000002"><ele>2758.978169628619</ele></trkpt><trkpt lat="38.20366" lon="-119.56920000000002"><ele>2758.978169628619</ele></trkpt><trkpt lat="38.20388" lon="-119.56954000000002"><ele>2758.0</ele></trkpt><trkpt lat="38.20391" lon="-119.56966999999997"><ele>2758.0</ele></trkpt><trkpt lat="38.20402" lon="-119.56992000000002"><ele>2757.916636984897</ele></trkpt><trkpt lat="38.20426" lon="-119.57010000000002"><ele>2753.0</ele></trkpt><trkpt lat="38.20436" lon="-119.57035000000002"><ele>2751.79806084137</ele></trkpt><trkpt lat="38.20442" lon="-119.57038"><ele>2750.90982755553</ele></trkpt><trkpt lat="38.20472" lon="-119.57031"><ele>2750.703653948981</ele></trkpt><trkpt lat="38.20489" lon="-119.57038"><ele>2750.0</ele></trkpt><trkpt lat="38.205" lon="-119.57029999999997"><ele>2751.0</ele></trkpt><trkpt lat="38.20514" lon="-119.57028000000003"><ele>2752.806942449857</ele></trkpt><trkpt lat="38.20531" lon="-119.57045"><ele>2749.8706752120897</ele></trkpt><trkpt lat="38.20544" lon="-119.57065999999998"><ele>2747.0</ele></trkpt><trkpt lat="38.20545" lon="-119.57099"><ele>2743.0</ele></trkpt><trkpt lat="38.20552" lon="-119.57103000000001"><ele>2743.054045387526</ele></trkpt><trkpt lat="38.20555" lon="-119.57123000000001"><ele>2741.2969564436935</ele></trkpt><trkpt lat="38.20568" lon="-119.57150000000001"><ele>2740.0</ele></trkpt><trkpt lat="38.2058" lon="-119.57155"><ele>2737.572698859658</ele></trkpt><trkpt lat="38.20599" lon="-119.57155"><ele>2734.0</ele></trkpt><trkpt lat="38.20605" lon="-119.57157000000001"><ele>2735.737083727984</ele></trkpt><trkpt lat="38.20611" lon="-119.57170000000002"><ele>2735.441200885622</ele></trkpt><trkpt lat="38.20614" lon="-119.57187999999996"><ele>2733.0047608907335</ele></trkpt><trkpt lat="38.20644" lon="-119.57231000000002"><ele>2728.6278386971608</ele></trkpt><trkpt lat="38.20651" lon="-119.57235000000003"><ele>2727.1011733314954</ele></trkpt><trkpt lat="38.20662" lon="-119.57229000000001"><ele>2726.0</ele></trkpt><trkpt lat="38.20665" lon="-119.57231000000002"><ele>2725.965308443643</ele></trkpt><trkpt lat="38.20656" lon="-119.57249000000002"><ele>2723.0</ele></trkpt><trkpt lat="38.20624" lon="-119.57247000000001"><ele>2721.508767999243</ele></trkpt><trkpt lat="38.20603" lon="-119.57238999999998"><ele>2719.3342428840697</ele></trkpt><trkpt lat="38.20598" lon="-119.57240000000002"><ele>2718.8554733424644</ele></trkpt><trkpt lat="38.20594" lon="-119.57245999999998"><ele>2718.003432283178</ele></trkpt><trkpt lat="38.20584" lon="-119.57292000000001"><ele>2719.0</ele></trkpt><trkpt lat="38.20576109374748" lon="-119.5731074023497"><ele>2716.310298792683</ele></trkpt><trkpt lat="38.20576365764793" lon="-119.57315754941777"><ele>2715.538162475452</ele></trkpt><trkpt lat="38.20578" lon="-119.57337000000001"><ele>2715.0</ele></trkpt><trkpt lat="38.20567" lon="-119.57366999999999"><ele>2714.9835818074644</ele></trkpt><trkpt lat="38.20561" lon="-119.57403999999997"><ele>2715.233386548236</ele></trkpt><trkpt lat="38.20568" lon="-119.57416999999998"><ele>2714.0</ele></trkpt><trkpt lat="38.20577" lon="-119.57425999999998"><ele>2715.0</ele></trkpt><trkpt lat="38.20586" lon="-119.57430999999997"><ele>2716.0</ele></trkpt><trkpt lat="38.20589" lon="-119.57457999999997"><ele>2719.0</ele></trkpt><trkpt lat="38.20589" lon="-119.57457999999997"><ele>2719.0</ele></trkpt><trkpt lat="38.20589" lon="-119.57457999999997"><ele>2719.0</ele></trkpt><trkpt lat="38.2062" lon="-119.57499999999999"><ele>2723.232088930883</ele></trkpt><trkpt lat="38.20663" lon="-119.57499999999999"><ele>2720.0810873452574</ele></trkpt><trkpt lat="38.20678" lon="-119.57484"><ele>2719.2327730459137</ele></trkpt><trkpt lat="38.20684" lon="-119.57483000000002"><ele>2719.0</ele></trkpt><trkpt lat="38.20695" lon="-119.57493"><ele>2718.013889851384</ele></trkpt><trkpt lat="38.20706" lon="-119.57508000000001"><ele>2717.57856024988</ele></trkpt><trkpt lat="38.2071" lon="-119.5752"><ele>2717.206224489957</ele></trkpt><trkpt lat="38.2071" lon="-119.5752"><ele>2717.206224489957</ele></trkpt><trkpt lat="38.20717" lon="-119.57544000000001"><ele>2715.0546337720007</ele></trkpt><trkpt lat="38.20729" lon="-119.57562999999999"><ele>2715.0</ele></trkpt><trkpt lat="38.20745" lon="-119.57580999999999"><ele>2714.0</ele></trkpt><trkpt lat="38.20754" lon="-119.57586000000003"><ele>2712.476682668552</ele></trkpt><trkpt lat="38.20759" lon="-119.57585"><ele>2713.019753630104</ele></trkpt><trkpt lat="38.20777" lon="-119.57560000000001"><ele>2712.359804445412</ele></trkpt><trkpt lat="38.20789" lon="-119.57553999999999"><ele>2713.0</ele></trkpt><trkpt lat="38.20828" lon="-119.57556999999997"><ele>2715.0</ele></trkpt><trkpt lat="38.20841" lon="-119.57550000000003"><ele>2714.0</ele></trkpt><trkpt lat="38.20854" lon="-119.57559000000003"><ele>2713.0</ele></trkpt><trkpt lat="38.20861" lon="-119.57559000000003"><ele>2714.8937706686556</ele></trkpt><trkpt lat="38.20903" lon="-119.5752"><ele>2712.978978267871</ele></trkpt><trkpt lat="38.20903" lon="-119.5752"><ele>2712.978978267871</ele></trkpt><trkpt lat="38.20929" lon="-119.57504"><ele>2713.9430609210394</ele></trkpt><trkpt lat="38.20938" lon="-119.57493"><ele>2711.1355413328856</ele></trkpt><trkpt lat="38.20946" lon="-119.57490999999999"><ele>2713.0154082930717</ele></trkpt><trkpt lat="38.20967" lon="-119.57475999999997"><ele>2710.5983580722523</ele></trkpt><trkpt lat="38.20975" lon="-119.57475999999997"><ele>2710.4543273501827</ele></trkpt><trkpt lat="38.20986" lon="-119.57483000000002"><ele>2712.4752035564743</ele></trkpt><trkpt lat="38.21021" lon="-119.57493"><ele>2714.348952028042</ele></trkpt><trkpt lat="38.21044" lon="-119.57486"><ele>2712.0</ele></trkpt><trkpt lat="38.21075" lon="-119.57484"><ele>2711.9412373332307</ele></trkpt><trkpt lat="38.21089" lon="-119.57477"><ele>2710.0</ele></trkpt><trkpt lat="38.21145" lon="-119.57479999999998"><ele>2708.2840325296856</ele></trkpt><trkpt lat="38.21161" lon="-119.57486"><ele>2708.5903119724244</ele></trkpt><trkpt lat="38.21179" lon="-119.57488000000001"><ele>2704.0408185198903</ele></trkpt><trkpt lat="38.21183" lon="-119.57496000000003"><ele>2703.668328586966</ele></trkpt><trkpt lat="38.21196" lon="-119.57511999999997"><ele>2702.0</ele></trkpt><trkpt lat="38.21199" lon="-119.5752"><ele>2703.768668817235</ele></trkpt><trkpt lat="38.21199" lon="-119.5752"><ele>2703.768668817235</ele></trkpt><trkpt lat="38.21203" lon="-119.57526999999999"><ele>2704.9806897770613</ele></trkpt><trkpt lat="38.21224" lon="-119.57542000000001"><ele>2706.340143669361</ele></trkpt><trkpt lat="38.21245" lon="-119.57568000000003"><ele>2709.078788768977</ele></trkpt><trkpt lat="38.21277" lon="-119.57598000000002"><ele>2709.005911185276</ele></trkpt><trkpt lat="38.21286" lon="-119.57583"><ele>2710.0785813331604</ele></trkpt><trkpt lat="38.21293" lon="-119.57582000000002"><ele>2709.612547556404</ele></trkpt><trkpt lat="38.21298" lon="-119.57576"><ele>2708.816344888881</ele></trkpt><trkpt lat="38.21327" lon="-119.57538999999997"><ele>2705.425338277726</ele></trkpt><trkpt lat="38.21334" lon="-119.57533999999998"><ele>2704.242926221341</ele></trkpt><trkpt lat="38.21368" lon="-119.57531"><ele>2704.0</ele></trkpt><trkpt lat="38.21396" lon="-119.57524000000001"><ele>2704.2512323069386</ele></trkpt><trkpt lat="38.21425" lon="-119.57532000000003"><ele>2705.0</ele></trkpt><trkpt lat="38.21437" lon="-119.57533000000001"><ele>2704.0</ele></trkpt><trkpt lat="38.2145" lon="-119.5754"><ele>2704.01180428499</ele></trkpt><trkpt lat="38.21458" lon="-119.5754"><ele>2704.0</ele></trkpt><trkpt lat="38.21469" lon="-119.57544999999999"><ele>2703.3894288616802</ele></trkpt><trkpt lat="38.21495" lon="-119.57542999999998"><ele>2699.6100961174816</ele></trkpt><trkpt lat="38.215" lon="-119.57547"><ele>2698.644354723394</ele></trkpt><trkpt lat="38.21501" lon="-119.57553000000001"><ele>2698.0512061994523</ele></trkpt><trkpt lat="38.21501" lon="-119.57569000000001"><ele>2700.0</ele></trkpt><trkpt lat="38.21499" lon="-119.57576"><ele>2698.4750063307583</ele></trkpt><trkpt lat="38.21501" lon="-119.57587000000001"><ele>2699.945649718435</ele></trkpt><trkpt lat="38.21505" lon="-119.57596000000001"><ele>2701.137020444963</ele></trkpt><trkpt lat="38.21511" lon="-119.57598999999999"><ele>2700.590775360878</ele></trkpt><trkpt lat="38.21576" lon="-119.57595000000003"><ele>2697.6709866682068</ele></trkpt><trkpt lat="38.21615" lon="-119.57586000000003"><ele>2706.0</ele></trkpt><trkpt lat="38.21625" lon="-119.57580999999999"><ele>2708.0</ele></trkpt><trkpt lat="38.2168" lon="-119.57571999999999"><ele>2707.8344284123887</ele></trkpt><trkpt lat="38.21682" lon="-119.57574999999997"><ele>2707.241707961737</ele></trkpt><trkpt lat="38.21683" lon="-119.57592999999997"><ele>2709.0</ele></trkpt><trkpt lat="38.2169" lon="-119.57609000000002"><ele>2710.0</ele></trkpt><trkpt lat="38.21709" lon="-119.57628"><ele>2711.0</ele></trkpt><trkpt lat="38.2172" lon="-119.57650999999998"><ele>2712.0</ele></trkpt><trkpt lat="38.21728" lon="-119.57659000000001"><ele>2713.0</ele></trkpt><trkpt lat="38.21737" lon="-119.57663000000002"><ele>2713.0</ele></trkpt><trkpt lat="38.21742" lon="-119.57670000000002"><ele>2713.0</ele></trkpt><trkpt lat="38.21742" lon="-119.57693"><ele>2715.591909750034</ele></trkpt><trkpt lat="38.21737" lon="-119.57715999999999"><ele>2715.0</ele></trkpt><trkpt lat="38.21747" lon="-119.57749000000001"><ele>2717.865807019174</ele></trkpt><trkpt lat="38.21765" lon="-119.57794000000001"><ele>2720.0</ele></trkpt><trkpt lat="38.21773" lon="-119.57803999999999"><ele>2719.927953778766</ele></trkpt><trkpt lat="38.21783" lon="-119.5781"><ele>2720.028976028253</ele></trkpt><trkpt lat="38.21791" lon="-119.57819999999998"><ele>2721.0</ele></trkpt><trkpt lat="38.21792" lon="-119.57833"><ele>2722.0</ele></trkpt><trkpt lat="38.21787" lon="-119.57853"><ele>2723.0</ele></trkpt><trkpt lat="38.21801" lon="-119.57862"><ele>2724.0</ele></trkpt><trkpt lat="38.21806" lon="-119.57873000000001"><ele>2724.1970658004166</ele></trkpt><trkpt lat="38.218" lon="-119.5788"><ele>2724.303858205676</ele></trkpt><trkpt lat="38.218" lon="-119.57896"><ele>2722.0528462221846</ele></trkpt><trkpt lat="38.21808" lon="-119.57907"><ele>2722.0</ele></trkpt><trkpt lat="38.21808" lon="-119.57916"><ele>2721.0</ele></trkpt><trkpt lat="38.21792" lon="-119.5795"><ele>2720.0</ele></trkpt><trkpt lat="38.21783" lon="-119.57961"><ele>2719.0</ele></trkpt><trkpt lat="38.21767" lon="-119.57974999999999"><ele>2721.0</ele></trkpt><trkpt lat="38.21762" lon="-119.57987000000003"><ele>2718.643772443291</ele></trkpt><trkpt lat="38.21751" lon="-119.57997999999998"><ele>2719.0</ele></trkpt><trkpt lat="38.21741" lon="-119.58037000000002"><ele>2714.237133419138</ele></trkpt><trkpt lat="38.21743" lon="-119.58047999999997"><ele>2715.0</ele></trkpt><trkpt lat="38.21747" lon="-119.58053000000001"><ele>2717.0153593111404</ele></trkpt><trkpt lat="38.21776" lon="-119.58058"><ele>2715.0</ele></trkpt><trkpt lat="38.21782273828195" lon="-119.58068979199345"><ele>2714.0</ele></trkpt><trkpt lat="38.21783655019129" lon="-119.58071396279479"><ele>2714.0</ele></trkpt><trkpt lat="38.21788" lon="-119.58078999999998"><ele>2714.0</ele></trkpt><trkpt lat="38.21788" lon="-119.58089000000001"><ele>2713.0</ele></trkpt><trkpt lat="38.21794" lon="-119.58096999999998"><ele>2713.1581958133334</ele></trkpt><trkpt lat="38.21805" lon="-119.58098999999999"><ele>2713.2822867557406</ele></trkpt><trkpt lat="38.21817" lon="-119.58109000000002"><ele>2712.5178075310923</ele></trkpt><trkpt lat="38.21823" lon="-119.58118999999999"><ele>2713.046376879619</ele></trkpt><trkpt lat="38.21831" lon="-119.58121"><ele>2711.8648391560673</ele></trkpt><trkpt lat="38.21846" lon="-119.58112"><ele>2710.6398959366543</ele></trkpt><trkpt lat="38.2185" lon="-119.58114"><ele>2710.0</ele></trkpt><trkpt lat="38.21849" lon="-119.58127999999999"><ele>2709.630569998175</ele></trkpt><trkpt lat="38.21852" lon="-119.58139"><ele>2710.0</ele></trkpt><trkpt lat="38.21849" lon="-119.58164"><ele>2710.0</ele></trkpt><trkpt lat="38.21851" lon="-119.58177999999998"><ele>2711.0</ele></trkpt><trkpt lat="38.21857" lon="-119.58182"><ele>2711.0</ele></trkpt><trkpt lat="38.21858" lon="-119.58188000000001"><ele>2712.0</ele></trkpt><trkpt lat="38.2185" lon="-119.58211"><ele>2714.0</ele></trkpt><trkpt lat="38.2184" lon="-119.58215000000001"><ele>2715.018872447822</ele></trkpt><trkpt lat="38.21832" lon="-119.58227999999997"><ele>2713.094088160989</ele></trkpt><trkpt lat="38.21835" lon="-119.58235000000002"><ele>2712.9394171370054</ele></trkpt><trkpt lat="38.21843" lon="-119.5824"><ele>2711.1398003819518</ele></trkpt><trkpt lat="38.21873" lon="-119.58229"><ele>2707.340516909836</ele></trkpt><trkpt lat="38.21883" lon="-119.58230000000003"><ele>2707.8161235858906</ele></trkpt><trkpt lat="38.21903" lon="-119.58217000000002"><ele>2704.0</ele></trkpt><trkpt lat="38.21912" lon="-119.58215000000001"><ele>2702.0</ele></trkpt><trkpt lat="38.21919" lon="-119.58204999999998"><ele>2701.0</ele></trkpt><trkpt lat="38.2194" lon="-119.58203000000003"><ele>2695.638419231578</ele></trkpt><trkpt lat="38.21957" lon="-119.58188999999999"><ele>2694.0</ele></trkpt><trkpt lat="38.21973" lon="-119.58186"><ele>2689.0760036706924</ele></trkpt><trkpt lat="38.21982" lon="-119.58179999999999"><ele>2687.5155713712793</ele></trkpt><trkpt lat="38.21991" lon="-119.58168"><ele>2687.5740203276846</ele></trkpt><trkpt lat="38.22001" lon="-119.58140000000003"><ele>2688.1589718655905</ele></trkpt><trkpt lat="38.22008" lon="-119.58132999999998"><ele>2688.0</ele></trkpt><trkpt lat="38.22009" lon="-119.58123"><ele>2688.794587003589</ele></trkpt><trkpt lat="38.22015" lon="-119.58109000000002"><ele>2690.0</ele></trkpt><trkpt lat="38.22042" lon="-119.58083999999997"><ele>2685.0</ele></trkpt><trkpt lat="38.22061" lon="-119.58077000000003"><ele>2683.0</ele></trkpt><trkpt lat="38.22092" lon="-119.58056999999997"><ele>2680.0</ele></trkpt><trkpt lat="38.22092" lon="-119.58056999999997"><ele>2680.0</ele></trkpt><trkpt lat="38.22163" lon="-119.58015999999998"><ele>2669.0</ele></trkpt><trkpt lat="38.22195" lon="-119.58006999999998"><ele>2665.2616037216094</ele></trkpt><trkpt lat="38.22205" lon="-119.57983000000002"><ele>2663.230801294363</ele></trkpt><trkpt lat="38.22216" lon="-119.5797"><ele>2665.0</ele></trkpt><trkpt lat="38.22231" lon="-119.57965999999999"><ele>2663.4481559312585</ele></trkpt><trkpt lat="38.22252" lon="-119.57947000000001"><ele>2661.573645921424</ele></trkpt><trkpt lat="38.22277" lon="-119.57913000000002"><ele>2658.0</ele></trkpt><trkpt lat="38.22287" lon="-119.57905"><ele>2658.0</ele></trkpt><trkpt lat="38.22308" lon="-119.57900999999998"><ele>2658.0</ele></trkpt><trkpt lat="38.22322" lon="-119.57888000000003"><ele>2655.7811164432205</ele></trkpt><trkpt lat="38.22331" lon="-119.57893000000001"><ele>2653.8406749358032</ele></trkpt><trkpt lat="38.22376" lon="-119.57873000000001"><ele>2644.7750499473336</ele></trkpt><trkpt lat="38.2239" lon="-119.57875999999999"><ele>2642.2651700514766</ele></trkpt><trkpt lat="38.22397" lon="-119.57875000000001"><ele>2640.4679424835513</ele></trkpt><trkpt lat="38.22402" lon="-119.57871"><ele>2639.591260207817</ele></trkpt><trkpt lat="38.22407" lon="-119.57859000000002"><ele>2639.185104143443</ele></trkpt><trkpt lat="38.22412" lon="-119.57853"><ele>2639.0</ele></trkpt><trkpt lat="38.22431626874231" lon="-119.57841959883245"><ele>2637.0</ele></trkpt><trkpt lat="38.22431626874231" lon="-119.57841959883245"><ele>2637.0</ele></trkpt><trkpt lat="38.22444" lon="-119.57835"><ele>2635.3508361958347</ele></trkpt><trkpt lat="38.2245" lon="-119.57823000000002"><ele>2634.0</ele></trkpt><trkpt lat="38.22451" lon="-119.57803000000001"><ele>2633.0</ele></trkpt><trkpt lat="38.22457" lon="-119.5779"><ele>2633.0</ele></trkpt><trkpt lat="38.22466" lon="-119.57774999999998"><ele>2633.0</ele></trkpt><trkpt lat="38.22507" lon="-119.57724999999999"><ele>2629.0</ele></trkpt><trkpt lat="38.22534" lon="-119.57704000000001"><ele>2626.0</ele></trkpt><trkpt lat="38.22552" lon="-119.57697999999999"><ele>2624.0</ele></trkpt><trkpt lat="38.22566" lon="-119.57682"><ele>2623.0</ele></trkpt><trkpt lat="38.22575" lon="-119.57675999999998"><ele>2622.0</ele></trkpt><trkpt lat="38.22604" lon="-119.57672000000002"><ele>2618.8659635619115</ele></trkpt><trkpt lat="38.22615" lon="-119.57664"><ele>2617.040255773928</ele></trkpt><trkpt lat="38.22623" lon="-119.57650000000001"><ele>2618.302844445221</ele></trkpt><trkpt lat="38.22624883276409" lon="-119.57650784698501"><ele>2618.66854045121</ele></trkpt><trkpt lat="38.22624883276409" lon="-119.57650784698501"><ele>2618.66854045121</ele></trkpt><trkpt lat="38.22635" lon="-119.57655"><ele>2618.366986666806</ele></trkpt><trkpt lat="38.22635" lon="-119.57663000000002"><ele>2615.9161493303254</ele></trkpt><trkpt lat="38.22635" lon="-119.57663000000002"><ele>2615.9161493303254</ele></trkpt><trkpt lat="38.22634" lon="-119.57677000000001"><ele>2616.1098516670204</ele></trkpt><trkpt lat="38.22634" lon="-119.57677000000001"><ele>2616.1098516670204</ele></trkpt><trkpt lat="38.22629" lon="-119.57708000000002"><ele>2618.0</ele></trkpt><trkpt lat="38.22631" lon="-119.57717000000002"><ele>2619.0</ele></trkpt><trkpt lat="38.22638" lon="-119.57724999999999"><ele>2621.0</ele></trkpt><trkpt lat="38.22655" lon="-119.57731000000001"><ele>2622.0</ele></trkpt><trkpt lat="38.22668" lon="-119.57742000000002"><ele>2623.0</ele></trkpt><trkpt lat="38.22687" lon="-119.57735000000002"><ele>2622.0</ele></trkpt><trkpt lat="38.22697" lon="-119.57735000000002"><ele>2622.0</ele></trkpt><trkpt lat="38.22719" lon="-119.57765"><ele>2620.0</ele></trkpt><trkpt lat="38.22722" lon="-119.57776999999999"><ele>2620.4891342218034</ele></trkpt><trkpt lat="38.22721" lon="-119.57806"><ele>2618.997323108496</ele></trkpt><trkpt lat="38.22725" lon="-119.57819999999998"><ele>2617.528586665634</ele></trkpt><trkpt lat="38.22731" lon="-119.57826"><ele>2619.3247893331572</ele></trkpt><trkpt lat="38.22745" lon="-119.57826999999997"><ele>2618.8141065906343</ele></trkpt><trkpt lat="38.2276" lon="-119.57848999999999"><ele>2616.965693819323</ele></trkpt><trkpt lat="38.2276" lon="-119.57855"><ele>2616.0</ele></trkpt><trkpt lat="38.22754" lon="-119.57866000000001"><ele>2615.7720567639917</ele></trkpt><trkpt lat="38.22753" lon="-119.57882000000001"><ele>2615.0</ele></trkpt><trkpt lat="38.22756" lon="-119.57897000000003"><ele>2615.0</ele></trkpt><trkpt lat="38.22764" lon="-119.57904000000002"><ele>2614.272496291256</ele></trkpt><trkpt lat="38.22769" lon="-119.57915000000003"><ele>2613.9748848575646</ele></trkpt><trkpt lat="38.22772" lon="-119.57934999999998"><ele>2614.0</ele></trkpt><trkpt lat="38.22768" lon="-119.57954999999998"><ele>2614.0</ele></trkpt><trkpt lat="38.22777" lon="-119.57992000000002"><ele>2612.726308289257</ele></trkpt><trkpt lat="38.22776" lon="-119.58008000000001"><ele>2615.0399478545305</ele></trkpt><trkpt lat="38.2277" lon="-119.58017000000001"><ele>2615.0</ele></trkpt><trkpt lat="38.22761" lon="-119.58023000000003"><ele>2617.0</ele></trkpt><trkpt lat="38.22725" lon="-119.58069999999998"><ele>2618.0</ele></trkpt><trkpt lat="38.22725" lon="-119.58077000000003"><ele>2619.0</ele></trkpt><trkpt lat="38.22742" lon="-119.58089999999999"><ele>2619.0</ele></trkpt><trkpt lat="38.22761" lon="-119.58091999999999"><ele>2619.0</ele></trkpt><trkpt lat="38.22773" lon="-119.58098999999999"><ele>2619.775880690547</ele></trkpt><trkpt lat="38.22792" lon="-119.58118000000002"><ele>2620.4066524449736</ele></trkpt><trkpt lat="38.22814" lon="-119.58116999999999"><ele>2621.1069824344922</ele></trkpt><trkpt lat="38.22849" lon="-119.58103"><ele>2616.4128696415573</ele></trkpt><trkpt lat="38.2288" lon="-119.58077000000003"><ele>2613.0152883760998</ele></trkpt><trkpt lat="38.22896" lon="-119.58053000000001"><ele>2612.0</ele></trkpt><trkpt lat="38.22901" lon="-119.58037999999999"><ele>2610.0</ele></trkpt><trkpt lat="38.22911" lon="-119.58038999999997"><ele>2609.589983998332</ele></trkpt><trkpt lat="38.22921" lon="-119.58035000000001"><ele>2609.725848889444</ele></trkpt><trkpt lat="38.22929" lon="-119.58026000000001"><ele>2608.0</ele></trkpt><trkpt lat="38.22941" lon="-119.58024999999998"><ele>2608.0</ele></trkpt><trkpt lat="38.22979" lon="-119.58011999999997"><ele>2608.0</ele></trkpt><trkpt lat="38.23041" lon="-119.58029999999997"><ele>2608.0</ele></trkpt><trkpt lat="38.23081" lon="-119.58046000000002"><ele>2606.6602221607627</ele></trkpt><trkpt lat="38.23134" lon="-119.58104000000003"><ele>2608.0</ele></trkpt><trkpt lat="38.23172" lon="-119.58114999999998"><ele>2609.0</ele></trkpt><trkpt lat="38.23182" lon="-119.58134000000001"><ele>2610.0</ele></trkpt><trkpt lat="38.23201" lon="-119.58154000000002"><ele>2611.0</ele></trkpt><trkpt lat="38.23222" lon="-119.58164999999997"><ele>2612.0</ele></trkpt><trkpt lat="38.23282" lon="-119.58161999999999"><ele>2612.0</ele></trkpt><trkpt lat="38.23362" lon="-119.58150999999998"><ele>2613.0</ele></trkpt><trkpt lat="38.23377" lon="-119.58143000000001"><ele>2613.0</ele></trkpt><trkpt lat="38.23395" lon="-119.58152999999999"><ele>2613.0</ele></trkpt><trkpt lat="38.23396799960756" lon="-119.5815331033806"><ele>2613.0</ele></trkpt><trkpt lat="38.23402968682963" lon="-119.58154373908872"><ele>2613.0</ele></trkpt><trkpt lat="38.23424" lon="-119.58158000000003"><ele>2613.0</ele></trkpt><trkpt lat="38.23467" lon="-119.58191"><ele>2613.100990143139</ele></trkpt><trkpt lat="38.23484" lon="-119.58191"><ele>2613.0</ele></trkpt><trkpt lat="38.235" lon="-119.58186999999998"><ele>2613.0</ele></trkpt><trkpt lat="38.23515" lon="-119.58175"><ele>2612.0</ele></trkpt><trkpt lat="38.23549" lon="-119.58164"><ele>2613.7496962123773</ele></trkpt><trkpt lat="38.236" lon="-119.58158000000003"><ele>2615.0</ele></trkpt><trkpt lat="38.2368" lon="-119.58109000000002"><ele>2617.130188662286</ele></trkpt><trkpt lat="38.2371" lon="-119.58104000000003"><ele>2618.882179557346</ele></trkpt><trkpt lat="38.23728" lon="-119.58096999999998"><ele>2619.0</ele></trkpt><trkpt lat="38.23753" lon="-119.58059000000003"><ele>2617.9933999603804</ele></trkpt><trkpt lat="38.23783" lon="-119.58020999999997"><ele>2616.1462248180005</ele></trkpt><trkpt lat="38.23818" lon="-119.57988"><ele>2615.405285949615</ele></trkpt><trkpt lat="38.23818" lon="-119.57988"><ele>2615.405285949615</ele></trkpt><trkpt lat="38.23838" lon="-119.5797"><ele>2613.7933121505193</ele></trkpt><trkpt lat="38.23871" lon="-119.57920000000001"><ele>2610.071860037744</ele></trkpt><trkpt lat="38.23881" lon="-119.57911000000001"><ele>2608.937660445459</ele></trkpt><trkpt lat="38.23915" lon="-119.57900999999998"><ele>2611.2773226657882</ele></trkpt><trkpt lat="38.23959" lon="-119.57866999999999"><ele>2610.0</ele></trkpt><trkpt lat="38.23987" lon="-119.57850000000002"><ele>2609.5096000009216</ele></trkpt><trkpt lat="38.24039" lon="-119.57828"><ele>2610.2568568899296</ele></trkpt><trkpt lat="38.24069" lon="-119.57821000000001"><ele>2608.0</ele></trkpt><trkpt lat="38.240909600774685" lon="-119.57808884095192"><ele>2604.3481995556504</ele></trkpt><trkpt lat="38.240909600774685" lon="-119.57808884095192"><ele>2604.3481995556504</ele></trkpt><trkpt lat="38.24098" lon="-119.57805000000002"><ele>2603.0</ele></trkpt><trkpt lat="38.24125" lon="-119.57799999999997"><ele>2601.0</ele></trkpt><trkpt lat="38.24136" lon="-119.57774999999998"><ele>2598.0</ele></trkpt><trkpt lat="38.24146" lon="-119.57763"><ele>2599.0</ele></trkpt><trkpt lat="38.24154" lon="-119.57760999999999"><ele>2599.027995073083</ele></trkpt><trkpt lat="38.24182" lon="-119.57767999999999"><ele>2603.139501612483</ele></trkpt><trkpt lat="38.24223" lon="-119.57765"><ele>2608.0</ele></trkpt><trkpt lat="38.2425" lon="-119.57760999999999"><ele>2609.0325937774032</ele></trkpt><trkpt lat="38.24264" lon="-119.57756999999998"><ele>2610.021823297559</ele></trkpt><trkpt lat="38.24284" lon="-119.57740999999999"><ele>2607.7119182217866</ele></trkpt><trkpt lat="38.24306" lon="-119.57729999999998"><ele>2606.0</ele></trkpt><trkpt lat="38.24337" lon="-119.57726000000002"><ele>2605.3217936936926</ele></trkpt><trkpt lat="38.24368" lon="-119.57702"><ele>2607.4512152990383</ele></trkpt><trkpt lat="38.2438" lon="-119.57702"><ele>2609.5366008891724</ele></trkpt><trkpt lat="38.24431" lon="-119.57675999999998"><ele>2609.549780929062</ele></trkpt><trkpt lat="38.24454" lon="-119.57673"><ele>2611.0188552442687</ele></trkpt><trkpt lat="38.24481" lon="-119.57663000000002"><ele>2610.932047761021</ele></trkpt><trkpt lat="38.24524" lon="-119.57659000000001"><ele>2612.0</ele></trkpt><trkpt lat="38.24578" lon="-119.57658000000004"><ele>2615.0</ele></trkpt><trkpt lat="38.24593" lon="-119.57654000000002"><ele>2613.1669795564376</ele></trkpt><trkpt lat="38.24619" lon="-119.57659000000001"><ele>2615.0</ele></trkpt><trkpt lat="38.24626" lon="-119.57655999999997"><ele>2616.092733594583</ele></trkpt><trkpt lat="38.24657" lon="-119.57618000000002"><ele>2613.5190888600714</ele></trkpt><trkpt lat="38.24677" lon="-119.57609000000002"><ele>2610.3909191135317</ele></trkpt><trkpt lat="38.247" lon="-119.57603"><ele>2607.3992568892427</ele></trkpt><trkpt lat="38.24712" lon="-119.57592"><ele>2605.264496423854</ele></trkpt><trkpt lat="38.2473" lon="-119.57583"><ele>2607.6781122420643</ele></trkpt><trkpt lat="38.24752" lon="-119.57576"><ele>2610.705743761733</ele></trkpt><trkpt lat="38.24786" lon="-119.57571999999999"><ele>2615.9943540131544</ele></trkpt><trkpt lat="38.24802" lon="-119.57582000000002"><ele>2619.0</ele></trkpt><trkpt lat="38.24861" lon="-119.57628"><ele>2626.0</ele></trkpt><trkpt lat="38.2487" lon="-119.57641000000001"><ele>2627.0</ele></trkpt><trkpt lat="38.2488" lon="-119.57668000000001"><ele>2629.0</ele></trkpt><trkpt lat="38.24899" lon="-119.57681000000002"><ele>2630.0</ele></trkpt><trkpt lat="38.2492" lon="-119.57686000000001"><ele>2632.0</ele></trkpt><trkpt lat="38.24922" lon="-119.57713999999999"><ele>2635.0</ele></trkpt><trkpt lat="38.24926" lon="-119.57717000000002"><ele>2636.0336446119627</ele></trkpt><trkpt lat="38.24938" lon="-119.57717000000002"><ele>2635.4838234412946</ele></trkpt><trkpt lat="38.24959" lon="-119.57726000000002"><ele>2636.0</ele></trkpt><trkpt lat="38.24966" lon="-119.57736"><ele>2638.0</ele></trkpt><trkpt lat="38.24974" lon="-119.57765"><ele>2641.896728889551</ele></trkpt><trkpt lat="38.24994" lon="-119.57787000000002"><ele>2644.0</ele></trkpt><trkpt lat="38.25041" lon="-119.57851"><ele>2652.9806466727873</ele></trkpt><trkpt lat="38.25048" lon="-119.57895000000002"><ele>2658.0</ele></trkpt><trkpt lat="38.25046" lon="-119.57907"><ele>2659.060811395413</ele></trkpt><trkpt lat="38.25037" lon="-119.57916999999998"><ele>2661.0</ele></trkpt><trkpt lat="38.25002" lon="-119.57938000000001"><ele>2667.4909743376206</ele></trkpt><trkpt lat="38.24997" lon="-119.57956000000001"><ele>2665.9054335113615</ele></trkpt><trkpt lat="38.24988" lon="-119.57972000000001"><ele>2664.090089532242</ele></trkpt><trkpt lat="38.2499" lon="-119.57981000000001"><ele>2665.0</ele></trkpt><trkpt lat="38.25012" lon="-119.58014000000003"><ele>2667.003917802125</ele></trkpt><trkpt lat="38.2502" lon="-119.58035000000001"><ele>2667.7961508977432</ele></trkpt><trkpt lat="38.25032" lon="-119.58100000000002"><ele>2673.150806425085</ele></trkpt><trkpt lat="38.25037" lon="-119.58113000000003"><ele>2675.0</ele></trkpt><trkpt lat="38.25053" lon="-119.58121"><ele>2676.0</ele></trkpt><trkpt lat="38.25057" lon="-119.58134999999999"><ele>2679.0</ele></trkpt><trkpt lat="38.25073" lon="-119.58145999999999"><ele>2682.4555982225575</ele></trkpt><trkpt lat="38.25089" lon="-119.58173"><ele>2686.3357848787964</ele></trkpt><trkpt lat="38.25116" lon="-119.58194000000003"><ele>2688.875248181813</ele></trkpt><trkpt lat="38.25152" lon="-119.58236999999997"><ele>2691.0</ele></trkpt><trkpt lat="38.25187" lon="-119.58247"><ele>2690.5250097778626</ele></trkpt><trkpt lat="38.25194" lon="-119.58260000000001"><ele>2691.5819300309095</ele></trkpt><trkpt lat="38.2521" lon="-119.58274"><ele>2692.0</ele></trkpt><trkpt lat="38.25213" lon="-119.58281"><ele>2693.0</ele></trkpt><trkpt lat="38.25198" lon="-119.58335"><ele>2700.0</ele></trkpt><trkpt lat="38.25198" lon="-119.58374000000003"><ele>2702.62359668687</ele></trkpt><trkpt lat="38.25195" lon="-119.58395000000002"><ele>2704.0</ele></trkpt><trkpt lat="38.252" lon="-119.58406000000002"><ele>2705.0</ele></trkpt><trkpt lat="38.25216" lon="-119.58431000000002"><ele>2707.957586310108</ele></trkpt><trkpt lat="38.25215" lon="-119.58485999999999"><ele>2712.0</ele></trkpt><trkpt lat="38.25211" lon="-119.58526999999998"><ele>2717.0</ele></trkpt><trkpt lat="38.25213" lon="-119.58539999999999"><ele>2719.0</ele></trkpt><trkpt lat="38.25253" lon="-119.58618999999999"><ele>2727.9837132394314</ele></trkpt><trkpt lat="38.25262" lon="-119.58652000000001"><ele>2730.7386428048553</ele></trkpt><trkpt lat="38.25287" lon="-119.58702"><ele>2736.0</ele></trkpt><trkpt lat="38.25299" lon="-119.58710000000002"><ele>2735.7788723603035</ele></trkpt><trkpt lat="38.25317" lon="-119.58733000000001"><ele>2736.0198301225782</ele></trkpt><trkpt lat="38.25335" lon="-119.58776"><ele>2739.358823925083</ele></trkpt><trkpt lat="38.25337" lon="-119.58792"><ele>2740.0</ele></trkpt><trkpt lat="38.25333" lon="-119.58803"><ele>2740.507078157738</ele></trkpt><trkpt lat="38.25333" lon="-119.58847000000003"><ele>2741.0</ele></trkpt><trkpt lat="38.25325" lon="-119.58857"><ele>2744.0</ele></trkpt><trkpt lat="38.25326" lon="-119.58874000000003"><ele>2743.7533659180426</ele></trkpt><trkpt lat="38.25331" lon="-119.58889999999997"><ele>2743.7505273706993</ele></trkpt><trkpt lat="38.25327" lon="-119.58943"><ele>2746.0</ele></trkpt><trkpt lat="38.25308" lon="-119.59033"><ele>2752.0</ele></trkpt><trkpt lat="38.25298" lon="-119.59064999999998"><ele>2754.2781703174114</ele></trkpt><trkpt lat="38.25288" lon="-119.59118000000001"><ele>2757.0</ele></trkpt><trkpt lat="38.25286" lon="-119.59212000000002"><ele>2754.3996645994484</ele></trkpt><trkpt lat="38.25294" lon="-119.59226000000001"><ele>2753.0</ele></trkpt><trkpt lat="38.25298" lon="-119.59266000000002"><ele>2751.0</ele></trkpt><trkpt lat="38.25294" lon="-119.59298999999999"><ele>2750.7241971066687</ele></trkpt><trkpt lat="38.2529" lon="-119.59314999999998"><ele>2751.0193995089603</ele></trkpt><trkpt lat="38.25274" lon="-119.59343000000001"><ele>2752.0</ele></trkpt><trkpt lat="38.25273" lon="-119.59377"><ele>2754.0</ele></trkpt><trkpt lat="38.25277" lon="-119.59399000000002"><ele>2754.0</ele></trkpt><trkpt lat="38.25272" lon="-119.59442000000001"><ele>2755.0</ele></trkpt><trkpt lat="38.25274" lon="-119.59456999999998"><ele>2755.0</ele></trkpt><trkpt lat="38.25282" lon="-119.59478000000001"><ele>2752.0</ele></trkpt><trkpt lat="38.25295" lon="-119.59492"><ele>2754.0</ele></trkpt><trkpt lat="38.25293" lon="-119.59510999999998"><ele>2754.0</ele></trkpt><trkpt lat="38.25307" lon="-119.59559000000002"><ele>2756.0</ele></trkpt><trkpt lat="38.25323" lon="-119.59605999999997"><ele>2760.0</ele></trkpt><trkpt lat="38.25331" lon="-119.59658999999999"><ele>2761.0</ele></trkpt><trkpt lat="38.25334" lon="-119.59717"><ele>2763.9649857480686</ele></trkpt><trkpt lat="38.25334" lon="-119.59717"><ele>2763.9649857480686</ele></trkpt><trkpt lat="38.25325" lon="-119.59744"><ele>2765.0</ele></trkpt><trkpt lat="38.25325" lon="-119.59767999999997"><ele>2764.0</ele></trkpt><trkpt lat="38.25318" lon="-119.59785"><ele>2762.0</ele></trkpt><trkpt lat="38.25318" lon="-119.59789999999998"><ele>2762.0</ele></trkpt><trkpt lat="38.25325" lon="-119.59797000000003"><ele>2761.0</ele></trkpt><trkpt lat="38.2534" lon="-119.59824000000003"><ele>2759.0</ele></trkpt><trkpt lat="38.25341" lon="-119.59832"><ele>2761.0</ele></trkpt><trkpt lat="38.25336" lon="-119.59843000000001"><ele>2761.8127634045977</ele></trkpt><trkpt lat="38.25365" lon="-119.59896000000003"><ele>2766.0</ele></trkpt><trkpt lat="38.25365" lon="-119.59933999999998"><ele>2768.0</ele></trkpt><trkpt lat="38.25349" lon="-119.60025999999999"><ele>2773.0</ele></trkpt><trkpt lat="38.25347" lon="-119.60054000000002"><ele>2774.0</ele></trkpt><trkpt lat="38.25352" lon="-119.60181999999998"><ele>2779.768699478358</ele></trkpt><trkpt lat="38.25363" lon="-119.60239000000001"><ele>2784.0</ele></trkpt><trkpt lat="38.25362" lon="-119.60261000000003"><ele>2786.7380527271603</ele></trkpt><trkpt lat="38.25345" lon="-119.60314"><ele>2791.9293804378567</ele></trkpt><trkpt lat="38.25336" lon="-119.60351000000003"><ele>2795.0</ele></trkpt><trkpt lat="38.25322" lon="-119.60383000000002"><ele>2798.0</ele></trkpt><trkpt lat="38.25314" lon="-119.60426999999999"><ele>2800.5918698475816</ele></trkpt><trkpt lat="38.25298" lon="-119.60435999999999"><ele>2801.763925120328</ele></trkpt><trkpt lat="38.2529" lon="-119.60446999999999"><ele>2803.0</ele></trkpt><trkpt lat="38.25276" lon="-119.60477000000003"><ele>2805.5195198516594</ele></trkpt><trkpt lat="38.25261450620369" lon="-119.60498824069447"><ele>2806.0</ele></trkpt><trkpt lat="38.25257816943329" lon="-119.60505084436716"><ele>2806.983568972857</ele></trkpt><trkpt lat="38.25229" lon="-119.60559"><ele>2811.0</ele></trkpt><trkpt lat="38.25193" lon="-119.60582999999997"><ele>2812.073612702231</ele></trkpt><trkpt lat="38.25149" lon="-119.60626000000002"><ele>2816.0</ele></trkpt><trkpt lat="38.2513" lon="-119.60656"><ele>2817.0</ele></trkpt><trkpt lat="38.25118" lon="-119.60663999999997"><ele>2813.90065016225</ele></trkpt><trkpt lat="38.25094" lon="-119.60654999999997"><ele>2819.0</ele></trkpt><trkpt lat="38.25084" lon="-119.60658999999998"><ele>2820.7094560649894</ele></trkpt><trkpt lat="38.25073" lon="-119.60685999999998"><ele>2824.0</ele></trkpt><trkpt lat="38.25067" lon="-119.60694999999998"><ele>2825.1370807339463</ele></trkpt><trkpt lat="38.25045" lon="-119.60687999999999"><ele>2829.047712598869</ele></trkpt><trkpt lat="38.2503" lon="-119.60694000000001"><ele>2831.0</ele></trkpt><trkpt lat="38.24992" lon="-119.60725000000002"><ele>2836.0</ele></trkpt><trkpt lat="38.24934" lon="-119.60798"><ele>2848.0</ele></trkpt><trkpt lat="38.24887" lon="-119.60836999999998"><ele>2857.552494221367</ele></trkpt><trkpt lat="38.24842" lon="-119.60852999999997"><ele>2863.009034665767</ele></trkpt><trkpt lat="38.24818" lon="-119.60881999999998"><ele>2869.5240142210387</ele></trkpt><trkpt lat="38.24807" lon="-119.60885999999999"><ele>2869.3881493331864</ele></trkpt><trkpt lat="38.24802" lon="-119.60892000000001"><ele>2870.491471250084</ele></trkpt><trkpt lat="38.2479" lon="-119.60906999999997"><ele>2872.0</ele></trkpt><trkpt lat="38.24766" lon="-119.60951"><ele>2879.6846744480254</ele></trkpt><trkpt lat="38.24742" lon="-119.60980999999998"><ele>2884.6613582218997</ele></trkpt><trkpt lat="38.24736" lon="-119.60995000000003"><ele>2886.185831112787</ele></trkpt><trkpt lat="38.24731" lon="-119.61018000000001"><ele>2889.0</ele></trkpt><trkpt lat="38.24719" lon="-119.61048"><ele>2891.0</ele></trkpt><trkpt lat="38.24719" lon="-119.61059"><ele>2893.0</ele></trkpt><trkpt lat="38.24707" lon="-119.61127999999997"><ele>2902.0</ele></trkpt><trkpt lat="38.24707" lon="-119.61153999999999"><ele>2905.286779341238</ele></trkpt><trkpt lat="38.24689" lon="-119.61196999999999"><ele>2912.0</ele></trkpt><trkpt lat="38.24682" lon="-119.61208999999997"><ele>2913.0</ele></trkpt><trkpt lat="38.24647" lon="-119.61241000000001"><ele>2919.3301871123913</ele></trkpt><trkpt lat="38.24637" lon="-119.61256000000003"><ele>2922.0</ele></trkpt><trkpt lat="38.24596" lon="-119.61295000000001"><ele>2929.0</ele></trkpt><trkpt lat="38.24587" lon="-119.61306000000002"><ele>2932.0</ele></trkpt><trkpt lat="38.24581" lon="-119.61318"><ele>2934.166665939887</ele></trkpt><trkpt lat="38.2458" lon="-119.61356"><ele>2941.271284260316</ele></trkpt><trkpt lat="38.24557" lon="-119.61399"><ele>2947.0</ele></trkpt><trkpt lat="38.24554" lon="-119.61418000000003"><ele>2950.0</ele></trkpt><trkpt lat="38.24559" lon="-119.61426"><ele>2951.046389333904</ele></trkpt><trkpt lat="38.245721049682864" lon="-119.61430095302592"><ele>2953.0</ele></trkpt><trkpt lat="38.245721049682864" lon="-119.61430095302592"><ele>2953.0</ele></trkpt><trkpt lat="38.24575" lon="-119.61430999999999"><ele>2953.3765582218766</ele></trkpt><trkpt lat="38.2461" lon="-119.61419000000001"><ele>2957.0</ele></trkpt><trkpt lat="38.24643" lon="-119.61412000000001"><ele>2961.0</ele></trkpt><trkpt lat="38.2469" lon="-119.61433"><ele>2967.0</ele></trkpt><trkpt lat="38.24731" lon="-119.61439000000001"><ele>2971.104828445241</ele></trkpt><trkpt lat="38.24763" lon="-119.61430999999999"><ele>2975.0</ele></trkpt><trkpt lat="38.24875" lon="-119.61421999999999"><ele>2987.309149529065</ele></trkpt><trkpt lat="38.24895" lon="-119.61423000000002"><ele>2989.6482880008407</ele></trkpt><trkpt lat="38.24945" lon="-119.61439999999999"><ele>2997.1417244439945</ele></trkpt><trkpt lat="38.24956" lon="-119.61441000000002"><ele>2997.0</ele></trkpt><trkpt lat="38.24964" lon="-119.61446999999998"><ele>2997.9146639152036</ele></trkpt><trkpt lat="38.24994" lon="-119.61509000000001"><ele>3005.7271928894334</ele></trkpt><trkpt lat="38.25004" lon="-119.61556000000002"><ele>3010.6307804458775</ele></trkpt><trkpt lat="38.25021" lon="-119.61581000000001"><ele>3013.186717178408</ele></trkpt><trkpt lat="38.25061" lon="-119.61649999999997"><ele>3022.0</ele></trkpt><trkpt lat="38.25125" lon="-119.61734000000001"><ele>3035.0</ele></trkpt><trkpt lat="38.25166" lon="-119.61752000000001"><ele>3040.0</ele></trkpt><trkpt lat="38.25166" lon="-119.61752000000001"><ele>3040.0</ele></trkpt><trkpt lat="38.25169" lon="-119.61757999999998"><ele>3041.0</ele></trkpt><trkpt lat="38.25161" lon="-119.61761999999999"><ele>3042.368327315671</ele></trkpt><trkpt lat="38.2514" lon="-119.61757999999998"><ele>3044.0</ele></trkpt><trkpt lat="38.25106" lon="-119.61759"><ele>3049.2356373341754</ele></trkpt><trkpt lat="38.25092" lon="-119.61752999999999"><ele>3050.2323981380473</ele></trkpt><trkpt lat="38.25057" lon="-119.61732"><ele>3053.0</ele></trkpt><trkpt lat="38.24997" lon="-119.61691000000002"><ele>3059.0</ele></trkpt><trkpt lat="38.24982" lon="-119.61674"><ele>3060.429697067477</ele></trkpt><trkpt lat="38.24925" lon="-119.61628000000002"><ele>3066.6324531715363</ele></trkpt><trkpt lat="38.24916" lon="-119.61626999999999"><ele>3068.0</ele></trkpt><trkpt lat="38.24917" lon="-119.61635000000001"><ele>3069.1699740553195</ele></trkpt><trkpt lat="38.24937" lon="-119.61651"><ele>3070.4153019562364</ele></trkpt><trkpt lat="38.24959" lon="-119.61683"><ele>3073.900460177987</ele></trkpt><trkpt lat="38.24978" lon="-119.61719"><ele>3078.0</ele></trkpt><trkpt lat="38.25" lon="-119.61752999999999"><ele>3082.0</ele></trkpt><trkpt lat="38.25039" lon="-119.61802"><ele>3087.275089778006</ele></trkpt><trkpt lat="38.25067" lon="-119.61847"><ele>3093.0</ele></trkpt><trkpt lat="38.25101" lon="-119.61882000000003"><ele>3098.1047979924483</ele></trkpt><trkpt lat="38.25152" lon="-119.61914000000002"><ele>3103.9462768748217</ele></trkpt><trkpt lat="38.25152" lon="-119.61914000000002"><ele>3103.9462768748217</ele></trkpt><trkpt lat="38.2518" lon="-119.61923000000002"><ele>3107.665176889859</ele></trkpt><trkpt lat="38.25234" lon="-119.61928999999998"><ele>3112.4613795545883</ele></trkpt><trkpt lat="38.25277" lon="-119.61923000000002"><ele>3115.9243992986158</ele></trkpt><trkpt lat="38.25282" lon="-119.61914000000002"><ele>3115.1066558113266</ele></trkpt><trkpt lat="38.25282" lon="-119.61914000000002"><ele>3115.1066558113266</ele></trkpt><trkpt lat="38.25298" lon="-119.61903000000001"><ele>3116.0</ele></trkpt><trkpt lat="38.25308" lon="-119.61899"><ele>3117.0</ele></trkpt><trkpt lat="38.253165183438085" lon="-119.61893067581991"><ele>3117.0</ele></trkpt><trkpt lat="38.25319462359596" lon="-119.61891017309745"><ele>3117.458864936605</ele></trkpt><trkpt lat="38.25364" lon="-119.61860000000001"><ele>3123.0</ele></trkpt><trkpt lat="38.25378" lon="-119.61849000000001"><ele>3125.0355136844278</ele></trkpt><trkpt lat="38.25389" lon="-119.61833999999999"><ele>3125.7782710426327</ele></trkpt><trkpt lat="38.2544" lon="-119.61802"><ele>3132.273367241984</ele></trkpt><trkpt lat="38.25478" lon="-119.61791"><ele>3138.1487182220444</ele></trkpt><trkpt lat="38.25544" lon="-119.61741999999998"><ele>3146.223857047232</ele></trkpt><trkpt lat="38.25544" lon="-119.61741999999998"><ele>3146.223857047232</ele></trkpt><trkpt lat="38.25555" lon="-119.61732999999998"><ele>3148.3331842367656</ele></trkpt><trkpt lat="38.25593" lon="-119.61685999999997"><ele>3153.1711895267363</ele></trkpt><trkpt lat="38.25616" lon="-119.61664999999999"><ele>3157.8741754535586</ele></trkpt><trkpt lat="38.25629" lon="-119.61644000000001"><ele>3160.0</ele></trkpt><trkpt lat="38.25635" lon="-119.6164"><ele>3160.0</ele></trkpt><trkpt lat="38.2564" lon="-119.61648000000002"><ele>3161.8465092355773</ele></trkpt><trkpt lat="38.25606" lon="-119.61721999999997"><ele>3169.0</ele></trkpt><trkpt lat="38.25609" lon="-119.61730999999997"><ele>3171.0</ele></trkpt><trkpt lat="38.25614" lon="-119.61729000000003"><ele>3172.065882626428</ele></trkpt><trkpt lat="38.25703" lon="-119.61637000000002"><ele>3188.030041755268</ele></trkpt><trkpt lat="38.25748" lon="-119.61597999999998"><ele>3195.0</ele></trkpt><trkpt lat="38.25789" lon="-119.61574000000002"><ele>3201.1367896836787</ele></trkpt><trkpt lat="38.25803" lon="-119.61559"><ele>3201.445208657794</ele></trkpt><trkpt lat="38.25818" lon="-119.61535000000003"><ele>3200.8957166032064</ele></trkpt><trkpt lat="38.2583" lon="-119.61511999999999"><ele>3201.0567867874197</ele></trkpt><trkpt lat="38.258358531090686" lon="-119.61488137898579"><ele>3199.0</ele></trkpt><trkpt lat="38.258358531090686" lon="-119.61488137898579"><ele>3199.0</ele></trkpt><trkpt lat="38.25843" lon="-119.61459000000002"><ele>3198.0</ele></trkpt><trkpt lat="38.25853" lon="-119.61436000000003"><ele>3199.0</ele></trkpt><trkpt lat="38.25871" lon="-119.61415"><ele>3202.0</ele></trkpt><trkpt lat="38.25871" lon="-119.61415"><ele>3202.0</ele></trkpt><trkpt lat="38.25911" lon="-119.61365"><ele>3216.0</ele></trkpt><trkpt lat="38.25958" lon="-119.61331000000001"><ele>3231.0</ele></trkpt><trkpt lat="38.25998" lon="-119.61307999999997"><ele>3242.0</ele></trkpt><trkpt lat="38.2599799982587" lon="-119.61308000111586"><ele>3242.0</ele></trkpt><trkpt lat="38.25998" lon="-119.61307999999997"><ele>3242.0</ele></trkpt><trkpt lat="38.26001" lon="-119.61301000000003"><ele>3243.0</ele></trkpt><trkpt lat="38.26034" lon="-119.61270999999999"><ele>3247.0</ele></trkpt><trkpt lat="38.26076" lon="-119.61241000000001"><ele>3251.0</ele></trkpt><trkpt lat="38.26117521074643" lon="-119.61194552696162"><ele>3251.2664319913943</ele></trkpt><trkpt lat="38.26119078631623" lon="-119.61192810397085"><ele>3251.3721577487886</ele></trkpt><trkpt lat="38.26135" lon="-119.61175000000003"><ele>3250.546986339148</ele></trkpt><trkpt lat="38.26156" lon="-119.61142000000001"><ele>3247.6927964454517</ele></trkpt><trkpt lat="38.26176" lon="-119.61126999999999"><ele>3245.0</ele></trkpt><trkpt lat="38.26187" lon="-119.61124999999998"><ele>3244.0</ele></trkpt><trkpt lat="38.26216" lon="-119.61104"><ele>3242.0</ele></trkpt><trkpt lat="38.26223" lon="-119.61106000000001"><ele>3242.0</ele></trkpt><trkpt lat="38.26227" lon="-119.61111"><ele>3241.694002202942</ele></trkpt><trkpt lat="38.26231" lon="-119.61154999999997"><ele>3236.135821372064</ele></trkpt><trkpt lat="38.2624" lon="-119.61176999999998"><ele>3233.0</ele></trkpt><trkpt lat="38.26253" lon="-119.61221"><ele>3227.739257834</ele></trkpt><trkpt lat="38.26261" lon="-119.61234000000002"><ele>3225.739910410717</ele></trkpt><trkpt lat="38.26268" lon="-119.6123"><ele>3224.0</ele></trkpt><trkpt lat="38.26278" lon="-119.61149"><ele>3215.649769483134</ele></trkpt><trkpt lat="38.26285" lon="-119.61142000000001"><ele>3214.0</ele></trkpt><trkpt lat="38.26292" lon="-119.61144999999999"><ele>3212.9091022224165</ele></trkpt><trkpt lat="38.26318" lon="-119.61189999999999"><ele>3203.0</ele></trkpt><trkpt lat="38.26336" lon="-119.61214000000001"><ele>3197.224405085668</ele></trkpt><trkpt lat="38.26372" lon="-119.61277000000001"><ele>3186.94377316178</ele></trkpt><trkpt lat="38.26381" lon="-119.61301000000003"><ele>3184.207832887303</ele></trkpt><trkpt lat="38.26389" lon="-119.61311999999998"><ele>3182.785525060724</ele></trkpt><trkpt lat="38.26402" lon="-119.61327"><ele>3180.0503802262247</ele></trkpt><trkpt lat="38.26435" lon="-119.61351000000002"><ele>3175.513613005415</ele></trkpt><trkpt lat="38.26435" lon="-119.61351000000002"><ele>3175.513613005415</ele></trkpt><trkpt lat="38.26463" lon="-119.61354"><ele>3171.415097867894</ele></trkpt><trkpt lat="38.26463" lon="-119.61354"><ele>3171.415097867894</ele></trkpt><trkpt lat="38.26463" lon="-119.61354"><ele>3171.415097867894</ele></trkpt><trkpt lat="38.26474" lon="-119.61347"><ele>3168.0</ele></trkpt><trkpt lat="38.26491" lon="-119.61325"><ele>3160.2190752161428</ele></trkpt><trkpt lat="38.26501" lon="-119.61316"><ele>3156.84541055171</ele></trkpt><trkpt lat="38.26545" lon="-119.61311999999998"><ele>3144.9325585969514</ele></trkpt><trkpt lat="38.26595" lon="-119.61311999999998"><ele>3132.4537512974493</ele></trkpt><trkpt lat="38.26663" lon="-119.61304000000001"><ele>3110.025007249352</ele></trkpt><trkpt lat="38.26699" lon="-119.61293"><ele>3098.0</ele></trkpt><trkpt lat="38.26709" lon="-119.61284999999998"><ele>3094.885150865241</ele></trkpt><trkpt lat="38.267089462520445" lon="-119.61284508957993"><ele>3094.8740878763097</ele></trkpt><trkpt lat="38.26718" lon="-119.61283000000003"><ele>3093.0</ele></trkpt><trkpt lat="38.26747" lon="-119.61259000000001"><ele>3085.2712753061205</ele></trkpt><trkpt lat="38.26777" lon="-119.61252000000002"><ele>3080.4437612684196</ele></trkpt><trkpt lat="38.26834" lon="-119.61244999999997"><ele>3072.0</ele></trkpt><trkpt lat="38.26834" lon="-119.61244999999997"><ele>3072.0</ele></trkpt><trkpt lat="38.26834" lon="-119.61244999999997"><ele>3072.0</ele></trkpt><trkpt lat="38.26854" lon="-119.61246"><ele>3071.0</ele></trkpt><trkpt lat="38.26857" lon="-119.61252999999999"><ele>3071.0</ele></trkpt><trkpt lat="38.26861" lon="-119.6128"><ele>3069.9978332531437</ele></trkpt><trkpt lat="38.26865" lon="-119.61289"><ele>3068.0</ele></trkpt><trkpt lat="38.26877" lon="-119.61295999999999"><ele>3065.056819039226</ele></trkpt><trkpt lat="38.2689" lon="-119.61295000000001"><ele>3063.0</ele></trkpt><trkpt lat="38.26955" lon="-119.61277000000001"><ele>3049.3162939578892</ele></trkpt><trkpt lat="38.27085" lon="-119.61270999999999"><ele>3022.706099399876</ele></trkpt><trkpt lat="38.27114" lon="-119.61262999999997"><ele>3017.38804620517</ele></trkpt><trkpt lat="38.27124" lon="-119.61255"><ele>3015.0</ele></trkpt><trkpt lat="38.27163" lon="-119.61248"><ele>3005.8463114988194</ele></trkpt><trkpt lat="38.271744352972824" lon="-119.61244188234241"><ele>3004.374965960611</ele></trkpt><trkpt lat="38.27181989125936" lon="-119.61241670294845"><ele>3002.054985859245</ele></trkpt><trkpt lat="38.2719" lon="-119.61239"><ele>3000.308769211173</ele></trkpt><trkpt lat="38.27227" lon="-119.61237"><ele>2992.0</ele></trkpt><trkpt lat="38.27269" lon="-119.61241000000001"><ele>2985.0</ele></trkpt><trkpt lat="38.27269" lon="-119.61241000000001"><ele>2985.0</ele></trkpt><trkpt lat="38.27311" lon="-119.61235999999997"><ele>2975.500028445851</ele></trkpt><trkpt lat="38.27349" lon="-119.61235999999997"><ele>2969.0</ele></trkpt><trkpt lat="38.27349" lon="-119.61235999999997"><ele>2969.0</ele></trkpt><trkpt lat="38.27379" lon="-119.61237"><ele>2965.0</ele></trkpt><trkpt lat="38.27406" lon="-119.61248999999998"><ele>2961.0</ele></trkpt><trkpt lat="38.27443" lon="-119.61274000000003"><ele>2953.096536352602</ele></trkpt><trkpt lat="38.27465" lon="-119.61282"><ele>2949.0</ele></trkpt><trkpt lat="38.274750181143936" lon="-119.61289963116565"><ele>2947.0</ele></trkpt><trkpt lat="38.274750181143936" lon="-119.61289963116565"><ele>2947.0</ele></trkpt><trkpt lat="38.27504" lon="-119.61313000000001"><ele>2943.0</ele></trkpt><trkpt lat="38.27516" lon="-119.61327"><ele>2939.806020302887</ele></trkpt><trkpt lat="38.27528" lon="-119.61336"><ele>2937.9651641277264</ele></trkpt><trkpt lat="38.27528" lon="-119.61336"><ele>2937.9651641277264</ele></trkpt><trkpt lat="38.27528" lon="-119.61336"><ele>2937.9651641277264</ele></trkpt><trkpt lat="38.27543" lon="-119.61340000000001"><ele>2936.0</ele></trkpt><trkpt lat="38.27553" lon="-119.61355000000003"><ele>2935.0</ele></trkpt><trkpt lat="38.27559" lon="-119.61376000000001"><ele>2934.0</ele></trkpt><trkpt lat="38.2757" lon="-119.61388999999997"><ele>2932.0</ele></trkpt><trkpt lat="38.27582" lon="-119.61396000000002"><ele>2932.0</ele></trkpt><trkpt lat="38.27588" lon="-119.61405000000002"><ele>2932.0</ele></trkpt><trkpt lat="38.27589" lon="-119.61417"><ele>2933.9333341483634</ele></trkpt><trkpt lat="38.27585" lon="-119.61432000000002"><ele>2935.1747136712074</ele></trkpt><trkpt lat="38.27585" lon="-119.61441000000002"><ele>2936.0</ele></trkpt><trkpt lat="38.27596" lon="-119.61455999999998"><ele>2933.28709517275</ele></trkpt><trkpt lat="38.27596" lon="-119.61455999999998"><ele>2933.28709517275</ele></trkpt><trkpt lat="38.27602" lon="-119.61460999999997"><ele>2932.1713319182477</ele></trkpt><trkpt lat="38.27603" lon="-119.61466999999999"><ele>2932.0</ele></trkpt><trkpt lat="38.2759614474893" lon="-119.61486994527627"><ele>2930.6268475538263</ele></trkpt><trkpt lat="38.2759614474893" lon="-119.61486994527627"><ele>2930.6268475538263</ele></trkpt><trkpt lat="38.27591" lon="-119.61502000000002"><ele>2931.0</ele></trkpt><trkpt lat="38.27587" lon="-119.61520000000002"><ele>2930.0</ele></trkpt><trkpt lat="38.27581" lon="-119.61571000000004"><ele>2929.0</ele></trkpt><trkpt lat="38.27573" lon="-119.61612000000002"><ele>2927.0</ele></trkpt><trkpt lat="38.2757" lon="-119.61674"><ele>2923.0</ele></trkpt><trkpt lat="38.27572070676354" lon="-119.61682972930868"><ele>2923.0</ele></trkpt><trkpt lat="38.27572070676354" lon="-119.61682972930868"><ele>2923.0</ele></trkpt><trkpt lat="38.27573" lon="-119.61687"><ele>2923.0</ele></trkpt><trkpt lat="38.27594" lon="-119.61712"><ele>2922.0</ele></trkpt><trkpt lat="38.27615976070196" lon="-119.61747024361875"><ele>2921.0</ele></trkpt><trkpt lat="38.27615976070196" lon="-119.61747024361875"><ele>2921.0</ele></trkpt><trkpt lat="38.27626" lon="-119.61763000000002"><ele>2921.0</ele></trkpt><trkpt lat="38.27653" lon="-119.61784"><ele>2921.0</ele></trkpt><trkpt lat="38.27661" lon="-119.61783000000003"><ele>2921.0</ele></trkpt><trkpt lat="38.27661" lon="-119.61783000000003"><ele>2921.0</ele></trkpt><trkpt lat="38.27661" lon="-119.61783000000003"><ele>2921.0</ele></trkpt><trkpt lat="38.2768" lon="-119.61773"><ele>2921.0</ele></trkpt><trkpt lat="38.27695" lon="-119.61768999999998"><ele>2922.4266473091975</ele></trkpt><trkpt lat="38.27709" lon="-119.61768999999998"><ele>2924.705445149581</ele></trkpt><trkpt lat="38.27735" lon="-119.61777000000001"><ele>2925.624245333951</ele></trkpt><trkpt lat="38.27763" lon="-119.61775999999998"><ele>2925.0</ele></trkpt><trkpt lat="38.27783" lon="-119.61770999999999"><ele>2923.0</ele></trkpt><trkpt lat="38.27811016140362" lon="-119.61753040935662"><ele>2920.0</ele></trkpt><trkpt lat="38.27811016140362" lon="-119.61753040935662"><ele>2920.0</ele></trkpt><trkpt lat="38.27822" lon="-119.61746"><ele>2919.0</ele></trkpt><trkpt lat="38.27875" lon="-119.61727000000002"><ele>2916.0</ele></trkpt><trkpt lat="38.27886" lon="-119.61716000000001"><ele>2915.0</ele></trkpt><trkpt lat="38.27917" lon="-119.61675000000002"><ele>2914.0</ele></trkpt><trkpt lat="38.27956" lon="-119.61639000000002"><ele>2910.0</ele></trkpt><trkpt lat="38.27964" lon="-119.61622999999997"><ele>2908.0</ele></trkpt><trkpt lat="38.27973" lon="-119.6157"><ele>2905.0</ele></trkpt><trkpt lat="38.27995" lon="-119.61484999999999"><ele>2894.736355227229</ele></trkpt><trkpt lat="38.2802" lon="-119.61441000000002"><ele>2888.0</ele></trkpt><trkpt lat="38.2809" lon="-119.61302"><ele>2865.0</ele></trkpt><trkpt lat="38.28119" lon="-119.61273"><ele>2859.0</ele></trkpt><trkpt lat="38.28157" lon="-119.61225999999999"><ele>2851.367627065218</ele></trkpt><trkpt lat="38.28188" lon="-119.61214000000001"><ele>2846.8423558175564</ele></trkpt><trkpt lat="38.2823950120797" lon="-119.61205572529605"><ele>2842.0</ele></trkpt><trkpt lat="38.282427177873245" lon="-119.6120504618043"><ele>2842.0</ele></trkpt><trkpt lat="38.28243" lon="-119.61205000000001"><ele>2842.0</ele></trkpt><trkpt lat="38.28285" lon="-119.61178000000001"><ele>2839.0</ele></trkpt><trkpt lat="38.28316" lon="-119.61169999999998"><ele>2835.2192058392534</ele></trkpt><trkpt lat="38.28405" lon="-119.61133000000001"><ele>2820.5058538555318</ele></trkpt><trkpt lat="38.28447" lon="-119.61138"><ele>2817.0727314203978</ele></trkpt><trkpt lat="38.28477" lon="-119.61135999999999"><ele>2814.0</ele></trkpt><trkpt lat="38.28502" lon="-119.61127999999997"><ele>2814.0</ele></trkpt><trkpt lat="38.28526" lon="-119.61095"><ele>2815.0</ele></trkpt><trkpt lat="38.28543" lon="-119.61083000000002"><ele>2815.0</ele></trkpt><trkpt lat="38.2858" lon="-119.61063999999999"><ele>2815.0</ele></trkpt><trkpt lat="38.28602" lon="-119.61041999999998"><ele>2815.0</ele></trkpt><trkpt lat="38.2861" lon="-119.61031000000003"><ele>2814.0</ele></trkpt><trkpt lat="38.28626" lon="-119.60978999999998"><ele>2811.0</ele></trkpt><trkpt lat="38.28635" lon="-119.60908999999998"><ele>2806.0</ele></trkpt><trkpt lat="38.2865" lon="-119.60888999999997"><ele>2804.0</ele></trkpt><trkpt lat="38.28708" lon="-119.60843"><ele>2796.0</ele></trkpt><trkpt lat="38.28778" lon="-119.60762"><ele>2786.0</ele></trkpt><trkpt lat="38.2881" lon="-119.60746"><ele>2781.469869385615</ele></trkpt><trkpt lat="38.28856" lon="-119.60692"><ele>2774.2361665964127</ele></trkpt><trkpt lat="38.28866" lon="-119.60685000000001"><ele>2772.0</ele></trkpt><trkpt lat="38.28887" lon="-119.60676999999998"><ele>2767.8299033027142</ele></trkpt><trkpt lat="38.28901" lon="-119.60665"><ele>2765.0</ele></trkpt><trkpt lat="38.28943" lon="-119.60622000000001"><ele>2756.72899111306</ele></trkpt><trkpt lat="38.2898" lon="-119.60572000000002"><ele>2747.0</ele></trkpt><trkpt lat="38.28994" lon="-119.60559"><ele>2744.996563025007</ele></trkpt><trkpt lat="38.28994" lon="-119.60559"><ele>2744.996563025007</ele></trkpt><trkpt lat="38.2901" lon="-119.60554000000002"><ele>2742.0</ele></trkpt><trkpt lat="38.29062" lon="-119.60550999999998"><ele>2733.0</ele></trkpt><trkpt lat="38.29074" lon="-119.60548"><ele>2730.8235652678068</ele></trkpt><trkpt lat="38.29084" lon="-119.60541"><ele>2728.94460703445</ele></trkpt><trkpt lat="38.29099" lon="-119.60518000000002"><ele>2725.041984593107</ele></trkpt><trkpt lat="38.29102" lon="-119.60494"><ele>2722.0</ele></trkpt><trkpt lat="38.29099" lon="-119.60462999999999"><ele>2719.0</ele></trkpt><trkpt lat="38.29072" lon="-119.60361999999998"><ele>2706.9873406575375</ele></trkpt><trkpt lat="38.29067" lon="-119.60329000000002"><ele>2703.0</ele></trkpt><trkpt lat="38.29067" lon="-119.60309999999998"><ele>2701.0</ele></trkpt><trkpt lat="38.29074" lon="-119.60246999999998"><ele>2695.0</ele></trkpt><trkpt lat="38.29085" lon="-119.60228999999998"><ele>2692.2654636502266</ele></trkpt><trkpt lat="38.29093" lon="-119.60223000000002"><ele>2691.0</ele></trkpt><trkpt lat="38.29111" lon="-119.60223000000002"><ele>2688.0</ele></trkpt><trkpt lat="38.29118" lon="-119.60228000000001"><ele>2687.0</ele></trkpt><trkpt lat="38.29125" lon="-119.60243000000003"><ele>2686.0</ele></trkpt><trkpt lat="38.29133" lon="-119.60252000000003"><ele>2684.0590704896044</ele></trkpt><trkpt lat="38.29143" lon="-119.60259000000002"><ele>2682.8588272022184</ele></trkpt><trkpt lat="38.29154" lon="-119.60262999999998"><ele>2682.0</ele></trkpt><trkpt lat="38.29166" lon="-119.60262999999998"><ele>2680.0</ele></trkpt><trkpt lat="38.29181" lon="-119.60255999999998"><ele>2678.0</ele></trkpt><trkpt lat="38.29199" lon="-119.60244"><ele>2675.0</ele></trkpt><trkpt lat="38.29216" lon="-119.60241000000002"><ele>2673.0</ele></trkpt><trkpt lat="38.2922" lon="-119.60243000000003"><ele>2672.0</ele></trkpt><trkpt lat="38.29239" lon="-119.60269"><ele>2669.0</ele></trkpt><trkpt lat="38.29246" lon="-119.60273000000001"><ele>2668.764302993147</ele></trkpt><trkpt lat="38.29303" lon="-119.60287"><ele>2659.0</ele></trkpt><trkpt lat="38.2934" lon="-119.60309000000001"><ele>2656.0</ele></trkpt><trkpt lat="38.29431" lon="-119.60415"><ele>2647.0</ele></trkpt><trkpt lat="38.2944" lon="-119.60420999999997"><ele>2645.1501108939583</ele></trkpt><trkpt lat="38.29456" lon="-119.60424999999998"><ele>2644.0</ele></trkpt><trkpt lat="38.29474" lon="-119.60422"><ele>2645.0</ele></trkpt><trkpt lat="38.29478" lon="-119.60419000000002"><ele>2646.0</ele></trkpt><trkpt lat="38.29491" lon="-119.60401999999999"><ele>2647.0</ele></trkpt><trkpt lat="38.29546" lon="-119.60316999999998"><ele>2641.0</ele></trkpt><trkpt lat="38.29569" lon="-119.60275999999999"><ele>2640.0</ele></trkpt><trkpt lat="38.29693" lon="-119.60158999999999"><ele>2639.0</ele></trkpt><trkpt lat="38.29722" lon="-119.60145999999997"><ele>2637.991076818704</ele></trkpt><trkpt lat="38.29773" lon="-119.60104999999999"><ele>2636.0</ele></trkpt><trkpt lat="38.29782" lon="-119.60095999999999"><ele>2635.0</ele></trkpt><trkpt lat="38.29812" lon="-119.60052000000002"><ele>2629.0</ele></trkpt><trkpt lat="38.29855" lon="-119.60014999999999"><ele>2625.472728888504</ele></trkpt><trkpt lat="38.29879" lon="-119.59987000000001"><ele>2624.0</ele></trkpt><trkpt lat="38.29893" lon="-119.59980000000002"><ele>2623.0</ele></trkpt><trkpt lat="38.29926" lon="-119.59983999999997"><ele>2626.0</ele></trkpt><trkpt lat="38.29933" lon="-119.59983"><ele>2625.280514484737</ele></trkpt><trkpt lat="38.29941" lon="-119.59977000000003"><ele>2622.992942518317</ele></trkpt><trkpt lat="38.29946" lon="-119.59969999999998"><ele>2622.0</ele></trkpt><trkpt lat="38.2995" lon="-119.59955000000002"><ele>2623.0</ele></trkpt><trkpt lat="38.29959" lon="-119.59944000000002"><ele>2622.0</ele></trkpt><trkpt lat="38.29978" lon="-119.59931"><ele>2621.9987229090134</ele></trkpt><trkpt lat="38.30019" lon="-119.59883000000002"><ele>2619.0</ele></trkpt><trkpt lat="38.30033" lon="-119.59875999999997"><ele>2618.0</ele></trkpt><trkpt lat="38.30035" lon="-119.59872999999999"><ele>2617.8950678850865</ele></trkpt><trkpt lat="38.30033" lon="-119.59851000000003"><ele>2618.0</ele></trkpt><trkpt lat="38.30048" lon="-119.59833000000003"><ele>2615.8518026950424</ele></trkpt><trkpt lat="38.30053" lon="-119.59812"><ele>2616.8678720002063</ele></trkpt><trkpt lat="38.30059" lon="-119.59805"><ele>2616.0</ele></trkpt><trkpt lat="38.30075" lon="-119.59796"><ele>2615.232609927987</ele></trkpt><trkpt lat="38.301" lon="-119.59788000000003"><ele>2614.0</ele></trkpt><trkpt lat="38.30106" lon="-119.5978"><ele>2614.000642407803</ele></trkpt><trkpt lat="38.30116" lon="-119.59762"><ele>2614.0472716186196</ele></trkpt><trkpt lat="38.30135" lon="-119.59744"><ele>2613.0</ele></trkpt><trkpt lat="38.30153" lon="-119.59717"><ele>2610.0</ele></trkpt><trkpt lat="38.30153" lon="-119.59717"><ele>2610.0</ele></trkpt><trkpt lat="38.30168" lon="-119.5969"><ele>2607.8351177095715</ele></trkpt><trkpt lat="38.30206" lon="-119.59671000000003"><ele>2607.0</ele></trkpt><trkpt lat="38.30218" lon="-119.59662000000003"><ele>2607.0</ele></trkpt><trkpt lat="38.3026" lon="-119.59620000000001"><ele>2604.0</ele></trkpt><trkpt lat="38.30262" lon="-119.59613999999999"><ele>2603.7331155439115</ele></trkpt><trkpt lat="38.30262" lon="-119.59577999999999"><ele>2601.0</ele></trkpt><trkpt lat="38.30268" lon="-119.59545000000003"><ele>2599.0</ele></trkpt><trkpt lat="38.30273" lon="-119.59498000000002"><ele>2596.1005439266864</ele></trkpt><trkpt lat="38.30277" lon="-119.59485999999998"><ele>2596.0</ele></trkpt><trkpt lat="38.30285" lon="-119.59471000000002"><ele>2596.299295975362</ele></trkpt><trkpt lat="38.30315" lon="-119.59451999999999"><ele>2598.0</ele></trkpt><trkpt lat="38.303635193271525" lon="-119.59399001965727"><ele>2593.9669168466767</ele></trkpt><trkpt lat="38.30363625078822" lon="-119.59398886512315"><ele>2594.0027283073837</ele></trkpt><trkpt lat="38.3038" lon="-119.59381000000002"><ele>2594.0</ele></trkpt><trkpt lat="38.30389" lon="-119.59375999999997"><ele>2593.0</ele></trkpt><trkpt lat="38.30409" lon="-119.59373"><ele>2590.0450424440205</ele></trkpt><trkpt lat="38.30441" lon="-119.59374000000003"><ele>2587.0</ele></trkpt><trkpt lat="38.30461" lon="-119.59337"><ele>2581.0</ele></trkpt><trkpt lat="38.30469" lon="-119.59327000000002"><ele>2580.0</ele></trkpt><trkpt lat="38.30483" lon="-119.59318999999999"><ele>2578.0</ele></trkpt><trkpt lat="38.30491" lon="-119.59309000000002"><ele>2576.4528817785904</ele></trkpt><trkpt lat="38.304920190540855" lon="-119.593078228649"><ele>2576.0</ele></trkpt><trkpt lat="38.3048955580523" lon="-119.59304866966278"><ele>2576.0</ele></trkpt></trkseg></trk></gpx>