<?xml version="1.0"?>
<gpx xmlns="http://www.topografix.com/GPX/1/1" xmlns:gpxx="http://www.garmin.com/xmlschemas/GpxExtensions/v3" creator="CALTOPO" version="1.1"><metadata><name><![CDATA[Ludlow-Velma]]></name></metadata><wpt lat="38.96199" lon="-120.1706"><name>Camp</name><desc>Phipps Creek - lots of camping available, well shaded.</desc></wpt><wpt lat="39.045998159612566" lon="-120.16821728637744"><name>Rubicon OHV Trailhead Staging Area</name></wpt><wpt lat="39.022804382830145" lon="-120.20927572372364"><name>Ludlow Hut</name><desc>Sierra Club hut popular with backcountry skiers</desc></wpt><trk><name>Ludlow-Velma</name><trkseg><trkpt lat="39.04600656456901" lon="-120.16828590082156"><ele>2035.0</ele></trkpt><trkpt lat="39.04599000000001" lon="-120.16827999999998"><ele>2035.0</ele></trkpt><trkpt lat="39.04594" lon="-120.16845999999998"><ele>2035.0</ele></trkpt><trkpt lat="39.04594" lon="-120.16845999999998"><ele>2035.0</ele></trkpt><trkpt lat="39.04588" lon="-120.1687"><ele>2036.1180769731905</ele></trkpt><trkpt lat="39.04585957915003" lon="-120.16884294594979"><ele>2037.0</ele></trkpt><trkpt lat="39.045858153126126" lon="-120.16885292814754"><ele>2037.0</ele></trkpt><trkpt lat="39.04583" lon="-120.16904999999997"><ele>2037.0192290678312</ele></trkpt><trkpt lat="39.04594" lon="-120.16993000000002"><ele>2040.0</ele></trkpt><trkpt lat="39.04591" lon="-120.17052000000001"><ele>2040.9436312895268</ele></trkpt><trkpt lat="39.04598" lon="-120.17111999999997"><ele>2045.1440741866827</ele></trkpt><trkpt lat="39.04597" lon="-120.17144000000002"><ele>2049.0</ele></trkpt><trkpt lat="39.04589" lon="-120.17162000000002"><ele>2051.2321345802948</ele></trkpt><trkpt lat="39.04548" lon="-120.17223000000001"><ele>2063.0469660611143</ele></trkpt><trkpt lat="39.04546" lon="-120.17232000000001"><ele>2063.9720610632958</ele></trkpt><trkpt lat="39.04548" lon="-120.17252000000002"><ele>2065.0</ele></trkpt><trkpt lat="39.04558281602674" lon="-120.17277703878943"><ele>2067.0</ele></trkpt><trkpt lat="39.04558281602674" lon="-120.17277703878943"><ele>2067.0</ele></trkpt><trkpt lat="39.04562" lon="-120.17286999999999"><ele>2068.0</ele></trkpt><trkpt lat="39.04564" lon="-120.17299000000003"><ele>2069.0</ele></trkpt><trkpt lat="39.04564" lon="-120.17326000000003"><ele>2070.0</ele></trkpt><trkpt lat="39.04542" lon="-120.17437000000001"><ele>2071.03477252936</ele></trkpt><trkpt lat="39.04533" lon="-120.17469"><ele>2072.0</ele></trkpt><trkpt lat="39.0452" lon="-120.17500999999999"><ele>2073.0</ele></trkpt><trkpt lat="39.04517" lon="-120.17515000000003"><ele>2073.5392038282007</ele></trkpt><trkpt lat="39.04519" lon="-120.17566"><ele>2077.0</ele></trkpt><trkpt lat="39.0451" lon="-120.17647"><ele>2085.3388090971857</ele></trkpt><trkpt lat="39.04506" lon="-120.17662000000001"><ele>2086.9952045300834</ele></trkpt><trkpt lat="39.04497" lon="-120.17676"><ele>2088.446389333345</ele></trkpt><trkpt lat="39.04479" lon="-120.17678000000001"><ele>2091.0</ele></trkpt><trkpt lat="39.04479" lon="-120.17678000000001"><ele>2091.0</ele></trkpt><trkpt lat="39.04433" lon="-120.17682000000002"><ele>2095.897945513971</ele></trkpt><trkpt lat="39.04418" lon="-120.17674999999997"><ele>2097.0</ele></trkpt><trkpt lat="39.04413" lon="-120.17676"><ele>2098.0</ele></trkpt><trkpt lat="39.0434" lon="-120.17723000000001"><ele>2104.564809993042</ele></trkpt><trkpt lat="39.04318" lon="-120.17758000000003"><ele>2106.0</ele></trkpt><trkpt lat="39.043" lon="-120.17773999999997"><ele>2106.4466021060944</ele></trkpt><trkpt lat="39.04295" lon="-120.17779999999999"><ele>2106.0</ele></trkpt><trkpt lat="39.04294" lon="-120.17788000000002"><ele>2106.0</ele></trkpt><trkpt lat="39.04294" lon="-120.17806000000002"><ele>2107.0</ele></trkpt><trkpt lat="39.04302" lon="-120.17838"><ele>2107.5289792325348</ele></trkpt><trkpt lat="39.04306" lon="-120.17878000000002"><ele>2109.0</ele></trkpt><trkpt lat="39.04318" lon="-120.17930999999999"><ele>2109.092667163415</ele></trkpt><trkpt lat="39.04323" lon="-120.17941000000002"><ele>2109.829725708049</ele></trkpt><trkpt lat="39.0437" lon="-120.17984999999999"><ele>2110.0</ele></trkpt><trkpt lat="39.04388" lon="-120.17995000000002"><ele>2109.888835554011</ele></trkpt><trkpt lat="39.04419" lon="-120.18002000000001"><ele>2110.0</ele></trkpt><trkpt lat="39.04427" lon="-120.18013000000002"><ele>2110.0</ele></trkpt><trkpt lat="39.0444" lon="-120.18049000000002"><ele>2112.0</ele></trkpt><trkpt lat="39.04464" lon="-120.18096000000003"><ele>2116.0</ele></trkpt><trkpt lat="39.04469" lon="-120.18151"><ele>2118.0</ele></trkpt><trkpt lat="39.04461" lon="-120.18227000000002"><ele>2121.0</ele></trkpt><trkpt lat="39.04453" lon="-120.18263999999999"><ele>2122.0</ele></trkpt><trkpt lat="39.04448" lon="-120.18275"><ele>2122.0</ele></trkpt><trkpt lat="39.04422" lon="-120.18315999999999"><ele>2124.0</ele></trkpt><trkpt lat="39.04413" lon="-120.18342000000001"><ele>2126.0</ele></trkpt><trkpt lat="39.04409" lon="-120.18357000000003"><ele>2127.8645758248454</ele></trkpt><trkpt lat="39.04407" lon="-120.18372999999997"><ele>2129.0</ele></trkpt><trkpt lat="39.04406" lon="-120.18394"><ele>2131.0</ele></trkpt><trkpt lat="39.04409" lon="-120.18475000000001"><ele>2137.2151040384624</ele></trkpt><trkpt lat="39.04402" lon="-120.18516"><ele>2141.0</ele></trkpt><trkpt lat="39.04395" lon="-120.18529000000001"><ele>2141.3239984320485</ele></trkpt><trkpt lat="39.04376" lon="-120.18533000000002"><ele>2142.0</ele></trkpt><trkpt lat="39.04364" lon="-120.18547000000001"><ele>2142.0</ele></trkpt><trkpt lat="39.04325" lon="-120.18619000000001"><ele>2147.0</ele></trkpt><trkpt lat="39.04312" lon="-120.18662"><ele>2149.5059136813306</ele></trkpt><trkpt lat="39.04305" lon="-120.18671999999998"><ele>2149.0</ele></trkpt><trkpt lat="39.04301" lon="-120.18675000000002"><ele>2149.0</ele></trkpt><trkpt lat="39.04268" lon="-120.18675999999999"><ele>2152.480167110916</ele></trkpt><trkpt lat="39.04253" lon="-120.1868"><ele>2152.4277059014394</ele></trkpt><trkpt lat="39.04235" lon="-120.18696"><ele>2151.261551506921</ele></trkpt><trkpt lat="39.042" lon="-120.18718000000001"><ele>2151.0</ele></trkpt><trkpt lat="39.04193" lon="-120.18727000000001"><ele>2151.342125749693</ele></trkpt><trkpt lat="39.04189" lon="-120.18739"><ele>2152.0</ele></trkpt><trkpt lat="39.04182" lon="-120.18777999999998"><ele>2153.008196216215</ele></trkpt><trkpt lat="39.04174" lon="-120.18797"><ele>2154.905965894874</ele></trkpt><trkpt lat="39.04164" lon="-120.18803000000003"><ele>2155.758352926153</ele></trkpt><trkpt lat="39.04113" lon="-120.18813999999998"><ele>2158.0</ele></trkpt><trkpt lat="39.04101" lon="-120.18817999999999"><ele>2159.68338716006</ele></trkpt><trkpt lat="39.0408" lon="-120.18833000000001"><ele>2163.0</ele></trkpt><trkpt lat="39.04048" lon="-120.18837000000002"><ele>2167.5116053340025</ele></trkpt><trkpt lat="39.04027" lon="-120.18847"><ele>2169.0</ele></trkpt><trkpt lat="39.04005" lon="-120.18865"><ele>2170.701751661127</ele></trkpt><trkpt lat="39.03933" lon="-120.19010000000003"><ele>2171.0</ele></trkpt><trkpt lat="39.03928" lon="-120.19042999999999"><ele>2171.0</ele></trkpt><trkpt lat="39.03928" lon="-120.19042999999999"><ele>2171.0</ele></trkpt><trkpt lat="39.03926" lon="-120.19056999999998"><ele>2171.9205349031836</ele></trkpt><trkpt lat="39.03915" lon="-120.19088999999997"><ele>2172.3051237304358</ele></trkpt><trkpt lat="39.03904" lon="-120.19151"><ele>2173.0</ele></trkpt><trkpt lat="39.03894" lon="-120.19169"><ele>2173.0</ele></trkpt><trkpt lat="39.03869" lon="-120.19195000000002"><ele>2172.0</ele></trkpt><trkpt lat="39.03849" lon="-120.19229999999999"><ele>2171.0</ele></trkpt><trkpt lat="39.03845" lon="-120.19256000000001"><ele>2171.0</ele></trkpt><trkpt lat="39.03851" lon="-120.19290999999998"><ele>2170.8365955190993</ele></trkpt><trkpt lat="39.03849" lon="-120.19312000000002"><ele>2170.7545097142743</ele></trkpt><trkpt lat="39.03839" lon="-120.19337000000002"><ele>2171.0</ele></trkpt><trkpt lat="39.03837" lon="-120.19348000000002"><ele>2171.0</ele></trkpt><trkpt lat="39.03837" lon="-120.19373000000002"><ele>2171.520293401554</ele></trkpt><trkpt lat="39.03822" lon="-120.19448999999997"><ele>2173.867741058406</ele></trkpt><trkpt lat="39.038" lon="-120.19515000000001"><ele>2175.0</ele></trkpt><trkpt lat="39.038" lon="-120.19515000000001"><ele>2175.0</ele></trkpt><trkpt lat="39.03793" lon="-120.19538999999997"><ele>2175.0</ele></trkpt><trkpt lat="39.03793" lon="-120.19547"><ele>2175.0</ele></trkpt><trkpt lat="39.038" lon="-120.19571000000002"><ele>2176.0</ele></trkpt><trkpt lat="39.03799" lon="-120.19585000000001"><ele>2175.0</ele></trkpt><trkpt lat="39.03766" lon="-120.19691999999998"><ele>2174.0</ele></trkpt><trkpt lat="39.03744" lon="-120.19736999999998"><ele>2173.0</ele></trkpt><trkpt lat="39.03735" lon="-120.19765999999998"><ele>2173.0</ele></trkpt><trkpt lat="39.03735" lon="-120.19790999999998"><ele>2173.0</ele></trkpt><trkpt lat="39.03746" lon="-120.19840999999997"><ele>2173.920741947368</ele></trkpt><trkpt lat="39.03746" lon="-120.19853999999998"><ele>2173.0</ele></trkpt><trkpt lat="39.03741" lon="-120.19885"><ele>2173.0</ele></trkpt><trkpt lat="39.03702" lon="-120.19981000000001"><ele>2173.0</ele></trkpt><trkpt lat="39.03689" lon="-120.20051000000001"><ele>2172.199542338937</ele></trkpt><trkpt lat="39.03683" lon="-120.20065999999997"><ele>2172.3561372578106</ele></trkpt><trkpt lat="39.03675" lon="-120.20080000000002"><ele>2173.0</ele></trkpt><trkpt lat="39.03626" lon="-120.20148"><ele>2173.0</ele></trkpt><trkpt lat="39.03587" lon="-120.20218999999997"><ele>2173.0</ele></trkpt><trkpt lat="39.03547" lon="-120.20305000000002"><ele>2172.8330756354853</ele></trkpt><trkpt lat="39.03508" lon="-120.20409000000001"><ele>2173.0</ele></trkpt><trkpt lat="39.035" lon="-120.20456000000001"><ele>2173.0</ele></trkpt><trkpt lat="39.0349" lon="-120.20478000000003"><ele>2173.088947910357</ele></trkpt><trkpt lat="39.0349" lon="-120.20478000000003"><ele>2173.088947910357</ele></trkpt><trkpt lat="39.0349" lon="-120.20478000000003"><ele>2173.088947910357</ele></trkpt><trkpt lat="39.03488" lon="-120.20488999999998"><ele>2173.125836379826</ele></trkpt><trkpt lat="39.03486" lon="-120.20528000000002"><ele>2173.0</ele></trkpt><trkpt lat="39.0347" lon="-120.20613000000003"><ele>2171.4527659690857</ele></trkpt><trkpt lat="39.03465" lon="-120.20636000000002"><ele>2170.326564906165</ele></trkpt><trkpt lat="39.03446" lon="-120.20688000000001"><ele>2167.927200606093</ele></trkpt><trkpt lat="39.03443" lon="-120.20702"><ele>2167.127303779125</ele></trkpt><trkpt lat="39.03441" lon="-120.20787000000001"><ele>2169.927372990176</ele></trkpt><trkpt lat="39.03438" lon="-120.20801"><ele>2169.1274774391204</ele></trkpt><trkpt lat="39.03434" lon="-120.20816000000002"><ele>2169.5766019323346</ele></trkpt><trkpt lat="39.03418" lon="-120.20852000000002"><ele>2169.0730275577052</ele></trkpt><trkpt lat="39.03418" lon="-120.20871"><ele>2170.0</ele></trkpt><trkpt lat="39.03404" lon="-120.20907999999997"><ele>2168.0</ele></trkpt><trkpt lat="39.03406" lon="-120.20967000000002"><ele>2168.0</ele></trkpt><trkpt lat="39.03413" lon="-120.21012999999999"><ele>2167.0</ele></trkpt><trkpt lat="39.03427" lon="-120.21048000000002"><ele>2167.0</ele></trkpt><trkpt lat="39.03458" lon="-120.21093000000002"><ele>2169.7717450835944</ele></trkpt><trkpt lat="39.03467" lon="-120.21114"><ele>2169.0</ele></trkpt><trkpt lat="39.03474" lon="-120.21150999999998"><ele>2168.273725517094</ele></trkpt><trkpt lat="39.03478" lon="-120.21190000000001"><ele>2168.0</ele></trkpt><trkpt lat="39.03496" lon="-120.2124"><ele>2168.0</ele></trkpt><trkpt lat="39.03496" lon="-120.2124"><ele>2168.0</ele></trkpt><trkpt lat="39.03503" lon="-120.21253000000002"><ele>2167.0</ele></trkpt><trkpt lat="39.03516" lon="-120.21271999999999"><ele>2167.074989899993</ele></trkpt><trkpt lat="39.03561" lon="-120.21325999999999"><ele>2168.0</ele></trkpt><trkpt lat="39.03566" lon="-120.21337"><ele>2168.0</ele></trkpt><trkpt lat="39.03579" lon="-120.21397000000002"><ele>2168.0</ele></trkpt><trkpt lat="39.03599" lon="-120.21442000000002"><ele>2168.659920867005</ele></trkpt><trkpt lat="39.036004950253115" lon="-120.21458658853464"><ele>2169.0</ele></trkpt><trkpt lat="39.03600792133521" lon="-120.21461969487802"><ele>2169.0</ele></trkpt><trkpt lat="39.03606" lon="-120.21519999999998"><ele>2168.0</ele></trkpt><trkpt lat="39.03603" lon="-120.21573999999998"><ele>2167.994341325648</ele></trkpt><trkpt lat="39.03615" lon="-120.21614"><ele>2167.0</ele></trkpt><trkpt lat="39.03617" lon="-120.21656000000002"><ele>2167.522582694888</ele></trkpt><trkpt lat="39.03634" lon="-120.21733"><ele>2167.0</ele></trkpt><trkpt lat="39.03635" lon="-120.21762000000001"><ele>2167.0</ele></trkpt><trkpt lat="39.03629" lon="-120.21807000000001"><ele>2167.0</ele></trkpt><trkpt lat="39.03631" lon="-120.21832"><ele>2169.0</ele></trkpt><trkpt lat="39.03638" lon="-120.21865000000003"><ele>2171.0</ele></trkpt><trkpt lat="39.03646" lon="-120.21922999999998"><ele>2172.0</ele></trkpt><trkpt lat="39.03678" lon="-120.22041000000002"><ele>2170.0</ele></trkpt><trkpt lat="39.03679" lon="-120.22077999999999"><ele>2171.0</ele></trkpt><trkpt lat="39.03684" lon="-120.22113999999999"><ele>2172.0</ele></trkpt><trkpt lat="39.03683" lon="-120.22140000000002"><ele>2171.0</ele></trkpt><trkpt lat="39.03685" lon="-120.22149000000002"><ele>2172.0105023575165</ele></trkpt><trkpt lat="39.03697" lon="-120.22167999999999"><ele>2174.937822735056</ele></trkpt><trkpt lat="39.03711" lon="-120.22203000000002"><ele>2177.0</ele></trkpt><trkpt lat="39.03716" lon="-120.22219000000001"><ele>2177.0</ele></trkpt><trkpt lat="39.03717" lon="-120.22234000000003"><ele>2177.0</ele></trkpt><trkpt lat="39.03717" lon="-120.22234000000003"><ele>2177.0</ele></trkpt><trkpt lat="39.03715" lon="-120.22243000000003"><ele>2177.0</ele></trkpt><trkpt lat="39.03696" lon="-120.22282999999999"><ele>2173.0</ele></trkpt><trkpt lat="39.03694" lon="-120.22294999999997"><ele>2172.0</ele></trkpt><trkpt lat="39.03693" lon="-120.22325000000001"><ele>2169.0</ele></trkpt><trkpt lat="39.03691" lon="-120.22343000000001"><ele>2167.0</ele></trkpt><trkpt lat="39.03679" lon="-120.22372999999999"><ele>2166.0</ele></trkpt><trkpt lat="39.03621" lon="-120.22444000000002"><ele>2165.0</ele></trkpt><trkpt lat="39.03593" lon="-120.22487000000001"><ele>2163.123081050813</ele></trkpt><trkpt lat="39.03564" lon="-120.22507000000002"><ele>2162.6192173290706</ele></trkpt><trkpt lat="39.03554" lon="-120.2251"><ele>2162.0</ele></trkpt><trkpt lat="39.03518" lon="-120.2251"><ele>2163.2536711110733</ele></trkpt><trkpt lat="39.03509" lon="-120.22512999999998"><ele>2164.0</ele></trkpt><trkpt lat="39.03454" lon="-120.22554000000002"><ele>2163.0</ele></trkpt><trkpt lat="39.03454" lon="-120.22554000000002"><ele>2163.0</ele></trkpt><trkpt lat="39.03446" lon="-120.22563000000002"><ele>2162.8840499273037</ele></trkpt><trkpt lat="39.03442" lon="-120.22577000000001"><ele>2163.252033042057</ele></trkpt><trkpt lat="39.03439" lon="-120.22595999999999"><ele>2163.0</ele></trkpt><trkpt lat="39.03438" lon="-120.22638999999998"><ele>2163.499505882617</ele></trkpt><trkpt lat="39.03431" lon="-120.22669000000002"><ele>2162.0</ele></trkpt><trkpt lat="39.0343" lon="-120.22692"><ele>2161.3042204384587</ele></trkpt><trkpt lat="39.03433" lon="-120.22708999999998"><ele>2161.0</ele></trkpt><trkpt lat="39.03437" lon="-120.22715"><ele>2160.3735465779405</ele></trkpt><trkpt lat="39.03451" lon="-120.22721999999999"><ele>2159.1219465213135</ele></trkpt><trkpt lat="39.03457" lon="-120.22728000000001"><ele>2158.0</ele></trkpt><trkpt lat="39.03461" lon="-120.22739000000001"><ele>2157.0</ele></trkpt><trkpt lat="39.03461" lon="-120.22748999999999"><ele>2156.0</ele></trkpt><trkpt lat="39.03457" lon="-120.22757000000001"><ele>2155.5268288329244</ele></trkpt><trkpt lat="39.03429" lon="-120.22768000000002"><ele>2151.0</ele></trkpt><trkpt lat="39.03417" lon="-120.22787"><ele>2149.0</ele></trkpt><trkpt lat="39.03414" lon="-120.22802000000001"><ele>2149.0</ele></trkpt><trkpt lat="39.03415" lon="-120.22814"><ele>2148.0</ele></trkpt><trkpt lat="39.03431" lon="-120.22838999999999"><ele>2148.0</ele></trkpt><trkpt lat="39.03435" lon="-120.22854999999998"><ele>2147.0</ele></trkpt><trkpt lat="39.03434" lon="-120.22872000000001"><ele>2146.0</ele></trkpt><trkpt lat="39.03429" lon="-120.22886"><ele>2144.140900859214</ele></trkpt><trkpt lat="39.03412" lon="-120.22911999999997"><ele>2142.2117622972796</ele></trkpt><trkpt lat="39.03406" lon="-120.22926000000001"><ele>2142.0</ele></trkpt><trkpt lat="39.03411" lon="-120.22950000000003"><ele>2142.0</ele></trkpt><trkpt lat="39.0342" lon="-120.22960999999998"><ele>2142.0</ele></trkpt><trkpt lat="39.03432" lon="-120.22964000000002"><ele>2142.0</ele></trkpt><trkpt lat="39.03444" lon="-120.22960999999998"><ele>2142.0</ele></trkpt><trkpt lat="39.03452" lon="-120.22967"><ele>2142.4730034526438</ele></trkpt><trkpt lat="39.03455" lon="-120.22982999999999"><ele>2143.0</ele></trkpt><trkpt lat="39.03453" lon="-120.23007999999999"><ele>2143.0</ele></trkpt><trkpt lat="39.03446" lon="-120.23046"><ele>2141.882902670267</ele></trkpt><trkpt lat="39.03445" lon="-120.23070000000001"><ele>2141.3272349126637</ele></trkpt><trkpt lat="39.03434" lon="-120.231"><ele>2141.0</ele></trkpt><trkpt lat="39.03419" lon="-120.23158999999998"><ele>2141.0</ele></trkpt><trkpt lat="39.03403" lon="-120.23190999999997"><ele>2140.0</ele></trkpt><trkpt lat="39.03396" lon="-120.23199999999997"><ele>2140.0</ele></trkpt><trkpt lat="39.03375" lon="-120.23216000000002"><ele>2141.27351822285</ele></trkpt><trkpt lat="39.03342" lon="-120.23234000000002"><ele>2145.0</ele></trkpt><trkpt lat="39.03338" lon="-120.23250999999999"><ele>2146.0</ele></trkpt><trkpt lat="39.03344" lon="-120.23268999999999"><ele>2146.288377966247</ele></trkpt><trkpt lat="39.033449361944044" lon="-120.23283042916069"><ele>2146.0</ele></trkpt><trkpt lat="39.03343929352365" lon="-120.23286944282444"><ele>2145.0</ele></trkpt><trkpt lat="39.03337" lon="-120.23306000000002"><ele>2144.0</ele></trkpt><trkpt lat="39.03337" lon="-120.23318999999998"><ele>2143.0</ele></trkpt><trkpt lat="39.03337" lon="-120.23318999999998"><ele>2143.0</ele></trkpt><trkpt lat="39.03276" lon="-120.2328"><ele>2143.0</ele></trkpt><trkpt lat="39.03252" lon="-120.23255"><ele>2142.5511644440703</ele></trkpt><trkpt lat="39.03233" lon="-120.23232000000002"><ele>2140.1364247836173</ele></trkpt><trkpt lat="39.032" lon="-120.23174"><ele>2137.236772593361</ele></trkpt><trkpt lat="39.032" lon="-120.23165"><ele>2136.1671391832388</ele></trkpt><trkpt lat="39.03215" lon="-120.23148000000003"><ele>2139.0</ele></trkpt><trkpt lat="39.03232" lon="-120.23135000000002"><ele>2140.0</ele></trkpt><trkpt lat="39.03235" lon="-120.23127"><ele>2140.0</ele></trkpt><trkpt lat="39.03233" lon="-120.23112000000003"><ele>2140.0</ele></trkpt><trkpt lat="39.03225" lon="-120.23086"><ele>2140.0</ele></trkpt><trkpt lat="39.03216" lon="-120.23068"><ele>2140.0</ele></trkpt><trkpt lat="39.03214" lon="-120.23043999999999"><ele>2140.0</ele></trkpt><trkpt lat="39.0322" lon="-120.23013000000003"><ele>2140.668661335483</ele></trkpt><trkpt lat="39.0324" lon="-120.22964000000002"><ele>2142.720059569884</ele></trkpt><trkpt lat="39.03233" lon="-120.22910000000002"><ele>2149.0</ele></trkpt><trkpt lat="39.03229" lon="-120.22839999999997"><ele>2157.9881965596132</ele></trkpt><trkpt lat="39.03231" lon="-120.22825999999998"><ele>2159.9669735256075</ele></trkpt><trkpt lat="39.03249" lon="-120.22784999999999"><ele>2164.587040000595</ele></trkpt><trkpt lat="39.03276" lon="-120.22742"><ele>2167.0</ele></trkpt><trkpt lat="39.03289" lon="-120.22692999999998"><ele>2171.2663735505193</ele></trkpt><trkpt lat="39.03297" lon="-120.2267"><ele>2170.0844467698294</ele></trkpt><trkpt lat="39.03318" lon="-120.22649000000001"><ele>2173.0</ele></trkpt><trkpt lat="39.03358" lon="-120.22651000000002"><ele>2170.161467851057</ele></trkpt><trkpt lat="39.03363" lon="-120.22647"><ele>2172.0</ele></trkpt><trkpt lat="39.03365" lon="-120.22640000000001"><ele>2173.0</ele></trkpt><trkpt lat="39.03363" lon="-120.22627999999997"><ele>2175.0</ele></trkpt><trkpt lat="39.03355" lon="-120.22611999999998"><ele>2174.0</ele></trkpt><trkpt lat="39.03329" lon="-120.22546999999997"><ele>2174.268209364265</ele></trkpt><trkpt lat="39.03304" lon="-120.22507999999999"><ele>2175.0</ele></trkpt><trkpt lat="39.03301" lon="-120.22498000000002"><ele>2174.683940158702</ele></trkpt><trkpt lat="39.03296" lon="-120.22435000000002"><ele>2168.020087281542</ele></trkpt><trkpt lat="39.03269" lon="-120.22361000000001"><ele>2172.265404706821</ele></trkpt><trkpt lat="39.03266" lon="-120.22345999999999"><ele>2172.065256452188</ele></trkpt><trkpt lat="39.03268" lon="-120.22321"><ele>2170.0</ele></trkpt><trkpt lat="39.03277" lon="-120.22291000000001"><ele>2169.0</ele></trkpt><trkpt lat="39.03276" lon="-120.22271999999998"><ele>2170.0435491483286</ele></trkpt><trkpt lat="39.03274" lon="-120.22261000000003"><ele>2170.4207891881006</ele></trkpt><trkpt lat="39.03247" lon="-120.22226"><ele>2175.4179061015348</ele></trkpt><trkpt lat="39.03231" lon="-120.22194999999999"><ele>2176.0634703543037</ele></trkpt><trkpt lat="39.03211" lon="-120.22131000000002"><ele>2176.0624030362815</ele></trkpt><trkpt lat="39.03202" lon="-120.22091"><ele>2175.9855182226747</ele></trkpt><trkpt lat="39.03202" lon="-120.22073999999998"><ele>2175.9661305680447</ele></trkpt><trkpt lat="39.03216" lon="-120.22023999999999"><ele>2176.0</ele></trkpt><trkpt lat="39.03219" lon="-120.22007000000002"><ele>2175.8810810431687</ele></trkpt><trkpt lat="39.03218" lon="-120.21960000000001"><ele>2175.0</ele></trkpt><trkpt lat="39.0322" lon="-120.21938999999998"><ele>2174.0</ele></trkpt><trkpt lat="39.03217" lon="-120.21861000000001"><ele>2173.4627267979085</ele></trkpt><trkpt lat="39.0322" lon="-120.21834999999999"><ele>2173.2115465615007</ele></trkpt><trkpt lat="39.03235" lon="-120.21794"><ele>2170.426513778046</ele></trkpt><trkpt lat="39.03237" lon="-120.21771000000001"><ele>2173.5416911161374</ele></trkpt><trkpt lat="39.03235" lon="-120.21753000000001"><ele>2175.0</ele></trkpt><trkpt lat="39.03229" lon="-120.21728000000002"><ele>2179.0</ele></trkpt><trkpt lat="39.03217" lon="-120.21699000000001"><ele>2184.4627267979085</ele></trkpt><trkpt lat="39.03216" lon="-120.21649000000002"><ele>2185.0</ele></trkpt><trkpt lat="39.03219" lon="-120.21623"><ele>2183.0</ele></trkpt><trkpt lat="39.03228" lon="-120.21590000000003"><ele>2182.0</ele></trkpt><trkpt lat="39.03221" lon="-120.21546999999998"><ele>2185.0337902763954</ele></trkpt><trkpt lat="39.03211" lon="-120.21515"><ele>2187.4842633304156</ele></trkpt><trkpt lat="39.0321" lon="-120.21487000000002"><ele>2188.0</ele></trkpt><trkpt lat="39.03203" lon="-120.21456999999998"><ele>2191.933758200996</ele></trkpt><trkpt lat="39.03203" lon="-120.21406999999999"><ele>2192.0</ele></trkpt><trkpt lat="39.03199" lon="-120.21392000000003"><ele>2194.4299999334935</ele></trkpt><trkpt lat="39.03188" lon="-120.21370999999999"><ele>2195.0</ele></trkpt><trkpt lat="39.03165" lon="-120.21343000000002"><ele>2199.0</ele></trkpt><trkpt lat="39.03109" lon="-120.21303999999998"><ele>2200.1613061061707</ele></trkpt><trkpt lat="39.03089" lon="-120.21269000000001"><ele>2198.9298007086077</ele></trkpt><trkpt lat="39.03074" lon="-120.21258"><ele>2199.0</ele></trkpt><trkpt lat="39.03062" lon="-120.21251999999998"><ele>2200.4457562335756</ele></trkpt><trkpt lat="39.03055" lon="-120.21251000000001"><ele>2200.6847378060443</ele></trkpt><trkpt lat="39.03023" lon="-120.21258999999998"><ele>2202.0</ele></trkpt><trkpt lat="39.03013" lon="-120.21263999999996"><ele>2203.0</ele></trkpt><trkpt lat="39.03003" lon="-120.21271999999999"><ele>2204.0</ele></trkpt><trkpt lat="39.02986" lon="-120.21294"><ele>2209.0</ele></trkpt><trkpt lat="39.02984" lon="-120.21307999999999"><ele>2212.0</ele></trkpt><trkpt lat="39.02986" lon="-120.21332000000001"><ele>2217.2658808892593</ele></trkpt><trkpt lat="39.02971" lon="-120.21359999999999"><ele>2223.3148266663775</ele></trkpt><trkpt lat="39.02965" lon="-120.21365000000003"><ele>2224.64499555761</ele></trkpt><trkpt lat="39.02923" lon="-120.21366"><ele>2231.1110293339007</ele></trkpt><trkpt lat="39.02881" lon="-120.21371999999997"><ele>2235.9109325286017</ele></trkpt><trkpt lat="39.02772" lon="-120.21371999999997"><ele>2246.0</ele></trkpt><trkpt lat="39.02772" lon="-120.21371999999997"><ele>2246.0</ele></trkpt><trkpt lat="39.02764" lon="-120.21370000000002"><ele>2247.0</ele></trkpt><trkpt lat="39.02743" lon="-120.21357999999998"><ele>2247.8936708597366</ele></trkpt><trkpt lat="39.02713" lon="-120.21332000000001"><ele>2251.2193194085166</ele></trkpt><trkpt lat="39.02691" lon="-120.21302000000003"><ele>2252.0</ele></trkpt><trkpt lat="39.02664" lon="-120.21292"><ele>2256.0</ele></trkpt><trkpt lat="39.02656917552355" lon="-120.21286781354365"><ele>2256.0</ele></trkpt><trkpt lat="39.02652110924582" lon="-120.21283239624233"><ele>2256.0</ele></trkpt><trkpt lat="39.02645" lon="-120.21278000000001"><ele>2255.0</ele></trkpt><trkpt lat="39.02629" lon="-120.2124"><ele>2253.306180952571</ele></trkpt><trkpt lat="39.02629" lon="-120.2124"><ele>2253.306180952571</ele></trkpt><trkpt lat="39.02615" lon="-120.21224000000001"><ele>2249.974680674217</ele></trkpt><trkpt lat="39.02607" lon="-120.21219000000002"><ele>2250.7680505000203</ele></trkpt><trkpt lat="39.02578" lon="-120.21217999999999"><ele>2251.0</ele></trkpt><trkpt lat="39.02561" lon="-120.21210000000002"><ele>2253.0</ele></trkpt><trkpt lat="39.02547" lon="-120.21208000000001"><ele>2254.0</ele></trkpt><trkpt lat="39.02527" lon="-120.21192000000002"><ele>2257.0</ele></trkpt><trkpt lat="39.02512" lon="-120.21208000000001"><ele>2259.0</ele></trkpt><trkpt lat="39.02504" lon="-120.21212000000003"><ele>2259.0</ele></trkpt><trkpt lat="39.02485" lon="-120.21213999999998"><ele>2257.5638476150452</ele></trkpt><trkpt lat="39.02465" lon="-120.21222999999998"><ele>2256.0</ele></trkpt><trkpt lat="39.02465" lon="-120.21222999999998"><ele>2256.0</ele></trkpt><trkpt lat="39.02465" lon="-120.21222999999998"><ele>2256.0</ele></trkpt><trkpt lat="39.02454" lon="-120.2124"><ele>2256.8799564803217</ele></trkpt><trkpt lat="39.02454" lon="-120.2124"><ele>2256.8799564803217</ele></trkpt><trkpt lat="39.02447" lon="-120.21249999999998"><ele>2257.0</ele></trkpt><trkpt lat="39.02438" lon="-120.21271999999999"><ele>2257.0622487400947</ele></trkpt><trkpt lat="39.02427" lon="-120.21290999999997"><ele>2256.096078215147</ele></trkpt><trkpt lat="39.02414" lon="-120.21302000000003"><ele>2255.2848675572313</ele></trkpt><trkpt lat="39.02414" lon="-120.21302000000003"><ele>2255.2848675572313</ele></trkpt><trkpt lat="39.02414" lon="-120.21302000000003"><ele>2255.2848675572313</ele></trkpt><trkpt lat="39.02395" lon="-120.21325000000002"><ele>2258.0036444454454</ele></trkpt><trkpt lat="39.02377" lon="-120.21337"><ele>2259.364979669368</ele></trkpt><trkpt lat="39.02366" lon="-120.21348999999998"><ele>2260.18845510995</ele></trkpt><trkpt lat="39.02352" lon="-120.21366999999998"><ele>2264.577063110657</ele></trkpt><trkpt lat="39.0231" lon="-120.21409"><ele>2268.5080407620662</ele></trkpt><trkpt lat="39.02273" lon="-120.21438999999998"><ele>2274.0296902230803</ele></trkpt><trkpt lat="39.02182" lon="-120.21488"><ele>2273.96715022251</ele></trkpt><trkpt lat="39.02156" lon="-120.21515999999997"><ele>2277.000676476017</ele></trkpt><trkpt lat="39.02125" lon="-120.21530000000001"><ele>2282.5405688895844</ele></trkpt><trkpt lat="39.02106" lon="-120.21533"><ele>2284.9969751446897</ele></trkpt><trkpt lat="39.02095" lon="-120.21537999999998"><ele>2287.2688391106203</ele></trkpt><trkpt lat="39.02064" lon="-120.21563000000003"><ele>2293.9196835570037</ele></trkpt><trkpt lat="39.02005" lon="-120.21571"><ele>2297.698895159794</ele></trkpt><trkpt lat="39.01991" lon="-120.21578999999997"><ele>2300.9582685838604</ele></trkpt><trkpt lat="39.01984" lon="-120.21578999999997"><ele>2301.3762239990756</ele></trkpt><trkpt lat="39.01958" lon="-120.21562"><ele>2306.0</ele></trkpt><trkpt lat="39.01941" lon="-120.21578"><ele>2308.0</ele></trkpt><trkpt lat="39.01941" lon="-120.21578"><ele>2308.0</ele></trkpt><trkpt lat="39.0193" lon="-120.21593999999999"><ele>2308.0</ele></trkpt><trkpt lat="39.01903" lon="-120.21620000000001"><ele>2307.0</ele></trkpt><trkpt lat="39.01884" lon="-120.21623999999997"><ele>2305.884266078472</ele></trkpt><trkpt lat="39.01862" lon="-120.21654000000001"><ele>2302.0</ele></trkpt><trkpt lat="39.01851" lon="-120.21661"><ele>2302.0</ele></trkpt><trkpt lat="39.01804" lon="-120.2165"><ele>2298.945329181366</ele></trkpt><trkpt lat="39.0178" lon="-120.21635000000003"><ele>2296.0</ele></trkpt><trkpt lat="39.01757" lon="-120.21604000000002"><ele>2296.0</ele></trkpt><trkpt lat="39.01744" lon="-120.21569"><ele>2297.0</ele></trkpt><trkpt lat="39.01712" lon="-120.21528"><ele>2297.2796142433504</ele></trkpt><trkpt lat="39.01703" lon="-120.21523000000002"><ele>2297.0</ele></trkpt><trkpt lat="39.01649" lon="-120.21521000000001"><ele>2299.0</ele></trkpt><trkpt lat="39.01627" lon="-120.21515"><ele>2298.0</ele></trkpt><trkpt lat="39.01606" lon="-120.21499"><ele>2296.0</ele></trkpt><trkpt lat="39.0157" lon="-120.21497"><ele>2293.925865309503</ele></trkpt><trkpt lat="39.01546" lon="-120.21487000000002"><ele>2295.0</ele></trkpt><trkpt lat="39.01519" lon="-120.21479999999997"><ele>2296.0</ele></trkpt><trkpt lat="39.01483" lon="-120.21482000000003"><ele>2297.0</ele></trkpt><trkpt lat="39.01456" lon="-120.21474999999998"><ele>2296.0912888892926</ele></trkpt><trkpt lat="39.01381" lon="-120.21478000000002"><ele>2295.1240187149847</ele></trkpt><trkpt lat="39.01372" lon="-120.21474"><ele>2295.4351573320155</ele></trkpt><trkpt lat="39.01335" lon="-120.21446000000003"><ele>2296.8380334655126</ele></trkpt><trkpt lat="39.01316" lon="-120.21440000000001"><ele>2296.4024711102247</ele></trkpt><trkpt lat="39.01265" lon="-120.21395000000001"><ele>2302.0</ele></trkpt><trkpt lat="39.01214" lon="-120.21371999999997"><ele>2302.0</ele></trkpt><trkpt lat="39.01167" lon="-120.21357"><ele>2301.0</ele></trkpt><trkpt lat="39.01151" lon="-120.21353999999997"><ele>2299.1103974514003</ele></trkpt><trkpt lat="39.01143" lon="-120.21350000000001"><ele>2299.0</ele></trkpt><trkpt lat="39.0109914679365" lon="-120.21307121309349"><ele>2298.415331725513</ele></trkpt><trkpt lat="39.01097587911494" lon="-120.2130551922927"><ele>2299.0</ele></trkpt><trkpt lat="39.01074" lon="-120.21278000000001"><ele>2297.0424966840933</ele></trkpt><trkpt lat="39.01065" lon="-120.21271999999999"><ele>2296.0</ele></trkpt><trkpt lat="39.01065" lon="-120.21271999999999"><ele>2296.0</ele></trkpt><trkpt lat="39.01057" lon="-120.21266000000003"><ele>2295.0</ele></trkpt><trkpt lat="39.01032" lon="-120.2124"><ele>2292.522222088067</ele></trkpt><trkpt lat="39.01032" lon="-120.2124"><ele>2292.522222088067</ele></trkpt><trkpt lat="39.01004" lon="-120.21190999999999"><ele>2292.0284351704577</ele></trkpt><trkpt lat="39.00986" lon="-120.21163999999999"><ele>2292.0</ele></trkpt><trkpt lat="39.0092" lon="-120.21096"><ele>2294.0</ele></trkpt><trkpt lat="39.00879" lon="-120.21080999999998"><ele>2294.0</ele></trkpt><trkpt lat="39.00852" lon="-120.21064000000001"><ele>2296.0</ele></trkpt><trkpt lat="39.00839" lon="-120.21053"><ele>2296.0794753951204</ele></trkpt><trkpt lat="39.00831" lon="-120.21049"><ele>2296.0</ele></trkpt><trkpt lat="39.00803" lon="-120.21046000000001"><ele>2295.0</ele></trkpt><trkpt lat="39.00792" lon="-120.21041000000002"><ele>2295.0</ele></trkpt><trkpt lat="39.00759" lon="-120.21019000000001"><ele>2296.0</ele></trkpt><trkpt lat="39.00741" lon="-120.21001999999999"><ele>2295.0</ele></trkpt><trkpt lat="39.00727" lon="-120.20985000000002"><ele>2295.963587681479</ele></trkpt><trkpt lat="39.00672" lon="-120.20963999999998"><ele>2295.0</ele></trkpt><trkpt lat="39.00632" lon="-120.20934"><ele>2297.0</ele></trkpt><trkpt lat="39.00606" lon="-120.20925999999997"><ele>2298.0</ele></trkpt><trkpt lat="39.00561" lon="-120.20902999999998"><ele>2300.0</ele></trkpt><trkpt lat="39.00527" lon="-120.20897000000002"><ele>2301.0</ele></trkpt><trkpt lat="39.00503" lon="-120.20879000000002"><ele>2303.404469218105</ele></trkpt><trkpt lat="39.00482" lon="-120.20866999999998"><ele>2307.0</ele></trkpt><trkpt lat="39.00404" lon="-120.20812999999998"><ele>2317.3059935126685</ele></trkpt><trkpt lat="39.00368" lon="-120.20794000000001"><ele>2318.0</ele></trkpt><trkpt lat="39.00348" lon="-120.20739000000003"><ele>2322.0590271831006</ele></trkpt><trkpt lat="39.0034" lon="-120.20695999999998"><ele>2327.1109323300807</ele></trkpt><trkpt lat="39.00325" lon="-120.20646999999997"><ele>2331.0</ele></trkpt><trkpt lat="39.00326" lon="-120.20622000000003"><ele>2334.0</ele></trkpt><trkpt lat="39.00314" lon="-120.20560999999998"><ele>2338.0</ele></trkpt><trkpt lat="39.00284" lon="-120.20488999999998"><ele>2340.1560023698544</ele></trkpt><trkpt lat="39.00237" lon="-120.20402999999999"><ele>2338.0</ele></trkpt><trkpt lat="39.00213" lon="-120.20351"><ele>2338.0</ele></trkpt><trkpt lat="39.00194" lon="-120.20283"><ele>2340.0</ele></trkpt><trkpt lat="39.00186" lon="-120.20260999999999"><ele>2339.4897995740175</ele></trkpt><trkpt lat="39.00185" lon="-120.20244000000002"><ele>2339.196830714007</ele></trkpt><trkpt lat="39.00189" lon="-120.20226000000002"><ele>2338.0</ele></trkpt><trkpt lat="39.00189" lon="-120.20186999999999"><ele>2335.0</ele></trkpt><trkpt lat="39.00201" lon="-120.20152000000002"><ele>2334.0</ele></trkpt><trkpt lat="39.00199" lon="-120.20141000000001"><ele>2334.0</ele></trkpt><trkpt lat="39.00191" lon="-120.20125000000002"><ele>2334.0</ele></trkpt><trkpt lat="39.00182" lon="-120.20113000000003"><ele>2334.0</ele></trkpt><trkpt lat="39.00149" lon="-120.20091000000002"><ele>2336.082037332002</ele></trkpt><trkpt lat="39.00099" lon="-120.20074999999997"><ele>2337.6828388795257</ele></trkpt><trkpt lat="39.00056" lon="-120.20064000000002"><ele>2340.0</ele></trkpt><trkpt lat="39.0002" lon="-120.20067"><ele>2342.0153271038257</ele></trkpt><trkpt lat="38.99988" lon="-120.20060999999998"><ele>2347.0</ele></trkpt><trkpt lat="38.99924" lon="-120.20038"><ele>2354.4893132148254</ele></trkpt><trkpt lat="38.99916" lon="-120.20026000000001"><ele>2356.0</ele></trkpt><trkpt lat="38.99909" lon="-120.20022"><ele>2357.0</ele></trkpt><trkpt lat="38.99901" lon="-120.20022"><ele>2357.0996798644182</ele></trkpt><trkpt lat="38.99862" lon="-120.19984999999997"><ele>2361.0</ele></trkpt><trkpt lat="38.99818" lon="-120.19959"><ele>2364.4847326620356</ele></trkpt><trkpt lat="38.99793" lon="-120.19939"><ele>2366.0</ele></trkpt><trkpt lat="38.99786" lon="-120.1993"><ele>2367.0</ele></trkpt><trkpt lat="38.99781" lon="-120.19916"><ele>2367.8633726354174</ele></trkpt><trkpt lat="38.99771" lon="-120.19866999999999"><ele>2369.626085707918</ele></trkpt><trkpt lat="38.99769" lon="-120.19846000000001"><ele>2370.11109577473</ele></trkpt><trkpt lat="38.99757" lon="-120.19792999999999"><ele>2371.0</ele></trkpt><trkpt lat="38.99752" lon="-120.19735000000003"><ele>2372.992374490736</ele></trkpt><trkpt lat="38.99747" lon="-120.19713999999999"><ele>2373.0</ele></trkpt><trkpt lat="38.99735" lon="-120.19681000000003"><ele>2374.0</ele></trkpt><trkpt lat="38.99719" lon="-120.19614999999999"><ele>2376.0</ele></trkpt><trkpt lat="38.99719" lon="-120.19585999999998"><ele>2378.0</ele></trkpt><trkpt lat="38.99704" lon="-120.19562000000002"><ele>2379.0</ele></trkpt><trkpt lat="38.99688" lon="-120.19520999999997"><ele>2381.0</ele></trkpt><trkpt lat="38.99668" lon="-120.19492000000002"><ele>2382.0</ele></trkpt><trkpt lat="38.99608" lon="-120.19447000000002"><ele>2380.0</ele></trkpt><trkpt lat="38.99582" lon="-120.19441"><ele>2380.0</ele></trkpt><trkpt lat="38.99526" lon="-120.19436999999999"><ele>2378.868128000293</ele></trkpt><trkpt lat="38.99506" lon="-120.19427000000002"><ele>2379.0</ele></trkpt><trkpt lat="38.9949" lon="-120.19411000000002"><ele>2379.0</ele></trkpt><trkpt lat="38.99472" lon="-120.19405"><ele>2378.8541371001256</ele></trkpt><trkpt lat="38.99458" lon="-120.19403999999997"><ele>2378.0462717773444</ele></trkpt><trkpt lat="38.99438" lon="-120.19411000000002"><ele>2380.0</ele></trkpt><trkpt lat="38.99411" lon="-120.19409000000002"><ele>2379.0</ele></trkpt><trkpt lat="38.99397" lon="-120.19402000000002"><ele>2378.296606295191</ele></trkpt><trkpt lat="38.99377" lon="-120.19402000000002"><ele>2378.0</ele></trkpt><trkpt lat="38.99357" lon="-120.19391000000002"><ele>2379.0</ele></trkpt><trkpt lat="38.99357" lon="-120.19391000000002"><ele>2379.0</ele></trkpt><trkpt lat="38.99344" lon="-120.19378"><ele>2380.6302064817323</ele></trkpt><trkpt lat="38.99312" lon="-120.19326000000001"><ele>2384.235455840154</ele></trkpt><trkpt lat="38.9931" lon="-120.19301999999999"><ele>2386.0</ele></trkpt><trkpt lat="38.99308" lon="-120.19295"><ele>2386.0</ele></trkpt><trkpt lat="38.993" lon="-120.19289000000003"><ele>2386.833083120099</ele></trkpt><trkpt lat="38.99282" lon="-120.19283999999999"><ele>2387.5945958457887</ele></trkpt><trkpt lat="38.99254" lon="-120.19247999999999"><ele>2391.0</ele></trkpt><trkpt lat="38.99208" lon="-120.19218000000001"><ele>2394.0</ele></trkpt><trkpt lat="38.99202" lon="-120.19211999999999"><ele>2395.0</ele></trkpt><trkpt lat="38.9919" lon="-120.19184999999999"><ele>2397.0745073746784</ele></trkpt><trkpt lat="38.99193" lon="-120.19164"><ele>2398.0</ele></trkpt><trkpt lat="38.99193" lon="-120.19164"><ele>2398.0</ele></trkpt><trkpt lat="38.99153" lon="-120.19118000000003"><ele>2403.0</ele></trkpt><trkpt lat="38.99134" lon="-120.19103999999999"><ele>2405.0</ele></trkpt><trkpt lat="38.99051" lon="-120.19083999999998"><ele>2409.0</ele></trkpt><trkpt lat="38.99017" lon="-120.19064000000003"><ele>2411.698727109935</ele></trkpt><trkpt lat="38.98991" lon="-120.19055000000003"><ele>2411.9916276268937</ele></trkpt><trkpt lat="38.9898" lon="-120.19042999999999"><ele>2412.158382720113</ele></trkpt><trkpt lat="38.9898" lon="-120.19042999999999"><ele>2412.158382720113</ele></trkpt><trkpt lat="38.9895" lon="-120.19020999999998"><ele>2413.0</ele></trkpt><trkpt lat="38.98927" lon="-120.18986999999998"><ele>2414.3198253172914</ele></trkpt><trkpt lat="38.98905" lon="-120.18983000000003"><ele>2413.0</ele></trkpt><trkpt lat="38.98894" lon="-120.18971999999997"><ele>2412.762100458145</ele></trkpt><trkpt lat="38.98883" lon="-120.18947000000003"><ele>2412.0</ele></trkpt><trkpt lat="38.98876" lon="-120.18938000000003"><ele>2412.0</ele></trkpt><trkpt lat="38.98837" lon="-120.18923000000001"><ele>2412.0</ele></trkpt><trkpt lat="38.98806" lon="-120.18899999999996"><ele>2413.0</ele></trkpt><trkpt lat="38.98794" lon="-120.18883"><ele>2413.0</ele></trkpt><trkpt lat="38.98772" lon="-120.18862000000001"><ele>2413.385993687436</ele></trkpt><trkpt lat="38.98763" lon="-120.18844000000001"><ele>2414.0</ele></trkpt><trkpt lat="38.98745" lon="-120.18839000000003"><ele>2415.7631915472093</ele></trkpt><trkpt lat="38.98719" lon="-120.18819000000002"><ele>2417.0</ele></trkpt><trkpt lat="38.98697" lon="-120.18813999999998"><ele>2416.646541390568</ele></trkpt><trkpt lat="38.98673" lon="-120.18799000000001"><ele>2416.0</ele></trkpt><trkpt lat="38.9865" lon="-120.18792000000002"><ele>2415.0</ele></trkpt><trkpt lat="38.9863" lon="-120.18772999999999"><ele>2415.0</ele></trkpt><trkpt lat="38.98608" lon="-120.18759999999997"><ele>2415.0</ele></trkpt><trkpt lat="38.98593" lon="-120.18743999999998"><ele>2416.0</ele></trkpt><trkpt lat="38.98588" lon="-120.18718999999999"><ele>2419.0</ele></trkpt><trkpt lat="38.9858" lon="-120.18707999999998"><ele>2419.0</ele></trkpt><trkpt lat="38.98552" lon="-120.18691999999999"><ele>2418.0449878577165</ele></trkpt><trkpt lat="38.98529" lon="-120.18684000000002"><ele>2417.983564471794</ele></trkpt><trkpt lat="38.98522" lon="-120.18666000000002"><ele>2420.0</ele></trkpt><trkpt lat="38.98505" lon="-120.18657999999999"><ele>2421.908440889325</ele></trkpt><trkpt lat="38.98497" lon="-120.18642"><ele>2424.3649813332595</ele></trkpt><trkpt lat="38.98462" lon="-120.18642"><ele>2425.0</ele></trkpt><trkpt lat="38.98447" lon="-120.18624999999997"><ele>2427.218091470168</ele></trkpt><trkpt lat="38.98427" lon="-120.18621000000002"><ele>2430.0</ele></trkpt><trkpt lat="38.98405" lon="-120.18603999999999"><ele>2433.074264889583</ele></trkpt><trkpt lat="38.98357" lon="-120.18603000000002"><ele>2437.632234782918</ele></trkpt><trkpt lat="38.98345" lon="-120.18594000000002"><ele>2441.2897240626908</ele></trkpt><trkpt lat="38.98315" lon="-120.18592000000001"><ele>2446.6666702218354</ele></trkpt><trkpt lat="38.98299" lon="-120.18587000000002"><ele>2449.9697586999473</ele></trkpt><trkpt lat="38.98251" lon="-120.18583999999998"><ele>2457.394940444734</ele></trkpt><trkpt lat="38.98234" lon="-120.18567000000002"><ele>2463.0</ele></trkpt><trkpt lat="38.98217" lon="-120.18564000000003"><ele>2465.7537100626673</ele></trkpt><trkpt lat="38.98186" lon="-120.18546000000003"><ele>2468.0</ele></trkpt><trkpt lat="38.98148" lon="-120.18509"><ele>2466.0</ele></trkpt><trkpt lat="38.9809" lon="-120.18420000000003"><ele>2459.0</ele></trkpt><trkpt lat="38.98052" lon="-120.18372999999997"><ele>2454.257250372672</ele></trkpt><trkpt lat="38.98043" lon="-120.18369999999999"><ele>2452.480988288079</ele></trkpt><trkpt lat="38.98019" lon="-120.18369999999999"><ele>2451.0</ele></trkpt><trkpt lat="38.98004" lon="-120.18367"><ele>2450.0</ele></trkpt><trkpt lat="38.97969" lon="-120.18313"><ele>2447.8708814387533</ele></trkpt><trkpt lat="38.97945" lon="-120.18315999999999"><ele>2450.0</ele></trkpt><trkpt lat="38.97937" lon="-120.18306000000001"><ele>2450.0</ele></trkpt><trkpt lat="38.97913" lon="-120.18258000000003"><ele>2447.0</ele></trkpt><trkpt lat="38.97902" lon="-120.18243999999999"><ele>2446.153575110715</ele></trkpt><trkpt lat="38.97869" lon="-120.18231000000003"><ele>2444.0</ele></trkpt><trkpt lat="38.97805" lon="-120.18177000000003"><ele>2438.0</ele></trkpt><trkpt lat="38.97789" lon="-120.18146999999999"><ele>2439.0</ele></trkpt><trkpt lat="38.97767" lon="-120.18138999999996"><ele>2438.0</ele></trkpt><trkpt lat="38.97747" lon="-120.18097"><ele>2438.0</ele></trkpt><trkpt lat="38.97736" lon="-120.18090999999998"><ele>2437.0</ele></trkpt><trkpt lat="38.97714" lon="-120.18060000000003"><ele>2435.5924981050393</ele></trkpt><trkpt lat="38.97708" lon="-120.18042000000003"><ele>2435.0</ele></trkpt><trkpt lat="38.97683" lon="-120.18025"><ele>2433.9754044605957</ele></trkpt><trkpt lat="38.97673" lon="-120.18011999999999"><ele>2433.7134926148765</ele></trkpt><trkpt lat="38.97658" lon="-120.17978"><ele>2432.0</ele></trkpt><trkpt lat="38.97649" lon="-120.17966000000001"><ele>2431.0</ele></trkpt><trkpt lat="38.97649" lon="-120.17966000000001"><ele>2431.0</ele></trkpt><trkpt lat="38.97643" lon="-120.17957000000001"><ele>2430.0</ele></trkpt><trkpt lat="38.97633" lon="-120.17950000000002"><ele>2428.106048874194</ele></trkpt><trkpt lat="38.97613" lon="-120.17944999999997"><ele>2425.0</ele></trkpt><trkpt lat="38.97598" lon="-120.17928999999998"><ele>2423.0</ele></trkpt><trkpt lat="38.97552" lon="-120.17919999999998"><ele>2417.0</ele></trkpt><trkpt lat="38.97515" lon="-120.17903999999999"><ele>2412.015589683139</ele></trkpt><trkpt lat="38.9749" lon="-120.17883"><ele>2409.0356576722115</ele></trkpt><trkpt lat="38.97468" lon="-120.17856"><ele>2406.0</ele></trkpt><trkpt lat="38.97454" lon="-120.17817000000002"><ele>2407.0</ele></trkpt><trkpt lat="38.97439" lon="-120.17793"><ele>2406.0</ele></trkpt><trkpt lat="38.97425" lon="-120.17786999999998"><ele>2406.8238613335416</ele></trkpt><trkpt lat="38.97415" lon="-120.17773"><ele>2406.026589792395</ele></trkpt><trkpt lat="38.97408" lon="-120.17758000000003"><ele>2407.0</ele></trkpt><trkpt lat="38.97404" lon="-120.17734000000002"><ele>2406.0</ele></trkpt><trkpt lat="38.97384" lon="-120.17705000000001"><ele>2405.0</ele></trkpt><trkpt lat="38.9737" lon="-120.17668000000003"><ele>2405.0</ele></trkpt><trkpt lat="38.97349616298151" lon="-120.17643733688277"><ele>2406.0</ele></trkpt><trkpt lat="38.973490000000005" lon="-120.17642999999998"><ele>2406.0</ele></trkpt><trkpt lat="38.97336" lon="-120.1764"><ele>2407.0</ele></trkpt><trkpt lat="38.97319" lon="-120.17617999999999"><ele>2408.0</ele></trkpt><trkpt lat="38.97275" lon="-120.17539999999997"><ele>2412.0</ele></trkpt><trkpt lat="38.97258" lon="-120.17521999999997"><ele>2413.036974929273</ele></trkpt><trkpt lat="38.97227" lon="-120.17470000000003"><ele>2416.0</ele></trkpt><trkpt lat="38.97209" lon="-120.17471999999998"><ele>2416.4094913434237</ele></trkpt><trkpt lat="38.97197" lon="-120.17458999999997"><ele>2417.0</ele></trkpt><trkpt lat="38.97177" lon="-120.17430000000002"><ele>2417.0</ele></trkpt><trkpt lat="38.97167" lon="-120.17412999999999"><ele>2417.0</ele></trkpt><trkpt lat="38.97168" lon="-120.17392999999998"><ele>2417.0</ele></trkpt><trkpt lat="38.97154" lon="-120.17354"><ele>2417.0</ele></trkpt><trkpt lat="38.97154" lon="-120.17331000000001"><ele>2417.0</ele></trkpt><trkpt lat="38.97157" lon="-120.17311000000001"><ele>2417.419897163287</ele></trkpt><trkpt lat="38.97148" lon="-120.17282999999998"><ele>2416.0</ele></trkpt><trkpt lat="38.97148" lon="-120.17257999999998"><ele>2416.0</ele></trkpt><trkpt lat="38.97128" lon="-120.17230999999998"><ele>2413.0</ele></trkpt><trkpt lat="38.97132" lon="-120.17201999999997"><ele>2413.0</ele></trkpt><trkpt lat="38.97113" lon="-120.17182000000003"><ele>2410.0</ele></trkpt><trkpt lat="38.97114" lon="-120.17165999999997"><ele>2409.0</ele></trkpt><trkpt lat="38.97092" lon="-120.1714"><ele>2406.0</ele></trkpt><trkpt lat="38.97085" lon="-120.17124000000001"><ele>2405.0</ele></trkpt><trkpt lat="38.97083" lon="-120.17092000000002"><ele>2407.9378861635923</ele></trkpt><trkpt lat="38.97061" lon="-120.17054999999999"><ele>2405.0049363580797</ele></trkpt><trkpt lat="38.97053" lon="-120.17029000000002"><ele>2403.150677946547</ele></trkpt><trkpt lat="38.97027" lon="-120.17014"><ele>2400.0679715550505</ele></trkpt><trkpt lat="38.9702" lon="-120.16994999999997"><ele>2401.922613334842</ele></trkpt><trkpt lat="38.96967" lon="-120.16951"><ele>2398.0</ele></trkpt><trkpt lat="38.96959" lon="-120.1694"><ele>2397.0</ele></trkpt><trkpt lat="38.96942" lon="-120.16935000000001"><ele>2395.8846399993636</ele></trkpt><trkpt lat="38.96931" lon="-120.16939000000002"><ele>2395.9805145590312</ele></trkpt><trkpt lat="38.96927" lon="-120.16951"><ele>2395.428099555429</ele></trkpt><trkpt lat="38.96925" lon="-120.16973999999999"><ele>2392.0</ele></trkpt><trkpt lat="38.96912" lon="-120.16971000000001"><ele>2392.391446916702</ele></trkpt><trkpt lat="38.96902" lon="-120.16973000000002"><ele>2392.4678422033926</ele></trkpt><trkpt lat="38.96895" lon="-120.16970000000003"><ele>2392.0</ele></trkpt><trkpt lat="38.96883" lon="-120.16971999999998"><ele>2391.0</ele></trkpt><trkpt lat="38.96841" lon="-120.17021999999997"><ele>2384.341952707647</ele></trkpt><trkpt lat="38.96832" lon="-120.17045999999999"><ele>2382.0</ele></trkpt><trkpt lat="38.96815" lon="-120.17063999999999"><ele>2380.0</ele></trkpt><trkpt lat="38.96794" lon="-120.17090999999999"><ele>2375.8314260952175</ele></trkpt><trkpt lat="38.96789" lon="-120.17104"><ele>2373.1042450850214</ele></trkpt><trkpt lat="38.96778" lon="-120.17102"><ele>2371.0</ele></trkpt><trkpt lat="38.96773" lon="-120.17117000000002"><ele>2369.0</ele></trkpt><trkpt lat="38.96771" lon="-120.17138"><ele>2367.0</ele></trkpt><trkpt lat="38.96758" lon="-120.17155000000002"><ele>2363.5198427115847</ele></trkpt><trkpt lat="38.9675" lon="-120.17156999999997"><ele>2363.0</ele></trkpt><trkpt lat="38.96738" lon="-120.17155000000002"><ele>2360.265051458031</ele></trkpt><trkpt lat="38.96738" lon="-120.17180000000002"><ele>2356.187222925658</ele></trkpt><trkpt lat="38.9673" lon="-120.17199"><ele>2352.4002046718465</ele></trkpt><trkpt lat="38.96714" lon="-120.1721"><ele>2349.0</ele></trkpt><trkpt lat="38.96708" lon="-120.17205000000001"><ele>2348.0</ele></trkpt><trkpt lat="38.96695" lon="-120.17203999999998"><ele>2345.0</ele></trkpt><trkpt lat="38.96681" lon="-120.17209000000003"><ele>2343.0190523240776</ele></trkpt><trkpt lat="38.96662" lon="-120.17207000000002"><ele>2342.0</ele></trkpt><trkpt lat="38.96652" lon="-120.17194999999998"><ele>2341.28414222179</ele></trkpt><trkpt lat="38.96627" lon="-120.17187000000001"><ele>2339.0</ele></trkpt><trkpt lat="38.96614" lon="-120.17189000000002"><ele>2338.0</ele></trkpt><trkpt lat="38.96607" lon="-120.17181"><ele>2338.0</ele></trkpt><trkpt lat="38.96598" lon="-120.17154"><ele>2336.1767573333345</ele></trkpt><trkpt lat="38.96584" lon="-120.17149"><ele>2334.0</ele></trkpt><trkpt lat="38.9658" lon="-120.17140999999998"><ele>2334.0</ele></trkpt><trkpt lat="38.96524" lon="-120.17128000000002"><ele>2326.9959928914905</ele></trkpt><trkpt lat="38.96509" lon="-120.17133999999999"><ele>2324.0</ele></trkpt><trkpt lat="38.96491" lon="-120.17145"><ele>2323.7872697504645</ele></trkpt><trkpt lat="38.96464" lon="-120.17151000000001"><ele>2320.0</ele></trkpt><trkpt lat="38.96449" lon="-120.17160999999999"><ele>2320.0</ele></trkpt><trkpt lat="38.96432" lon="-120.17162000000002"><ele>2319.0</ele></trkpt><trkpt lat="38.96393" lon="-120.17153000000002"><ele>2318.0</ele></trkpt><trkpt lat="38.96371" lon="-120.17149999999998"><ele>2319.0</ele></trkpt><trkpt lat="38.96343" lon="-120.17133999999999"><ele>2320.0</ele></trkpt><trkpt lat="38.96314" lon="-120.17131999999998"><ele>2319.0</ele></trkpt><trkpt lat="38.96305" lon="-120.17117999999999"><ele>2319.0</ele></trkpt><trkpt lat="38.96288" lon="-120.17110000000002"><ele>2319.0</ele></trkpt><trkpt lat="38.96266" lon="-120.17072999999999"><ele>2318.0</ele></trkpt><trkpt lat="38.96252" lon="-120.17063999999999"><ele>2317.0</ele></trkpt><trkpt lat="38.96197" lon="-120.17059999999998"><ele>2315.0</ele></trkpt><trkpt lat="38.96172" lon="-120.17084"><ele>2314.0</ele></trkpt><trkpt lat="38.96165" lon="-120.17101000000002"><ele>2318.0</ele></trkpt><trkpt lat="38.96147" lon="-120.17108999999999"><ele>2320.0</ele></trkpt><trkpt lat="38.96133" lon="-120.17102999999997"><ele>2321.0</ele></trkpt><trkpt lat="38.9612" lon="-120.17102999999997"><ele>2322.059820308093</ele></trkpt><trkpt lat="38.96109" lon="-120.17111"><ele>2324.0</ele></trkpt><trkpt lat="38.96087" lon="-120.17106000000001"><ele>2327.0</ele></trkpt><trkpt lat="38.96074" lon="-120.17111"><ele>2329.0</ele></trkpt><trkpt lat="38.96062" lon="-120.1712"><ele>2331.938580889832</ele></trkpt><trkpt lat="38.96053" lon="-120.17117999999999"><ele>2334.0</ele></trkpt><trkpt lat="38.95968" lon="-120.17068999999998"><ele>2349.0</ele></trkpt><trkpt lat="38.95941" lon="-120.17065000000002"><ele>2353.828146000405</ele></trkpt><trkpt lat="38.95941" lon="-120.17065000000002"><ele>2353.828146000405</ele></trkpt><trkpt lat="38.9591" lon="-120.17048999999997"><ele>2358.0</ele></trkpt><trkpt lat="38.95877" lon="-120.17039999999997"><ele>2361.7950955738816</ele></trkpt><trkpt lat="38.9586" lon="-120.17025999999998"><ele>2362.0</ele></trkpt><trkpt lat="38.95824" lon="-120.17014"><ele>2361.511338976767</ele></trkpt><trkpt lat="38.95779" lon="-120.17011000000002"><ele>2362.0</ele></trkpt><trkpt lat="38.95725" lon="-120.16985"><ele>2360.4864891585853</ele></trkpt><trkpt lat="38.95704" lon="-120.16980999999998"><ele>2361.0</ele></trkpt><trkpt lat="38.95692" lon="-120.16970000000003"><ele>2360.4767705407203</ele></trkpt><trkpt lat="38.95685" lon="-120.16953000000001"><ele>2361.0</ele></trkpt><trkpt lat="38.95673" lon="-120.16908999999998"><ele>2363.0</ele></trkpt><trkpt lat="38.95662" lon="-120.16889000000003"><ele>2363.3221937757917</ele></trkpt><trkpt lat="38.95619" lon="-120.16845999999998"><ele>2367.0</ele></trkpt><trkpt lat="38.95619" lon="-120.16845999999998"><ele>2367.0</ele></trkpt><trkpt lat="38.95578" lon="-120.16814"><ele>2371.2747271112166</ele></trkpt><trkpt lat="38.95568" lon="-120.16791999999998"><ele>2374.0</ele></trkpt><trkpt lat="38.95562" lon="-120.16773999999998"><ele>2376.9160782229155</ele></trkpt><trkpt lat="38.95545" lon="-120.16757000000001"><ele>2380.0</ele></trkpt><trkpt lat="38.95532" lon="-120.16750000000002"><ele>2382.0</ele></trkpt><trkpt lat="38.95514" lon="-120.16757000000001"><ele>2382.0</ele></trkpt><trkpt lat="38.95498" lon="-120.16755"><ele>2384.0</ele></trkpt><trkpt lat="38.9548" lon="-120.1676"><ele>2386.0</ele></trkpt><trkpt lat="38.95459" lon="-120.16775999999999"><ele>2389.0</ele></trkpt><trkpt lat="38.95437" lon="-120.16769"><ele>2390.0</ele></trkpt><trkpt lat="38.95424" lon="-120.16773"><ele>2390.0</ele></trkpt><trkpt lat="38.95391" lon="-120.16793999999999"><ele>2388.0</ele></trkpt><trkpt lat="38.95346" lon="-120.16795000000002"><ele>2391.0</ele></trkpt><trkpt lat="38.95323" lon="-120.16790000000003"><ele>2393.0</ele></trkpt><trkpt lat="38.95304" lon="-120.16777000000002"><ele>2394.0</ele></trkpt><trkpt lat="38.95281" lon="-120.16772000000003"><ele>2396.0</ele></trkpt><trkpt lat="38.95237" lon="-120.16766999999999"><ele>2398.0</ele></trkpt><trkpt lat="38.95218" lon="-120.16772000000003"><ele>2398.7633116523825</ele></trkpt><trkpt lat="38.95195" lon="-120.16764"><ele>2399.0</ele></trkpt><trkpt lat="38.95182" lon="-120.16750000000002"><ele>2400.0</ele></trkpt><trkpt lat="38.95175" lon="-120.16728999999998"><ele>2401.9426083703515</ele></trkpt><trkpt lat="38.95172" lon="-120.16694000000001"><ele>2405.0</ele></trkpt><trkpt lat="38.95167" lon="-120.16678000000002"><ele>2407.0</ele></trkpt><trkpt lat="38.9515" lon="-120.16669000000002"><ele>2408.0</ele></trkpt><trkpt lat="38.95139" lon="-120.16638999999998"><ele>2409.0</ele></trkpt><trkpt lat="38.95127" lon="-120.16622999999998"><ele>2411.0</ele></trkpt><trkpt lat="38.9512" lon="-120.16615000000002"><ele>2412.0154488878325</ele></trkpt><trkpt lat="38.95108" lon="-120.16615999999999"><ele>2413.639969835058</ele></trkpt><trkpt lat="38.95089" lon="-120.16610000000003"><ele>2415.36255413017</ele></trkpt><trkpt lat="38.95044" lon="-120.16577000000001"><ele>2418.0</ele></trkpt><trkpt lat="38.9503" lon="-120.16575"><ele>2419.0</ele></trkpt><trkpt lat="38.95017" lon="-120.16557"><ele>2420.037587976992</ele></trkpt><trkpt lat="38.94993" lon="-120.16537"><ele>2424.2028949549313</ele></trkpt><trkpt lat="38.94982" lon="-120.16518000000002"><ele>2428.8862480269845</ele></trkpt><trkpt lat="38.94967597564119" lon="-120.1650071707694"><ele>2430.275151257869</ele></trkpt><trkpt lat="38.949619999999996" lon="-120.16494"><ele>2432.0</ele></trkpt><trkpt lat="38.94961" lon="-120.16466000000003"><ele>2436.4544817768037</ele></trkpt><trkpt lat="38.94954" lon="-120.16458"><ele>2438.0</ele></trkpt><trkpt lat="38.94949" lon="-120.16444999999999"><ele>2439.3010374439946</ele></trkpt><trkpt lat="38.94918" lon="-120.16430000000003"><ele>2444.0</ele></trkpt><trkpt lat="38.94909" lon="-120.16417999999999"><ele>2446.980809338089</ele></trkpt><trkpt lat="38.94899" lon="-120.16394000000003"><ele>2452.008913775906</ele></trkpt><trkpt lat="38.94906" lon="-120.16372999999999"><ele>2456.0</ele></trkpt><trkpt lat="38.94902" lon="-120.16365000000002"><ele>2458.0</ele></trkpt><trkpt lat="38.94877" lon="-120.16356000000002"><ele>2461.0478423195773</ele></trkpt><trkpt lat="38.94871" lon="-120.16352"><ele>2462.0</ele></trkpt><trkpt lat="38.9488" lon="-120.16336999999999"><ele>2464.4188056932426</ele></trkpt><trkpt lat="38.9487" lon="-120.16316999999998"><ele>2468.0</ele></trkpt><trkpt lat="38.94853" lon="-120.16316"><ele>2469.0</ele></trkpt><trkpt lat="38.94839" lon="-120.16309000000001"><ele>2470.0</ele></trkpt><trkpt lat="38.94785" lon="-120.16264999999999"><ele>2475.0</ele></trkpt><trkpt lat="38.94769" lon="-120.16239000000002"><ele>2476.0</ele></trkpt><trkpt lat="38.94775" lon="-120.16219999999998"><ele>2477.0</ele></trkpt><trkpt lat="38.94772" lon="-120.16210000000001"><ele>2477.0</ele></trkpt><trkpt lat="38.9476" lon="-120.16201999999998"><ele>2477.0</ele></trkpt><trkpt lat="38.94753" lon="-120.16183000000001"><ele>2477.0</ele></trkpt><trkpt lat="38.94741" lon="-120.1617"><ele>2476.0</ele></trkpt><trkpt lat="38.94726" lon="-120.16161"><ele>2474.405216000043</ele></trkpt><trkpt lat="38.94697" lon="-120.16133000000002"><ele>2473.0</ele></trkpt><trkpt lat="38.94676" lon="-120.16093999999998"><ele>2471.0</ele></trkpt><trkpt lat="38.94655" lon="-120.16062999999997"><ele>2469.0</ele></trkpt><trkpt lat="38.94649" lon="-120.16041000000001"><ele>2469.0</ele></trkpt><trkpt lat="38.94631" lon="-120.16029000000003"><ele>2467.522957706824</ele></trkpt><trkpt lat="38.94626" lon="-120.16012999999998"><ele>2467.299144393642</ele></trkpt><trkpt lat="38.94603" lon="-120.16014000000001"><ele>2465.7708196862895</ele></trkpt><trkpt lat="38.94583" lon="-120.15981"><ele>2465.365718156153</ele></trkpt><trkpt lat="38.94564" lon="-120.15978000000001"><ele>2463.330029941012</ele></trkpt><trkpt lat="38.94555" lon="-120.15969000000001"><ele>2463.0719914445885</ele></trkpt><trkpt lat="38.94538" lon="-120.15962000000002"><ele>2462.8644150836385</ele></trkpt><trkpt lat="38.94504" lon="-120.15924000000001"><ele>2462.0</ele></trkpt><trkpt lat="38.94504" lon="-120.15924000000001"><ele>2462.0</ele></trkpt><trkpt lat="38.94486" lon="-120.15922"><ele>2462.0</ele></trkpt><trkpt lat="38.94473" lon="-120.15911"><ele>2461.0874771530803</ele></trkpt><trkpt lat="38.94454" lon="-120.15876000000003"><ele>2461.0</ele></trkpt><trkpt lat="38.94442" lon="-120.15859999999998"><ele>2461.0</ele></trkpt><trkpt lat="38.94388" lon="-120.15822000000003"><ele>2459.0</ele></trkpt><trkpt lat="38.94369" lon="-120.15818999999999"><ele>2458.0</ele></trkpt><trkpt lat="38.94352" lon="-120.15812"><ele>2458.082793212174</ele></trkpt><trkpt lat="38.9432" lon="-120.15834000000001"><ele>2453.0</ele></trkpt><trkpt lat="38.94305" lon="-120.15834000000001"><ele>2451.9878293331712</ele></trkpt><trkpt lat="38.94295" lon="-120.15841"><ele>2450.7255928888917</ele></trkpt><trkpt lat="38.94291" lon="-120.15854999999999"><ele>2450.0</ele></trkpt><trkpt lat="38.94294" lon="-120.15875"><ele>2450.0</ele></trkpt><trkpt lat="38.94286" lon="-120.15891999999997"><ele>2448.9914661236744</ele></trkpt><trkpt lat="38.94277" lon="-120.15891999999997"><ele>2447.0</ele></trkpt><trkpt lat="38.9427" lon="-120.15877"><ele>2447.0</ele></trkpt><trkpt lat="38.9425" lon="-120.15864999999997"><ele>2444.2266594469547</ele></trkpt><trkpt lat="38.94242" lon="-120.15849000000003"><ele>2444.0</ele></trkpt><trkpt lat="38.94232" lon="-120.15846999999997"><ele>2442.441311057657</ele></trkpt><trkpt lat="38.94232" lon="-120.15846999999997"><ele>2442.441311057657</ele></trkpt><trkpt lat="38.94223" lon="-120.15840000000003"><ele>2441.0</ele></trkpt><trkpt lat="38.94215" lon="-120.15823999999998"><ele>2439.2551738359034</ele></trkpt><trkpt lat="38.94201" lon="-120.15822000000003"><ele>2437.944006906195</ele></trkpt><trkpt lat="38.94183" lon="-120.15798999999998"><ele>2436.0</ele></trkpt><trkpt lat="38.94172" lon="-120.15792999999996"><ele>2434.0466880592485</ele></trkpt><trkpt lat="38.94165" lon="-120.15764000000001"><ele>2431.7256108252823</ele></trkpt><trkpt lat="38.94152" lon="-120.15755999999999"><ele>2430.0</ele></trkpt><trkpt lat="38.94129" lon="-120.15723000000003"><ele>2428.0</ele></trkpt><trkpt lat="38.94129" lon="-120.15690999999998"><ele>2427.0</ele></trkpt><trkpt lat="38.94115" lon="-120.15663"><ele>2425.337213965133</ele></trkpt><trkpt lat="38.94111" lon="-120.15643999999998"><ele>2424.0</ele></trkpt><trkpt lat="38.94117" lon="-120.15615000000003"><ele>2423.0</ele></trkpt><trkpt lat="38.94112" lon="-120.15582999999998"><ele>2421.0</ele></trkpt><trkpt lat="38.94089" lon="-120.15553"><ele>2420.0</ele></trkpt><trkpt lat="38.94058" lon="-120.15526999999997"><ele>2419.0</ele></trkpt><trkpt lat="38.94052" lon="-120.15526"><ele>2416.805439549775</ele></trkpt><trkpt lat="38.94056" lon="-120.15543000000002"><ele>2414.9944567778953</ele></trkpt><trkpt lat="38.94052" lon="-120.15544999999997"><ele>2412.865133354151</ele></trkpt><trkpt lat="38.94037" lon="-120.15541000000002"><ele>2411.535726221744</ele></trkpt><trkpt lat="38.94025" lon="-120.15530000000001"><ele>2410.0</ele></trkpt><trkpt lat="38.94019" lon="-120.15521000000001"><ele>2410.6731692980975</ele></trkpt><trkpt lat="38.94004" lon="-120.15521999999999"><ele>2407.895916378233</ele></trkpt><trkpt lat="38.93999" lon="-120.15510999999998"><ele>2408.8334392011166</ele></trkpt><trkpt lat="38.93967" lon="-120.15512999999999"><ele>2404.0</ele></trkpt><trkpt lat="38.93958" lon="-120.15507000000002"><ele>2404.0</ele></trkpt><trkpt lat="38.93948" lon="-120.15535999999997"><ele>2402.3731828398704</ele></trkpt><trkpt lat="38.9393" lon="-120.15541000000002"><ele>2401.0</ele></trkpt><trkpt lat="38.93927" lon="-120.15557000000001"><ele>2401.0549341130745</ele></trkpt><trkpt lat="38.93924" lon="-120.15591999999998"><ele>2398.896259037778</ele></trkpt><trkpt lat="38.93939" lon="-120.15627999999998"><ele>2397.9989281971116</ele></trkpt><trkpt lat="38.93953" lon="-120.15699000000001"><ele>2394.097610667348</ele></trkpt><trkpt lat="38.93925" lon="-120.15706999999998"><ele>2392.0</ele></trkpt><trkpt lat="38.93892" lon="-120.15704"><ele>2389.0</ele></trkpt><trkpt lat="38.93862" lon="-120.15715"><ele>2388.0</ele></trkpt><trkpt lat="38.9383" lon="-120.15712000000002"><ele>2387.0</ele></trkpt><trkpt lat="38.93807" lon="-120.15697"><ele>2387.0</ele></trkpt><trkpt lat="38.93786" lon="-120.15697"><ele>2387.0</ele></trkpt><trkpt lat="38.93752" lon="-120.15667000000002"><ele>2387.0</ele></trkpt><trkpt lat="38.93747" lon="-120.15649000000002"><ele>2387.0</ele></trkpt><trkpt lat="38.9375" lon="-120.15615000000003"><ele>2388.049226664938</ele></trkpt><trkpt lat="38.93749" lon="-120.15604000000002"><ele>2389.0</ele></trkpt><trkpt lat="38.93729" lon="-120.15591999999998"><ele>2388.0</ele></trkpt><trkpt lat="38.93716" lon="-120.15575999999999"><ele>2390.0612929414374</ele></trkpt><trkpt lat="38.93714" lon="-120.15559000000002"><ele>2392.0</ele></trkpt><trkpt lat="38.93696" lon="-120.15548999999999"><ele>2395.0</ele></trkpt><trkpt lat="38.9366" lon="-120.15517"><ele>2398.2788341268897</ele></trkpt><trkpt lat="38.93643" lon="-120.15512999999999"><ele>2400.77744636075</ele></trkpt><trkpt lat="38.93629" lon="-120.15499"><ele>2404.0161492651623</ele></trkpt><trkpt lat="38.93627" lon="-120.15487999999999"><ele>2405.0</ele></trkpt><trkpt lat="38.93619" lon="-120.15478000000002"><ele>2405.0</ele></trkpt><trkpt lat="38.93609" lon="-120.15476000000001"><ele>2405.0</ele></trkpt><trkpt lat="38.93583" lon="-120.15476999999998"><ele>2407.0</ele></trkpt><trkpt lat="38.93575" lon="-120.15469999999999"><ele>2407.0</ele></trkpt><trkpt lat="38.93565" lon="-120.15469000000002"><ele>2408.0</ele></trkpt><trkpt lat="38.93548" lon="-120.15475000000004"><ele>2408.8878147709856</ele></trkpt><trkpt lat="38.93534" lon="-120.15462000000002"><ele>2407.0</ele></trkpt><trkpt lat="38.93524" lon="-120.15460999999999"><ele>2407.138116931336</ele></trkpt><trkpt lat="38.93503" lon="-120.15451999999999"><ele>2410.337932303442</ele></trkpt><trkpt lat="38.93484" lon="-120.15456"><ele>2411.0</ele></trkpt><trkpt lat="38.93467" lon="-120.15456"><ele>2412.0</ele></trkpt><trkpt lat="38.934100969932175" lon="-120.15434890820063"><ele>2416.986188204959</ele></trkpt><trkpt lat="38.93411086903315" lon="-120.15435258035876"><ele>2416.81505323248</ele></trkpt><trkpt lat="38.93467" lon="-120.15456"><ele>2412.0</ele></trkpt><trkpt lat="38.93484" lon="-120.15456"><ele>2411.0</ele></trkpt><trkpt lat="38.93503" lon="-120.15451999999999"><ele>2410.337932303442</ele></trkpt><trkpt lat="38.93524" lon="-120.15460999999999"><ele>2407.138116931336</ele></trkpt><trkpt lat="38.93534" lon="-120.15462000000002"><ele>2407.0</ele></trkpt><trkpt lat="38.93548" lon="-120.15475000000004"><ele>2408.8878147709856</ele></trkpt><trkpt lat="38.93565" lon="-120.15469000000002"><ele>2408.0</ele></trkpt><trkpt lat="38.93575" lon="-120.15469999999999"><ele>2407.0</ele></trkpt><trkpt lat="38.93583" lon="-120.15476999999998"><ele>2407.0</ele></trkpt><trkpt lat="38.93609" lon="-120.15476000000001"><ele>2405.0</ele></trkpt><trkpt lat="38.93619" lon="-120.15478000000002"><ele>2405.0</ele></trkpt><trkpt lat="38.93627" lon="-120.15487999999999"><ele>2405.0</ele></trkpt><trkpt lat="38.93629" lon="-120.15499"><ele>2404.0161492651623</ele></trkpt><trkpt lat="38.93643" lon="-120.15512999999999"><ele>2400.77744636075</ele></trkpt><trkpt lat="38.9366" lon="-120.15517"><ele>2398.2788341268897</ele></trkpt><trkpt lat="38.93696" lon="-120.15548999999999"><ele>2395.0</ele></trkpt><trkpt lat="38.93714" lon="-120.15559000000002"><ele>2392.0</ele></trkpt><trkpt lat="38.93716" lon="-120.15575999999999"><ele>2390.0612929414374</ele></trkpt><trkpt lat="38.93729" lon="-120.15591999999998"><ele>2388.0</ele></trkpt><trkpt lat="38.93749" lon="-120.15604000000002"><ele>2389.0</ele></trkpt><trkpt lat="38.9375" lon="-120.15615000000003"><ele>2388.049226664938</ele></trkpt><trkpt lat="38.93747" lon="-120.15649000000002"><ele>2387.0</ele></trkpt><trkpt lat="38.93752" lon="-120.15667000000002"><ele>2387.0</ele></trkpt><trkpt lat="38.93786" lon="-120.15697"><ele>2387.0</ele></trkpt><trkpt lat="38.93807" lon="-120.15697"><ele>2387.0</ele></trkpt><trkpt lat="38.9383" lon="-120.15712000000002"><ele>2387.0</ele></trkpt><trkpt lat="38.93862" lon="-120.15715"><ele>2388.0</ele></trkpt><trkpt lat="38.93892" lon="-120.15704"><ele>2389.0</ele></trkpt><trkpt lat="38.93925" lon="-120.15706999999998"><ele>2392.0</ele></trkpt><trkpt lat="38.93953" lon="-120.15699000000001"><ele>2394.097610667348</ele></trkpt><trkpt lat="38.93939" lon="-120.15627999999998"><ele>2397.9989281971116</ele></trkpt><trkpt lat="38.93924" lon="-120.15591999999998"><ele>2398.896259037778</ele></trkpt><trkpt lat="38.93927" lon="-120.15557000000001"><ele>2401.0549341130745</ele></trkpt><trkpt lat="38.9393" lon="-120.15541000000002"><ele>2401.0</ele></trkpt><trkpt lat="38.93948" lon="-120.15535999999997"><ele>2402.3731828398704</ele></trkpt><trkpt lat="38.93958" lon="-120.15507000000002"><ele>2404.0</ele></trkpt><trkpt lat="38.93967" lon="-120.15512999999999"><ele>2404.0</ele></trkpt><trkpt lat="38.93999" lon="-120.15510999999998"><ele>2408.8334392011166</ele></trkpt><trkpt lat="38.94004" lon="-120.15521999999999"><ele>2407.895916378233</ele></trkpt><trkpt lat="38.94019" lon="-120.15521000000001"><ele>2410.6731692980975</ele></trkpt><trkpt lat="38.94025" lon="-120.15530000000001"><ele>2410.0</ele></trkpt><trkpt lat="38.94037" lon="-120.15541000000002"><ele>2411.535726221744</ele></trkpt><trkpt lat="38.94052" lon="-120.15544999999997"><ele>2412.865133354151</ele></trkpt><trkpt lat="38.94056" lon="-120.15543000000002"><ele>2414.9944567778953</ele></trkpt><trkpt lat="38.94052" lon="-120.15526"><ele>2416.805439549775</ele></trkpt><trkpt lat="38.94058" lon="-120.15526999999997"><ele>2419.0</ele></trkpt><trkpt lat="38.94089" lon="-120.15553"><ele>2420.0</ele></trkpt><trkpt lat="38.94112" lon="-120.15582999999998"><ele>2421.0</ele></trkpt><trkpt lat="38.94117" lon="-120.15615000000003"><ele>2423.0</ele></trkpt><trkpt lat="38.94111" lon="-120.15643999999998"><ele>2424.0</ele></trkpt><trkpt lat="38.94115" lon="-120.15663"><ele>2425.337213965133</ele></trkpt><trkpt lat="38.94129" lon="-120.15690999999998"><ele>2427.0</ele></trkpt><trkpt lat="38.94129" lon="-120.15723000000003"><ele>2428.0</ele></trkpt><trkpt lat="38.94152" lon="-120.15755999999999"><ele>2430.0</ele></trkpt><trkpt lat="38.94165" lon="-120.15764000000001"><ele>2431.7256108252823</ele></trkpt><trkpt lat="38.94172" lon="-120.15792999999996"><ele>2434.0466880592485</ele></trkpt><trkpt lat="38.94183" lon="-120.15798999999998"><ele>2436.0</ele></trkpt><trkpt lat="38.94201" lon="-120.15822000000003"><ele>2437.944006906195</ele></trkpt><trkpt lat="38.94215" lon="-120.15823999999998"><ele>2439.2551738359034</ele></trkpt><trkpt lat="38.94223" lon="-120.15840000000003"><ele>2441.0</ele></trkpt><trkpt lat="38.94232" lon="-120.15846999999997"><ele>2442.441311057657</ele></trkpt><trkpt lat="38.94232" lon="-120.15846999999997"><ele>2442.441311057657</ele></trkpt><trkpt lat="38.94242" lon="-120.15849000000003"><ele>2444.0</ele></trkpt><trkpt lat="38.9425" lon="-120.15864999999997"><ele>2444.2266594469547</ele></trkpt><trkpt lat="38.9427" lon="-120.15877"><ele>2447.0</ele></trkpt><trkpt lat="38.94277" lon="-120.15891999999997"><ele>2447.0</ele></trkpt><trkpt lat="38.94286" lon="-120.15891999999997"><ele>2448.9914661236744</ele></trkpt><trkpt lat="38.94294" lon="-120.15875"><ele>2450.0</ele></trkpt><trkpt lat="38.94291" lon="-120.15854999999999"><ele>2450.0</ele></trkpt><trkpt lat="38.94295" lon="-120.15841"><ele>2450.7255928888917</ele></trkpt><trkpt lat="38.94305" lon="-120.15834000000001"><ele>2451.9878293331712</ele></trkpt><trkpt lat="38.9432" lon="-120.15834000000001"><ele>2453.0</ele></trkpt><trkpt lat="38.94352" lon="-120.15812"><ele>2458.082793212174</ele></trkpt><trkpt lat="38.94369" lon="-120.15818999999999"><ele>2458.0</ele></trkpt><trkpt lat="38.94388" lon="-120.15822000000003"><ele>2459.0</ele></trkpt><trkpt lat="38.94442" lon="-120.15859999999998"><ele>2461.0</ele></trkpt><trkpt lat="38.94454" lon="-120.15876000000003"><ele>2461.0</ele></trkpt><trkpt lat="38.94473" lon="-120.15911"><ele>2461.0874771530803</ele></trkpt><trkpt lat="38.94486" lon="-120.15922"><ele>2462.0</ele></trkpt><trkpt lat="38.94504" lon="-120.15924000000001"><ele>2462.0</ele></trkpt><trkpt lat="38.94504" lon="-120.15924000000001"><ele>2462.0</ele></trkpt><trkpt lat="38.94538" lon="-120.15962000000002"><ele>2462.8644150836385</ele></trkpt><trkpt lat="38.94555" lon="-120.15969000000001"><ele>2463.0719914445885</ele></trkpt><trkpt lat="38.94564" lon="-120.15978000000001"><ele>2463.330029941012</ele></trkpt><trkpt lat="38.94583" lon="-120.15981"><ele>2465.365718156153</ele></trkpt><trkpt lat="38.94603" lon="-120.16014000000001"><ele>2465.7708196862895</ele></trkpt><trkpt lat="38.94626" lon="-120.16012999999998"><ele>2467.299144393642</ele></trkpt><trkpt lat="38.94631" lon="-120.16029000000003"><ele>2467.522957706824</ele></trkpt><trkpt lat="38.94649" lon="-120.16041000000001"><ele>2469.0</ele></trkpt><trkpt lat="38.94655" lon="-120.16062999999997"><ele>2469.0</ele></trkpt><trkpt lat="38.94676" lon="-120.16093999999998"><ele>2471.0</ele></trkpt><trkpt lat="38.94697" lon="-120.16133000000002"><ele>2473.0</ele></trkpt><trkpt lat="38.94726" lon="-120.16161"><ele>2474.405216000043</ele></trkpt><trkpt lat="38.94741" lon="-120.1617"><ele>2476.0</ele></trkpt><trkpt lat="38.94753" lon="-120.16183000000001"><ele>2477.0</ele></trkpt><trkpt lat="38.9476" lon="-120.16201999999998"><ele>2477.0</ele></trkpt><trkpt lat="38.94772" lon="-120.16210000000001"><ele>2477.0</ele></trkpt><trkpt lat="38.94775" lon="-120.16219999999998"><ele>2477.0</ele></trkpt><trkpt lat="38.94769" lon="-120.16239000000002"><ele>2476.0</ele></trkpt><trkpt lat="38.94785" lon="-120.16264999999999"><ele>2475.0</ele></trkpt><trkpt lat="38.94839" lon="-120.16309000000001"><ele>2470.0</ele></trkpt><trkpt lat="38.94853" lon="-120.16316"><ele>2469.0</ele></trkpt><trkpt lat="38.9487" lon="-120.16316999999998"><ele>2468.0</ele></trkpt><trkpt lat="38.9488" lon="-120.16336999999999"><ele>2464.4188056932426</ele></trkpt><trkpt lat="38.94871" lon="-120.16352"><ele>2462.0</ele></trkpt><trkpt lat="38.94877" lon="-120.16356000000002"><ele>2461.0478423195773</ele></trkpt><trkpt lat="38.94902" lon="-120.16365000000002"><ele>2458.0</ele></trkpt><trkpt lat="38.94906" lon="-120.16372999999999"><ele>2456.0</ele></trkpt><trkpt lat="38.94899" lon="-120.16394000000003"><ele>2452.008913775906</ele></trkpt><trkpt lat="38.94909" lon="-120.16417999999999"><ele>2446.980809338089</ele></trkpt><trkpt lat="38.94918" lon="-120.16430000000003"><ele>2444.0</ele></trkpt><trkpt lat="38.94949" lon="-120.16444999999999"><ele>2439.3010374439946</ele></trkpt><trkpt lat="38.94954" lon="-120.16458"><ele>2438.0</ele></trkpt><trkpt lat="38.94961" lon="-120.16466000000003"><ele>2436.4544817768037</ele></trkpt><trkpt lat="38.94962" lon="-120.16494"><ele>2432.0</ele></trkpt><trkpt lat="38.94982" lon="-120.16518000000002"><ele>2428.8862480269845</ele></trkpt><trkpt lat="38.94993" lon="-120.16537"><ele>2424.2028949549313</ele></trkpt><trkpt lat="38.95017" lon="-120.16557"><ele>2420.037587976992</ele></trkpt><trkpt lat="38.9503" lon="-120.16575"><ele>2419.0</ele></trkpt><trkpt lat="38.95044" lon="-120.16577000000001"><ele>2418.0</ele></trkpt><trkpt lat="38.95089" lon="-120.16610000000003"><ele>2415.36255413017</ele></trkpt><trkpt lat="38.95108" lon="-120.16615999999999"><ele>2413.639969835058</ele></trkpt><trkpt lat="38.9512" lon="-120.16615000000002"><ele>2412.0154488878325</ele></trkpt><trkpt lat="38.95127" lon="-120.16622999999998"><ele>2411.0</ele></trkpt><trkpt lat="38.95139" lon="-120.16638999999998"><ele>2409.0</ele></trkpt><trkpt lat="38.9515" lon="-120.16669000000002"><ele>2408.0</ele></trkpt><trkpt lat="38.95167" lon="-120.16678000000002"><ele>2407.0</ele></trkpt><trkpt lat="38.95172" lon="-120.16694000000001"><ele>2405.0</ele></trkpt><trkpt lat="38.95175" lon="-120.16728999999998"><ele>2401.9426083703515</ele></trkpt><trkpt lat="38.95182" lon="-120.16750000000002"><ele>2400.0</ele></trkpt><trkpt lat="38.95195" lon="-120.16764"><ele>2399.0</ele></trkpt><trkpt lat="38.95218" lon="-120.16772000000003"><ele>2398.7633116523825</ele></trkpt><trkpt lat="38.95237" lon="-120.16766999999999"><ele>2398.0</ele></trkpt><trkpt lat="38.95281" lon="-120.16772000000003"><ele>2396.0</ele></trkpt><trkpt lat="38.95304" lon="-120.16777000000002"><ele>2394.0</ele></trkpt><trkpt lat="38.95323" lon="-120.16790000000003"><ele>2393.0</ele></trkpt><trkpt lat="38.95346" lon="-120.16795000000002"><ele>2391.0</ele></trkpt><trkpt lat="38.95391" lon="-120.16793999999999"><ele>2388.0</ele></trkpt><trkpt lat="38.95424" lon="-120.16773"><ele>2390.0</ele></trkpt><trkpt lat="38.95437" lon="-120.16769"><ele>2390.0</ele></trkpt><trkpt lat="38.95459" lon="-120.16775999999999"><ele>2389.0</ele></trkpt><trkpt lat="38.9548" lon="-120.1676"><ele>2386.0</ele></trkpt><trkpt lat="38.95498" lon="-120.16755"><ele>2384.0</ele></trkpt><trkpt lat="38.95514" lon="-120.16757000000001"><ele>2382.0</ele></trkpt><trkpt lat="38.95532" lon="-120.16750000000002"><ele>2382.0</ele></trkpt><trkpt lat="38.95545" lon="-120.16757000000001"><ele>2380.0</ele></trkpt><trkpt lat="38.95562" lon="-120.16773999999998"><ele>2376.9160782229155</ele></trkpt><trkpt lat="38.95568" lon="-120.16791999999998"><ele>2374.0</ele></trkpt><trkpt lat="38.95578" lon="-120.16814"><ele>2371.2747271112166</ele></trkpt><trkpt lat="38.95619" lon="-120.16845999999998"><ele>2367.0</ele></trkpt><trkpt lat="38.95619" lon="-120.16845999999998"><ele>2367.0</ele></trkpt><trkpt lat="38.95662" lon="-120.16889000000003"><ele>2363.3221937757917</ele></trkpt><trkpt lat="38.95673" lon="-120.16908999999998"><ele>2363.0</ele></trkpt><trkpt lat="38.95685" lon="-120.16953000000001"><ele>2361.0</ele></trkpt><trkpt lat="38.95692" lon="-120.16970000000003"><ele>2360.4767705407203</ele></trkpt><trkpt lat="38.95704" lon="-120.16980999999998"><ele>2361.0</ele></trkpt><trkpt lat="38.95725" lon="-120.16985"><ele>2360.4864891585853</ele></trkpt><trkpt lat="38.95779" lon="-120.17011000000002"><ele>2362.0</ele></trkpt><trkpt lat="38.95824" lon="-120.17014"><ele>2361.511338976767</ele></trkpt><trkpt lat="38.9586" lon="-120.17025999999998"><ele>2362.0</ele></trkpt><trkpt lat="38.95877" lon="-120.17039999999997"><ele>2361.7950955738816</ele></trkpt><trkpt lat="38.9591" lon="-120.17048999999997"><ele>2358.0</ele></trkpt><trkpt lat="38.95941" lon="-120.17065000000002"><ele>2353.828146000405</ele></trkpt><trkpt lat="38.95941" lon="-120.17065000000002"><ele>2353.828146000405</ele></trkpt><trkpt lat="38.95968" lon="-120.17068999999998"><ele>2349.0</ele></trkpt><trkpt lat="38.96053" lon="-120.17117999999999"><ele>2334.0</ele></trkpt><trkpt lat="38.96062" lon="-120.1712"><ele>2331.938580889832</ele></trkpt><trkpt lat="38.96074" lon="-120.17111"><ele>2329.0</ele></trkpt><trkpt lat="38.96087" lon="-120.17106000000001"><ele>2327.0</ele></trkpt><trkpt lat="38.96109" lon="-120.17111"><ele>2324.0</ele></trkpt><trkpt lat="38.9612" lon="-120.17102999999997"><ele>2322.059820308093</ele></trkpt><trkpt lat="38.96133" lon="-120.17102999999997"><ele>2321.0</ele></trkpt><trkpt lat="38.96147" lon="-120.17108999999999"><ele>2320.0</ele></trkpt><trkpt lat="38.96165" lon="-120.17101000000002"><ele>2318.0</ele></trkpt><trkpt lat="38.96172" lon="-120.17084"><ele>2314.0</ele></trkpt><trkpt lat="38.96197" lon="-120.17059999999998"><ele>2315.0</ele></trkpt><trkpt lat="38.96252" lon="-120.17063999999999"><ele>2317.0</ele></trkpt><trkpt lat="38.96266" lon="-120.17072999999999"><ele>2318.0</ele></trkpt><trkpt lat="38.96288" lon="-120.17110000000002"><ele>2319.0</ele></trkpt><trkpt lat="38.96305" lon="-120.17117999999999"><ele>2319.0</ele></trkpt><trkpt lat="38.96314" lon="-120.17131999999998"><ele>2319.0</ele></trkpt><trkpt lat="38.96343" lon="-120.17133999999999"><ele>2320.0</ele></trkpt><trkpt lat="38.96371" lon="-120.17149999999998"><ele>2319.0</ele></trkpt><trkpt lat="38.96393" lon="-120.17153000000002"><ele>2318.0</ele></trkpt><trkpt lat="38.96432" lon="-120.17162000000002"><ele>2319.0</ele></trkpt><trkpt lat="38.96449" lon="-120.17160999999999"><ele>2320.0</ele></trkpt><trkpt lat="38.96464" lon="-120.17151000000001"><ele>2320.0</ele></trkpt><trkpt lat="38.96491" lon="-120.17145"><ele>2323.7872697504645</ele></trkpt><trkpt lat="38.96509" lon="-120.17133999999999"><ele>2324.0</ele></trkpt><trkpt lat="38.96524" lon="-120.17128000000002"><ele>2326.9959928914905</ele></trkpt><trkpt lat="38.9658" lon="-120.17140999999998"><ele>2334.0</ele></trkpt><trkpt lat="38.96584" lon="-120.17149"><ele>2334.0</ele></trkpt><trkpt lat="38.96598" lon="-120.17154"><ele>2336.1767573333345</ele></trkpt><trkpt lat="38.96607" lon="-120.17181"><ele>2338.0</ele></trkpt><trkpt lat="38.96614" lon="-120.17189000000002"><ele>2338.0</ele></trkpt><trkpt lat="38.96627" lon="-120.17187000000001"><ele>2339.0</ele></trkpt><trkpt lat="38.96652" lon="-120.17194999999998"><ele>2341.28414222179</ele></trkpt><trkpt lat="38.96662" lon="-120.17207000000002"><ele>2342.0</ele></trkpt><trkpt lat="38.96681" lon="-120.17209000000003"><ele>2343.0190523240776</ele></trkpt><trkpt lat="38.96695" lon="-120.17203999999998"><ele>2345.0</ele></trkpt><trkpt lat="38.96708" lon="-120.17205000000001"><ele>2348.0</ele></trkpt><trkpt lat="38.96714" lon="-120.1721"><ele>2349.0</ele></trkpt><trkpt lat="38.9673" lon="-120.17199"><ele>2352.4002046718465</ele></trkpt><trkpt lat="38.96738" lon="-120.17180000000002"><ele>2356.187222925658</ele></trkpt><trkpt lat="38.96738" lon="-120.17155000000002"><ele>2360.265051458031</ele></trkpt><trkpt lat="38.9675" lon="-120.17156999999997"><ele>2363.0</ele></trkpt><trkpt lat="38.96758" lon="-120.17155000000002"><ele>2363.5198427115847</ele></trkpt><trkpt lat="38.96771" lon="-120.17138"><ele>2367.0</ele></trkpt><trkpt lat="38.96773" lon="-120.17117000000002"><ele>2369.0</ele></trkpt><trkpt lat="38.96778" lon="-120.17102"><ele>2371.0</ele></trkpt><trkpt lat="38.96789" lon="-120.17104"><ele>2373.1042450850214</ele></trkpt><trkpt lat="38.96794" lon="-120.17090999999999"><ele>2375.8314260952175</ele></trkpt><trkpt lat="38.96815" lon="-120.17063999999999"><ele>2380.0</ele></trkpt><trkpt lat="38.96832" lon="-120.17045999999999"><ele>2382.0</ele></trkpt><trkpt lat="38.96841" lon="-120.17021999999997"><ele>2384.341952707647</ele></trkpt><trkpt lat="38.96883" lon="-120.16971999999998"><ele>2391.0</ele></trkpt><trkpt lat="38.96895" lon="-120.16970000000003"><ele>2392.0</ele></trkpt><trkpt lat="38.96902" lon="-120.16973000000002"><ele>2392.4678422033926</ele></trkpt><trkpt lat="38.96912" lon="-120.16971000000001"><ele>2392.391446916702</ele></trkpt><trkpt lat="38.96925" lon="-120.16973999999999"><ele>2392.0</ele></trkpt><trkpt lat="38.96927" lon="-120.16951"><ele>2395.428099555429</ele></trkpt><trkpt lat="38.96931" lon="-120.16939000000002"><ele>2395.9805145590312</ele></trkpt><trkpt lat="38.96942" lon="-120.16935000000001"><ele>2395.8846399993636</ele></trkpt><trkpt lat="38.96959" lon="-120.1694"><ele>2397.0</ele></trkpt><trkpt lat="38.96967" lon="-120.16951"><ele>2398.0</ele></trkpt><trkpt lat="38.9702" lon="-120.16994999999997"><ele>2401.922613334842</ele></trkpt><trkpt lat="38.97027" lon="-120.17014"><ele>2400.0679715550505</ele></trkpt><trkpt lat="38.97053" lon="-120.17029000000002"><ele>2403.150677946547</ele></trkpt><trkpt lat="38.97061" lon="-120.17054999999999"><ele>2405.0049363580797</ele></trkpt><trkpt lat="38.97083" lon="-120.17092000000002"><ele>2407.9378861635923</ele></trkpt><trkpt lat="38.97085" lon="-120.17124000000001"><ele>2405.0</ele></trkpt><trkpt lat="38.97092" lon="-120.1714"><ele>2406.0</ele></trkpt><trkpt lat="38.97114" lon="-120.17165999999997"><ele>2409.0</ele></trkpt><trkpt lat="38.97113" lon="-120.17182000000003"><ele>2410.0</ele></trkpt><trkpt lat="38.97132" lon="-120.17201999999997"><ele>2413.0</ele></trkpt><trkpt lat="38.97128" lon="-120.17230999999998"><ele>2413.0</ele></trkpt><trkpt lat="38.97148" lon="-120.17257999999998"><ele>2416.0</ele></trkpt><trkpt lat="38.97148" lon="-120.17282999999998"><ele>2416.0</ele></trkpt><trkpt lat="38.97157" lon="-120.17311000000001"><ele>2417.419897163287</ele></trkpt><trkpt lat="38.97154" lon="-120.17331000000001"><ele>2417.0</ele></trkpt><trkpt lat="38.97154" lon="-120.17354"><ele>2417.0</ele></trkpt><trkpt lat="38.97168" lon="-120.17392999999998"><ele>2417.0</ele></trkpt><trkpt lat="38.97167" lon="-120.17412999999999"><ele>2417.0</ele></trkpt><trkpt lat="38.97177" lon="-120.17430000000002"><ele>2417.0</ele></trkpt><trkpt lat="38.97197" lon="-120.17458999999997"><ele>2417.0</ele></trkpt><trkpt lat="38.97209" lon="-120.17471999999998"><ele>2416.4094913434237</ele></trkpt><trkpt lat="38.97227" lon="-120.17470000000003"><ele>2416.0</ele></trkpt><trkpt lat="38.97258" lon="-120.17521999999997"><ele>2413.036974929273</ele></trkpt><trkpt lat="38.97264470533673" lon="-120.17528851153298"><ele>2413.0</ele></trkpt><trkpt lat="38.97265491879737" lon="-120.17529932573223"><ele>2413.0</ele></trkpt><trkpt lat="38.97275" lon="-120.17539999999997"><ele>2412.0</ele></trkpt><trkpt lat="38.97319" lon="-120.17617999999999"><ele>2408.0</ele></trkpt><trkpt lat="38.97336" lon="-120.1764"><ele>2407.0</ele></trkpt><trkpt lat="38.97349" lon="-120.17642999999998"><ele>2406.0</ele></trkpt><trkpt lat="38.9737" lon="-120.17668000000003"><ele>2405.0</ele></trkpt><trkpt lat="38.97384" lon="-120.17705000000001"><ele>2405.0</ele></trkpt><trkpt lat="38.97404" lon="-120.17734000000002"><ele>2406.0</ele></trkpt><trkpt lat="38.97408" lon="-120.17758000000003"><ele>2407.0</ele></trkpt><trkpt lat="38.97415" lon="-120.17773"><ele>2406.026589792395</ele></trkpt><trkpt lat="38.97425" lon="-120.17786999999998"><ele>2406.8238613335416</ele></trkpt><trkpt lat="38.97439" lon="-120.17793"><ele>2406.0</ele></trkpt><trkpt lat="38.97454" lon="-120.17817000000002"><ele>2407.0</ele></trkpt><trkpt lat="38.97468" lon="-120.17856"><ele>2406.0</ele></trkpt><trkpt lat="38.9749" lon="-120.17883"><ele>2409.0356576722115</ele></trkpt><trkpt lat="38.97515" lon="-120.17903999999999"><ele>2412.015589683139</ele></trkpt><trkpt lat="38.97552" lon="-120.17919999999998"><ele>2417.0</ele></trkpt><trkpt lat="38.97598" lon="-120.17928999999998"><ele>2423.0</ele></trkpt><trkpt lat="38.97613" lon="-120.17944999999997"><ele>2425.0</ele></trkpt><trkpt lat="38.97633" lon="-120.17950000000002"><ele>2428.106048874194</ele></trkpt><trkpt lat="38.97643" lon="-120.17957000000001"><ele>2430.0</ele></trkpt><trkpt lat="38.97649" lon="-120.17966000000001"><ele>2431.0</ele></trkpt><trkpt lat="38.97649" lon="-120.17966000000001"><ele>2431.0</ele></trkpt><trkpt lat="38.97658" lon="-120.17978"><ele>2432.0</ele></trkpt><trkpt lat="38.97673" lon="-120.18011999999999"><ele>2433.7134926148765</ele></trkpt><trkpt lat="38.97683" lon="-120.18025"><ele>2433.9754044605957</ele></trkpt><trkpt lat="38.97708" lon="-120.18042000000003"><ele>2435.0</ele></trkpt><trkpt lat="38.97714" lon="-120.18060000000003"><ele>2435.5924981050393</ele></trkpt><trkpt lat="38.97736" lon="-120.18090999999998"><ele>2437.0</ele></trkpt><trkpt lat="38.97747" lon="-120.18097"><ele>2438.0</ele></trkpt><trkpt lat="38.97767" lon="-120.18138999999996"><ele>2438.0</ele></trkpt><trkpt lat="38.97789" lon="-120.18146999999999"><ele>2439.0</ele></trkpt><trkpt lat="38.97805" lon="-120.18177000000003"><ele>2438.0</ele></trkpt><trkpt lat="38.97869" lon="-120.18231000000003"><ele>2444.0</ele></trkpt><trkpt lat="38.97902" lon="-120.18243999999999"><ele>2446.153575110715</ele></trkpt><trkpt lat="38.97913" lon="-120.18258000000003"><ele>2447.0</ele></trkpt><trkpt lat="38.97937" lon="-120.18306000000001"><ele>2450.0</ele></trkpt><trkpt lat="38.97945" lon="-120.18315999999999"><ele>2450.0</ele></trkpt><trkpt lat="38.97969" lon="-120.18313"><ele>2447.8708814387533</ele></trkpt><trkpt lat="38.98004" lon="-120.18367"><ele>2450.0</ele></trkpt><trkpt lat="38.98019" lon="-120.18369999999999"><ele>2451.0</ele></trkpt><trkpt lat="38.98043" lon="-120.18369999999999"><ele>2452.480988288079</ele></trkpt><trkpt lat="38.98052" lon="-120.18372999999997"><ele>2454.257250372672</ele></trkpt><trkpt lat="38.9809" lon="-120.18420000000003"><ele>2459.0</ele></trkpt><trkpt lat="38.98148" lon="-120.18509"><ele>2466.0</ele></trkpt><trkpt lat="38.98186" lon="-120.18546000000003"><ele>2468.0</ele></trkpt><trkpt lat="38.98217" lon="-120.18564000000003"><ele>2465.7537100626673</ele></trkpt><trkpt lat="38.98234" lon="-120.18567000000002"><ele>2463.0</ele></trkpt><trkpt lat="38.98251" lon="-120.18583999999998"><ele>2457.394940444734</ele></trkpt><trkpt lat="38.98299" lon="-120.18587000000002"><ele>2449.9697586999473</ele></trkpt><trkpt lat="38.98315" lon="-120.18592000000001"><ele>2446.6666702218354</ele></trkpt><trkpt lat="38.98345" lon="-120.18594000000002"><ele>2441.2897240626908</ele></trkpt><trkpt lat="38.98357" lon="-120.18603000000002"><ele>2437.632234782918</ele></trkpt><trkpt lat="38.98405" lon="-120.18603999999999"><ele>2433.074264889583</ele></trkpt><trkpt lat="38.98427" lon="-120.18621000000002"><ele>2430.0</ele></trkpt><trkpt lat="38.98447" lon="-120.18624999999997"><ele>2427.218091470168</ele></trkpt><trkpt lat="38.98462" lon="-120.18642"><ele>2425.0</ele></trkpt><trkpt lat="38.98497" lon="-120.18642"><ele>2424.3649813332595</ele></trkpt><trkpt lat="38.98505" lon="-120.18657999999999"><ele>2421.908440889325</ele></trkpt><trkpt lat="38.98522" lon="-120.18666000000002"><ele>2420.0</ele></trkpt><trkpt lat="38.98529" lon="-120.18684000000002"><ele>2417.983564471794</ele></trkpt><trkpt lat="38.98552" lon="-120.18691999999999"><ele>2418.0449878577165</ele></trkpt><trkpt lat="38.9858" lon="-120.18707999999998"><ele>2419.0</ele></trkpt><trkpt lat="38.98588" lon="-120.18718999999999"><ele>2419.0</ele></trkpt><trkpt lat="38.98593" lon="-120.18743999999998"><ele>2416.0</ele></trkpt><trkpt lat="38.98608" lon="-120.18759999999997"><ele>2415.0</ele></trkpt><trkpt lat="38.9863" lon="-120.18772999999999"><ele>2415.0</ele></trkpt><trkpt lat="38.9865" lon="-120.18792000000002"><ele>2415.0</ele></trkpt><trkpt lat="38.98673" lon="-120.18799000000001"><ele>2416.0</ele></trkpt><trkpt lat="38.98697" lon="-120.18813999999998"><ele>2416.646541390568</ele></trkpt><trkpt lat="38.98719" lon="-120.18819000000002"><ele>2417.0</ele></trkpt><trkpt lat="38.98745" lon="-120.18839000000003"><ele>2415.7631915472093</ele></trkpt><trkpt lat="38.98763" lon="-120.18844000000001"><ele>2414.0</ele></trkpt><trkpt lat="38.98772" lon="-120.18862000000001"><ele>2413.385993687436</ele></trkpt><trkpt lat="38.98794" lon="-120.18883"><ele>2413.0</ele></trkpt><trkpt lat="38.98806" lon="-120.18899999999996"><ele>2413.0</ele></trkpt><trkpt lat="38.98837" lon="-120.18923000000001"><ele>2412.0</ele></trkpt><trkpt lat="38.98876" lon="-120.18938000000003"><ele>2412.0</ele></trkpt><trkpt lat="38.98883" lon="-120.18947000000003"><ele>2412.0</ele></trkpt><trkpt lat="38.98894" lon="-120.18971999999997"><ele>2412.762100458145</ele></trkpt><trkpt lat="38.98905" lon="-120.18983000000003"><ele>2413.0</ele></trkpt><trkpt lat="38.98927" lon="-120.18986999999998"><ele>2414.3198253172914</ele></trkpt><trkpt lat="38.9895" lon="-120.19020999999998"><ele>2413.0</ele></trkpt><trkpt lat="38.9898" lon="-120.19042999999999"><ele>2412.158382720113</ele></trkpt><trkpt lat="38.9898" lon="-120.19042999999999"><ele>2412.158382720113</ele></trkpt><trkpt lat="38.98991" lon="-120.19055000000003"><ele>2411.9916276268937</ele></trkpt><trkpt lat="38.99017" lon="-120.19064000000003"><ele>2411.698727109935</ele></trkpt><trkpt lat="38.99051" lon="-120.19083999999998"><ele>2409.0</ele></trkpt><trkpt lat="38.99134" lon="-120.19103999999999"><ele>2405.0</ele></trkpt><trkpt lat="38.99153" lon="-120.19118000000003"><ele>2403.0</ele></trkpt><trkpt lat="38.99193" lon="-120.19164"><ele>2398.0</ele></trkpt><trkpt lat="38.99193" lon="-120.19164"><ele>2398.0</ele></trkpt><trkpt lat="38.9919" lon="-120.19184999999999"><ele>2397.0745073746784</ele></trkpt><trkpt lat="38.99202" lon="-120.19211999999999"><ele>2395.0</ele></trkpt><trkpt lat="38.99208" lon="-120.19218000000001"><ele>2394.0</ele></trkpt><trkpt lat="38.99254" lon="-120.19247999999999"><ele>2391.0</ele></trkpt><trkpt lat="38.99282" lon="-120.19283999999999"><ele>2387.5945958457887</ele></trkpt><trkpt lat="38.993" lon="-120.19289000000003"><ele>2386.833083120099</ele></trkpt><trkpt lat="38.99308" lon="-120.19295"><ele>2386.0</ele></trkpt><trkpt lat="38.9931" lon="-120.19301999999999"><ele>2386.0</ele></trkpt><trkpt lat="38.99312" lon="-120.19326000000001"><ele>2384.235455840154</ele></trkpt><trkpt lat="38.99344" lon="-120.19378"><ele>2380.6302064817323</ele></trkpt><trkpt lat="38.99357" lon="-120.19391000000002"><ele>2379.0</ele></trkpt><trkpt lat="38.99357" lon="-120.19391000000002"><ele>2379.0</ele></trkpt><trkpt lat="38.99377" lon="-120.19402000000002"><ele>2378.0</ele></trkpt><trkpt lat="38.99397" lon="-120.19402000000002"><ele>2378.296606295191</ele></trkpt><trkpt lat="38.99411" lon="-120.19409000000002"><ele>2379.0</ele></trkpt><trkpt lat="38.99438" lon="-120.19411000000002"><ele>2380.0</ele></trkpt><trkpt lat="38.99458" lon="-120.19403999999997"><ele>2378.0462717773444</ele></trkpt><trkpt lat="38.99472" lon="-120.19405"><ele>2378.8541371001256</ele></trkpt><trkpt lat="38.9949" lon="-120.19411000000002"><ele>2379.0</ele></trkpt><trkpt lat="38.99506" lon="-120.19427000000002"><ele>2379.0</ele></trkpt><trkpt lat="38.99526" lon="-120.19436999999999"><ele>2378.868128000293</ele></trkpt><trkpt lat="38.99582" lon="-120.19441"><ele>2380.0</ele></trkpt><trkpt lat="38.99608" lon="-120.19447000000002"><ele>2380.0</ele></trkpt><trkpt lat="38.99668" lon="-120.19492000000002"><ele>2382.0</ele></trkpt><trkpt lat="38.99688" lon="-120.19520999999997"><ele>2381.0</ele></trkpt><trkpt lat="38.99704" lon="-120.19562000000002"><ele>2379.0</ele></trkpt><trkpt lat="38.99719" lon="-120.19585999999998"><ele>2378.0</ele></trkpt><trkpt lat="38.99719" lon="-120.19614999999999"><ele>2376.0</ele></trkpt><trkpt lat="38.99735" lon="-120.19681000000003"><ele>2374.0</ele></trkpt><trkpt lat="38.99747" lon="-120.19713999999999"><ele>2373.0</ele></trkpt><trkpt lat="38.99752" lon="-120.19735000000003"><ele>2372.992374490736</ele></trkpt><trkpt lat="38.99757" lon="-120.19792999999999"><ele>2371.0</ele></trkpt><trkpt lat="38.99769" lon="-120.19846000000001"><ele>2370.11109577473</ele></trkpt><trkpt lat="38.99771" lon="-120.19866999999999"><ele>2369.626085707918</ele></trkpt><trkpt lat="38.99781" lon="-120.19916"><ele>2367.8633726354174</ele></trkpt><trkpt lat="38.99786" lon="-120.1993"><ele>2367.0</ele></trkpt><trkpt lat="38.99793" lon="-120.19939"><ele>2366.0</ele></trkpt><trkpt lat="38.99818" lon="-120.19959"><ele>2364.4847326620356</ele></trkpt><trkpt lat="38.99862" lon="-120.19984999999997"><ele>2361.0</ele></trkpt><trkpt lat="38.99901" lon="-120.20022"><ele>2357.0996798644182</ele></trkpt><trkpt lat="38.99909" lon="-120.20022"><ele>2357.0</ele></trkpt><trkpt lat="38.99916" lon="-120.20026000000001"><ele>2356.0</ele></trkpt><trkpt lat="38.99924" lon="-120.20038"><ele>2354.4893132148254</ele></trkpt><trkpt lat="38.99988" lon="-120.20060999999998"><ele>2347.0</ele></trkpt><trkpt lat="39.0002" lon="-120.20067"><ele>2342.0153271038257</ele></trkpt><trkpt lat="39.00056" lon="-120.20064000000002"><ele>2340.0</ele></trkpt><trkpt lat="39.00099" lon="-120.20074999999997"><ele>2337.6828388795257</ele></trkpt><trkpt lat="39.00149" lon="-120.20091000000002"><ele>2336.082037332002</ele></trkpt><trkpt lat="39.00182" lon="-120.20113000000003"><ele>2334.0</ele></trkpt><trkpt lat="39.00191" lon="-120.20125000000002"><ele>2334.0</ele></trkpt><trkpt lat="39.00199" lon="-120.20141000000001"><ele>2334.0</ele></trkpt><trkpt lat="39.00201" lon="-120.20152000000002"><ele>2334.0</ele></trkpt><trkpt lat="39.00189" lon="-120.20186999999999"><ele>2335.0</ele></trkpt><trkpt lat="39.00189" lon="-120.20226000000002"><ele>2338.0</ele></trkpt><trkpt lat="39.00185" lon="-120.20244000000002"><ele>2339.196830714007</ele></trkpt><trkpt lat="39.00186" lon="-120.20260999999999"><ele>2339.4897995740175</ele></trkpt><trkpt lat="39.00194" lon="-120.20283"><ele>2340.0</ele></trkpt><trkpt lat="39.00213" lon="-120.20351"><ele>2338.0</ele></trkpt><trkpt lat="39.00237" lon="-120.20402999999999"><ele>2338.0</ele></trkpt><trkpt lat="39.00284" lon="-120.20488999999998"><ele>2340.1560023698544</ele></trkpt><trkpt lat="39.00314" lon="-120.20560999999998"><ele>2338.0</ele></trkpt><trkpt lat="39.00326" lon="-120.20622000000003"><ele>2334.0</ele></trkpt><trkpt lat="39.00325" lon="-120.20646999999997"><ele>2331.0</ele></trkpt><trkpt lat="39.0034" lon="-120.20695999999998"><ele>2327.1109323300807</ele></trkpt><trkpt lat="39.00348" lon="-120.20739000000003"><ele>2322.0590271831006</ele></trkpt><trkpt lat="39.00368" lon="-120.20794000000001"><ele>2318.0</ele></trkpt><trkpt lat="39.00404" lon="-120.20812999999998"><ele>2317.3059935126685</ele></trkpt><trkpt lat="39.00482" lon="-120.20866999999998"><ele>2307.0</ele></trkpt><trkpt lat="39.00503" lon="-120.20879000000002"><ele>2303.404469218105</ele></trkpt><trkpt lat="39.00527" lon="-120.20897000000002"><ele>2301.0</ele></trkpt><trkpt lat="39.00561" lon="-120.20902999999998"><ele>2300.0</ele></trkpt><trkpt lat="39.00606" lon="-120.20925999999997"><ele>2298.0</ele></trkpt><trkpt lat="39.00632" lon="-120.20934"><ele>2297.0</ele></trkpt><trkpt lat="39.00672" lon="-120.20963999999998"><ele>2295.0</ele></trkpt><trkpt lat="39.00727" lon="-120.20985000000002"><ele>2295.963587681479</ele></trkpt><trkpt lat="39.00741" lon="-120.21001999999999"><ele>2295.0</ele></trkpt><trkpt lat="39.00759" lon="-120.21019000000001"><ele>2296.0</ele></trkpt><trkpt lat="39.00792" lon="-120.21041000000002"><ele>2295.0</ele></trkpt><trkpt lat="39.00803" lon="-120.21046000000001"><ele>2295.0</ele></trkpt><trkpt lat="39.00831" lon="-120.21049"><ele>2296.0</ele></trkpt><trkpt lat="39.00839" lon="-120.21053"><ele>2296.0794753951204</ele></trkpt><trkpt lat="39.00852" lon="-120.21064000000001"><ele>2296.0</ele></trkpt><trkpt lat="39.00879" lon="-120.21080999999998"><ele>2294.0</ele></trkpt><trkpt lat="39.0092" lon="-120.21096"><ele>2294.0</ele></trkpt><trkpt lat="39.00986" lon="-120.21163999999999"><ele>2292.0</ele></trkpt><trkpt lat="39.01004" lon="-120.21190999999999"><ele>2292.0284351704577</ele></trkpt><trkpt lat="39.01032" lon="-120.2124"><ele>2292.522222088067</ele></trkpt><trkpt lat="39.01032" lon="-120.2124"><ele>2292.522222088067</ele></trkpt><trkpt lat="39.01057" lon="-120.21266000000003"><ele>2295.0</ele></trkpt><trkpt lat="39.01065" lon="-120.21271999999999"><ele>2296.0</ele></trkpt><trkpt lat="39.01065" lon="-120.21271999999999"><ele>2296.0</ele></trkpt><trkpt lat="39.01074" lon="-120.21278000000001"><ele>2297.0424966840933</ele></trkpt><trkpt lat="39.01098" lon="-120.21305999999998"><ele>2298.8509973338805</ele></trkpt><trkpt lat="39.01143" lon="-120.21350000000001"><ele>2299.0</ele></trkpt><trkpt lat="39.01151" lon="-120.21353999999997"><ele>2299.1103974514003</ele></trkpt><trkpt lat="39.01167" lon="-120.21357"><ele>2301.0</ele></trkpt><trkpt lat="39.01214" lon="-120.21371999999997"><ele>2302.0</ele></trkpt><trkpt lat="39.01265" lon="-120.21395000000001"><ele>2302.0</ele></trkpt><trkpt lat="39.01316" lon="-120.21440000000001"><ele>2296.4024711102247</ele></trkpt><trkpt lat="39.01335" lon="-120.21446000000003"><ele>2296.8380334655126</ele></trkpt><trkpt lat="39.01372" lon="-120.21474"><ele>2295.4351573320155</ele></trkpt><trkpt lat="39.01381" lon="-120.21478000000002"><ele>2295.1240187149847</ele></trkpt><trkpt lat="39.01456" lon="-120.21474999999998"><ele>2296.0912888892926</ele></trkpt><trkpt lat="39.01483" lon="-120.21482000000003"><ele>2297.0</ele></trkpt><trkpt lat="39.01519" lon="-120.21479999999997"><ele>2296.0</ele></trkpt><trkpt lat="39.01546" lon="-120.21487000000002"><ele>2295.0</ele></trkpt><trkpt lat="39.0157" lon="-120.21497"><ele>2293.925865309503</ele></trkpt><trkpt lat="39.01606" lon="-120.21499"><ele>2296.0</ele></trkpt><trkpt lat="39.01627" lon="-120.21515"><ele>2298.0</ele></trkpt><trkpt lat="39.01649" lon="-120.21521000000001"><ele>2299.0</ele></trkpt><trkpt lat="39.01703" lon="-120.21523000000002"><ele>2297.0</ele></trkpt><trkpt lat="39.01712" lon="-120.21528"><ele>2297.2796142433504</ele></trkpt><trkpt lat="39.01744" lon="-120.21569"><ele>2297.0</ele></trkpt><trkpt lat="39.01757" lon="-120.21604000000002"><ele>2296.0</ele></trkpt><trkpt lat="39.0178" lon="-120.21635000000003"><ele>2296.0</ele></trkpt><trkpt lat="39.01804" lon="-120.2165"><ele>2298.945329181366</ele></trkpt><trkpt lat="39.01851" lon="-120.21661"><ele>2302.0</ele></trkpt><trkpt lat="39.01862" lon="-120.21654000000001"><ele>2302.0</ele></trkpt><trkpt lat="39.01884" lon="-120.21623999999997"><ele>2305.884266078472</ele></trkpt><trkpt lat="39.01903" lon="-120.21620000000001"><ele>2307.0</ele></trkpt><trkpt lat="39.0193" lon="-120.21593999999999"><ele>2308.0</ele></trkpt><trkpt lat="39.01941" lon="-120.21578"><ele>2308.0</ele></trkpt><trkpt lat="39.01941" lon="-120.21578"><ele>2308.0</ele></trkpt><trkpt lat="39.01958" lon="-120.21562"><ele>2306.0</ele></trkpt><trkpt lat="39.01984" lon="-120.21578999999997"><ele>2301.3762239990756</ele></trkpt><trkpt lat="39.01991" lon="-120.21578999999997"><ele>2300.9582685838604</ele></trkpt><trkpt lat="39.02005" lon="-120.21571"><ele>2297.698895159794</ele></trkpt><trkpt lat="39.02064" lon="-120.21563000000003"><ele>2293.9196835570037</ele></trkpt><trkpt lat="39.02095" lon="-120.21537999999998"><ele>2287.2688391106203</ele></trkpt><trkpt lat="39.02106" lon="-120.21533"><ele>2284.9969751446897</ele></trkpt><trkpt lat="39.02125" lon="-120.21530000000001"><ele>2282.5405688895844</ele></trkpt><trkpt lat="39.02156" lon="-120.21515999999997"><ele>2277.000676476017</ele></trkpt><trkpt lat="39.02182" lon="-120.21488"><ele>2273.96715022251</ele></trkpt><trkpt lat="39.02273" lon="-120.21438999999998"><ele>2274.0296902230803</ele></trkpt><trkpt lat="39.0231" lon="-120.21409"><ele>2268.5080407620662</ele></trkpt><trkpt lat="39.02352" lon="-120.21366999999998"><ele>2264.577063110657</ele></trkpt><trkpt lat="39.02366" lon="-120.21348999999998"><ele>2260.18845510995</ele></trkpt><trkpt lat="39.02377" lon="-120.21337"><ele>2259.364979669368</ele></trkpt><trkpt lat="39.02395" lon="-120.21325000000002"><ele>2258.0036444454454</ele></trkpt><trkpt lat="39.02414" lon="-120.21302000000003"><ele>2255.2848675572313</ele></trkpt><trkpt lat="39.02414" lon="-120.21302000000003"><ele>2255.2848675572313</ele></trkpt><trkpt lat="39.02429" lon="-120.2124"><ele>2252.881776926442</ele></trkpt><trkpt lat="39.02429" lon="-120.2124"><ele>2252.881776926442</ele></trkpt><trkpt lat="39.0244" lon="-120.21215000000001"><ele>2253.0</ele></trkpt><trkpt lat="39.02442" lon="-120.21186"><ele>2253.0</ele></trkpt><trkpt lat="39.02442" lon="-120.21186"><ele>2253.0</ele></trkpt><trkpt lat="39.02439" lon="-120.21154000000001"><ele>2253.0</ele></trkpt><trkpt lat="39.02445" lon="-120.21096999999997"><ele>2250.0</ele></trkpt><trkpt lat="39.02445" lon="-120.21096999999997"><ele>2250.0</ele></trkpt><trkpt lat="39.02445" lon="-120.21096999999997"><ele>2250.0</ele></trkpt><trkpt lat="39.02461" lon="-120.21082000000001"><ele>2248.7574364454485</ele></trkpt><trkpt lat="39.02489" lon="-120.21032000000002"><ele>2244.3640799811246</ele></trkpt><trkpt lat="39.02505" lon="-120.21015999999997"><ele>2241.9992071096785</ele></trkpt><trkpt lat="39.02554" lon="-120.21003999999999"><ele>2236.530462604387</ele></trkpt><trkpt lat="39.02565" lon="-120.20999"><ele>2235.0766328889877</ele></trkpt><trkpt lat="39.026" lon="-120.20969000000002"><ele>2231.0956195569597</ele></trkpt><trkpt lat="39.02619" lon="-120.20958000000002"><ele>2230.9692480005324</ele></trkpt><trkpt lat="39.02659" lon="-120.20938999999998"><ele>2227.0</ele></trkpt><trkpt lat="39.02699" lon="-120.20934"><ele>2224.0</ele></trkpt><trkpt lat="39.02712" lon="-120.20929000000001"><ele>2223.0</ele></trkpt><trkpt lat="39.02742" lon="-120.20904999999999"><ele>2220.0</ele></trkpt><trkpt lat="39.02772" lon="-120.20866000000001"><ele>2215.0</ele></trkpt><trkpt lat="39.02772" lon="-120.20866000000001"><ele>2215.0</ele></trkpt><trkpt lat="39.02772" lon="-120.20866000000001"><ele>2215.0</ele></trkpt><trkpt lat="39.02772" lon="-120.20866000000001"><ele>2215.0</ele></trkpt><trkpt lat="39.02782" lon="-120.20855"><ele>2213.0</ele></trkpt><trkpt lat="39.02859" lon="-120.20796999999999"><ele>2206.0</ele></trkpt><trkpt lat="39.02878" lon="-120.20787999999999"><ele>2204.8396430965513</ele></trkpt><trkpt lat="39.0289" lon="-120.20785999999998"><ele>2203.8114382214844</ele></trkpt><trkpt lat="39.02917" lon="-120.20787000000001"><ele>2200.122863296938</ele></trkpt><trkpt lat="39.02933" lon="-120.20793000000003"><ele>2198.8440511599183</ele></trkpt><trkpt lat="39.02974" lon="-120.20830999999998"><ele>2194.0</ele></trkpt><trkpt lat="39.02992" lon="-120.20835999999997"><ele>2192.0</ele></trkpt><trkpt lat="39.03007" lon="-120.20830999999998"><ele>2189.449576890096</ele></trkpt><trkpt lat="39.0302" lon="-120.20811000000003"><ele>2187.0</ele></trkpt><trkpt lat="39.03045" lon="-120.20758000000001"><ele>2182.0</ele></trkpt><trkpt lat="39.03063" lon="-120.20709"><ele>2177.0</ele></trkpt><trkpt lat="39.03073" lon="-120.20672000000002"><ele>2176.0</ele></trkpt><trkpt lat="39.03074" lon="-120.20657"><ele>2175.0</ele></trkpt><trkpt lat="39.03071" lon="-120.20634999999999"><ele>2175.0</ele></trkpt><trkpt lat="39.03071" lon="-120.20596999999998"><ele>2176.0</ele></trkpt><trkpt lat="39.03065" lon="-120.20578"><ele>2176.0</ele></trkpt><trkpt lat="39.03066" lon="-120.20562999999999"><ele>2176.0</ele></trkpt><trkpt lat="39.03066" lon="-120.20562999999999"><ele>2176.0</ele></trkpt><trkpt lat="39.0307" lon="-120.20550000000003"><ele>2175.7136261343317</ele></trkpt><trkpt lat="39.0307" lon="-120.20550000000003"><ele>2175.7136261343317</ele></trkpt><trkpt lat="39.03088" lon="-120.20520999999997"><ele>2175.0</ele></trkpt><trkpt lat="39.03105" lon="-120.20505000000003"><ele>2174.0</ele></trkpt><trkpt lat="39.03123" lon="-120.20504"><ele>2174.0</ele></trkpt><trkpt lat="39.03123" lon="-120.20504"><ele>2174.0</ele></trkpt><trkpt lat="39.03123" lon="-120.20504"><ele>2174.0</ele></trkpt><trkpt lat="39.03148" lon="-120.20517999999998"><ele>2173.0</ele></trkpt><trkpt lat="39.03158" lon="-120.20519999999999"><ele>2173.0</ele></trkpt><trkpt lat="39.0319" lon="-120.20522"><ele>2173.0</ele></trkpt><trkpt lat="39.03233" lon="-120.20529999999997"><ele>2172.506791109219</ele></trkpt><trkpt lat="39.03253" lon="-120.20526000000001"><ele>2171.0</ele></trkpt><trkpt lat="39.03259" lon="-120.20520999999997"><ele>2171.0</ele></trkpt><trkpt lat="39.03276" lon="-120.20495"><ele>2172.0</ele></trkpt><trkpt lat="39.03288" lon="-120.20486"><ele>2170.0</ele></trkpt><trkpt lat="39.03309" lon="-120.20481000000001"><ele>2168.0</ele></trkpt><trkpt lat="39.03323" lon="-120.20483999999999"><ele>2167.0</ele></trkpt><trkpt lat="39.03323" lon="-120.20483999999999"><ele>2167.0</ele></trkpt><trkpt lat="39.03336" lon="-120.20488"><ele>2167.0</ele></trkpt><trkpt lat="39.03336" lon="-120.20488"><ele>2167.0</ele></trkpt><trkpt lat="39.03372" lon="-120.20506999999998"><ele>2171.0</ele></trkpt><trkpt lat="39.03391" lon="-120.20510000000002"><ele>2171.0</ele></trkpt><trkpt lat="39.0341" lon="-120.20504"><ele>2172.0</ele></trkpt><trkpt lat="39.03444" lon="-120.20481000000001"><ele>2172.0</ele></trkpt><trkpt lat="39.03458" lon="-120.20474000000002"><ele>2172.0</ele></trkpt><trkpt lat="39.0349" lon="-120.20478000000003"><ele>2173.088947910357</ele></trkpt><trkpt lat="39.0349" lon="-120.20478000000003"><ele>2173.088947910357</ele></trkpt><trkpt lat="39.035" lon="-120.20456000000001"><ele>2173.0</ele></trkpt><trkpt lat="39.03508" lon="-120.20409000000001"><ele>2173.0</ele></trkpt><trkpt lat="39.03547" lon="-120.20305000000002"><ele>2172.8330756354853</ele></trkpt><trkpt lat="39.03587" lon="-120.20218999999997"><ele>2173.0</ele></trkpt><trkpt lat="39.03626" lon="-120.20148"><ele>2173.0</ele></trkpt><trkpt lat="39.03675" lon="-120.20080000000002"><ele>2173.0</ele></trkpt><trkpt lat="39.03683" lon="-120.20065999999997"><ele>2172.3561372578106</ele></trkpt><trkpt lat="39.03689" lon="-120.20051000000001"><ele>2172.199542338937</ele></trkpt><trkpt lat="39.03702" lon="-120.19981000000001"><ele>2173.0</ele></trkpt><trkpt lat="39.03741" lon="-120.19885"><ele>2173.0</ele></trkpt><trkpt lat="39.03746" lon="-120.19853999999998"><ele>2173.0</ele></trkpt><trkpt lat="39.03746" lon="-120.19840999999997"><ele>2173.920741947368</ele></trkpt><trkpt lat="39.03735" lon="-120.19790999999998"><ele>2173.0</ele></trkpt><trkpt lat="39.03735" lon="-120.19765999999998"><ele>2173.0</ele></trkpt><trkpt lat="39.03744" lon="-120.19736999999998"><ele>2173.0</ele></trkpt><trkpt lat="39.03766" lon="-120.19691999999998"><ele>2174.0</ele></trkpt><trkpt lat="39.03786046845769" lon="-120.196269996213"><ele>2175.0</ele></trkpt><trkpt lat="39.0379271217632" lon="-120.19605387830472"><ele>2175.5745978463992</ele></trkpt><trkpt lat="39.03799" lon="-120.19585000000001"><ele>2175.0</ele></trkpt><trkpt lat="39.038" lon="-120.19571000000002"><ele>2176.0</ele></trkpt><trkpt lat="39.03793" lon="-120.19547"><ele>2175.0</ele></trkpt><trkpt lat="39.03793" lon="-120.19538999999997"><ele>2175.0</ele></trkpt><trkpt lat="39.038" lon="-120.19515000000001"><ele>2175.0</ele></trkpt><trkpt lat="39.038" lon="-120.19515000000001"><ele>2175.0</ele></trkpt><trkpt lat="39.03822" lon="-120.19448999999997"><ele>2173.867741058406</ele></trkpt><trkpt lat="39.03837" lon="-120.19373000000002"><ele>2171.520293401554</ele></trkpt><trkpt lat="39.03837" lon="-120.19348000000002"><ele>2171.0</ele></trkpt><trkpt lat="39.03839" lon="-120.19337000000002"><ele>2171.0</ele></trkpt><trkpt lat="39.03849" lon="-120.19312000000002"><ele>2170.7545097142743</ele></trkpt><trkpt lat="39.03851" lon="-120.19290999999998"><ele>2170.8365955190993</ele></trkpt><trkpt lat="39.03845" lon="-120.19256000000001"><ele>2171.0</ele></trkpt><trkpt lat="39.03849" lon="-120.19229999999999"><ele>2171.0</ele></trkpt><trkpt lat="39.03869" lon="-120.19195000000002"><ele>2172.0</ele></trkpt><trkpt lat="39.03894" lon="-120.19169"><ele>2173.0</ele></trkpt><trkpt lat="39.03904" lon="-120.19151"><ele>2173.0</ele></trkpt><trkpt lat="39.03915" lon="-120.19088999999997"><ele>2172.3051237304358</ele></trkpt><trkpt lat="39.03926" lon="-120.19056999999998"><ele>2171.9205349031836</ele></trkpt><trkpt lat="39.03928" lon="-120.19042999999999"><ele>2171.0</ele></trkpt><trkpt lat="39.03928" lon="-120.19042999999999"><ele>2171.0</ele></trkpt><trkpt lat="39.03933" lon="-120.19010000000003"><ele>2171.0</ele></trkpt><trkpt lat="39.04005" lon="-120.18865"><ele>2170.701751661127</ele></trkpt><trkpt lat="39.04027" lon="-120.18847"><ele>2169.0</ele></trkpt><trkpt lat="39.04048" lon="-120.18837000000002"><ele>2167.5116053340025</ele></trkpt><trkpt lat="39.0408" lon="-120.18833000000001"><ele>2163.0</ele></trkpt><trkpt lat="39.04101" lon="-120.18817999999999"><ele>2159.68338716006</ele></trkpt><trkpt lat="39.04113" lon="-120.18813999999998"><ele>2158.0</ele></trkpt><trkpt lat="39.04164" lon="-120.18803000000003"><ele>2155.758352926153</ele></trkpt><trkpt lat="39.04174" lon="-120.18797"><ele>2154.905965894874</ele></trkpt><trkpt lat="39.04182" lon="-120.18777999999998"><ele>2153.008196216215</ele></trkpt><trkpt lat="39.04189" lon="-120.18739"><ele>2152.0</ele></trkpt><trkpt lat="39.04193" lon="-120.18727000000001"><ele>2151.342125749693</ele></trkpt><trkpt lat="39.042" lon="-120.18718000000001"><ele>2151.0</ele></trkpt><trkpt lat="39.04235" lon="-120.18696"><ele>2151.261551506921</ele></trkpt><trkpt lat="39.04253" lon="-120.1868"><ele>2152.4277059014394</ele></trkpt><trkpt lat="39.04268" lon="-120.18675999999999"><ele>2152.480167110916</ele></trkpt><trkpt lat="39.04301" lon="-120.18675000000002"><ele>2149.0</ele></trkpt><trkpt lat="39.04305" lon="-120.18671999999998"><ele>2149.0</ele></trkpt><trkpt lat="39.04312" lon="-120.18662"><ele>2149.5059136813306</ele></trkpt><trkpt lat="39.04325" lon="-120.18619000000001"><ele>2147.0</ele></trkpt><trkpt lat="39.04364" lon="-120.18547000000001"><ele>2142.0</ele></trkpt><trkpt lat="39.04376" lon="-120.18533000000002"><ele>2142.0</ele></trkpt><trkpt lat="39.04395" lon="-120.18529000000001"><ele>2141.3239984320485</ele></trkpt><trkpt lat="39.04402" lon="-120.18516"><ele>2141.0</ele></trkpt><trkpt lat="39.04409" lon="-120.18475000000001"><ele>2137.2151040384624</ele></trkpt><trkpt lat="39.04406" lon="-120.18394"><ele>2131.0</ele></trkpt><trkpt lat="39.04407" lon="-120.18372999999997"><ele>2129.0</ele></trkpt><trkpt lat="39.04409" lon="-120.18357000000003"><ele>2127.8645758248454</ele></trkpt><trkpt lat="39.04413" lon="-120.18342000000001"><ele>2126.0</ele></trkpt><trkpt lat="39.04422" lon="-120.18315999999999"><ele>2124.0</ele></trkpt><trkpt lat="39.04448" lon="-120.18275"><ele>2122.0</ele></trkpt><trkpt lat="39.04453" lon="-120.18263999999999"><ele>2122.0</ele></trkpt><trkpt lat="39.04461" lon="-120.18227000000002"><ele>2121.0</ele></trkpt><trkpt lat="39.04469" lon="-120.18151"><ele>2118.0</ele></trkpt><trkpt lat="39.04464" lon="-120.18096000000003"><ele>2116.0</ele></trkpt><trkpt lat="39.0444" lon="-120.18049000000002"><ele>2112.0</ele></trkpt><trkpt lat="39.04427" lon="-120.18013000000002"><ele>2110.0</ele></trkpt><trkpt lat="39.04419" lon="-120.18002000000001"><ele>2110.0</ele></trkpt><trkpt lat="39.04388" lon="-120.17995000000002"><ele>2109.888835554011</ele></trkpt><trkpt lat="39.0437" lon="-120.17984999999999"><ele>2110.0</ele></trkpt><trkpt lat="39.04323" lon="-120.17941000000002"><ele>2109.829725708049</ele></trkpt><trkpt lat="39.04318" lon="-120.17930999999999"><ele>2109.092667163415</ele></trkpt><trkpt lat="39.04306" lon="-120.17878000000002"><ele>2109.0</ele></trkpt><trkpt lat="39.04302" lon="-120.17838"><ele>2107.5289792325348</ele></trkpt><trkpt lat="39.04294" lon="-120.17806000000002"><ele>2107.0</ele></trkpt><trkpt lat="39.04294" lon="-120.17788000000002"><ele>2106.0</ele></trkpt><trkpt lat="39.04295" lon="-120.17779999999999"><ele>2106.0</ele></trkpt><trkpt lat="39.043" lon="-120.17773999999997"><ele>2106.4466021060944</ele></trkpt><trkpt lat="39.04318" lon="-120.17758000000003"><ele>2106.0</ele></trkpt><trkpt lat="39.0434" lon="-120.17723000000001"><ele>2104.564809993042</ele></trkpt><trkpt lat="39.04413" lon="-120.17676"><ele>2098.0</ele></trkpt><trkpt lat="39.04418" lon="-120.17674999999997"><ele>2097.0</ele></trkpt><trkpt lat="39.04433" lon="-120.17682000000002"><ele>2095.897945513971</ele></trkpt><trkpt lat="39.04479" lon="-120.17678000000001"><ele>2091.0</ele></trkpt><trkpt lat="39.04479" lon="-120.17678000000001"><ele>2091.0</ele></trkpt><trkpt lat="39.04497" lon="-120.17676"><ele>2088.446389333345</ele></trkpt><trkpt lat="39.04506" lon="-120.17662000000001"><ele>2086.9952045300834</ele></trkpt><trkpt lat="39.0451" lon="-120.17647"><ele>2085.3388090971857</ele></trkpt><trkpt lat="39.04519" lon="-120.17566"><ele>2077.0</ele></trkpt><trkpt lat="39.04517" lon="-120.17515000000003"><ele>2073.5392038282007</ele></trkpt><trkpt lat="39.0452" lon="-120.17500999999999"><ele>2073.0</ele></trkpt><trkpt lat="39.04533" lon="-120.17469"><ele>2072.0</ele></trkpt><trkpt lat="39.04542" lon="-120.17437000000001"><ele>2071.03477252936</ele></trkpt><trkpt lat="39.04564" lon="-120.17326000000003"><ele>2070.0</ele></trkpt><trkpt lat="39.04564" lon="-120.17299000000003"><ele>2069.0</ele></trkpt><trkpt lat="39.04562" lon="-120.17286999999999"><ele>2068.0</ele></trkpt><trkpt lat="39.04558281602674" lon="-120.17277703878943"><ele>2067.0</ele></trkpt><trkpt lat="39.04558281602674" lon="-120.17277703878943"><ele>2067.0</ele></trkpt><trkpt lat="39.04548" lon="-120.17252000000002"><ele>2065.0</ele></trkpt><trkpt lat="39.04546" lon="-120.17232000000001"><ele>2063.9720610632958</ele></trkpt><trkpt lat="39.04548" lon="-120.17223000000001"><ele>2063.0469660611143</ele></trkpt><trkpt lat="39.04589" lon="-120.17162000000002"><ele>2051.2321345802948</ele></trkpt><trkpt lat="39.04597" lon="-120.17144000000002"><ele>2049.0</ele></trkpt><trkpt lat="39.04598" lon="-120.17111999999997"><ele>2045.1440741866827</ele></trkpt><trkpt lat="39.04591" lon="-120.17052000000001"><ele>2040.9436312895268</ele></trkpt><trkpt lat="39.04594" lon="-120.16993000000002"><ele>2040.0</ele></trkpt><trkpt lat="39.04583" lon="-120.16904999999997"><ele>2037.0192290678312</ele></trkpt><trkpt lat="39.04588" lon="-120.1687"><ele>2036.1180769731905</ele></trkpt><trkpt lat="39.04594" lon="-120.16845999999998"><ele>2035.0</ele></trkpt></trkseg></trk></gpx>