<?xml version="1.0"?>
<gpx xmlns="http://www.topografix.com/GPX/1/1" xmlns:gpxx="http://www.garmin.com/xmlschemas/GpxExtensions/v3" creator="CALTOPO" version="1.1"><metadata><name><![CDATA[MTR-VVR]]></name></metadata><wpt lat="37.25019068556338" lon="-118.94122801086425"><name>Florence Trailhead Ferry Stop</name></wpt><wpt lat="37.404185384250745" lon="-118.94282965889082"><name>Mono Creek Trailhead - VVR Ferry</name></wpt><wpt lat="37.289935267436526" lon="-118.87291361124251"><name>Selden Pass</name></wpt><wpt lat="37.27155197901992" lon="-118.87523458722148"><name>Camp</name></wpt><trk><name>MTR-VVR</name><trkseg><trkpt lat="37.250220448763166" lon="-118.94120192326903"><ele>2236.0</ele></trkpt><trkpt lat="37.2502" lon="-118.94124999999997"><ele>2235.113743356503</ele></trkpt><trkpt lat="37.25" lon="-118.94121999999999"><ele>2235.993475355076</ele></trkpt><trkpt lat="37.249972576502394" lon="-118.9411864823918"><ele>2236.0</ele></trkpt><trkpt lat="37.24995712710314" lon="-118.94116759974509"><ele>2236.0</ele></trkpt><trkpt lat="37.24982" lon="-118.94100000000003"><ele>2237.0749483944483</ele></trkpt><trkpt lat="37.24982" lon="-118.94100000000003"><ele>2237.0749483944483</ele></trkpt><trkpt lat="37.24982" lon="-118.94100000000003"><ele>2237.0749483944483</ele></trkpt><trkpt lat="37.24978" lon="-118.94087000000002"><ele>2239.0</ele></trkpt><trkpt lat="37.2498" lon="-118.94067999999999"><ele>2240.6694064484886</ele></trkpt><trkpt lat="37.24987" lon="-118.94056999999998"><ele>2242.0</ele></trkpt><trkpt lat="37.2499" lon="-118.94038999999998"><ele>2245.0</ele></trkpt><trkpt lat="37.24982" lon="-118.94006999999999"><ele>2249.232041330889</ele></trkpt><trkpt lat="37.24987" lon="-118.93988999999999"><ele>2253.0</ele></trkpt><trkpt lat="37.24996" lon="-118.93977999999998"><ele>2255.0</ele></trkpt><trkpt lat="37.24994" lon="-118.93962999999997"><ele>2257.0</ele></trkpt><trkpt lat="37.24967" lon="-118.93932000000001"><ele>2260.0</ele></trkpt><trkpt lat="37.24945" lon="-118.93920000000003"><ele>2261.0</ele></trkpt><trkpt lat="37.24916" lon="-118.93894"><ele>2268.0</ele></trkpt><trkpt lat="37.24888" lon="-118.93880000000001"><ele>2270.0</ele></trkpt><trkpt lat="37.24854" lon="-118.93858999999998"><ele>2277.0</ele></trkpt><trkpt lat="37.24819" lon="-118.93880000000001"><ele>2278.0</ele></trkpt><trkpt lat="37.24811" lon="-118.93889000000001"><ele>2279.0</ele></trkpt><trkpt lat="37.24802" lon="-118.93891000000002"><ele>2280.0</ele></trkpt><trkpt lat="37.24782" lon="-118.93887000000001"><ele>2282.0</ele></trkpt><trkpt lat="37.24782" lon="-118.93887000000001"><ele>2282.0</ele></trkpt><trkpt lat="37.24773" lon="-118.93883"><ele>2283.8832556965863</ele></trkpt><trkpt lat="37.24753" lon="-118.93883"><ele>2286.6717124494235</ele></trkpt><trkpt lat="37.24719" lon="-118.93899999999996"><ele>2295.0</ele></trkpt><trkpt lat="37.24679" lon="-118.93950000000001"><ele>2306.0</ele></trkpt><trkpt lat="37.2467" lon="-118.93956000000003"><ele>2307.0</ele></trkpt><trkpt lat="37.24663" lon="-118.93950999999998"><ele>2308.0</ele></trkpt><trkpt lat="37.24642" lon="-118.93920000000003"><ele>2309.0298133320175</ele></trkpt><trkpt lat="37.24638" lon="-118.93905000000001"><ele>2310.1432634447856</ele></trkpt><trkpt lat="37.2463" lon="-118.93894"><ele>2312.0</ele></trkpt><trkpt lat="37.2463" lon="-118.93860999999998"><ele>2315.0</ele></trkpt><trkpt lat="37.24608" lon="-118.93817000000001"><ele>2319.986304213672</ele></trkpt><trkpt lat="37.24586" lon="-118.93799000000001"><ele>2317.0</ele></trkpt><trkpt lat="37.24586" lon="-118.93799000000001"><ele>2317.0</ele></trkpt><trkpt lat="37.2457" lon="-118.93786"><ele>2314.164716904463</ele></trkpt><trkpt lat="37.2457" lon="-118.93786"><ele>2314.164716904463</ele></trkpt><trkpt lat="37.24566" lon="-118.93740000000003"><ele>2314.0</ele></trkpt><trkpt lat="37.24553" lon="-118.93716999999998"><ele>2313.0</ele></trkpt><trkpt lat="37.24555" lon="-118.93705"><ele>2312.0</ele></trkpt><trkpt lat="37.24585" lon="-118.93653"><ele>2316.0972840916365</ele></trkpt><trkpt lat="37.24591" lon="-118.93648000000002"><ele>2317.1274686873267</ele></trkpt><trkpt lat="37.24597" lon="-118.93637999999999"><ele>2319.0</ele></trkpt><trkpt lat="37.24611" lon="-118.93603000000002"><ele>2320.0</ele></trkpt><trkpt lat="37.24627" lon="-118.93583000000001"><ele>2321.0</ele></trkpt><trkpt lat="37.24629" lon="-118.93552999999997"><ele>2322.8015388334466</ele></trkpt><trkpt lat="37.24647" lon="-118.93540999999999"><ele>2324.1354503539997</ele></trkpt><trkpt lat="37.24661" lon="-118.93509"><ele>2326.0</ele></trkpt><trkpt lat="37.24674" lon="-118.93470000000002"><ele>2326.0</ele></trkpt><trkpt lat="37.24672" lon="-118.93446"><ele>2326.0</ele></trkpt><trkpt lat="37.2466" lon="-118.93429000000003"><ele>2326.0</ele></trkpt><trkpt lat="37.24656" lon="-118.93419"><ele>2326.8359993853546</ele></trkpt><trkpt lat="37.24672" lon="-118.93407000000002"><ele>2329.0</ele></trkpt><trkpt lat="37.24682" lon="-118.93392"><ele>2331.0</ele></trkpt><trkpt lat="37.24685" lon="-118.93360999999999"><ele>2331.0</ele></trkpt><trkpt lat="37.24692" lon="-118.9334"><ele>2331.504184978785</ele></trkpt><trkpt lat="37.24693" lon="-118.93327"><ele>2333.801165825579</ele></trkpt><trkpt lat="37.2469" lon="-118.93318"><ele>2334.431522972882</ele></trkpt><trkpt lat="37.24681" lon="-118.93299999999999"><ele>2335.0</ele></trkpt><trkpt lat="37.24681" lon="-118.93293"><ele>2336.0</ele></trkpt><trkpt lat="37.24718" lon="-118.93268"><ele>2341.9954626283125</ele></trkpt><trkpt lat="37.24718" lon="-118.93261999999999"><ele>2343.680039111525</ele></trkpt><trkpt lat="37.24711" lon="-118.93254000000002"><ele>2345.0</ele></trkpt><trkpt lat="37.24711" lon="-118.93245000000002"><ele>2346.945485860134</ele></trkpt><trkpt lat="37.24707" lon="-118.93237999999997"><ele>2348.0</ele></trkpt><trkpt lat="37.24701" lon="-118.93236999999999"><ele>2348.9944022691016</ele></trkpt><trkpt lat="37.24693" lon="-118.93227999999999"><ele>2350.0</ele></trkpt><trkpt lat="37.24686" lon="-118.93210999999997"><ele>2351.0</ele></trkpt><trkpt lat="37.24688" lon="-118.93129999999996"><ele>2351.319463774571</ele></trkpt><trkpt lat="37.24701" lon="-118.93099000000001"><ele>2352.008365854621</ele></trkpt><trkpt lat="37.24701" lon="-118.93088"><ele>2353.008365854621</ele></trkpt><trkpt lat="37.24697" lon="-118.9307"><ele>2354.0528541086715</ele></trkpt><trkpt lat="37.247" lon="-118.93047999999999"><ele>2357.41126755625</ele></trkpt><trkpt lat="37.24699" lon="-118.93040000000002"><ele>2358.162523722276</ele></trkpt><trkpt lat="37.24692" lon="-118.93038999999999"><ele>2360.0</ele></trkpt><trkpt lat="37.24687" lon="-118.93033000000003"><ele>2361.1878546569496</ele></trkpt><trkpt lat="37.24687" lon="-118.93025"><ele>2362.0</ele></trkpt><trkpt lat="37.24683" lon="-118.93016999999998"><ele>2363.0</ele></trkpt><trkpt lat="37.24653" lon="-118.93014"><ele>2362.9071017876267</ele></trkpt><trkpt lat="37.24646" lon="-118.93009"><ele>2361.809015730396</ele></trkpt><trkpt lat="37.24641" lon="-118.93002000000001"><ele>2361.748502311102</ele></trkpt><trkpt lat="37.24643" lon="-118.92987"><ele>2362.0</ele></trkpt><trkpt lat="37.24641" lon="-118.92973999999998"><ele>2362.0</ele></trkpt><trkpt lat="37.24643" lon="-118.92942"><ele>2365.0427270679443</ele></trkpt><trkpt lat="37.24646" lon="-118.92928"><ele>2366.0</ele></trkpt><trkpt lat="37.24659" lon="-118.92912999999999"><ele>2369.0</ele></trkpt><trkpt lat="37.24666" lon="-118.92899999999997"><ele>2370.5178431291133</ele></trkpt><trkpt lat="37.24677" lon="-118.92865999999998"><ele>2370.0</ele></trkpt><trkpt lat="37.24689" lon="-118.92844000000002"><ele>2371.0</ele></trkpt><trkpt lat="37.24692" lon="-118.92831000000001"><ele>2371.7393652051687</ele></trkpt><trkpt lat="37.24687" lon="-118.92817000000002"><ele>2371.0</ele></trkpt><trkpt lat="37.24687" lon="-118.92808000000002"><ele>2371.0</ele></trkpt><trkpt lat="37.24695" lon="-118.92791999999997"><ele>2372.0</ele></trkpt><trkpt lat="37.24698" lon="-118.92777000000001"><ele>2373.0</ele></trkpt><trkpt lat="37.24697" lon="-118.92758000000003"><ele>2373.707410369708</ele></trkpt><trkpt lat="37.247" lon="-118.92746999999997"><ele>2374.0</ele></trkpt><trkpt lat="37.24723" lon="-118.92713000000003"><ele>2372.0</ele></trkpt><trkpt lat="37.24725" lon="-118.92701"><ele>2372.0</ele></trkpt><trkpt lat="37.2474" lon="-118.92662999999999"><ele>2372.0</ele></trkpt><trkpt lat="37.247410239329746" lon="-118.92661464100536"><ele>2372.0</ele></trkpt><trkpt lat="37.24743035756588" lon="-118.92658446367221"><ele>2372.0</ele></trkpt><trkpt lat="37.2475" lon="-118.92647999999997"><ele>2372.0</ele></trkpt><trkpt lat="37.24761" lon="-118.92642000000001"><ele>2373.0</ele></trkpt><trkpt lat="37.24769" lon="-118.92624999999998"><ele>2373.0</ele></trkpt><trkpt lat="37.24782" lon="-118.92611"><ele>2373.0</ele></trkpt><trkpt lat="37.24782" lon="-118.92611"><ele>2373.0</ele></trkpt><trkpt lat="37.24796" lon="-118.92578000000003"><ele>2373.0</ele></trkpt><trkpt lat="37.24796" lon="-118.92578000000003"><ele>2373.0</ele></trkpt><trkpt lat="37.24796" lon="-118.92578000000003"><ele>2373.0</ele></trkpt><trkpt lat="37.24804" lon="-118.92543999999998"><ele>2372.0</ele></trkpt><trkpt lat="37.24809" lon="-118.92507"><ele>2369.0</ele></trkpt><trkpt lat="37.24815" lon="-118.92484999999999"><ele>2368.0</ele></trkpt><trkpt lat="37.24815" lon="-118.92484999999999"><ele>2368.0</ele></trkpt><trkpt lat="37.24814" lon="-118.92471"><ele>2367.0</ele></trkpt><trkpt lat="37.24806" lon="-118.92458999999997"><ele>2367.0</ele></trkpt><trkpt lat="37.24787" lon="-118.92444999999998"><ele>2368.0</ele></trkpt><trkpt lat="37.24782" lon="-118.92431999999997"><ele>2369.0</ele></trkpt><trkpt lat="37.24782" lon="-118.92431999999997"><ele>2369.0</ele></trkpt><trkpt lat="37.24779" lon="-118.92320999999998"><ele>2361.673301735893</ele></trkpt><trkpt lat="37.24782" lon="-118.92309"><ele>2361.0</ele></trkpt><trkpt lat="37.24782" lon="-118.92309"><ele>2361.0</ele></trkpt><trkpt lat="37.24798" lon="-118.92246"><ele>2366.1703573330306</ele></trkpt><trkpt lat="37.2481" lon="-118.92209000000003"><ele>2369.0</ele></trkpt><trkpt lat="37.24818" lon="-118.92192999999997"><ele>2370.0</ele></trkpt><trkpt lat="37.248224486231734" lon="-118.9214495486973"><ele>2369.0</ele></trkpt><trkpt lat="37.248224486231734" lon="-118.9214495486973"><ele>2369.0</ele></trkpt><trkpt lat="37.24823" lon="-118.92138999999997"><ele>2369.0</ele></trkpt><trkpt lat="37.24819" lon="-118.92122999999998"><ele>2369.0</ele></trkpt><trkpt lat="37.24823" lon="-118.92108999999999"><ele>2368.4258595314445</ele></trkpt><trkpt lat="37.24842" lon="-118.92090000000002"><ele>2368.071486521734</ele></trkpt><trkpt lat="37.24847" lon="-118.92070000000001"><ele>2368.0</ele></trkpt><trkpt lat="37.24856" lon="-118.92057"><ele>2368.0</ele></trkpt><trkpt lat="37.24882" lon="-118.92048"><ele>2369.0</ele></trkpt><trkpt lat="37.24892" lon="-118.92039"><ele>2370.0</ele></trkpt><trkpt lat="37.24901" lon="-118.92023"><ele>2370.0</ele></trkpt><trkpt lat="37.24902" lon="-118.91982000000002"><ele>2371.0</ele></trkpt><trkpt lat="37.24905" lon="-118.91973000000002"><ele>2371.0</ele></trkpt><trkpt lat="37.24931" lon="-118.91934000000003"><ele>2372.0</ele></trkpt><trkpt lat="37.24932" lon="-118.91913999999997"><ele>2374.221786959677</ele></trkpt><trkpt lat="37.24942" lon="-118.91892000000001"><ele>2375.897165182978</ele></trkpt><trkpt lat="37.24943" lon="-118.91861"><ele>2375.0</ele></trkpt><trkpt lat="37.24931" lon="-118.91844000000003"><ele>2373.4840640020557</ele></trkpt><trkpt lat="37.24925" lon="-118.91827999999998"><ele>2373.145837434953</ele></trkpt><trkpt lat="37.24927" lon="-118.91814"><ele>2374.0</ele></trkpt><trkpt lat="37.24952" lon="-118.91787999999997"><ele>2376.0</ele></trkpt><trkpt lat="37.24958" lon="-118.91769999999997"><ele>2377.0</ele></trkpt><trkpt lat="37.24947" lon="-118.91691000000003"><ele>2377.0</ele></trkpt><trkpt lat="37.24947" lon="-118.91613999999998"><ele>2380.0</ele></trkpt><trkpt lat="37.2494" lon="-118.91602"><ele>2380.0</ele></trkpt><trkpt lat="37.2494" lon="-118.91602"><ele>2380.0</ele></trkpt><trkpt lat="37.24917" lon="-118.91566999999998"><ele>2380.0</ele></trkpt><trkpt lat="37.24919" lon="-118.91552999999999"><ele>2380.0</ele></trkpt><trkpt lat="37.24932" lon="-118.91534999999999"><ele>2381.119044680101</ele></trkpt><trkpt lat="37.24932" lon="-118.91534999999999"><ele>2381.119044680101</ele></trkpt><trkpt lat="37.24932" lon="-118.91534999999999"><ele>2381.119044680101</ele></trkpt><trkpt lat="37.24935" lon="-118.91516999999999"><ele>2382.0</ele></trkpt><trkpt lat="37.24934" lon="-118.91491000000002"><ele>2382.0</ele></trkpt><trkpt lat="37.24941" lon="-118.91466000000003"><ele>2384.0</ele></trkpt><trkpt lat="37.24942" lon="-118.91451"><ele>2384.0</ele></trkpt><trkpt lat="37.24924" lon="-118.91383000000002"><ele>2386.0</ele></trkpt><trkpt lat="37.24924" lon="-118.91361999999998"><ele>2387.0</ele></trkpt><trkpt lat="37.24915" lon="-118.91311999999999"><ele>2388.0</ele></trkpt><trkpt lat="37.24906" lon="-118.91286000000002"><ele>2389.0</ele></trkpt><trkpt lat="37.2488" lon="-118.91269"><ele>2389.0</ele></trkpt><trkpt lat="37.24865" lon="-118.91255999999998"><ele>2390.0</ele></trkpt><trkpt lat="37.24824" lon="-118.91173000000003"><ele>2388.0144783076007</ele></trkpt><trkpt lat="37.24808" lon="-118.91161"><ele>2387.0</ele></trkpt><trkpt lat="37.24791" lon="-118.91138000000001"><ele>2384.3243569011875</ele></trkpt><trkpt lat="37.24782" lon="-118.91134"><ele>2382.0</ele></trkpt><trkpt lat="37.24782" lon="-118.91134"><ele>2382.0</ele></trkpt><trkpt lat="37.24769" lon="-118.91127"><ele>2383.0</ele></trkpt><trkpt lat="37.2476" lon="-118.91111000000001"><ele>2380.0</ele></trkpt><trkpt lat="37.24761" lon="-118.91095999999999"><ele>2379.0</ele></trkpt><trkpt lat="37.24757" lon="-118.91088000000002"><ele>2378.0</ele></trkpt><trkpt lat="37.24748" lon="-118.91077999999999"><ele>2377.0</ele></trkpt><trkpt lat="37.2475" lon="-118.91061000000002"><ele>2376.6952575538307</ele></trkpt><trkpt lat="37.2474" lon="-118.91044"><ele>2374.0</ele></trkpt><trkpt lat="37.2472" lon="-118.91023000000001"><ele>2372.1318323295563</ele></trkpt><trkpt lat="37.24695" lon="-118.90990999999997"><ele>2368.9784418757263</ele></trkpt><trkpt lat="37.24691" lon="-118.90976"><ele>2366.1539210788906</ele></trkpt><trkpt lat="37.24666" lon="-118.90938"><ele>2366.0</ele></trkpt><trkpt lat="37.24658" lon="-118.9092"><ele>2364.0</ele></trkpt><trkpt lat="37.24672" lon="-118.90894000000003"><ele>2362.0229332928843</ele></trkpt><trkpt lat="37.24675" lon="-118.90873999999997"><ele>2361.0</ele></trkpt><trkpt lat="37.2467" lon="-118.90841999999998"><ele>2359.585854820828</ele></trkpt><trkpt lat="37.24639" lon="-118.90804000000003"><ele>2356.2338360559843</ele></trkpt><trkpt lat="37.24636" lon="-118.90794"><ele>2355.0</ele></trkpt><trkpt lat="37.24635" lon="-118.9076"><ele>2352.3691739067435</ele></trkpt><trkpt lat="37.24619" lon="-118.90728000000001"><ele>2352.0013095114277</ele></trkpt><trkpt lat="37.24607" lon="-118.90690999999998"><ele>2351.0</ele></trkpt><trkpt lat="37.24607" lon="-118.90677"><ele>2351.0</ele></trkpt><trkpt lat="37.24618" lon="-118.90643999999998"><ele>2350.0</ele></trkpt><trkpt lat="37.24616838679931" lon="-118.90641096699824"><ele>2350.0</ele></trkpt><trkpt lat="37.24617" lon="-118.90641"><ele>2350.0</ele></trkpt><trkpt lat="37.2462" lon="-118.90606000000002"><ele>2348.0</ele></trkpt><trkpt lat="37.24612" lon="-118.90575999999999"><ele>2346.0</ele></trkpt><trkpt lat="37.24612" lon="-118.90575999999999"><ele>2346.0</ele></trkpt><trkpt lat="37.24612" lon="-118.90575999999999"><ele>2346.0</ele></trkpt><trkpt lat="37.24595" lon="-118.90541000000002"><ele>2342.0</ele></trkpt><trkpt lat="37.24588" lon="-118.90512999999999"><ele>2340.0</ele></trkpt><trkpt lat="37.24587" lon="-118.90483"><ele>2338.0</ele></trkpt><trkpt lat="37.2456" lon="-118.90442999999999"><ele>2335.0</ele></trkpt><trkpt lat="37.24564" lon="-118.90418"><ele>2333.738813610091</ele></trkpt><trkpt lat="37.24564" lon="-118.90377000000001"><ele>2331.6525676209408</ele></trkpt><trkpt lat="37.24587" lon="-118.9031"><ele>2330.0</ele></trkpt><trkpt lat="37.24616" lon="-118.90258"><ele>2330.0</ele></trkpt><trkpt lat="37.24627" lon="-118.90229"><ele>2329.575619136468</ele></trkpt><trkpt lat="37.24633" lon="-118.90195"><ele>2329.0</ele></trkpt><trkpt lat="37.2463" lon="-118.90139999999997"><ele>2328.0</ele></trkpt><trkpt lat="37.24634" lon="-118.90118999999999"><ele>2327.0</ele></trkpt><trkpt lat="37.24652" lon="-118.90079000000003"><ele>2327.0</ele></trkpt><trkpt lat="37.24664" lon="-118.90035999999998"><ele>2327.0</ele></trkpt><trkpt lat="37.24663" lon="-118.90004999999996"><ele>2327.0</ele></trkpt><trkpt lat="37.24651" lon="-118.89972999999998"><ele>2326.0</ele></trkpt><trkpt lat="37.24638" lon="-118.89927999999998"><ele>2326.0</ele></trkpt><trkpt lat="37.24638537539288" lon="-118.8992831030535"><ele>2326.0</ele></trkpt><trkpt lat="37.24645" lon="-118.89909999999998"><ele>2326.0</ele></trkpt><trkpt lat="37.24652" lon="-118.89873"><ele>2327.700376928816</ele></trkpt><trkpt lat="37.24683" lon="-118.89828999999997"><ele>2333.0</ele></trkpt><trkpt lat="37.24688" lon="-118.89812"><ele>2335.0</ele></trkpt><trkpt lat="37.24685" lon="-118.89801999999997"><ele>2335.0</ele></trkpt><trkpt lat="37.24685" lon="-118.89720999999997"><ele>2332.0</ele></trkpt><trkpt lat="37.24671" lon="-118.89692000000002"><ele>2330.0</ele></trkpt><trkpt lat="37.24669" lon="-118.89677"><ele>2329.2741699200124</ele></trkpt><trkpt lat="37.24657" lon="-118.89660000000003"><ele>2327.0</ele></trkpt><trkpt lat="37.24652" lon="-118.89647000000002"><ele>2327.0</ele></trkpt><trkpt lat="37.24651" lon="-118.89609999999999"><ele>2327.0</ele></trkpt><trkpt lat="37.24654" lon="-118.89591000000001"><ele>2328.0</ele></trkpt><trkpt lat="37.24652" lon="-118.89570000000003"><ele>2327.5093888302113</ele></trkpt><trkpt lat="37.24647" lon="-118.89548000000002"><ele>2328.0</ele></trkpt><trkpt lat="37.24637" lon="-118.89528000000001"><ele>2329.0</ele></trkpt><trkpt lat="37.24632" lon="-118.89495"><ele>2331.5276603625457</ele></trkpt><trkpt lat="37.24631" lon="-118.89465000000001"><ele>2334.0</ele></trkpt><trkpt lat="37.24635" lon="-118.89420999999999"><ele>2334.3691739067435</ele></trkpt><trkpt lat="37.24642" lon="-118.89404000000002"><ele>2334.1689806369563</ele></trkpt><trkpt lat="37.24642" lon="-118.89404000000002"><ele>2334.1689806369563</ele></trkpt><trkpt lat="37.24649" lon="-118.89382"><ele>2334.0</ele></trkpt><trkpt lat="37.24649" lon="-118.89366000000001"><ele>2333.0</ele></trkpt><trkpt lat="37.24643" lon="-118.89346"><ele>2332.0</ele></trkpt><trkpt lat="37.24648" lon="-118.89323999999999"><ele>2331.0</ele></trkpt><trkpt lat="37.24648" lon="-118.89301"><ele>2331.0</ele></trkpt><trkpt lat="37.24635" lon="-118.89254"><ele>2331.0</ele></trkpt><trkpt lat="37.24626" lon="-118.89233000000002"><ele>2331.0</ele></trkpt><trkpt lat="37.24589" lon="-118.89174000000003"><ele>2331.0</ele></trkpt><trkpt lat="37.24589" lon="-118.89174000000003"><ele>2331.0</ele></trkpt><trkpt lat="37.24589" lon="-118.89174000000003"><ele>2331.0</ele></trkpt><trkpt lat="37.24547" lon="-118.89125999999999"><ele>2330.0</ele></trkpt><trkpt lat="37.24509" lon="-118.89071999999999"><ele>2330.0</ele></trkpt><trkpt lat="37.2449" lon="-118.89060999999998"><ele>2330.2531291335713</ele></trkpt><trkpt lat="37.2446" lon="-118.89022999999997"><ele>2332.0</ele></trkpt><trkpt lat="37.24443383226884" lon="-118.89006383226888"><ele>2332.0</ele></trkpt><trkpt lat="37.24443383226884" lon="-118.89006383226888"><ele>2332.0</ele></trkpt><trkpt lat="37.24395" lon="-118.88958000000002"><ele>2333.0</ele></trkpt><trkpt lat="37.24378" lon="-118.88923999999997"><ele>2333.0</ele></trkpt><trkpt lat="37.24367" lon="-118.88890000000004"><ele>2334.0</ele></trkpt><trkpt lat="37.24339" lon="-118.88860999999997"><ele>2332.0824145097286</ele></trkpt><trkpt lat="37.2432746645633" lon="-118.88835690279171"><ele>2331.658469554357</ele></trkpt><trkpt lat="37.24326604322497" lon="-118.88833798374367"><ele>2331.825783310458</ele></trkpt><trkpt lat="37.24303" lon="-118.88782000000003"><ele>2332.5150097805895</ele></trkpt><trkpt lat="37.24278" lon="-118.88716"><ele>2333.0</ele></trkpt><trkpt lat="37.2426" lon="-118.88677999999999"><ele>2333.0</ele></trkpt><trkpt lat="37.24254" lon="-118.88656000000003"><ele>2333.4792469275653</ele></trkpt><trkpt lat="37.24241" lon="-118.88641999999999"><ele>2334.0</ele></trkpt><trkpt lat="37.24241" lon="-118.88641999999999"><ele>2334.0</ele></trkpt><trkpt lat="37.24241" lon="-118.88641999999999"><ele>2334.0</ele></trkpt><trkpt lat="37.24205" lon="-118.88558999999998"><ele>2333.0</ele></trkpt><trkpt lat="37.241987832236" lon="-118.88533511115372"><ele>2333.3149237346283</ele></trkpt><trkpt lat="37.241987832236" lon="-118.88533511115372"><ele>2333.3149237346283</ele></trkpt><trkpt lat="37.24185" lon="-118.88477"><ele>2335.0</ele></trkpt><trkpt lat="37.24174" lon="-118.88445999999999"><ele>2335.0</ele></trkpt><trkpt lat="37.24133" lon="-118.88371999999998"><ele>2334.0</ele></trkpt><trkpt lat="37.24124" lon="-118.88326"><ele>2335.0</ele></trkpt><trkpt lat="37.24095" lon="-118.88314000000003"><ele>2335.1495119356478</ele></trkpt><trkpt lat="37.24061" lon="-118.88306"><ele>2333.656558222603</ele></trkpt><trkpt lat="37.24007" lon="-118.88279999999997"><ele>2333.0</ele></trkpt><trkpt lat="37.2401" lon="-118.88258000000002"><ele>2335.0</ele></trkpt><trkpt lat="37.23992" lon="-118.88227999999998"><ele>2337.0</ele></trkpt><trkpt lat="37.23959" lon="-118.88211999999999"><ele>2337.0</ele></trkpt><trkpt lat="37.23959" lon="-118.88211999999999"><ele>2337.0</ele></trkpt><trkpt lat="37.23959" lon="-118.88211999999999"><ele>2337.0</ele></trkpt><trkpt lat="37.23944" lon="-118.88189"><ele>2341.0</ele></trkpt><trkpt lat="37.23899" lon="-118.88155"><ele>2342.0</ele></trkpt><trkpt lat="37.23847" lon="-118.88084000000003"><ele>2352.0</ele></trkpt><trkpt lat="37.23788" lon="-118.88040999999998"><ele>2355.0</ele></trkpt><trkpt lat="37.23738" lon="-118.8802"><ele>2357.629102222156</ele></trkpt><trkpt lat="37.237" lon="-118.87994000000003"><ele>2360.0</ele></trkpt><trkpt lat="37.237" lon="-118.87994000000003"><ele>2360.0</ele></trkpt><trkpt lat="37.237" lon="-118.87994000000003"><ele>2360.0</ele></trkpt><trkpt lat="37.23696" lon="-118.87981000000002"><ele>2361.0</ele></trkpt><trkpt lat="37.23686" lon="-118.87963000000002"><ele>2362.8562294623835</ele></trkpt><trkpt lat="37.23679" lon="-118.87943000000001"><ele>2361.7242792882025</ele></trkpt><trkpt lat="37.23681" lon="-118.87925999999999"><ele>2360.8950104154646</ele></trkpt><trkpt lat="37.23687" lon="-118.87907999999999"><ele>2359.0713076840134</ele></trkpt><trkpt lat="37.23698" lon="-118.87889999999999"><ele>2360.0</ele></trkpt><trkpt lat="37.23702" lon="-118.87877000000003"><ele>2362.0</ele></trkpt><trkpt lat="37.237" lon="-118.87846000000002"><ele>2364.0</ele></trkpt><trkpt lat="37.23706" lon="-118.87824999999998"><ele>2366.0</ele></trkpt><trkpt lat="37.23709" lon="-118.87781999999999"><ele>2370.0</ele></trkpt><trkpt lat="37.23709" lon="-118.87781999999999"><ele>2370.0</ele></trkpt><trkpt lat="37.23709" lon="-118.87781999999999"><ele>2370.0</ele></trkpt><trkpt lat="37.2372" lon="-118.87738999999999"><ele>2375.3089232700877</ele></trkpt><trkpt lat="37.23734" lon="-118.87709999999998"><ele>2381.0</ele></trkpt><trkpt lat="37.23743" lon="-118.87685999999997"><ele>2385.05341568788</ele></trkpt><trkpt lat="37.23776" lon="-118.87675000000002"><ele>2392.297625467654</ele></trkpt><trkpt lat="37.23795" lon="-118.87675000000002"><ele>2395.846869566414</ele></trkpt><trkpt lat="37.2381" lon="-118.87667999999996"><ele>2397.60147048443</ele></trkpt><trkpt lat="37.23835" lon="-118.87643000000003"><ele>2402.042240029201</ele></trkpt><trkpt lat="37.23846" lon="-118.87639999999999"><ele>2404.4813983310014</ele></trkpt><trkpt lat="37.23853" lon="-118.87644"><ele>2405.0823392827742</ele></trkpt><trkpt lat="37.2386" lon="-118.87644"><ele>2406.722676090082</ele></trkpt><trkpt lat="37.23867" lon="-118.87632000000002"><ele>2409.0</ele></trkpt><trkpt lat="37.23862" lon="-118.87621999999999"><ele>2410.0</ele></trkpt><trkpt lat="37.23856" lon="-118.87614000000002"><ele>2411.0</ele></trkpt><trkpt lat="37.23853" lon="-118.87603000000001"><ele>2412.0</ele></trkpt><trkpt lat="37.23855" lon="-118.87574000000001"><ele>2416.4801671104506</ele></trkpt><trkpt lat="37.23872" lon="-118.87549999999999"><ele>2421.4663252411115</ele></trkpt><trkpt lat="37.23876" lon="-118.87536"><ele>2424.0</ele></trkpt><trkpt lat="37.23877" lon="-118.87522999999999"><ele>2425.720341154377</ele></trkpt><trkpt lat="37.23894" lon="-118.87511999999998"><ele>2429.73697301274</ele></trkpt><trkpt lat="37.23902" lon="-118.875"><ele>2433.0</ele></trkpt><trkpt lat="37.23926" lon="-118.87495000000001"><ele>2435.483831139856</ele></trkpt><trkpt lat="37.23946" lon="-118.87504000000001"><ele>2435.0020129079326</ele></trkpt><trkpt lat="37.23959" lon="-118.875"><ele>2438.6086708590547</ele></trkpt><trkpt lat="37.23966" lon="-118.87468000000001"><ele>2443.0</ele></trkpt><trkpt lat="37.23977" lon="-118.87462"><ele>2444.0</ele></trkpt><trkpt lat="37.23984" lon="-118.87443000000002"><ele>2445.0</ele></trkpt><trkpt lat="37.2399" lon="-118.87414999999999"><ele>2449.0</ele></trkpt><trkpt lat="37.2399" lon="-118.87396999999999"><ele>2452.0</ele></trkpt><trkpt lat="37.24004" lon="-118.87387999999999"><ele>2457.0</ele></trkpt><trkpt lat="37.24027" lon="-118.87342000000001"><ele>2465.774470290721</ele></trkpt><trkpt lat="37.24039" lon="-118.87338"><ele>2469.460886443034</ele></trkpt><trkpt lat="37.24049" lon="-118.87324000000001"><ele>2474.314824756235</ele></trkpt><trkpt lat="37.24049" lon="-118.87308999999999"><ele>2476.9856923229227</ele></trkpt><trkpt lat="37.24045" lon="-118.87288999999998"><ele>2481.0</ele></trkpt><trkpt lat="37.24047" lon="-118.87261000000001"><ele>2481.1440364737064</ele></trkpt><trkpt lat="37.24054" lon="-118.8723"><ele>2486.1924186924107</ele></trkpt><trkpt lat="37.24075" lon="-118.87207000000001"><ele>2497.7743209486107</ele></trkpt><trkpt lat="37.24075" lon="-118.87207000000001"><ele>2497.7743209486107</ele></trkpt><trkpt lat="37.24082" lon="-118.87203999999997"><ele>2501.6649390915686</ele></trkpt><trkpt lat="37.24088" lon="-118.87207000000001"><ele>2505.1452584005892</ele></trkpt><trkpt lat="37.24089" lon="-118.87207000000001"><ele>2505.730655685067</ele></trkpt><trkpt lat="37.24094" lon="-118.87196"><ele>2508.657643288374</ele></trkpt><trkpt lat="37.24115" lon="-118.87191000000001"><ele>2516.9510124269873</ele></trkpt><trkpt lat="37.24127" lon="-118.87207000000001"><ele>2522.4736938196493</ele></trkpt><trkpt lat="37.24127" lon="-118.87207000000001"><ele>2522.4736938196493</ele></trkpt><trkpt lat="37.24136" lon="-118.87221999999997"><ele>2525.640384912712</ele></trkpt><trkpt lat="37.2414" lon="-118.87218999999999"><ele>2526.5860203448683</ele></trkpt><trkpt lat="37.24144" lon="-118.87207000000001"><ele>2529.9276261162013</ele></trkpt><trkpt lat="37.24144" lon="-118.87207000000001"><ele>2529.9276261162013</ele></trkpt><trkpt lat="37.24157" lon="-118.87175000000002"><ele>2534.5378534570336</ele></trkpt><trkpt lat="37.24165" lon="-118.87173999999999"><ele>2536.2210768051445</ele></trkpt><trkpt lat="37.24173" lon="-118.87158999999997"><ele>2538.904305126518</ele></trkpt><trkpt lat="37.24189" lon="-118.87162999999998"><ele>2543.2653476655223</ele></trkpt><trkpt lat="37.24199" lon="-118.87176"><ele>2547.0</ele></trkpt><trkpt lat="37.24209" lon="-118.87184000000002"><ele>2549.0</ele></trkpt><trkpt lat="37.24218" lon="-118.87176999999997"><ele>2553.247557049617</ele></trkpt><trkpt lat="37.242178295737304" lon="-118.87177132810348"><ele>2553.1477882582694</ele></trkpt><trkpt lat="37.24222" lon="-118.87180000000001"><ele>2555.0</ele></trkpt><trkpt lat="37.24228" lon="-118.87161000000003"><ele>2559.0537517243065</ele></trkpt><trkpt lat="37.24243" lon="-118.87171000000001"><ele>2563.257572770299</ele></trkpt><trkpt lat="37.24252" lon="-118.87155999999999"><ele>2566.151451703161</ele></trkpt><trkpt lat="37.24258" lon="-118.87155999999999"><ele>2567.758785745992</ele></trkpt><trkpt lat="37.24266" lon="-118.87161000000003"><ele>2568.968742152574</ele></trkpt><trkpt lat="37.24269" lon="-118.87151"><ele>2572.6525399271136</ele></trkpt><trkpt lat="37.24266" lon="-118.87139000000002"><ele>2574.4809322062206</ele></trkpt><trkpt lat="37.24273" lon="-118.87142"><ele>2576.3590711783054</ele></trkpt><trkpt lat="37.24283" lon="-118.87104999999997"><ele>2583.299198616296</ele></trkpt><trkpt lat="37.24282" lon="-118.87083000000001"><ele>2584.216100216545</ele></trkpt><trkpt lat="37.24287" lon="-118.87071000000003"><ele>2587.640848817304</ele></trkpt><trkpt lat="37.24286" lon="-118.87058999999999"><ele>2588.0554361492395</ele></trkpt><trkpt lat="37.24293" lon="-118.87038999999999"><ele>2592.0</ele></trkpt><trkpt lat="37.24303" lon="-118.87029000000001"><ele>2594.007462045178</ele></trkpt><trkpt lat="37.24301" lon="-118.87022999999999"><ele>2594.0</ele></trkpt><trkpt lat="37.24305" lon="-118.87013999999999"><ele>2595.5555228692256</ele></trkpt><trkpt lat="37.24305" lon="-118.87002999999999"><ele>2597.0</ele></trkpt><trkpt lat="37.24292" lon="-118.86969999999997"><ele>2598.0</ele></trkpt><trkpt lat="37.24294" lon="-118.86964999999998"><ele>2599.81574294975</ele></trkpt><trkpt lat="37.24318" lon="-118.86982"><ele>2602.0</ele></trkpt><trkpt lat="37.24326" lon="-118.86984999999999"><ele>2603.0</ele></trkpt><trkpt lat="37.24348" lon="-118.87008000000003"><ele>2606.089648131031</ele></trkpt><trkpt lat="37.2437" lon="-118.87054"><ele>2611.2303709145635</ele></trkpt><trkpt lat="37.24368" lon="-118.87079"><ele>2612.059532765299</ele></trkpt><trkpt lat="37.24386" lon="-118.87146999999999"><ele>2618.0</ele></trkpt><trkpt lat="37.24396" lon="-118.87161000000003"><ele>2618.4034124673344</ele></trkpt><trkpt lat="37.24405" lon="-118.87166000000002"><ele>2619.8941791466714</ele></trkpt><trkpt lat="37.24414" lon="-118.87164999999999"><ele>2621.0</ele></trkpt><trkpt lat="37.24419" lon="-118.87158"><ele>2622.0</ele></trkpt><trkpt lat="37.24427" lon="-118.87126999999998"><ele>2626.0</ele></trkpt><trkpt lat="37.2445" lon="-118.87128000000001"><ele>2629.0641516875476</ele></trkpt><trkpt lat="37.24459" lon="-118.87144"><ele>2631.3329831343144</ele></trkpt><trkpt lat="37.24468" lon="-118.87153999999998"><ele>2632.6871720748914</ele></trkpt><trkpt lat="37.24482" lon="-118.87158"><ele>2635.0</ele></trkpt><trkpt lat="37.24491" lon="-118.87157000000002"><ele>2636.0</ele></trkpt><trkpt lat="37.245" lon="-118.87149999999997"><ele>2637.0</ele></trkpt><trkpt lat="37.24529" lon="-118.87153"><ele>2639.0</ele></trkpt><trkpt lat="37.24537" lon="-118.8714"><ele>2640.999073511224</ele></trkpt><trkpt lat="37.24536" lon="-118.87128999999999"><ele>2641.4110205043107</ele></trkpt><trkpt lat="37.24545" lon="-118.87122"><ele>2644.0</ele></trkpt><trkpt lat="37.2455" lon="-118.87104"><ele>2647.0</ele></trkpt><trkpt lat="37.24546" lon="-118.87063999999998"><ele>2650.380975011331</ele></trkpt><trkpt lat="37.24521" lon="-118.87031000000002"><ele>2655.8282988711</ele></trkpt><trkpt lat="37.24489" lon="-118.87000999999998"><ele>2658.9497258026076</ele></trkpt><trkpt lat="37.24481" lon="-118.86998"><ele>2658.915623110719</ele></trkpt><trkpt lat="37.24464" lon="-118.86981000000003"><ele>2661.218027225367</ele></trkpt><trkpt lat="37.24456" lon="-118.86966999999999"><ele>2663.0</ele></trkpt><trkpt lat="37.24461" lon="-118.86964999999998"><ele>2664.6500738684203</ele></trkpt><trkpt lat="37.2447" lon="-118.86973"><ele>2664.566467554774</ele></trkpt><trkpt lat="37.24479" lon="-118.86977000000002"><ele>2665.029160836167</ele></trkpt><trkpt lat="37.24492" lon="-118.86969999999997"><ele>2665.9645688901655</ele></trkpt><trkpt lat="37.24499" lon="-118.86971"><ele>2668.750087916851</ele></trkpt><trkpt lat="37.24506" lon="-118.8698"><ele>2668.2580165908435</ele></trkpt><trkpt lat="37.24523" lon="-118.86987999999997"><ele>2670.57596089039</ele></trkpt><trkpt lat="37.24537" lon="-118.86990000000003"><ele>2671.643893331755</ele></trkpt><trkpt lat="37.24545" lon="-118.86990000000003"><ele>2671.643893331755</ele></trkpt><trkpt lat="37.24555" lon="-118.86986999999999"><ele>2673.022435374979</ele></trkpt><trkpt lat="37.24583" lon="-118.86964999999998"><ele>2679.2730487749604</ele></trkpt><trkpt lat="37.2461" lon="-118.86978999999997"><ele>2682.9387077576903</ele></trkpt><trkpt lat="37.24622" lon="-118.8698"><ele>2685.0</ele></trkpt><trkpt lat="37.24646" lon="-118.86993000000001"><ele>2689.809015730396</ele></trkpt><trkpt lat="37.24685" lon="-118.87034"><ele>2697.0887546592276</ele></trkpt><trkpt lat="37.24707" lon="-118.87044000000003"><ele>2702.0</ele></trkpt><trkpt lat="37.24718" lon="-118.87056999999999"><ele>2704.0</ele></trkpt><trkpt lat="37.24736" lon="-118.8707"><ele>2707.679946364929</ele></trkpt><trkpt lat="37.24762" lon="-118.87081"><ele>2710.9554667766206</ele></trkpt><trkpt lat="37.24772" lon="-118.87077999999997"><ele>2713.844045396954</ele></trkpt><trkpt lat="37.24782" lon="-118.87083000000001"><ele>2715.0</ele></trkpt><trkpt lat="37.24782" lon="-118.87083000000001"><ele>2715.0</ele></trkpt><trkpt lat="37.24787" lon="-118.87083000000001"><ele>2715.0</ele></trkpt><trkpt lat="37.24794" lon="-118.87076000000002"><ele>2717.257111757884</ele></trkpt><trkpt lat="37.24797" lon="-118.87076000000002"><ele>2718.2114309910685</ele></trkpt><trkpt lat="37.24801" lon="-118.87088"><ele>2718.987751255533</ele></trkpt><trkpt lat="37.24829" lon="-118.87107000000003"><ele>2722.1179413320497</ele></trkpt><trkpt lat="37.24874" lon="-118.87126"><ele>2731.07674926682</ele></trkpt><trkpt lat="37.24901" lon="-118.87149999999997"><ele>2736.1569777801633</ele></trkpt><trkpt lat="37.24903" lon="-118.87144999999998"><ele>2738.2983962387552</ele></trkpt><trkpt lat="37.24893" lon="-118.87119999999999"><ele>2742.4152121581137</ele></trkpt><trkpt lat="37.24891" lon="-118.87101000000001"><ele>2745.223318747316</ele></trkpt><trkpt lat="37.24877" lon="-118.87062000000003"><ele>2751.0</ele></trkpt><trkpt lat="37.24876" lon="-118.87049000000002"><ele>2752.5419173021696</ele></trkpt><trkpt lat="37.24868" lon="-118.87027"><ele>2755.311997906379</ele></trkpt><trkpt lat="37.24856" lon="-118.86981000000003"><ele>2761.75325336121</ele></trkpt><trkpt lat="37.24848" lon="-118.86969999999997"><ele>2763.967034915969</ele></trkpt><trkpt lat="37.24811" lon="-118.86901"><ele>2775.479371352364</ele></trkpt><trkpt lat="37.24792" lon="-118.86876000000001"><ele>2779.0559143382125</ele></trkpt><trkpt lat="37.2479" lon="-118.86867000000001"><ele>2781.1094209941602</ele></trkpt><trkpt lat="37.24782" lon="-118.86854"><ele>2783.024487111252</ele></trkpt><trkpt lat="37.24782" lon="-118.86854"><ele>2783.024487111252</ele></trkpt><trkpt lat="37.24779" lon="-118.86846000000003"><ele>2785.752757331822</ele></trkpt><trkpt lat="37.24782" lon="-118.86847"><ele>2785.2867235555314</ele></trkpt><trkpt lat="37.24782" lon="-118.86847"><ele>2785.2867235555314</ele></trkpt><trkpt lat="37.24814" lon="-118.86864000000003"><ele>2790.83266193712</ele></trkpt><trkpt lat="37.24896" lon="-118.86897999999997"><ele>2806.519000890199</ele></trkpt><trkpt lat="37.2492" lon="-118.86903000000001"><ele>2811.0420443185194</ele></trkpt><trkpt lat="37.24929" lon="-118.86910999999998"><ele>2811.952376484871</ele></trkpt><trkpt lat="37.24952" lon="-118.86918000000003"><ele>2816.965908468964</ele></trkpt><trkpt lat="37.24955" lon="-118.86923000000002"><ele>2816.582024502568</ele></trkpt><trkpt lat="37.24975" lon="-118.86933999999997"><ele>2819.8510552266775</ele></trkpt><trkpt lat="37.24978" lon="-118.86930000000001"><ele>2822.0</ele></trkpt><trkpt lat="37.24968" lon="-118.86912999999998"><ele>2824.528494223021</ele></trkpt><trkpt lat="37.24961" lon="-118.86894000000001"><ele>2826.522952580873</ele></trkpt><trkpt lat="37.24946" lon="-118.86870999999996"><ele>2830.5012830665733</ele></trkpt><trkpt lat="37.24932" lon="-118.86840999999998"><ele>2836.0</ele></trkpt><trkpt lat="37.24922" lon="-118.86831999999998"><ele>2836.2772302227095</ele></trkpt><trkpt lat="37.24905" lon="-118.86799000000002"><ele>2842.289274262661</ele></trkpt><trkpt lat="37.2489" lon="-118.86779000000001"><ele>2844.643693463455</ele></trkpt><trkpt lat="37.24886" lon="-118.86768999999998"><ele>2847.637358223088</ele></trkpt><trkpt lat="37.24879" lon="-118.86763000000002"><ele>2847.6523436945863</ele></trkpt><trkpt lat="37.24866" lon="-118.86741"><ele>2851.294130331371</ele></trkpt><trkpt lat="37.24846" lon="-118.86714999999998"><ele>2856.980060028832</ele></trkpt><trkpt lat="37.24819" lon="-118.86698000000001"><ele>2860.4765790029164</ele></trkpt><trkpt lat="37.24818" lon="-118.86693000000002"><ele>2862.589502347967</ele></trkpt><trkpt lat="37.2483" lon="-118.86694"><ele>2864.589891555719</ele></trkpt><trkpt lat="37.24874" lon="-118.86691000000002"><ele>2871.987992887851</ele></trkpt><trkpt lat="37.24899" lon="-118.86700000000002"><ele>2874.7936888877302</ele></trkpt><trkpt lat="37.2491" lon="-118.86707000000001"><ele>2875.70389654613</ele></trkpt><trkpt lat="37.24949" lon="-118.86716000000001"><ele>2883.80758430825</ele></trkpt><trkpt lat="37.2499" lon="-118.86741"><ele>2890.8914806717075</ele></trkpt><trkpt lat="37.25026" lon="-118.86768000000001"><ele>2897.3562807794083</ele></trkpt><trkpt lat="37.2504" lon="-118.86775"><ele>2901.478639807552</ele></trkpt><trkpt lat="37.25048" lon="-118.86786000000001"><ele>2902.8771959366277</ele></trkpt><trkpt lat="37.25059" lon="-118.86793999999998"><ele>2903.994640666632</ele></trkpt><trkpt lat="37.25062" lon="-118.86790000000002"><ele>2906.3054043276115</ele></trkpt><trkpt lat="37.25059" lon="-118.86779000000001"><ele>2907.990868079007</ele></trkpt><trkpt lat="37.25053" lon="-118.86772000000002"><ele>2908.3075503502396</ele></trkpt><trkpt lat="37.25042" lon="-118.86741"><ele>2913.8900753925673</ele></trkpt><trkpt lat="37.2503" lon="-118.86718000000002"><ele>2916.029012528714</ele></trkpt><trkpt lat="37.25014" lon="-118.86676999999997"><ele>2921.768880514428</ele></trkpt><trkpt lat="37.25015" lon="-118.86673000000002"><ele>2924.218484846875</ele></trkpt><trkpt lat="37.25041" lon="-118.86693000000002"><ele>2929.05592533201</ele></trkpt><trkpt lat="37.25076" lon="-118.86698999999999"><ele>2932.259722666815</ele></trkpt><trkpt lat="37.25101" lon="-118.86698999999999"><ele>2935.259722666815</ele></trkpt><trkpt lat="37.25109" lon="-118.86691000000002"><ele>2937.0</ele></trkpt><trkpt lat="37.25109" lon="-118.86680999999999"><ele>2939.0</ele></trkpt><trkpt lat="37.25103" lon="-118.86674"><ele>2940.0</ele></trkpt><trkpt lat="37.25062" lon="-118.86658"><ele>2942.594331847546</ele></trkpt><trkpt lat="37.25057" lon="-118.86648000000002"><ele>2944.0274453316815</ele></trkpt><trkpt lat="37.25077" lon="-118.86649"><ele>2946.0</ele></trkpt><trkpt lat="37.25103" lon="-118.8664"><ele>2947.0</ele></trkpt><trkpt lat="37.25109" lon="-118.86631999999997"><ele>2948.547797155156</ele></trkpt><trkpt lat="37.25106" lon="-118.86626999999999"><ele>2949.977715546783</ele></trkpt><trkpt lat="37.25101" lon="-118.86628000000002"><ele>2950.0</ele></trkpt><trkpt lat="37.25096" lon="-118.86617999999999"><ele>2953.008458666969</ele></trkpt><trkpt lat="37.25162" lon="-118.86556000000002"><ele>2961.902552888263</ele></trkpt><trkpt lat="37.25173" lon="-118.86547999999999"><ele>2962.7589265240563</ele></trkpt><trkpt lat="37.25198" lon="-118.86544000000004"><ele>2965.0</ele></trkpt><trkpt lat="37.25229" lon="-118.86529000000002"><ele>2967.485464888159</ele></trkpt><trkpt lat="37.25246" lon="-118.86527999999998"><ele>2967.0</ele></trkpt><trkpt lat="37.253" lon="-118.86509000000001"><ele>2968.0</ele></trkpt><trkpt lat="37.25309" lon="-118.86500000000001"><ele>2968.0</ele></trkpt><trkpt lat="37.25331" lon="-118.86457999999999"><ele>2968.0</ele></trkpt><trkpt lat="37.2534" lon="-118.86446000000001"><ele>2967.8970356228638</ele></trkpt><trkpt lat="37.25347" lon="-118.86442999999997"><ele>2967.0</ele></trkpt><trkpt lat="37.25352" lon="-118.86442999999997"><ele>2966.56436977908</ele></trkpt><trkpt lat="37.25372" lon="-118.86453"><ele>2968.0</ele></trkpt><trkpt lat="37.25391" lon="-118.86471"><ele>2969.99166029986</ele></trkpt><trkpt lat="37.25399" lon="-118.86491000000001"><ele>2970.0</ele></trkpt><trkpt lat="37.25455" lon="-118.86538000000002"><ele>2974.0</ele></trkpt><trkpt lat="37.25483" lon="-118.86554999999998"><ele>2976.0</ele></trkpt><trkpt lat="37.25518" lon="-118.86563999999998"><ele>2981.0</ele></trkpt><trkpt lat="37.255610913759" lon="-118.86555748459932"><ele>2986.561849227265</ele></trkpt><trkpt lat="37.25567277686489" lon="-118.86553291736686"><ele>2987.8674772929594</ele></trkpt><trkpt lat="37.25581" lon="-118.86543"><ele>2990.0</ele></trkpt><trkpt lat="37.25588" lon="-118.86543"><ele>2991.328528724611</ele></trkpt><trkpt lat="37.25594" lon="-118.86547999999999"><ele>2992.841612879187</ele></trkpt><trkpt lat="37.25611" lon="-118.86554000000001"><ele>2996.0</ele></trkpt><trkpt lat="37.25642" lon="-118.86559"><ele>3000.0</ele></trkpt><trkpt lat="37.25653" lon="-118.86554999999998"><ele>3001.0</ele></trkpt><trkpt lat="37.25692" lon="-118.86514"><ele>3004.6298766681784</ele></trkpt><trkpt lat="37.25705" lon="-118.86505999999997"><ele>3006.0</ele></trkpt><trkpt lat="37.2571" lon="-118.86509000000001"><ele>3007.0</ele></trkpt><trkpt lat="37.25715" lon="-118.86511999999999"><ele>3008.0</ele></trkpt><trkpt lat="37.25716" lon="-118.86536999999998"><ele>3010.2749309185892</ele></trkpt><trkpt lat="37.25705" lon="-118.86594000000002"><ele>3014.0</ele></trkpt><trkpt lat="37.25705" lon="-118.86606999999998"><ele>3016.0</ele></trkpt><trkpt lat="37.25711" lon="-118.86610999999999"><ele>3018.2532972018726</ele></trkpt><trkpt lat="37.25724" lon="-118.86608000000001"><ele>3020.3176650618975</ele></trkpt><trkpt lat="37.25741" lon="-118.86588999999998"><ele>3022.9130487553775</ele></trkpt><trkpt lat="37.25756" lon="-118.86581000000001"><ele>3025.9234662287977</ele></trkpt><trkpt lat="37.25769" lon="-118.86556999999999"><ele>3028.6978407752513</ele></trkpt><trkpt lat="37.2579" lon="-118.86532"><ele>3032.0</ele></trkpt><trkpt lat="37.25797" lon="-118.86516"><ele>3032.702608998865</ele></trkpt><trkpt lat="37.25799" lon="-118.86499000000003"><ele>3033.0</ele></trkpt><trkpt lat="37.25803" lon="-118.86493000000002"><ele>3034.4217874402634</ele></trkpt><trkpt lat="37.25809" lon="-118.86491999999998"><ele>3036.0</ele></trkpt><trkpt lat="37.25813" lon="-118.86496999999997"><ele>3037.0</ele></trkpt><trkpt lat="37.25816" lon="-118.86508000000003"><ele>3037.0</ele></trkpt><trkpt lat="37.25821" lon="-118.86513000000002"><ele>3038.755352295935</ele></trkpt><trkpt lat="37.25825" lon="-118.86532"><ele>3041.0974805336446</ele></trkpt><trkpt lat="37.25824" lon="-118.86549000000002"><ele>3042.0</ele></trkpt><trkpt lat="37.2583" lon="-118.86568"><ele>3043.0</ele></trkpt><trkpt lat="37.25828" lon="-118.86597999999998"><ele>3044.902105606978</ele></trkpt><trkpt lat="37.25832" lon="-118.86604"><ele>3046.0</ele></trkpt><trkpt lat="37.25833" lon="-118.86608999999999"><ele>3046.0</ele></trkpt><trkpt lat="37.25829" lon="-118.86644999999999"><ele>3048.2525354375803</ele></trkpt><trkpt lat="37.25834" lon="-118.86676999999997"><ele>3052.2220814451575</ele></trkpt><trkpt lat="37.25816" lon="-118.86709000000002"><ele>3053.331586624729</ele></trkpt><trkpt lat="37.25823" lon="-118.86712"><ele>3056.926416259259</ele></trkpt><trkpt lat="37.25841" lon="-118.86693000000002"><ele>3059.9701362035485</ele></trkpt><trkpt lat="37.25845" lon="-118.86696999999998"><ele>3062.6531469504334</ele></trkpt><trkpt lat="37.25847" lon="-118.86703"><ele>3064.991774969335</ele></trkpt><trkpt lat="37.25844" lon="-118.8671"><ele>3064.222606640309</ele></trkpt><trkpt lat="37.25847" lon="-118.86719"><ele>3065.979208065197</ele></trkpt><trkpt lat="37.25847" lon="-118.86732"><ele>3066.116909609912</ele></trkpt><trkpt lat="37.25845" lon="-118.86748999999998"><ele>3067.8081403728575</ele></trkpt><trkpt lat="37.25851" lon="-118.86779000000001"><ele>3066.9844047948504</ele></trkpt><trkpt lat="37.25848" lon="-118.86792000000003"><ele>3066.6001801512257</ele></trkpt><trkpt lat="37.25831" lon="-118.86824000000001"><ele>3066.0</ele></trkpt><trkpt lat="37.25817" lon="-118.86838999999998"><ele>3066.4132253043354</ele></trkpt><trkpt lat="37.2581" lon="-118.86876999999998"><ele>3066.2183583420588</ele></trkpt><trkpt lat="37.25802" lon="-118.86897999999997"><ele>3065.0</ele></trkpt><trkpt lat="37.25803" lon="-118.86912000000001"><ele>3066.0</ele></trkpt><trkpt lat="37.2583" lon="-118.86953"><ele>3067.0</ele></trkpt><trkpt lat="37.25842" lon="-118.86966000000001"><ele>3068.214006919131</ele></trkpt><trkpt lat="37.2586" lon="-118.86960999999997"><ele>3070.0</ele></trkpt><trkpt lat="37.25872" lon="-118.86968999999999"><ele>3070.0</ele></trkpt><trkpt lat="37.25879" lon="-118.86968000000002"><ele>3070.642290681108</ele></trkpt><trkpt lat="37.25887" lon="-118.86962"><ele>3071.0</ele></trkpt><trkpt lat="37.25902" lon="-118.86957000000001"><ele>3071.0</ele></trkpt><trkpt lat="37.25915" lon="-118.86964999999998"><ele>3071.0</ele></trkpt><trkpt lat="37.25924" lon="-118.86977999999999"><ele>3071.2362986668013</ele></trkpt><trkpt lat="37.2592" lon="-118.87049000000002"><ele>3071.0</ele></trkpt><trkpt lat="37.2592" lon="-118.87068"><ele>3071.0</ele></trkpt><trkpt lat="37.25923" lon="-118.87080000000003"><ele>3071.0</ele></trkpt><trkpt lat="37.25918" lon="-118.87092000000001"><ele>3071.0</ele></trkpt><trkpt lat="37.25914" lon="-118.87092999999999"><ele>3071.0</ele></trkpt><trkpt lat="37.25886" lon="-118.87117999999998"><ele>3075.008430221118</ele></trkpt><trkpt lat="37.25853" lon="-118.87164999999999"><ele>3080.449089420901</ele></trkpt><trkpt lat="37.25851" lon="-118.87173999999999"><ele>3080.927844128689</ele></trkpt><trkpt lat="37.2585" lon="-118.87178"><ele>3080.0</ele></trkpt><trkpt lat="37.25853" lon="-118.87182000000001"><ele>3080.4236280395244</ele></trkpt><trkpt lat="37.2586" lon="-118.87184000000002"><ele>3080.0</ele></trkpt><trkpt lat="37.25866" lon="-118.87191999999999"><ele>3078.9483458303384</ele></trkpt><trkpt lat="37.2587" lon="-118.87200000000001"><ele>3078.0</ele></trkpt><trkpt lat="37.2587" lon="-118.87207000000001"><ele>3078.0</ele></trkpt><trkpt lat="37.2587" lon="-118.87207000000001"><ele>3078.0</ele></trkpt><trkpt lat="37.25864" lon="-118.87224000000003"><ele>3077.0</ele></trkpt><trkpt lat="37.25861" lon="-118.87245000000001"><ele>3077.0</ele></trkpt><trkpt lat="37.25863" lon="-118.87261000000001"><ele>3077.0</ele></trkpt><trkpt lat="37.25867" lon="-118.87263999999999"><ele>3075.965945206243</ele></trkpt><trkpt lat="37.25886" lon="-118.87261999999998"><ele>3075.0</ele></trkpt><trkpt lat="37.25896" lon="-118.87270000000001"><ele>3072.30887110997</ele></trkpt><trkpt lat="37.25904" lon="-118.87269000000003"><ele>3072.6204693317413</ele></trkpt><trkpt lat="37.25931" lon="-118.87279999999998"><ele>3069.91686408153</ele></trkpt><trkpt lat="37.26001" lon="-118.87293"><ele>3065.0</ele></trkpt><trkpt lat="37.26011" lon="-118.87311"><ele>3063.992550686641</ele></trkpt><trkpt lat="37.2602" lon="-118.8732"><ele>3063.0</ele></trkpt><trkpt lat="37.26035" lon="-118.87329"><ele>3062.0</ele></trkpt><trkpt lat="37.26051" lon="-118.87333000000001"><ele>3059.794307555072</ele></trkpt><trkpt lat="37.26099" lon="-118.87332000000004"><ele>3056.0</ele></trkpt><trkpt lat="37.26107" lon="-118.87337000000002"><ele>3054.0</ele></trkpt><trkpt lat="37.26069" lon="-118.87414000000001"><ele>3047.971037818745</ele></trkpt><trkpt lat="37.26067" lon="-118.87425999999999"><ele>3046.0</ele></trkpt><trkpt lat="37.26069" lon="-118.87454000000002"><ele>3043.404220443219</ele></trkpt><trkpt lat="37.26073" lon="-118.87466"><ele>3043.0</ele></trkpt><trkpt lat="37.26081" lon="-118.87477000000001"><ele>3042.0</ele></trkpt><trkpt lat="37.26097" lon="-118.87481000000002"><ele>3042.0</ele></trkpt><trkpt lat="37.26108" lon="-118.87509999999997"><ele>3042.0</ele></trkpt><trkpt lat="37.26116" lon="-118.8752"><ele>3043.819684299629</ele></trkpt><trkpt lat="37.26123" lon="-118.87527"><ele>3044.0</ele></trkpt><trkpt lat="37.26136" lon="-118.87529999999998"><ele>3045.0</ele></trkpt><trkpt lat="37.26146" lon="-118.87536"><ele>3045.0</ele></trkpt><trkpt lat="37.26163" lon="-118.87561"><ele>3047.0</ele></trkpt><trkpt lat="37.26174" lon="-118.87585000000001"><ele>3049.0</ele></trkpt><trkpt lat="37.26183" lon="-118.87639000000001"><ele>3049.72299496457</ele></trkpt><trkpt lat="37.26193" lon="-118.8766"><ele>3052.0</ele></trkpt><trkpt lat="37.2621" lon="-118.87666999999999"><ele>3055.0</ele></trkpt><trkpt lat="37.26242" lon="-118.87664000000001"><ele>3060.0</ele></trkpt><trkpt lat="37.26259" lon="-118.87652000000003"><ele>3064.225782973692</ele></trkpt><trkpt lat="37.26272" lon="-118.87630000000001"><ele>3066.938127536701</ele></trkpt><trkpt lat="37.26276" lon="-118.87626999999998"><ele>3068.0</ele></trkpt><trkpt lat="37.26285" lon="-118.87624"><ele>3068.0</ele></trkpt><trkpt lat="37.26314" lon="-118.87626"><ele>3071.3255717496054</ele></trkpt><trkpt lat="37.26314" lon="-118.87632000000002"><ele>3072.237525580428</ele></trkpt><trkpt lat="37.26309" lon="-118.87646000000001"><ele>3073.0374427154266</ele></trkpt><trkpt lat="37.26313" lon="-118.87653"><ele>3074.0</ele></trkpt><trkpt lat="37.26319" lon="-118.87675999999999"><ele>3075.0198935378035</ele></trkpt><trkpt lat="37.26318" lon="-118.87685999999997"><ele>3076.554108353375</ele></trkpt><trkpt lat="37.2631" lon="-118.87709000000001"><ele>3078.089747775346</ele></trkpt><trkpt lat="37.26318" lon="-118.87733000000003"><ele>3079.0</ele></trkpt><trkpt lat="37.26337" lon="-118.87757999999997"><ele>3081.0</ele></trkpt><trkpt lat="37.26341" lon="-118.87760000000003"><ele>3080.0</ele></trkpt><trkpt lat="37.26349" lon="-118.87756000000002"><ele>3080.0</ele></trkpt><trkpt lat="37.26358" lon="-118.87756000000002"><ele>3081.0</ele></trkpt><trkpt lat="37.26366" lon="-118.87761999999998"><ele>3081.0</ele></trkpt><trkpt lat="37.26383" lon="-118.87775999999997"><ele>3082.0</ele></trkpt><trkpt lat="37.2641" lon="-118.87810000000002"><ele>3086.0</ele></trkpt><trkpt lat="37.26432" lon="-118.87813"><ele>3086.0</ele></trkpt><trkpt lat="37.26443" lon="-118.87795"><ele>3087.0</ele></trkpt><trkpt lat="37.26461" lon="-118.87796000000003"><ele>3088.0</ele></trkpt><trkpt lat="37.26486" lon="-118.87757999999997"><ele>3089.0</ele></trkpt><trkpt lat="37.26493" lon="-118.87752999999998"><ele>3090.0</ele></trkpt><trkpt lat="37.26501" lon="-118.8775"><ele>3090.0</ele></trkpt><trkpt lat="37.26531" lon="-118.87752"><ele>3091.0</ele></trkpt><trkpt lat="37.26531" lon="-118.87752"><ele>3091.0</ele></trkpt><trkpt lat="37.26564" lon="-118.87751000000003"><ele>3092.0</ele></trkpt><trkpt lat="37.26639" lon="-118.87727999999998"><ele>3096.0</ele></trkpt><trkpt lat="37.26672" lon="-118.87732"><ele>3096.84683022229</ele></trkpt><trkpt lat="37.26696" lon="-118.87730999999997"><ele>3097.0</ele></trkpt><trkpt lat="37.26725" lon="-118.87725999999998"><ele>3097.0</ele></trkpt><trkpt lat="37.26753" lon="-118.87727000000001"><ele>3096.1769991107285</ele></trkpt><trkpt lat="37.26767" lon="-118.87720999999999"><ele>3097.0</ele></trkpt><trkpt lat="37.26782" lon="-118.87718999999998"><ele>3097.0</ele></trkpt><trkpt lat="37.26813" lon="-118.87724000000003"><ele>3096.0</ele></trkpt><trkpt lat="37.2684" lon="-118.87738000000002"><ele>3094.0</ele></trkpt><trkpt lat="37.26877" lon="-118.87739999999997"><ele>3094.0</ele></trkpt><trkpt lat="37.26893" lon="-118.87745000000001"><ele>3094.0</ele></trkpt><trkpt lat="37.26904" lon="-118.87751000000003"><ele>3095.0</ele></trkpt><trkpt lat="37.26912" lon="-118.87760000000003"><ele>3095.0</ele></trkpt><trkpt lat="37.26927" lon="-118.87763999999999"><ele>3096.0</ele></trkpt><trkpt lat="37.2694" lon="-118.87778000000003"><ele>3098.0</ele></trkpt><trkpt lat="37.26949" lon="-118.87778000000003"><ele>3098.0</ele></trkpt><trkpt lat="37.26957" lon="-118.87774000000002"><ele>3099.0</ele></trkpt><trkpt lat="37.26971" lon="-118.87743999999998"><ele>3098.211566363858</ele></trkpt><trkpt lat="37.26989" lon="-118.87680999999998"><ele>3100.0</ele></trkpt><trkpt lat="37.27" lon="-118.87657999999999"><ele>3099.898997038907</ele></trkpt><trkpt lat="37.27031" lon="-118.87644999999998"><ele>3099.7280622186995</ele></trkpt><trkpt lat="37.27037" lon="-118.87639999999999"><ele>3100.0</ele></trkpt><trkpt lat="37.27055" lon="-118.87614000000002"><ele>3100.0</ele></trkpt><trkpt lat="37.27058" lon="-118.87607000000003"><ele>3100.0</ele></trkpt><trkpt lat="37.2706" lon="-118.87581"><ele>3100.0</ele></trkpt><trkpt lat="37.27065" lon="-118.87567000000001"><ele>3100.0</ele></trkpt><trkpt lat="37.27074" lon="-118.87553000000003"><ele>3100.0</ele></trkpt><trkpt lat="37.27087" lon="-118.87538999999998"><ele>3101.0</ele></trkpt><trkpt lat="37.27104" lon="-118.87531999999999"><ele>3100.949456630069</ele></trkpt><trkpt lat="37.27121" lon="-118.87525"><ele>3100.0</ele></trkpt><trkpt lat="37.27154" lon="-118.87520999999998"><ele>3100.820042666048</ele></trkpt><trkpt lat="37.27187" lon="-118.87527999999998"><ele>3103.0</ele></trkpt><trkpt lat="37.27275513244338" lon="-118.87533106533328"><ele>3102.0</ele></trkpt><trkpt lat="37.272819177469636" lon="-118.87533476001647"><ele>3102.0</ele></trkpt><trkpt lat="37.27343" lon="-118.87536999999998"><ele>3100.26967777639</ele></trkpt><trkpt lat="37.2737" lon="-118.87543"><ele>3100.0</ele></trkpt><trkpt lat="37.27383" lon="-118.87536999999998"><ele>3100.0</ele></trkpt><trkpt lat="37.27389" lon="-118.87540000000001"><ele>3100.0</ele></trkpt><trkpt lat="37.27401" lon="-118.87567000000001"><ele>3102.9928124397993</ele></trkpt><trkpt lat="37.27427" lon="-118.87581999999998"><ele>3105.0</ele></trkpt><trkpt lat="37.27486" lon="-118.87583000000001"><ele>3103.28586311033</ele></trkpt><trkpt lat="37.27502" lon="-118.87585999999999"><ele>3104.0</ele></trkpt><trkpt lat="37.27532" lon="-118.87585000000001"><ele>3106.0</ele></trkpt><trkpt lat="37.27542" lon="-118.87581"><ele>3106.9064877956184</ele></trkpt><trkpt lat="37.2755" lon="-118.87583999999998"><ele>3107.0</ele></trkpt><trkpt lat="37.27563" lon="-118.87576000000001"><ele>3108.0</ele></trkpt><trkpt lat="37.27568" lon="-118.87583000000001"><ele>3108.0</ele></trkpt><trkpt lat="37.27568" lon="-118.87587000000002"><ele>3108.461602158007</ele></trkpt><trkpt lat="37.27574" lon="-118.8759"><ele>3109.9837508073247</ele></trkpt><trkpt lat="37.27573" lon="-118.87601000000001"><ele>3110.0</ele></trkpt><trkpt lat="37.27563" lon="-118.87626"><ele>3113.0326368385763</ele></trkpt><trkpt lat="37.27546" lon="-118.87643000000003"><ele>3111.0</ele></trkpt><trkpt lat="37.27539" lon="-118.87655000000001"><ele>3112.0</ele></trkpt><trkpt lat="37.27541" lon="-118.87666000000002"><ele>3112.0</ele></trkpt><trkpt lat="37.2755" lon="-118.87684000000002"><ele>3114.0</ele></trkpt><trkpt lat="37.27556" lon="-118.87691999999998"><ele>3114.0</ele></trkpt><trkpt lat="37.27558" lon="-118.87698"><ele>3114.0</ele></trkpt><trkpt lat="37.27575" lon="-118.87716999999998"><ele>3117.0</ele></trkpt><trkpt lat="37.27584" lon="-118.87718000000001"><ele>3118.540241285693</ele></trkpt><trkpt lat="37.27595" lon="-118.87727000000001"><ele>3120.0</ele></trkpt><trkpt lat="37.27624" lon="-118.87743"><ele>3124.4292209820037</ele></trkpt><trkpt lat="37.27645" lon="-118.87745000000001"><ele>3127.0</ele></trkpt><trkpt lat="37.27676" lon="-118.87761"><ele>3132.016863377061</ele></trkpt><trkpt lat="37.27685" lon="-118.87772000000001"><ele>3134.2557600901423</ele></trkpt><trkpt lat="37.27704" lon="-118.87770999999998"><ele>3136.0</ele></trkpt><trkpt lat="37.27707" lon="-118.87784999999997"><ele>3137.883370030424</ele></trkpt><trkpt lat="37.27704" lon="-118.87797"><ele>3139.0</ele></trkpt><trkpt lat="37.27708" lon="-118.87802999999997"><ele>3140.2415679991245</ele></trkpt><trkpt lat="37.27731" lon="-118.87815999999998"><ele>3144.4841913118403</ele></trkpt><trkpt lat="37.27741" lon="-118.87814000000003"><ele>3146.1199313029647</ele></trkpt><trkpt lat="37.27756" lon="-118.87806"><ele>3150.0</ele></trkpt><trkpt lat="37.27762" lon="-118.87797999999998"><ele>3151.9485454006453</ele></trkpt><trkpt lat="37.27783" lon="-118.87757999999997"><ele>3153.0</ele></trkpt><trkpt lat="37.27783" lon="-118.87747999999999"><ele>3153.0</ele></trkpt><trkpt lat="37.27791" lon="-118.87732"><ele>3153.0</ele></trkpt><trkpt lat="37.27794" lon="-118.87718000000001"><ele>3154.0</ele></trkpt><trkpt lat="37.2779" lon="-118.87706000000003"><ele>3154.7887034695877</ele></trkpt><trkpt lat="37.27796" lon="-118.87702999999999"><ele>3155.57401840559</ele></trkpt><trkpt lat="37.27794" lon="-118.87693000000002"><ele>3156.0035689768883</ele></trkpt><trkpt lat="37.27788" lon="-118.87685999999997"><ele>3157.0</ele></trkpt><trkpt lat="37.27787" lon="-118.87678"><ele>3158.0</ele></trkpt><trkpt lat="37.27794" lon="-118.87671999999998"><ele>3160.0</ele></trkpt><trkpt lat="37.27804" lon="-118.87678"><ele>3161.0</ele></trkpt><trkpt lat="37.27813" lon="-118.87675999999999"><ele>3161.984014585497</ele></trkpt><trkpt lat="37.27817" lon="-118.87658999999996"><ele>3164.5480694762164</ele></trkpt><trkpt lat="37.27816" lon="-118.87639999999999"><ele>3166.72193777794</ele></trkpt><trkpt lat="37.27818" lon="-118.87625000000003"><ele>3168.0</ele></trkpt><trkpt lat="37.27823" lon="-118.87612999999999"><ele>3170.0</ele></trkpt><trkpt lat="37.27836" lon="-118.87603000000001"><ele>3172.7599986195564</ele></trkpt><trkpt lat="37.27841" lon="-118.87588"><ele>3174.6884426660836</ele></trkpt><trkpt lat="37.2785" lon="-118.87592999999998"><ele>3176.0</ele></trkpt><trkpt lat="37.27858" lon="-118.8757"><ele>3179.0</ele></trkpt><trkpt lat="37.27862" lon="-118.87567000000001"><ele>3179.0</ele></trkpt><trkpt lat="37.27868" lon="-118.87565999999998"><ele>3180.0</ele></trkpt><trkpt lat="37.27877" lon="-118.87560000000002"><ele>3180.0</ele></trkpt><trkpt lat="37.27883" lon="-118.87561"><ele>3180.0</ele></trkpt><trkpt lat="37.27901" lon="-118.87556000000001"><ele>3180.0</ele></trkpt><trkpt lat="37.2791" lon="-118.87547999999998"><ele>3181.0</ele></trkpt><trkpt lat="37.27932" lon="-118.87538999999998"><ele>3183.7806378103974</ele></trkpt><trkpt lat="37.27942" lon="-118.87527999999998"><ele>3185.0</ele></trkpt><trkpt lat="37.27961" lon="-118.8752"><ele>3188.6459911107086</ele></trkpt><trkpt lat="37.27982" lon="-118.87493"><ele>3196.0</ele></trkpt><trkpt lat="37.28004" lon="-118.87488000000002"><ele>3200.156784057617</ele></trkpt><trkpt lat="37.28067" lon="-118.87488000000002"><ele>3206.5838278266283</ele></trkpt><trkpt lat="37.28104" lon="-118.87475999999998"><ele>3208.0</ele></trkpt><trkpt lat="37.28122" lon="-118.87466"><ele>3207.0</ele></trkpt><trkpt lat="37.28131" lon="-118.87430999999998"><ele>3211.0</ele></trkpt><trkpt lat="37.2814" lon="-118.87416000000002"><ele>3212.0</ele></trkpt><trkpt lat="37.28151" lon="-118.87412999999998"><ele>3212.6365234967457</ele></trkpt><trkpt lat="37.28184" lon="-118.87425999999999"><ele>3216.0</ele></trkpt><trkpt lat="37.28198" lon="-118.87423000000001"><ele>3217.0</ele></trkpt><trkpt lat="37.28217" lon="-118.87432999999999"><ele>3215.016609189953</ele></trkpt><trkpt lat="37.28279" lon="-118.87436000000002"><ele>3210.7928284429945</ele></trkpt><trkpt lat="37.28279" lon="-118.87436000000002"><ele>3210.7928284429945</ele></trkpt><trkpt lat="37.28311" lon="-118.87439"><ele>3215.3770952462855</ele></trkpt><trkpt lat="37.2838" lon="-118.87432000000001"><ele>3220.6569635551423</ele></trkpt><trkpt lat="37.28414" lon="-118.87445000000002"><ele>3218.0</ele></trkpt><trkpt lat="37.28444" lon="-118.87437999999997"><ele>3219.0</ele></trkpt><trkpt lat="37.28456" lon="-118.87441999999999"><ele>3219.0</ele></trkpt><trkpt lat="37.28459" lon="-118.87452000000002"><ele>3219.885362038881</ele></trkpt><trkpt lat="37.28463" lon="-118.87455999999997"><ele>3221.527847110294</ele></trkpt><trkpt lat="37.2848" lon="-118.87448"><ele>3221.9919037126333</ele></trkpt><trkpt lat="37.28524" lon="-118.87448"><ele>3224.0</ele></trkpt><trkpt lat="37.28545" lon="-118.87434999999999"><ele>3223.258862222545</ele></trkpt><trkpt lat="37.28582" lon="-118.87436000000002"><ele>3224.0</ele></trkpt><trkpt lat="37.28628" lon="-118.87427000000002"><ele>3228.0128675573505</ele></trkpt><trkpt lat="37.28645" lon="-118.87416000000002"><ele>3230.113503999077</ele></trkpt><trkpt lat="37.28653" lon="-118.87403"><ele>3231.0</ele></trkpt><trkpt lat="37.28667" lon="-118.87398000000002"><ele>3231.0</ele></trkpt><trkpt lat="37.28681" lon="-118.87389000000002"><ele>3231.0</ele></trkpt><trkpt lat="37.28688" lon="-118.87389999999999"><ele>3231.0</ele></trkpt><trkpt lat="37.28694" lon="-118.87383"><ele>3231.0</ele></trkpt><trkpt lat="37.28712" lon="-118.87373000000002"><ele>3233.0</ele></trkpt><trkpt lat="37.28724" lon="-118.87374"><ele>3233.0</ele></trkpt><trkpt lat="37.2875" lon="-118.87389999999999"><ele>3235.0</ele></trkpt><trkpt lat="37.28757" lon="-118.87392"><ele>3236.0</ele></trkpt><trkpt lat="37.28763" lon="-118.87391000000002"><ele>3237.726782668382</ele></trkpt><trkpt lat="37.28769" lon="-118.87385999999998"><ele>3238.2185370141674</ele></trkpt><trkpt lat="37.28772" lon="-118.87387000000001"><ele>3239.3710084654012</ele></trkpt><trkpt lat="37.28764" lon="-118.87403999999998"><ele>3242.698550250597</ele></trkpt><trkpt lat="37.28745" lon="-118.87425000000002"><ele>3244.0</ele></trkpt><trkpt lat="37.28746" lon="-118.87428999999997"><ele>3244.9449351103976</ele></trkpt><trkpt lat="37.2875" lon="-118.8743"><ele>3246.045987143882</ele></trkpt><trkpt lat="37.28763" lon="-118.87421"><ele>3246.785979271309</ele></trkpt><trkpt lat="37.2878" lon="-118.87419999999997"><ele>3249.0</ele></trkpt><trkpt lat="37.28784" lon="-118.87416999999999"><ele>3249.0179840358696</ele></trkpt><trkpt lat="37.28791" lon="-118.87419"><ele>3251.1281145382673</ele></trkpt><trkpt lat="37.28794" lon="-118.87428999999997"><ele>3253.8303388273343</ele></trkpt><trkpt lat="37.28799" lon="-118.87423999999999"><ele>3255.628441143781</ele></trkpt><trkpt lat="37.28804" lon="-118.87409000000002"><ele>3255.743039369583</ele></trkpt><trkpt lat="37.28806" lon="-118.87383999999997"><ele>3257.9145674332976</ele></trkpt><trkpt lat="37.28827" lon="-118.87369999999999"><ele>3261.4489422212355</ele></trkpt><trkpt lat="37.28834" lon="-118.87367999999998"><ele>3263.1633287935265</ele></trkpt><trkpt lat="37.28842" lon="-118.87355000000002"><ele>3263.0009745626426</ele></trkpt><trkpt lat="37.28838" lon="-118.87346000000002"><ele>3262.7358684428036</ele></trkpt><trkpt lat="37.2882" lon="-118.87326999999999"><ele>3264.0</ele></trkpt><trkpt lat="37.28783" lon="-118.87306000000001"><ele>3269.5877029768662</ele></trkpt><trkpt lat="37.28791" lon="-118.87297000000001"><ele>3272.6996380928904</ele></trkpt><trkpt lat="37.28823" lon="-118.87299000000002"><ele>3273.639455998782</ele></trkpt><trkpt lat="37.28843" lon="-118.87293999999997"><ele>3277.9696248900145</ele></trkpt><trkpt lat="37.28856" lon="-118.87304"><ele>3277.309287111275</ele></trkpt><trkpt lat="37.28876" lon="-118.87304"><ele>3279.943531371704</ele></trkpt><trkpt lat="37.28911" lon="-118.87314000000003"><ele>3289.0</ele></trkpt><trkpt lat="37.28919" lon="-118.8732"><ele>3288.0</ele></trkpt><trkpt lat="37.28937" lon="-118.87326000000002"><ele>3292.0</ele></trkpt><trkpt lat="37.2894" lon="-118.87329999999997"><ele>3293.4076571334153</ele></trkpt><trkpt lat="37.28946" lon="-118.87324999999998"><ele>3295.4403292773222</ele></trkpt><trkpt lat="37.28947" lon="-118.87317999999999"><ele>3295.508080834523</ele></trkpt><trkpt lat="37.28942" lon="-118.87310000000002"><ele>3295.717975405267</ele></trkpt><trkpt lat="37.28954" lon="-118.87308000000002"><ele>3298.782781642888</ele></trkpt><trkpt lat="37.28964" lon="-118.8732"><ele>3303.5448622998174</ele></trkpt><trkpt lat="37.28967" lon="-118.87333000000001"><ele>3311.2946113742864</ele></trkpt><trkpt lat="37.28974" lon="-118.87329999999997"><ele>3316.1520598944508</ele></trkpt><trkpt lat="37.28995" lon="-118.87292000000002"><ele>3315.0614790599298</ele></trkpt><trkpt lat="37.28995" lon="-118.87292000000002"><ele>3315.0614790599298</ele></trkpt><trkpt lat="37.29011" lon="-118.87286"><ele>3314.0</ele></trkpt><trkpt lat="37.29064" lon="-118.87281999999999"><ele>3304.437969777733</ele></trkpt><trkpt lat="37.29066" lon="-118.87279000000001"><ele>3303.03986844467</ele></trkpt><trkpt lat="37.29042" lon="-118.87263999999999"><ele>3302.049361777026</ele></trkpt><trkpt lat="37.29042" lon="-118.87261000000001"><ele>3300.945225067693</ele></trkpt><trkpt lat="37.29054" lon="-118.87259"><ele>3298.719192889519</ele></trkpt><trkpt lat="37.29091" lon="-118.87268"><ele>3291.9255640213773</ele></trkpt><trkpt lat="37.29085" lon="-118.87252000000001"><ele>3289.6542157884687</ele></trkpt><trkpt lat="37.291" lon="-118.87263000000002"><ele>3286.5833280007355</ele></trkpt><trkpt lat="37.29102" lon="-118.87261999999998"><ele>3285.8131396262906</ele></trkpt><trkpt lat="37.29097" lon="-118.87247000000002"><ele>3284.6723534067787</ele></trkpt><trkpt lat="37.29099" lon="-118.87245999999999"><ele>3283.2994579190827</ele></trkpt><trkpt lat="37.29109" lon="-118.87257999999997"><ele>3282.1507140760414</ele></trkpt><trkpt lat="37.29144" lon="-118.87268"><ele>3277.8350140198686</ele></trkpt><trkpt lat="37.29143" lon="-118.87263999999999"><ele>3276.033492291855</ele></trkpt><trkpt lat="37.29128" lon="-118.87248"><ele>3274.0581743880175</ele></trkpt><trkpt lat="37.29129" lon="-118.87245000000001"><ele>3272.903015167776</ele></trkpt><trkpt lat="37.29152" lon="-118.8725"><ele>3269.2133097669275</ele></trkpt><trkpt lat="37.29181" lon="-118.8725"><ele>3263.5248888893984</ele></trkpt><trkpt lat="37.29183" lon="-118.87248"><ele>3263.0</ele></trkpt><trkpt lat="37.29174" lon="-118.87236000000001"><ele>3262.0</ele></trkpt><trkpt lat="37.29165" lon="-118.87232"><ele>3261.0</ele></trkpt><trkpt lat="37.29163" lon="-118.87225999999998"><ele>3259.3400782220997</ele></trkpt><trkpt lat="37.29157" lon="-118.87221999999997"><ele>3259.475943109952</ele></trkpt><trkpt lat="37.29158" lon="-118.87218999999999"><ele>3258.07784177782</ele></trkpt><trkpt lat="37.29169" lon="-118.87218000000001"><ele>3256.6118080010638</ele></trkpt><trkpt lat="37.29192" lon="-118.87207000000001"><ele>3249.4731481618737</ele></trkpt><trkpt lat="37.29192" lon="-118.87207000000001"><ele>3249.4731481618737</ele></trkpt><trkpt lat="37.29195" lon="-118.87207000000001"><ele>3248.597252790959</ele></trkpt><trkpt lat="37.29195" lon="-118.87207000000001"><ele>3248.597252790959</ele></trkpt><trkpt lat="37.29204" lon="-118.87207999999998"><ele>3247.997338168718</ele></trkpt><trkpt lat="37.29212" lon="-118.87212999999997"><ele>3248.0728846217835</ele></trkpt><trkpt lat="37.29219" lon="-118.87212"><ele>3246.0</ele></trkpt><trkpt lat="37.29234" lon="-118.87225000000001"><ele>3245.245307055302</ele></trkpt><trkpt lat="37.29258" lon="-118.87234999999998"><ele>3242.166781649313</ele></trkpt><trkpt lat="37.29264" lon="-118.87239999999997"><ele>3242.0</ele></trkpt><trkpt lat="37.29279" lon="-118.87245999999999"><ele>3242.6607537772506</ele></trkpt><trkpt lat="37.2931" lon="-118.8725"><ele>3238.0</ele></trkpt><trkpt lat="37.29326" lon="-118.87257"><ele>3237.7871253327467</ele></trkpt><trkpt lat="37.29352" lon="-118.87281000000002"><ele>3237.9719360009767</ele></trkpt><trkpt lat="37.29361" lon="-118.87283000000002"><ele>3236.9040035568178</ele></trkpt><trkpt lat="37.29382" lon="-118.87297000000001"><ele>3234.812763021874</ele></trkpt><trkpt lat="37.29416" lon="-118.87314000000003"><ele>3230.840903700064</ele></trkpt><trkpt lat="37.29439" lon="-118.87314000000003"><ele>3227.351050668396</ele></trkpt><trkpt lat="37.2945" lon="-118.87317000000002"><ele>3225.6271905066083</ele></trkpt><trkpt lat="37.29457" lon="-118.87323000000004"><ele>3225.5453546685167</ele></trkpt><trkpt lat="37.29493" lon="-118.87335999999999"><ele>3224.0</ele></trkpt><trkpt lat="37.29504" lon="-118.87333999999998"><ele>3222.7384043442726</ele></trkpt><trkpt lat="37.29544" lon="-118.87319000000002"><ele>3221.0</ele></trkpt><trkpt lat="37.29635" lon="-118.87263000000002"><ele>3220.0</ele></trkpt><trkpt lat="37.29658" lon="-118.87254000000001"><ele>3219.383636576254</ele></trkpt><trkpt lat="37.29675" lon="-118.87252999999998"><ele>3219.0</ele></trkpt><trkpt lat="37.2969" lon="-118.87245000000001"><ele>3218.807105546845</ele></trkpt><trkpt lat="37.29704" lon="-118.87229000000002"><ele>3218.0</ele></trkpt><trkpt lat="37.29717" lon="-118.87227999999999"><ele>3220.6928314969077</ele></trkpt><trkpt lat="37.29736" lon="-118.87218000000001"><ele>3221.0</ele></trkpt><trkpt lat="37.29744" lon="-118.87207000000001"><ele>3221.0</ele></trkpt><trkpt lat="37.29744" lon="-118.87207000000001"><ele>3221.0</ele></trkpt><trkpt lat="37.29755" lon="-118.87198000000001"><ele>3220.244483922681</ele></trkpt><trkpt lat="37.29764" lon="-118.87194"><ele>3220.0</ele></trkpt><trkpt lat="37.29774" lon="-118.87184000000002"><ele>3219.0</ele></trkpt><trkpt lat="37.29805" lon="-118.87167999999997"><ele>3218.0</ele></trkpt><trkpt lat="37.29814" lon="-118.87157000000002"><ele>3218.0</ele></trkpt><trkpt lat="37.29822" lon="-118.87153999999998"><ele>3218.0</ele></trkpt><trkpt lat="37.29843" lon="-118.87153999999998"><ele>3219.7856462216005</ele></trkpt><trkpt lat="37.29861" lon="-118.87146999999999"><ele>3218.0</ele></trkpt><trkpt lat="37.29893" lon="-118.87146999999999"><ele>3218.0</ele></trkpt><trkpt lat="37.29916" lon="-118.87153999999998"><ele>3218.0</ele></trkpt><trkpt lat="37.29943" lon="-118.87166000000002"><ele>3219.0</ele></trkpt><trkpt lat="37.29955" lon="-118.87184000000002"><ele>3220.0</ele></trkpt><trkpt lat="37.29962" lon="-118.87189999999998"><ele>3220.5628622216173</ele></trkpt><trkpt lat="37.29971" lon="-118.87189999999998"><ele>3219.0</ele></trkpt><trkpt lat="37.30028" lon="-118.87167999999997"><ele>3220.0</ele></trkpt><trkpt lat="37.30028" lon="-118.87167999999997"><ele>3220.0</ele></trkpt><trkpt lat="37.30071" lon="-118.87135999999998"><ele>3217.3970382213593</ele></trkpt><trkpt lat="37.30094" lon="-118.87134000000003"><ele>3217.0</ele></trkpt><trkpt lat="37.30122" lon="-118.87135999999998"><ele>3218.0</ele></trkpt><trkpt lat="37.30137" lon="-118.87144999999998"><ele>3217.0</ele></trkpt><trkpt lat="37.30148" lon="-118.87144999999998"><ele>3215.0</ele></trkpt><trkpt lat="37.30159" lon="-118.87149999999997"><ele>3214.0</ele></trkpt><trkpt lat="37.30182" lon="-118.87149"><ele>3212.5446601794083</ele></trkpt><trkpt lat="37.30227" lon="-118.87193000000002"><ele>3206.0</ele></trkpt><trkpt lat="37.30234" lon="-118.87207000000001"><ele>3204.239328277721</ele></trkpt><trkpt lat="37.30234" lon="-118.87207000000001"><ele>3204.239328277721</ele></trkpt><trkpt lat="37.30258" lon="-118.87239"><ele>3199.3164636796664</ele></trkpt><trkpt lat="37.30258" lon="-118.87257"><ele>3198.0</ele></trkpt><trkpt lat="37.30265" lon="-118.87281000000002"><ele>3197.0</ele></trkpt><trkpt lat="37.30271" lon="-118.87287000000003"><ele>3197.341358984724</ele></trkpt><trkpt lat="37.30272" lon="-118.87297000000001"><ele>3196.0</ele></trkpt><trkpt lat="37.30277" lon="-118.87310000000002"><ele>3194.513084443286</ele></trkpt><trkpt lat="37.30303" lon="-118.87329999999997"><ele>3191.0</ele></trkpt><trkpt lat="37.30307" lon="-118.87335999999999"><ele>3190.0</ele></trkpt><trkpt lat="37.30303" lon="-118.87346000000002"><ele>3189.7358684428036</ele></trkpt><trkpt lat="37.30298" lon="-118.87347"><ele>3189.269834666513</ele></trkpt><trkpt lat="37.30267" lon="-118.87333999999998"><ele>3185.0</ele></trkpt><trkpt lat="37.30264" lon="-118.87338"><ele>3184.464138667099</ele></trkpt><trkpt lat="37.30264" lon="-118.87351000000001"><ele>3182.0</ele></trkpt><trkpt lat="37.30269" lon="-118.87365999999997"><ele>3181.415192889981</ele></trkpt><trkpt lat="37.30276" lon="-118.87374"><ele>3179.6869226666167</ele></trkpt><trkpt lat="37.30296" lon="-118.87380999999999"><ele>3180.0</ele></trkpt><trkpt lat="37.30306" lon="-118.87389000000002"><ele>3179.0</ele></trkpt><trkpt lat="37.30315" lon="-118.87400000000002"><ele>3178.0</ele></trkpt><trkpt lat="37.3033" lon="-118.8741"><ele>3176.0</ele></trkpt><trkpt lat="37.30345" lon="-118.87416999999999"><ele>3174.0</ele></trkpt><trkpt lat="37.30372" lon="-118.87423000000001"><ele>3171.0</ele></trkpt><trkpt lat="37.30402" lon="-118.87437"><ele>3166.0</ele></trkpt><trkpt lat="37.30415" lon="-118.87450999999999"><ele>3163.0</ele></trkpt><trkpt lat="37.30419" lon="-118.87463000000002"><ele>3161.0</ele></trkpt><trkpt lat="37.30419720332965" lon="-118.87463880406955"><ele>3161.0</ele></trkpt><trkpt lat="37.30430248637661" lon="-118.87474963701106"><ele>3159.634427621495</ele></trkpt><trkpt lat="37.30442" lon="-118.8748"><ele>3159.2873422224075</ele></trkpt><trkpt lat="37.30457" lon="-118.87477000000001"><ele>3160.0</ele></trkpt><trkpt lat="37.30507" lon="-118.87491999999997"><ele>3157.0</ele></trkpt><trkpt lat="37.30523" lon="-118.87500999999997"><ele>3156.2136705853045</ele></trkpt><trkpt lat="37.3055" lon="-118.87506000000002"><ele>3155.0</ele></trkpt><trkpt lat="37.30579" lon="-118.87529"><ele>3153.0</ele></trkpt><trkpt lat="37.30587" lon="-118.87531000000001"><ele>3152.8524538699826</ele></trkpt><trkpt lat="37.30597" lon="-118.87529"><ele>3152.0</ele></trkpt><trkpt lat="37.30608" lon="-118.87513999999999"><ele>3150.0</ele></trkpt><trkpt lat="37.30626" lon="-118.87509999999997"><ele>3148.0</ele></trkpt><trkpt lat="37.30638" lon="-118.87500999999997"><ele>3146.8349045608193</ele></trkpt><trkpt lat="37.30656" lon="-118.87498"><ele>3144.0</ele></trkpt><trkpt lat="37.30673" lon="-118.87482999999997"><ele>3145.9636578246154</ele></trkpt><trkpt lat="37.30702" lon="-118.8748"><ele>3146.5273013637006</ele></trkpt><trkpt lat="37.30718" lon="-118.87486000000001"><ele>3145.0</ele></trkpt><trkpt lat="37.3075" lon="-118.87468999999999"><ele>3144.0880610331155</ele></trkpt><trkpt lat="37.30764" lon="-118.87466"><ele>3142.0</ele></trkpt><trkpt lat="37.30781" lon="-118.87466"><ele>3141.0</ele></trkpt><trkpt lat="37.30802" lon="-118.8748"><ele>3138.0</ele></trkpt><trkpt lat="37.30828" lon="-118.87475"><ele>3133.893696194049</ele></trkpt><trkpt lat="37.30838" lon="-118.87479000000002"><ele>3132.0</ele></trkpt><trkpt lat="37.30853" lon="-118.87507"><ele>3129.0</ele></trkpt><trkpt lat="37.30858" lon="-118.87504999999999"><ele>3127.5700220498256</ele></trkpt><trkpt lat="37.30863" lon="-118.87495999999999"><ele>3127.0</ele></trkpt><trkpt lat="37.30882" lon="-118.875"><ele>3124.966666666791</ele></trkpt><trkpt lat="37.30902" lon="-118.87497000000002"><ele>3124.3647679989226</ele></trkpt><trkpt lat="37.3093" lon="-118.87509"><ele>3121.7723626662046</ele></trkpt><trkpt lat="37.30956" lon="-118.87484999999998"><ele>3122.0</ele></trkpt><trkpt lat="37.3097" lon="-118.87481000000002"><ele>3121.0</ele></trkpt><trkpt lat="37.30982" lon="-118.87466999999998"><ele>3120.096250655844</ele></trkpt><trkpt lat="37.31" lon="-118.87459000000001"><ele>3119.0</ele></trkpt><trkpt lat="37.3101" lon="-118.87459000000001"><ele>3117.0</ele></trkpt><trkpt lat="37.31036" lon="-118.87423000000001"><ele>3114.542963111121</ele></trkpt><trkpt lat="37.3105" lon="-118.87412999999998"><ele>3113.5116053340025</ele></trkpt><trkpt lat="37.31057" lon="-118.87398000000002"><ele>3113.0</ele></trkpt><trkpt lat="37.31071" lon="-118.87389000000002"><ele>3112.0</ele></trkpt><trkpt lat="37.31079" lon="-118.87376"><ele>3112.0</ele></trkpt><trkpt lat="37.31099" lon="-118.87360999999999"><ele>3111.7453617784195</ele></trkpt><trkpt lat="37.31116" lon="-118.87338"><ele>3110.0</ele></trkpt><trkpt lat="37.31136" lon="-118.87333000000001"><ele>3108.034678236873</ele></trkpt><trkpt lat="37.31152" lon="-118.87313"><ele>3106.668518839404</ele></trkpt><trkpt lat="37.31155" lon="-118.87302"><ele>3105.2413546666503</ele></trkpt><trkpt lat="37.31179" lon="-118.87266"><ele>3106.0</ele></trkpt><trkpt lat="37.31178" lon="-118.87254999999999"><ele>3106.0</ele></trkpt><trkpt lat="37.31199" lon="-118.87236000000001"><ele>3106.128877210889</ele></trkpt><trkpt lat="37.31204" lon="-118.87227000000001"><ele>3107.1938879992813</ele></trkpt><trkpt lat="37.31224" lon="-118.87220000000002"><ele>3103.0</ele></trkpt><trkpt lat="37.31228" lon="-118.87225999999998"><ele>3100.796254993882</ele></trkpt><trkpt lat="37.31226" lon="-118.87233000000003"><ele>3100.0</ele></trkpt><trkpt lat="37.31227" lon="-118.87236000000001"><ele>3099.721869949717</ele></trkpt><trkpt lat="37.31236" lon="-118.8723"><ele>3098.357076273223</ele></trkpt><trkpt lat="37.31238" lon="-118.87230999999997"><ele>3097.5152783584394</ele></trkpt><trkpt lat="37.31237" lon="-118.87241"><ele>3094.908126194597</ele></trkpt><trkpt lat="37.31239" lon="-118.87242000000003"><ele>3094.5503424155618</ele></trkpt><trkpt lat="37.31247" lon="-118.87238000000002"><ele>3093.0029993033304</ele></trkpt><trkpt lat="37.31261" lon="-118.87225000000001"><ele>3090.7998492810875</ele></trkpt><trkpt lat="37.31267" lon="-118.87225000000001"><ele>3089.1259555546567</ele></trkpt><trkpt lat="37.31278" lon="-118.87218999999999"><ele>3085.0</ele></trkpt><trkpt lat="37.31288" lon="-118.87227000000001"><ele>3081.9830930596117</ele></trkpt><trkpt lat="37.31307" lon="-118.87207000000001"><ele>3079.770976834476</ele></trkpt><trkpt lat="37.31307" lon="-118.87207000000001"><ele>3079.770976834476</ele></trkpt><trkpt lat="37.31316" lon="-118.87200000000001"><ele>3078.904512234083</ele></trkpt><trkpt lat="37.31329" lon="-118.87182999999999"><ele>3077.9863833457784</ele></trkpt><trkpt lat="37.31347" lon="-118.87171000000001"><ele>3074.0</ele></trkpt><trkpt lat="37.31355" lon="-118.87173000000001"><ele>3071.0</ele></trkpt><trkpt lat="37.31362" lon="-118.87179000000003"><ele>3069.5635093315504</ele></trkpt><trkpt lat="37.31371" lon="-118.87178"><ele>3068.3636615155156</ele></trkpt><trkpt lat="37.31384" lon="-118.87164000000001"><ele>3065.0</ele></trkpt><trkpt lat="37.314" lon="-118.87169"><ele>3063.0</ele></trkpt><trkpt lat="37.3142" lon="-118.87158999999997"><ele>3060.957375894056</ele></trkpt><trkpt lat="37.31433" lon="-118.87158999999997"><ele>3060.0</ele></trkpt><trkpt lat="37.31474" lon="-118.87173000000001"><ele>3057.0</ele></trkpt><trkpt lat="37.31484" lon="-118.87167999999997"><ele>3056.0</ele></trkpt><trkpt lat="37.31512" lon="-118.87180000000001"><ele>3052.070436070444</ele></trkpt><trkpt lat="37.31538" lon="-118.87185999999997"><ele>3050.1467887093877</ele></trkpt><trkpt lat="37.31546" lon="-118.87203"><ele>3048.0</ele></trkpt><trkpt lat="37.31554" lon="-118.87207000000001"><ele>3047.568732165792</ele></trkpt><trkpt lat="37.31594" lon="-118.87198999999998"><ele>3047.0</ele></trkpt><trkpt lat="37.31609" lon="-118.87207000000001"><ele>3045.428479909094</ele></trkpt><trkpt lat="37.31609" lon="-118.87207000000001"><ele>3045.428479909094</ele></trkpt><trkpt lat="37.31637" lon="-118.87218999999999"><ele>3043.0</ele></trkpt><trkpt lat="37.3165" lon="-118.87220000000002"><ele>3042.9224012404243</ele></trkpt><trkpt lat="37.31661" lon="-118.87216999999998"><ele>3042.8542257789522</ele></trkpt><trkpt lat="37.31661" lon="-118.87216999999998"><ele>3042.8542257789522</ele></trkpt><trkpt lat="37.31661" lon="-118.87216999999998"><ele>3042.8542257789522</ele></trkpt><trkpt lat="37.31671" lon="-118.87207000000001"><ele>3042.0</ele></trkpt><trkpt lat="37.31671" lon="-118.87207000000001"><ele>3042.0</ele></trkpt><trkpt lat="37.31687" lon="-118.87189000000001"><ele>3043.0</ele></trkpt><trkpt lat="37.31708" lon="-118.87180999999998"><ele>3042.0</ele></trkpt><trkpt lat="37.3172" lon="-118.87171999999998"><ele>3042.0</ele></trkpt><trkpt lat="37.31739" lon="-118.87149999999997"><ele>3043.0</ele></trkpt><trkpt lat="37.31767" lon="-118.87134000000003"><ele>3043.0</ele></trkpt><trkpt lat="37.31775" lon="-118.87126"><ele>3042.0</ele></trkpt><trkpt lat="37.31775" lon="-118.87126"><ele>3042.0</ele></trkpt><trkpt lat="37.31785" lon="-118.87107000000003"><ele>3042.2217962548</ele></trkpt><trkpt lat="37.31795" lon="-118.87072"><ele>3043.0</ele></trkpt><trkpt lat="37.31804" lon="-118.87056999999999"><ele>3041.0</ele></trkpt><trkpt lat="37.31812" lon="-118.87049000000002"><ele>3040.062525839338</ele></trkpt><trkpt lat="37.31825" lon="-118.87043"><ele>3040.0</ele></trkpt><trkpt lat="37.31847" lon="-118.87016"><ele>3039.0</ele></trkpt><trkpt lat="37.31855" lon="-118.87002999999999"><ele>3039.0</ele></trkpt><trkpt lat="37.31863" lon="-118.86998"><ele>3040.0</ele></trkpt><trkpt lat="37.31885" lon="-118.86973"><ele>3043.0</ele></trkpt><trkpt lat="37.31895" lon="-118.86969999999997"><ele>3042.0</ele></trkpt><trkpt lat="37.31914" lon="-118.86948000000001"><ele>3041.0</ele></trkpt><trkpt lat="37.31914" lon="-118.86948000000001"><ele>3041.0</ele></trkpt><trkpt lat="37.31914" lon="-118.86948000000001"><ele>3041.0</ele></trkpt><trkpt lat="37.31926" lon="-118.86946999999998"><ele>3040.0</ele></trkpt><trkpt lat="37.31936" lon="-118.86955999999998"><ele>3039.2622331678867</ele></trkpt><trkpt lat="37.31962" lon="-118.86959999999999"><ele>3039.0</ele></trkpt><trkpt lat="37.31977" lon="-118.86950000000002"><ele>3039.0</ele></trkpt><trkpt lat="37.31988" lon="-118.86948999999998"><ele>3039.0</ele></trkpt><trkpt lat="37.32006" lon="-118.86953"><ele>3039.0</ele></trkpt><trkpt lat="37.32019" lon="-118.86964999999998"><ele>3039.0</ele></trkpt><trkpt lat="37.32035" lon="-118.86968000000002"><ele>3038.0</ele></trkpt><trkpt lat="37.32042" lon="-118.86966000000001"><ele>3038.0</ele></trkpt><trkpt lat="37.32048" lon="-118.86946999999998"><ele>3039.0</ele></trkpt><trkpt lat="37.32048" lon="-118.86936000000003"><ele>3038.3711479716003</ele></trkpt><trkpt lat="37.32068" lon="-118.86923999999999"><ele>3037.6346705619535</ele></trkpt><trkpt lat="37.32097" lon="-118.86885999999998"><ele>3036.0</ele></trkpt><trkpt lat="37.3211" lon="-118.86876000000001"><ele>3036.0</ele></trkpt><trkpt lat="37.32142" lon="-118.86874999999998"><ele>3036.0</ele></trkpt><trkpt lat="37.32153" lon="-118.86870999999996"><ele>3033.0</ele></trkpt><trkpt lat="37.32158" lon="-118.86860000000001"><ele>3031.1285242073327</ele></trkpt><trkpt lat="37.32167" lon="-118.86860999999999"><ele>3029.8923128601164</ele></trkpt><trkpt lat="37.32176" lon="-118.86865999999998"><ele>3028.0</ele></trkpt><trkpt lat="37.32184" lon="-118.86879999999996"><ele>3028.0</ele></trkpt><trkpt lat="37.32192" lon="-118.86882000000003"><ele>3027.0244586686604</ele></trkpt><trkpt lat="37.32195" lon="-118.86873000000003"><ele>3026.0</ele></trkpt><trkpt lat="37.32193" lon="-118.86858000000001"><ele>3025.0</ele></trkpt><trkpt lat="37.32203" lon="-118.86844000000002"><ele>3023.315175112337</ele></trkpt><trkpt lat="37.32205" lon="-118.86836"><ele>3021.0</ele></trkpt><trkpt lat="37.32197" lon="-118.86824000000001"><ele>3018.996212935977</ele></trkpt><trkpt lat="37.32222" lon="-118.86806000000001"><ele>3014.4003526439924</ele></trkpt><trkpt lat="37.32239" lon="-118.86809"><ele>3011.996007111389</ele></trkpt><trkpt lat="37.32257" lon="-118.86831000000001"><ele>3010.3679722196716</ele></trkpt><trkpt lat="37.32272" lon="-118.86840000000001"><ele>3007.937248496254</ele></trkpt><trkpt lat="37.32279" lon="-118.86837000000003"><ele>3007.0</ele></trkpt><trkpt lat="37.32288" lon="-118.86822000000001"><ele>3003.0</ele></trkpt><trkpt lat="37.32293" lon="-118.86824000000001"><ele>3003.0</ele></trkpt><trkpt lat="37.32301" lon="-118.86831000000001"><ele>3002.0</ele></trkpt><trkpt lat="37.32302" lon="-118.86838999999998"><ele>3001.01499377843</ele></trkpt><trkpt lat="37.32313" lon="-118.86854"><ele>3000.3316890802234</ele></trkpt><trkpt lat="37.32322" lon="-118.86854"><ele>3000.975512888748</ele></trkpt><trkpt lat="37.32326" lon="-118.86849000000001"><ele>3000.0</ele></trkpt><trkpt lat="37.3232" lon="-118.86801000000003"><ele>2995.441890453988</ele></trkpt><trkpt lat="37.32316" lon="-118.86786000000001"><ele>2992.6951994069864</ele></trkpt><trkpt lat="37.32319" lon="-118.86752999999999"><ele>2989.0</ele></trkpt><trkpt lat="37.32324" lon="-118.86748999999998"><ele>2988.8481217980557</ele></trkpt><trkpt lat="37.32336" lon="-118.86748"><ele>2986.424067555461</ele></trkpt><trkpt lat="37.3234" lon="-118.86765000000003"><ele>2984.253566348584</ele></trkpt><trkpt lat="37.32344" lon="-118.86764"><ele>2984.0</ele></trkpt><trkpt lat="37.32351" lon="-118.86746"><ele>2980.0622130036354</ele></trkpt><trkpt lat="37.32356" lon="-118.86741999999998"><ele>2980.0</ele></trkpt><trkpt lat="37.32368" lon="-118.86739"><ele>2979.618371555116</ele></trkpt><trkpt lat="37.3239" lon="-118.86720000000003"><ele>2978.624702229363</ele></trkpt><trkpt lat="37.32417" lon="-118.86707000000001"><ele>2973.7110849760966</ele></trkpt><trkpt lat="37.3245" lon="-118.86712"><ele>2968.0</ele></trkpt><trkpt lat="37.3246" lon="-118.86716000000001"><ele>2966.4586850648334</ele></trkpt><trkpt lat="37.32465" lon="-118.86721999999997"><ele>2965.0</ele></trkpt><trkpt lat="37.32467" lon="-118.86734999999999"><ele>2964.0</ele></trkpt><trkpt lat="37.32464" lon="-118.86755"><ele>2964.0</ele></trkpt><trkpt lat="37.32468" lon="-118.86766999999998"><ele>2964.0</ele></trkpt><trkpt lat="37.32475" lon="-118.86779999999999"><ele>2964.0</ele></trkpt><trkpt lat="37.32478" lon="-118.86793"><ele>2963.0</ele></trkpt><trkpt lat="37.32502" lon="-118.86836"><ele>2957.5692347101867</ele></trkpt><trkpt lat="37.32524" lon="-118.86847"><ele>2954.0</ele></trkpt><trkpt lat="37.32529" lon="-118.86847999999998"><ele>2953.954419256874</ele></trkpt><trkpt lat="37.32545" lon="-118.86833999999999"><ele>2953.0</ele></trkpt><trkpt lat="37.32553" lon="-118.86833000000001"><ele>2952.5519997738706</ele></trkpt><trkpt lat="37.32567" lon="-118.8682"><ele>2952.0</ele></trkpt><trkpt lat="37.32606" lon="-118.86801000000003"><ele>2947.0</ele></trkpt><trkpt lat="37.32618" lon="-118.86790000000002"><ele>2948.0</ele></trkpt><trkpt lat="37.32623" lon="-118.86777999999998"><ele>2946.1913891721933</ele></trkpt><trkpt lat="37.32635" lon="-118.86773"><ele>2944.7089706731776</ele></trkpt><trkpt lat="37.32646" lon="-118.86773"><ele>2943.0</ele></trkpt><trkpt lat="37.3266" lon="-118.86786000000001"><ele>2943.0</ele></trkpt><trkpt lat="37.32666" lon="-118.86788000000001"><ele>2942.0</ele></trkpt><trkpt lat="37.32677" lon="-118.86797999999999"><ele>2940.8787132657258</ele></trkpt><trkpt lat="37.32686" lon="-118.86802"><ele>2939.0</ele></trkpt><trkpt lat="37.32706" lon="-118.86818"><ele>2938.0129829961807</ele></trkpt><trkpt lat="37.32712" lon="-118.86818"><ele>2937.0</ele></trkpt><trkpt lat="37.32717" lon="-118.86811999999998"><ele>2936.227677863939</ele></trkpt><trkpt lat="37.32724" lon="-118.86809"><ele>2935.4637461248785</ele></trkpt><trkpt lat="37.32751" lon="-118.86811"><ele>2932.0</ele></trkpt><trkpt lat="37.32762" lon="-118.86806999999999"><ele>2931.0</ele></trkpt><trkpt lat="37.32772" lon="-118.86811999999998"><ele>2930.0</ele></trkpt><trkpt lat="37.32776" lon="-118.86813999999998"><ele>2929.0</ele></trkpt><trkpt lat="37.32778" lon="-118.86820999999998"><ele>2928.89019347269</ele></trkpt><trkpt lat="37.32784" lon="-118.86822999999998"><ele>2927.47153422283</ele></trkpt><trkpt lat="37.3279" lon="-118.86822000000001"><ele>2926.9864519257553</ele></trkpt><trkpt lat="37.32794" lon="-118.86828000000003"><ele>2926.0</ele></trkpt><trkpt lat="37.32795" lon="-118.86838999999998"><ele>2925.854830680261</ele></trkpt><trkpt lat="37.32814" lon="-118.86865"><ele>2924.7171826865524</ele></trkpt><trkpt lat="37.32823" lon="-118.86872"><ele>2923.0</ele></trkpt><trkpt lat="37.3283" lon="-118.86870999999996"><ele>2922.0</ele></trkpt><trkpt lat="37.32834" lon="-118.86865"><ele>2921.0</ele></trkpt><trkpt lat="37.32834" lon="-118.86851000000001"><ele>2920.0</ele></trkpt><trkpt lat="37.32854" lon="-118.86799000000002"><ele>2916.0</ele></trkpt><trkpt lat="37.32861" lon="-118.86793"><ele>2915.0</ele></trkpt><trkpt lat="37.32895" lon="-118.86779000000001"><ele>2914.0</ele></trkpt><trkpt lat="37.32913" lon="-118.86784"><ele>2912.6952331420034</ele></trkpt><trkpt lat="37.32943" lon="-118.86781000000002"><ele>2909.0</ele></trkpt><trkpt lat="37.33001" lon="-118.86761000000001"><ele>2906.0</ele></trkpt><trkpt lat="37.33016" lon="-118.86752000000001"><ele>2905.0</ele></trkpt><trkpt lat="37.33019" lon="-118.86748"><ele>2905.0</ele></trkpt><trkpt lat="37.3302" lon="-118.86732"><ele>2906.8825443590276</ele></trkpt><trkpt lat="37.33024" lon="-118.86721"><ele>2908.0</ele></trkpt><trkpt lat="37.33024" lon="-118.86721"><ele>2908.0</ele></trkpt><trkpt lat="37.33024" lon="-118.86721"><ele>2908.0</ele></trkpt><trkpt lat="37.33038" lon="-118.8671"><ele>2908.565896263346</ele></trkpt><trkpt lat="37.33062" lon="-118.86678999999998"><ele>2908.0</ele></trkpt><trkpt lat="37.33069" lon="-118.86675000000002"><ele>2907.117870242609</ele></trkpt><trkpt lat="37.33093" lon="-118.86680000000001"><ele>2907.0</ele></trkpt><trkpt lat="37.3311" lon="-118.86676"><ele>2907.0</ele></trkpt><trkpt lat="37.33158" lon="-118.86692"><ele>2904.0</ele></trkpt><trkpt lat="37.33171" lon="-118.86698000000001"><ele>2903.0</ele></trkpt><trkpt lat="37.33227" lon="-118.86747000000003"><ele>2901.0</ele></trkpt><trkpt lat="37.33257" lon="-118.86756000000003"><ele>2901.0</ele></trkpt><trkpt lat="37.3329" lon="-118.86761000000001"><ele>2902.0</ele></trkpt><trkpt lat="37.33306" lon="-118.86775"><ele>2901.0</ele></trkpt><trkpt lat="37.33328" lon="-118.86779000000001"><ele>2901.0</ele></trkpt><trkpt lat="37.3335" lon="-118.86795000000001"><ele>2900.0</ele></trkpt><trkpt lat="37.33361" lon="-118.86797000000001"><ele>2900.0</ele></trkpt><trkpt lat="37.33387" lon="-118.86792000000003"><ele>2900.0</ele></trkpt><trkpt lat="37.33415" lon="-118.86795000000001"><ele>2900.0</ele></trkpt><trkpt lat="37.33448" lon="-118.86810000000003"><ele>2897.129042930901</ele></trkpt><trkpt lat="37.33474" lon="-118.86809"><ele>2898.996007111389</ele></trkpt><trkpt lat="37.33488" lon="-118.868"><ele>2898.19031111151</ele></trkpt><trkpt lat="37.33503" lon="-118.86801000000003"><ele>2898.0</ele></trkpt><trkpt lat="37.33513" lon="-118.86804999999998"><ele>2898.0</ele></trkpt><trkpt lat="37.33522" lon="-118.86811999999998"><ele>2897.597905778326</ele></trkpt><trkpt lat="37.33522" lon="-118.86811999999998"><ele>2897.597905778326</ele></trkpt><trkpt lat="37.33531" lon="-118.86824000000001"><ele>2895.4831829877717</ele></trkpt><trkpt lat="37.3354" lon="-118.86847"><ele>2895.0</ele></trkpt><trkpt lat="37.33558" lon="-118.86865999999998"><ele>2893.1491883479794</ele></trkpt><trkpt lat="37.33568" lon="-118.86885000000001"><ele>2893.1193145560396</ele></trkpt><trkpt lat="37.33574" lon="-118.86896000000002"><ele>2893.0</ele></trkpt><trkpt lat="37.33571" lon="-118.86908"><ele>2893.0</ele></trkpt><trkpt lat="37.33573" lon="-118.86917"><ele>2891.0</ele></trkpt><trkpt lat="37.33593" lon="-118.86953"><ele>2890.0</ele></trkpt><trkpt lat="37.33622" lon="-118.86977000000002"><ele>2888.0</ele></trkpt><trkpt lat="37.3367" lon="-118.87004999999999"><ele>2887.0</ele></trkpt><trkpt lat="37.33687" lon="-118.87004000000002"><ele>2887.9572755303234</ele></trkpt><trkpt lat="37.33721" lon="-118.87022000000002"><ele>2887.0</ele></trkpt><trkpt lat="37.33765" lon="-118.87059999999997"><ele>2883.0</ele></trkpt><trkpt lat="37.3381" lon="-118.87074000000001"><ele>2881.0</ele></trkpt><trkpt lat="37.33878" lon="-118.87135"><ele>2875.0</ele></trkpt><trkpt lat="37.33898" lon="-118.87144"><ele>2871.0</ele></trkpt><trkpt lat="37.33934" lon="-118.87176"><ele>2864.0</ele></trkpt><trkpt lat="37.33954" lon="-118.87185"><ele>2862.0</ele></trkpt><trkpt lat="37.33979" lon="-118.87203999999997"><ele>2861.0</ele></trkpt><trkpt lat="37.33993" lon="-118.87207000000001"><ele>2859.329533111947</ele></trkpt><trkpt lat="37.33993" lon="-118.87207000000001"><ele>2859.329533111947</ele></trkpt><trkpt lat="37.34001" lon="-118.87212"><ele>2857.989488899708</ele></trkpt><trkpt lat="37.34042" lon="-118.87211000000002"><ele>2856.0</ele></trkpt><trkpt lat="37.34042402045012" lon="-118.87211301533762"><ele>2856.0</ele></trkpt><trkpt lat="37.340435611573476" lon="-118.87212170866263"><ele>2856.0</ele></trkpt><trkpt lat="37.34066" lon="-118.87229000000002"><ele>2854.0</ele></trkpt><trkpt lat="37.34077" lon="-118.87227999999999"><ele>2852.8477114061347</ele></trkpt><trkpt lat="37.34085" lon="-118.87230999999997"><ele>2852.0</ele></trkpt><trkpt lat="37.34102" lon="-118.87245999999999"><ele>2850.0</ele></trkpt><trkpt lat="37.3412" lon="-118.87257999999997"><ele>2848.0</ele></trkpt><trkpt lat="37.34141" lon="-118.87261000000001"><ele>2848.0</ele></trkpt><trkpt lat="37.34154" lon="-118.87266999999997"><ele>2848.0</ele></trkpt><trkpt lat="37.34181" lon="-118.87287000000003"><ele>2847.0</ele></trkpt><trkpt lat="37.34213" lon="-118.87293999999997"><ele>2848.0</ele></trkpt><trkpt lat="37.34224" lon="-118.87305000000003"><ele>2847.0</ele></trkpt><trkpt lat="37.3425" lon="-118.87323000000004"><ele>2846.0</ele></trkpt><trkpt lat="37.34275" lon="-118.87324999999998"><ele>2846.325964109511</ele></trkpt><trkpt lat="37.34302" lon="-118.87333999999998"><ele>2845.1802445395288</ele></trkpt><trkpt lat="37.3431" lon="-118.87331"><ele>2845.0</ele></trkpt><trkpt lat="37.34328" lon="-118.87335999999999"><ele>2843.0</ele></trkpt><trkpt lat="37.34334" lon="-118.87347999999997"><ele>2843.0</ele></trkpt><trkpt lat="37.34345" lon="-118.87358"><ele>2841.0</ele></trkpt><trkpt lat="37.34368" lon="-118.87374999999997"><ele>2840.2208888898604</ele></trkpt><trkpt lat="37.3437" lon="-118.87385"><ele>2840.0</ele></trkpt><trkpt lat="37.34419" lon="-118.87443000000002"><ele>2839.0</ele></trkpt><trkpt lat="37.34429" lon="-118.87459999999999"><ele>2838.6080177784897</ele></trkpt><trkpt lat="37.34433" lon="-118.87484999999998"><ele>2837.0</ele></trkpt><trkpt lat="37.34447" lon="-118.87504999999999"><ele>2837.0</ele></trkpt><trkpt lat="37.34452" lon="-118.87517000000003"><ele>2836.0</ele></trkpt><trkpt lat="37.3447" lon="-118.87531000000001"><ele>2837.0</ele></trkpt><trkpt lat="37.34482" lon="-118.87554"><ele>2836.0</ele></trkpt><trkpt lat="37.34492" lon="-118.87560000000002"><ele>2836.003846213843</ele></trkpt><trkpt lat="37.34511" lon="-118.8759"><ele>2836.0</ele></trkpt><trkpt lat="37.34527" lon="-118.87599999999998"><ele>2835.0</ele></trkpt><trkpt lat="37.34552" lon="-118.87608999999998"><ele>2835.1702388569474</ele></trkpt><trkpt lat="37.34563" lon="-118.87619000000001"><ele>2835.0</ele></trkpt><trkpt lat="37.34563" lon="-118.87619000000001"><ele>2835.0</ele></trkpt><trkpt lat="37.34563" lon="-118.87619000000001"><ele>2835.0</ele></trkpt><trkpt lat="37.34578" lon="-118.87651"><ele>2833.144751799991</ele></trkpt><trkpt lat="37.34616" lon="-118.87688000000003"><ele>2830.6886203137688</ele></trkpt><trkpt lat="37.34619" lon="-118.87698"><ele>2831.0</ele></trkpt><trkpt lat="37.34619" lon="-118.87706000000003"><ele>2830.0</ele></trkpt><trkpt lat="37.34616" lon="-118.87714"><ele>2829.0</ele></trkpt><trkpt lat="37.34618" lon="-118.87720000000002"><ele>2829.0</ele></trkpt><trkpt lat="37.34624" lon="-118.87724000000003"><ele>2827.9112044860476</ele></trkpt><trkpt lat="37.34632" lon="-118.87723"><ele>2826.0</ele></trkpt><trkpt lat="37.34633" lon="-118.87732"><ele>2826.4849423505366</ele></trkpt><trkpt lat="37.34628" lon="-118.87748999999997"><ele>2825.553851382807</ele></trkpt><trkpt lat="37.34628" lon="-118.87756999999999"><ele>2825.0</ele></trkpt><trkpt lat="37.34634" lon="-118.87765999999999"><ele>2825.072722879878</ele></trkpt><trkpt lat="37.3466" lon="-118.87790999999999"><ele>2826.0</ele></trkpt><trkpt lat="37.34697" lon="-118.87817000000001"><ele>2825.0</ele></trkpt><trkpt lat="37.34725" lon="-118.87824999999998"><ele>2822.5056888898835</ele></trkpt><trkpt lat="37.34741" lon="-118.87837000000002"><ele>2821.0</ele></trkpt><trkpt lat="37.34753" lon="-118.87842"><ele>2820.653271809773</ele></trkpt><trkpt lat="37.34796" lon="-118.87853999999999"><ele>2819.0</ele></trkpt><trkpt lat="37.34837" lon="-118.87853000000001"><ele>2819.0</ele></trkpt><trkpt lat="37.34847" lon="-118.87862000000001"><ele>2818.0</ele></trkpt><trkpt lat="37.34864" lon="-118.87864000000002"><ele>2818.330371554941</ele></trkpt><trkpt lat="37.34886" lon="-118.87877000000003"><ele>2817.2719324426726</ele></trkpt><trkpt lat="37.34922" lon="-118.87883999999997"><ele>2817.0</ele></trkpt><trkpt lat="37.34955" lon="-118.87876"><ele>2816.0</ele></trkpt><trkpt lat="37.34973" lon="-118.87874"><ele>2815.0</ele></trkpt><trkpt lat="37.35015" lon="-118.87887999999998"><ele>2815.0</ele></trkpt><trkpt lat="37.35049" lon="-118.87882000000002"><ele>2815.0</ele></trkpt><trkpt lat="37.35083" lon="-118.87880999999999"><ele>2811.0</ele></trkpt><trkpt lat="37.35093" lon="-118.87874999999997"><ele>2811.0</ele></trkpt><trkpt lat="37.35095" lon="-118.87864000000002"><ele>2810.0</ele></trkpt><trkpt lat="37.35088" lon="-118.87833"><ele>2808.0</ele></trkpt><trkpt lat="37.35093" lon="-118.87814000000003"><ele>2807.3114011938515</ele></trkpt><trkpt lat="37.35093" lon="-118.87796000000003"><ele>2806.8463379051536</ele></trkpt><trkpt lat="37.35101" lon="-118.87772000000001"><ele>2805.0</ele></trkpt><trkpt lat="37.3512" lon="-118.87748999999997"><ele>2804.0</ele></trkpt><trkpt lat="37.35136" lon="-118.87741"><ele>2804.0</ele></trkpt><trkpt lat="37.35146" lon="-118.87730999999997"><ele>2804.0</ele></trkpt><trkpt lat="37.35154" lon="-118.87716999999998"><ele>2804.0</ele></trkpt><trkpt lat="37.35166" lon="-118.87707999999998"><ele>2804.0</ele></trkpt><trkpt lat="37.35179" lon="-118.87703999999997"><ele>2803.9553735010354</ele></trkpt><trkpt lat="37.35193" lon="-118.87714"><ele>2803.0</ele></trkpt><trkpt lat="37.35207" lon="-118.87718000000001"><ele>2802.0</ele></trkpt><trkpt lat="37.35226" lon="-118.87732"><ele>2801.0</ele></trkpt><trkpt lat="37.35245" lon="-118.87734"><ele>2800.0</ele></trkpt><trkpt lat="37.35254" lon="-118.87742000000003"><ele>2798.1864924430847</ele></trkpt><trkpt lat="37.35269" lon="-118.87748999999997"><ele>2797.0</ele></trkpt><trkpt lat="37.35269" lon="-118.87748999999997"><ele>2797.0</ele></trkpt><trkpt lat="37.35285" lon="-118.87759"><ele>2796.074971660415</ele></trkpt><trkpt lat="37.353" lon="-118.87765000000002"><ele>2795.0</ele></trkpt><trkpt lat="37.35306" lon="-118.87772999999999"><ele>2795.0</ele></trkpt><trkpt lat="37.35331" lon="-118.87781000000001"><ele>2794.32324930866</ele></trkpt><trkpt lat="37.35352" lon="-118.87799000000001"><ele>2793.0</ele></trkpt><trkpt lat="37.3538" lon="-118.87817999999999"><ele>2791.0</ele></trkpt><trkpt lat="37.35416" lon="-118.87824999999998"><ele>2790.7616812618808</ele></trkpt><trkpt lat="37.35431" lon="-118.87835000000001"><ele>2791.0</ele></trkpt><trkpt lat="37.35453" lon="-118.87859000000003"><ele>2788.0</ele></trkpt><trkpt lat="37.35465" lon="-118.87867"><ele>2788.0</ele></trkpt><trkpt lat="37.35475" lon="-118.87869999999998"><ele>2788.0</ele></trkpt><trkpt lat="37.35491" lon="-118.87869"><ele>2788.0</ele></trkpt><trkpt lat="37.35535" lon="-118.87880999999999"><ele>2788.0</ele></trkpt><trkpt lat="37.35581" lon="-118.87913000000003"><ele>2785.7449369039387</ele></trkpt><trkpt lat="37.35597" lon="-118.87934000000001"><ele>2785.0</ele></trkpt><trkpt lat="37.35605" lon="-118.87952000000001"><ele>2783.0</ele></trkpt><trkpt lat="37.35641" lon="-118.87985000000003"><ele>2781.0258418416097</ele></trkpt><trkpt lat="37.35653" lon="-118.87988000000001"><ele>2782.0</ele></trkpt><trkpt lat="37.35739" lon="-118.88038"><ele>2779.0</ele></trkpt><trkpt lat="37.35767" lon="-118.88042000000002"><ele>2780.0</ele></trkpt><trkpt lat="37.35822" lon="-118.88075000000003"><ele>2778.0</ele></trkpt><trkpt lat="37.35832" lon="-118.88085999999998"><ele>2777.0</ele></trkpt><trkpt lat="37.35849" lon="-118.88098000000002"><ele>2775.0</ele></trkpt><trkpt lat="37.35887" lon="-118.88111000000004"><ele>2774.4819422811624</ele></trkpt><trkpt lat="37.35929" lon="-118.88146999999998"><ele>2772.442812445108</ele></trkpt><trkpt lat="37.35962" lon="-118.88157999999999"><ele>2772.752650563874</ele></trkpt><trkpt lat="37.35972" lon="-118.88166999999999"><ele>2772.56227156359</ele></trkpt><trkpt lat="37.35984" lon="-118.88171"><ele>2773.0</ele></trkpt><trkpt lat="37.35992" lon="-118.88170000000002"><ele>2772.7869127882914</ele></trkpt><trkpt lat="37.36002" lon="-118.88175999999999"><ele>2773.0</ele></trkpt><trkpt lat="37.3601" lon="-118.88184999999999"><ele>2772.16012968568</ele></trkpt><trkpt lat="37.36042" lon="-118.88200999999998"><ele>2770.27698844485</ele></trkpt><trkpt lat="37.36079" lon="-118.88222999999999"><ele>2768.0</ele></trkpt><trkpt lat="37.36091" lon="-118.88227999999998"><ele>2767.0</ele></trkpt><trkpt lat="37.36106" lon="-118.88220000000001"><ele>2767.0</ele></trkpt><trkpt lat="37.36119" lon="-118.88220999999999"><ele>2766.0</ele></trkpt><trkpt lat="37.36137" lon="-118.88227999999998"><ele>2765.523525834171</ele></trkpt><trkpt lat="37.36166" lon="-118.88225"><ele>2765.0229979637706</ele></trkpt><trkpt lat="37.36182" lon="-118.88238000000001"><ele>2766.978713746119</ele></trkpt><trkpt lat="37.36206" lon="-118.88249000000002"><ele>2761.269412627894</ele></trkpt><trkpt lat="37.36227" lon="-118.88242000000002"><ele>2760.0</ele></trkpt><trkpt lat="37.36248" lon="-118.88227"><ele>2761.0</ele></trkpt><trkpt lat="37.36321" lon="-118.88290999999998"><ele>2760.044362753988</ele></trkpt><trkpt lat="37.36328" lon="-118.88297999999998"><ele>2760.0</ele></trkpt><trkpt lat="37.36331" lon="-118.88310999999999"><ele>2758.996397804297</ele></trkpt><trkpt lat="37.36369" lon="-118.88342999999998"><ele>2755.0278277554085</ele></trkpt><trkpt lat="37.36377" lon="-118.88346000000001"><ele>2755.0</ele></trkpt><trkpt lat="37.36384" lon="-118.88357000000002"><ele>2755.0</ele></trkpt><trkpt lat="37.36406" lon="-118.88380000000001"><ele>2753.996122438385</ele></trkpt><trkpt lat="37.3642" lon="-118.88382000000001"><ele>2755.938539891485</ele></trkpt><trkpt lat="37.36462" lon="-118.88414"><ele>2754.0117937773466</ele></trkpt><trkpt lat="37.36478" lon="-118.88423"><ele>2753.0</ele></trkpt><trkpt lat="37.36492" lon="-118.88418999999999"><ele>2754.0</ele></trkpt><trkpt lat="37.36494" lon="-118.88425999999998"><ele>2752.0</ele></trkpt><trkpt lat="37.3649" lon="-118.88434999999998"><ele>2750.401105158802</ele></trkpt><trkpt lat="37.3649" lon="-118.88441999999998"><ele>2749.2187092400277</ele></trkpt><trkpt lat="37.36493" lon="-118.88449000000003"><ele>2748.9958800908535</ele></trkpt><trkpt lat="37.36516" lon="-118.88467000000003"><ele>2746.6748363277948</ele></trkpt><trkpt lat="37.36523" lon="-118.88477999999998"><ele>2745.0</ele></trkpt><trkpt lat="37.36552" lon="-118.8845"><ele>2745.0</ele></trkpt><trkpt lat="37.36568" lon="-118.88446999999996"><ele>2744.0</ele></trkpt><trkpt lat="37.36578" lon="-118.88455999999996"><ele>2742.0</ele></trkpt><trkpt lat="37.36583" lon="-118.88470999999998"><ele>2740.447868444957</ele></trkpt><trkpt lat="37.36618" lon="-118.88524999999998"><ele>2737.0</ele></trkpt><trkpt lat="37.36654" lon="-118.88557000000003"><ele>2735.61620555261</ele></trkpt><trkpt lat="37.36669" lon="-118.88598999999999"><ele>2732.0</ele></trkpt><trkpt lat="37.36679" lon="-118.88612"><ele>2730.9865309230936</ele></trkpt><trkpt lat="37.36701" lon="-118.88614999999999"><ele>2730.0484266765416</ele></trkpt><trkpt lat="37.36737" lon="-118.88637"><ele>2727.061301363632</ele></trkpt><trkpt lat="37.36747" lon="-118.88650999999999"><ele>2726.9251326844096</ele></trkpt><trkpt lat="37.36748" lon="-118.88677000000001"><ele>2726.444910221733</ele></trkpt><trkpt lat="37.36766" lon="-118.88689"><ele>2726.0</ele></trkpt><trkpt lat="37.36774" lon="-118.887"><ele>2726.75751628913</ele></trkpt><trkpt lat="37.36784" lon="-118.88724000000002"><ele>2726.6213765274733</ele></trkpt><trkpt lat="37.36793" lon="-118.88761999999997"><ele>2726.898857422173</ele></trkpt><trkpt lat="37.36812" lon="-118.88814000000002"><ele>2726.614442457723</ele></trkpt><trkpt lat="37.36812" lon="-118.88836000000003"><ele>2723.3718663854456</ele></trkpt><trkpt lat="37.36812" lon="-118.88836000000003"><ele>2723.3718663854456</ele></trkpt><trkpt lat="37.36812" lon="-118.88836000000003"><ele>2723.3718663854456</ele></trkpt><trkpt lat="37.36817" lon="-118.88846999999998"><ele>2723.0</ele></trkpt><trkpt lat="37.36834" lon="-118.88868000000002"><ele>2726.0</ele></trkpt><trkpt lat="37.3687" lon="-118.88895000000002"><ele>2728.0</ele></trkpt><trkpt lat="37.36898" lon="-118.88909000000001"><ele>2729.0</ele></trkpt><trkpt lat="37.36918" lon="-118.88925999999998"><ele>2729.5207196721394</ele></trkpt><trkpt lat="37.36929" lon="-118.88927999999999"><ele>2729.4704320007004</ele></trkpt><trkpt lat="37.36935" lon="-118.88932999999997"><ele>2730.0</ele></trkpt><trkpt lat="37.36963" lon="-118.88968"><ele>2730.9292047718445</ele></trkpt><trkpt lat="37.36975" lon="-118.88988999999998"><ele>2731.0</ele></trkpt><trkpt lat="37.36996" lon="-118.89015"><ele>2729.0</ele></trkpt><trkpt lat="37.37003" lon="-118.89017000000001"><ele>2729.993425777182</ele></trkpt><trkpt lat="37.37016" lon="-118.89029"><ele>2731.0</ele></trkpt><trkpt lat="37.37016" lon="-118.89029"><ele>2731.0</ele></trkpt><trkpt lat="37.37035" lon="-118.89044000000001"><ele>2731.8861281601758</ele></trkpt><trkpt lat="37.37038" lon="-118.89049999999997"><ele>2731.5660471152514</ele></trkpt><trkpt lat="37.3704" lon="-118.89069999999998"><ele>2732.521904297517</ele></trkpt><trkpt lat="37.37062" lon="-118.89102000000003"><ele>2735.0</ele></trkpt><trkpt lat="37.37066" lon="-118.89136000000002"><ele>2731.992211580489</ele></trkpt><trkpt lat="37.37088" lon="-118.89166"><ele>2734.0</ele></trkpt><trkpt lat="37.37093" lon="-118.89182"><ele>2733.8362692987052</ele></trkpt><trkpt lat="37.37111" lon="-118.89215000000002"><ele>2733.0</ele></trkpt><trkpt lat="37.37112" lon="-118.89227"><ele>2735.9553126982314</ele></trkpt><trkpt lat="37.37109" lon="-118.89251000000002"><ele>2735.2010891418904</ele></trkpt><trkpt lat="37.3711" lon="-118.89265999999998"><ele>2736.03857564847</ele></trkpt><trkpt lat="37.37106" lon="-118.89276000000001"><ele>2736.31341708561</ele></trkpt><trkpt lat="37.37116" lon="-118.89296000000002"><ele>2738.2967951078454</ele></trkpt><trkpt lat="37.3712" lon="-118.89312000000001"><ele>2739.651623861864</ele></trkpt><trkpt lat="37.37123" lon="-118.89404000000002"><ele>2738.4108622465283</ele></trkpt><trkpt lat="37.37123" lon="-118.89404000000002"><ele>2738.4108622465283</ele></trkpt><trkpt lat="37.37145" lon="-118.89468"><ele>2736.0</ele></trkpt><trkpt lat="37.3716" lon="-118.89495"><ele>2734.0248066044005</ele></trkpt><trkpt lat="37.37187" lon="-118.89528999999999"><ele>2736.0</ele></trkpt><trkpt lat="37.37206" lon="-118.89543000000003"><ele>2737.083403196186</ele></trkpt><trkpt lat="37.37234" lon="-118.89579000000003"><ele>2742.0</ele></trkpt><trkpt lat="37.37249" lon="-118.89589000000001"><ele>2744.0</ele></trkpt><trkpt lat="37.3728" lon="-118.89624000000003"><ele>2745.0</ele></trkpt><trkpt lat="37.37307" lon="-118.89645999999999"><ele>2745.0</ele></trkpt><trkpt lat="37.37342" lon="-118.89681000000002"><ele>2743.9262351215893</ele></trkpt><trkpt lat="37.3735" lon="-118.89692000000002"><ele>2744.0</ele></trkpt><trkpt lat="37.37421" lon="-118.89733999999999"><ele>2752.1401120188484</ele></trkpt><trkpt lat="37.37428585931818" lon="-118.8973905728788"><ele>2753.3010925801086</ele></trkpt><trkpt lat="37.37436999999999" lon="-118.89749999999998"><ele>2754.0</ele></trkpt><trkpt lat="37.37437" lon="-118.89749999999998"><ele>2754.0</ele></trkpt><trkpt lat="37.37437" lon="-118.89749999999998"><ele>2754.0</ele></trkpt><trkpt lat="37.37439" lon="-118.89753999999999"><ele>2754.0</ele></trkpt><trkpt lat="37.37439" lon="-118.89753999999999"><ele>2754.0</ele></trkpt><trkpt lat="37.37462" lon="-118.8981"><ele>2758.0</ele></trkpt><trkpt lat="37.37498" lon="-118.89830999999998"><ele>2763.2061886949036</ele></trkpt><trkpt lat="37.37533" lon="-118.89859000000001"><ele>2766.5020961722003</ele></trkpt><trkpt lat="37.37537" lon="-118.89875999999998"><ele>2768.0</ele></trkpt><trkpt lat="37.37551" lon="-118.89891"><ele>2771.2738305130306</ele></trkpt><trkpt lat="37.37567" lon="-118.89920999999998"><ele>2775.549258703077</ele></trkpt><trkpt lat="37.37579" lon="-118.89931999999999"><ele>2778.898823197938</ele></trkpt><trkpt lat="37.37582" lon="-118.89944000000003"><ele>2780.5826238971204</ele></trkpt><trkpt lat="37.37576" lon="-118.89961"><ele>2779.0639325287193</ele></trkpt><trkpt lat="37.37576" lon="-118.89978000000002"><ele>2780.0639325287193</ele></trkpt><trkpt lat="37.37579" lon="-118.89983999999998"><ele>2781.278895804242</ele></trkpt><trkpt lat="37.37592" lon="-118.89992999999998"><ele>2783.0</ele></trkpt><trkpt lat="37.37594" lon="-118.90016000000003"><ele>2782.6439140424723</ele></trkpt><trkpt lat="37.3764" lon="-118.90098999999998"><ele>2786.0</ele></trkpt><trkpt lat="37.37657" lon="-118.90138000000002"><ele>2790.0</ele></trkpt><trkpt lat="37.37662" lon="-118.90157999999997"><ele>2790.4987777769566</ele></trkpt><trkpt lat="37.37671" lon="-118.90175999999997"><ele>2792.6683291626164</ele></trkpt><trkpt lat="37.37693" lon="-118.90201000000002"><ele>2796.0</ele></trkpt><trkpt lat="37.37696" lon="-118.90235999999999"><ele>2793.9428468614833</ele></trkpt><trkpt lat="37.37694" lon="-118.90256"><ele>2791.2653794456273</ele></trkpt><trkpt lat="37.37686" lon="-118.90277000000003"><ele>2791.0</ele></trkpt><trkpt lat="37.37688" lon="-118.90283"><ele>2792.7479877155056</ele></trkpt><trkpt lat="37.3769" lon="-118.90289000000001"><ele>2793.1824942733356</ele></trkpt><trkpt lat="37.37695" lon="-118.90292999999997"><ele>2796.517511704471</ele></trkpt><trkpt lat="37.37705" lon="-118.90287999999998"><ele>2797.0</ele></trkpt><trkpt lat="37.37716" lon="-118.90295000000003"><ele>2798.0</ele></trkpt><trkpt lat="37.37721" lon="-118.90301"><ele>2798.0393006837826</ele></trkpt><trkpt lat="37.37725" lon="-118.90334000000001"><ele>2804.218660724815</ele></trkpt><trkpt lat="37.37723" lon="-118.90349000000003"><ele>2805.2082102841814</ele></trkpt><trkpt lat="37.37728" lon="-118.90375"><ele>2804.324537007604</ele></trkpt><trkpt lat="37.37733" lon="-118.90384"><ele>2805.0</ele></trkpt><trkpt lat="37.37745" lon="-118.90397999999999"><ele>2810.59922133293</ele></trkpt><trkpt lat="37.37746" lon="-118.90408000000002"><ele>2812.020837043412</ele></trkpt><trkpt lat="37.37759" lon="-118.90397999999999"><ele>2815.3852855879813</ele></trkpt><trkpt lat="37.37762" lon="-118.904"><ele>2817.1446738503873</ele></trkpt><trkpt lat="37.37754" lon="-118.90430000000003"><ele>2820.9652756117284</ele></trkpt><trkpt lat="37.37757" lon="-118.90431999999998"><ele>2822.7747241475968</ele></trkpt><trkpt lat="37.37784" lon="-118.90390000000002"><ele>2827.9238763132084</ele></trkpt><trkpt lat="37.37795" lon="-118.90370999999999"><ele>2831.49799114652</ele></trkpt><trkpt lat="37.37809" lon="-118.90339"><ele>2836.0</ele></trkpt><trkpt lat="37.37816" lon="-118.90339"><ele>2838.0840055385343</ele></trkpt><trkpt lat="37.37809" lon="-118.90357"><ele>2838.4170302413404</ele></trkpt><trkpt lat="37.37812" lon="-118.90359000000001"><ele>2840.1983510864884</ele></trkpt><trkpt lat="37.37828" lon="-118.90345000000002"><ele>2842.8994311122224</ele></trkpt><trkpt lat="37.37832" lon="-118.90349000000003"><ele>2844.9608325748704</ele></trkpt><trkpt lat="37.37821" lon="-118.90379000000001"><ele>2849.4906988525763</ele></trkpt><trkpt lat="37.37825" lon="-118.90381000000002"><ele>2851.0622446730827</ele></trkpt><trkpt lat="37.37834" lon="-118.90372000000002"><ele>2852.6739813469626</ele></trkpt><trkpt lat="37.37838" lon="-118.90370999999999"><ele>2853.7323871562257</ele></trkpt><trkpt lat="37.3784" lon="-118.90373999999997"><ele>2855.3684175492617</ele></trkpt><trkpt lat="37.37827" lon="-118.90413999999998"><ele>2858.3206873857416</ele></trkpt><trkpt lat="37.37827" lon="-118.90429"><ele>2860.0122576958115</ele></trkpt><trkpt lat="37.3783" lon="-118.90431000000001"><ele>2861.0238027375995</ele></trkpt><trkpt lat="37.37843" lon="-118.90413999999998"><ele>2864.6484228689224</ele></trkpt><trkpt lat="37.37863" lon="-118.90397999999999"><ele>2868.750644568083</ele></trkpt><trkpt lat="37.37862" lon="-118.90409999999997"><ele>2871.0</ele></trkpt><trkpt lat="37.37857" lon="-118.90418"><ele>2869.8589993882924</ele></trkpt><trkpt lat="37.37852" lon="-118.90436"><ele>2868.926648871973</ele></trkpt><trkpt lat="37.37852" lon="-118.90451999999999"><ele>2870.708928395007</ele></trkpt><trkpt lat="37.37855" lon="-118.90456"><ele>2872.431654872503</ele></trkpt><trkpt lat="37.37877" lon="-118.90426000000002"><ele>2876.855192975936</ele></trkpt><trkpt lat="37.37882" lon="-118.90424999999999"><ele>2878.520781300962</ele></trkpt><trkpt lat="37.37888" lon="-118.90431000000001"><ele>2880.9791942464417</ele></trkpt><trkpt lat="37.37885" lon="-118.90451999999999"><ele>2883.8308792586</ele></trkpt><trkpt lat="37.37873" lon="-118.90483"><ele>2886.2425341829658</ele></trkpt><trkpt lat="37.37863" lon="-118.90526"><ele>2887.0</ele></trkpt><trkpt lat="37.37867" lon="-118.90546999999998"><ele>2887.723706290126</ele></trkpt><trkpt lat="37.37866" lon="-118.90559000000002"><ele>2886.455889163272</ele></trkpt><trkpt lat="37.37856" lon="-118.90573999999998"><ele>2885.0</ele></trkpt><trkpt lat="37.37851" lon="-118.90591999999998"><ele>2882.3466282403906</ele></trkpt><trkpt lat="37.37884" lon="-118.90672999999998"><ele>2885.7676880144986</ele></trkpt><trkpt lat="37.37886" lon="-118.90674000000001"><ele>2886.8666709437966</ele></trkpt><trkpt lat="37.37887" lon="-118.90670999999998"><ele>2888.0011980477566</ele></trkpt><trkpt lat="37.37886" lon="-118.90647000000001"><ele>2890.310587131993</ele></trkpt><trkpt lat="37.37889" lon="-118.90641"><ele>2892.6260889954865</ele></trkpt><trkpt lat="37.37897" lon="-118.90670999999998"><ele>2894.3178739100695</ele></trkpt><trkpt lat="37.379" lon="-118.90672999999998"><ele>2896.077294541523</ele></trkpt><trkpt lat="37.37913" lon="-118.90632"><ele>2901.7014587521553</ele></trkpt><trkpt lat="37.37924" lon="-118.90609999999998"><ele>2904.0608269663157</ele></trkpt><trkpt lat="37.37928" lon="-118.90588000000002"><ele>2908.425973848537</ele></trkpt><trkpt lat="37.37937" lon="-118.90577000000002"><ele>2910.014968454819</ele></trkpt><trkpt lat="37.37953" lon="-118.90530000000001"><ele>2915.160508438945</ele></trkpt><trkpt lat="37.37969" lon="-118.90507000000002"><ele>2918.0</ele></trkpt><trkpt lat="37.37975" lon="-118.90492"><ele>2918.0630390997976</ele></trkpt><trkpt lat="37.37978" lon="-118.90492"><ele>2919.8224780336022</ele></trkpt><trkpt lat="37.37991" lon="-118.90528999999998"><ele>2926.8061567997697</ele></trkpt><trkpt lat="37.38002" lon="-118.90588000000002"><ele>2934.0</ele></trkpt><trkpt lat="37.38009" lon="-118.90602000000001"><ele>2937.0</ele></trkpt><trkpt lat="37.38012" lon="-118.90602000000001"><ele>2937.7628351189196</ele></trkpt><trkpt lat="37.38023" lon="-118.90578"><ele>2942.103925567667</ele></trkpt><trkpt lat="37.38028" lon="-118.90562"><ele>2944.146563852206</ele></trkpt><trkpt lat="37.38028" lon="-118.90552000000002"><ele>2944.146563852206</ele></trkpt><trkpt lat="37.38036" lon="-118.90564"><ele>2948.8055928950093</ele></trkpt><trkpt lat="37.38038" lon="-118.90573"><ele>2950.0017692044107</ele></trkpt><trkpt lat="37.38042" lon="-118.90570000000002"><ele>2951.3573429156095</ele></trkpt><trkpt lat="37.38042" lon="-118.90550000000002"><ele>2953.3573429156095</ele></trkpt><trkpt lat="37.38047" lon="-118.90544999999997"><ele>2956.289767725393</ele></trkpt><trkpt lat="37.3805" lon="-118.90546"><ele>2957.049223549664</ele></trkpt><trkpt lat="37.38055" lon="-118.90568999999999"><ele>2958.994660632147</ele></trkpt><trkpt lat="37.38061" lon="-118.90577000000002"><ele>2961.0</ele></trkpt><trkpt lat="37.38065" lon="-118.90559999999999"><ele>2963.0</ele></trkpt><trkpt lat="37.38075" lon="-118.90570000000002"><ele>2965.7113827895373</ele></trkpt><trkpt lat="37.3808" lon="-118.9058"><ele>2966.643820501864</ele></trkpt><trkpt lat="37.38097" lon="-118.9065"><ele>2974.614123351872</ele></trkpt><trkpt lat="37.381" lon="-118.90703000000002"><ele>2980.3735909089446</ele></trkpt><trkpt lat="37.38097" lon="-118.90717999999998"><ele>2981.614123351872</ele></trkpt><trkpt lat="37.38104" lon="-118.90753000000001"><ele>2984.7195487413555</ele></trkpt><trkpt lat="37.38109" lon="-118.90798000000001"><ele>2987.2956940644167</ele></trkpt><trkpt lat="37.38114" lon="-118.90807999999998"><ele>2989.0</ele></trkpt><trkpt lat="37.38117" lon="-118.90836999999999"><ele>2989.3439203463495</ele></trkpt><trkpt lat="37.38137" lon="-118.90877999999998"><ele>2993.0519607265014</ele></trkpt><trkpt lat="37.38199" lon="-118.91001"><ele>3001.436415102333</ele></trkpt><trkpt lat="37.3821" lon="-118.91012"><ele>3003.0</ele></trkpt><trkpt lat="37.38237" lon="-118.91021"><ele>3002.0</ele></trkpt><trkpt lat="37.38253" lon="-118.91039999999998"><ele>3003.0</ele></trkpt><trkpt lat="37.38253" lon="-118.91039999999998"><ele>3003.0</ele></trkpt><trkpt lat="37.38253" lon="-118.91039999999998"><ele>3003.0</ele></trkpt><trkpt lat="37.38278" lon="-118.91113000000001"><ele>3007.9136150803834</ele></trkpt><trkpt lat="37.38287" lon="-118.91152999999997"><ele>3011.0264229545637</ele></trkpt><trkpt lat="37.3831" lon="-118.91199"><ele>3015.0</ele></trkpt><trkpt lat="37.38342" lon="-118.91239000000002"><ele>3019.306292241439</ele></trkpt><trkpt lat="37.38348" lon="-118.91282999999999"><ele>3018.0</ele></trkpt><trkpt lat="37.3836" lon="-118.91320000000002"><ele>3016.961443994872</ele></trkpt><trkpt lat="37.3838" lon="-118.91354000000001"><ele>3016.0</ele></trkpt><trkpt lat="37.38442" lon="-118.91438"><ele>3017.694814237626</ele></trkpt><trkpt lat="37.38517" lon="-118.91514000000001"><ele>3021.0</ele></trkpt><trkpt lat="37.38588" lon="-118.91602"><ele>3025.589683538303</ele></trkpt><trkpt lat="37.38588" lon="-118.91602"><ele>3025.589683538303</ele></trkpt><trkpt lat="37.38651" lon="-118.91712999999999"><ele>3027.541069533676</ele></trkpt><trkpt lat="37.38697" lon="-118.91809"><ele>3027.9173007441013</ele></trkpt><trkpt lat="37.38762" lon="-118.91907000000003"><ele>3029.0</ele></trkpt><trkpt lat="37.38762" lon="-118.91907000000003"><ele>3029.0</ele></trkpt><trkpt lat="37.38771" lon="-118.91922"><ele>3028.9378323670703</ele></trkpt><trkpt lat="37.38779" lon="-118.91939000000002"><ele>3028.7106139807956</ele></trkpt><trkpt lat="37.38842" lon="-118.92020000000002"><ele>3028.2816663376607</ele></trkpt><trkpt lat="37.38905" lon="-118.92090000000002"><ele>3027.0</ele></trkpt><trkpt lat="37.38937" lon="-118.92104"><ele>3028.0</ele></trkpt><trkpt lat="37.38989" lon="-118.9214"><ele>3027.0</ele></trkpt><trkpt lat="37.39037" lon="-118.92165999999997"><ele>3026.97178030698</ele></trkpt><trkpt lat="37.39093" lon="-118.92210999999998"><ele>3025.0</ele></trkpt><trkpt lat="37.39123" lon="-118.92261000000002"><ele>3022.0</ele></trkpt><trkpt lat="37.39176" lon="-118.92324000000002"><ele>3020.394583120168</ele></trkpt><trkpt lat="37.39211" lon="-118.92358000000002"><ele>3019.0</ele></trkpt><trkpt lat="37.39221" lon="-118.92372999999998"><ele>3017.8772473856807</ele></trkpt><trkpt lat="37.39225" lon="-118.92390999999998"><ele>3017.685897001074</ele></trkpt><trkpt lat="37.39276" lon="-118.92444"><ele>3016.0</ele></trkpt><trkpt lat="37.39305" lon="-118.92489"><ele>3011.0</ele></trkpt><trkpt lat="37.39341" lon="-118.9253"><ele>3006.598647095052</ele></trkpt><trkpt lat="37.39383" lon="-118.92566"><ele>3001.0395484445617</ele></trkpt><trkpt lat="37.39479" lon="-118.92676"><ele>2989.0</ele></trkpt><trkpt lat="37.39524" lon="-118.9271"><ele>2986.0</ele></trkpt><trkpt lat="37.39439" lon="-118.92776000000003"><ele>2974.0</ele></trkpt><trkpt lat="37.3944" lon="-118.92793"><ele>2971.2498808884993</ele></trkpt><trkpt lat="37.39496" lon="-118.92883999999998"><ele>2963.0</ele></trkpt><trkpt lat="37.39508" lon="-118.92899"><ele>2961.0</ele></trkpt><trkpt lat="37.39536" lon="-118.92912000000001"><ele>2957.0</ele></trkpt><trkpt lat="37.39531" lon="-118.92926999999997"><ele>2955.0</ele></trkpt><trkpt lat="37.39535" lon="-118.92935999999997"><ele>2953.566813888437</ele></trkpt><trkpt lat="37.39606" lon="-118.92948999999999"><ele>2944.677170978048</ele></trkpt><trkpt lat="37.39597" lon="-118.92989"><ele>2939.0</ele></trkpt><trkpt lat="37.39651" lon="-118.92979000000003"><ele>2935.0</ele></trkpt><trkpt lat="37.3967" lon="-118.9298"><ele>2932.1015644446015</ele></trkpt><trkpt lat="37.39672" lon="-118.92984999999999"><ele>2929.7713955556974</ele></trkpt><trkpt lat="37.39631" lon="-118.93029000000001"><ele>2927.720756472936</ele></trkpt><trkpt lat="37.39638" lon="-118.93029999999999"><ele>2925.9026075805027</ele></trkpt><trkpt lat="37.39687" lon="-118.93009999999998"><ele>2920.092748988185</ele></trkpt><trkpt lat="37.39732" lon="-118.93002000000001"><ele>2913.31549802757</ele></trkpt><trkpt lat="37.39792" lon="-118.92968000000002"><ele>2906.6939697763883</ele></trkpt><trkpt lat="37.39768" lon="-118.93025999999998"><ele>2898.7491595168476</ele></trkpt><trkpt lat="37.39763" lon="-118.93043999999998"><ele>2897.18652529642</ele></trkpt><trkpt lat="37.39768" lon="-118.93043999999998"><ele>2896.0</ele></trkpt><trkpt lat="37.39856" lon="-118.92978"><ele>2885.643005482392</ele></trkpt><trkpt lat="37.39901" lon="-118.92930999999999"><ele>2881.2177167332975</ele></trkpt><trkpt lat="37.39944" lon="-118.92901"><ele>2873.918815804101</ele></trkpt><trkpt lat="37.39963" lon="-118.92874999999998"><ele>2872.0</ele></trkpt><trkpt lat="37.39994" lon="-118.92849999999999"><ele>2865.8980460887565</ele></trkpt><trkpt lat="37.40015" lon="-118.92815000000002"><ele>2862.0</ele></trkpt><trkpt lat="37.40029" lon="-118.92815000000002"><ele>2858.0</ele></trkpt><trkpt lat="37.40033" lon="-118.92827"><ele>2854.322341078762</ele></trkpt><trkpt lat="37.40025" lon="-118.92860000000002"><ele>2851.489551940933</ele></trkpt><trkpt lat="37.40053" lon="-118.92840000000001"><ele>2843.409896718804</ele></trkpt><trkpt lat="37.40048" lon="-118.92871000000002"><ele>2838.896380309161</ele></trkpt><trkpt lat="37.40049" lon="-118.92887999999999"><ele>2834.3868432235904</ele></trkpt><trkpt lat="37.40071" lon="-118.92872"><ele>2829.5040326192975</ele></trkpt><trkpt lat="37.40092" lon="-118.92849000000001"><ele>2825.0280422351066</ele></trkpt><trkpt lat="37.4011" lon="-118.92815999999999"><ele>2824.1559796165675</ele></trkpt><trkpt lat="37.40118" lon="-118.92817000000002"><ele>2819.9967707078904</ele></trkpt><trkpt lat="37.40137" lon="-118.92770000000002"><ele>2809.577505325594</ele></trkpt><trkpt lat="37.4012" lon="-118.92701999999997"><ele>2805.099451254122</ele></trkpt><trkpt lat="37.40123" lon="-118.92696999999998"><ele>2801.0093399309553</ele></trkpt><trkpt lat="37.40169" lon="-118.92776000000003"><ele>2789.82971631707</ele></trkpt><trkpt lat="37.40165" lon="-118.92732000000001"><ele>2780.6812540879473</ele></trkpt><trkpt lat="37.40198" lon="-118.92782"><ele>2772.999673627317</ele></trkpt><trkpt lat="37.40199" lon="-118.928"><ele>2770.4130201227963</ele></trkpt><trkpt lat="37.40206" lon="-118.92777000000001"><ele>2767.306443383917</ele></trkpt><trkpt lat="37.40214" lon="-118.92802"><ele>2760.6132081318647</ele></trkpt><trkpt lat="37.40217" lon="-118.92836"><ele>2757.853243621066</ele></trkpt><trkpt lat="37.40234" lon="-118.92784"><ele>2749.8800980765373</ele></trkpt><trkpt lat="37.40232" lon="-118.92748"><ele>2745.622433844772</ele></trkpt><trkpt lat="37.40244" lon="-118.92755"><ele>2741.0135313067585</ele></trkpt><trkpt lat="37.40257" lon="-118.92781000000002"><ele>2737.3869827985764</ele></trkpt><trkpt lat="37.40272" lon="-118.92853000000002"><ele>2727.2930596210035</ele></trkpt><trkpt lat="37.40274" lon="-118.92942"><ele>2716.4137840159237</ele></trkpt><trkpt lat="37.40281" lon="-118.92944999999997"><ele>2711.3071661777794</ele></trkpt><trkpt lat="37.40287" lon="-118.92908999999997"><ele>2708.787204977125</ele></trkpt><trkpt lat="37.40304" lon="-118.92874"><ele>2703.2218813010877</ele></trkpt><trkpt lat="37.40324" lon="-118.92795999999998"><ele>2690.080715287477</ele></trkpt><trkpt lat="37.40335" lon="-118.92779000000002"><ele>2686.113254217352</ele></trkpt><trkpt lat="37.40332" lon="-118.9282"><ele>2683.3874061256647</ele></trkpt><trkpt lat="37.40352" lon="-118.92776000000003"><ele>2673.654111299664</ele></trkpt><trkpt lat="37.40362" lon="-118.92768999999998"><ele>2666.7874521426857</ele></trkpt><trkpt lat="37.40356" lon="-118.92791999999997"><ele>2668.307448577136</ele></trkpt><trkpt lat="37.40364" lon="-118.92907000000002"><ele>2653.6141193713993</ele></trkpt><trkpt lat="37.40362" lon="-118.92939999999999"><ele>2649.7874521426857</ele></trkpt><trkpt lat="37.40364" lon="-118.92957000000001"><ele>2648.6141193713993</ele></trkpt><trkpt lat="37.40373" lon="-118.92953"><ele>2642.33411802724</ele></trkpt><trkpt lat="37.40376" lon="-118.92941000000002"><ele>2639.6920356420314</ele></trkpt><trkpt lat="37.40386" lon="-118.92989999999998"><ele>2634.707438223064</ele></trkpt><trkpt lat="37.40381" lon="-118.9307"><ele>2623.6407781764865</ele></trkpt><trkpt lat="37.40417" lon="-118.93013000000002"><ele>2610.896856910181</ele></trkpt><trkpt lat="37.40407" lon="-118.93090999999998"><ele>2600.759204160422</ele></trkpt><trkpt lat="37.40397" lon="-118.93141000000003"><ele>2595.324209657032</ele></trkpt><trkpt lat="37.40402" lon="-118.93142999999998"><ele>2592.3207372222096</ele></trkpt><trkpt lat="37.4042" lon="-118.93106999999998"><ele>2587.6759493020363</ele></trkpt><trkpt lat="37.4043" lon="-118.93097"><ele>2583.514575787546</ele></trkpt><trkpt lat="37.40427" lon="-118.93159000000003"><ele>2572.8897979086396</ele></trkpt><trkpt lat="37.4043" lon="-118.93160999999998"><ele>2570.6434129038826</ele></trkpt><trkpt lat="37.40436" lon="-118.93153000000001"><ele>2569.3739310409874</ele></trkpt><trkpt lat="37.40431" lon="-118.93176"><ele>2566.3072905652225</ele></trkpt><trkpt lat="37.40446" lon="-118.93164000000002"><ele>2561.507206114009</ele></trkpt><trkpt lat="37.40457" lon="-118.93144999999998"><ele>2560.2597907637246</ele></trkpt><trkpt lat="37.40459" lon="-118.93165999999997"><ele>2554.9305763011143</ele></trkpt><trkpt lat="37.40452" lon="-118.93191000000002"><ele>2550.7556047318503</ele></trkpt><trkpt lat="37.40469" lon="-118.93173999999999"><ele>2548.7047206261195</ele></trkpt><trkpt lat="37.40486" lon="-118.93173999999999"><ele>2543.6910115559585</ele></trkpt><trkpt lat="37.40489" lon="-118.93187999999998"><ele>2540.2801997121423</ele></trkpt><trkpt lat="37.40503" lon="-118.93191000000002"><ele>2536.0667245257646</ele></trkpt><trkpt lat="37.40507" lon="-118.93198999999998"><ele>2534.7312607154513</ele></trkpt><trkpt lat="37.40507" lon="-118.93198999999998"><ele>2534.7312607154513</ele></trkpt><trkpt lat="37.40508" lon="-118.93212"><ele>2534.0</ele></trkpt><trkpt lat="37.40516" lon="-118.93219999999997"><ele>2534.0</ele></trkpt><trkpt lat="37.4053" lon="-118.93198000000001"><ele>2534.885392266785</ele></trkpt><trkpt lat="37.40551" lon="-118.93171000000001"><ele>2534.9108871119097</ele></trkpt><trkpt lat="37.40571" lon="-118.93150000000003"><ele>2533.0</ele></trkpt><trkpt lat="37.40592" lon="-118.93114000000003"><ele>2529.0</ele></trkpt><trkpt lat="37.40608" lon="-118.93096000000003"><ele>2526.977726411259</ele></trkpt><trkpt lat="37.40628" lon="-118.93090999999998"><ele>2524.0</ele></trkpt><trkpt lat="37.40647" lon="-118.93081000000001"><ele>2521.9678471121006</ele></trkpt><trkpt lat="37.40667" lon="-118.9305"><ele>2518.0</ele></trkpt><trkpt lat="37.4068" lon="-118.93036999999998"><ele>2517.0</ele></trkpt><trkpt lat="37.40687" lon="-118.93022000000002"><ele>2516.0</ele></trkpt><trkpt lat="37.40694" lon="-118.93018000000001"><ele>2515.6116116857056</ele></trkpt><trkpt lat="37.40704" lon="-118.93020000000001"><ele>2511.682782643009</ele></trkpt><trkpt lat="37.40715" lon="-118.93029999999999"><ele>2509.0</ele></trkpt><trkpt lat="37.40723" lon="-118.93043999999998"><ele>2508.9958132002503</ele></trkpt><trkpt lat="37.40737" lon="-118.93058000000002"><ele>2505.7820814847946</ele></trkpt><trkpt lat="37.40738" lon="-118.93036999999998"><ele>2501.090338740295</ele></trkpt><trkpt lat="37.40746" lon="-118.93045000000001"><ele>2500.501817278564</ele></trkpt><trkpt lat="37.40746" lon="-118.93034999999998"><ele>2497.7660002540647</ele></trkpt><trkpt lat="37.40765" lon="-118.93045000000001"><ele>2492.0</ele></trkpt><trkpt lat="37.4077" lon="-118.93029999999999"><ele>2487.4210817161947</ele></trkpt><trkpt lat="37.40788" lon="-118.93041"><ele>2481.9060464883987</ele></trkpt><trkpt lat="37.40803" lon="-118.93060000000003"><ele>2481.0108676629125</ele></trkpt><trkpt lat="37.40831" lon="-118.93076000000002"><ele>2476.403231023238</ele></trkpt><trkpt lat="37.40817" lon="-118.93015000000003"><ele>2466.8784212260607</ele></trkpt><trkpt lat="37.40828" lon="-118.93018000000001"><ele>2464.7616702224273</ele></trkpt><trkpt lat="37.40846" lon="-118.93031000000002"><ele>2459.9438438679413</ele></trkpt><trkpt lat="37.40851" lon="-118.93025999999998"><ele>2458.0</ele></trkpt><trkpt lat="37.40849" lon="-118.93009"><ele>2455.0296316146637</ele></trkpt><trkpt lat="37.40859" lon="-118.93011999999999"><ele>2453.811516444199</ele></trkpt><trkpt lat="37.40869" lon="-118.93007"><ele>2451.0</ele></trkpt><trkpt lat="37.40887" lon="-118.93011999999999"><ele>2445.9579398731116</ele></trkpt><trkpt lat="37.40886" lon="-118.92993000000001"><ele>2441.3635572660714</ele></trkpt><trkpt lat="37.40891" lon="-118.93000999999998"><ele>2440.1151644797064</ele></trkpt><trkpt lat="37.40898" lon="-118.93004000000002"><ele>2438.0268938208874</ele></trkpt><trkpt lat="37.40894" lon="-118.92986000000002"><ele>2435.6698960456997</ele></trkpt><trkpt lat="37.40899" lon="-118.92962"><ele>2433.0</ele></trkpt><trkpt lat="37.40894" lon="-118.92939000000001"><ele>2433.0</ele></trkpt><trkpt lat="37.408996208679206" lon="-118.92921966942845"><ele>2432.9077411529606</ele></trkpt><trkpt lat="37.40897" lon="-118.92901"><ele>2432.909771796316</ele></trkpt><trkpt lat="37.40907" lon="-118.92880000000002"><ele>2429.7175370199498</ele></trkpt><trkpt lat="37.40903" lon="-118.92856"><ele>2427.4568247095503</ele></trkpt><trkpt lat="37.40927" lon="-118.92788000000002"><ele>2420.0</ele></trkpt><trkpt lat="37.40923" lon="-118.92775"><ele>2416.3615111112595</ele></trkpt><trkpt lat="37.40925" lon="-118.92755999999997"><ele>2416.0</ele></trkpt><trkpt lat="37.40937" lon="-118.92743999999999"><ele>2412.0</ele></trkpt><trkpt lat="37.40945" lon="-118.92714999999998"><ele>2407.646893201718</ele></trkpt><trkpt lat="37.40952" lon="-118.92710999999997"><ele>2404.0</ele></trkpt><trkpt lat="37.40955" lon="-118.92714999999998"><ele>2403.0</ele></trkpt><trkpt lat="37.40955" lon="-118.92725999999999"><ele>2403.0</ele></trkpt><trkpt lat="37.40962" lon="-118.92734999999999"><ele>2401.773573309183</ele></trkpt><trkpt lat="37.40967" lon="-118.92732999999998"><ele>2399.6620022799343</ele></trkpt><trkpt lat="37.40994" lon="-118.92662999999999"><ele>2389.0</ele></trkpt><trkpt lat="37.41003" lon="-118.92632000000003"><ele>2388.0</ele></trkpt><trkpt lat="37.41034" lon="-118.92561"><ele>2383.0</ele></trkpt><trkpt lat="37.41043" lon="-118.92557999999997"><ele>2383.0</ele></trkpt><trkpt lat="37.41078" lon="-118.92556000000002"><ele>2381.0</ele></trkpt><trkpt lat="37.41092" lon="-118.9255"><ele>2380.0</ele></trkpt><trkpt lat="37.41099" lon="-118.92539999999997"><ele>2380.0</ele></trkpt><trkpt lat="37.41104" lon="-118.92523"><ele>2381.0</ele></trkpt><trkpt lat="37.41101" lon="-118.92466999999999"><ele>2385.0</ele></trkpt><trkpt lat="37.4112" lon="-118.92439000000002"><ele>2388.0</ele></trkpt><trkpt lat="37.41134" lon="-118.92376000000002"><ele>2388.0</ele></trkpt><trkpt lat="37.41141" lon="-118.92367999999999"><ele>2387.4852388385493</ele></trkpt><trkpt lat="37.41153" lon="-118.92363"><ele>2389.0</ele></trkpt><trkpt lat="37.41178" lon="-118.92376999999999"><ele>2390.0</ele></trkpt><trkpt lat="37.41188" lon="-118.92380000000003"><ele>2391.0</ele></trkpt><trkpt lat="37.41185" lon="-118.92367999999999"><ele>2394.3591114913975</ele></trkpt><trkpt lat="37.41201" lon="-118.92356999999998"><ele>2393.0</ele></trkpt><trkpt lat="37.4121" lon="-118.92347000000001"><ele>2390.2662685140967</ele></trkpt><trkpt lat="37.41218" lon="-118.92345"><ele>2390.0</ele></trkpt><trkpt lat="37.41222" lon="-118.92349999999999"><ele>2390.0</ele></trkpt><trkpt lat="37.41233" lon="-118.92372"><ele>2387.797307403581</ele></trkpt><trkpt lat="37.41233" lon="-118.92372"><ele>2387.797307403581</ele></trkpt><trkpt lat="37.4124" lon="-118.92397"><ele>2391.0</ele></trkpt><trkpt lat="37.4124" lon="-118.92397"><ele>2391.0</ele></trkpt><trkpt lat="37.41238" lon="-118.92412000000002"><ele>2391.0</ele></trkpt><trkpt lat="37.41245" lon="-118.92444999999998"><ele>2392.0</ele></trkpt><trkpt lat="37.41256" lon="-118.92462"><ele>2394.0</ele></trkpt><trkpt lat="37.41256" lon="-118.92462"><ele>2394.0</ele></trkpt><trkpt lat="37.41225" lon="-118.92588999999998"><ele>2388.0</ele></trkpt><trkpt lat="37.41212" lon="-118.92614000000003"><ele>2384.0</ele></trkpt><trkpt lat="37.41207" lon="-118.92633000000001"><ele>2381.9735336918384</ele></trkpt><trkpt lat="37.41207" lon="-118.92647"><ele>2381.0</ele></trkpt><trkpt lat="37.41197" lon="-118.92680999999999"><ele>2379.047335223198</ele></trkpt><trkpt lat="37.41194" lon="-118.92731000000003"><ele>2377.0</ele></trkpt><trkpt lat="37.41197" lon="-118.92761000000002"><ele>2377.0</ele></trkpt><trkpt lat="37.41196" lon="-118.92795999999998"><ele>2375.4424834175115</ele></trkpt><trkpt lat="37.41207" lon="-118.92849999999999"><ele>2374.0</ele></trkpt><trkpt lat="37.41213" lon="-118.92903000000001"><ele>2373.0</ele></trkpt><trkpt lat="37.4121" lon="-118.92919999999998"><ele>2373.0</ele></trkpt><trkpt lat="37.41195" lon="-118.92944"><ele>2372.0</ele></trkpt><trkpt lat="37.41181" lon="-118.92980999999997"><ele>2371.0</ele></trkpt><trkpt lat="37.41182" lon="-118.93007"><ele>2371.0</ele></trkpt><trkpt lat="37.41175" lon="-118.93033000000003"><ele>2370.0</ele></trkpt><trkpt lat="37.41174" lon="-118.93146000000002"><ele>2369.1589912531936</ele></trkpt><trkpt lat="37.41171" lon="-118.93213000000003"><ele>2370.0</ele></trkpt><trkpt lat="37.41173" lon="-118.93246999999997"><ele>2371.0</ele></trkpt><trkpt lat="37.41182" lon="-118.93266"><ele>2371.0</ele></trkpt><trkpt lat="37.412" lon="-118.93281999999999"><ele>2373.0</ele></trkpt><trkpt lat="37.41203" lon="-118.93291999999997"><ele>2372.300974220503</ele></trkpt><trkpt lat="37.41197" lon="-118.93302"><ele>2370.0041091609464</ele></trkpt><trkpt lat="37.4118" lon="-118.93300999999997"><ele>2367.0</ele></trkpt><trkpt lat="37.41176" lon="-118.93318"><ele>2365.672042477966</ele></trkpt><trkpt lat="37.41178" lon="-118.93331"><ele>2363.5237084445544</ele></trkpt><trkpt lat="37.4117" lon="-118.93349999999998"><ele>2360.26448552683</ele></trkpt><trkpt lat="37.41177" lon="-118.93360999999999"><ele>2358.7983374683236</ele></trkpt><trkpt lat="37.4122" lon="-118.93394999999998"><ele>2359.7217225172367</ele></trkpt><trkpt lat="37.41227" lon="-118.93414000000001"><ele>2360.708198968321</ele></trkpt><trkpt lat="37.4123" lon="-118.93459000000001"><ele>2361.0</ele></trkpt><trkpt lat="37.41224" lon="-118.93482"><ele>2361.8553280470537</ele></trkpt><trkpt lat="37.41226" lon="-118.93511999999998"><ele>2363.0</ele></trkpt><trkpt lat="37.41231" lon="-118.93536"><ele>2363.054407108274</ele></trkpt><trkpt lat="37.41232" lon="-118.93556999999998"><ele>2362.0716527041172</ele></trkpt><trkpt lat="37.4117" lon="-118.93682000000001"><ele>2356.0</ele></trkpt><trkpt lat="37.41169" lon="-118.93729000000002"><ele>2359.0</ele></trkpt><trkpt lat="37.4116" lon="-118.93752"><ele>2362.676512000151</ele></trkpt><trkpt lat="37.41157" lon="-118.93781000000001"><ele>2365.0</ele></trkpt><trkpt lat="37.41146" lon="-118.93799000000001"><ele>2364.4199004438706</ele></trkpt><trkpt lat="37.41146" lon="-118.93799000000001"><ele>2364.4199004438706</ele></trkpt><trkpt lat="37.41125" lon="-118.93824000000001"><ele>2362.0</ele></trkpt><trkpt lat="37.41105" lon="-118.93855000000002"><ele>2364.0</ele></trkpt><trkpt lat="37.4105" lon="-118.93892"><ele>2366.0</ele></trkpt><trkpt lat="37.41005" lon="-118.93948"><ele>2362.989576082163</ele></trkpt><trkpt lat="37.4096" lon="-118.93979000000002"><ele>2358.0</ele></trkpt><trkpt lat="37.40913" lon="-118.94002"><ele>2349.477569438517</ele></trkpt><trkpt lat="37.40902" lon="-118.94004000000001"><ele>2347.0237701851875</ele></trkpt><trkpt lat="37.40883" lon="-118.93995000000001"><ele>2343.0</ele></trkpt><trkpt lat="37.40862" lon="-118.93993999999998"><ele>2339.2536842405316</ele></trkpt><trkpt lat="37.4084" lon="-118.94006999999999"><ele>2338.0</ele></trkpt><trkpt lat="37.40824" lon="-118.94046000000003"><ele>2337.0</ele></trkpt><trkpt lat="37.40792" lon="-118.94067000000001"><ele>2335.0</ele></trkpt><trkpt lat="37.40777" lon="-118.94082000000003"><ele>2338.467658668291</ele></trkpt><trkpt lat="37.40766" lon="-118.94083999999998"><ele>2338.399726221338</ele></trkpt><trkpt lat="37.40749" lon="-118.94100000000003"><ele>2338.0</ele></trkpt><trkpt lat="37.40719" lon="-118.94101"><ele>2338.0</ele></trkpt><trkpt lat="37.40684" lon="-118.94133"><ele>2341.0289890842414</ele></trkpt><trkpt lat="37.40667" lon="-118.94159000000002"><ele>2343.0</ele></trkpt><trkpt lat="37.40661" lon="-118.94177000000002"><ele>2343.0</ele></trkpt><trkpt lat="37.40666" lon="-118.94229999999999"><ele>2345.0</ele></trkpt><trkpt lat="37.40644" lon="-118.94250999999997"><ele>2346.0</ele></trkpt><trkpt lat="37.40619" lon="-118.94295999999997"><ele>2346.0</ele></trkpt><trkpt lat="37.40593" lon="-118.94301000000002"><ele>2346.0</ele></trkpt><trkpt lat="37.40593" lon="-118.94301000000002"><ele>2346.0</ele></trkpt><trkpt lat="37.40593" lon="-118.94301000000002"><ele>2346.0</ele></trkpt><trkpt lat="37.40575" lon="-118.94288"><ele>2345.0</ele></trkpt><trkpt lat="37.40548" lon="-118.94283999999999"><ele>2342.0</ele></trkpt><trkpt lat="37.40543" lon="-118.94274000000001"><ele>2339.9677096666446</ele></trkpt><trkpt lat="37.40531" lon="-118.94267000000002"><ele>2338.0</ele></trkpt><trkpt lat="37.40521" lon="-118.94243"><ele>2334.746282762061</ele></trkpt><trkpt lat="37.40515" lon="-118.94235000000003"><ele>2332.9734092783183</ele></trkpt><trkpt lat="37.40507" lon="-118.94245000000001"><ele>2333.1207197896874</ele></trkpt><trkpt lat="37.40507" lon="-118.94245000000001"><ele>2333.1207197896874</ele></trkpt><trkpt lat="37.40485" lon="-118.94263000000001"><ele>2332.8197724446654</ele></trkpt><trkpt lat="37.4044" lon="-118.94283999999999"><ele>2332.0</ele></trkpt><trkpt lat="37.40416" lon="-118.94283999999999"><ele>2330.351271127576</ele></trkpt></trkseg></trk></gpx>