<?xml version="1.0"?>
<gpx xmlns="http://www.topografix.com/GPX/1/1" xmlns:gpxx="http://www.garmin.com/xmlschemas/GpxExtensions/v3" creator="CALTOPO" version="1.1"><metadata><name><![CDATA[MTR-Whitney Meadows]]></name></metadata><wpt lat="37.24556822051117" lon="-118.81339010117124"><name>Camp 1</name></wpt><wpt lat="37.225274885389595" lon="-118.83301053480561"><name>Camp 2</name></wpt><wpt lat="36.57151223512941" lon="-118.31466099893636"><name>Camp 10</name></wpt><wpt lat="37.17252523115113" lon="-118.6999592984129"><name>Camp 3</name></wpt><wpt lat="37.092825500607965" lon="-118.59387733558772"><name>Camp 4</name></wpt><wpt lat="37.06013957014786" lon="-118.48858298956506"><name>Camp 5</name></wpt><wpt lat="36.94664142501792" lon="-118.42995523301657"><name>Camp 6</name></wpt><wpt lat="36.83405091148322" lon="-118.40881869342107"><name>Camp 7</name></wpt><wpt lat="36.73089619368284" lon="-118.37293046722772"><name>Camp 8</name></wpt><wpt lat="36.64162887867246" lon="-118.38750100725895"><name>Camp 9</name></wpt><wpt lat="37.22736522056866" lon="-118.62747752303324"><name>Piute Pass Trailhead</name></wpt><wpt lat="36.58687207082438" lon="-118.2401373947324"><name>Mt. Whitney Trailhead</name></wpt><trk><name>MTR-Whitney Meadows</name><trkseg><trkpt lat="37.227358683908655" lon="-118.62749200803165"><ele>2848.0</ele></trkpt><trkpt lat="37.22735924402426" lon="-118.62748130987808"><ele>2848.0</ele></trkpt><trkpt lat="37.22737218407522" lon="-118.62747902633964"><ele>2848.0</ele></trkpt><trkpt lat="37.22736" lon="-118.6275"><ele>2848.0</ele></trkpt><trkpt lat="37.22732994197533" lon="-118.62759768858018"><ele>2849.0</ele></trkpt><trkpt lat="37.227328920546356" lon="-118.62760100823033"><ele>2849.0</ele></trkpt><trkpt lat="37.22732" lon="-118.62763000000001"><ele>2849.6278862226754</ele></trkpt><trkpt lat="37.22713" lon="-118.62774000000002"><ele>2851.1910720004234</ele></trkpt><trkpt lat="37.22703" lon="-118.62769000000003"><ele>2850.025987556437</ele></trkpt><trkpt lat="37.22696" lon="-118.62770999999998"><ele>2850.0</ele></trkpt><trkpt lat="37.22696" lon="-118.62770999999998"><ele>2850.0</ele></trkpt><trkpt lat="37.22696" lon="-118.62770999999998"><ele>2850.0</ele></trkpt><trkpt lat="37.22681" lon="-118.62783999999999"><ele>2851.0</ele></trkpt><trkpt lat="37.22671" lon="-118.62806"><ele>2853.0</ele></trkpt><trkpt lat="37.22671" lon="-118.62806"><ele>2853.0</ele></trkpt><trkpt lat="37.22671" lon="-118.62806"><ele>2853.0</ele></trkpt><trkpt lat="37.22671" lon="-118.62832456827164"><ele>2854.812500000233</ele></trkpt><trkpt lat="37.22670966386325" lon="-118.62833212886738"><ele>2854.9886746499687</ele></trkpt><trkpt lat="37.22662" lon="-118.62889999999999"><ele>2860.2210311107337</ele></trkpt><trkpt lat="37.22669" lon="-118.62919"><ele>2863.9790013511747</ele></trkpt><trkpt lat="37.2268" lon="-118.62934000000001"><ele>2866.473774222657</ele></trkpt><trkpt lat="37.22683" lon="-118.62946999999997"><ele>2868.5029937771615</ele></trkpt><trkpt lat="37.2268" lon="-118.62963000000002"><ele>2870.0</ele></trkpt><trkpt lat="37.22699" lon="-118.63003000000003"><ele>2876.911146231824</ele></trkpt><trkpt lat="37.22701" lon="-118.63015999999999"><ele>2878.7432429692417</ele></trkpt><trkpt lat="37.22698" lon="-118.63026000000002"><ele>2879.911328000482</ele></trkpt><trkpt lat="37.22689" lon="-118.63036999999997"><ele>2882.474513777066</ele></trkpt><trkpt lat="37.22689" lon="-118.63036999999997"><ele>2882.474513777066</ele></trkpt><trkpt lat="37.22685" lon="-118.63042999999999"><ele>2882.704670409672</ele></trkpt><trkpt lat="37.22691" lon="-118.63060999999999"><ele>2885.570282595838</ele></trkpt><trkpt lat="37.227" lon="-118.63072999999997"><ele>2887.87603448211</ele></trkpt><trkpt lat="37.22711" lon="-118.63078999999999"><ele>2889.4927791954133</ele></trkpt><trkpt lat="37.22723" lon="-118.63081"><ele>2891.0</ele></trkpt><trkpt lat="37.22724" lon="-118.63085000000001"><ele>2891.6593244445976</ele></trkpt><trkpt lat="37.22738" lon="-118.63093000000003"><ele>2893.3172574371774</ele></trkpt><trkpt lat="37.22743" lon="-118.63099999999997"><ele>2895.83267473476</ele></trkpt><trkpt lat="37.22739" lon="-118.63108999999997"><ele>2897.127755788245</ele></trkpt><trkpt lat="37.2274" lon="-118.63112999999998"><ele>2897.9472247891895</ele></trkpt><trkpt lat="37.22753" lon="-118.63114999999999"><ele>2899.861530267242</ele></trkpt><trkpt lat="37.22753" lon="-118.63117999999997"><ele>2900.348881777143</ele></trkpt><trkpt lat="37.2275" lon="-118.63121999999998"><ele>2900.726622783579</ele></trkpt><trkpt lat="37.22744" lon="-118.63153999999997"><ele>2903.013896292129</ele></trkpt><trkpt lat="37.22752" lon="-118.63162"><ele>2906.03780077693</ele></trkpt><trkpt lat="37.22752" lon="-118.63166999999999"><ele>2906.311916226521</ele></trkpt><trkpt lat="37.22746" lon="-118.63168000000002"><ele>2906.5556103570516</ele></trkpt><trkpt lat="37.22736" lon="-118.63186000000002"><ele>2907.8236032577697</ele></trkpt><trkpt lat="37.2273" lon="-118.63233000000002"><ele>2913.2537090789756</ele></trkpt><trkpt lat="37.22719" lon="-118.63252999999997"><ele>2918.873114608602</ele></trkpt><trkpt lat="37.22719" lon="-118.63277"><ele>2922.1376673607547</ele></trkpt><trkpt lat="37.22726" lon="-118.63295"><ele>2925.416855731535</ele></trkpt><trkpt lat="37.22725" lon="-118.63315"><ele>2927.5597426315544</ele></trkpt><trkpt lat="37.22739" lon="-118.63337999999999"><ele>2932.5075116250664</ele></trkpt><trkpt lat="37.22739" lon="-118.63367"><ele>2934.6897752250134</ele></trkpt><trkpt lat="37.2273" lon="-118.63384000000002"><ele>2938.2895206304393</ele></trkpt><trkpt lat="37.22734" lon="-118.63405"><ele>2940.224728889065</ele></trkpt><trkpt lat="37.22742" lon="-118.63425999999998"><ele>2943.50353412237</ele></trkpt><trkpt lat="37.22755" lon="-118.63445000000002"><ele>2948.086308003305</ele></trkpt><trkpt lat="37.22774" lon="-118.6345"><ele>2951.217178015576</ele></trkpt><trkpt lat="37.2279" lon="-118.63470000000001"><ele>2955.531217034565</ele></trkpt><trkpt lat="37.22802" lon="-118.63479999999998"><ele>2957.6619520207646</ele></trkpt><trkpt lat="37.2281" lon="-118.63513999999998"><ele>2963.016531771294</ele></trkpt><trkpt lat="37.22832" lon="-118.63533999999999"><ele>2968.4398736567236</ele></trkpt><trkpt lat="37.2284" lon="-118.63556"><ele>2969.654702260159</ele></trkpt><trkpt lat="37.22855" lon="-118.63569000000001"><ele>2971.0</ele></trkpt><trkpt lat="37.22866" lon="-118.63575000000003"><ele>2975.347798086703</ele></trkpt><trkpt lat="37.22872" lon="-118.6363"><ele>2978.2808911914617</ele></trkpt><trkpt lat="37.22869" lon="-118.63650999999999"><ele>2980.0</ele></trkpt><trkpt lat="37.22872" lon="-118.63659000000001"><ele>2980.6641668767775</ele></trkpt><trkpt lat="37.22867" lon="-118.63668999999999"><ele>2980.9913427876013</ele></trkpt><trkpt lat="37.22872" lon="-118.63675"><ele>2981.3699395288995</ele></trkpt><trkpt lat="37.22882" lon="-118.63673"><ele>2982.239896252846</ele></trkpt><trkpt lat="37.2289" lon="-118.63675999999998"><ele>2983.6975386412814</ele></trkpt><trkpt lat="37.22892" lon="-118.63684999999998"><ele>2983.1500601273065</ele></trkpt><trkpt lat="37.22892" lon="-118.63697000000002"><ele>2982.8846199229165</ele></trkpt><trkpt lat="37.22883" lon="-118.63707999999997"><ele>2984.537900296599</ele></trkpt><trkpt lat="37.22881" lon="-118.63725"><ele>2986.0</ele></trkpt><trkpt lat="37.2288" lon="-118.63747999999998"><ele>2986.8052570085642</ele></trkpt><trkpt lat="37.22886" lon="-118.63791000000003"><ele>2990.0</ele></trkpt><trkpt lat="37.22882" lon="-118.63815"><ele>2989.0</ele></trkpt><trkpt lat="37.22876" lon="-118.63835"><ele>2991.0</ele></trkpt><trkpt lat="37.22875" lon="-118.63855999999998"><ele>2992.526055832134</ele></trkpt><trkpt lat="37.22896" lon="-118.63887"><ele>2997.7479699724054</ele></trkpt><trkpt lat="37.22901" lon="-118.63908000000004"><ele>3000.0</ele></trkpt><trkpt lat="37.22912" lon="-118.63929000000002"><ele>3003.04424437554</ele></trkpt><trkpt lat="37.22922" lon="-118.63940000000002"><ele>3004.8887644452043</ele></trkpt><trkpt lat="37.22924" lon="-118.63959"><ele>3007.7590794366974</ele></trkpt><trkpt lat="37.22933" lon="-118.63988999999998"><ele>3012.0863410576867</ele></trkpt><trkpt lat="37.22941" lon="-118.63995"><ele>3013.8886242088793</ele></trkpt><trkpt lat="37.22943" lon="-118.64017999999999"><ele>3017.0640817775857</ele></trkpt><trkpt lat="37.22943" lon="-118.64028453826904"><ele>3018.604077641105</ele></trkpt><trkpt lat="37.22942590190276" lon="-118.64031598953176"><ele>3019.02054421673</ele></trkpt><trkpt lat="37.2293" lon="-118.64049999999997"><ele>3020.0</ele></trkpt><trkpt lat="37.22931" lon="-118.64087"><ele>3025.0</ele></trkpt><trkpt lat="37.22927" lon="-118.64103"><ele>3027.870517333504</ele></trkpt><trkpt lat="37.22928" lon="-118.64146"><ele>3032.890243555419</ele></trkpt><trkpt lat="37.22932" lon="-118.64155"><ele>3034.9749302422188</ele></trkpt><trkpt lat="37.2294" lon="-118.64159000000001"><ele>3036.2230633372947</ele></trkpt><trkpt lat="37.22932" lon="-118.64175999999998"><ele>3040.9889617301524</ele></trkpt><trkpt lat="37.22931" lon="-118.64188999999999"><ele>3042.6963080037385</ele></trkpt><trkpt lat="37.22925" lon="-118.64208000000002"><ele>3045.2776771292556</ele></trkpt><trkpt lat="37.22928" lon="-118.64211"><ele>3046.854688391788</ele></trkpt><trkpt lat="37.22932" lon="-118.64204999999998"><ele>3046.627201729687</ele></trkpt><trkpt lat="37.22948" lon="-118.64197000000001"><ele>3049.1911812664302</ele></trkpt><trkpt lat="37.22956" lon="-118.64213999999998"><ele>3050.0</ele></trkpt><trkpt lat="37.22961" lon="-118.64242000000002"><ele>3052.1236792319705</ele></trkpt><trkpt lat="37.22968" lon="-118.64263"><ele>3057.6048887119223</ele></trkpt><trkpt lat="37.22978" lon="-118.64264000000003"><ele>3060.6252967384853</ele></trkpt><trkpt lat="37.22989" lon="-118.64261999999997"><ele>3062.590490952134</ele></trkpt><trkpt lat="37.22998" lon="-118.64265999999998"><ele>3062.400346964132</ele></trkpt><trkpt lat="37.23003" lon="-118.64279999999997"><ele>3066.461537830066</ele></trkpt><trkpt lat="37.22991" lon="-118.64285000000001"><ele>3069.5351913915947</ele></trkpt><trkpt lat="37.22978" lon="-118.64314000000002"><ele>3072.4678013623543</ele></trkpt><trkpt lat="37.22972" lon="-118.64359999999999"><ele>3075.5254289468653</ele></trkpt><trkpt lat="37.22957" lon="-118.64386999999999"><ele>3078.014445724405</ele></trkpt><trkpt lat="37.22962" lon="-118.64411999999999"><ele>3081.7685915669426</ele></trkpt><trkpt lat="37.22976" lon="-118.64411999999999"><ele>3083.093097207723</ele></trkpt><trkpt lat="37.22998" lon="-118.64404000000002"><ele>3086.0</ele></trkpt><trkpt lat="37.23033" lon="-118.64366000000001"><ele>3088.1539591113105</ele></trkpt><trkpt lat="37.23033" lon="-118.64366000000001"><ele>3088.1539591113105</ele></trkpt><trkpt lat="37.23038" lon="-118.64364"><ele>3089.0</ele></trkpt><trkpt lat="37.23047" lon="-118.64371"><ele>3089.6443991325796</ele></trkpt><trkpt lat="37.2306" lon="-118.64389"><ele>3092.448959131725</ele></trkpt><trkpt lat="37.23072" lon="-118.64381000000003"><ele>3094.960866490379</ele></trkpt><trkpt lat="37.23077" lon="-118.64357000000001"><ele>3096.4241628721356</ele></trkpt><trkpt lat="37.23083" lon="-118.64357000000001"><ele>3098.1801198124886</ele></trkpt><trkpt lat="37.23087" lon="-118.64364999999998"><ele>3099.3507585497573</ele></trkpt><trkpt lat="37.231" lon="-118.64375000000001"><ele>3101.2716701800305</ele></trkpt><trkpt lat="37.23105" lon="-118.64387999999997"><ele>3102.3383098824415</ele></trkpt><trkpt lat="37.23114" lon="-118.64395999999999"><ele>3103.468682457215</ele></trkpt><trkpt lat="37.23122" lon="-118.64414"><ele>3105.986561409224</ele></trkpt><trkpt lat="37.23129" lon="-118.64423"><ele>3108.0049246002272</ele></trkpt><trkpt lat="37.23138" lon="-118.64444000000003"><ele>3110.185426137778</ele></trkpt><trkpt lat="37.23154" lon="-118.64461"><ele>3113.9590497035533</ele></trkpt><trkpt lat="37.23157" lon="-118.64474999999999"><ele>3114.3743229307565</ele></trkpt><trkpt lat="37.23165" lon="-118.64485000000002"><ele>3116.0</ele></trkpt><trkpt lat="37.2317" lon="-118.64526999999998"><ele>3118.311330689583</ele></trkpt><trkpt lat="37.23166" lon="-118.64537000000001"><ele>3118.471000845544</ele></trkpt><trkpt lat="37.23176" lon="-118.64562000000001"><ele>3120.3976310668513</ele></trkpt><trkpt lat="37.23184" lon="-118.64576"><ele>3123.413214732231</ele></trkpt><trkpt lat="37.23193" lon="-118.64602000000002"><ele>3126.518856241135</ele></trkpt><trkpt lat="37.23194" lon="-118.64636999999999"><ele>3129.665575247258</ele></trkpt><trkpt lat="37.232" lon="-118.64643000000001"><ele>3132.5481801513406</ele></trkpt><trkpt lat="37.23204" lon="-118.64652999999998"><ele>3133.6098680686177</ele></trkpt><trkpt lat="37.232" lon="-118.64666"><ele>3134.4215594353154</ele></trkpt><trkpt lat="37.23203" lon="-118.64672999999999"><ele>3135.2995520541444</ele></trkpt><trkpt lat="37.23208" lon="-118.64677"><ele>3136.615331237219</ele></trkpt><trkpt lat="37.23213" lon="-118.64693"><ele>3138.226196637377</ele></trkpt><trkpt lat="37.23212" lon="-118.64724999999999"><ele>3140.740554227028</ele></trkpt><trkpt lat="37.23217" lon="-118.64726000000002"><ele>3142.0158897440897</ele></trkpt><trkpt lat="37.2323" lon="-118.64717000000002"><ele>3144.1558967736023</ele></trkpt><trkpt lat="37.23234" lon="-118.64708999999999"><ele>3144.793769223521</ele></trkpt><trkpt lat="37.23237" lon="-118.64692000000002"><ele>3146.0293849550426</ele></trkpt><trkpt lat="37.23242" lon="-118.64692000000002"><ele>3147.460630876787</ele></trkpt><trkpt lat="37.23243" lon="-118.64702"><ele>3148.0061536785215</ele></trkpt><trkpt lat="37.23253" lon="-118.64726999999999"><ele>3151.205869788537</ele></trkpt><trkpt lat="37.23255" lon="-118.64740999999998"><ele>3153.5181462774053</ele></trkpt><trkpt lat="37.2325" lon="-118.64758"><ele>3154.551394902868</ele></trkpt><trkpt lat="37.23253" lon="-118.64758999999998"><ele>3155.662410232704</ele></trkpt><trkpt lat="37.23279" lon="-118.64731"><ele>3159.636064423105</ele></trkpt><trkpt lat="37.23287" lon="-118.64706000000001"><ele>3162.5037858667783</ele></trkpt><trkpt lat="37.23284" lon="-118.64692000000002"><ele>3163.005484800786</ele></trkpt><trkpt lat="37.23287" lon="-118.64690000000002"><ele>3164.2320560887456</ele></trkpt><trkpt lat="37.23292" lon="-118.64706999999999"><ele>3164.346825310029</ele></trkpt><trkpt lat="37.233" lon="-118.64717000000002"><ele>3166.6881683049724</ele></trkpt><trkpt lat="37.233" lon="-118.64722999999998"><ele>3166.6881683049724</ele></trkpt><trkpt lat="37.23306" lon="-118.64724000000001"><ele>3168.6991372526254</ele></trkpt><trkpt lat="37.23307" lon="-118.64756999999997"><ele>3171.736845462583</ele></trkpt><trkpt lat="37.23309" lon="-118.64760999999999"><ele>3172.776965944097</ele></trkpt><trkpt lat="37.23307" lon="-118.64778000000001"><ele>3174.8524692880205</ele></trkpt><trkpt lat="37.23302" lon="-118.64787999999999"><ele>3174.7605906636454</ele></trkpt><trkpt lat="37.23304" lon="-118.64789999999999"><ele>3175.8119607334957</ele></trkpt><trkpt lat="37.23336" lon="-118.64747"><ele>3181.224242524244</ele></trkpt><trkpt lat="37.23345" lon="-118.64724999999999"><ele>3183.85826893989</ele></trkpt><trkpt lat="37.23348" lon="-118.64706000000001"><ele>3185.9134250733455</ele></trkpt><trkpt lat="37.23342" lon="-118.64697999999999"><ele>3185.989822612154</ele></trkpt><trkpt lat="37.23342" lon="-118.64693999999997"><ele>3186.408279508236</ele></trkpt><trkpt lat="37.23363" lon="-118.64708999999999"><ele>3192.4066751447185</ele></trkpt><trkpt lat="37.23364" lon="-118.64720999999997"><ele>3191.838003396988</ele></trkpt><trkpt lat="37.23362" lon="-118.64758"><ele>3195.6673214975744</ele></trkpt><trkpt lat="37.23359" lon="-118.64780000000002"><ele>3198.534250338329</ele></trkpt><trkpt lat="37.23361" lon="-118.64796999999999"><ele>3199.54099033121</ele></trkpt><trkpt lat="37.23364" lon="-118.64801999999997"><ele>3200.4026482005756</ele></trkpt><trkpt lat="37.23369" lon="-118.64826"><ele>3202.8823547540233</ele></trkpt><trkpt lat="37.2336" lon="-118.64843000000002"><ele>3203.2483199527487</ele></trkpt><trkpt lat="37.23358" lon="-118.64861000000002"><ele>3206.823277739808</ele></trkpt><trkpt lat="37.23352" lon="-118.64873"><ele>3207.17317034608</ele></trkpt><trkpt lat="37.23351" lon="-118.649"><ele>3211.4542093682976</ele></trkpt><trkpt lat="37.23344" lon="-118.64913000000001"><ele>3213.179796517361</ele></trkpt><trkpt lat="37.23332" lon="-118.64926000000003"><ele>3214.3403989048675</ele></trkpt><trkpt lat="37.23303" lon="-118.64981"><ele>3216.5661725681275</ele></trkpt><trkpt lat="37.23295" lon="-118.65001999999998"><ele>3216.4982319240053</ele></trkpt><trkpt lat="37.23294" lon="-118.65025000000003"><ele>3217.0</ele></trkpt><trkpt lat="37.2329" lon="-118.65028999999998"><ele>3217.0</ele></trkpt><trkpt lat="37.23277" lon="-118.65028999999998"><ele>3220.0585536057515</ele></trkpt><trkpt lat="37.23275" lon="-118.65035"><ele>3221.6864759874734</ele></trkpt><trkpt lat="37.23279" lon="-118.65046000000001"><ele>3224.063295313157</ele></trkpt><trkpt lat="37.23274" lon="-118.65053999999998"><ele>3228.477958311544</ele></trkpt><trkpt lat="37.23239" lon="-118.65046000000001"><ele>3231.6054435558617</ele></trkpt><trkpt lat="37.23233" lon="-118.65066000000002"><ele>3239.7373107858</ele></trkpt><trkpt lat="37.23215" lon="-118.65071999999998"><ele>3236.8256927618427</ele></trkpt><trkpt lat="37.23184" lon="-118.65096"><ele>3237.773127891225</ele></trkpt><trkpt lat="37.23166" lon="-118.65102000000002"><ele>3234.4715615837795</ele></trkpt><trkpt lat="37.23152" lon="-118.65112999999997"><ele>3238.0614251652732</ele></trkpt><trkpt lat="37.23139" lon="-118.65109000000001"><ele>3240.571015112102</ele></trkpt><trkpt lat="37.23135" lon="-118.65111999999999"><ele>3241.969116444234</ele></trkpt><trkpt lat="37.23138" lon="-118.65118999999999"><ele>3244.954896013718</ele></trkpt><trkpt lat="37.23135" lon="-118.65125999999998"><ele>3248.340646206687</ele></trkpt><trkpt lat="37.23119" lon="-118.65145000000001"><ele>3252.6741155558266</ele></trkpt><trkpt lat="37.23112" lon="-118.65142000000003"><ele>3253.3078001684044</ele></trkpt><trkpt lat="37.2311" lon="-118.65152"><ele>3254.9180566649884</ele></trkpt><trkpt lat="37.23095" lon="-118.65174000000002"><ele>3260.5973744857633</ele></trkpt><trkpt lat="37.23087" lon="-118.65193999999997"><ele>3265.0</ele></trkpt><trkpt lat="37.23078" lon="-118.65208000000001"><ele>3264.7168222665787</ele></trkpt><trkpt lat="37.23083" lon="-118.65213"><ele>3264.5742657343103</ele></trkpt><trkpt lat="37.23095" lon="-118.65199000000001"><ele>3265.1778728064696</ele></trkpt><trkpt lat="37.23102" lon="-118.65199999999999"><ele>3266.362955995307</ele></trkpt><trkpt lat="37.23102" lon="-118.65215"><ele>3268.740659341216</ele></trkpt><trkpt lat="37.23121" lon="-118.65208999999999"><ele>3271.176871133135</ele></trkpt><trkpt lat="37.23122" lon="-118.65226000000001"><ele>3273.593873983249</ele></trkpt><trkpt lat="37.23135" lon="-118.65224999999998"><ele>3274.398471824825</ele></trkpt><trkpt lat="37.2314" lon="-118.65229999999997"><ele>3275.0</ele></trkpt><trkpt lat="37.2316" lon="-118.65226000000001"><ele>3277.322845353812</ele></trkpt><trkpt lat="37.23161" lon="-118.65233999999998"><ele>3278.003171877928</ele></trkpt><trkpt lat="37.23161" lon="-118.65233999999998"><ele>3278.003171877928</ele></trkpt><trkpt lat="37.23159" lon="-118.65241000000003"><ele>3279.8699880890185</ele></trkpt><trkpt lat="37.23152" lon="-118.65247999999997"><ele>3278.9270653739095</ele></trkpt><trkpt lat="37.23149" lon="-118.65269999999998"><ele>3284.593930086121</ele></trkpt><trkpt lat="37.23136" lon="-118.65278999999998"><ele>3282.2417991304624</ele></trkpt><trkpt lat="37.23125" lon="-118.65301"><ele>3281.4601789395324</ele></trkpt><trkpt lat="37.23132" lon="-118.65309000000002"><ele>3282.0578337533316</ele></trkpt><trkpt lat="37.23137" lon="-118.65332000000001"><ele>3281.0</ele></trkpt><trkpt lat="37.23137" lon="-118.65350000000001"><ele>3279.983795152977</ele></trkpt><trkpt lat="37.23131" lon="-118.65352999999999"><ele>3278.2278256369755</ele></trkpt><trkpt lat="37.23126" lon="-118.65361999999999"><ele>3276.7645187741145</ele></trkpt><trkpt lat="37.23129" lon="-118.65377999999998"><ele>3277.285005552694</ele></trkpt><trkpt lat="37.23134" lon="-118.654"><ele>3277.835428579717</ele></trkpt><trkpt lat="37.23146" lon="-118.65418"><ele>3275.770034407734</ele></trkpt><trkpt lat="37.23183812111831" lon="-118.65460538625808"><ele>3278.9048186760756</ele></trkpt><trkpt lat="37.231847538909804" lon="-118.6546159812375"><ele>3279.0074349618953</ele></trkpt><trkpt lat="37.23186" lon="-118.65463"><ele>3279.0281073668766</ele></trkpt><trkpt lat="37.23194" lon="-118.65485000000001"><ele>3275.832369653256</ele></trkpt><trkpt lat="37.23217" lon="-118.65519999999998"><ele>3276.3414066697005</ele></trkpt><trkpt lat="37.23236" lon="-118.65559999999999"><ele>3273.1947140920042</ele></trkpt><trkpt lat="37.23238" lon="-118.65582"><ele>3271.542825079523</ele></trkpt><trkpt lat="37.23244" lon="-118.65598999999997"><ele>3273.298819514923</ele></trkpt><trkpt lat="37.23245" lon="-118.65620000000001"><ele>3273.8541039999354</ele></trkpt><trkpt lat="37.23241" lon="-118.65643"><ele>3272.0</ele></trkpt><trkpt lat="37.23244" lon="-118.65659"><ele>3272.4647251720958</ele></trkpt><trkpt lat="37.23235" lon="-118.65699000000001"><ele>3272.664828384295</ele></trkpt><trkpt lat="37.23256" lon="-118.65737000000001"><ele>3275.8826822738733</ele></trkpt><trkpt lat="37.23263" lon="-118.65758"><ele>3276.8594777807593</ele></trkpt><trkpt lat="37.23273" lon="-118.65812"><ele>3280.0</ele></trkpt><trkpt lat="37.23279" lon="-118.65818999999999"><ele>3280.875234785645</ele></trkpt><trkpt lat="37.23282" lon="-118.65832"><ele>3282.317935207455</ele></trkpt><trkpt lat="37.23288" lon="-118.65839"><ele>3284.068319229855</ele></trkpt><trkpt lat="37.23287" lon="-118.65879999999999"><ele>3287.8250160887837</ele></trkpt><trkpt lat="37.23279" lon="-118.65890999999999"><ele>3287.0</ele></trkpt><trkpt lat="37.23277" lon="-118.65913"><ele>3287.207664130098</ele></trkpt><trkpt lat="37.23273" lon="-118.65922"><ele>3288.5143838778604</ele></trkpt><trkpt lat="37.23269" lon="-118.65922999999998"><ele>3287.5767331514508</ele></trkpt><trkpt lat="37.23273" lon="-118.65948000000003"><ele>3288.213322666008</ele></trkpt><trkpt lat="37.23291" lon="-118.65969999999999"><ele>3288.2775083821657</ele></trkpt><trkpt lat="37.23298" lon="-118.65981999999997"><ele>3289.1028323229402</ele></trkpt><trkpt lat="37.23298" lon="-118.65992"><ele>3289.2056646458805</ele></trkpt><trkpt lat="37.23295" lon="-118.66012999999998"><ele>3288.292053530924</ele></trkpt><trkpt lat="37.23307" lon="-118.66017999999997"><ele>3288.6647380937384</ele></trkpt><trkpt lat="37.23317" lon="-118.66028"><ele>3289.0</ele></trkpt><trkpt lat="37.23325" lon="-118.66048"><ele>3289.004881175235</ele></trkpt><trkpt lat="37.23332" lon="-118.66070000000002"><ele>3290.011502456133</ele></trkpt><trkpt lat="37.23328" lon="-118.66093000000001"><ele>3292.0246640487826</ele></trkpt><trkpt lat="37.23329" lon="-118.66115000000002"><ele>3290.052579856975</ele></trkpt><trkpt lat="37.23332" lon="-118.66122999999999"><ele>3290.4656117431246</ele></trkpt><trkpt lat="37.23349" lon="-118.66143999999997"><ele>3292.015690369428</ele></trkpt><trkpt lat="37.23367" lon="-118.66185999999999"><ele>3293.0</ele></trkpt><trkpt lat="37.23381" lon="-118.66201999999998"><ele>3293.410777000953</ele></trkpt><trkpt lat="37.23396" lon="-118.66230000000002"><ele>3294.0</ele></trkpt><trkpt lat="37.23412" lon="-118.66239000000002"><ele>3295.0</ele></trkpt><trkpt lat="37.23422" lon="-118.66248999999999"><ele>3295.0</ele></trkpt><trkpt lat="37.23433" lon="-118.66271999999998"><ele>3296.0</ele></trkpt><trkpt lat="37.23442" lon="-118.66275999999999"><ele>3297.247419880703</ele></trkpt><trkpt lat="37.23444" lon="-118.66282999999999"><ele>3297.8327670432627</ele></trkpt><trkpt lat="37.23463" lon="-118.66295000000002"><ele>3298.1402938428964</ele></trkpt><trkpt lat="37.2349" lon="-118.66322000000002"><ele>3299.0</ele></trkpt><trkpt lat="37.23519" lon="-118.66345999999999"><ele>3300.370234449704</ele></trkpt><trkpt lat="37.23522" lon="-118.66358000000002"><ele>3301.2140391053786</ele></trkpt><trkpt lat="37.23511" lon="-118.66375"><ele>3304.4438606798712</ele></trkpt><trkpt lat="37.23511" lon="-118.66379999999998"><ele>3306.0079866407905</ele></trkpt><trkpt lat="37.23518" lon="-118.66383000000002"><ele>3305.5666159544107</ele></trkpt><trkpt lat="37.23519" lon="-118.66388"><ele>3306.0</ele></trkpt><trkpt lat="37.23517" lon="-118.66394000000003"><ele>3306.141049382898</ele></trkpt><trkpt lat="37.2352" lon="-118.66401000000002"><ele>3308.343328000512</ele></trkpt><trkpt lat="37.23533" lon="-118.66404999999997"><ele>3309.913680004616</ele></trkpt><trkpt lat="37.2355" lon="-118.66404999999997"><ele>3313.0</ele></trkpt><trkpt lat="37.23551" lon="-118.66415"><ele>3314.7546310231555</ele></trkpt><trkpt lat="37.23567" lon="-118.66411"><ele>3317.560292787529</ele></trkpt><trkpt lat="37.2357" lon="-118.66415"><ele>3319.595545756777</ele></trkpt><trkpt lat="37.23557" lon="-118.66433999999998"><ele>3320.029765630353</ele></trkpt><trkpt lat="37.23546" lon="-118.66462000000001"><ele>3322.557358222548</ele></trkpt><trkpt lat="37.23555" lon="-118.66466000000003"><ele>3323.156507587978</ele></trkpt><trkpt lat="37.23566" lon="-118.6651"><ele>3330.4843377778307</ele></trkpt><trkpt lat="37.23546" lon="-118.66534000000001"><ele>3332.7908421693014</ele></trkpt><trkpt lat="37.23544" lon="-118.66545000000002"><ele>3333.0</ele></trkpt><trkpt lat="37.23553" lon="-118.66548999999998"><ele>3334.609443780571</ele></trkpt><trkpt lat="37.2359" lon="-118.66553999999996"><ele>3335.5635292744264</ele></trkpt><trkpt lat="37.23613" lon="-118.66593"><ele>3331.0</ele></trkpt><trkpt lat="37.23629" lon="-118.66604000000001"><ele>3332.9780510198325</ele></trkpt><trkpt lat="37.23633" lon="-118.66616999999997"><ele>3333.0</ele></trkpt><trkpt lat="37.23635" lon="-118.66638999999998"><ele>3334.9471855719066</ele></trkpt><trkpt lat="37.23616" lon="-118.66658000000001"><ele>3334.0</ele></trkpt><trkpt lat="37.23606" lon="-118.66676999999999"><ele>3334.0</ele></trkpt><trkpt lat="37.23598" lon="-118.66723000000002"><ele>3339.9049648167565</ele></trkpt><trkpt lat="37.23608" lon="-118.66741999999999"><ele>3340.83176274132</ele></trkpt><trkpt lat="37.23605" lon="-118.66764999999998"><ele>3341.0</ele></trkpt><trkpt lat="37.23606" lon="-118.66789"><ele>3342.0</ele></trkpt><trkpt lat="37.23599" lon="-118.66808000000003"><ele>3342.0</ele></trkpt><trkpt lat="37.2359" lon="-118.66823"><ele>3342.0</ele></trkpt><trkpt lat="37.23597" lon="-118.66845"><ele>3341.197173333261</ele></trkpt><trkpt lat="37.23608" lon="-118.66849000000002"><ele>3341.876363410534</ele></trkpt><trkpt lat="37.23624" lon="-118.66861"><ele>3342.0</ele></trkpt><trkpt lat="37.23621" lon="-118.66881000000001"><ele>3342.485262580811</ele></trkpt><trkpt lat="37.23631" lon="-118.66889000000003"><ele>3342.0</ele></trkpt><trkpt lat="37.23635" lon="-118.66904999999997"><ele>3342.0</ele></trkpt><trkpt lat="37.23645" lon="-118.66924"><ele>3342.0</ele></trkpt><trkpt lat="37.23663" lon="-118.66930000000002"><ele>3343.0</ele></trkpt><trkpt lat="37.23668" lon="-118.66998000000001"><ele>3343.0</ele></trkpt><trkpt lat="37.23659" lon="-118.67018999999999"><ele>3344.2742337200293</ele></trkpt><trkpt lat="37.23666" lon="-118.67027999999999"><ele>3345.6376500688493</ele></trkpt><trkpt lat="37.23668" lon="-118.67036999999999"><ele>3347.3926318194717</ele></trkpt><trkpt lat="37.23676" lon="-118.67036999999999"><ele>3348.3361630514178</ele></trkpt><trkpt lat="37.23682" lon="-118.67045999999999"><ele>3349.8160707237184</ele></trkpt><trkpt lat="37.23687" lon="-118.67074000000002"><ele>3350.9611977802033</ele></trkpt><trkpt lat="37.23691" lon="-118.67077999999998"><ele>3352.30395233779</ele></trkpt><trkpt lat="37.23681" lon="-118.67084"><ele>3352.0975405364006</ele></trkpt><trkpt lat="37.23676" lon="-118.67090999999999"><ele>3352.0</ele></trkpt><trkpt lat="37.23676" lon="-118.67102"><ele>3352.0</ele></trkpt><trkpt lat="37.23682791258378" lon="-118.67117846269548"><ele>3352.447046826509</ele></trkpt><trkpt lat="37.23684023593571" lon="-118.67120721717117"><ele>3353.0</ele></trkpt><trkpt lat="37.23685" lon="-118.67122999999998"><ele>3353.0</ele></trkpt><trkpt lat="37.23684" lon="-118.67131"><ele>3353.0</ele></trkpt><trkpt lat="37.23687" lon="-118.6714"><ele>3353.9787876271366</ele></trkpt><trkpt lat="37.23696" lon="-118.67144000000002"><ele>3355.0</ele></trkpt><trkpt lat="37.23703" lon="-118.67149999999998"><ele>3354.7635588839184</ele></trkpt><trkpt lat="37.23703" lon="-118.67171000000002"><ele>3354.0</ele></trkpt><trkpt lat="37.23706" lon="-118.67174999999997"><ele>3353.81618786091</ele></trkpt><trkpt lat="37.23703" lon="-118.67192999999997"><ele>3354.529240661068</ele></trkpt><trkpt lat="37.23717" lon="-118.67201"><ele>3357.7341119153425</ele></trkpt><trkpt lat="37.23708" lon="-118.67228"><ele>3358.099955521524</ele></trkpt><trkpt lat="37.23713" lon="-118.67245000000003"><ele>3357.0</ele></trkpt><trkpt lat="37.23716" lon="-118.67268000000001"><ele>3356.8103983837646</ele></trkpt><trkpt lat="37.23709" lon="-118.67281000000003"><ele>3356.392639410682</ele></trkpt><trkpt lat="37.23707" lon="-118.67288000000002"><ele>3356.8129202400123</ele></trkpt><trkpt lat="37.23721" lon="-118.67302999999998"><ele>3359.474649252906</ele></trkpt><trkpt lat="37.2372" lon="-118.67316"><ele>3360.0</ele></trkpt><trkpt lat="37.23723" lon="-118.67329000000001"><ele>3360.0</ele></trkpt><trkpt lat="37.23717" lon="-118.67352"><ele>3359.9846820101984</ele></trkpt><trkpt lat="37.23718" lon="-118.67374999999998"><ele>3361.0267961537465</ele></trkpt><trkpt lat="37.23723" lon="-118.67398000000003"><ele>3362.4902179259807</ele></trkpt><trkpt lat="37.23725" lon="-118.67417999999998"><ele>3364.3970909062773</ele></trkpt><trkpt lat="37.23724" lon="-118.67431999999997"><ele>3365.366642839974</ele></trkpt><trkpt lat="37.23724" lon="-118.67431999999997"><ele>3365.366642839974</ele></trkpt><trkpt lat="37.23724" lon="-118.67462999999998"><ele>3366.958157476137</ele></trkpt><trkpt lat="37.23715" lon="-118.67484000000002"><ele>3367.0</ele></trkpt><trkpt lat="37.23711" lon="-118.67506000000003"><ele>3366.996195048492</ele></trkpt><trkpt lat="37.23698" lon="-118.67543"><ele>3369.0776636971414</ele></trkpt><trkpt lat="37.23704" lon="-118.67551000000003"><ele>3370.277212965215</ele></trkpt><trkpt lat="37.23704" lon="-118.67557"><ele>3368.949686180001</ele></trkpt><trkpt lat="37.23719" lon="-118.67563999999999"><ele>3371.0</ele></trkpt><trkpt lat="37.23722" lon="-118.6757"><ele>3371.988949266936</ele></trkpt><trkpt lat="37.23721" lon="-118.67578000000003"><ele>3372.5467154576513</ele></trkpt><trkpt lat="37.23733" lon="-118.67579999999998"><ele>3375.5282497792673</ele></trkpt><trkpt lat="37.23736" lon="-118.67583000000002"><ele>3377.2914420922716</ele></trkpt><trkpt lat="37.23732" lon="-118.67592000000002"><ele>3377.883054469561</ele></trkpt><trkpt lat="37.23738" lon="-118.67602"><ele>3379.369725879843</ele></trkpt><trkpt lat="37.23738" lon="-118.67611"><ele>3383.05474168621</ele></trkpt><trkpt lat="37.23733" lon="-118.67623000000003"><ele>3384.4170643817633</ele></trkpt><trkpt lat="37.23735" lon="-118.67646000000002"><ele>3387.4506950145733</ele></trkpt><trkpt lat="37.23746" lon="-118.67665"><ele>3393.2219705786556</ele></trkpt><trkpt lat="37.23782" lon="-118.67662999999999"><ele>3401.0702089743063</ele></trkpt><trkpt lat="37.23782" lon="-118.67644000000001"><ele>3401.9959747991993</ele></trkpt><trkpt lat="37.23787" lon="-118.67646000000002"><ele>3403.5716542827704</ele></trkpt><trkpt lat="37.23791" lon="-118.67642000000001"><ele>3404.3928503934294</ele></trkpt><trkpt lat="37.23795" lon="-118.67642999999998"><ele>3405.5635990714654</ele></trkpt><trkpt lat="37.23796" lon="-118.67647999999997"><ele>3405.856286337599</ele></trkpt><trkpt lat="37.23804" lon="-118.67662000000001"><ele>3408.3402790630207</ele></trkpt><trkpt lat="37.2382" lon="-118.67665999999997"><ele>3411.0</ele></trkpt><trkpt lat="37.23823" lon="-118.67709000000002"><ele>3410.0</ele></trkpt><trkpt lat="37.23827" lon="-118.67719"><ele>3410.0323499746887</ele></trkpt><trkpt lat="37.2384" lon="-118.67737"><ele>3411.734564500861</ele></trkpt><trkpt lat="37.23856" lon="-118.67748"><ele>3413.326943322835</ele></trkpt><trkpt lat="37.23864" lon="-118.67773"><ele>3413.0</ele></trkpt><trkpt lat="37.23871" lon="-118.67777000000001"><ele>3415.5699027760766</ele></trkpt><trkpt lat="37.23882" lon="-118.67768999999998"><ele>3417.0030409118144</ele></trkpt><trkpt lat="37.23885" lon="-118.67770999999999"><ele>3417.5220523421694</ele></trkpt><trkpt lat="37.23875" lon="-118.67782999999997"><ele>3416.0</ele></trkpt><trkpt lat="37.2387" lon="-118.67806999999999"><ele>3417.0</ele></trkpt><trkpt lat="37.23881" lon="-118.67818999999997"><ele>3417.559420875716</ele></trkpt><trkpt lat="37.23877" lon="-118.67829"><ele>3417.9085546666756</ele></trkpt><trkpt lat="37.23879" lon="-118.67833999999999"><ele>3417.1111226343537</ele></trkpt><trkpt lat="37.23889" lon="-118.67853000000002"><ele>3417.024144904834</ele></trkpt><trkpt lat="37.23903" lon="-118.67867999999999"><ele>3416.0311727284598</ele></trkpt><trkpt lat="37.23908" lon="-118.67912000000001"><ele>3417.0</ele></trkpt><trkpt lat="37.23912" lon="-118.67925000000002"><ele>3418.0</ele></trkpt><trkpt lat="37.23928" lon="-118.67933"><ele>3420.1597867051614</ele></trkpt><trkpt lat="37.23931" lon="-118.67939000000001"><ele>3420.5439022402734</ele></trkpt><trkpt lat="37.23927" lon="-118.67953999999997"><ele>3420.0</ele></trkpt><trkpt lat="37.23928" lon="-118.67961000000003"><ele>3420.0</ele></trkpt><trkpt lat="37.23934" lon="-118.67971"><ele>3420.0</ele></trkpt><trkpt lat="37.23948" lon="-118.67984999999999"><ele>3420.345202338882</ele></trkpt><trkpt lat="37.23954" lon="-118.67995000000002"><ele>3420.7953342352057</ele></trkpt><trkpt lat="37.23957" lon="-118.67991"><ele>3420.8229093922164</ele></trkpt><trkpt lat="37.23963" lon="-118.67991999999998"><ele>3421.073198221624</ele></trkpt><trkpt lat="37.23965" lon="-118.67998"><ele>3422.1512834551804</ele></trkpt><trkpt lat="37.23957" lon="-118.68013000000002"><ele>3423.999312414468</ele></trkpt><trkpt lat="37.23958" lon="-118.68020999999999"><ele>3424.2260602417728</ele></trkpt><trkpt lat="37.23972" lon="-118.68018000000001"><ele>3427.691013991993</ele></trkpt><trkpt lat="37.23979" lon="-118.68011000000001"><ele>3428.91922893445</ele></trkpt><trkpt lat="37.23985" lon="-118.68011999999999"><ele>3429.8618144807065</ele></trkpt><trkpt lat="37.23983" lon="-118.68025999999998"><ele>3430.589487700723</ele></trkpt><trkpt lat="37.23988" lon="-118.68036000000001"><ele>3431.0</ele></trkpt><trkpt lat="37.23988" lon="-118.68049000000002"><ele>3432.0</ele></trkpt><trkpt lat="37.2402" lon="-118.68105000000003"><ele>3435.65391261314</ele></trkpt><trkpt lat="37.2402" lon="-118.68115999999998"><ele>3437.967292444082</ele></trkpt><trkpt lat="37.24006" lon="-118.68137000000002"><ele>3439.0</ele></trkpt><trkpt lat="37.24009" lon="-118.68147999999997"><ele>3440.707971623401</ele></trkpt><trkpt lat="37.24007" lon="-118.68162999999998"><ele>3444.0977275925493</ele></trkpt><trkpt lat="37.24001" lon="-118.68169"><ele>3444.3171875556</ele></trkpt><trkpt lat="37.24" lon="-118.68174999999997"><ele>3445.4043532460964</ele></trkpt><trkpt lat="37.24005" lon="-118.68183999999997"><ele>3445.245113375364</ele></trkpt><trkpt lat="37.24004" lon="-118.68200000000002"><ele>3446.736081749201</ele></trkpt><trkpt lat="37.23984" lon="-118.68210999999997"><ele>3447.22171462141</ele></trkpt><trkpt lat="37.23979" lon="-118.68222000000003"><ele>3450.2483728444204</ele></trkpt><trkpt lat="37.23979" lon="-118.68232999999998"><ele>3452.0</ele></trkpt><trkpt lat="37.23975" lon="-118.68236000000002"><ele>3452.752067432739</ele></trkpt><trkpt lat="37.23976" lon="-118.68243999999999"><ele>3455.5056547974236</ele></trkpt><trkpt lat="37.23983" lon="-118.68252000000001"><ele>3454.0</ele></trkpt><trkpt lat="37.2398" lon="-118.68259"><ele>3456.0001117896754</ele></trkpt><trkpt lat="37.23980141512107" lon="-118.68259566048425"><ele>3456.1734304379206</ele></trkpt><trkpt lat="37.239799999999995" lon="-118.68259"><ele>3456.0001117896754</ele></trkpt><trkpt lat="37.23982" lon="-118.68267000000003"><ele>3457.0</ele></trkpt><trkpt lat="37.23994" lon="-118.68279999999999"><ele>3460.320566528678</ele></trkpt><trkpt lat="37.2399" lon="-118.68288000000001"><ele>3463.7140379049097</ele></trkpt><trkpt lat="37.23981" lon="-118.68294000000003"><ele>3463.4502183922014</ele></trkpt><trkpt lat="37.23976" lon="-118.68304999999998"><ele>3463.5365805316897</ele></trkpt><trkpt lat="37.23978" lon="-118.68318999999997"><ele>3465.2357318891122</ele></trkpt><trkpt lat="37.23973" lon="-118.68327"><ele>3466.133855999913</ele></trkpt><trkpt lat="37.23959" lon="-118.68333999999999"><ele>3466.8977237746467</ele></trkpt><trkpt lat="37.23946" lon="-118.68358"><ele>3468.357379555935</ele></trkpt><trkpt lat="37.23935" lon="-118.68374"><ele>3471.085649778135</ele></trkpt><trkpt lat="37.23918" lon="-118.68383"><ele>3475.365603555925</ele></trkpt><trkpt lat="37.23883" lon="-118.6841"><ele>3478.151870218293</ele></trkpt><trkpt lat="37.23878" lon="-118.68425000000002"><ele>3479.1388588892505</ele></trkpt><trkpt lat="37.23878" lon="-118.68425000000002"><ele>3479.1388588892505</ele></trkpt><trkpt lat="37.23878" lon="-118.68430000000001"><ele>3480.0</ele></trkpt><trkpt lat="37.23878" lon="-118.68430000000001"><ele>3480.0</ele></trkpt><trkpt lat="37.23878" lon="-118.68430000000001"><ele>3480.0</ele></trkpt><trkpt lat="37.23865" lon="-118.68434000000002"><ele>3478.0</ele></trkpt><trkpt lat="37.23865" lon="-118.68434000000002"><ele>3478.0</ele></trkpt><trkpt lat="37.23865" lon="-118.68434000000002"><ele>3478.0</ele></trkpt><trkpt lat="37.23862" lon="-118.68439000000001"><ele>3477.1334698586134</ele></trkpt><trkpt lat="37.23872" lon="-118.68456000000003"><ele>3475.0</ele></trkpt><trkpt lat="37.23876" lon="-118.68459000000001"><ele>3475.029287334324</ele></trkpt><trkpt lat="37.23879" lon="-118.68498999999997"><ele>3471.787239111727</ele></trkpt><trkpt lat="37.23886" lon="-118.68513000000002"><ele>3470.0</ele></trkpt><trkpt lat="37.23859" lon="-118.68538000000001"><ele>3467.699580444023</ele></trkpt><trkpt lat="37.23853" lon="-118.68556000000001"><ele>3466.0</ele></trkpt><trkpt lat="37.23837" lon="-118.68583000000001"><ele>3465.0</ele></trkpt><trkpt lat="37.23836" lon="-118.68588999999997"><ele>3464.3558094702657</ele></trkpt><trkpt lat="37.23839" lon="-118.68594999999999"><ele>3463.233082702299</ele></trkpt><trkpt lat="37.23848" lon="-118.68600000000004"><ele>3462.252533332212</ele></trkpt><trkpt lat="37.23861" lon="-118.68599"><ele>3462.0</ele></trkpt><trkpt lat="37.23888" lon="-118.68583000000001"><ele>3461.0</ele></trkpt><trkpt lat="37.23912" lon="-118.68576999999999"><ele>3460.6863269538117</ele></trkpt><trkpt lat="37.23923" lon="-118.68582000000004"><ele>3460.0124599588253</ele></trkpt><trkpt lat="37.23927938426431" lon="-118.68587432655266"><ele>3459.180936904857</ele></trkpt><trkpt lat="37.23927938426431" lon="-118.68587432655266"><ele>3459.180936904857</ele></trkpt><trkpt lat="37.23933" lon="-118.68592999999998"><ele>3457.8836515559815</ele></trkpt><trkpt lat="37.23982" lon="-118.68610999999999"><ele>3455.4708946359424</ele></trkpt><trkpt lat="37.24003" lon="-118.68624999999997"><ele>3452.870497518452</ele></trkpt><trkpt lat="37.24045" lon="-118.6866"><ele>3448.008144251071</ele></trkpt><trkpt lat="37.24079" lon="-118.68696999999997"><ele>3444.33823826327</ele></trkpt><trkpt lat="37.24103" lon="-118.68731000000002"><ele>3440.921771889756</ele></trkpt><trkpt lat="37.24108" lon="-118.68747000000002"><ele>3439.175660120789</ele></trkpt><trkpt lat="37.24127" lon="-118.68786"><ele>3437.649297085125</ele></trkpt><trkpt lat="37.24129" lon="-118.68797999999998"><ele>3437.3233054401353</ele></trkpt><trkpt lat="37.24137" lon="-118.6882"><ele>3437.3223816777295</ele></trkpt><trkpt lat="37.24138" lon="-118.68846000000002"><ele>3433.9970486793563</ele></trkpt><trkpt lat="37.24143" lon="-118.68862999999999"><ele>3433.3902038340457</ele></trkpt><trkpt lat="37.24157" lon="-118.68884000000003"><ele>3433.5946636165027</ele></trkpt><trkpt lat="37.24165" lon="-118.68908999999996"><ele>3433.6451330183854</ele></trkpt><trkpt lat="37.24165" lon="-118.68975999999998"><ele>3432.8605384025723</ele></trkpt><trkpt lat="37.24143" lon="-118.69029"><ele>3430.0</ele></trkpt><trkpt lat="37.24131" lon="-118.69067999999999"><ele>3431.9816837357394</ele></trkpt><trkpt lat="37.24132" lon="-118.69106999999997"><ele>3432.0</ele></trkpt><trkpt lat="37.24138" lon="-118.69118000000003"><ele>3432.0</ele></trkpt><trkpt lat="37.2414" lon="-118.69130000000001"><ele>3431.7535822216887</ele></trkpt><trkpt lat="37.24169" lon="-118.69148000000001"><ele>3429.559278221801</ele></trkpt><trkpt lat="37.24176" lon="-118.69148000000001"><ele>3428.9646283250822</ele></trkpt><trkpt lat="37.24189" lon="-118.69139999999999"><ele>3427.5380249945447</ele></trkpt><trkpt lat="37.2419" lon="-118.69142999999997"><ele>3426.5953602638706</ele></trkpt><trkpt lat="37.24186" lon="-118.69153"><ele>3425.9955892011876</ele></trkpt><trkpt lat="37.24186" lon="-118.69172000000003"><ele>3424.0</ele></trkpt><trkpt lat="37.24196" lon="-118.6918"><ele>3423.0067491407085</ele></trkpt><trkpt lat="37.24225" lon="-118.69191000000001"><ele>3422.0</ele></trkpt><trkpt lat="37.24242" lon="-118.69193000000001"><ele>3420.0442081343926</ele></trkpt><trkpt lat="37.24264" lon="-118.69190000000003"><ele>3417.772568888264</ele></trkpt><trkpt lat="37.24273" lon="-118.69209000000001"><ele>3414.345247999998</ele></trkpt><trkpt lat="37.24281" lon="-118.69218000000001"><ele>3413.1083824540992</ele></trkpt><trkpt lat="37.24291" lon="-118.69223999999997"><ele>3412.4800533245093</ele></trkpt><trkpt lat="37.24301" lon="-118.69223999999997"><ele>3411.84999466734</ele></trkpt><trkpt lat="37.24326" lon="-118.69214999999997"><ele>3412.8935534774364</ele></trkpt><trkpt lat="37.24343" lon="-118.69218000000001"><ele>3412.971458517288</ele></trkpt><trkpt lat="37.24357" lon="-118.69231000000002"><ele>3412.265715929921</ele></trkpt><trkpt lat="37.24365" lon="-118.69254000000001"><ele>3409.8594879996963</ele></trkpt><trkpt lat="37.24375" lon="-118.69268"><ele>3408.7935883432347</ele></trkpt><trkpt lat="37.24417" lon="-118.69295"><ele>3405.3057955554686</ele></trkpt><trkpt lat="37.24436" lon="-118.69319999999999"><ele>3403.5688110641177</ele></trkpt><trkpt lat="37.24478" lon="-118.69349999999997"><ele>3400.4577795378864</ele></trkpt><trkpt lat="37.24487" lon="-118.69358"><ele>3400.406029440598</ele></trkpt><trkpt lat="37.245" lon="-118.69376999999997"><ele>3399.1664146059866</ele></trkpt><trkpt lat="37.24507" lon="-118.69380000000001"><ele>3399.4827196744104</ele></trkpt><trkpt lat="37.24521" lon="-118.69407000000001"><ele>3399.3239857000876</ele></trkpt><trkpt lat="37.24535" lon="-118.69445000000002"><ele>3394.8118096331505</ele></trkpt><trkpt lat="37.24559" lon="-118.69475"><ele>3392.913500183262</ele></trkpt><trkpt lat="37.245631797668736" lon="-118.69479179766876"><ele>3392.548781587671</ele></trkpt><trkpt lat="37.24564919789917" lon="-118.69480919785565"><ele>3391.9833455402404</ele></trkpt><trkpt lat="37.24576" lon="-118.69492000000002"><ele>3391.401468443917</ele></trkpt><trkpt lat="37.24584" lon="-118.69517000000002"><ele>3388.790534671734</ele></trkpt><trkpt lat="37.246" lon="-118.69529999999997"><ele>3387.736241989769</ele></trkpt><trkpt lat="37.24636" lon="-118.69547999999998"><ele>3385.6089148150077</ele></trkpt><trkpt lat="37.2467" lon="-118.69580000000002"><ele>3382.966694149087</ele></trkpt><trkpt lat="37.24714" lon="-118.69612000000001"><ele>3381.2459018800264</ele></trkpt><trkpt lat="37.2472" lon="-118.69628999999998"><ele>3380.9589302081154</ele></trkpt><trkpt lat="37.2472" lon="-118.69628999999998"><ele>3380.9589302081154</ele></trkpt><trkpt lat="37.2473" lon="-118.69650000000001"><ele>3381.1421940128794</ele></trkpt><trkpt lat="37.24737" lon="-118.69659000000001"><ele>3381.1424983948555</ele></trkpt><trkpt lat="37.24751" lon="-118.69661000000002"><ele>3382.4035301754666</ele></trkpt><trkpt lat="37.24764" lon="-118.69655999999998"><ele>3384.0365506129338</ele></trkpt><trkpt lat="37.24774" lon="-118.69657999999998"><ele>3385.0886591053995</ele></trkpt><trkpt lat="37.24782" lon="-118.69664"><ele>3386.637454598572</ele></trkpt><trkpt lat="37.24782" lon="-118.69664"><ele>3386.637454598572</ele></trkpt><trkpt lat="37.24795" lon="-118.69682"><ele>3386.0346638441115</ele></trkpt><trkpt lat="37.24797" lon="-118.697"><ele>3385.94348474529</ele></trkpt><trkpt lat="37.24795" lon="-118.69743"><ele>3386.0</ele></trkpt><trkpt lat="37.24804" lon="-118.69776999999999"><ele>3384.913144471124</ele></trkpt><trkpt lat="37.248" lon="-118.69789000000003"><ele>3386.5384417125024</ele></trkpt><trkpt lat="37.2479" lon="-118.69804999999997"><ele>3387.5328177772462</ele></trkpt><trkpt lat="37.24782" lon="-118.69810000000001"><ele>3387.324404098031</ele></trkpt><trkpt lat="37.24782" lon="-118.69810000000001"><ele>3387.324404098031</ele></trkpt><trkpt lat="37.24775" lon="-118.69815"><ele>3387.862986666616</ele></trkpt><trkpt lat="37.24765" lon="-118.69831999999997"><ele>3388.4026562508716</ele></trkpt><trkpt lat="37.24753" lon="-118.69864000000001"><ele>3387.9825971148657</ele></trkpt><trkpt lat="37.24749" lon="-118.69887"><ele>3388.0</ele></trkpt><trkpt lat="37.24749634842532" lon="-118.69901603226822"><ele>3389.043001148617</ele></trkpt><trkpt lat="37.24749634842532" lon="-118.69901603226822"><ele>3389.043001148617</ele></trkpt><trkpt lat="37.24753" lon="-118.69979000000001"><ele>3391.977683514939</ele></trkpt><trkpt lat="37.24762" lon="-118.70044000000001"><ele>3394.1366235173914</ele></trkpt><trkpt lat="37.24761" lon="-118.70065"><ele>3395.0</ele></trkpt><trkpt lat="37.24764" lon="-118.70092999999997"><ele>3396.0</ele></trkpt><trkpt lat="37.24782" lon="-118.70166"><ele>3399.0</ele></trkpt><trkpt lat="37.24782" lon="-118.70166"><ele>3399.0</ele></trkpt><trkpt lat="37.24794" lon="-118.70191999999997"><ele>3399.0</ele></trkpt><trkpt lat="37.24812" lon="-118.70217000000002"><ele>3399.2466122983024</ele></trkpt><trkpt lat="37.24812" lon="-118.70217000000002"><ele>3399.2466122983024</ele></trkpt><trkpt lat="37.24812" lon="-118.70217000000002"><ele>3399.2466122983024</ele></trkpt><trkpt lat="37.24817" lon="-118.70249999999999"><ele>3400.775537628834</ele></trkpt><trkpt lat="37.24813" lon="-118.70283"><ele>3400.539339063689</ele></trkpt><trkpt lat="37.24805" lon="-118.70317"><ele>3400.0</ele></trkpt><trkpt lat="37.24799" lon="-118.70355999999998"><ele>3399.441167897545</ele></trkpt><trkpt lat="37.24805" lon="-118.70402000000001"><ele>3399.0</ele></trkpt><trkpt lat="37.24799" lon="-118.70427000000001"><ele>3397.2341178033807</ele></trkpt><trkpt lat="37.24792" lon="-118.70486"><ele>3395.392085169442</ele></trkpt><trkpt lat="37.24792" lon="-118.70506999999998"><ele>3394.392085169442</ele></trkpt><trkpt lat="37.24782" lon="-118.70592999999997"><ele>3388.0</ele></trkpt><trkpt lat="37.24784" lon="-118.70649000000003"><ele>3386.8109370744764</ele></trkpt><trkpt lat="37.24782" lon="-118.70663000000002"><ele>3386.0</ele></trkpt><trkpt lat="37.24782" lon="-118.70663000000002"><ele>3386.0</ele></trkpt><trkpt lat="37.24781" lon="-118.70673999999997"><ele>3385.0</ele></trkpt><trkpt lat="37.24776" lon="-118.70686"><ele>3385.0</ele></trkpt><trkpt lat="37.24733" lon="-118.70735000000002"><ele>3382.7904135009303</ele></trkpt><trkpt lat="37.24724" lon="-118.70765"><ele>3380.8824633316162</ele></trkpt><trkpt lat="37.24728" lon="-118.70784000000003"><ele>3379.775332532484</ele></trkpt><trkpt lat="37.24746" lon="-118.70816000000002"><ele>3378.0</ele></trkpt><trkpt lat="37.24746" lon="-118.70825000000002"><ele>3377.7899555552285</ele></trkpt><trkpt lat="37.24734" lon="-118.70868999999999"><ele>3374.222429786095</ele></trkpt><trkpt lat="37.24729" lon="-118.70911999999998"><ele>3371.4918325042654</ele></trkpt><trkpt lat="37.2473" lon="-118.70924000000002"><ele>3370.175379964347</ele></trkpt><trkpt lat="37.24738" lon="-118.70936"><ele>3369.925080888672</ele></trkpt><trkpt lat="37.24747" lon="-118.70958999999999"><ele>3369.1241445685937</ele></trkpt><trkpt lat="37.24748" lon="-118.70978000000002"><ele>3367.0708711681846</ele></trkpt><trkpt lat="37.24751" lon="-118.70988"><ele>3366.808202666696</ele></trkpt><trkpt lat="37.24758" lon="-118.70997999999997"><ele>3366.0</ele></trkpt><trkpt lat="37.24782" lon="-118.71006999999997"><ele>3365.0</ele></trkpt><trkpt lat="37.24782" lon="-118.71006999999997"><ele>3365.0</ele></trkpt><trkpt lat="37.24792" lon="-118.71008999999998"><ele>3364.914848000277</ele></trkpt><trkpt lat="37.24801" lon="-118.71015"><ele>3364.5167466665152</ele></trkpt><trkpt lat="37.2482" lon="-118.71021000000002"><ele>3365.0</ele></trkpt><trkpt lat="37.24832" lon="-118.71039000000002"><ele>3365.0</ele></trkpt><trkpt lat="37.24839" lon="-118.71055999999999"><ele>3365.1502485722303</ele></trkpt><trkpt lat="37.24843" lon="-118.71098"><ele>3364.3211600575596</ele></trkpt><trkpt lat="37.24852" lon="-118.71132"><ele>3364.0</ele></trkpt><trkpt lat="37.24878" lon="-118.71179000000001"><ele>3362.604456775339</ele></trkpt><trkpt lat="37.24893" lon="-118.71199999999999"><ele>3362.408622222487</ele></trkpt><trkpt lat="37.24906" lon="-118.71222"><ele>3361.829963713704</ele></trkpt><trkpt lat="37.2491" lon="-118.7124"><ele>3362.0</ele></trkpt><trkpt lat="37.24921" lon="-118.71265"><ele>3363.0</ele></trkpt><trkpt lat="37.24933" lon="-118.71289999999999"><ele>3362.4371022221167</ele></trkpt><trkpt lat="37.24939" lon="-118.71294"><ele>3362.005807767773</ele></trkpt><trkpt lat="37.24942" lon="-118.71305000000001"><ele>3361.324513005432</ele></trkpt><trkpt lat="37.24943" lon="-118.71330999999998"><ele>3359.0</ele></trkpt><trkpt lat="37.24951" lon="-118.71337"><ele>3359.9689427534454</ele></trkpt><trkpt lat="37.24947" lon="-118.71350000000001"><ele>3360.0</ele></trkpt><trkpt lat="37.24911" lon="-118.71420999999998"><ele>3361.0199790300485</ele></trkpt><trkpt lat="37.24913" lon="-118.71424999999999"><ele>3361.8122116820887</ele></trkpt><trkpt lat="37.24911" lon="-118.71428000000003"><ele>3361.226750422269</ele></trkpt><trkpt lat="37.24913" lon="-118.71437000000003"><ele>3361.1491379473223</ele></trkpt><trkpt lat="37.24905" lon="-118.71442000000002"><ele>3359.4703675750643</ele></trkpt><trkpt lat="37.24902" lon="-118.71458999999999"><ele>3356.649424677016</ele></trkpt><trkpt lat="37.24892" lon="-118.71476000000001"><ele>3355.664876206778</ele></trkpt><trkpt lat="37.2488" lon="-118.71488"><ele>3354.0</ele></trkpt><trkpt lat="37.2488" lon="-118.71492999999998"><ele>3353.266307869323</ele></trkpt><trkpt lat="37.2488" lon="-118.71541000000002"><ele>3349.95748997268</ele></trkpt><trkpt lat="37.24884" lon="-118.71555000000001"><ele>3349.0</ele></trkpt><trkpt lat="37.249" lon="-118.71582000000001"><ele>3351.002660789898</ele></trkpt><trkpt lat="37.24904" lon="-118.71604000000002"><ele>3349.1776372380555</ele></trkpt><trkpt lat="37.24896" lon="-118.71638999999999"><ele>3346.8357959296554</ele></trkpt><trkpt lat="37.24897" lon="-118.71671000000003"><ele>3343.786193511216</ele></trkpt><trkpt lat="37.24892" lon="-118.71668"><ele>3342.664876206778</ele></trkpt><trkpt lat="37.24886" lon="-118.71653000000003"><ele>3342.908497790806</ele></trkpt><trkpt lat="37.24884" lon="-118.71652"><ele>3342.40802707267</ele></trkpt><trkpt lat="37.24882" lon="-118.71668"><ele>3340.568769373728</ele></trkpt><trkpt lat="37.24884" lon="-118.71674999999999"><ele>3339.04863862833</ele></trkpt><trkpt lat="37.24893" lon="-118.71683999999999"><ele>3340.286764157936</ele></trkpt><trkpt lat="37.24887" lon="-118.71704999999997"><ele>3340.201227429323</ele></trkpt><trkpt lat="37.24886" lon="-118.71722999999997"><ele>3337.8664790003695</ele></trkpt><trkpt lat="37.24897" lon="-118.71749"><ele>3337.0619945237054</ele></trkpt><trkpt lat="37.249" lon="-118.71760999999998"><ele>3336.0067162718624</ele></trkpt><trkpt lat="37.24899" lon="-118.71767"><ele>3335.2056610071895</ele></trkpt><trkpt lat="37.24892" lon="-118.71780000000001"><ele>3333.5072114853106</ele></trkpt><trkpt lat="37.24891" lon="-118.71787"><ele>3331.627708444139</ele></trkpt><trkpt lat="37.249" lon="-118.71800000000002"><ele>3331.4082273836248</ele></trkpt><trkpt lat="37.24901" lon="-118.71805"><ele>3332.2994464561343</ele></trkpt><trkpt lat="37.24891" lon="-118.71816000000001"><ele>3331.3721463726833</ele></trkpt><trkpt lat="37.24889" lon="-118.71825999999999"><ele>3330.7866868237033</ele></trkpt><trkpt lat="37.24889" lon="-118.71825999999999"><ele>3330.7866868237033</ele></trkpt><trkpt lat="37.24886" lon="-118.71838000000002"><ele>3330.9319363460827</ele></trkpt><trkpt lat="37.24889" lon="-118.71866999999997"><ele>3327.9970898395973</ele></trkpt><trkpt lat="37.24886" lon="-118.719"><ele>3325.0</ele></trkpt><trkpt lat="37.24889" lon="-118.71910000000003"><ele>3323.9928819761967</ele></trkpt><trkpt lat="37.24887" lon="-118.71931000000001"><ele>3323.201227429323</ele></trkpt><trkpt lat="37.24903" lon="-118.71946000000003"><ele>3323.462930048583</ele></trkpt><trkpt lat="37.24904" lon="-118.71955000000003"><ele>3321.6585083482787</ele></trkpt><trkpt lat="37.24899" lon="-118.71958000000001"><ele>3320.55820895216</ele></trkpt><trkpt lat="37.2489" lon="-118.71956999999998"><ele>3319.093075582057</ele></trkpt><trkpt lat="37.24892" lon="-118.71969000000001"><ele>3318.0</ele></trkpt><trkpt lat="37.24905" lon="-118.71982000000003"><ele>3317.189415110508</ele></trkpt><trkpt lat="37.24912" lon="-118.71996000000001"><ele>3314.519481033087</ele></trkpt><trkpt lat="37.24913" lon="-118.72003999999998"><ele>3314.0512047126176</ele></trkpt><trkpt lat="37.24911" lon="-118.72016000000002"><ele>3313.1662441381413</ele></trkpt><trkpt lat="37.24898" lon="-118.72030000000001"><ele>3312.0</ele></trkpt><trkpt lat="37.24883" lon="-118.72033999999996"><ele>3310.030309105292</ele></trkpt><trkpt lat="37.24875" lon="-118.72041000000002"><ele>3309.4414186663926</ele></trkpt><trkpt lat="37.24869" lon="-118.72041999999999"><ele>3309.2084017780144</ele></trkpt><trkpt lat="37.24856" lon="-118.72032999999999"><ele>3308.3934891978124</ele></trkpt><trkpt lat="37.24855" lon="-118.72035"><ele>3307.9733439904403</ele></trkpt><trkpt lat="37.24862677009277" lon="-118.72062829158631"><ele>3305.436034187209</ele></trkpt><trkpt lat="37.24862784437454" lon="-118.72064862250227"><ele>3305.1126254629344</ele></trkpt><trkpt lat="37.24862" lon="-118.72068000000002"><ele>3304.7835421264094</ele></trkpt><trkpt lat="37.24855" lon="-118.72060999999997"><ele>3302.833898245357</ele></trkpt><trkpt lat="37.24858" lon="-118.72077999999999"><ele>3302.2958454274008</ele></trkpt><trkpt lat="37.24868" lon="-118.72093999999998"><ele>3300.6723769835517</ele></trkpt><trkpt lat="37.2487" lon="-118.72102000000001"><ele>3300.051123481605</ele></trkpt><trkpt lat="37.24856" lon="-118.72131000000002"><ele>3296.1937516528815</ele></trkpt><trkpt lat="37.24855" lon="-118.72153000000003"><ele>3294.1203648998635</ele></trkpt><trkpt lat="37.24862" lon="-118.72176000000002"><ele>3292.998144193889</ele></trkpt><trkpt lat="37.24868" lon="-118.72208"><ele>3291.69796003643</ele></trkpt><trkpt lat="37.24877" lon="-118.72225000000003"><ele>3289.273932785727</ele></trkpt><trkpt lat="37.24876" lon="-118.72231"><ele>3288.9968382507363</ele></trkpt><trkpt lat="37.24866" lon="-118.72244999999998"><ele>3289.0050692752548</ele></trkpt><trkpt lat="37.24859" lon="-118.72262999999998"><ele>3286.716481552925</ele></trkpt><trkpt lat="37.2486" lon="-118.72307"><ele>3287.297540809028</ele></trkpt><trkpt lat="37.24868" lon="-118.72327000000001"><ele>3288.0</ele></trkpt><trkpt lat="37.24867" lon="-118.72348"><ele>3288.0</ele></trkpt><trkpt lat="37.24858" lon="-118.72366"><ele>3287.0</ele></trkpt><trkpt lat="37.24856" lon="-118.72390999999999"><ele>3286.126626680605</ele></trkpt><trkpt lat="37.24863" lon="-118.72435999999999"><ele>3284.5052280036984</ele></trkpt><trkpt lat="37.24869" lon="-118.72442000000001"><ele>3284.932211648169</ele></trkpt><trkpt lat="37.24876" lon="-118.72441000000003"><ele>3285.0</ele></trkpt><trkpt lat="37.24886" lon="-118.72455000000002"><ele>3284.025050312861</ele></trkpt><trkpt lat="37.24882" lon="-118.72469999999998"><ele>3283.7375796213746</ele></trkpt><trkpt lat="37.24857" lon="-118.72525000000002"><ele>3281.0</ele></trkpt><trkpt lat="37.24854" lon="-118.72534000000002"><ele>3281.0</ele></trkpt><trkpt lat="37.2486" lon="-118.72586999999999"><ele>3277.2141973336693</ele></trkpt><trkpt lat="37.2485" lon="-118.7262"><ele>3277.0</ele></trkpt><trkpt lat="37.24855" lon="-118.72636"><ele>3276.9661766627873</ele></trkpt><trkpt lat="37.24857" lon="-118.72690999999998"><ele>3274.4193551540375</ele></trkpt><trkpt lat="37.24854" lon="-118.72706"><ele>3273.5411698492244</ele></trkpt><trkpt lat="37.24846" lon="-118.72719999999998"><ele>3272.0</ele></trkpt><trkpt lat="37.24844" lon="-118.72741000000002"><ele>3270.202335310782</ele></trkpt><trkpt lat="37.24838" lon="-118.72759000000002"><ele>3268.1160160841714</ele></trkpt><trkpt lat="37.24844" lon="-118.72788000000003"><ele>3266.2319285333083</ele></trkpt><trkpt lat="37.24851" lon="-118.72807"><ele>3266.66298489552</ele></trkpt><trkpt lat="37.2485" lon="-118.72816"><ele>3266.315951028159</ele></trkpt><trkpt lat="37.24857" lon="-118.72825999999998"><ele>3266.7231258278716</ele></trkpt><trkpt lat="37.24868" lon="-118.72833000000003"><ele>3266.9610674467867</ele></trkpt><trkpt lat="37.24885" lon="-118.72856000000002"><ele>3267.0</ele></trkpt><trkpt lat="37.24884" lon="-118.72892000000002"><ele>3261.467084849952</ele></trkpt><trkpt lat="37.24888" lon="-118.72924999999998"><ele>3258.224498016909</ele></trkpt><trkpt lat="37.24898" lon="-118.72951999999998"><ele>3256.163032889366</ele></trkpt><trkpt lat="37.2489" lon="-118.72987"><ele>3250.0005910005084</ele></trkpt><trkpt lat="37.24902" lon="-118.73007999999999"><ele>3247.7062637880445</ele></trkpt><trkpt lat="37.24903" lon="-118.73019"><ele>3246.4874964123933</ele></trkpt><trkpt lat="37.24908" lon="-118.73032999999998"><ele>3245.536607019311</ele></trkpt><trkpt lat="37.24915" lon="-118.73039"><ele>3245.2882366520353</ele></trkpt><trkpt lat="37.24921" lon="-118.73057"><ele>3243.8503178295214</ele></trkpt><trkpt lat="37.24927" lon="-118.73059999999998"><ele>3243.9974588476744</ele></trkpt><trkpt lat="37.24928" lon="-118.73066"><ele>3243.2031760811806</ele></trkpt><trkpt lat="37.24925" lon="-118.73072000000002"><ele>3242.3249825024977</ele></trkpt><trkpt lat="37.24919" lon="-118.73073"><ele>3241.55039524333</ele></trkpt><trkpt lat="37.24918" lon="-118.73086"><ele>3240.2146352876443</ele></trkpt><trkpt lat="37.24923" lon="-118.73097000000001"><ele>3238.837352313518</ele></trkpt><trkpt lat="37.24922" lon="-118.73111"><ele>3236.5601368283387</ele></trkpt><trkpt lat="37.24928" lon="-118.73118999999997"><ele>3236.4523885261733</ele></trkpt><trkpt lat="37.24925" lon="-118.73144000000002"><ele>3232.748772724066</ele></trkpt><trkpt lat="37.24961" lon="-118.73223999999999"><ele>3228.0</ele></trkpt><trkpt lat="37.2497" lon="-118.73252000000002"><ele>3226.62744183539</ele></trkpt><trkpt lat="37.2497" lon="-118.73262999999997"><ele>3224.8467562522364</ele></trkpt><trkpt lat="37.24988" lon="-118.73286999999999"><ele>3224.0785341073197</ele></trkpt><trkpt lat="37.24992" lon="-118.73304999999999"><ele>3223.93805573415</ele></trkpt><trkpt lat="37.25012" lon="-118.73329999999999"><ele>3223.0</ele></trkpt><trkpt lat="37.25028" lon="-118.73354"><ele>3223.0</ele></trkpt><trkpt lat="37.25033" lon="-118.73370999999997"><ele>3221.97181823503</ele></trkpt><trkpt lat="37.2503" lon="-118.73385999999999"><ele>3219.033703111112</ele></trkpt><trkpt lat="37.25033" lon="-118.73401000000001"><ele>3217.972386205567</ele></trkpt><trkpt lat="37.25051" lon="-118.73419999999999"><ele>3217.023271932195</ele></trkpt><trkpt lat="37.25058" lon="-118.73433"><ele>3216.3192973244786</ele></trkpt><trkpt lat="37.25059" lon="-118.73442"><ele>3215.9847573330626</ele></trkpt><trkpt lat="37.25063" lon="-118.73446999999999"><ele>3215.0</ele></trkpt><trkpt lat="37.25074" lon="-118.73450000000003"><ele>3216.1136686943146</ele></trkpt><trkpt lat="37.25085" lon="-118.73458"><ele>3216.256487111328</ele></trkpt><trkpt lat="37.25101" lon="-118.73457000000002"><ele>3217.278278313105</ele></trkpt><trkpt lat="37.25109" lon="-118.73473000000001"><ele>3218.9044743575546</ele></trkpt><trkpt lat="37.25135" lon="-118.73498000000001"><ele>3217.987122352266</ele></trkpt><trkpt lat="37.2517" lon="-118.73594000000003"><ele>3213.0256351417847</ele></trkpt><trkpt lat="37.25187" lon="-118.73626999999999"><ele>3211.0218732785434</ele></trkpt><trkpt lat="37.25188" lon="-118.73642000000001"><ele>3210.0</ele></trkpt><trkpt lat="37.25197" lon="-118.73662000000002"><ele>3207.706895348676</ele></trkpt><trkpt lat="37.25218" lon="-118.73690999999997"><ele>3204.9635520006996</ele></trkpt><trkpt lat="37.25238" lon="-118.73712"><ele>3204.0219281599857</ele></trkpt><trkpt lat="37.25256" lon="-118.73752000000002"><ele>3203.0</ele></trkpt><trkpt lat="37.2526" lon="-118.73764"><ele>3201.9716223485493</ele></trkpt><trkpt lat="37.25256" lon="-118.73780999999997"><ele>3200.0</ele></trkpt><trkpt lat="37.25251" lon="-118.73783000000003"><ele>3199.757396955043</ele></trkpt><trkpt lat="37.2524" lon="-118.73770000000002"><ele>3196.0</ele></trkpt><trkpt lat="37.25234" lon="-118.73773"><ele>3194.7807579552755</ele></trkpt><trkpt lat="37.2523" lon="-118.73792000000003"><ele>3191.609785705805</ele></trkpt><trkpt lat="37.25239" lon="-118.73824000000002"><ele>3189.97230577725</ele></trkpt><trkpt lat="37.25251" lon="-118.73840000000001"><ele>3188.001432510093</ele></trkpt><trkpt lat="37.2526" lon="-118.73858000000001"><ele>3187.4418242906686</ele></trkpt><trkpt lat="37.25272" lon="-118.73874999999998"><ele>3186.001869764501</ele></trkpt><trkpt lat="37.2528" lon="-118.73896000000002"><ele>3183.393889334715</ele></trkpt><trkpt lat="37.25297" lon="-118.73910999999998"><ele>3182.380173352324</ele></trkpt><trkpt lat="37.25298" lon="-118.73917"><ele>3181.8181336200796</ele></trkpt><trkpt lat="37.25295" lon="-118.73919000000001"><ele>3180.9405504665538</ele></trkpt><trkpt lat="37.25282" lon="-118.73918000000003"><ele>3179.8439855768875</ele></trkpt><trkpt lat="37.25277" lon="-118.73921000000001"><ele>3178.3696675549727</ele></trkpt><trkpt lat="37.25295" lon="-118.73962"><ele>3172.933412765807</ele></trkpt><trkpt lat="37.25305" lon="-118.73975000000002"><ele>3172.3523744056</ele></trkpt><trkpt lat="37.25309" lon="-118.74000000000001"><ele>3168.7081207847077</ele></trkpt><trkpt lat="37.25299" lon="-118.73998"><ele>3167.4273671109695</ele></trkpt><trkpt lat="37.25305" lon="-118.74023"><ele>3164.942416264964</ele></trkpt><trkpt lat="37.25305" lon="-118.74023"><ele>3164.942416264964</ele></trkpt><trkpt lat="37.25306" lon="-118.74029000000002"><ele>3163.8872361989725</ele></trkpt><trkpt lat="37.25324" lon="-118.74047000000002"><ele>3164.0</ele></trkpt><trkpt lat="37.25325" lon="-118.74056000000002"><ele>3163.3836996621135</ele></trkpt><trkpt lat="37.25318" lon="-118.74065999999999"><ele>3160.953537488822</ele></trkpt><trkpt lat="37.25316" lon="-118.74077"><ele>3159.0149565406286</ele></trkpt><trkpt lat="37.25318" lon="-118.74086999999997"><ele>3157.8043946531734</ele></trkpt><trkpt lat="37.25327" lon="-118.74108000000001"><ele>3156.0060380334035</ele></trkpt><trkpt lat="37.25341" lon="-118.74122"><ele>3157.582044190063</ele></trkpt><trkpt lat="37.25349" lon="-118.74133999999998"><ele>3156.7370702223852</ele></trkpt><trkpt lat="37.25357" lon="-118.74151999999998"><ele>3153.5427662224974</ele></trkpt><trkpt lat="37.25356" lon="-118.74162000000001"><ele>3152.1053866741822</ele></trkpt><trkpt lat="37.2535" lon="-118.74169"><ele>3149.581479110988</ele></trkpt><trkpt lat="37.25343" lon="-118.74164000000002"><ele>3150.667995993818</ele></trkpt><trkpt lat="37.25342" lon="-118.74171999999999"><ele>3148.882428444922</ele></trkpt><trkpt lat="37.2534" lon="-118.74173000000002"><ele>3148.649411554914</ele></trkpt><trkpt lat="37.25339" lon="-118.74166000000002"><ele>3149.426125257881</ele></trkpt><trkpt lat="37.25337" lon="-118.74166000000002"><ele>3149.2140372921713</ele></trkpt><trkpt lat="37.25336" lon="-118.74171000000001"><ele>3148.6407603919506</ele></trkpt><trkpt lat="37.2533" lon="-118.74167999999997"><ele>3147.720241276941</ele></trkpt><trkpt lat="37.2533" lon="-118.74173000000002"><ele>3146.649411554914</ele></trkpt><trkpt lat="37.25334" lon="-118.74187999999998"><ele>3145.2009047368106</ele></trkpt><trkpt lat="37.25356" lon="-118.74191000000002"><ele>3146.455107555026</ele></trkpt><trkpt lat="37.25374" lon="-118.74203999999997"><ele>3145.9651938012116</ele></trkpt><trkpt lat="37.25387" lon="-118.74203"><ele>3146.888722990174</ele></trkpt><trkpt lat="37.254" lon="-118.74214999999998"><ele>3150.376654605381</ele></trkpt><trkpt lat="37.25415" lon="-118.74216000000001"><ele>3149.7758335134586</ele></trkpt><trkpt lat="37.25433" lon="-118.74232999999998"><ele>3148.7058104746975</ele></trkpt><trkpt lat="37.25439" lon="-118.74248"><ele>3148.7939181886613</ele></trkpt><trkpt lat="37.2544" lon="-118.74259999999998"><ele>3147.463611538289</ele></trkpt><trkpt lat="37.2545" lon="-118.74286999999998"><ele>3145.098456503125</ele></trkpt><trkpt lat="37.25444" lon="-118.74293"><ele>3144.6873848889954</ele></trkpt><trkpt lat="37.25408" lon="-118.74273"><ele>3140.3709299068432</ele></trkpt><trkpt lat="37.254" lon="-118.74282"><ele>3139.0943785956024</ele></trkpt><trkpt lat="37.25404" lon="-118.74295000000001"><ele>3138.1212236613883</ele></trkpt><trkpt lat="37.25413" lon="-118.74308000000002"><ele>3136.1921315551735</ele></trkpt><trkpt lat="37.25425" lon="-118.74318"><ele>3136.0</ele></trkpt><trkpt lat="37.25436" lon="-118.74347"><ele>3133.095662172525</ele></trkpt><trkpt lat="37.25446" lon="-118.74360999999999"><ele>3132.842236444354</ele></trkpt><trkpt lat="37.25469999871932" lon="-118.74379999888293"><ele>3131.923464797588</ele></trkpt><trkpt lat="37.25469999871932" lon="-118.74379999888293"><ele>3131.923464797588</ele></trkpt><trkpt lat="37.2547" lon="-118.74379999999996"><ele>3131.923483328725</ele></trkpt><trkpt lat="37.2551" lon="-118.74403999999998"><ele>3133.579344666563</ele></trkpt><trkpt lat="37.25525" lon="-118.74435"><ele>3132.0175760566435</ele></trkpt><trkpt lat="37.25559" lon="-118.7448"><ele>3126.217885552084</ele></trkpt><trkpt lat="37.2556877418882" lon="-118.74499005367147"><ele>3124.4704378764145</ele></trkpt><trkpt lat="37.255716082627075" lon="-118.74504516057607"><ele>3124.0160466430243</ele></trkpt><trkpt lat="37.25577" lon="-118.74514999999997"><ele>3123.1515764100477</ele></trkpt><trkpt lat="37.25591" lon="-118.74565000000001"><ele>3117.3067911106627</ele></trkpt><trkpt lat="37.25605" lon="-118.74597"><ele>3115.3325646787994</ele></trkpt><trkpt lat="37.25633" lon="-118.74642"><ele>3112.952854711795</ele></trkpt><trkpt lat="37.25657" lon="-118.74694"><ele>3108.8621951674577</ele></trkpt><trkpt lat="37.25668" lon="-118.7473"><ele>3106.693944875151</ele></trkpt><trkpt lat="37.25669" lon="-118.74748"><ele>3103.920101353666</ele></trkpt><trkpt lat="37.25676" lon="-118.74778000000003"><ele>3101.851215494564</ele></trkpt><trkpt lat="37.25675" lon="-118.74781999999999"><ele>3100.6562335872954</ele></trkpt><trkpt lat="37.25673" lon="-118.74781999999999"><ele>3100.221703487497</ele></trkpt><trkpt lat="37.25669" lon="-118.74772999999999"><ele>3100.1277004545555</ele></trkpt><trkpt lat="37.25666" lon="-118.74772999999999"><ele>3099.249420496635</ele></trkpt><trkpt lat="37.25659" lon="-118.74781000000002"><ele>3097.1752450661734</ele></trkpt><trkpt lat="37.25656" lon="-118.74788999999998"><ele>3096.0</ele></trkpt><trkpt lat="37.25656" lon="-118.74811"><ele>3093.9895807924486</ele></trkpt><trkpt lat="37.25672531910641" lon="-118.74852660414814"><ele>3087.438759208657</ele></trkpt><trkpt lat="37.25672531910641" lon="-118.74852660414814"><ele>3087.438759208657</ele></trkpt><trkpt lat="37.25681" lon="-118.74874"><ele>3084.9453962296247</ele></trkpt><trkpt lat="37.257" lon="-118.74898000000002"><ele>3084.8569367982623</ele></trkpt><trkpt lat="37.25722" lon="-118.74937"><ele>3085.644037385471</ele></trkpt><trkpt lat="37.25723" lon="-118.74966"><ele>3082.9915955143706</ele></trkpt><trkpt lat="37.25729" lon="-118.74982999999997"><ele>3082.0</ele></trkpt><trkpt lat="37.25729" lon="-118.74988000000002"><ele>3081.920475418561</ele></trkpt><trkpt lat="37.25724" lon="-118.74993"><ele>3080.2295616706833</ele></trkpt><trkpt lat="37.25726" lon="-118.75011"><ele>3078.8855861345373</ele></trkpt><trkpt lat="37.25712" lon="-118.75009999999997"><ele>3076.440078242796</ele></trkpt><trkpt lat="37.25712" lon="-118.75017000000003"><ele>3075.983157332521</ele></trkpt><trkpt lat="37.25716" lon="-118.75027999999998"><ele>3075.0</ele></trkpt><trkpt lat="37.25708" lon="-118.75036999999998"><ele>3073.1760566620333</ele></trkpt><trkpt lat="37.25707" lon="-118.75042000000002"><ele>3072.1577351104934</ele></trkpt><trkpt lat="37.25715" lon="-118.75042000000002"><ele>3072.1577351104934</ele></trkpt><trkpt lat="37.25726" lon="-118.75049999999999"><ele>3070.869376829851</ele></trkpt><trkpt lat="37.25738" lon="-118.75065999999998"><ele>3069.2733339821825</ele></trkpt><trkpt lat="37.25741" lon="-118.75074999999998"><ele>3069.4130487553775</ele></trkpt><trkpt lat="37.25739" lon="-118.75094999999999"><ele>3068.62099877093</ele></trkpt><trkpt lat="37.25753" lon="-118.75121999999999"><ele>3067.584114671239</ele></trkpt><trkpt lat="37.25755" lon="-118.75182999999998"><ele>3060.0922807863276</ele></trkpt><trkpt lat="37.25778" lon="-118.75243999999998"><ele>3055.0883235561196</ele></trkpt><trkpt lat="37.25779" lon="-118.75266999999997"><ele>3052.2416714773476</ele></trkpt><trkpt lat="37.25787" lon="-118.75283999999999"><ele>3051.0</ele></trkpt><trkpt lat="37.25788" lon="-118.75299000000001"><ele>3049.2723946664482</ele></trkpt><trkpt lat="37.25785" lon="-118.75315"><ele>3047.584299420885</ele></trkpt><trkpt lat="37.25778" lon="-118.75337000000002"><ele>3044.4177528882865</ele></trkpt><trkpt lat="37.25768" lon="-118.75387999999998"><ele>3037.0593341943822</ele></trkpt><trkpt lat="37.25771" lon="-118.75432"><ele>3032.0</ele></trkpt><trkpt lat="37.25768" lon="-118.75443000000001"><ele>3030.749306967856</ele></trkpt><trkpt lat="37.25773" lon="-118.75472000000002"><ele>3027.983199208185</ele></trkpt><trkpt lat="37.25767" lon="-118.75488999999999"><ele>3025.999185777735</ele></trkpt><trkpt lat="37.25769" lon="-118.75504000000001"><ele>3024.0</ele></trkpt><trkpt lat="37.25776" lon="-118.75512000000003"><ele>3023.28998665016</ele></trkpt><trkpt lat="37.25785" lon="-118.75515000000001"><ele>3022.940746666165</ele></trkpt><trkpt lat="37.25794" lon="-118.75524000000001"><ele>3021.0</ele></trkpt><trkpt lat="37.25811" lon="-118.75560000000002"><ele>3020.318499117573</ele></trkpt><trkpt lat="37.25818" lon="-118.7559"><ele>3020.0</ele></trkpt><trkpt lat="37.25835" lon="-118.75644"><ele>3017.7264032829553</ele></trkpt><trkpt lat="37.25859119850428" lon="-118.75678896804874"><ele>3016.590942207351</ele></trkpt><trkpt lat="37.25864307716387" lon="-118.75686402603696"><ele>3016.0003206037345</ele></trkpt><trkpt lat="37.25882" lon="-118.75711999999999"><ele>3015.01771707665</ele></trkpt><trkpt lat="37.25887" lon="-118.75736999999998"><ele>3013.0</ele></trkpt><trkpt lat="37.25904" lon="-118.75756000000001"><ele>3009.9842914541455</ele></trkpt><trkpt lat="37.25907" lon="-118.75768"><ele>3009.7931655116845</ele></trkpt><trkpt lat="37.25916" lon="-118.75786"><ele>3009.0</ele></trkpt><trkpt lat="37.25939" lon="-118.75803000000002"><ele>3008.831882666331</ele></trkpt><trkpt lat="37.2595" lon="-118.75822"><ele>3007.404561777599</ele></trkpt><trkpt lat="37.25955" lon="-118.75842"><ele>3006.0</ele></trkpt><trkpt lat="37.25966" lon="-118.75860999999998"><ele>3004.3709686970246</ele></trkpt><trkpt lat="37.2597" lon="-118.75875000000002"><ele>3003.291221601643</ele></trkpt><trkpt lat="37.25978" lon="-118.75880999999998"><ele>3003.0</ele></trkpt><trkpt lat="37.2601" lon="-118.75925000000001"><ele>2999.388127768394</ele></trkpt><trkpt lat="37.26013" lon="-118.75936000000002"><ele>2997.8406364438124</ele></trkpt><trkpt lat="37.26012" lon="-118.75946999999996"><ele>2996.2774506672285</ele></trkpt><trkpt lat="37.26056" lon="-118.76058"><ele>2990.0</ele></trkpt><trkpt lat="37.26133" lon="-118.76164"><ele>2984.0</ele></trkpt><trkpt lat="37.26156" lon="-118.76216"><ele>2980.420979508968</ele></trkpt><trkpt lat="37.26156" lon="-118.76220999999998"><ele>2979.430823111208</ele></trkpt><trkpt lat="37.26156" lon="-118.76220999999998"><ele>2979.430823111208</ele></trkpt><trkpt lat="37.26157" lon="-118.76243999999997"><ele>2977.071434667334</ele></trkpt><trkpt lat="37.26162" lon="-118.76254"><ele>2975.7412657774985</ele></trkpt><trkpt lat="37.26179" lon="-118.76263"><ele>2973.8008381344353</ele></trkpt><trkpt lat="37.262" lon="-118.7629"><ele>2971.352657777723</ele></trkpt><trkpt lat="37.26219" lon="-118.76319999999998"><ele>2970.513754606014</ele></trkpt><trkpt lat="37.26241" lon="-118.76389"><ele>2968.168347960213</ele></trkpt><trkpt lat="37.26241" lon="-118.76409000000001"><ele>2965.846751044066</ele></trkpt><trkpt lat="37.2625" lon="-118.76423999999997"><ele>2965.0292542454345</ele></trkpt><trkpt lat="37.26256" lon="-118.7645"><ele>2964.0</ele></trkpt><trkpt lat="37.26256" lon="-118.7645"><ele>2964.0</ele></trkpt><trkpt lat="37.26256" lon="-118.7645"><ele>2964.0</ele></trkpt><trkpt lat="37.26281" lon="-118.76499000000001"><ele>2962.0</ele></trkpt><trkpt lat="37.26284" lon="-118.76513999999997"><ele>2961.0</ele></trkpt><trkpt lat="37.26295" lon="-118.76537000000002"><ele>2959.32146977432</ele></trkpt><trkpt lat="37.26298" lon="-118.76551999999998"><ele>2958.4986244437</ele></trkpt><trkpt lat="37.26297" lon="-118.76565"><ele>2957.2699208272993</ele></trkpt><trkpt lat="37.26288" lon="-118.76580000000001"><ele>2955.7777599997353</ele></trkpt><trkpt lat="37.26286" lon="-118.76589000000001"><ele>2954.680607999675</ele></trkpt><trkpt lat="37.26294" lon="-118.76612999999998"><ele>2953.0</ele></trkpt><trkpt lat="37.26304" lon="-118.76634999999999"><ele>2951.0</ele></trkpt><trkpt lat="37.26322" lon="-118.76659999999998"><ele>2950.0</ele></trkpt><trkpt lat="37.26335" lon="-118.76684999999998"><ele>2948.0</ele></trkpt><trkpt lat="37.26351" lon="-118.76699000000002"><ele>2946.0487502214964</ele></trkpt><trkpt lat="37.26378" lon="-118.76733999999999"><ele>2944.9684115349446</ele></trkpt><trkpt lat="37.26395" lon="-118.76774"><ele>2943.8639368751737</ele></trkpt><trkpt lat="37.26411" lon="-118.76803999999998"><ele>2942.5819768894</ele></trkpt><trkpt lat="37.26424" lon="-118.76814999999999"><ele>2943.1726119481027</ele></trkpt><trkpt lat="37.26427" lon="-118.76835"><ele>2942.0182740580344</ele></trkpt><trkpt lat="37.26444" lon="-118.76854000000003"><ele>2940.9027248802595</ele></trkpt><trkpt lat="37.26452" lon="-118.76875999999999"><ele>2936.80476088915</ele></trkpt><trkpt lat="37.26468" lon="-118.76886999999999"><ele>2937.283578827924</ele></trkpt><trkpt lat="37.26479" lon="-118.76918999999998"><ele>2934.785034666769</ele></trkpt><trkpt lat="37.26486" lon="-118.76932999999997"><ele>2932.0</ele></trkpt><trkpt lat="37.26504" lon="-118.7695"><ele>2930.5615111114457</ele></trkpt><trkpt lat="37.26506" lon="-118.76971000000003"><ele>2928.6681564436294</ele></trkpt><trkpt lat="37.26528" lon="-118.77025000000003"><ele>2921.0531003811775</ele></trkpt><trkpt lat="37.26531" lon="-118.7704"><ele>2919.5899911110755</ele></trkpt><trkpt lat="37.26531" lon="-118.7704"><ele>2919.5899911110755</ele></trkpt><trkpt lat="37.2652" lon="-118.77076"><ele>2917.0</ele></trkpt><trkpt lat="37.2652" lon="-118.77081584674244"><ele>2917.0</ele></trkpt><trkpt lat="37.26519999999997" lon="-118.77083730441456"><ele>2917.0</ele></trkpt><trkpt lat="37.2652" lon="-118.77091999999999"><ele>2916.34037031283</ele></trkpt><trkpt lat="37.26527" lon="-118.77112"><ele>2914.874582832009</ele></trkpt><trkpt lat="37.26531" lon="-118.77132"><ele>2914.0</ele></trkpt><trkpt lat="37.26531" lon="-118.77132"><ele>2914.0</ele></trkpt><trkpt lat="37.26536" lon="-118.77147000000002"><ele>2913.0</ele></trkpt><trkpt lat="37.26556" lon="-118.77172000000002"><ele>2912.0</ele></trkpt><trkpt lat="37.2656" lon="-118.77193999999997"><ele>2911.699979043397</ele></trkpt><trkpt lat="37.26567" lon="-118.77208999999999"><ele>2911.0</ele></trkpt><trkpt lat="37.26576" lon="-118.77238999999997"><ele>2910.0</ele></trkpt><trkpt lat="37.26594" lon="-118.7731"><ele>2907.0</ele></trkpt><trkpt lat="37.26607" lon="-118.77325000000002"><ele>2904.3820821988706</ele></trkpt><trkpt lat="37.26619" lon="-118.77327000000002"><ele>2902.523265744065</ele></trkpt><trkpt lat="37.26625" lon="-118.77332000000001"><ele>2902.0</ele></trkpt><trkpt lat="37.2663" lon="-118.77343000000002"><ele>2901.9927681035274</ele></trkpt><trkpt lat="37.26631043470931" lon="-118.77351869502911"><ele>2900.729400499407</ele></trkpt><trkpt lat="37.26631043470931" lon="-118.77351869502911"><ele>2900.729400499407</ele></trkpt><trkpt lat="37.26634" lon="-118.77377000000001"><ele>2900.041729697952</ele></trkpt><trkpt lat="37.26637" lon="-118.77386999999999"><ele>2899.876608803584</ele></trkpt><trkpt lat="37.26652" lon="-118.77408000000003"><ele>2896.8510551459026</ele></trkpt><trkpt lat="37.26652" lon="-118.77417000000003"><ele>2895.7607422690726</ele></trkpt><trkpt lat="37.26655" lon="-118.77422999999999"><ele>2895.0</ele></trkpt><trkpt lat="37.2666" lon="-118.77449000000001"><ele>2892.8058210188883</ele></trkpt><trkpt lat="37.26658" lon="-118.77485000000001"><ele>2888.0</ele></trkpt><trkpt lat="37.2666" lon="-118.77495999999996"><ele>2887.0</ele></trkpt><trkpt lat="37.26668" lon="-118.77506"><ele>2886.61597006748</ele></trkpt><trkpt lat="37.26687" lon="-118.77544"><ele>2886.0</ele></trkpt><trkpt lat="37.26693" lon="-118.77573000000001"><ele>2885.0</ele></trkpt><trkpt lat="37.26686" lon="-118.77609000000001"><ele>2884.0</ele></trkpt><trkpt lat="37.26687" lon="-118.77643"><ele>2883.244025151627</ele></trkpt><trkpt lat="37.26692" lon="-118.7767"><ele>2881.92449612173</ele></trkpt><trkpt lat="37.26681" lon="-118.77714000000003"><ele>2880.0</ele></trkpt><trkpt lat="37.26682" lon="-118.7774"><ele>2880.0</ele></trkpt><trkpt lat="37.2668" lon="-118.77760999999998"><ele>2881.0</ele></trkpt><trkpt lat="37.26682" lon="-118.77792999999997"><ele>2882.0</ele></trkpt><trkpt lat="37.26677" lon="-118.77816999999999"><ele>2879.535868444713</ele></trkpt><trkpt lat="37.26692" lon="-118.77897999999999"><ele>2881.0</ele></trkpt><trkpt lat="37.26693" lon="-118.78035"><ele>2880.9343650974333</ele></trkpt><trkpt lat="37.26693" lon="-118.78035"><ele>2880.9343650974333</ele></trkpt><trkpt lat="37.26692" lon="-118.78044999999997"><ele>2880.6415652669966</ele></trkpt><trkpt lat="37.2668" lon="-118.78075000000001"><ele>2879.053429030537</ele></trkpt><trkpt lat="37.2668" lon="-118.78096"><ele>2878.0608938521827</ele></trkpt><trkpt lat="37.26662" lon="-118.78163"><ele>2875.0</ele></trkpt><trkpt lat="37.26622" lon="-118.78233"><ele>2872.0</ele></trkpt><trkpt lat="37.26617" lon="-118.78248000000002"><ele>2872.0</ele></trkpt><trkpt lat="37.26613" lon="-118.78273999999999"><ele>2872.0</ele></trkpt><trkpt lat="37.26614" lon="-118.78296"><ele>2871.0</ele></trkpt><trkpt lat="37.26598" lon="-118.78345999999999"><ele>2869.0</ele></trkpt><trkpt lat="37.26598" lon="-118.78370000000001"><ele>2870.0</ele></trkpt><trkpt lat="37.26588" lon="-118.78417999999999"><ele>2868.0</ele></trkpt><trkpt lat="37.26588" lon="-118.78417999999999"><ele>2868.0</ele></trkpt><trkpt lat="37.26584" lon="-118.78430000000003"><ele>2868.0</ele></trkpt><trkpt lat="37.26582" lon="-118.78451000000001"><ele>2868.0</ele></trkpt><trkpt lat="37.26576" lon="-118.78467999999998"><ele>2867.6770486664027</ele></trkpt><trkpt lat="37.26576" lon="-118.78505999999999"><ele>2865.9872320001014</ele></trkpt><trkpt lat="37.26573" lon="-118.78514000000001"><ele>2865.0</ele></trkpt><trkpt lat="37.26558" lon="-118.78532000000001"><ele>2864.028962747261</ele></trkpt><trkpt lat="37.26551" lon="-118.78565000000003"><ele>2863.510964085117</ele></trkpt><trkpt lat="37.2655" lon="-118.78583000000003"><ele>2863.957961316818</ele></trkpt><trkpt lat="37.2654" lon="-118.78651000000002"><ele>2862.0</ele></trkpt><trkpt lat="37.26531" lon="-118.78676999999999"><ele>2860.0</ele></trkpt><trkpt lat="37.26531" lon="-118.78676999999999"><ele>2860.0</ele></trkpt><trkpt lat="37.26516" lon="-118.78764000000001"><ele>2859.014345183371</ele></trkpt><trkpt lat="37.26506" lon="-118.78784000000002"><ele>2858.1436290289516</ele></trkpt><trkpt lat="37.26502" lon="-118.78800999999999"><ele>2857.0103027932346</ele></trkpt><trkpt lat="37.26467" lon="-118.78861999999998"><ele>2853.737258787511</ele></trkpt><trkpt lat="37.26449" lon="-118.78915999999998"><ele>2853.4923588968813</ele></trkpt><trkpt lat="37.26407" lon="-118.78975000000003"><ele>2851.0</ele></trkpt><trkpt lat="37.2639" lon="-118.79005999999998"><ele>2848.0</ele></trkpt><trkpt lat="37.26381" lon="-118.79038000000003"><ele>2847.0</ele></trkpt><trkpt lat="37.26347" lon="-118.79104000000001"><ele>2847.7607187268354</ele></trkpt><trkpt lat="37.2632" lon="-118.79142999999999"><ele>2846.722725431435</ele></trkpt><trkpt lat="37.26312" lon="-118.79165999999998"><ele>2846.380443884991</ele></trkpt><trkpt lat="37.26299" lon="-118.7919"><ele>2845.574241679162</ele></trkpt><trkpt lat="37.2627" lon="-118.79219999999998"><ele>2844.032302575369</ele></trkpt><trkpt lat="37.26241" lon="-118.79271"><ele>2842.1604649817236</ele></trkpt><trkpt lat="37.26236" lon="-118.79289"><ele>2842.5339509424557</ele></trkpt><trkpt lat="37.26225" lon="-118.79309"><ele>2841.0336225065403</ele></trkpt><trkpt lat="37.26159" lon="-118.79377"><ele>2834.584788129665</ele></trkpt><trkpt lat="37.26142" lon="-118.79404"><ele>2834.6075492175296</ele></trkpt><trkpt lat="37.2612" lon="-118.79428000000001"><ele>2833.142190455269</ele></trkpt><trkpt lat="37.26096" lon="-118.79471000000001"><ele>2833.8916691921536</ele></trkpt><trkpt lat="37.260849131924495" lon="-118.79494097515732"><ele>2833.921025880393</ele></trkpt><trkpt lat="37.26084439086175" lon="-118.79495085237829"><ele>2833.874161691403</ele></trkpt><trkpt lat="37.26084" lon="-118.79496"><ele>2833.8877484657382</ele></trkpt><trkpt lat="37.26076" lon="-118.79506000000003"><ele>2834.0</ele></trkpt><trkpt lat="37.2606" lon="-118.79543000000001"><ele>2833.0</ele></trkpt><trkpt lat="37.26051" lon="-118.79554000000002"><ele>2832.0</ele></trkpt><trkpt lat="37.26042" lon="-118.79559999999998"><ele>2832.2020868906748</ele></trkpt><trkpt lat="37.26032" lon="-118.79581999999999"><ele>2832.297170221703</ele></trkpt><trkpt lat="37.25973" lon="-118.79610000000002"><ele>2827.0</ele></trkpt><trkpt lat="37.25939" lon="-118.79635000000002"><ele>2824.0</ele></trkpt><trkpt lat="37.25931" lon="-118.79649999999998"><ele>2822.415911111515</ele></trkpt><trkpt lat="37.25916" lon="-118.79667"><ele>2822.0</ele></trkpt><trkpt lat="37.2591" lon="-118.79667999999998"><ele>2821.0</ele></trkpt><trkpt lat="37.25888" lon="-118.79687000000001"><ele>2820.243082156405</ele></trkpt><trkpt lat="37.25869" lon="-118.79691000000003"><ele>2818.724509591203</ele></trkpt><trkpt lat="37.25853" lon="-118.79705000000001"><ele>2819.0</ele></trkpt><trkpt lat="37.2584" lon="-118.79730999999998"><ele>2819.1902362490073</ele></trkpt><trkpt lat="37.25817" lon="-118.79750999999999"><ele>2817.5211641708634</ele></trkpt><trkpt lat="37.25804" lon="-118.79770000000002"><ele>2817.355335866635</ele></trkpt><trkpt lat="37.25792" lon="-118.79782"><ele>2816.4797981122974</ele></trkpt><trkpt lat="37.2578" lon="-118.79800999999998"><ele>2816.0</ele></trkpt><trkpt lat="37.25776" lon="-118.79817000000003"><ele>2815.4532476700842</ele></trkpt><trkpt lat="37.25751" lon="-118.79872"><ele>2814.134154746309</ele></trkpt><trkpt lat="37.25734" lon="-118.79883999999998"><ele>2812.15718543157</ele></trkpt><trkpt lat="37.25721" lon="-118.79917"><ele>2810.2808791059265</ele></trkpt><trkpt lat="37.25707" lon="-118.79937000000001"><ele>2810.2526101963595</ele></trkpt><trkpt lat="37.25712" lon="-118.79961000000003"><ele>2811.0</ele></trkpt><trkpt lat="37.2571" lon="-118.79967999999997"><ele>2811.0</ele></trkpt><trkpt lat="37.25699" lon="-118.79984000000002"><ele>2811.910519272089</ele></trkpt><trkpt lat="37.257" lon="-118.80024000000003"><ele>2813.148883723965</ele></trkpt><trkpt lat="37.25694" lon="-118.80036000000001"><ele>2813.9753217061516</ele></trkpt><trkpt lat="37.25689" lon="-118.80059"><ele>2815.8728197977393</ele></trkpt><trkpt lat="37.25681" lon="-118.80069000000003"><ele>2816.8589891195297</ele></trkpt><trkpt lat="37.25657" lon="-118.80084999999997"><ele>2815.0</ele></trkpt><trkpt lat="37.25648" lon="-118.80096000000003"><ele>2814.990068898032</ele></trkpt><trkpt lat="37.25646" lon="-118.80102"><ele>2815.357851249727</ele></trkpt><trkpt lat="37.25624" lon="-118.80108999999999"><ele>2813.467342976004</ele></trkpt><trkpt lat="37.25619" lon="-118.80108000000001"><ele>2811.4897468220443</ele></trkpt><trkpt lat="37.25612" lon="-118.80124999999998"><ele>2811.440441068262</ele></trkpt><trkpt lat="37.25576" lon="-118.80151999999998"><ele>2810.0</ele></trkpt><trkpt lat="37.25565" lon="-118.80167"><ele>2807.0538204447366</ele></trkpt><trkpt lat="37.2553" lon="-118.80192"><ele>2805.3819691644067</ele></trkpt><trkpt lat="37.25503" lon="-118.80221"><ele>2804.0</ele></trkpt><trkpt lat="37.25477" lon="-118.80263000000002"><ele>2803.3889263093265</ele></trkpt><trkpt lat="37.25466" lon="-118.80295999999998"><ele>2806.0</ele></trkpt><trkpt lat="37.25436" lon="-118.80333999999999"><ele>2804.9972709958124</ele></trkpt><trkpt lat="37.25403" lon="-118.80401"><ele>2805.147786055511</ele></trkpt><trkpt lat="37.25364" lon="-118.80425000000002"><ele>2800.0</ele></trkpt><trkpt lat="37.25346" lon="-118.80455"><ele>2798.730917816283</ele></trkpt><trkpt lat="37.25339" lon="-118.80471"><ele>2799.9475493993878</ele></trkpt><trkpt lat="37.25328" lon="-118.80480999999997"><ele>2799.5199083604384</ele></trkpt><trkpt lat="37.25299" lon="-118.80523"><ele>2799.8091441551223</ele></trkpt><trkpt lat="37.25266" lon="-118.80554000000001"><ele>2796.1485583372414</ele></trkpt><trkpt lat="37.25261" lon="-118.80569000000003"><ele>2795.6848369054496</ele></trkpt><trkpt lat="37.25255" lon="-118.80579"><ele>2794.9283724687994</ele></trkpt><trkpt lat="37.25237" lon="-118.80592000000001"><ele>2791.6589875509962</ele></trkpt><trkpt lat="37.25237" lon="-118.80615"><ele>2792.507105152996</ele></trkpt><trkpt lat="37.25237" lon="-118.80615"><ele>2792.507105152996</ele></trkpt><trkpt lat="37.25236" lon="-118.80623000000003"><ele>2791.675766092725</ele></trkpt><trkpt lat="37.25231" lon="-118.80628999999999"><ele>2791.7076231108513</ele></trkpt><trkpt lat="37.25214" lon="-118.80633999999998"><ele>2789.925902920775</ele></trkpt><trkpt lat="37.25205" lon="-118.80641000000003"><ele>2788.795049005421</ele></trkpt><trkpt lat="37.25194" lon="-118.80662000000001"><ele>2787.51108229715</ele></trkpt><trkpt lat="37.25152" lon="-118.80691999999999"><ele>2783.0</ele></trkpt><trkpt lat="37.25148" lon="-118.80686000000003"><ele>2782.5986910622996</ele></trkpt><trkpt lat="37.25148" lon="-118.80669999999998"><ele>2780.261315555079</ele></trkpt><trkpt lat="37.25124" lon="-118.80678"><ele>2777.6320312671246</ele></trkpt><trkpt lat="37.25111" lon="-118.80674999999997"><ele>2777.0</ele></trkpt><trkpt lat="37.25104" lon="-118.80687"><ele>2776.938668077677</ele></trkpt><trkpt lat="37.25095" lon="-118.80718999999999"><ele>2774.679143110756</ele></trkpt><trkpt lat="37.25088" lon="-118.80728999999997"><ele>2776.0</ele></trkpt><trkpt lat="37.25078" lon="-118.80732999999998"><ele>2776.0</ele></trkpt><trkpt lat="37.25067" lon="-118.80734000000001"><ele>2774.893195337616</ele></trkpt><trkpt lat="37.25054" lon="-118.80748"><ele>2772.5242550377734</ele></trkpt><trkpt lat="37.25037" lon="-118.80758000000003"><ele>2770.792713195794</ele></trkpt><trkpt lat="37.25022" lon="-118.80759999999998"><ele>2768.5524238785083</ele></trkpt><trkpt lat="37.25013" lon="-118.80770000000001"><ele>2766.4851171182545</ele></trkpt><trkpt lat="37.25009" lon="-118.80779000000001"><ele>2765.0</ele></trkpt><trkpt lat="37.25001" lon="-118.80813"><ele>2763.7509764293936</ele></trkpt><trkpt lat="37.2498" lon="-118.80839000000003"><ele>2759.152593871062</ele></trkpt><trkpt lat="37.2498" lon="-118.80851999999999"><ele>2758.425253677182</ele></trkpt><trkpt lat="37.24972" lon="-118.80872"><ele>2758.1109676684737</ele></trkpt><trkpt lat="37.24969" lon="-118.80894"><ele>2760.662288707914</ele></trkpt><trkpt lat="37.2496" lon="-118.80908999999997"><ele>2762.904703998938</ele></trkpt><trkpt lat="37.24906" lon="-118.80961000000002"><ele>2769.901558398269</ele></trkpt><trkpt lat="37.24862" lon="-118.80995999999999"><ele>2766.1078194384463</ele></trkpt><trkpt lat="37.2481" lon="-118.81063"><ele>2764.1592706625815</ele></trkpt><trkpt lat="37.24792" lon="-118.81079"><ele>2763.9573082807474</ele></trkpt><trkpt lat="37.24782" lon="-118.81094000000002"><ele>2765.497192766597</ele></trkpt><trkpt lat="37.24782" lon="-118.81094000000002"><ele>2765.497192766597</ele></trkpt><trkpt lat="37.24762" lon="-118.81108"><ele>2760.9330364996567</ele></trkpt><trkpt lat="37.24744" lon="-118.81128999999999"><ele>2756.557351012714</ele></trkpt><trkpt lat="37.24725" lon="-118.81128000000001"><ele>2750.7795325061306</ele></trkpt><trkpt lat="37.2472" lon="-118.81128999999999"><ele>2749.3841753982006</ele></trkpt><trkpt lat="37.24714" lon="-118.81137000000001"><ele>2747.7744194107618</ele></trkpt><trkpt lat="37.2471" lon="-118.81137000000001"><ele>2745.8085464799174</ele></trkpt><trkpt lat="37.2468" lon="-118.81160999999997"><ele>2740.871341622458</ele></trkpt><trkpt lat="37.24666" lon="-118.81178999999997"><ele>2737.950111775632</ele></trkpt><trkpt lat="37.2465" lon="-118.81191999999999"><ele>2734.0</ele></trkpt><trkpt lat="37.24648" lon="-118.81198999999998"><ele>2733.239948535338</ele></trkpt><trkpt lat="37.24639" lon="-118.81205"><ele>2732.560269321576</ele></trkpt><trkpt lat="37.24624" lon="-118.81227000000001"><ele>2730.214670742862</ele></trkpt><trkpt lat="37.24615" lon="-118.81252999999998"><ele>2729.0</ele></trkpt><trkpt lat="37.24611" lon="-118.81266"><ele>2728.409321279265</ele></trkpt><trkpt lat="37.24608" lon="-118.81295"><ele>2729.0</ele></trkpt><trkpt lat="37.24603" lon="-118.81308999999999"><ele>2729.215927520869</ele></trkpt><trkpt lat="37.24583" lon="-118.81321000000003"><ele>2727.0</ele></trkpt><trkpt lat="37.24558" lon="-118.81340999999998"><ele>2724.486697046317</ele></trkpt><trkpt lat="37.24553" lon="-118.81351000000001"><ele>2724.377505156677</ele></trkpt><trkpt lat="37.24547" lon="-118.81389000000001"><ele>2724.6106155244215</ele></trkpt><trkpt lat="37.24531" lon="-118.81429000000003"><ele>2720.1130648409016</ele></trkpt><trkpt lat="37.24509" lon="-118.81459999999998"><ele>2717.5521917669103</ele></trkpt><trkpt lat="37.24494" lon="-118.81507999999997"><ele>2716.1614715112373</ele></trkpt><trkpt lat="37.24488" lon="-118.81516999999997"><ele>2715.405185855925</ele></trkpt><trkpt lat="37.24474" lon="-118.81529"><ele>2713.307191430591</ele></trkpt><trkpt lat="37.24465" lon="-118.81545"><ele>2712.571119332748</ele></trkpt><trkpt lat="37.24463" lon="-118.81569999999999"><ele>2714.085292784778</ele></trkpt><trkpt lat="37.24455" lon="-118.81591000000003"><ele>2715.0</ele></trkpt><trkpt lat="37.24454" lon="-118.81605000000002"><ele>2717.585033554584</ele></trkpt><trkpt lat="37.24434" lon="-118.81653"><ele>2721.5986778801307</ele></trkpt><trkpt lat="37.24438" lon="-118.81666999999999"><ele>2722.7695264387876</ele></trkpt><trkpt lat="37.24438" lon="-118.81687999999997"><ele>2722.0</ele></trkpt><trkpt lat="37.24436" lon="-118.81695000000002"><ele>2722.019077885167</ele></trkpt><trkpt lat="37.24428" lon="-118.81700999999998"><ele>2720.8424062076956</ele></trkpt><trkpt lat="37.24423" lon="-118.81709999999998"><ele>2719.378847548738</ele></trkpt><trkpt lat="37.24416" lon="-118.8175"><ele>2717.0265359721807</ele></trkpt><trkpt lat="37.24416" lon="-118.81777"><ele>2718.4712728515196</ele></trkpt><trkpt lat="37.24420271295925" lon="-118.81795305553965"><ele>2721.0566390515305</ele></trkpt><trkpt lat="37.244213476834986" lon="-118.81799918641042"><ele>2721.895195336081</ele></trkpt><trkpt lat="37.24423" lon="-118.81807000000003"><ele>2721.8748264617134</ele></trkpt><trkpt lat="37.24423" lon="-118.81816000000003"><ele>2721.378847548738</ele></trkpt><trkpt lat="37.24426" lon="-118.81826000000001"><ele>2721.7242210117283</ele></trkpt><trkpt lat="37.2444" lon="-118.81853000000001"><ele>2724.6301970123313</ele></trkpt><trkpt lat="37.24448" lon="-118.81880000000001"><ele>2728.147516529262</ele></trkpt><trkpt lat="37.24442" lon="-118.81898000000001"><ele>2730.4414687085355</ele></trkpt><trkpt lat="37.2444" lon="-118.81918000000002"><ele>2730.354950950481</ele></trkpt><trkpt lat="37.24423" lon="-118.81939"><ele>2728.338595104404</ele></trkpt><trkpt lat="37.2442" lon="-118.8195"><ele>2728.2396189082956</ele></trkpt><trkpt lat="37.24412" lon="-118.81988000000001"><ele>2718.159021915868</ele></trkpt><trkpt lat="37.24413" lon="-118.82001000000002"><ele>2717.7769679658672</ele></trkpt><trkpt lat="37.24409" lon="-118.82024000000001"><ele>2714.280888468027</ele></trkpt><trkpt lat="37.24411" lon="-118.82036"><ele>2712.437614222057</ele></trkpt><trkpt lat="37.24409" lon="-118.82042000000001"><ele>2712.0</ele></trkpt><trkpt lat="37.24405" lon="-118.82044000000002"><ele>2710.6835235257167</ele></trkpt><trkpt lat="37.24403" lon="-118.82049999999998"><ele>2709.09200714969</ele></trkpt><trkpt lat="37.24403" lon="-118.82092"><ele>2710.1359541767742</ele></trkpt><trkpt lat="37.24405" lon="-118.82107000000002"><ele>2712.2049002328567</ele></trkpt><trkpt lat="37.24424" lon="-118.82153"><ele>2720.554279296489</ele></trkpt><trkpt lat="37.24423" lon="-118.82231000000002"><ele>2721.3779111574095</ele></trkpt><trkpt lat="37.2442" lon="-118.82263"><ele>2716.7724899445193</ele></trkpt><trkpt lat="37.24425" lon="-118.82283000000001"><ele>2714.960070676033</ele></trkpt><trkpt lat="37.24413" lon="-118.82319999999999"><ele>2706.903466284275</ele></trkpt><trkpt lat="37.24414" lon="-118.82344999999998"><ele>2706.3446009917934</ele></trkpt><trkpt lat="37.24409" lon="-118.82357000000002"><ele>2702.302316381366</ele></trkpt><trkpt lat="37.24405" lon="-118.82382000000001"><ele>2699.2200888302177</ele></trkpt><trkpt lat="37.24397" lon="-118.82448999999997"><ele>2689.7683581719175</ele></trkpt><trkpt lat="37.2439" lon="-118.82479999999998"><ele>2685.741269194288</ele></trkpt><trkpt lat="37.24384" lon="-118.82488000000001"><ele>2685.9957967808627</ele></trkpt><trkpt lat="37.24383" lon="-118.82501000000002"><ele>2687.0</ele></trkpt><trkpt lat="37.24378" lon="-118.82513"><ele>2688.206863310188</ele></trkpt><trkpt lat="37.24376" lon="-118.82531"><ele>2690.562869929975</ele></trkpt><trkpt lat="37.24362" lon="-118.82555000000002"><ele>2690.0216612019576</ele></trkpt><trkpt lat="37.24351" lon="-118.82560999999998"><ele>2689.927761668122</ele></trkpt><trkpt lat="37.24339" lon="-118.82573000000002"><ele>2690.4836623666342</ele></trkpt><trkpt lat="37.24339" lon="-118.82578999999998"><ele>2690.7912072548643</ele></trkpt><trkpt lat="37.24333" lon="-118.82589999999999"><ele>2689.0349577218294</ele></trkpt><trkpt lat="37.24323" lon="-118.82643999999999"><ele>2696.344532493502</ele></trkpt><trkpt lat="37.24295" lon="-118.82691"><ele>2696.117093485253</ele></trkpt><trkpt lat="37.24279" lon="-118.82688999999999"><ele>2693.887684412086</ele></trkpt><trkpt lat="37.24275" lon="-118.82700999999997"><ele>2694.54651350727</ele></trkpt><trkpt lat="37.24263" lon="-118.82693999999998"><ele>2691.8874986665323</ele></trkpt><trkpt lat="37.24259" lon="-118.82693999999998"><ele>2691.2621604232118</ele></trkpt><trkpt lat="37.24232" lon="-118.82724999999999"><ele>2691.5826559737325</ele></trkpt><trkpt lat="37.2421" lon="-118.82740000000001"><ele>2688.638425938785</ele></trkpt><trkpt lat="37.24183" lon="-118.82763"><ele>2686.0948377584573</ele></trkpt><trkpt lat="37.24181" lon="-118.82760999999999"><ele>2685.04339942988</ele></trkpt><trkpt lat="37.24182" lon="-118.82736999999997"><ele>2681.9848286217893</ele></trkpt><trkpt lat="37.24184" lon="-118.82727"><ele>2680.8205021302065</ele></trkpt><trkpt lat="37.24188" lon="-118.82720999999998"><ele>2679.771640479332</ele></trkpt><trkpt lat="37.24189" lon="-118.82711"><ele>2679.751505030135</ele></trkpt><trkpt lat="37.24187" lon="-118.82709999999997"><ele>2679.1847203982156</ele></trkpt><trkpt lat="37.24163" lon="-118.82729"><ele>2676.011855516896</ele></trkpt><trkpt lat="37.24156" lon="-118.82742000000002"><ele>2675.2985347779468</ele></trkpt><trkpt lat="37.24153" lon="-118.82742000000002"><ele>2674.37329428091</ele></trkpt><trkpt lat="37.24159" lon="-118.82711999999998"><ele>2673.1043294137344</ele></trkpt><trkpt lat="37.24158" lon="-118.82704000000001"><ele>2671.852630513548</ele></trkpt><trkpt lat="37.24142" lon="-118.82724999999999"><ele>2669.2568230759352</ele></trkpt><trkpt lat="37.2414" lon="-118.82724999999999"><ele>2668.543010172434</ele></trkpt><trkpt lat="37.24137" lon="-118.82704000000001"><ele>2666.664908415638</ele></trkpt><trkpt lat="37.24134" lon="-118.82704000000001"><ele>2665.833212206301</ele></trkpt><trkpt lat="37.24129" lon="-118.82709"><ele>2665.3233054401353</ele></trkpt><trkpt lat="37.24124" lon="-118.82724000000002"><ele>2663.859804842621</ele></trkpt><trkpt lat="37.24113" lon="-118.82747"><ele>2664.7255433171645</ele></trkpt><trkpt lat="37.24086" lon="-118.82751000000002"><ele>2660.8621643503557</ele></trkpt><trkpt lat="37.24067" lon="-118.82769000000002"><ele>2656.651688063965</ele></trkpt><trkpt lat="37.2405" lon="-118.82771000000002"><ele>2654.9958498035885</ele></trkpt><trkpt lat="37.24028" lon="-118.82783"><ele>2651.0</ele></trkpt><trkpt lat="37.24027" lon="-118.82778000000002"><ele>2650.7132540365774</ele></trkpt><trkpt lat="37.24029" lon="-118.8277"><ele>2649.6502601697575</ele></trkpt><trkpt lat="37.24013" lon="-118.82765"><ele>2646.3703415850177</ele></trkpt><trkpt lat="37.24006" lon="-118.82769000000002"><ele>2644.7531752366203</ele></trkpt><trkpt lat="37.24002" lon="-118.82763"><ele>2643.970838129734</ele></trkpt><trkpt lat="37.24" lon="-118.82751000000002"><ele>2642.565300611779</ele></trkpt><trkpt lat="37.24008" lon="-118.82729"><ele>2640.039076547285</ele></trkpt><trkpt lat="37.24007" lon="-118.82724000000002"><ele>2638.803080112354</ele></trkpt><trkpt lat="37.24002" lon="-118.82720999999998"><ele>2637.329645769438</ele></trkpt><trkpt lat="37.23984" lon="-118.82726000000002"><ele>2635.30350520349</ele></trkpt><trkpt lat="37.23974" lon="-118.82742000000002"><ele>2633.069072648719</ele></trkpt><trkpt lat="37.23969" lon="-118.82745999999997"><ele>2632.4895433716274</ele></trkpt><trkpt lat="37.23969" lon="-118.82751000000002"><ele>2631.9002000586443</ele></trkpt><trkpt lat="37.23964" lon="-118.82763999999997"><ele>2633.59042033052</ele></trkpt><trkpt lat="37.2394" lon="-118.82754"><ele>2628.7370239999145</ele></trkpt><trkpt lat="37.23925" lon="-118.82753000000002"><ele>2628.660719858431</ele></trkpt><trkpt lat="37.23908" lon="-118.82745"><ele>2625.5427200002596</ele></trkpt><trkpt lat="37.23881" lon="-118.82744000000002"><ele>2629.880183432484</ele></trkpt><trkpt lat="37.2387" lon="-118.82740000000001"><ele>2631.3035748638213</ele></trkpt><trkpt lat="37.23858" lon="-118.82740000000001"><ele>2631.820628935986</ele></trkpt><trkpt lat="37.23847" lon="-118.82745"><ele>2634.3636060737144</ele></trkpt><trkpt lat="37.2384" lon="-118.82742000000002"><ele>2633.4631700365144</ele></trkpt><trkpt lat="37.23825" lon="-118.82749000000001"><ele>2634.7510890671983</ele></trkpt><trkpt lat="37.23814" lon="-118.82749000000001"><ele>2635.1102826679125</ele></trkpt><trkpt lat="37.23802" lon="-118.82742999999999"><ele>2637.080504718004</ele></trkpt><trkpt lat="37.23795" lon="-118.82729999999998"><ele>2639.872801857069</ele></trkpt><trkpt lat="37.23785" lon="-118.82720999999998"><ele>2642.542226124322</ele></trkpt><trkpt lat="37.23759" lon="-118.82709999999997"><ele>2646.5888855496887</ele></trkpt><trkpt lat="37.2375" lon="-118.82700999999997"><ele>2647.3149496737915</ele></trkpt><trkpt lat="37.23729" lon="-118.82697999999999"><ele>2652.437252521966</ele></trkpt><trkpt lat="37.23677" lon="-118.82663000000002"><ele>2644.0</ele></trkpt><trkpt lat="37.23638" lon="-118.82657"><ele>2639.162762558647</ele></trkpt><trkpt lat="37.23626" lon="-118.82661000000002"><ele>2637.415678540983</ele></trkpt><trkpt lat="37.23602" lon="-118.82650000000001"><ele>2627.5166114864405</ele></trkpt><trkpt lat="37.23593" lon="-118.82659000000001"><ele>2624.173474866664</ele></trkpt><trkpt lat="37.23586" lon="-118.82655"><ele>2622.0</ele></trkpt><trkpt lat="37.23574" lon="-118.82663000000002"><ele>2620.1293808189184</ele></trkpt><trkpt lat="37.2357" lon="-118.82661999999999"><ele>2618.430958222132</ele></trkpt><trkpt lat="37.23568" lon="-118.82646999999997"><ele>2615.1326051460933</ele></trkpt><trkpt lat="37.23561" lon="-118.82632999999998"><ele>2612.151692511514</ele></trkpt><trkpt lat="37.23558" lon="-118.82632999999998"><ele>2610.657563602792</ele></trkpt><trkpt lat="37.23557" lon="-118.82637"><ele>2610.453225090149</ele></trkpt><trkpt lat="37.23546" lon="-118.82646"><ele>2607.294914552207</ele></trkpt><trkpt lat="37.23542" lon="-118.82643999999999"><ele>2605.358523618017</ele></trkpt><trkpt lat="37.23545" lon="-118.82637999999997"><ele>2605.1335552296805</ele></trkpt><trkpt lat="37.23537" lon="-118.82618000000002"><ele>2599.1031631045043</ele></trkpt><trkpt lat="37.23533" lon="-118.82603"><ele>2595.7617458850145</ele></trkpt><trkpt lat="37.2353" lon="-118.82603"><ele>2594.0056837853044</ele></trkpt><trkpt lat="37.23527" lon="-118.82610999999997"><ele>2591.8532466519237</ele></trkpt><trkpt lat="37.23525" lon="-118.82610999999997"><ele>2590.8345931535905</ele></trkpt><trkpt lat="37.23521" lon="-118.82601"><ele>2587.2431881362863</ele></trkpt><trkpt lat="37.23514" lon="-118.8261"><ele>2582.7405415335634</ele></trkpt><trkpt lat="37.235" lon="-118.82659000000001"><ele>2577.33989525896</ele></trkpt><trkpt lat="37.23486" lon="-118.82686000000001"><ele>2573.1484568633605</ele></trkpt><trkpt lat="37.23463" lon="-118.82704999999999"><ele>2572.7456261559855</ele></trkpt><trkpt lat="37.23451" lon="-118.82708000000002"><ele>2572.6124127845474</ele></trkpt><trkpt lat="37.23438" lon="-118.82708000000002"><ele>2570.226461135084</ele></trkpt><trkpt lat="37.23427" lon="-118.82718"><ele>2568.6744502382353</ele></trkpt><trkpt lat="37.23408" lon="-118.82724000000002"><ele>2565.63401600183</ele></trkpt><trkpt lat="37.23381" lon="-118.82726000000002"><ele>2566.823769329754</ele></trkpt><trkpt lat="37.23369" lon="-118.82718"><ele>2566.0209948221936</ele></trkpt><trkpt lat="37.23354" lon="-118.82717000000002"><ele>2564.1114176803603</ele></trkpt><trkpt lat="37.23348" lon="-118.82709999999997"><ele>2560.9678162201308</ele></trkpt><trkpt lat="37.23349" lon="-118.82704999999999"><ele>2558.9144154624764</ele></trkpt><trkpt lat="37.23345" lon="-118.82699000000002"><ele>2556.1051662229</ele></trkpt><trkpt lat="37.2334" lon="-118.82695999999999"><ele>2554.1019854322076</ele></trkpt><trkpt lat="37.23296" lon="-118.82684"><ele>2542.6321560526267</ele></trkpt><trkpt lat="37.23274" lon="-118.82686000000001"><ele>2538.125539768953</ele></trkpt><trkpt lat="37.23271" lon="-118.82682999999997"><ele>2535.849437547382</ele></trkpt><trkpt lat="37.23272" lon="-118.82679000000002"><ele>2534.5778833406603</ele></trkpt><trkpt lat="37.2327" lon="-118.82675"><ele>2531.8285004412755</ele></trkpt><trkpt lat="37.2326" lon="-118.82672000000002"><ele>2528.5081567604166</ele></trkpt><trkpt lat="37.23242" lon="-118.82675999999998"><ele>2524.9012685410707</ele></trkpt><trkpt lat="37.23235" lon="-118.82681000000002"><ele>2524.3813866074197</ele></trkpt><trkpt lat="37.23229" lon="-118.82681000000002"><ele>2522.6253942693584</ele></trkpt><trkpt lat="37.23206" lon="-118.82693999999998"><ele>2521.9325683018806</ele></trkpt><trkpt lat="37.23171" lon="-118.82700999999997"><ele>2521.074467552826</ele></trkpt><trkpt lat="37.23135" lon="-118.82695000000001"><ele>2515.2890531651396</ele></trkpt><trkpt lat="37.23097" lon="-118.82684"><ele>2512.1545799323767</ele></trkpt><trkpt lat="37.23087" lon="-118.82691999999997"><ele>2511.7722234379034</ele></trkpt><trkpt lat="37.2308" lon="-118.82693"><ele>2510.197745889597</ele></trkpt><trkpt lat="37.23051" lon="-118.82718999999997"><ele>2506.0</ele></trkpt><trkpt lat="37.23033" lon="-118.82726000000002"><ele>2504.8117459236346</ele></trkpt><trkpt lat="37.23033" lon="-118.82726000000002"><ele>2504.8117459236346</ele></trkpt><trkpt lat="37.23026" lon="-118.82733999999999"><ele>2504.1043816153488</ele></trkpt><trkpt lat="37.23017" lon="-118.82736999999997"><ele>2503.784450438361</ele></trkpt><trkpt lat="37.23013" lon="-118.82742000000002"><ele>2503.716166041635</ele></trkpt><trkpt lat="37.2301" lon="-118.82756999999998"><ele>2507.8468066068754</ele></trkpt><trkpt lat="37.22995" lon="-118.82785000000001"><ele>2510.4790324584983</ele></trkpt><trkpt lat="37.22982" lon="-118.82799999999997"><ele>2510.843870367621</ele></trkpt><trkpt lat="37.22982" lon="-118.82805000000002"><ele>2511.4677486442124</ele></trkpt><trkpt lat="37.22978" lon="-118.82812000000001"><ele>2511.2105080651586</ele></trkpt><trkpt lat="37.22978" lon="-118.82812000000001"><ele>2511.2105080651586</ele></trkpt><trkpt lat="37.22958" lon="-118.82826999999997"><ele>2508.5254650470843</ele></trkpt><trkpt lat="37.22953" lon="-118.82826999999997"><ele>2507.8950778244307</ele></trkpt><trkpt lat="37.2293" lon="-118.82837"><ele>2503.403654315509</ele></trkpt><trkpt lat="37.22921" lon="-118.82846999999998"><ele>2501.4149712143612</ele></trkpt><trkpt lat="37.22913" lon="-118.82857000000001"><ele>2500.4285475667566</ele></trkpt><trkpt lat="37.22913" lon="-118.82862999999998"><ele>2500.4285475667566</ele></trkpt><trkpt lat="37.2291" lon="-118.82866000000001"><ele>2499.550588717684</ele></trkpt><trkpt lat="37.22905826143054" lon="-118.82880906631954"><ele>2501.1447702834766</ele></trkpt><trkpt lat="37.22905533163367" lon="-118.82881952990658"><ele>2501.1663876228686</ele></trkpt><trkpt lat="37.22903" lon="-118.82891000000001"><ele>2502.2938452030066</ele></trkpt><trkpt lat="37.22873" lon="-118.82924000000003"><ele>2499.070237500029</ele></trkpt><trkpt lat="37.22858" lon="-118.82954999999998"><ele>2498.4684631305317</ele></trkpt><trkpt lat="37.22834" lon="-118.82979"><ele>2496.811811524173</ele></trkpt><trkpt lat="37.22811" lon="-118.82999000000001"><ele>2494.4934421679936</ele></trkpt><trkpt lat="37.22808" lon="-118.82997"><ele>2492.6834276379086</ele></trkpt><trkpt lat="37.22808" lon="-118.82987000000003"><ele>2490.561838386813</ele></trkpt><trkpt lat="37.22805" lon="-118.82986"><ele>2488.822249012068</ele></trkpt><trkpt lat="37.22796" lon="-118.82995"><ele>2487.265157898888</ele></trkpt><trkpt lat="37.22772" lon="-118.83001000000002"><ele>2479.5885427440517</ele></trkpt><trkpt lat="37.22767" lon="-118.83008999999998"><ele>2481.5650779914577</ele></trkpt><trkpt lat="37.22762" lon="-118.83010000000002"><ele>2479.6426024290554</ele></trkpt><trkpt lat="37.22759" lon="-118.83015"><ele>2479.159572905083</ele></trkpt><trkpt lat="37.22756" lon="-118.83023000000003"><ele>2479.0325586879626</ele></trkpt><trkpt lat="37.22759" lon="-118.83076"><ele>2490.9812837142963</ele></trkpt><trkpt lat="37.22755" lon="-118.83109000000002"><ele>2492.5695700431243</ele></trkpt><trkpt lat="37.2274" lon="-118.83157"><ele>2492.3746340242215</ele></trkpt><trkpt lat="37.22734" lon="-118.83204"><ele>2494.12071450923</ele></trkpt><trkpt lat="37.22718" lon="-118.83230000000003"><ele>2487.508448747918</ele></trkpt><trkpt lat="37.22701" lon="-118.83269000000001"><ele>2482.567835936342</ele></trkpt><trkpt lat="37.22681" lon="-118.83275000000003"><ele>2475.9487767579976</ele></trkpt><trkpt lat="37.22649" lon="-118.83316000000002"><ele>2475.9870187123306</ele></trkpt><trkpt lat="37.22648" lon="-118.83312999999998"><ele>2474.111382517213</ele></trkpt><trkpt lat="37.22652" lon="-118.83299999999997"><ele>2470.4678549660725</ele></trkpt><trkpt lat="37.22649" lon="-118.83296999999999"><ele>2468.566188466735</ele></trkpt><trkpt lat="37.22642" lon="-118.83303000000001"><ele>2467.8067501639284</ele></trkpt><trkpt lat="37.22635" lon="-118.83305000000001"><ele>2465.5941464784555</ele></trkpt><trkpt lat="37.22617" lon="-118.83323999999999"><ele>2463.0470181360274</ele></trkpt><trkpt lat="37.22605" lon="-118.83325000000002"><ele>2460.921155556338</ele></trkpt><trkpt lat="37.22592" lon="-118.83338000000003"><ele>2460.464668191221</ele></trkpt><trkpt lat="37.22585" lon="-118.83339999999998"><ele>2459.59981553763</ele></trkpt><trkpt lat="37.22569" lon="-118.83339999999998"><ele>2457.83281777706</ele></trkpt><trkpt lat="37.22555" lon="-118.83344"><ele>2460.26612803247</ele></trkpt><trkpt lat="37.22544" lon="-118.83341000000001"><ele>2459.4943914766554</ele></trkpt><trkpt lat="37.2253" lon="-118.83348999999998"><ele>2459.858852665173</ele></trkpt><trkpt lat="37.22519" lon="-118.83343000000002"><ele>2456.2417340832762</ele></trkpt><trkpt lat="37.22519" lon="-118.83343000000002"><ele>2456.2417340832762</ele></trkpt><trkpt lat="37.22522" lon="-118.83335999999997"><ele>2455.4843413329218</ele></trkpt><trkpt lat="37.22522" lon="-118.83335999999997"><ele>2455.4843413329218</ele></trkpt><trkpt lat="37.22531" lon="-118.83311000000003"><ele>2455.0</ele></trkpt><trkpt lat="37.22531" lon="-118.83311000000003"><ele>2455.0</ele></trkpt><trkpt lat="37.2253" lon="-118.83305999999999"><ele>2455.0</ele></trkpt><trkpt lat="37.22525" lon="-118.83299999999997"><ele>2455.0</ele></trkpt><trkpt lat="37.22526" lon="-118.83292"><ele>2456.0404693589535</ele></trkpt><trkpt lat="37.2252" lon="-118.83280000000002"><ele>2455.4189122654498</ele></trkpt><trkpt lat="37.22463" lon="-118.83213"><ele>2453.0</ele></trkpt><trkpt lat="37.22457" lon="-118.83203000000003"><ele>2453.00847602257</ele></trkpt><trkpt lat="37.22409" lon="-118.83173"><ele>2455.4657564191143</ele></trkpt><trkpt lat="37.22406" lon="-118.83145999999999"><ele>2456.0461172736964</ele></trkpt><trkpt lat="37.22408" lon="-118.83116999999999"><ele>2455.643726842478</ele></trkpt><trkpt lat="37.22413" lon="-118.83100999999999"><ele>2454.8616229719373</ele></trkpt><trkpt lat="37.22412" lon="-118.83091000000002"><ele>2454.6285215932876</ele></trkpt><trkpt lat="37.22392" lon="-118.83051"><ele>2450.9615972284228</ele></trkpt><trkpt lat="37.22374" lon="-118.83006999999998"><ele>2449.6942132869735</ele></trkpt><trkpt lat="37.22357" lon="-118.82978000000003"><ele>2448.9819635063745</ele></trkpt><trkpt lat="37.22335" lon="-118.82965999999999"><ele>2448.7319075558335</ele></trkpt><trkpt lat="37.22328" lon="-118.82951000000003"><ele>2449.4603389950935</ele></trkpt><trkpt lat="37.223220389515596" lon="-118.82943176123922"><ele>2449.5390515103936</ele></trkpt><trkpt lat="37.223238841654364" lon="-118.82945597962879"><ele>2449.5146872745827</ele></trkpt><trkpt lat="37.22312" lon="-118.82929999999999"><ele>2450.6716137132607</ele></trkpt><trkpt lat="37.22293" lon="-118.82909000000001"><ele>2451.005011341069</ele></trkpt><trkpt lat="37.22283" lon="-118.82904000000002"><ele>2451.1789546660148</ele></trkpt><trkpt lat="37.22239" lon="-118.82812000000001"><ele>2456.805742874276</ele></trkpt><trkpt lat="37.22239" lon="-118.82812000000001"><ele>2456.805742874276</ele></trkpt><trkpt lat="37.2222" lon="-118.82781999999997"><ele>2456.8656775236595</ele></trkpt><trkpt lat="37.22207" lon="-118.82747999999998"><ele>2459.3547842979897</ele></trkpt><trkpt lat="37.22198" lon="-118.82738999999998"><ele>2459.8183073550463</ele></trkpt><trkpt lat="37.22182" lon="-118.82706000000002"><ele>2462.1611752912504</ele></trkpt><trkpt lat="37.22171" lon="-118.82691"><ele>2463.102250051452</ele></trkpt><trkpt lat="37.22165" lon="-118.82688000000002"><ele>2463.283010127343</ele></trkpt><trkpt lat="37.22159" lon="-118.82677000000001"><ele>2464.852998698596</ele></trkpt><trkpt lat="37.22143" lon="-118.82637"><ele>2467.94504263928</ele></trkpt><trkpt lat="37.22131" lon="-118.82601"><ele>2469.0</ele></trkpt><trkpt lat="37.22111" lon="-118.82565"><ele>2471.904994934099</ele></trkpt><trkpt lat="37.22099" lon="-118.82526999999999"><ele>2476.2423372276803</ele></trkpt><trkpt lat="37.22073" lon="-118.82504"><ele>2478.385710222181</ele></trkpt><trkpt lat="37.22061" lon="-118.82502999999997"><ele>2478.6187271117233</ele></trkpt><trkpt lat="37.22027" lon="-118.82451000000003"><ele>2482.7761140858884</ele></trkpt><trkpt lat="37.2202" lon="-118.82448999999997"><ele>2482.222787777293</ele></trkpt><trkpt lat="37.21998" lon="-118.82452999999998"><ele>2484.0</ele></trkpt><trkpt lat="37.21993" lon="-118.82452"><ele>2484.0</ele></trkpt><trkpt lat="37.21963" lon="-118.82430999999997"><ele>2485.0</ele></trkpt><trkpt lat="37.21941" lon="-118.82409999999999"><ele>2484.991581402494</ele></trkpt><trkpt lat="37.21935" lon="-118.82409000000001"><ele>2484.522314666072</ele></trkpt><trkpt lat="37.21924" lon="-118.82414"><ele>2485.625157683424</ele></trkpt><trkpt lat="37.21916" lon="-118.82425999999998"><ele>2485.1835770078765</ele></trkpt><trkpt lat="37.2191" lon="-118.82459"><ele>2486.0722456766225</ele></trkpt><trkpt lat="37.21906" lon="-118.82463000000001"><ele>2486.2533569652587</ele></trkpt><trkpt lat="37.21899" lon="-118.82483000000002"><ele>2487.4965375328443</ele></trkpt><trkpt lat="37.21885" lon="-118.82488000000001"><ele>2488.398241055198</ele></trkpt><trkpt lat="37.21855" lon="-118.82517999999999"><ele>2481.3505529223316</ele></trkpt><trkpt lat="37.21844" lon="-118.82517999999999"><ele>2483.8404266015705</ele></trkpt><trkpt lat="37.21826" lon="-118.82524999999998"><ele>2482.984711111523</ele></trkpt><trkpt lat="37.21793" lon="-118.82517999999999"><ele>2478.844314194113</ele></trkpt><trkpt lat="37.21763" lon="-118.8252"><ele>2477.218126885593</ele></trkpt><trkpt lat="37.21748" lon="-118.82508000000001"><ele>2476.9355361773632</ele></trkpt><trkpt lat="37.21731" lon="-118.82475"><ele>2477.760297434128</ele></trkpt><trkpt lat="37.21678" lon="-118.82430999999997"><ele>2478.0</ele></trkpt><trkpt lat="37.21641" lon="-118.82394"><ele>2481.0</ele></trkpt><trkpt lat="37.21612" lon="-118.82346999999999"><ele>2481.6977683559717</ele></trkpt><trkpt lat="37.21609" lon="-118.82328000000001"><ele>2481.7466999364924</ele></trkpt><trkpt lat="37.21606" lon="-118.82326999999998"><ele>2480.6071613152562</ele></trkpt><trkpt lat="37.216" lon="-118.82307000000003"><ele>2481.646726739139</ele></trkpt><trkpt lat="37.21595" lon="-118.82301000000001"><ele>2481.0</ele></trkpt><trkpt lat="37.21584" lon="-118.82292999999999"><ele>2481.0</ele></trkpt><trkpt lat="37.21582" lon="-118.82285000000002"><ele>2481.0</ele></trkpt><trkpt lat="37.21576" lon="-118.82283000000001"><ele>2481.0</ele></trkpt><trkpt lat="37.21573" lon="-118.82271000000003"><ele>2481.0</ele></trkpt><trkpt lat="37.21565" lon="-118.82258000000002"><ele>2481.0</ele></trkpt><trkpt lat="37.21559" lon="-118.82238999999998"><ele>2482.0286516441497</ele></trkpt><trkpt lat="37.21542" lon="-118.82207"><ele>2483.1406771429033</ele></trkpt><trkpt lat="37.21527" lon="-118.82112999999998"><ele>2487.621159618856</ele></trkpt><trkpt lat="37.21514" lon="-118.82064000000003"><ele>2490.003062520409</ele></trkpt><trkpt lat="37.2148" lon="-118.82004"><ele>2489.990780837368</ele></trkpt><trkpt lat="37.21472" lon="-118.81970000000001"><ele>2490.6173229924716</ele></trkpt><trkpt lat="37.21475" lon="-118.81927000000002"><ele>2489.6336395954713</ele></trkpt><trkpt lat="37.21471" lon="-118.81909000000002"><ele>2488.463251033798</ele></trkpt><trkpt lat="37.21411" lon="-118.81754999999998"><ele>2491.0078294479135</ele></trkpt><trkpt lat="37.21385084547482" lon="-118.8169280291396"><ele>2494.0</ele></trkpt><trkpt lat="37.213848438263184" lon="-118.81692225125573"><ele>2494.0</ele></trkpt><trkpt lat="37.21371" lon="-118.81659000000002"><ele>2495.0</ele></trkpt><trkpt lat="37.21349" lon="-118.81621999999999"><ele>2498.0</ele></trkpt><trkpt lat="37.21327" lon="-118.81591000000003"><ele>2500.416905176263</ele></trkpt><trkpt lat="37.21312" lon="-118.81560999999999"><ele>2501.0</ele></trkpt><trkpt lat="37.21309" lon="-118.81542000000002"><ele>2502.0345408998173</ele></trkpt><trkpt lat="37.21296" lon="-118.81516999999997"><ele>2501.5358991326075</ele></trkpt><trkpt lat="37.21283" lon="-118.81474000000003"><ele>2502.179133808153</ele></trkpt><trkpt lat="37.21283" lon="-118.81474000000003"><ele>2502.179133808153</ele></trkpt><trkpt lat="37.21278" lon="-118.81466"><ele>2503.0</ele></trkpt><trkpt lat="37.21278" lon="-118.81452000000002"><ele>2502.9965114983615</ele></trkpt><trkpt lat="37.21269" lon="-118.81423999999998"><ele>2503.359435561113</ele></trkpt><trkpt lat="37.21258" lon="-118.81416999999999"><ele>2503.0</ele></trkpt><trkpt lat="37.21251" lon="-118.81405000000001"><ele>2503.520356038365</ele></trkpt><trkpt lat="37.21226" lon="-118.81383"><ele>2505.375777228968</ele></trkpt><trkpt lat="37.2121" lon="-118.81358999999998"><ele>2504.2867865401786</ele></trkpt><trkpt lat="37.21186" lon="-118.81335999999999"><ele>2504.58307692623</ele></trkpt><trkpt lat="37.21176" lon="-118.81330000000003"><ele>2505.0438805110753</ele></trkpt><trkpt lat="37.21167" lon="-118.81310000000002"><ele>2507.1234114770778</ele></trkpt><trkpt lat="37.21162" lon="-118.81308000000001"><ele>2507.0077767458856</ele></trkpt><trkpt lat="37.21149" lon="-118.81311"><ele>2508.7509927200153</ele></trkpt><trkpt lat="37.21138" lon="-118.81308000000001"><ele>2510.0</ele></trkpt><trkpt lat="37.21073" lon="-118.81261"><ele>2512.0003262114074</ele></trkpt><trkpt lat="37.2107" lon="-118.81252999999998"><ele>2512.1200808221765</ele></trkpt><trkpt lat="37.21063" lon="-118.81254999999999"><ele>2511.4238044447266</ele></trkpt><trkpt lat="37.21052" lon="-118.8125"><ele>2512.0</ele></trkpt><trkpt lat="37.21047" lon="-118.81245000000001"><ele>2512.0</ele></trkpt><trkpt lat="37.21034" lon="-118.81221"><ele>2511.7398832096205</ele></trkpt><trkpt lat="37.2102" lon="-118.81207"><ele>2511.3079103468253</ele></trkpt><trkpt lat="37.21005" lon="-118.81202000000002"><ele>2510.0</ele></trkpt><trkpt lat="37.20967" lon="-118.81164999999999"><ele>2510.9995505521483</ele></trkpt><trkpt lat="37.20926" lon="-118.81112999999999"><ele>2513.51581370621</ele></trkpt><trkpt lat="37.20912" lon="-118.81114000000002"><ele>2513.9333620486864</ele></trkpt><trkpt lat="37.20904" lon="-118.81108"><ele>2513.6420225689053</ele></trkpt><trkpt lat="37.20895" lon="-118.81094999999999"><ele>2514.6676339882233</ele></trkpt><trkpt lat="37.20883" lon="-118.8109"><ele>2515.743182221893</ele></trkpt><trkpt lat="37.20881" lon="-118.81078000000002"><ele>2516.0</ele></trkpt><trkpt lat="37.20868" lon="-118.81067000000002"><ele>2517.0</ele></trkpt><trkpt lat="37.20837" lon="-118.81028000000003"><ele>2522.6259669933497</ele></trkpt><trkpt lat="37.20833" lon="-118.81027"><ele>2522.253610825316</ele></trkpt><trkpt lat="37.20829" lon="-118.81020999999998"><ele>2523.4856508790776</ele></trkpt><trkpt lat="37.20819" lon="-118.81016999999997"><ele>2523.7636480010115</ele></trkpt><trkpt lat="37.20809" lon="-118.80998"><ele>2525.924463071148</ele></trkpt><trkpt lat="37.20793" lon="-118.80995999999999"><ele>2522.9877874004446</ele></trkpt><trkpt lat="37.20772" lon="-118.80983000000003"><ele>2524.5561741925776</ele></trkpt><trkpt lat="37.20763" lon="-118.80983000000003"><ele>2522.9648109875034</ele></trkpt><trkpt lat="37.20746" lon="-118.80968999999999"><ele>2526.089328564948</ele></trkpt><trkpt lat="37.20734" lon="-118.80966000000001"><ele>2524.5313706663437</ele></trkpt><trkpt lat="37.20729" lon="-118.80961000000002"><ele>2525.8869404970146</ele></trkpt><trkpt lat="37.20726" lon="-118.80952000000002"><ele>2527.5450442521833</ele></trkpt><trkpt lat="37.2071" lon="-118.80953999999997"><ele>2526.561888000695</ele></trkpt><trkpt lat="37.20707" lon="-118.80950999999999"><ele>2527.521877333522</ele></trkpt><trkpt lat="37.20692" lon="-118.80950000000001"><ele>2526.987911110278</ele></trkpt><trkpt lat="37.20659" lon="-118.80930000000001"><ele>2528.195806675125</ele></trkpt><trkpt lat="37.20648" lon="-118.80919"><ele>2530.1974733580178</ele></trkpt><trkpt lat="37.20644" lon="-118.80912999999998"><ele>2531.113061869284</ele></trkpt><trkpt lat="37.20637" lon="-118.80887999999999"><ele>2532.8749781715733</ele></trkpt><trkpt lat="37.20633" lon="-118.80880000000002"><ele>2533.0856658823323</ele></trkpt><trkpt lat="37.20607" lon="-118.80863"><ele>2533.440287296893</ele></trkpt><trkpt lat="37.20595" lon="-118.80844000000002"><ele>2536.3568482401315</ele></trkpt><trkpt lat="37.20585" lon="-118.80833999999999"><ele>2537.5239146668464</ele></trkpt><trkpt lat="37.20578" lon="-118.80802"><ele>2539.1699905416463</ele></trkpt><trkpt lat="37.20562" lon="-118.80777999999998"><ele>2539.8641836964416</ele></trkpt><trkpt lat="37.20539" lon="-118.80714"><ele>2544.3788543758933</ele></trkpt><trkpt lat="37.20509" lon="-118.80673000000002"><ele>2548.042453330243</ele></trkpt><trkpt lat="37.20494" lon="-118.80615"><ele>2549.614427478984</ele></trkpt><trkpt lat="37.20494" lon="-118.80615"><ele>2549.614427478984</ele></trkpt><trkpt lat="37.20487" lon="-118.8057"><ele>2550.566514163278</ele></trkpt><trkpt lat="37.20468" lon="-118.80559"><ele>2550.6114609919023</ele></trkpt><trkpt lat="37.20462" lon="-118.80547999999999"><ele>2552.4192984295078</ele></trkpt><trkpt lat="37.20458" lon="-118.80496"><ele>2552.365945200203</ele></trkpt><trkpt lat="37.20449" lon="-118.80478"><ele>2549.898607183248</ele></trkpt><trkpt lat="37.20444" lon="-118.8046"><ele>2548.6452648986597</ele></trkpt><trkpt lat="37.20437" lon="-118.80448999999999"><ele>2545.8772342912853</ele></trkpt><trkpt lat="37.20433" lon="-118.80432000000002"><ele>2545.5367791410536</ele></trkpt><trkpt lat="37.2043" lon="-118.80401999999998"><ele>2544.7814385928214</ele></trkpt><trkpt lat="37.2043" lon="-118.80387999999999"><ele>2543.841603399895</ele></trkpt><trkpt lat="37.20425389426446" lon="-118.80353420698344"><ele>2544.0837310496718</ele></trkpt><trkpt lat="37.20424940259299" lon="-118.80350051942372"><ele>2543.940765480615</ele></trkpt><trkpt lat="37.20424" lon="-118.80342999999999"><ele>2544.3413464934565</ele></trkpt><trkpt lat="37.20419" lon="-118.80327"><ele>2545.5651049200114</ele></trkpt><trkpt lat="37.20411" lon="-118.80313999999998"><ele>2545.0248458832502</ele></trkpt><trkpt lat="37.20384" lon="-118.80290000000002"><ele>2547.1234926292286</ele></trkpt><trkpt lat="37.2037" lon="-118.80268999999998"><ele>2548.1784568892326</ele></trkpt><trkpt lat="37.20355" lon="-118.80207999999999"><ele>2549.9490758236498</ele></trkpt><trkpt lat="37.20353" lon="-118.80158"><ele>2551.379739627848</ele></trkpt><trkpt lat="37.20341" lon="-118.80113"><ele>2552.304814379922</ele></trkpt><trkpt lat="37.20336" lon="-118.80101000000002"><ele>2552.106415736256</ele></trkpt><trkpt lat="37.2033" lon="-118.80099000000001"><ele>2549.061814233428</ele></trkpt><trkpt lat="37.2033" lon="-118.80099000000001"><ele>2549.061814233428</ele></trkpt><trkpt lat="37.20311" lon="-118.80106999999998"><ele>2547.8465070724487</ele></trkpt><trkpt lat="37.20311" lon="-118.80106999999998"><ele>2547.8465070724487</ele></trkpt><trkpt lat="37.20304" lon="-118.80102"><ele>2548.997334771929</ele></trkpt><trkpt lat="37.20304" lon="-118.80102"><ele>2548.997334771929</ele></trkpt><trkpt lat="37.20304" lon="-118.80102"><ele>2548.997334771929</ele></trkpt><trkpt lat="37.20288" lon="-118.80079999999998"><ele>2548.781351110898</ele></trkpt><trkpt lat="37.20274" lon="-118.80066999999997"><ele>2548.5623343402617</ele></trkpt><trkpt lat="37.20253" lon="-118.80054999999999"><ele>2550.0</ele></trkpt><trkpt lat="37.20229" lon="-118.80029000000002"><ele>2551.0</ele></trkpt><trkpt lat="37.20222" lon="-118.80016999999998"><ele>2551.097259508615</ele></trkpt><trkpt lat="37.20204" lon="-118.80002999999999"><ele>2554.0651556514204</ele></trkpt><trkpt lat="37.20181" lon="-118.79971999999998"><ele>2553.0</ele></trkpt><trkpt lat="37.20169" lon="-118.79969"><ele>2553.0</ele></trkpt><trkpt lat="37.20162" lon="-118.79973999999999"><ele>2554.041847609624</ele></trkpt><trkpt lat="37.20157" lon="-118.79971"><ele>2554.0</ele></trkpt><trkpt lat="37.20152" lon="-118.79961000000003"><ele>2554.0</ele></trkpt><trkpt lat="37.20125" lon="-118.79935"><ele>2554.0040411722034</ele></trkpt><trkpt lat="37.2011" lon="-118.79926"><ele>2554.65053857339</ele></trkpt><trkpt lat="37.201" lon="-118.79913999999997"><ele>2554.3794603263923</ele></trkpt><trkpt lat="37.20051" lon="-118.79874000000001"><ele>2555.0</ele></trkpt><trkpt lat="37.20034" lon="-118.79854999999998"><ele>2555.0</ele></trkpt><trkpt lat="37.20023" lon="-118.79847000000001"><ele>2556.0</ele></trkpt><trkpt lat="37.20009" lon="-118.79841999999996"><ele>2556.0</ele></trkpt><trkpt lat="37.19933" lon="-118.79836999999998"><ele>2562.238189360032</ele></trkpt><trkpt lat="37.19902" lon="-118.79822000000001"><ele>2562.662993778242</ele></trkpt><trkpt lat="37.19869" lon="-118.79811999999998"><ele>2563.332824888639</ele></trkpt><trkpt lat="37.19824" lon="-118.79815000000002"><ele>2565.0</ele></trkpt><trkpt lat="37.19807" lon="-118.79835000000003"><ele>2562.0</ele></trkpt><trkpt lat="37.19791" lon="-118.79847999999998"><ele>2562.7214328884147</ele></trkpt><trkpt lat="37.1978" lon="-118.79853000000003"><ele>2562.886517334031</ele></trkpt><trkpt lat="37.19751" lon="-118.79853000000003"><ele>2563.886517334031</ele></trkpt><trkpt lat="37.1973" lon="-118.79847000000001"><ele>2563.4344336949744</ele></trkpt><trkpt lat="37.19713" lon="-118.79849999999999"><ele>2565.3749333326705</ele></trkpt><trkpt lat="37.19691" lon="-118.79845999999998"><ele>2565.8088967353106</ele></trkpt><trkpt lat="37.1967" lon="-118.79838000000001"><ele>2565.8324432114605</ele></trkpt><trkpt lat="37.19638" lon="-118.79818"><ele>2567.9467317932535</ele></trkpt><trkpt lat="37.19575" lon="-118.79815000000002"><ele>2572.294843782671</ele></trkpt><trkpt lat="37.19533" lon="-118.79800999999998"><ele>2573.056326417718</ele></trkpt><trkpt lat="37.19533" lon="-118.79800999999998"><ele>2573.056326417718</ele></trkpt><trkpt lat="37.19514" lon="-118.79795000000001"><ele>2574.8180335625075</ele></trkpt><trkpt lat="37.19461" lon="-118.79741999999999"><ele>2574.034163538097</ele></trkpt><trkpt lat="37.19457" lon="-118.79725000000002"><ele>2574.0</ele></trkpt><trkpt lat="37.19456" lon="-118.79709000000003"><ele>2574.681570840067</ele></trkpt><trkpt lat="37.1945" lon="-118.79692999999997"><ele>2574.4807790309633</ele></trkpt><trkpt lat="37.1945" lon="-118.79692999999997"><ele>2574.4807790309633</ele></trkpt><trkpt lat="37.19446" lon="-118.79687000000001"><ele>2574.0</ele></trkpt><trkpt lat="37.19446" lon="-118.79687000000001"><ele>2574.0</ele></trkpt><trkpt lat="37.19441" lon="-118.79680000000002"><ele>2574.182456998716</ele></trkpt><trkpt lat="37.19436" lon="-118.79626000000002"><ele>2573.0</ele></trkpt><trkpt lat="37.1943" lon="-118.79611999999997"><ele>2572.808774397777</ele></trkpt><trkpt lat="37.19414" lon="-118.79595999999998"><ele>2573.0</ele></trkpt><trkpt lat="37.19404" lon="-118.79581999999999"><ele>2574.0</ele></trkpt><trkpt lat="37.19391" lon="-118.79575"><ele>2574.005905705424</ele></trkpt><trkpt lat="37.19374" lon="-118.79572000000002"><ele>2575.0</ele></trkpt><trkpt lat="37.19363" lon="-118.79563000000002"><ele>2576.0</ele></trkpt><trkpt lat="37.19354" lon="-118.79566999999997"><ele>2576.0</ele></trkpt><trkpt lat="37.19333" lon="-118.79557"><ele>2576.10535569988</ele></trkpt><trkpt lat="37.19329" lon="-118.79554000000002"><ele>2577.0</ele></trkpt><trkpt lat="37.19314" lon="-118.79525999999998"><ele>2578.0</ele></trkpt><trkpt lat="37.19302" lon="-118.79515000000004"><ele>2579.0</ele></trkpt><trkpt lat="37.19286" lon="-118.79507999999998"><ele>2579.504309333628</ele></trkpt><trkpt lat="37.19283" lon="-118.79500999999999"><ele>2579.510894120205</ele></trkpt><trkpt lat="37.19283" lon="-118.79500999999999"><ele>2579.510894120205</ele></trkpt><trkpt lat="37.19285" lon="-118.79488000000003"><ele>2576.3192018307686</ele></trkpt><trkpt lat="37.19285" lon="-118.79488000000003"><ele>2576.3192018307686</ele></trkpt><trkpt lat="37.19287" lon="-118.79476"><ele>2579.979495946731</ele></trkpt><trkpt lat="37.19292" lon="-118.79473000000002"><ele>2580.0</ele></trkpt><trkpt lat="37.19302" lon="-118.79471000000001"><ele>2579.0</ele></trkpt><trkpt lat="37.19314" lon="-118.79475000000002"><ele>2579.0</ele></trkpt><trkpt lat="37.19322" lon="-118.79467999999997"><ele>2578.0</ele></trkpt><trkpt lat="37.1935" lon="-118.79458999999997"><ele>2576.0</ele></trkpt><trkpt lat="37.19364" lon="-118.79462999999998"><ele>2577.0</ele></trkpt><trkpt lat="37.19369" lon="-118.79467999999997"><ele>2576.8249848897103</ele></trkpt><trkpt lat="37.19383" lon="-118.79470000000003"><ele>2576.0</ele></trkpt><trkpt lat="37.19405" lon="-118.79478"><ele>2574.95953872893</ele></trkpt><trkpt lat="37.19533" lon="-118.79493000000002"><ele>2570.9997887887816</ele></trkpt><trkpt lat="37.19533" lon="-118.79493000000002"><ele>2570.9997887887816</ele></trkpt><trkpt lat="37.19566" lon="-118.79478"><ele>2571.989631999284</ele></trkpt><trkpt lat="37.19566" lon="-118.79471000000001"><ele>2574.5139994870406</ele></trkpt><trkpt lat="37.1955" lon="-118.79469"><ele>2576.961897360845</ele></trkpt><trkpt lat="37.19553" lon="-118.79464000000002"><ele>2578.928454135265</ele></trkpt><trkpt lat="37.19563" lon="-118.79462000000001"><ele>2580.503868641536</ele></trkpt><trkpt lat="37.19561" lon="-118.79458999999997"><ele>2581.8442737790756</ele></trkpt><trkpt lat="37.19533" lon="-118.79449999999997"><ele>2586.029262175184</ele></trkpt><trkpt lat="37.19533" lon="-118.79449999999997"><ele>2586.029262175184</ele></trkpt><trkpt lat="37.19529" lon="-118.79449"><ele>2586.504611555487</ele></trkpt><trkpt lat="37.19529" lon="-118.79446000000002"><ele>2587.9027128880844</ele></trkpt><trkpt lat="37.19533" lon="-118.79444999999998"><ele>2587.879508397802</ele></trkpt><trkpt lat="37.19533" lon="-118.79444999999998"><ele>2587.879508397802</ele></trkpt><trkpt lat="37.19547" lon="-118.79437999999999"><ele>2590.6309831114486</ele></trkpt><trkpt lat="37.19533" lon="-118.79434000000003"><ele>2592.4951182203367</ele></trkpt><trkpt lat="37.19533" lon="-118.79434000000003"><ele>2592.4951182203367</ele></trkpt><trkpt lat="37.19502" lon="-118.79430000000002"><ele>2598.359253332019</ele></trkpt><trkpt lat="37.195" lon="-118.79428000000001"><ele>2599.3159114650916</ele></trkpt><trkpt lat="37.19507" lon="-118.79417000000001"><ele>2601.086908418949</ele></trkpt><trkpt lat="37.19506" lon="-118.79415"><ele>2601.7945717724524</ele></trkpt><trkpt lat="37.19492" lon="-118.79416000000003"><ele>2603.941863110289</ele></trkpt><trkpt lat="37.19474" lon="-118.79399000000001"><ele>2607.7006414009147</ele></trkpt><trkpt lat="37.19456" lon="-118.79392000000001"><ele>2610.534268444171</ele></trkpt><trkpt lat="37.19464" lon="-118.79383000000001"><ele>2612.332390058087</ele></trkpt><trkpt lat="37.19483" lon="-118.79371000000003"><ele>2616.427623110125</ele></trkpt><trkpt lat="37.19479" lon="-118.79368"><ele>2617.253347555641</ele></trkpt><trkpt lat="37.19454" lon="-118.79365999999999"><ele>2620.8115754248574</ele></trkpt><trkpt lat="37.19452" lon="-118.79363000000001"><ele>2622.291758221807</ele></trkpt><trkpt lat="37.19455" lon="-118.79358000000002"><ele>2623.0949051151774</ele></trkpt><trkpt lat="37.19471" lon="-118.79347999999999"><ele>2625.7131756653203</ele></trkpt><trkpt lat="37.19464" lon="-118.79347000000001"><ele>2626.7410265021026</ele></trkpt><trkpt lat="37.19463" lon="-118.79343"><ele>2628.89768085815</ele></trkpt><trkpt lat="37.19439" lon="-118.79345"><ele>2630.4928374899723</ele></trkpt><trkpt lat="37.19419" lon="-118.79341"><ele>2634.4181297777686</ele></trkpt><trkpt lat="37.19419" lon="-118.79336999999998"><ele>2635.700394667685</ele></trkpt><trkpt lat="37.19443" lon="-118.79322000000002"><ele>2639.690901332069</ele></trkpt><trkpt lat="37.19442" lon="-118.79317000000003"><ele>2641.166552546293</ele></trkpt><trkpt lat="37.19431" lon="-118.79311999999999"><ele>2644.35123911174</ele></trkpt><trkpt lat="37.19417" lon="-118.79314"><ele>2645.8685037628748</ele></trkpt><trkpt lat="37.19415" lon="-118.79311000000001"><ele>2647.4226800592965</ele></trkpt><trkpt lat="37.1942" lon="-118.79302999999999"><ele>2649.545543111395</ele></trkpt><trkpt lat="37.19413" lon="-118.79300999999998"><ele>2651.196422589735</ele></trkpt><trkpt lat="37.19376" lon="-118.793"><ele>2657.4018679268856</ele></trkpt><trkpt lat="37.19374" lon="-118.79296999999997"><ele>2658.670872889692</ele></trkpt><trkpt lat="37.19378" lon="-118.79291999999998"><ele>2658.9550954630317</ele></trkpt><trkpt lat="37.19402" lon="-118.79286000000002"><ele>2661.3433374372157</ele></trkpt><trkpt lat="37.19403" lon="-118.79282999999998"><ele>2662.8357548251333</ele></trkpt><trkpt lat="37.19383" lon="-118.79278999999997"><ele>2664.7303537791595</ele></trkpt><trkpt lat="37.19363" lon="-118.79266999999999"><ele>2669.322759111412</ele></trkpt><trkpt lat="37.19343" lon="-118.79259000000002"><ele>2672.0963506902726</ele></trkpt><trkpt lat="37.1933" lon="-118.79257999999999"><ele>2673.7585315555334</ele></trkpt><trkpt lat="37.19326" lon="-118.79254000000003"><ele>2675.0471396483094</ele></trkpt><trkpt lat="37.19327" lon="-118.79250000000002"><ele>2676.2453333321027</ele></trkpt><trkpt lat="37.19354" lon="-118.79245000000003"><ele>2680.389178641307</ele></trkpt><trkpt lat="37.19433" lon="-118.79241000000002"><ele>2689.27339389214</ele></trkpt><trkpt lat="37.19443" lon="-118.79230999999999"><ele>2691.0577923327023</ele></trkpt><trkpt lat="37.19467" lon="-118.79232999999999"><ele>2693.1679075555876</ele></trkpt><trkpt lat="37.19482" lon="-118.79223999999999"><ele>2694.2967009797076</ele></trkpt><trkpt lat="37.19478" lon="-118.79181"><ele>2698.7008320000023</ele></trkpt><trkpt lat="37.19479" lon="-118.79174"><ele>2699.331950222142</ele></trkpt><trkpt lat="37.19486" lon="-118.79167000000001"><ele>2699.2286048843525</ele></trkpt><trkpt lat="37.19483" lon="-118.79158999999999"><ele>2701.9703001696616</ele></trkpt><trkpt lat="37.1944" lon="-118.79169000000002"><ele>2708.358571137364</ele></trkpt><trkpt lat="37.19413" lon="-118.79158000000001"><ele>2713.6423214688557</ele></trkpt><trkpt lat="37.19414" lon="-118.79151999999999"><ele>2714.458321777638</ele></trkpt><trkpt lat="37.19421" lon="-118.79145"><ele>2716.1788799995556</ele></trkpt><trkpt lat="37.19445" lon="-118.79137000000003"><ele>2718.9071502205916</ele></trkpt><trkpt lat="37.19452" lon="-118.79128000000003"><ele>2721.050727110356</ele></trkpt><trkpt lat="37.19464" lon="-118.79079000000002"><ele>2725.7009696140885</ele></trkpt><trkpt lat="37.19485" lon="-118.79025999999999"><ele>2726.9197650661995</ele></trkpt><trkpt lat="37.19495" lon="-118.79007999999999"><ele>2728.6375363281827</ele></trkpt><trkpt lat="37.19515" lon="-118.78994999999998"><ele>2729.041973333806</ele></trkpt><trkpt lat="37.195162351835684" lon="-118.78993353088572"><ele>2729.4257315103896</ele></trkpt><trkpt lat="37.19515255196455" lon="-118.78994659738458"><ele>2729.1212600190192</ele></trkpt><trkpt lat="37.19533" lon="-118.78971000000001"><ele>2733.1297968386007</ele></trkpt><trkpt lat="37.19533" lon="-118.78971000000001"><ele>2733.1297968386007</ele></trkpt><trkpt lat="37.19549" lon="-118.78960999999998"><ele>2735.7715770164964</ele></trkpt><trkpt lat="37.19584" lon="-118.78928000000002"><ele>2741.0455075315485</ele></trkpt><trkpt lat="37.19585" lon="-118.78922999999998"><ele>2742.12504442269</ele></trkpt><trkpt lat="37.19583" lon="-118.78921000000003"><ele>2743.2072430362105</ele></trkpt><trkpt lat="37.19568" lon="-118.78924"><ele>2744.5861724440474</ele></trkpt><trkpt lat="37.19533" lon="-118.78921000000003"><ele>2749.940020322995</ele></trkpt><trkpt lat="37.19533" lon="-118.78921000000003"><ele>2749.940020322995</ele></trkpt><trkpt lat="37.1953" lon="-118.78919000000002"><ele>2750.7512568882667</ele></trkpt><trkpt lat="37.19533" lon="-118.78913999999997"><ele>2751.916341333883</ele></trkpt><trkpt lat="37.19533" lon="-118.78913999999997"><ele>2751.916341333883</ele></trkpt><trkpt lat="37.19546" lon="-118.78895999999997"><ele>2754.1106453337707</ele></trkpt><trkpt lat="37.19553" lon="-118.78881999999999"><ele>2756.0394834871404</ele></trkpt><trkpt lat="37.19553" lon="-118.78879"><ele>2756.738534153439</ele></trkpt><trkpt lat="37.19539" lon="-118.78883000000002"><ele>2758.9017807657365</ele></trkpt><trkpt lat="37.19548" lon="-118.78858000000002"><ele>2762.0989873120184</ele></trkpt><trkpt lat="37.19548" lon="-118.7885"><ele>2763.129214783199</ele></trkpt><trkpt lat="37.19538" lon="-118.78805"><ele>2765.0917181566183</ele></trkpt><trkpt lat="37.19534" lon="-118.78796"><ele>2765.4490524809808</ele></trkpt><trkpt lat="37.19533" lon="-118.78782999999999"><ele>2765.5360891991313</ele></trkpt><trkpt lat="37.19533" lon="-118.78782999999999"><ele>2765.5360891991313</ele></trkpt><trkpt lat="37.19533" lon="-118.78771999999998"><ele>2765.034096393734</ele></trkpt><trkpt lat="37.19513" lon="-118.78737000000001"><ele>2769.3674791874364</ele></trkpt><trkpt lat="37.19518" lon="-118.78714000000002"><ele>2769.0456877318575</ele></trkpt><trkpt lat="37.19515" lon="-118.78679"><ele>2770.528387560141</ele></trkpt><trkpt lat="37.19516" lon="-118.78667000000002"><ele>2770.9614284159616</ele></trkpt><trkpt lat="37.19524" lon="-118.78647000000001"><ele>2772.28159472649</ele></trkpt><trkpt lat="37.19533" lon="-118.78636"><ele>2773.2120846412145</ele></trkpt><trkpt lat="37.19533" lon="-118.78636"><ele>2773.2120846412145</ele></trkpt><trkpt lat="37.19559" lon="-118.78589"><ele>2780.5895629401616</ele></trkpt><trkpt lat="37.19566" lon="-118.78568000000001"><ele>2784.540184888523</ele></trkpt><trkpt lat="37.19566" lon="-118.78562999999997"><ele>2785.0</ele></trkpt><trkpt lat="37.19559" lon="-118.78557999999998"><ele>2786.7932967799434</ele></trkpt><trkpt lat="37.19561" lon="-118.78552000000002"><ele>2788.2684551104903</ele></trkpt><trkpt lat="37.1957" lon="-118.78546"><ele>2787.5915795835836</ele></trkpt><trkpt lat="37.19575" lon="-118.7853"><ele>2789.534677788479</ele></trkpt><trkpt lat="37.19573" lon="-118.78514000000001"><ele>2790.816139722243</ele></trkpt><trkpt lat="37.19566" lon="-118.78503999999998"><ele>2791.4722707590145</ele></trkpt><trkpt lat="37.19548" lon="-118.78463999999997"><ele>2794.029210121534</ele></trkpt><trkpt lat="37.19533" lon="-118.78440999999998"><ele>2794.4481102754544</ele></trkpt><trkpt lat="37.19533" lon="-118.78440999999998"><ele>2794.4481102754544</ele></trkpt><trkpt lat="37.19517" lon="-118.78417999999999"><ele>2796.704676008085</ele></trkpt><trkpt lat="37.19517" lon="-118.78417999999999"><ele>2796.704676008085</ele></trkpt><trkpt lat="37.19511" lon="-118.78411"><ele>2796.7812064236496</ele></trkpt><trkpt lat="37.19498" lon="-118.78377999999998"><ele>2797.1409422348606</ele></trkpt><trkpt lat="37.19498" lon="-118.78343999999998"><ele>2797.7552922591567</ele></trkpt><trkpt lat="37.19506" lon="-118.78325000000001"><ele>2799.5784152615815</ele></trkpt><trkpt lat="37.19506" lon="-118.78307999999998"><ele>2803.124576000031</ele></trkpt><trkpt lat="37.19503" lon="-118.78304000000003"><ele>2804.2926888708025</ele></trkpt><trkpt lat="37.19502" lon="-118.78289999999998"><ele>2805.867731645307</ele></trkpt><trkpt lat="37.19491" lon="-118.78260999999998"><ele>2807.0</ele></trkpt><trkpt lat="37.1949" lon="-118.78235999999998"><ele>2807.0</ele></trkpt><trkpt lat="37.19492" lon="-118.78224"><ele>2807.0</ele></trkpt><trkpt lat="37.19502" lon="-118.78203000000002"><ele>2805.0</ele></trkpt><trkpt lat="37.19505" lon="-118.78188"><ele>2804.707647244446</ele></trkpt><trkpt lat="37.19533" lon="-118.78181000000001"><ele>2803.0</ele></trkpt><trkpt lat="37.19533" lon="-118.78181000000001"><ele>2803.0</ele></trkpt><trkpt lat="37.1956" lon="-118.78177"><ele>2800.6189417773858</ele></trkpt><trkpt lat="37.1956" lon="-118.78177"><ele>2800.6189417773858</ele></trkpt><trkpt lat="37.1956" lon="-118.78177"><ele>2800.6189417773858</ele></trkpt><trkpt lat="37.19589" lon="-118.78185000000002"><ele>2800.8642410272732</ele></trkpt><trkpt lat="37.1963" lon="-118.78226000000001"><ele>2803.0</ele></trkpt><trkpt lat="37.19641" lon="-118.78226999999998"><ele>2804.0766827443463</ele></trkpt><trkpt lat="37.19678" lon="-118.78205000000003"><ele>2806.0</ele></trkpt><trkpt lat="37.19686" lon="-118.78183000000001"><ele>2806.0</ele></trkpt><trkpt lat="37.19689" lon="-118.78161"><ele>2806.116845444776</ele></trkpt><trkpt lat="37.197" lon="-118.78129000000001"><ele>2807.33465558663</ele></trkpt><trkpt lat="37.19708" lon="-118.78091"><ele>2805.7759168214016</ele></trkpt><trkpt lat="37.19706" lon="-118.78066000000001"><ele>2805.0898267319426</ele></trkpt><trkpt lat="37.19704920010647" lon="-118.78063496388313"><ele>2805.0</ele></trkpt><trkpt lat="37.19704870268825" lon="-118.78063381074116"><ele>2805.0</ele></trkpt><trkpt lat="37.19684" lon="-118.78014999999999"><ele>2805.2607170916335</ele></trkpt><trkpt lat="37.19674" lon="-118.77996000000002"><ele>2805.9527919084157</ele></trkpt><trkpt lat="37.19672" lon="-118.77971000000002"><ele>2809.8888442636758</ele></trkpt><trkpt lat="37.19657" lon="-118.77921000000003"><ele>2810.0</ele></trkpt><trkpt lat="37.19657" lon="-118.77913000000001"><ele>2809.7559698736295</ele></trkpt><trkpt lat="37.19679" lon="-118.77870999999999"><ele>2812.1825555477144</ele></trkpt><trkpt lat="37.19687" lon="-118.77841999999998"><ele>2813.8644278984825</ele></trkpt><trkpt lat="37.19685" lon="-118.77795000000003"><ele>2813.0</ele></trkpt><trkpt lat="37.19687" lon="-118.77783"><ele>2812.785352357203</ele></trkpt><trkpt lat="37.19705" lon="-118.77751"><ele>2813.79729811009</ele></trkpt><trkpt lat="37.19711" lon="-118.77715"><ele>2813.104940837249</ele></trkpt><trkpt lat="37.19694" lon="-118.77636000000001"><ele>2811.5794858383015</ele></trkpt><trkpt lat="37.19683" lon="-118.77609999999999"><ele>2810.361678252928</ele></trkpt><trkpt lat="37.19683" lon="-118.77598999999998"><ele>2810.7870876391203</ele></trkpt><trkpt lat="37.19687" lon="-118.77587"><ele>2811.0</ele></trkpt><trkpt lat="37.19676" lon="-118.77517"><ele>2810.1755379659025</ele></trkpt><trkpt lat="37.19676" lon="-118.77498000000003"><ele>2810.0</ele></trkpt><trkpt lat="37.19688" lon="-118.77467000000001"><ele>2811.0</ele></trkpt><trkpt lat="37.19688" lon="-118.77458000000001"><ele>2811.0</ele></trkpt><trkpt lat="37.19673" lon="-118.77422999999999"><ele>2810.436402698979</ele></trkpt><trkpt lat="37.19667" lon="-118.77402000000001"><ele>2810.0</ele></trkpt><trkpt lat="37.19658" lon="-118.77391"><ele>2811.0</ele></trkpt><trkpt lat="37.19591" lon="-118.77354000000003"><ele>2810.0</ele></trkpt><trkpt lat="37.19551" lon="-118.77310999999997"><ele>2810.0</ele></trkpt><trkpt lat="37.19533" lon="-118.77305000000001"><ele>2809.482951803133</ele></trkpt><trkpt lat="37.19533" lon="-118.77305000000001"><ele>2809.482951803133</ele></trkpt><trkpt lat="37.19489" lon="-118.77300000000002"><ele>2809.0</ele></trkpt><trkpt lat="37.19489" lon="-118.77300000000002"><ele>2809.0</ele></trkpt><trkpt lat="37.19489" lon="-118.77300000000002"><ele>2809.0</ele></trkpt><trkpt lat="37.19477" lon="-118.77289999999999"><ele>2809.0</ele></trkpt><trkpt lat="37.19467" lon="-118.77267999999998"><ele>2810.0</ele></trkpt><trkpt lat="37.19468" lon="-118.77249999999998"><ele>2810.8176090183724</ele></trkpt><trkpt lat="37.19457" lon="-118.77215000000001"><ele>2812.812035555253</ele></trkpt><trkpt lat="37.19451" lon="-118.77179000000001"><ele>2818.0</ele></trkpt><trkpt lat="37.194241382578944" lon="-118.77130097854115"><ele>2818.0</ele></trkpt><trkpt lat="37.19423376720444" lon="-118.77128711427542"><ele>2818.0</ele></trkpt><trkpt lat="37.19412" lon="-118.77107999999998"><ele>2818.0</ele></trkpt><trkpt lat="37.19398" lon="-118.77089000000001"><ele>2818.001232109589</ele></trkpt><trkpt lat="37.19397" lon="-118.77043000000003"><ele>2820.0</ele></trkpt><trkpt lat="37.19391" lon="-118.77030000000002"><ele>2821.0</ele></trkpt><trkpt lat="37.19388" lon="-118.77007000000003"><ele>2823.0</ele></trkpt><trkpt lat="37.19371" lon="-118.76983000000001"><ele>2825.0827540166683</ele></trkpt><trkpt lat="37.19362" lon="-118.76959"><ele>2826.0</ele></trkpt><trkpt lat="37.19354" lon="-118.76956999999999"><ele>2826.0</ele></trkpt><trkpt lat="37.1933" lon="-118.76934"><ele>2828.0</ele></trkpt><trkpt lat="37.19315" lon="-118.76902999999999"><ele>2830.2273950835224</ele></trkpt><trkpt lat="37.19317" lon="-118.76864999999998"><ele>2833.1100591963127</ele></trkpt><trkpt lat="37.19314" lon="-118.76848000000001"><ele>2833.6120132025235</ele></trkpt><trkpt lat="37.19308" lon="-118.76835"><ele>2834.358453333378</ele></trkpt><trkpt lat="37.19309" lon="-118.76821999999999"><ele>2834.0</ele></trkpt><trkpt lat="37.19303" lon="-118.76799"><ele>2834.798643392</ele></trkpt><trkpt lat="37.19304" lon="-118.76779999999997"><ele>2837.086571032526</ele></trkpt><trkpt lat="37.19299" lon="-118.76765"><ele>2838.022686783631</ele></trkpt><trkpt lat="37.19289" lon="-118.76684999999998"><ele>2845.0</ele></trkpt><trkpt lat="37.193" lon="-118.76641999999998"><ele>2847.1079421043823</ele></trkpt><trkpt lat="37.19292" lon="-118.76585"><ele>2849.994689840808</ele></trkpt><trkpt lat="37.19276" lon="-118.76548000000003"><ele>2851.0</ele></trkpt><trkpt lat="37.19269" lon="-118.76512000000002"><ele>2851.2585106063634</ele></trkpt><trkpt lat="37.19265" lon="-118.76506999999998"><ele>2851.0697090670124</ele></trkpt><trkpt lat="37.19254" lon="-118.76497999999998"><ele>2852.885144889122</ele></trkpt><trkpt lat="37.19234" lon="-118.76490000000001"><ele>2854.9948290177053</ele></trkpt><trkpt lat="37.19232" lon="-118.76481999999999"><ele>2856.267206016452</ele></trkpt><trkpt lat="37.1922" lon="-118.76468"><ele>2858.0</ele></trkpt><trkpt lat="37.19219" lon="-118.76461999999998"><ele>2858.733448134897</ele></trkpt><trkpt lat="37.19224" lon="-118.76449000000002"><ele>2860.3029724438675</ele></trkpt><trkpt lat="37.19226" lon="-118.76447000000002"><ele>2860.769006221555</ele></trkpt><trkpt lat="37.1924" lon="-118.76447999999999"><ele>2861.535989333177</ele></trkpt><trkpt lat="37.1924" lon="-118.76445000000001"><ele>2862.0</ele></trkpt><trkpt lat="37.1924" lon="-118.76436999999999"><ele>2862.0991751113907</ele></trkpt><trkpt lat="37.19232" lon="-118.76420999999999"><ele>2863.8274453335907</ele></trkpt><trkpt lat="37.19241" lon="-118.76404000000002"><ele>2866.053789934874</ele></trkpt><trkpt lat="37.19234" lon="-118.76387999999997"><ele>2867.0206245305017</ele></trkpt><trkpt lat="37.1924" lon="-118.76355999999998"><ele>2868.9940653850736</ele></trkpt><trkpt lat="37.19232" lon="-118.76327000000003"><ele>2869.0</ele></trkpt><trkpt lat="37.19228" lon="-118.76292000000001"><ele>2870.5010177400322</ele></trkpt><trkpt lat="37.19224" lon="-118.76285999999999"><ele>2870.3802482725587</ele></trkpt><trkpt lat="37.1921" lon="-118.76276999999999"><ele>2871.0</ele></trkpt><trkpt lat="37.19187" lon="-118.76220999999998"><ele>2876.0</ele></trkpt><trkpt lat="37.19187" lon="-118.76220999999998"><ele>2876.0</ele></trkpt><trkpt lat="37.19182" lon="-118.76198"><ele>2877.8300422909465</ele></trkpt><trkpt lat="37.19177" lon="-118.76193999999998"><ele>2878.4322481517593</ele></trkpt><trkpt lat="37.19174" lon="-118.76186000000001"><ele>2878.0</ele></trkpt><trkpt lat="37.19171" lon="-118.76162"><ele>2877.592549187131</ele></trkpt><trkpt lat="37.1917" lon="-118.76121999999998"><ele>2878.799536405364</ele></trkpt><trkpt lat="37.19164" lon="-118.76096000000001"><ele>2878.304071222413</ele></trkpt><trkpt lat="37.19154" lon="-118.76085"><ele>2878.0</ele></trkpt><trkpt lat="37.19151" lon="-118.76076999999998"><ele>2878.0</ele></trkpt><trkpt lat="37.19149" lon="-118.76042999999999"><ele>2879.1573844943196</ele></trkpt><trkpt lat="37.19141" lon="-118.76015000000001"><ele>2882.3533332531124</ele></trkpt><trkpt lat="37.19136" lon="-118.76002"><ele>2882.8163177671377</ele></trkpt><trkpt lat="37.19122" lon="-118.75984"><ele>2884.4855025788243</ele></trkpt><trkpt lat="37.1912" lon="-118.75977999999998"><ele>2885.036384408907</ele></trkpt><trkpt lat="37.19124" lon="-118.75972000000002"><ele>2886.0</ele></trkpt><trkpt lat="37.19126" lon="-118.75918000000001"><ele>2888.4297323627397</ele></trkpt><trkpt lat="37.19131" lon="-118.75887"><ele>2889.8922636918724</ele></trkpt><trkpt lat="37.1914" lon="-118.7586"><ele>2890.0</ele></trkpt><trkpt lat="37.19142" lon="-118.75846000000001"><ele>2890.0892040341014</ele></trkpt><trkpt lat="37.19139" lon="-118.75835999999998"><ele>2890.033064428307</ele></trkpt><trkpt lat="37.19118" lon="-118.75812000000002"><ele>2889.023790481693</ele></trkpt><trkpt lat="37.19099" lon="-118.75796000000003"><ele>2890.0</ele></trkpt><trkpt lat="37.19085" lon="-118.7577"><ele>2890.2278755358457</ele></trkpt><trkpt lat="37.1906" lon="-118.75751000000002"><ele>2891.1180349495085</ele></trkpt><trkpt lat="37.1904" lon="-118.75718999999998"><ele>2892.0</ele></trkpt><trkpt lat="37.19038" lon="-118.75689"><ele>2893.8770380854303</ele></trkpt><trkpt lat="37.1903" lon="-118.75668999999999"><ele>2891.3493186514825</ele></trkpt><trkpt lat="37.1901" lon="-118.75650999999999"><ele>2890.0</ele></trkpt><trkpt lat="37.18999" lon="-118.75630999999998"><ele>2890.0</ele></trkpt><trkpt lat="37.18995" lon="-118.75608999999997"><ele>2890.144762957765</ele></trkpt><trkpt lat="37.18992" lon="-118.75571000000002"><ele>2890.443161005178</ele></trkpt><trkpt lat="37.18991" lon="-118.75557000000003"><ele>2890.9507248351442</ele></trkpt><trkpt lat="37.18997" lon="-118.75536"><ele>2892.696758888662</ele></trkpt><trkpt lat="37.18993" lon="-118.75513000000001"><ele>2893.2142734341205</ele></trkpt><trkpt lat="37.1899" lon="-118.75508000000002"><ele>2893.371284213305</ele></trkpt><trkpt lat="37.1897" lon="-118.75513999999998"><ele>2896.0348845336207</ele></trkpt><trkpt lat="37.18964" lon="-118.75512000000003"><ele>2897.595556023065</ele></trkpt><trkpt lat="37.18959" lon="-118.75494000000003"><ele>2899.0</ele></trkpt><trkpt lat="37.18942" lon="-118.75470999999999"><ele>2899.1178842325453</ele></trkpt><trkpt lat="37.18932" lon="-118.75450999999998"><ele>2900.0</ele></trkpt><trkpt lat="37.18928" lon="-118.75437999999997"><ele>2901.0</ele></trkpt><trkpt lat="37.1893" lon="-118.75428"><ele>2901.0</ele></trkpt><trkpt lat="37.18927" lon="-118.75419"><ele>2900.689631999936</ele></trkpt><trkpt lat="37.18905" lon="-118.75374"><ele>2897.0</ele></trkpt><trkpt lat="37.18906" lon="-118.75351"><ele>2897.0</ele></trkpt><trkpt lat="37.18907528525063" lon="-118.75345268031015"><ele>2897.2585489978446</ele></trkpt><trkpt lat="37.18907656754407" lon="-118.75344787171935"><ele>2897.3401559969407</ele></trkpt><trkpt lat="37.1891" lon="-118.75335999999999"><ele>2897.5856713936637</ele></trkpt><trkpt lat="37.18924" lon="-118.75302999999997"><ele>2900.688553109765</ele></trkpt><trkpt lat="37.18923" lon="-118.75270999999998"><ele>2900.0930386230452</ele></trkpt><trkpt lat="37.18917" lon="-118.75254000000001"><ele>2900.8299317239607</ele></trkpt><trkpt lat="37.18919" lon="-118.75229000000002"><ele>2902.881785317324</ele></trkpt><trkpt lat="37.18908" lon="-118.75211000000002"><ele>2904.0</ele></trkpt><trkpt lat="37.18895" lon="-118.75203999999997"><ele>2903.9183478266636</ele></trkpt><trkpt lat="37.18888" lon="-118.75189999999998"><ele>2903.814361264929</ele></trkpt><trkpt lat="37.18885" lon="-118.75175999999999"><ele>2903.9958001266054</ele></trkpt><trkpt lat="37.18884" lon="-118.75155999999998"><ele>2906.0270092242317</ele></trkpt><trkpt lat="37.18879" lon="-118.75130000000001"><ele>2904.363780571148</ele></trkpt><trkpt lat="37.18883" lon="-118.75106"><ele>2906.351877000183</ele></trkpt><trkpt lat="37.18892" lon="-118.75085000000001"><ele>2907.9865092992654</ele></trkpt><trkpt lat="37.18893" lon="-118.75065999999998"><ele>2909.156509569463</ele></trkpt><trkpt lat="37.18882" lon="-118.75049000000001"><ele>2909.5859971514437</ele></trkpt><trkpt lat="37.18883" lon="-118.75016"><ele>2916.568051222479</ele></trkpt><trkpt lat="37.18878" lon="-118.74995000000001"><ele>2917.0</ele></trkpt><trkpt lat="37.18867" lon="-118.74973"><ele>2917.2359004444443</ele></trkpt><trkpt lat="37.1886" lon="-118.74968000000001"><ele>2918.7765230326913</ele></trkpt><trkpt lat="37.18864" lon="-118.74959000000001"><ele>2920.7036912632175</ele></trkpt><trkpt lat="37.18859" lon="-118.74950999999999"><ele>2923.0303059904836</ele></trkpt><trkpt lat="37.18864" lon="-118.74941000000001"><ele>2924.6924408886116</ele></trkpt><trkpt lat="37.18845" lon="-118.74883"><ele>2927.0</ele></trkpt><trkpt lat="37.18844" lon="-118.74858"><ele>2927.140133356119</ele></trkpt><trkpt lat="37.18838" lon="-118.74799999999999"><ele>2927.0</ele></trkpt><trkpt lat="37.18834" lon="-118.74784999999997"><ele>2928.0618144831706</ele></trkpt><trkpt lat="37.18839" lon="-118.74772000000002"><ele>2931.0722951109055</ele></trkpt><trkpt lat="37.18831" lon="-118.74761999999998"><ele>2932.4024640002754</ele></trkpt><trkpt lat="37.18843" lon="-118.74743000000001"><ele>2936.0</ele></trkpt><trkpt lat="37.1884" lon="-118.74736999999999"><ele>2936.0</ele></trkpt><trkpt lat="37.18841" lon="-118.74698000000001"><ele>2934.045890940993</ele></trkpt><trkpt lat="37.18847" lon="-118.74682999999999"><ele>2935.4885103274287</ele></trkpt><trkpt lat="37.18839" lon="-118.74666000000002"><ele>2935.77208533301</ele></trkpt><trkpt lat="37.18845" lon="-118.74648000000002"><ele>2938.2034175675362</ele></trkpt><trkpt lat="37.18833" lon="-118.74628000000001"><ele>2939.4556855184646</ele></trkpt><trkpt lat="37.18837" lon="-118.74604999999997"><ele>2939.0</ele></trkpt><trkpt lat="37.18835" lon="-118.74590999999998"><ele>2938.312077329494</ele></trkpt><trkpt lat="37.18835" lon="-118.74590999999998"><ele>2938.312077329494</ele></trkpt><trkpt lat="37.18835" lon="-118.74590999999998"><ele>2938.312077329494</ele></trkpt><trkpt lat="37.18825" lon="-118.74571000000003"><ele>2937.387130296789</ele></trkpt><trkpt lat="37.18824" lon="-118.74565000000001"><ele>2937.4014269176405</ele></trkpt><trkpt lat="37.18826" lon="-118.74558999999999"><ele>2937.974732381059</ele></trkpt><trkpt lat="37.18826" lon="-118.74558999999999"><ele>2937.974732381059</ele></trkpt><trkpt lat="37.18826" lon="-118.74558999999999"><ele>2937.974732381059</ele></trkpt><trkpt lat="37.18851" lon="-118.74534"><ele>2939.4659281505465</ele></trkpt><trkpt lat="37.18857" lon="-118.74511000000001"><ele>2940.972092067155</ele></trkpt><trkpt lat="37.18856" lon="-118.74493000000001"><ele>2941.49265814719</ele></trkpt><trkpt lat="37.18852" lon="-118.74469999999997"><ele>2941.886243563733</ele></trkpt><trkpt lat="37.18846" lon="-118.74454000000003"><ele>2940.5295235384256</ele></trkpt><trkpt lat="37.18845" lon="-118.74432999999999"><ele>2938.2370282346383</ele></trkpt><trkpt lat="37.18841" lon="-118.74421000000001"><ele>2937.0670474078506</ele></trkpt><trkpt lat="37.1883" lon="-118.74406999999997"><ele>2936.8681712351536</ele></trkpt><trkpt lat="37.188116140186565" lon="-118.74388614018659"><ele>2936.279449953871</ele></trkpt><trkpt lat="37.188116140186565" lon="-118.74388614018659"><ele>2936.279449953871</ele></trkpt><trkpt lat="37.18798" lon="-118.74374999999998"><ele>2935.785712916251</ele></trkpt><trkpt lat="37.18784" lon="-118.74345"><ele>2935.2252862134847</ele></trkpt><trkpt lat="37.18782" lon="-118.74322999999998"><ele>2936.564403201985</ele></trkpt><trkpt lat="37.18773" lon="-118.74306999999999"><ele>2935.527166295814</ele></trkpt><trkpt lat="37.18771" lon="-118.74288000000001"><ele>2936.592483252287</ele></trkpt><trkpt lat="37.18773" lon="-118.74273"><ele>2938.2932266276825</ele></trkpt><trkpt lat="37.18789" lon="-118.74252000000001"><ele>2938.9656110540222</ele></trkpt><trkpt lat="37.18799" lon="-118.74223999999998"><ele>2938.782286139205</ele></trkpt><trkpt lat="37.18801" lon="-118.7421"><ele>2939.3672732217237</ele></trkpt><trkpt lat="37.18798" lon="-118.74191000000002"><ele>2939.0</ele></trkpt><trkpt lat="37.18788" lon="-118.74176999999997"><ele>2939.0</ele></trkpt><trkpt lat="37.18783" lon="-118.74144000000001"><ele>2941.5092963906936</ele></trkpt><trkpt lat="37.18769" lon="-118.74115"><ele>2944.1731222902</ele></trkpt><trkpt lat="37.18769" lon="-118.74099000000001"><ele>2947.0083033717074</ele></trkpt><trkpt lat="37.18766" lon="-118.74083000000002"><ele>2947.080734542617</ele></trkpt><trkpt lat="37.18761" lon="-118.74074000000002"><ele>2948.0</ele></trkpt><trkpt lat="37.18763" lon="-118.74034"><ele>2947.0097884254783</ele></trkpt><trkpt lat="37.18758" lon="-118.74023"><ele>2946.7900850903243</ele></trkpt><trkpt lat="37.18758" lon="-118.74023"><ele>2946.7900850903243</ele></trkpt><trkpt lat="37.1873" lon="-118.73941000000002"><ele>2943.0</ele></trkpt><trkpt lat="37.18727" lon="-118.73865999999998"><ele>2945.9084507953376</ele></trkpt><trkpt lat="37.18716" lon="-118.73829"><ele>2942.410121855841</ele></trkpt><trkpt lat="37.18696" lon="-118.73793"><ele>2940.655660830438</ele></trkpt><trkpt lat="37.18673" lon="-118.73759999999999"><ele>2940.89359157502</ele></trkpt><trkpt lat="37.18665" lon="-118.73757"><ele>2942.0</ele></trkpt><trkpt lat="37.18642" lon="-118.73739"><ele>2940.0</ele></trkpt><trkpt lat="37.18626" lon="-118.73716999999999"><ele>2940.3457585432275</ele></trkpt><trkpt lat="37.18615" lon="-118.73687000000001"><ele>2943.0</ele></trkpt><trkpt lat="37.18616" lon="-118.73675000000003"><ele>2943.2566237077117</ele></trkpt><trkpt lat="37.18609" lon="-118.73656"><ele>2942.0249270921563</ele></trkpt><trkpt lat="37.18615" lon="-118.73624999999998"><ele>2946.3068039789796</ele></trkpt><trkpt lat="37.18613" lon="-118.73603000000003"><ele>2950.3791646370664</ele></trkpt><trkpt lat="37.18615" lon="-118.73595999999998"><ele>2950.8675727463065</ele></trkpt><trkpt lat="37.18628" lon="-118.73581999999999"><ele>2952.1288563632406</ele></trkpt><trkpt lat="37.18629" lon="-118.73576000000003"><ele>2953.0589503729716</ele></trkpt><trkpt lat="37.18626" lon="-118.73563000000001"><ele>2953.0</ele></trkpt><trkpt lat="37.18616" lon="-118.73540000000003"><ele>2952.2566237077117</ele></trkpt><trkpt lat="37.18614" lon="-118.73527000000001"><ele>2953.1197699919876</ele></trkpt><trkpt lat="37.18606" lon="-118.73504000000003"><ele>2953.6910801693502</ele></trkpt><trkpt lat="37.18595" lon="-118.73487999999998"><ele>2954.0304328266775</ele></trkpt><trkpt lat="37.18584" lon="-118.73477000000003"><ele>2953.897078259848</ele></trkpt><trkpt lat="37.1857" lon="-118.73471"><ele>2952.227267555427</ele></trkpt><trkpt lat="37.18565" lon="-118.73457000000002"><ele>2954.1663662139977</ele></trkpt><trkpt lat="37.18555" lon="-118.73444"><ele>2953.0</ele></trkpt><trkpt lat="37.18525" lon="-118.73419000000001"><ele>2951.3441457774024</ele></trkpt><trkpt lat="37.18518" lon="-118.73408"><ele>2953.907331555616</ele></trkpt><trkpt lat="37.1852" lon="-118.73383999999999"><ele>2956.5888369193817</ele></trkpt><trkpt lat="37.18516" lon="-118.73376999999999"><ele>2957.139030969236</ele></trkpt><trkpt lat="37.18514" lon="-118.73369000000002"><ele>2957.423210851848</ele></trkpt><trkpt lat="37.18517" lon="-118.73360000000002"><ele>2959.5736135047446</ele></trkpt><trkpt lat="37.18517" lon="-118.73325999999997"><ele>2961.3109502416323</ele></trkpt><trkpt lat="37.18506" lon="-118.73298"><ele>2963.0449427104195</ele></trkpt><trkpt lat="37.1849" lon="-118.73288000000002"><ele>2963.0</ele></trkpt><trkpt lat="37.18483" lon="-118.73275999999998"><ele>2963.0</ele></trkpt><trkpt lat="37.18481" lon="-118.73266999999998"><ele>2962.825575649491</ele></trkpt><trkpt lat="37.18488" lon="-118.73248999999998"><ele>2962.957016889006</ele></trkpt><trkpt lat="37.18479" lon="-118.73226999999997"><ele>2965.456085060723</ele></trkpt><trkpt lat="37.18475" lon="-118.73212000000001"><ele>2966.6279143176507</ele></trkpt><trkpt lat="37.18478" lon="-118.73180000000002"><ele>2963.8938672179356</ele></trkpt><trkpt lat="37.18476" lon="-118.73171000000002"><ele>2963.0</ele></trkpt><trkpt lat="37.18464" lon="-118.73158000000001"><ele>2964.200863974169</ele></trkpt><trkpt lat="37.18462" lon="-118.73145999999997"><ele>2965.9577564450447</ele></trkpt><trkpt lat="37.18447" lon="-118.73122000000001"><ele>2965.4549687376566</ele></trkpt><trkpt lat="37.18437" lon="-118.73109999999997"><ele>2966.0</ele></trkpt><trkpt lat="37.18429" lon="-118.73104999999998"><ele>2965.0</ele></trkpt><trkpt lat="37.18424" lon="-118.73095999999998"><ele>2964.708546759328</ele></trkpt><trkpt lat="37.18423" lon="-118.73082999999997"><ele>2965.5150189041888</ele></trkpt><trkpt lat="37.18425" lon="-118.73066"><ele>2968.2351047036673</ele></trkpt><trkpt lat="37.18422" lon="-118.73028"><ele>2973.4837253137957</ele></trkpt><trkpt lat="37.18428" lon="-118.73001"><ele>2973.470964772183</ele></trkpt><trkpt lat="37.18411" lon="-118.72958"><ele>2969.8349166997004</ele></trkpt><trkpt lat="37.18408" lon="-118.72942999999998"><ele>2969.680472045671</ele></trkpt><trkpt lat="37.18392" lon="-118.72910999999999"><ele>2971.259361642413</ele></trkpt><trkpt lat="37.18378" lon="-118.72901000000002"><ele>2970.6459537902847</ele></trkpt><trkpt lat="37.18375" lon="-118.72887000000003"><ele>2969.84007920372</ele></trkpt><trkpt lat="37.18355" lon="-118.72878000000003"><ele>2968.3733690887652</ele></trkpt><trkpt lat="37.18347" lon="-118.7287"><ele>2968.0</ele></trkpt><trkpt lat="37.18328" lon="-118.72836999999998"><ele>2966.0</ele></trkpt><trkpt lat="37.18312" lon="-118.72824000000003"><ele>2964.349647100996</ele></trkpt><trkpt lat="37.18306" lon="-118.72815000000003"><ele>2964.086346665863</ele></trkpt><trkpt lat="37.18301" lon="-118.72787"><ele>2966.0</ele></trkpt><trkpt lat="37.18303" lon="-118.72741000000002"><ele>2967.0</ele></trkpt><trkpt lat="37.18296" lon="-118.72721999999999"><ele>2968.0</ele></trkpt><trkpt lat="37.18299" lon="-118.72694000000001"><ele>2971.0</ele></trkpt><trkpt lat="37.18296" lon="-118.72683999999998"><ele>2972.0</ele></trkpt><trkpt lat="37.18287" lon="-118.72674999999998"><ele>2972.9693108974025</ele></trkpt><trkpt lat="37.18271" lon="-118.72645"><ele>2975.0</ele></trkpt><trkpt lat="37.18269" lon="-118.72631000000001"><ele>2976.0</ele></trkpt><trkpt lat="37.18268" lon="-118.72618999999997"><ele>2977.358899250984</ele></trkpt><trkpt lat="37.18272" lon="-118.72604000000001"><ele>2979.1627700714394</ele></trkpt><trkpt lat="37.18265" lon="-118.72577000000001"><ele>2982.0</ele></trkpt><trkpt lat="37.18267" lon="-118.72566"><ele>2983.161732426818</ele></trkpt><trkpt lat="37.18278" lon="-118.72552000000002"><ele>2984.0</ele></trkpt><trkpt lat="37.1828" lon="-118.72539999999998"><ele>2984.983374330215</ele></trkpt><trkpt lat="37.18256" lon="-118.72478000000001"><ele>2983.9640238061547</ele></trkpt><trkpt lat="37.18237" lon="-118.72451999999998"><ele>2984.0</ele></trkpt><trkpt lat="37.18221" lon="-118.72417999999999"><ele>2984.7275109374896</ele></trkpt><trkpt lat="37.18197" lon="-118.72381000000001"><ele>2985.0</ele></trkpt><trkpt lat="37.18192" lon="-118.72366"><ele>2986.0</ele></trkpt><trkpt lat="37.1819" lon="-118.72354999999999"><ele>2986.0</ele></trkpt><trkpt lat="37.18185" lon="-118.72348"><ele>2986.9052337778267</ele></trkpt><trkpt lat="37.18178" lon="-118.72347000000002"><ele>2988.848711365834</ele></trkpt><trkpt lat="37.18161" lon="-118.72333000000003"><ele>2989.5079878751044</ele></trkpt><trkpt lat="37.18143" lon="-118.72327000000001"><ele>2989.7814445891936</ele></trkpt><trkpt lat="37.18112" lon="-118.72291000000001"><ele>2991.035585469799</ele></trkpt><trkpt lat="37.18103" lon="-118.72270000000003"><ele>2992.2161885099486</ele></trkpt><trkpt lat="37.18076" lon="-118.72271"><ele>2989.3196057807654</ele></trkpt><trkpt lat="37.18065" lon="-118.72255999999999"><ele>2989.0</ele></trkpt><trkpt lat="37.1805" lon="-118.72249999999997"><ele>2989.0</ele></trkpt><trkpt lat="37.18034" lon="-118.72228999999999"><ele>2989.0</ele></trkpt><trkpt lat="37.18027" lon="-118.72215"><ele>2988.0</ele></trkpt><trkpt lat="37.18008" lon="-118.72192999999999"><ele>2988.0</ele></trkpt><trkpt lat="37.18002" lon="-118.72181999999998"><ele>2988.0</ele></trkpt><trkpt lat="37.18" lon="-118.72168999999997"><ele>2988.0</ele></trkpt><trkpt lat="37.17994" lon="-118.72158999999999"><ele>2988.981577674545</ele></trkpt><trkpt lat="37.17975" lon="-118.72147000000001"><ele>2989.0</ele></trkpt><trkpt lat="37.17944" lon="-118.72114999999997"><ele>2989.0</ele></trkpt><trkpt lat="37.17935" lon="-118.72109999999998"><ele>2989.0</ele></trkpt><trkpt lat="37.17899" lon="-118.72109"><ele>2989.0</ele></trkpt><trkpt lat="37.17882" lon="-118.72100999999998"><ele>2989.0</ele></trkpt><trkpt lat="37.17842" lon="-118.721"><ele>2992.0</ele></trkpt><trkpt lat="37.17828" lon="-118.72075000000001"><ele>2993.0</ele></trkpt><trkpt lat="37.17825" lon="-118.72055999999998"><ele>2993.946165333735</ele></trkpt><trkpt lat="37.17827" lon="-118.72041999999999"><ele>2996.0</ele></trkpt><trkpt lat="37.17826615015073" lon="-118.72039882582908"><ele>2996.0</ele></trkpt><trkpt lat="37.178260184070574" lon="-118.72048871151048"><ele>2994.7347345371095</ele></trkpt><trkpt lat="37.17827" lon="-118.72041999999999"><ele>2996.0</ele></trkpt><trkpt lat="37.17825" lon="-118.72030999999998"><ele>2996.067912208844</ele></trkpt><trkpt lat="37.17808" lon="-118.72005000000001"><ele>2999.0</ele></trkpt><trkpt lat="37.17804" lon="-118.71992999999998"><ele>3000.914190033957</ele></trkpt><trkpt lat="37.17783" lon="-118.71969999999999"><ele>3003.0</ele></trkpt><trkpt lat="37.17783" lon="-118.71969999999999"><ele>3003.0</ele></trkpt><trkpt lat="37.1777" lon="-118.71942999999999"><ele>3005.2770737779792</ele></trkpt><trkpt lat="37.17745" lon="-118.71918"><ele>3004.897503999993</ele></trkpt><trkpt lat="37.17742" lon="-118.71899000000002"><ele>3004.0</ele></trkpt><trkpt lat="37.17725" lon="-118.71861999999999"><ele>3003.10095089153</ele></trkpt><trkpt lat="37.177" lon="-118.71843999999999"><ele>3003.0</ele></trkpt><trkpt lat="37.17691" lon="-118.71825999999999"><ele>3004.0</ele></trkpt><trkpt lat="37.17691" lon="-118.71825999999999"><ele>3004.0</ele></trkpt><trkpt lat="37.17688" lon="-118.71814"><ele>3006.336252444191</ele></trkpt><trkpt lat="37.1769" lon="-118.71803999999997"><ele>3007.4308053664863</ele></trkpt><trkpt lat="37.17696" lon="-118.71791999999999"><ele>3011.1855094265193</ele></trkpt><trkpt lat="37.17698" lon="-118.71782000000002"><ele>3013.1739804086847</ele></trkpt><trkpt lat="37.17696" lon="-118.71776999999997"><ele>3013.9313829711846</ele></trkpt><trkpt lat="37.17667" lon="-118.71769999999998"><ele>3017.121471248396</ele></trkpt><trkpt lat="37.17652" lon="-118.71753999999999"><ele>3017.5341786436</ele></trkpt><trkpt lat="37.17637" lon="-118.71746000000002"><ele>3017.0</ele></trkpt><trkpt lat="37.17622" lon="-118.71744000000001"><ele>3018.0</ele></trkpt><trkpt lat="37.17595" lon="-118.71708000000001"><ele>3019.0</ele></trkpt><trkpt lat="37.17585" lon="-118.71674000000002"><ele>3019.0</ele></trkpt><trkpt lat="37.17553" lon="-118.71618000000001"><ele>3020.010326381241</ele></trkpt><trkpt lat="37.17552" lon="-118.71609000000001"><ele>3021.0729966107756</ele></trkpt><trkpt lat="37.17567" lon="-118.71582999999998"><ele>3021.459679244086</ele></trkpt><trkpt lat="37.1757" lon="-118.71572000000003"><ele>3021.518449089732</ele></trkpt><trkpt lat="37.17568" lon="-118.71546999999998"><ele>3021.4149938620817</ele></trkpt><trkpt lat="37.17563" lon="-118.71533"><ele>3021.813998222351</ele></trkpt><trkpt lat="37.17543" lon="-118.71510999999998"><ele>3022.0</ele></trkpt><trkpt lat="37.17526" lon="-118.71506"><ele>3022.0559504239664</ele></trkpt><trkpt lat="37.17501" lon="-118.71509000000003"><ele>3021.0</ele></trkpt><trkpt lat="37.17494" lon="-118.71503999999999"><ele>3022.0</ele></trkpt><trkpt lat="37.17483" lon="-118.7149"><ele>3024.0</ele></trkpt><trkpt lat="37.17475" lon="-118.71461"><ele>3028.0</ele></trkpt><trkpt lat="37.17462" lon="-118.71436"><ele>3026.0</ele></trkpt><trkpt lat="37.1746" lon="-118.71424999999999"><ele>3026.0</ele></trkpt><trkpt lat="37.17461" lon="-118.71392000000003"><ele>3027.0</ele></trkpt><trkpt lat="37.17449" lon="-118.71389999999997"><ele>3026.951344416477</ele></trkpt><trkpt lat="37.17429" lon="-118.71377000000001"><ele>3026.1646328887437</ele></trkpt><trkpt lat="37.17416" lon="-118.71373"><ele>3027.0</ele></trkpt><trkpt lat="37.17397" lon="-118.71377999999999"><ele>3027.0</ele></trkpt><trkpt lat="37.17388" lon="-118.71371999999997"><ele>3027.0</ele></trkpt><trkpt lat="37.17377" lon="-118.71361000000002"><ele>3027.9888272299113</ele></trkpt><trkpt lat="37.17361" lon="-118.71308999999997"><ele>3032.226447222987</ele></trkpt><trkpt lat="37.17343" lon="-118.71290999999997"><ele>3034.204085334204</ele></trkpt><trkpt lat="37.1734" lon="-118.71281999999997"><ele>3035.075480083935</ele></trkpt><trkpt lat="37.1734" lon="-118.71274"><ele>3036.0</ele></trkpt><trkpt lat="37.1736" lon="-118.71251999999998"><ele>3037.9778939976536</ele></trkpt><trkpt lat="37.17361" lon="-118.71244000000002"><ele>3038.0</ele></trkpt><trkpt lat="37.17354" lon="-118.71219000000002"><ele>3040.1664307254637</ele></trkpt><trkpt lat="37.17347" lon="-118.71208000000001"><ele>3041.122540121898</ele></trkpt><trkpt lat="37.17346" lon="-118.71194000000003"><ele>3042.8067235548515</ele></trkpt><trkpt lat="37.17353" lon="-118.71158000000003"><ele>3048.8771645212546</ele></trkpt><trkpt lat="37.17367" lon="-118.71154000000001"><ele>3051.123741933311</ele></trkpt><trkpt lat="37.17368" lon="-118.71148"><ele>3052.5255004444625</ele></trkpt><trkpt lat="37.17356" lon="-118.71109999999999"><ele>3058.3801422226243</ele></trkpt><trkpt lat="37.1735" lon="-118.71102000000002"><ele>3060.0000361169205</ele></trkpt><trkpt lat="37.1735" lon="-118.71064999999999"><ele>3065.8660500745755</ele></trkpt><trkpt lat="37.17341" lon="-118.71044"><ele>3070.847830399972</ele></trkpt><trkpt lat="37.17322" lon="-118.71012999999999"><ele>3075.9860242624204</ele></trkpt><trkpt lat="37.17303" lon="-118.70999"><ele>3081.052241691578</ele></trkpt><trkpt lat="37.17304" lon="-118.70992999999999"><ele>3082.643118222477</ele></trkpt><trkpt lat="37.17319" lon="-118.70979"><ele>3085.8169264580465</ele></trkpt><trkpt lat="37.17325" lon="-118.70979"><ele>3086.5290799728264</ele></trkpt><trkpt lat="37.17333" lon="-118.70974000000001"><ele>3090.1272829931695</ele></trkpt><trkpt lat="37.17331" lon="-118.70965000000001"><ele>3090.611139644636</ele></trkpt><trkpt lat="37.17333" lon="-118.70961"><ele>3092.156502549071</ele></trkpt><trkpt lat="37.17341" lon="-118.70965000000001"><ele>3095.5355082263704</ele></trkpt><trkpt lat="37.17349" lon="-118.70978000000002"><ele>3097.455315007278</ele></trkpt><trkpt lat="37.17364" lon="-118.70994999999999"><ele>3101.2710639848374</ele></trkpt><trkpt lat="37.17372" lon="-118.70994999999999"><ele>3103.253847773527</ele></trkpt><trkpt lat="37.17379" lon="-118.70990999999998"><ele>3105.1658506768304</ele></trkpt><trkpt lat="37.17384" lon="-118.7097"><ele>3109.0025066668168</ele></trkpt><trkpt lat="37.17376" lon="-118.70910000000003"><ele>3119.1899952588137</ele></trkpt><trkpt lat="37.17369" lon="-118.70893000000001"><ele>3120.94480711082</ele></trkpt><trkpt lat="37.17374" lon="-118.70889999999997"><ele>3123.662218672689</ele></trkpt><trkpt lat="37.17385" lon="-118.709"><ele>3125.622648616806</ele></trkpt><trkpt lat="37.17391" lon="-118.70901000000003"><ele>3128.061129550247</ele></trkpt><trkpt lat="37.17388" lon="-118.70889"><ele>3129.9787519145757</ele></trkpt><trkpt lat="37.1739" lon="-118.70884000000001"><ele>3131.7685996282844</ele></trkpt><trkpt lat="37.17406" lon="-118.709"><ele>3135.4944820021456</ele></trkpt><trkpt lat="37.17422" lon="-118.70909"><ele>3138.21653688862</ele></trkpt><trkpt lat="37.17437" lon="-118.70909"><ele>3138.9659257781736</ele></trkpt><trkpt lat="37.17448" lon="-118.70906000000002"><ele>3139.143479090204</ele></trkpt><trkpt lat="37.17448" lon="-118.70901000000003"><ele>3141.4749238322183</ele></trkpt><trkpt lat="37.17434" lon="-118.70898"><ele>3143.7797226668335</ele></trkpt><trkpt lat="37.17426" lon="-118.70892000000003"><ele>3145.814840765209</ele></trkpt><trkpt lat="37.17422" lon="-118.7088"><ele>3147.02947193454</ele></trkpt><trkpt lat="37.1743" lon="-118.70871"><ele>3149.438033371203</ele></trkpt><trkpt lat="37.17429" lon="-118.70861000000002"><ele>3151.4013475549873</ele></trkpt><trkpt lat="37.17424" lon="-118.70856000000003"><ele>3151.5664319992065</ele></trkpt><trkpt lat="37.17415" lon="-118.70829000000003"><ele>3155.8578879991546</ele></trkpt><trkpt lat="37.17403" lon="-118.70812000000001"><ele>3158.4088410463364</ele></trkpt><trkpt lat="37.17401" lon="-118.70805000000001"><ele>3159.4116626141376</ele></trkpt><trkpt lat="37.1741" lon="-118.70803999999998"><ele>3160.6833102223463</ele></trkpt><trkpt lat="37.17411" lon="-118.70798000000002"><ele>3161.242805999471</ele></trkpt><trkpt lat="37.17407" lon="-118.70785999999998"><ele>3163.8776142227</ele></trkpt><trkpt lat="37.17411" lon="-118.70776999999998"><ele>3164.97476622276</ele></trkpt><trkpt lat="37.17424" lon="-118.70771000000002"><ele>3166.0</ele></trkpt><trkpt lat="37.17445" lon="-118.70754999999997"><ele>3169.8036703345465</ele></trkpt><trkpt lat="37.17456" lon="-118.70757000000003"><ele>3170.6341094196227</ele></trkpt><trkpt lat="37.17459" lon="-118.70751999999999"><ele>3171.700771968373</ele></trkpt><trkpt lat="37.17454" lon="-118.70742999999999"><ele>3172.897340444615</ele></trkpt><trkpt lat="37.17455" lon="-118.70736"><ele>3174.373087857907</ele></trkpt><trkpt lat="37.17449" lon="-118.70721000000003"><ele>3177.02371199918</ele></trkpt><trkpt lat="37.17478" lon="-118.70718"><ele>3180.8801901080888</ele></trkpt><trkpt lat="37.17486" lon="-118.70708000000002"><ele>3181.269150606807</ele></trkpt><trkpt lat="37.17491" lon="-118.70684"><ele>3182.7660897085443</ele></trkpt><trkpt lat="37.17495" lon="-118.70677"><ele>3183.9843730406965</ele></trkpt><trkpt lat="37.17516" lon="-118.70672000000002"><ele>3185.4415395548567</ele></trkpt><trkpt lat="37.17533" lon="-118.70672000000002"><ele>3188.5165444444865</ele></trkpt><trkpt lat="37.17539" lon="-118.70679999999999"><ele>3191.4225955551956</ele></trkpt><trkpt lat="37.17552" lon="-118.70682"><ele>3192.06486692957</ele></trkpt><trkpt lat="37.17567" lon="-118.70702"><ele>3194.7476512133153</ele></trkpt><trkpt lat="37.17581" lon="-118.70704999999998"><ele>3195.5539242271334</ele></trkpt><trkpt lat="37.17589" lon="-118.70706000000001"><ele>3196.0</ele></trkpt><trkpt lat="37.17593" lon="-118.70699000000002"><ele>3196.0</ele></trkpt><trkpt lat="37.17598" lon="-118.707"><ele>3196.0</ele></trkpt><trkpt lat="37.17604" lon="-118.70709"><ele>3196.2802003128454</ele></trkpt><trkpt lat="37.17608" lon="-118.70708000000002"><ele>3197.449989547953</ele></trkpt><trkpt lat="37.1761" lon="-118.70703000000003"><ele>3198.0348843969405</ele></trkpt><trkpt lat="37.17616" lon="-118.70699000000002"><ele>3199.7895698780194</ele></trkpt><trkpt lat="37.17619" lon="-118.707"><ele>3200.0</ele></trkpt><trkpt lat="37.17622" lon="-118.70709999999997"><ele>3201.544256749563</ele></trkpt><trkpt lat="37.1763" lon="-118.70721000000003"><ele>3205.836417415645</ele></trkpt><trkpt lat="37.17642" lon="-118.70718"><ele>3207.3932230556384</ele></trkpt><trkpt lat="37.17647" lon="-118.70712000000003"><ele>3208.855467052199</ele></trkpt><trkpt lat="37.1765" lon="-118.70713"><ele>3210.4955935183652</ele></trkpt><trkpt lat="37.17654" lon="-118.70724999999999"><ele>3211.902610272169</ele></trkpt><trkpt lat="37.17659" lon="-118.70713"><ele>3213.800946349572</ele></trkpt><trkpt lat="37.17672" lon="-118.7074"><ele>3218.669729759659</ele></trkpt><trkpt lat="37.17672" lon="-118.70749999999998"><ele>3219.0</ele></trkpt><trkpt lat="37.17682" lon="-118.70763"><ele>3220.3282047859393</ele></trkpt><trkpt lat="37.17684" lon="-118.70769999999999"><ele>3220.6761027006432</ele></trkpt><trkpt lat="37.17682" lon="-118.70789000000002"><ele>3221.016285374658</ele></trkpt><trkpt lat="37.17687" lon="-118.70805000000001"><ele>3221.553453858942</ele></trkpt><trkpt lat="37.17692" lon="-118.7081"><ele>3222.0044796517473</ele></trkpt><trkpt lat="37.17695" lon="-118.70808999999997"><ele>3222.4628060155665</ele></trkpt><trkpt lat="37.17695" lon="-118.70798000000002"><ele>3223.974470208166</ele></trkpt><trkpt lat="37.17697" lon="-118.70787999999999"><ele>3226.5443400300574</ele></trkpt><trkpt lat="37.17706" lon="-118.70780000000002"><ele>3228.1897045485916</ele></trkpt><trkpt lat="37.17709" lon="-118.70771000000002"><ele>3229.3602405576967</ele></trkpt><trkpt lat="37.177" lon="-118.70729"><ele>3231.412012635359</ele></trkpt><trkpt lat="37.17704" lon="-118.70722999999998"><ele>3233.292846319075</ele></trkpt><trkpt lat="37.17708" lon="-118.70721000000003"><ele>3234.694921726361</ele></trkpt><trkpt lat="37.1772" lon="-118.70739000000003"><ele>3237.8642667004824</ele></trkpt><trkpt lat="37.17727" lon="-118.70744000000002"><ele>3239.5030052047223</ele></trkpt><trkpt lat="37.17727" lon="-118.70744000000002"><ele>3239.5030052047223</ele></trkpt><trkpt lat="37.17727" lon="-118.70744000000002"><ele>3239.5030052047223</ele></trkpt><trkpt lat="37.17734" lon="-118.70744000000002"><ele>3242.3989231468995</ele></trkpt><trkpt lat="37.17746" lon="-118.70718999999997"><ele>3247.6161949094385</ele></trkpt><trkpt lat="37.17742" lon="-118.70681000000002"><ele>3248.858104896985</ele></trkpt><trkpt lat="37.17737" lon="-118.70670999999999"><ele>3248.0266053783707</ele></trkpt><trkpt lat="37.17734" lon="-118.7065"><ele>3248.8665786124766</ele></trkpt><trkpt lat="37.17714" lon="-118.70607000000001"><ele>3252.0</ele></trkpt><trkpt lat="37.17717" lon="-118.70576"><ele>3253.3269846104085</ele></trkpt><trkpt lat="37.17717" lon="-118.70556999999997"><ele>3255.0779798714057</ele></trkpt><trkpt lat="37.17713" lon="-118.70538999999997"><ele>3256.0</ele></trkpt><trkpt lat="37.17709" lon="-118.70526000000001"><ele>3255.4561715927694</ele></trkpt><trkpt lat="37.17703" lon="-118.70519000000002"><ele>3255.2326659243554</ele></trkpt><trkpt lat="37.17679" lon="-118.70502999999997"><ele>3254.0</ele></trkpt><trkpt lat="37.17673" lon="-118.70496000000003"><ele>3253.459151430987</ele></trkpt><trkpt lat="37.17664" lon="-118.70481000000001"><ele>3253.9477653331123</ele></trkpt><trkpt lat="37.17662" lon="-118.70472000000001"><ele>3255.27624298401</ele></trkpt><trkpt lat="37.1765" lon="-118.70459"><ele>3256.054328543808</ele></trkpt><trkpt lat="37.17643" lon="-118.70443999999998"><ele>3258.0</ele></trkpt><trkpt lat="37.17633" lon="-118.70434"><ele>3258.8995591111016</ele></trkpt><trkpt lat="37.17617" lon="-118.70423"><ele>3260.9559356294108</ele></trkpt><trkpt lat="37.17611" lon="-118.70423"><ele>3262.311273733941</ele></trkpt><trkpt lat="37.176" lon="-118.70429000000001"><ele>3263.0575061505265</ele></trkpt><trkpt lat="37.17594" lon="-118.70429000000001"><ele>3264.0416479075743</ele></trkpt><trkpt lat="37.17591" lon="-118.70425"><ele>3264.996711110929</ele></trkpt><trkpt lat="37.17589" lon="-118.70411000000001"><ele>3267.3378724599092</ele></trkpt><trkpt lat="37.17584" lon="-118.70411999999999"><ele>3268.568736575544</ele></trkpt><trkpt lat="37.17579" lon="-118.70418999999998"><ele>3269.0309683773667</ele></trkpt><trkpt lat="37.17574" lon="-118.70418999999998"><ele>3270.4931992124766</ele></trkpt><trkpt lat="37.17572" lon="-118.70404000000002"><ele>3271.976741955688</ele></trkpt><trkpt lat="37.17573" lon="-118.70389"><ele>3273.7856452632695</ele></trkpt><trkpt lat="37.17566" lon="-118.70371999999998"><ele>3276.0</ele></trkpt><trkpt lat="37.17565" lon="-118.70355999999998"><ele>3276.2000887221657</ele></trkpt><trkpt lat="37.17566" lon="-118.70346"><ele>3277.0</ele></trkpt><trkpt lat="37.17571" lon="-118.70335999999998"><ele>3277.901887006649</ele></trkpt><trkpt lat="37.17564" lon="-118.7031"><ele>3282.3759953542612</ele></trkpt><trkpt lat="37.17552" lon="-118.70298000000003"><ele>3284.58985599922</ele></trkpt><trkpt lat="37.17547" lon="-118.70283999999998"><ele>3287.5204333556417</ele></trkpt><trkpt lat="37.17508" lon="-118.70267999999999"><ele>3291.0</ele></trkpt><trkpt lat="37.17487" lon="-118.70278000000002"><ele>3292.9358608284965</ele></trkpt><trkpt lat="37.1747" lon="-118.70279"><ele>3293.0</ele></trkpt><trkpt lat="37.1746" lon="-118.7029"><ele>3294.4541700253376</ele></trkpt><trkpt lat="37.17455" lon="-118.70301"><ele>3296.4032021618914</ele></trkpt><trkpt lat="37.17447" lon="-118.70294000000001"><ele>3297.6335379686207</ele></trkpt><trkpt lat="37.17439" lon="-118.70283"><ele>3297.9977076622345</ele></trkpt><trkpt lat="37.17429" lon="-118.70283"><ele>3299.914890666958</ele></trkpt><trkpt lat="37.17414" lon="-118.7027"><ele>3300.1697460983414</ele></trkpt><trkpt lat="37.17385" lon="-118.70260999999999"><ele>3305.9502628982145</ele></trkpt><trkpt lat="37.17352" lon="-118.70242000000002"><ele>3310.0</ele></trkpt><trkpt lat="37.17346" lon="-118.70236"><ele>3309.163627409673</ele></trkpt><trkpt lat="37.17342" lon="-118.70227999999997"><ele>3308.438607591437</ele></trkpt><trkpt lat="37.17316" lon="-118.702"><ele>3308.493230591955</ele></trkpt><trkpt lat="37.17273" lon="-118.70182999999997"><ele>3312.613201777218</ele></trkpt><trkpt lat="37.17266" lon="-118.70177999999999"><ele>3312.7597946707997</ele></trkpt><trkpt lat="37.17238" lon="-118.70139"><ele>3314.113352566492</ele></trkpt><trkpt lat="37.1723" lon="-118.70119"><ele>3314.9125312443284</ele></trkpt><trkpt lat="37.17228" lon="-118.70105999999998"><ele>3314.6049470135877</ele></trkpt><trkpt lat="37.17203" lon="-118.70073000000002"><ele>3313.969594836761</ele></trkpt><trkpt lat="37.17204" lon="-118.70067"><ele>3313.0</ele></trkpt><trkpt lat="37.17212" lon="-118.70060000000001"><ele>3313.0</ele></trkpt><trkpt lat="37.17212" lon="-118.70041000000003"><ele>3312.0</ele></trkpt><trkpt lat="37.17212" lon="-118.70041000000003"><ele>3312.0</ele></trkpt><trkpt lat="37.17218" lon="-118.70024000000001"><ele>3311.0</ele></trkpt><trkpt lat="37.17226" lon="-118.70015000000001"><ele>3311.533635555068</ele></trkpt><trkpt lat="37.17243" lon="-118.70006999999998"><ele>3311.1750849839973</ele></trkpt><trkpt lat="37.17256" lon="-118.69993"><ele>3310.0</ele></trkpt><trkpt lat="37.17265" lon="-118.69975999999997"><ele>3310.0</ele></trkpt><trkpt lat="37.17272" lon="-118.69968"><ele>3309.6067307304297</ele></trkpt><trkpt lat="37.17281" lon="-118.69933000000003"><ele>3310.0</ele></trkpt><trkpt lat="37.17287" lon="-118.69882000000001"><ele>3310.5763727584854</ele></trkpt><trkpt lat="37.17299" lon="-118.69858999999997"><ele>3311.1914189606364</ele></trkpt><trkpt lat="37.17305" lon="-118.69839999999999"><ele>3310.9502103380873</ele></trkpt><trkpt lat="37.17307" lon="-118.6979"><ele>3310.4250797312707</ele></trkpt><trkpt lat="37.17312" lon="-118.69774000000001"><ele>3310.887258892879</ele></trkpt><trkpt lat="37.17315" lon="-118.69753000000003"><ele>3310.3180135987436</ele></trkpt><trkpt lat="37.17317" lon="-118.69745999999998"><ele>3310.349439023994</ele></trkpt><trkpt lat="37.1732626826142" lon="-118.69736400729244"><ele>3311.0327804274066</ele></trkpt><trkpt lat="37.1732626826142" lon="-118.69736400729244"><ele>3311.0327804274066</ele></trkpt><trkpt lat="37.17345" lon="-118.69717000000003"><ele>3313.5503019502976</ele></trkpt><trkpt lat="37.17355" lon="-118.69702000000001"><ele>3314.994117854163</ele></trkpt><trkpt lat="37.17361" lon="-118.69628999999998"><ele>3317.0</ele></trkpt><trkpt lat="37.17361" lon="-118.69628999999998"><ele>3317.0</ele></trkpt><trkpt lat="37.1736" lon="-118.69612999999998"><ele>3319.0</ele></trkpt><trkpt lat="37.1735" lon="-118.6959"><ele>3320.565581824681</ele></trkpt><trkpt lat="37.17347" lon="-118.69578000000001"><ele>3320.1669016066207</ele></trkpt><trkpt lat="37.17343" lon="-118.69574"><ele>3320.2468748516403</ele></trkpt><trkpt lat="37.17338" lon="-118.69560999999999"><ele>3321.8139092458878</ele></trkpt><trkpt lat="37.1733" lon="-118.69553000000002"><ele>3321.4976641890653</ele></trkpt><trkpt lat="37.17313" lon="-118.69518"><ele>3323.9838077500426</ele></trkpt><trkpt lat="37.17307" lon="-118.69488999999999"><ele>3326.525598842418</ele></trkpt><trkpt lat="37.17306" lon="-118.69466999999997"><ele>3329.359534681542</ele></trkpt><trkpt lat="37.17296" lon="-118.69448"><ele>3329.8625005350914</ele></trkpt><trkpt lat="37.17276" lon="-118.69416000000001"><ele>3330.4703425206244</ele></trkpt><trkpt lat="37.17263" lon="-118.69403999999997"><ele>3330.4648994922172</ele></trkpt><trkpt lat="37.17251" lon="-118.69385"><ele>3330.3830147746485</ele></trkpt><trkpt lat="37.17221" lon="-118.69352000000003"><ele>3333.0238328881096</ele></trkpt><trkpt lat="37.17215" lon="-118.6934"><ele>3334.0</ele></trkpt><trkpt lat="37.17194" lon="-118.69319000000002"><ele>3335.7133902218193</ele></trkpt><trkpt lat="37.17174" lon="-118.69310999999999"><ele>3338.2705884136294</ele></trkpt><trkpt lat="37.17161" lon="-118.69315"><ele>3337.645457777893</ele></trkpt><trkpt lat="37.17128" lon="-118.69312000000002"><ele>3338.344508443959</ele></trkpt><trkpt lat="37.17118" lon="-118.69315"><ele>3338.5451427151543</ele></trkpt><trkpt lat="37.17111" lon="-118.69322"><ele>3338.893135753564</ele></trkpt><trkpt lat="37.17089" lon="-118.69330000000002"><ele>3339.723824080709</ele></trkpt><trkpt lat="37.17075" lon="-118.69326000000001"><ele>3338.047802548935</ele></trkpt><trkpt lat="37.17052" lon="-118.69328999999999"><ele>3336.9107061279647</ele></trkpt><trkpt lat="37.1703" lon="-118.69319999999999"><ele>3335.2026530382996</ele></trkpt><trkpt lat="37.17009" lon="-118.69303000000002"><ele>3333.2809489173815</ele></trkpt><trkpt lat="37.17007" lon="-118.69292000000002"><ele>3332.3922011796385</ele></trkpt><trkpt lat="37.17008" lon="-118.69279"><ele>3332.0221995978527</ele></trkpt><trkpt lat="37.17002" lon="-118.6927"><ele>3331.2339804451913</ele></trkpt><trkpt lat="37.16996" lon="-118.69241999999997"><ele>3331.479437548667</ele></trkpt><trkpt lat="37.16932" lon="-118.69196999999997"><ele>3327.9058506772853</ele></trkpt><trkpt lat="37.16906" lon="-118.69182999999998"><ele>3326.565148395952</ele></trkpt><trkpt lat="37.16887" lon="-118.69184999999999"><ele>3324.332169191679</ele></trkpt><trkpt lat="37.1687" lon="-118.69196"><ele>3323.740109014325</ele></trkpt><trkpt lat="37.16864" lon="-118.69202000000001"><ele>3324.0965199281927</ele></trkpt><trkpt lat="37.16859" lon="-118.69218999999998"><ele>3324.0087797551687</ele></trkpt><trkpt lat="37.16829" lon="-118.69232"><ele>3322.985859555658</ele></trkpt><trkpt lat="37.16733" lon="-118.69208000000003"><ele>3317.578264888143</ele></trkpt><trkpt lat="37.16696" lon="-118.69186000000002"><ele>3313.927360912686</ele></trkpt><trkpt lat="37.16683" lon="-118.69184999999999"><ele>3314.937653333647</ele></trkpt><trkpt lat="37.16669" lon="-118.6918"><ele>3314.961694299942</ele></trkpt><trkpt lat="37.1665" lon="-118.69184999999999"><ele>3313.0</ele></trkpt><trkpt lat="37.16628" lon="-118.69184000000001"><ele>3312.8923000198456</ele></trkpt><trkpt lat="37.16615" lon="-118.69178999999997"><ele>3313.0</ele></trkpt><trkpt lat="37.16603" lon="-118.69173999999998"><ele>3312.78032513402</ele></trkpt><trkpt lat="37.1657" lon="-118.69146"><ele>3310.0460907464276</ele></trkpt><trkpt lat="37.16539" lon="-118.69079999999997"><ele>3314.654700703919</ele></trkpt><trkpt lat="37.16513" lon="-118.69038999999998"><ele>3321.9581191116013</ele></trkpt><trkpt lat="37.165" lon="-118.69029999999998"><ele>3321.02443215962</ele></trkpt><trkpt lat="37.1644" lon="-118.6902"><ele>3320.0</ele></trkpt><trkpt lat="37.16414" lon="-118.6902"><ele>3318.499298004167</ele></trkpt><trkpt lat="37.16374" lon="-118.69015000000002"><ele>3318.5505244438536</ele></trkpt><trkpt lat="37.16339" lon="-118.69016999999997"><ele>3322.138106949481</ele></trkpt><trkpt lat="37.16316" lon="-118.69013999999999"><ele>3322.0654066232137</ele></trkpt><trkpt lat="37.16287" lon="-118.69031000000001"><ele>3320.0</ele></trkpt><trkpt lat="37.16273" lon="-118.69058999999999"><ele>3319.29778133356</ele></trkpt><trkpt lat="37.16267" lon="-118.69064000000003"><ele>3317.132696887944</ele></trkpt><trkpt lat="37.16251" lon="-118.69065999999998"><ele>3316.7884914574934</ele></trkpt><trkpt lat="37.16232" lon="-118.69074999999998"><ele>3317.0</ele></trkpt><trkpt lat="37.16195" lon="-118.69072"><ele>3318.537123554852</ele></trkpt><trkpt lat="37.16179" lon="-118.69076000000001"><ele>3317.0</ele></trkpt><trkpt lat="37.16138" lon="-118.69074999999998"><ele>3315.7442272269773</ele></trkpt><trkpt lat="37.16118" lon="-118.69091000000003"><ele>3316.8412408882286</ele></trkpt><trkpt lat="37.16105" lon="-118.69096000000002"><ele>3315.6391566925263</ele></trkpt><trkpt lat="37.16078" lon="-118.69100000000003"><ele>3313.0377879924977</ele></trkpt><trkpt lat="37.16069" lon="-118.6911"><ele>3311.754261251216</ele></trkpt><trkpt lat="37.16066" lon="-118.69155"><ele>3311.961053464921</ele></trkpt><trkpt lat="37.16059" lon="-118.69164"><ele>3311.504584263079</ele></trkpt><trkpt lat="37.16059" lon="-118.69193000000001"><ele>3311.0</ele></trkpt><trkpt lat="37.16052" lon="-118.69218000000001"><ele>3313.0</ele></trkpt><trkpt lat="37.16043" lon="-118.69225"><ele>3314.3830222222023</ele></trkpt><trkpt lat="37.16032" lon="-118.69223"><ele>3315.0</ele></trkpt><trkpt lat="37.16032" lon="-118.69223"><ele>3315.0</ele></trkpt><trkpt lat="37.16021" lon="-118.69223999999997"><ele>3316.15000533266</ele></trkpt><trkpt lat="37.16018" lon="-118.69227000000001"><ele>3316.8490560003556</ele></trkpt><trkpt lat="37.16017" lon="-118.69234"><ele>3318.8570259938724</ele></trkpt><trkpt lat="37.16008" lon="-118.69238000000001"><ele>3320.4122417781036</ele></trkpt><trkpt lat="37.15992" lon="-118.69240000000002"><ele>3320.9727320694365</ele></trkpt><trkpt lat="37.15979" lon="-118.69236999999998"><ele>3323.2539061680436</ele></trkpt><trkpt lat="37.15938" lon="-118.69238000000001"><ele>3326.776326466406</ele></trkpt><trkpt lat="37.15924" lon="-118.69244000000003"><ele>3328.810343112098</ele></trkpt><trkpt lat="37.159" lon="-118.69244000000003"><ele>3328.810343112098</ele></trkpt><trkpt lat="37.15891" lon="-118.69250999999997"><ele>3328.650840822435</ele></trkpt><trkpt lat="37.1589" lon="-118.69262000000003"><ele>3331.00426377522</ele></trkpt><trkpt lat="37.15893" lon="-118.69268"><ele>3331.426858201952</ele></trkpt><trkpt lat="37.15891" lon="-118.69281999999998"><ele>3334.039855066687</ele></trkpt><trkpt lat="37.15884" lon="-118.69281000000001"><ele>3334.2901941721802</ele></trkpt><trkpt lat="37.15877" lon="-118.69286"><ele>3335.597052444471</ele></trkpt><trkpt lat="37.15866" lon="-118.69285000000002"><ele>3335.023792815179</ele></trkpt><trkpt lat="37.15855" lon="-118.69286999999997"><ele>3334.0</ele></trkpt><trkpt lat="37.15852" lon="-118.69292000000002"><ele>3334.9951537782326</ele></trkpt><trkpt lat="37.15854" lon="-118.69307000000003"><ele>3337.4904071120545</ele></trkpt><trkpt lat="37.15848" lon="-118.69316000000003"><ele>3338.116028208472</ele></trkpt><trkpt lat="37.15835" lon="-118.69315"><ele>3338.0</ele></trkpt><trkpt lat="37.15814" lon="-118.69334000000003"><ele>3341.0</ele></trkpt><trkpt lat="37.15804" lon="-118.69337999999999"><ele>3341.0</ele></trkpt><trkpt lat="37.15785" lon="-118.6934"><ele>3341.0</ele></trkpt><trkpt lat="37.15771" lon="-118.69348000000002"><ele>3341.0</ele></trkpt><trkpt lat="37.15767" lon="-118.69353000000001"><ele>3341.0</ele></trkpt><trkpt lat="37.15761" lon="-118.69385"><ele>3342.243437704007</ele></trkpt><trkpt lat="37.15751" lon="-118.69398000000001"><ele>3342.829753151095</ele></trkpt><trkpt lat="37.15737" lon="-118.69411000000002"><ele>3343.0</ele></trkpt><trkpt lat="37.15733" lon="-118.69423"><ele>3343.0</ele></trkpt><trkpt lat="37.15716" lon="-118.6945"><ele>3343.8511129878507</ele></trkpt><trkpt lat="37.157" lon="-118.69468999999998"><ele>3344.643016611835</ele></trkpt><trkpt lat="37.15685" lon="-118.69475999999997"><ele>3345.0</ele></trkpt><trkpt lat="37.15672" lon="-118.69479999999999"><ele>3345.0</ele></trkpt><trkpt lat="37.15655368087924" lon="-118.69480723126611"><ele>3344.0</ele></trkpt><trkpt lat="37.15645294557325" lon="-118.69483340281954"><ele>3344.580670997966</ele></trkpt><trkpt lat="37.1563" lon="-118.69493"><ele>3345.0</ele></trkpt><trkpt lat="37.15615" lon="-118.69495"><ele>3345.5229172999248</ele></trkpt><trkpt lat="37.15565" lon="-118.69511"><ele>3347.0258524445817</ele></trkpt><trkpt lat="37.15539" lon="-118.69522"><ele>3349.0</ele></trkpt><trkpt lat="37.1553" lon="-118.69531"><ele>3349.0</ele></trkpt><trkpt lat="37.15489" lon="-118.69544000000002"><ele>3349.271672404837</ele></trkpt><trkpt lat="37.15463" lon="-118.69546000000003"><ele>3345.181443556212</ele></trkpt><trkpt lat="37.15439" lon="-118.69558999999998"><ele>3346.2106631107163</ele></trkpt><trkpt lat="37.15419" lon="-118.69564000000003"><ele>3345.610072739307</ele></trkpt><trkpt lat="37.15383" lon="-118.69563"><ele>3346.0</ele></trkpt><trkpt lat="37.15354" lon="-118.69556"><ele>3346.0</ele></trkpt><trkpt lat="37.15341" lon="-118.69556999999998"><ele>3346.0</ele></trkpt><trkpt lat="37.15293" lon="-118.69549999999998"><ele>3346.0524448252</ele></trkpt><trkpt lat="37.15252" lon="-118.69538"><ele>3347.0</ele></trkpt><trkpt lat="37.15247" lon="-118.6954"><ele>3347.0</ele></trkpt><trkpt lat="37.15247" lon="-118.6954"><ele>3347.0</ele></trkpt><trkpt lat="37.15247" lon="-118.6954"><ele>3347.0</ele></trkpt><trkpt lat="37.15201" lon="-118.69591000000003"><ele>3349.6672035565134</ele></trkpt><trkpt lat="37.15179" lon="-118.69609000000003"><ele>3351.1804301592933</ele></trkpt><trkpt lat="37.1517" lon="-118.69616000000002"><ele>3352.0</ele></trkpt><trkpt lat="37.15132" lon="-118.69628999999998"><ele>3353.7665216101914</ele></trkpt><trkpt lat="37.15132" lon="-118.69628999999998"><ele>3353.7665216101914</ele></trkpt><trkpt lat="37.15101" lon="-118.69637999999998"><ele>3356.2130109642167</ele></trkpt><trkpt lat="37.14938" lon="-118.69666999999998"><ele>3362.7529742219485</ele></trkpt><trkpt lat="37.14845" lon="-118.69664999999998"><ele>3364.820906665642</ele></trkpt><trkpt lat="37.14832" lon="-118.69659000000001"><ele>3365.867562951264</ele></trkpt><trkpt lat="37.14821" lon="-118.69646"><ele>3368.3843542377</ele></trkpt><trkpt lat="37.14822" lon="-118.69655"><ele>3369.922240488432</ele></trkpt><trkpt lat="37.14815" lon="-118.69644"><ele>3371.208146871848</ele></trkpt><trkpt lat="37.14815" lon="-118.69657000000001"><ele>3375.0557971391167</ele></trkpt><trkpt lat="37.14798" lon="-118.69643000000002"><ele>3375.784081778256</ele></trkpt><trkpt lat="37.14742" lon="-118.69628999999998"><ele>3381.1108529451303</ele></trkpt><trkpt lat="37.14742" lon="-118.69628999999998"><ele>3381.1108529451303</ele></trkpt><trkpt lat="37.14695" lon="-118.69623000000001"><ele>3384.780066901818</ele></trkpt><trkpt lat="37.14652" lon="-118.69605000000001"><ele>3386.7245272150426</ele></trkpt><trkpt lat="37.14633" lon="-118.69605999999999"><ele>3388.229026602095</ele></trkpt><trkpt lat="37.14612" lon="-118.69596999999999"><ele>3389.065304888645</ele></trkpt><trkpt lat="37.14535" lon="-118.69578999999999"><ele>3393.8710008887574</ele></trkpt><trkpt lat="37.14515" lon="-118.69585000000001"><ele>3397.512562264269</ele></trkpt><trkpt lat="37.14492" lon="-118.69596000000001"><ele>3401.355164741056</ele></trkpt><trkpt lat="37.14469" lon="-118.69614000000001"><ele>3406.0172383242734</ele></trkpt><trkpt lat="37.14464" lon="-118.69623999999999"><ele>3407.8335649111455</ele></trkpt><trkpt lat="37.14454" lon="-118.69628999999998"><ele>3410.043690665625</ele></trkpt><trkpt lat="37.14454" lon="-118.69628999999998"><ele>3410.043690665625</ele></trkpt><trkpt lat="37.14443" lon="-118.69628999999998"><ele>3410.474055297207</ele></trkpt><trkpt lat="37.14441" lon="-118.69632999999999"><ele>3411.4539128888864</ele></trkpt><trkpt lat="37.14454" lon="-118.69645000000003"><ele>3415.315987744528</ele></trkpt><trkpt lat="37.14437" lon="-118.69648000000001"><ele>3416.9491662222426</ele></trkpt><trkpt lat="37.14446" lon="-118.69661000000002"><ele>3419.9983738564542</ele></trkpt><trkpt lat="37.14432" lon="-118.69664999999998"><ele>3422.7426710634027</ele></trkpt><trkpt lat="37.1443" lon="-118.69671"><ele>3423.4797349033847</ele></trkpt><trkpt lat="37.1441" lon="-118.69690000000003"><ele>3426.136962703662</ele></trkpt><trkpt lat="37.14398" lon="-118.69690000000003"><ele>3425.7358755564783</ele></trkpt><trkpt lat="37.14364" lon="-118.69704000000002"><ele>3427.998112000292</ele></trkpt><trkpt lat="37.1428" lon="-118.69713999999999"><ele>3428.0</ele></trkpt><trkpt lat="37.1428" lon="-118.69713999999999"><ele>3428.0</ele></trkpt><trkpt lat="37.14261" lon="-118.69720999999998"><ele>3428.8109666424943</ele></trkpt><trkpt lat="37.1424" lon="-118.69736"><ele>3428.4546524444595</ele></trkpt><trkpt lat="37.14226" lon="-118.69749999999999"><ele>3430.716888888739</ele></trkpt><trkpt lat="37.14213" lon="-118.69752"><ele>3431.1829226666596</ele></trkpt><trkpt lat="37.14174" lon="-118.69765000000001"><ele>3434.886148728405</ele></trkpt><trkpt lat="37.14125" lon="-118.69767000000002"><ele>3436.6781760004815</ele></trkpt><trkpt lat="37.14106" lon="-118.69762000000003"><ele>3435.513091556495</ele></trkpt><trkpt lat="37.14045" lon="-118.69767000000002"><ele>3438.6781760004815</ele></trkpt><trkpt lat="37.14034" lon="-118.69763"><ele>3438.380432752274</ele></trkpt><trkpt lat="37.14024" lon="-118.69763999999998"><ele>3438.9791253330186</ele></trkpt><trkpt lat="37.14011" lon="-118.69761"><ele>3439.280074666487</ele></trkpt><trkpt lat="37.13986" lon="-118.69772"><ele>3441.0</ele></trkpt><trkpt lat="37.13975" lon="-118.69781999999998"><ele>3441.1734293329064</ele></trkpt><trkpt lat="37.13944" lon="-118.69776000000002"><ele>3441.775328000309</ele></trkpt><trkpt lat="37.13925" lon="-118.69783000000001"><ele>3444.6268674418616</ele></trkpt><trkpt lat="37.13916" lon="-118.69794999999999"><ele>3447.202648888575</ele></trkpt><trkpt lat="37.13901" lon="-118.69799"><ele>3448.4692922982567</ele></trkpt><trkpt lat="37.13884" lon="-118.69795999999997"><ele>3449.435665776953</ele></trkpt><trkpt lat="37.13871" lon="-118.69799"><ele>3451.0</ele></trkpt><trkpt lat="37.1386" lon="-118.69806"><ele>3451.7658346667886</ele></trkpt><trkpt lat="37.1381" lon="-118.69808999999998"><ele>3452.0</ele></trkpt><trkpt lat="37.13773" lon="-118.69828999999999"><ele>3449.299072286874</ele></trkpt><trkpt lat="37.13769" lon="-118.69828000000001"><ele>3449.0</ele></trkpt><trkpt lat="37.13757" lon="-118.69834000000003"><ele>3449.0</ele></trkpt><trkpt lat="37.13746" lon="-118.69833"><ele>3449.0</ele></trkpt><trkpt lat="37.13726" lon="-118.69842"><ele>3449.083287612116</ele></trkpt><trkpt lat="37.13699" lon="-118.69844999999998"><ele>3450.0</ele></trkpt><trkpt lat="37.13645" lon="-118.69878"><ele>3451.6413998523067</ele></trkpt><trkpt lat="37.13602" lon="-118.69878"><ele>3451.0</ele></trkpt><trkpt lat="37.13542" lon="-118.69903999999997"><ele>3450.0</ele></trkpt><trkpt lat="37.13528" lon="-118.69907"><ele>3450.0</ele></trkpt><trkpt lat="37.13436" lon="-118.69916"><ele>3451.0</ele></trkpt><trkpt lat="37.13423" lon="-118.69915000000003"><ele>3451.164675556589</ele></trkpt><trkpt lat="37.13396" lon="-118.69927999999999"><ele>3454.0</ele></trkpt><trkpt lat="37.13389" lon="-118.69927000000001"><ele>3454.0</ele></trkpt><trkpt lat="37.13366" lon="-118.69912"><ele>3455.355639290113</ele></trkpt><trkpt lat="37.13321" lon="-118.69907"><ele>3460.300540444441</ele></trkpt><trkpt lat="37.13311" lon="-118.69914"><ele>3461.9890185944155</ele></trkpt><trkpt lat="37.13296" lon="-118.69918000000001"><ele>3463.223529415205</ele></trkpt><trkpt lat="37.13283" lon="-118.69916999999998"><ele>3465.0</ele></trkpt><trkpt lat="37.13218" lon="-118.69896"><ele>3468.0157075972197</ele></trkpt><trkpt lat="37.1318" lon="-118.69896"><ele>3471.094252338534</ele></trkpt><trkpt lat="37.13167" lon="-118.69889"><ele>3471.1062364445534</ele></trkpt><trkpt lat="37.13102" lon="-118.69876999999997"><ele>3477.2868583526783</ele></trkpt><trkpt lat="37.13089" lon="-118.69846000000001"><ele>3475.023807916937</ele></trkpt><trkpt lat="37.13075" lon="-118.69822999999997"><ele>3475.0</ele></trkpt><trkpt lat="37.13067" lon="-118.69786999999997"><ele>3475.0</ele></trkpt><trkpt lat="37.13058" lon="-118.69776999999999"><ele>3475.7935751229525</ele></trkpt><trkpt lat="37.13054" lon="-118.69741999999997"><ele>3476.0</ele></trkpt><trkpt lat="37.13019" lon="-118.69686999999999"><ele>3479.0</ele></trkpt><trkpt lat="37.12988" lon="-118.69673999999998"><ele>3484.0</ele></trkpt><trkpt lat="37.12979" lon="-118.69693999999998"><ele>3485.2904019693665</ele></trkpt><trkpt lat="37.12942" lon="-118.69696999999996"><ele>3488.8027929104655</ele></trkpt><trkpt lat="37.12927" lon="-118.69709999999998"><ele>3489.072459797375</ele></trkpt><trkpt lat="37.12908" lon="-118.69717000000003"><ele>3489.9726684438065</ele></trkpt><trkpt lat="37.12886" lon="-118.69731000000002"><ele>3492.0</ele></trkpt><trkpt lat="37.12872" lon="-118.69734"><ele>3493.0</ele></trkpt><trkpt lat="37.12856" lon="-118.69731000000002"><ele>3493.0</ele></trkpt><trkpt lat="37.12842" lon="-118.69720999999998"><ele>3493.9184166737077</ele></trkpt><trkpt lat="37.12823" lon="-118.69690000000003"><ele>3494.0</ele></trkpt><trkpt lat="37.12805" lon="-118.69639999999998"><ele>3495.24825577334</ele></trkpt><trkpt lat="37.12806" lon="-118.69628999999998"><ele>3496.7722608092768</ele></trkpt><trkpt lat="37.12806" lon="-118.69628999999998"><ele>3496.7722608092768</ele></trkpt><trkpt lat="37.12806" lon="-118.69614000000001"><ele>3498.0</ele></trkpt><trkpt lat="37.12797" lon="-118.69562000000002"><ele>3495.0</ele></trkpt><trkpt lat="37.12788" lon="-118.69545"><ele>3495.354457247071</ele></trkpt><trkpt lat="37.1272" lon="-118.69454999999999"><ele>3494.0099121927838</ele></trkpt><trkpt lat="37.12712" lon="-118.69441"><ele>3494.0911571299657</ele></trkpt><trkpt lat="37.12696" lon="-118.69425000000001"><ele>3493.4229881023243</ele></trkpt><trkpt lat="37.12672" lon="-118.69409999999999"><ele>3492.909717534203</ele></trkpt><trkpt lat="37.12646" lon="-118.6936"><ele>3493.764111635275</ele></trkpt><trkpt lat="37.12644" lon="-118.69337999999999"><ele>3495.217695911415</ele></trkpt><trkpt lat="37.12619" lon="-118.69281999999998"><ele>3493.2463363474235</ele></trkpt><trkpt lat="37.12607" lon="-118.69265000000001"><ele>3493.5807860963428</ele></trkpt><trkpt lat="37.12571" lon="-118.69227000000001"><ele>3497.168581880209</ele></trkpt><trkpt lat="37.12553" lon="-118.69223"><ele>3498.0</ele></trkpt><trkpt lat="37.12529" lon="-118.69208000000003"><ele>3497.0</ele></trkpt><trkpt lat="37.12529" lon="-118.69208000000003"><ele>3497.0</ele></trkpt><trkpt lat="37.12491" lon="-118.69184999999999"><ele>3492.969017509521</ele></trkpt><trkpt lat="37.12455" lon="-118.69128999999998"><ele>3494.0</ele></trkpt><trkpt lat="37.12429" lon="-118.69115"><ele>3494.0</ele></trkpt><trkpt lat="37.12413" lon="-118.69096000000002"><ele>3493.707712612115</ele></trkpt><trkpt lat="37.12378" lon="-118.69067999999999"><ele>3493.679736331571</ele></trkpt><trkpt lat="37.12357" lon="-118.69045"><ele>3492.7104768844692</ele></trkpt><trkpt lat="37.12344" lon="-118.69010000000003"><ele>3493.542792547494</ele></trkpt><trkpt lat="37.12333" lon="-118.68993999999998"><ele>3493.1456421228067</ele></trkpt><trkpt lat="37.12306" lon="-118.68966999999998"><ele>3493.735335111618</ele></trkpt><trkpt lat="37.123" lon="-118.68950999999998"><ele>3495.0</ele></trkpt><trkpt lat="37.12246" lon="-118.68880999999999"><ele>3496.0</ele></trkpt><trkpt lat="37.12206" lon="-118.68846000000002"><ele>3498.0</ele></trkpt><trkpt lat="37.12192" lon="-118.68812000000003"><ele>3500.0</ele></trkpt><trkpt lat="37.12187176479962" lon="-118.68805506799947"><ele>3500.0</ele></trkpt><trkpt lat="37.12193474350648" lon="-118.68815580562904"><ele>3500.0</ele></trkpt><trkpt lat="37.12192" lon="-118.68812000000003"><ele>3500.0</ele></trkpt><trkpt lat="37.12088" lon="-118.68671999999998"><ele>3509.0</ele></trkpt><trkpt lat="37.1208" lon="-118.68617999999998"><ele>3514.0</ele></trkpt><trkpt lat="37.12074" lon="-118.68601999999998"><ele>3515.7864995556884</ele></trkpt><trkpt lat="37.1204" lon="-118.68567000000002"><ele>3518.0</ele></trkpt><trkpt lat="37.11948" lon="-118.68387000000001"><ele>3516.0</ele></trkpt><trkpt lat="37.11924" lon="-118.68363999999997"><ele>3514.952016871782</ele></trkpt><trkpt lat="37.11915" lon="-118.68340999999998"><ele>3514.60390755604</ele></trkpt><trkpt lat="37.11925" lon="-118.68329"><ele>3516.30411720532</ele></trkpt><trkpt lat="37.11921" lon="-118.68317000000002"><ele>3518.0586028688513</ele></trkpt><trkpt lat="37.11889" lon="-118.68293"><ele>3520.211281778058</ele></trkpt><trkpt lat="37.11839" lon="-118.68281999999999"><ele>3520.0</ele></trkpt><trkpt lat="37.11817" lon="-118.68266"><ele>3519.0</ele></trkpt><trkpt lat="37.11807" lon="-118.68257"><ele>3518.8912295411565</ele></trkpt><trkpt lat="37.11797" lon="-118.68228999999997"><ele>3517.2982008880936</ele></trkpt><trkpt lat="37.11775" lon="-118.68207999999998"><ele>3516.298666957901</ele></trkpt><trkpt lat="37.1175" lon="-118.68155000000002"><ele>3515.095838993195</ele></trkpt><trkpt lat="37.1171" lon="-118.68135000000001"><ele>3517.8378004063047</ele></trkpt><trkpt lat="37.11645" lon="-118.68070999999998"><ele>3523.0</ele></trkpt><trkpt lat="37.11632" lon="-118.68041"><ele>3524.0</ele></trkpt><trkpt lat="37.11633" lon="-118.68011000000001"><ele>3523.0</ele></trkpt><trkpt lat="37.11626" lon="-118.67982"><ele>3526.0</ele></trkpt><trkpt lat="37.11582" lon="-118.67892999999998"><ele>3533.0</ele></trkpt><trkpt lat="37.11579" lon="-118.67872999999997"><ele>3534.0</ele></trkpt><trkpt lat="37.11583" lon="-118.67847999999998"><ele>3534.0</ele></trkpt><trkpt lat="37.11579" lon="-118.67824000000002"><ele>3535.0</ele></trkpt><trkpt lat="37.11579" lon="-118.67813999999998"><ele>3535.005041376402</ele></trkpt><trkpt lat="37.11573" lon="-118.67784"><ele>3537.0</ele></trkpt><trkpt lat="37.11503" lon="-118.67635999999999"><ele>3550.0</ele></trkpt><trkpt lat="37.11503" lon="-118.67629"><ele>3551.511932444526</ele></trkpt><trkpt lat="37.1151" lon="-118.67620999999997"><ele>3552.376067555975</ele></trkpt><trkpt lat="37.11528" lon="-118.67614000000003"><ele>3556.007185776951</ele></trkpt><trkpt lat="37.11536" lon="-118.67595"><ele>3558.7611730703657</ele></trkpt><trkpt lat="37.11545" lon="-118.67581000000001"><ele>3560.6967431106605</ele></trkpt><trkpt lat="37.11543" lon="-118.67575"><ele>3562.5765468784525</ele></trkpt><trkpt lat="37.11533" lon="-118.67574000000002"><ele>3563.3278613328002</ele></trkpt><trkpt lat="37.11501" lon="-118.67539"><ele>3571.0675867292266</ele></trkpt><trkpt lat="37.11429" lon="-118.67485999999997"><ele>3583.8333475561813</ele></trkpt><trkpt lat="37.11448" lon="-118.67466000000002"><ele>3587.0</ele></trkpt><trkpt lat="37.11448" lon="-118.67458999999997"><ele>3588.0883316973413</ele></trkpt><trkpt lat="37.11433" lon="-118.67431999999997"><ele>3591.4162595563103</ele></trkpt><trkpt lat="37.11433" lon="-118.67431999999997"><ele>3591.4162595563103</ele></trkpt><trkpt lat="37.1143" lon="-118.67426"><ele>3592.814360888675</ele></trkpt><trkpt lat="37.11429" lon="-118.67395999999997"><ele>3595.9606636753306</ele></trkpt><trkpt lat="37.11418" lon="-118.67374999999998"><ele>3598.6573791623864</ele></trkpt><trkpt lat="37.11383" lon="-118.67324000000002"><ele>3605.415749012213</ele></trkpt><trkpt lat="37.1137" lon="-118.67322000000001"><ele>3607.048117332859</ele></trkpt><trkpt lat="37.11368" lon="-118.67318999999998"><ele>3607.747168000322</ele></trkpt><trkpt lat="37.1137" lon="-118.67304999999999"><ele>3610.000794131976</ele></trkpt><trkpt lat="37.11365" lon="-118.67291999999998"><ele>3612.0</ele></trkpt><trkpt lat="37.1136" lon="-118.67284999999998"><ele>3613.0</ele></trkpt><trkpt lat="37.11352" lon="-118.6728"><ele>3614.0</ele></trkpt><trkpt lat="37.11345" lon="-118.67266000000001"><ele>3614.707475702977</ele></trkpt><trkpt lat="37.11322" lon="-118.67244"><ele>3616.22343466687</ele></trkpt><trkpt lat="37.11315" lon="-118.67228"><ele>3618.9517048890702</ele></trkpt><trkpt lat="37.1131" lon="-118.67226"><ele>3619.0</ele></trkpt><trkpt lat="37.11301" lon="-118.67212999999998"><ele>3621.4469582226593</ele></trkpt><trkpt lat="37.11295" lon="-118.67209000000003"><ele>3622.0</ele></trkpt><trkpt lat="37.11278" lon="-118.67205000000001"><ele>3623.977443566275</ele></trkpt><trkpt lat="37.11228" lon="-118.67178999999999"><ele>3632.369532444747</ele></trkpt><trkpt lat="37.11228" lon="-118.67176"><ele>3633.068583111046</ele></trkpt><trkpt lat="37.1125" lon="-118.67154"><ele>3637.880113258101</ele></trkpt><trkpt lat="37.11236" lon="-118.67138"><ele>3638.923224888975</ele></trkpt><trkpt lat="37.11214" lon="-118.67135000000002"><ele>3641.0</ele></trkpt><trkpt lat="37.11202" lon="-118.6712"><ele>3643.1175288888626</ele></trkpt><trkpt lat="37.11202" lon="-118.67117999999999"><ele>3643.583562666783</ele></trkpt><trkpt lat="37.11211" lon="-118.67115000000001"><ele>3645.1286584083973</ele></trkpt><trkpt lat="37.1121" lon="-118.67102"><ele>3646.0</ele></trkpt><trkpt lat="37.11204" lon="-118.67090999999999"><ele>3646.0</ele></trkpt><trkpt lat="37.112" lon="-118.67050999999998"><ele>3645.241045986302</ele></trkpt><trkpt lat="37.112" lon="-118.67050999999998"><ele>3645.241045986302</ele></trkpt><trkpt lat="37.11199" lon="-118.67041"><ele>3643.9731001435143</ele></trkpt><trkpt lat="37.11216" lon="-118.66985"><ele>3637.34143772861</ele></trkpt><trkpt lat="37.11198" lon="-118.66985999999997"><ele>3632.6582079993095</ele></trkpt><trkpt lat="37.11165" lon="-118.66978"><ele>3627.997100742837</ele></trkpt><trkpt lat="37.11159" lon="-118.66967"><ele>3627.0</ele></trkpt><trkpt lat="37.11156" lon="-118.66951"><ele>3624.118321700953</ele></trkpt><trkpt lat="37.11176" lon="-118.66951"><ele>3620.890504656044</ele></trkpt><trkpt lat="37.11181" lon="-118.66944999999998"><ele>3619.1045155555476</ele></trkpt><trkpt lat="37.11208" lon="-118.66931999999997"><ele>3616.1188656580607</ele></trkpt><trkpt lat="37.11224" lon="-118.66917000000001"><ele>3613.413935970515</ele></trkpt><trkpt lat="37.1125" lon="-118.66883999999999"><ele>3606.648360264067</ele></trkpt><trkpt lat="37.11251" lon="-118.66880000000003"><ele>3605.2390246483014</ele></trkpt><trkpt lat="37.11225" lon="-118.66885000000002"><ele>3601.6695535357576</ele></trkpt><trkpt lat="37.11202" lon="-118.66879"><ele>3597.7254008892924</ele></trkpt><trkpt lat="37.11199" lon="-118.66874000000001"><ele>3596.5603164448403</ele></trkpt><trkpt lat="37.11285" lon="-118.66802999999999"><ele>3581.110397160519</ele></trkpt><trkpt lat="37.11308" lon="-118.66773999999998"><ele>3575.0574695009273</ele></trkpt><trkpt lat="37.11304" lon="-118.66771"><ele>3573.189603549661</ele></trkpt><trkpt lat="37.11289" lon="-118.66773"><ele>3571.2725855112076</ele></trkpt><trkpt lat="37.11293" lon="-118.66748999999999"><ele>3567.415787814185</ele></trkpt><trkpt lat="37.11312" lon="-118.66721000000001"><ele>3564.7880745260286</ele></trkpt><trkpt lat="37.11309" lon="-118.66712000000001"><ele>3562.0</ele></trkpt><trkpt lat="37.11312" lon="-118.66709000000003"><ele>3562.0</ele></trkpt><trkpt lat="37.11301" lon="-118.66701999999998"><ele>3561.5185884446837</ele></trkpt><trkpt lat="37.11295" lon="-118.66701999999998"><ele>3561.5185884446837</ele></trkpt><trkpt lat="37.11289" lon="-118.66691000000003"><ele>3561.267171020066</ele></trkpt><trkpt lat="37.11291" lon="-118.66685000000001"><ele>3561.7839274092803</ele></trkpt><trkpt lat="37.113" lon="-118.66669999999999"><ele>3560.5109542165883</ele></trkpt><trkpt lat="37.11308" lon="-118.66664000000003"><ele>3559.6267697785515</ele></trkpt><trkpt lat="37.1131" lon="-118.66645"><ele>3559.493740042311</ele></trkpt><trkpt lat="37.11321" lon="-118.66618"><ele>3560.0920071112923</ele></trkpt><trkpt lat="37.11333" lon="-118.66606000000002"><ele>3559.7842583185993</ele></trkpt><trkpt lat="37.1134" lon="-118.66593"><ele>3560.768042889191</ele></trkpt><trkpt lat="37.11351" lon="-118.66584"><ele>3561.0092789007185</ele></trkpt><trkpt lat="37.11366" lon="-118.66577000000001"><ele>3560.6343987941873</ele></trkpt><trkpt lat="37.11387" lon="-118.66559000000001"><ele>3565.981291666766</ele></trkpt><trkpt lat="37.114" lon="-118.66539"><ele>3568.6817638883367</ele></trkpt><trkpt lat="37.114" lon="-118.66532000000001"><ele>3569.0</ele></trkpt><trkpt lat="37.11413" lon="-118.66518000000002"><ele>3567.519536022097</ele></trkpt><trkpt lat="37.11406" lon="-118.6651"><ele>3567.7421688889153</ele></trkpt><trkpt lat="37.11382" lon="-118.66501"><ele>3565.645016888855</ele></trkpt><trkpt lat="37.11357" lon="-118.66494999999998"><ele>3563.028859312922</ele></trkpt><trkpt lat="37.11324" lon="-118.66493000000003"><ele>3559.561763556674</ele></trkpt><trkpt lat="37.11339" lon="-118.66483"><ele>3555.7586071100086</ele></trkpt><trkpt lat="37.1135" lon="-118.66469000000001"><ele>3552.50636759751</ele></trkpt><trkpt lat="37.11359" lon="-118.66447"><ele>3549.763395826798</ele></trkpt><trkpt lat="37.11356" lon="-118.66433999999998"><ele>3550.791788179893</ele></trkpt><trkpt lat="37.11361" lon="-118.66422"><ele>3549.9771499398703</ele></trkpt><trkpt lat="37.1138" lon="-118.66399999999999"><ele>3545.202710194297</ele></trkpt><trkpt lat="37.11404" lon="-118.66392000000002"><ele>3543.2829561745457</ele></trkpt><trkpt lat="37.11425" lon="-118.66368999999997"><ele>3541.0</ele></trkpt><trkpt lat="37.11452" lon="-118.66370999999998"><ele>3538.0</ele></trkpt><trkpt lat="37.11472" lon="-118.66359"><ele>3537.0</ele></trkpt><trkpt lat="37.11485" lon="-118.66354999999999"><ele>3536.6755229553683</ele></trkpt><trkpt lat="37.11497" lon="-118.66345999999999"><ele>3536.4602811588256</ele></trkpt><trkpt lat="37.11523" lon="-118.66341"><ele>3536.0</ele></trkpt><trkpt lat="37.11538" lon="-118.66341"><ele>3536.6376853333786</ele></trkpt><trkpt lat="37.11568" lon="-118.66329999999999"><ele>3542.2008711111266</ele></trkpt><trkpt lat="37.11575" lon="-118.66318000000001"><ele>3543.180811058691</ele></trkpt><trkpt lat="37.1157" lon="-118.66309000000001"><ele>3544.581880440148</ele></trkpt><trkpt lat="37.11563" lon="-118.66305999999997"><ele>3544.7524258384883</ele></trkpt><trkpt lat="37.11561" lon="-118.66302000000002"><ele>3545.0</ele></trkpt><trkpt lat="37.11562" lon="-118.66291000000001"><ele>3545.2885297774337</ele></trkpt><trkpt lat="37.11571" lon="-118.66282000000001"><ele>3545.350198203698</ele></trkpt><trkpt lat="37.11609" lon="-118.66269"><ele>3544.5850986666046</ele></trkpt><trkpt lat="37.11621" lon="-118.66257000000002"><ele>3542.5833472374693</ele></trkpt><trkpt lat="37.11653" lon="-118.66200000000003"><ele>3544.0</ele></trkpt><trkpt lat="37.11663" lon="-118.66185000000002"><ele>3543.993766880006</ele></trkpt><trkpt lat="37.11679" lon="-118.66172"><ele>3545.7908559730276</ele></trkpt><trkpt lat="37.11682" lon="-118.66165000000001"><ele>3545.5628589289263</ele></trkpt><trkpt lat="37.11685" lon="-118.66138999999998"><ele>3546.0375459827483</ele></trkpt><trkpt lat="37.11689" lon="-118.66131999999999"><ele>3545.8686718847603</ele></trkpt><trkpt lat="37.117" lon="-118.66122000000001"><ele>3545.6683839997277</ele></trkpt><trkpt lat="37.11715" lon="-118.66128000000003"><ele>3546.0</ele></trkpt><trkpt lat="37.11748" lon="-118.66110000000003"><ele>3547.0</ele></trkpt><trkpt lat="37.11751" lon="-118.66107"><ele>3547.0</ele></trkpt><trkpt lat="37.11749" lon="-118.66065000000003"><ele>3547.0</ele></trkpt><trkpt lat="37.11752" lon="-118.66050999999999"><ele>3546.0</ele></trkpt><trkpt lat="37.11761" lon="-118.66035999999997"><ele>3545.586677856165</ele></trkpt><trkpt lat="37.11777" lon="-118.66025000000002"><ele>3545.500500673675</ele></trkpt><trkpt lat="37.11785" lon="-118.66026"><ele>3545.25349074481</ele></trkpt><trkpt lat="37.11806" lon="-118.66020000000003"><ele>3547.4361066657584</ele></trkpt><trkpt lat="37.11823" lon="-118.66023000000001"><ele>3545.7370559996925</ele></trkpt><trkpt lat="37.11825" lon="-118.66025000000002"><ele>3545.271022221772</ele></trkpt><trkpt lat="37.11833" lon="-118.66023999999999"><ele>3543.7887930432335</ele></trkpt><trkpt lat="37.11835" lon="-118.66028"><ele>3543.1168793256</ele></trkpt><trkpt lat="37.11846" lon="-118.66014999999999"><ele>3539.98987570405</ele></trkpt><trkpt lat="37.11858" lon="-118.66005000000001"><ele>3537.4831769848242</ele></trkpt><trkpt lat="37.11887" lon="-118.65969999999999"><ele>3535.905167329313</ele></trkpt><trkpt lat="37.11902" lon="-118.6594"><ele>3535.09526908728</ele></trkpt><trkpt lat="37.11903" lon="-118.65926999999999"><ele>3533.2273080975283</ele></trkpt><trkpt lat="37.1191" lon="-118.65915999999999"><ele>3535.94783119878</ele></trkpt><trkpt lat="37.1191" lon="-118.65904"><ele>3535.8660441641823</ele></trkpt><trkpt lat="37.11916" lon="-118.65890000000002"><ele>3534.7376429596916</ele></trkpt><trkpt lat="37.11915" lon="-118.65859"><ele>3527.3956098961644</ele></trkpt><trkpt lat="37.11918" lon="-118.65852000000001"><ele>3526.568255955819</ele></trkpt><trkpt lat="37.11916" lon="-118.65841"><ele>3524.037487523812</ele></trkpt><trkpt lat="37.11919" lon="-118.65827000000002"><ele>3520.13697119499</ele></trkpt><trkpt lat="37.1192" lon="-118.65805"><ele>3515.4652622223366</ele></trkpt><trkpt lat="37.11934" lon="-118.65782000000002"><ele>3514.620170201175</ele></trkpt><trkpt lat="37.11931" lon="-118.65753999999998"><ele>3505.0752195353434</ele></trkpt><trkpt lat="37.11935" lon="-118.65744000000001"><ele>3504.0</ele></trkpt><trkpt lat="37.11941" lon="-118.65739000000002"><ele>3505.6854937784374</ele></trkpt><trkpt lat="37.11932" lon="-118.65715999999998"><ele>3502.190210548429</ele></trkpt><trkpt lat="37.11933" lon="-118.65701999999999"><ele>3499.936706562885</ele></trkpt><trkpt lat="37.11926" lon="-118.65692999999999"><ele>3497.3882207470015</ele></trkpt><trkpt lat="37.11928" lon="-118.65679"><ele>3495.0778105470818</ele></trkpt><trkpt lat="37.11946" lon="-118.65661999999998"><ele>3490.7672165390104</ele></trkpt><trkpt lat="37.11946" lon="-118.65654"><ele>3489.2145996728636</ele></trkpt><trkpt lat="37.11949" lon="-118.6565"><ele>3488.5285264843797</ele></trkpt><trkpt lat="37.11952" lon="-118.65631000000002"><ele>3487.893737224675</ele></trkpt><trkpt lat="37.1195" lon="-118.65625999999997"><ele>3486.156936967047</ele></trkpt><trkpt lat="37.11951" lon="-118.65618999999998"><ele>3484.8180474399123</ele></trkpt><trkpt lat="37.11966" lon="-118.65591999999998"><ele>3482.1547232288867</ele></trkpt><trkpt lat="37.11968" lon="-118.65582999999998"><ele>3482.3236405588686</ele></trkpt><trkpt lat="37.11967" lon="-118.65575000000001"><ele>3481.739181853831</ele></trkpt><trkpt lat="37.11959" lon="-118.65557000000001"><ele>3480.709367451258</ele></trkpt><trkpt lat="37.11954" lon="-118.65523000000002"><ele>3474.5706128692254</ele></trkpt><trkpt lat="37.1196" lon="-118.65498000000002"><ele>3473.2530638810713</ele></trkpt><trkpt lat="37.11975" lon="-118.65472"><ele>3471.962152213413</ele></trkpt><trkpt lat="37.11982" lon="-118.65467000000001"><ele>3472.531306869136</ele></trkpt><trkpt lat="37.11991" lon="-118.65467999999998"><ele>3472.0378953860145</ele></trkpt><trkpt lat="37.11995" lon="-118.65472999999997"><ele>3470.942779542708</ele></trkpt><trkpt lat="37.1201" lon="-118.65503000000001"><ele>3464.1002363517714</ele></trkpt><trkpt lat="37.1203" lon="-118.65496999999999"><ele>3463.068997905265</ele></trkpt><trkpt lat="37.12044" lon="-118.65503999999999"><ele>3460.0420869722125</ele></trkpt><trkpt lat="37.12054" lon="-118.65503000000001"><ele>3459.09416177799</ele></trkpt><trkpt lat="37.12057" lon="-118.65492"><ele>3457.530976000242</ele></trkpt><trkpt lat="37.12049" lon="-118.65485000000001"><ele>3455.933157665846</ele></trkpt><trkpt lat="37.12051" lon="-118.65476000000001"><ele>3454.9836228089225</ele></trkpt><trkpt lat="37.12047" lon="-118.65469000000002"><ele>3452.9628781827723</ele></trkpt><trkpt lat="37.12045" lon="-118.65458000000001"><ele>3451.263128535538</ele></trkpt><trkpt lat="37.12049" lon="-118.65451999999999"><ele>3451.2103004443925</ele></trkpt><trkpt lat="37.12063" lon="-118.65454999999997"><ele>3449.061781704426</ele></trkpt><trkpt lat="37.12085" lon="-118.65483999999998"><ele>3446.0980783688456</ele></trkpt><trkpt lat="37.12086" lon="-118.65474"><ele>3443.9037147634963</ele></trkpt><trkpt lat="37.12095" lon="-118.65463999999997"><ele>3442.0</ele></trkpt><trkpt lat="37.12096" lon="-118.65433000000002"><ele>3441.0</ele></trkpt><trkpt lat="37.12106" lon="-118.65415000000002"><ele>3441.0</ele></trkpt><trkpt lat="37.12109" lon="-118.65409"><ele>3441.0</ele></trkpt><trkpt lat="37.12119" lon="-118.65404999999998"><ele>3441.0</ele></trkpt><trkpt lat="37.12142" lon="-118.65384"><ele>3440.489684824832</ele></trkpt><trkpt lat="37.12147" lon="-118.65376000000003"><ele>3440.513264046994</ele></trkpt><trkpt lat="37.12153" lon="-118.65352000000001"><ele>3440.3413343288626</ele></trkpt><trkpt lat="37.12167" lon="-118.65350999999998"><ele>3440.0</ele></trkpt><trkpt lat="37.12177" lon="-118.65346"><ele>3440.510510222288</ele></trkpt><trkpt lat="37.12183" lon="-118.65359999999998"><ele>3441.0</ele></trkpt><trkpt lat="37.12207" lon="-118.65363000000002"><ele>3440.966054899385</ele></trkpt><trkpt lat="37.12214" lon="-118.65382"><ele>3439.8971728794277</ele></trkpt><trkpt lat="37.1222" lon="-118.65382999999997"><ele>3439.701548978095</ele></trkpt><trkpt lat="37.12222" lon="-118.65341000000001"><ele>3436.234751514159</ele></trkpt><trkpt lat="37.12226" lon="-118.65332999999998"><ele>3435.5093416098416</ele></trkpt><trkpt lat="37.12254" lon="-118.65314000000001"><ele>3431.294968918897</ele></trkpt><trkpt lat="37.12276" lon="-118.65292"><ele>3428.621766807093</ele></trkpt><trkpt lat="37.12285" lon="-118.65274999999997"><ele>3426.3004704527557</ele></trkpt><trkpt lat="37.12283" lon="-118.65255000000002"><ele>3424.6290870037465</ele></trkpt><trkpt lat="37.12274" lon="-118.65233999999998"><ele>3421.1716301888227</ele></trkpt><trkpt lat="37.12274" lon="-118.65233999999998"><ele>3421.1716301888227</ele></trkpt><trkpt lat="37.12267" lon="-118.65220999999997"><ele>3419.064870564666</ele></trkpt><trkpt lat="37.12265" lon="-118.65219000000002"><ele>3418.410663493798</ele></trkpt><trkpt lat="37.12264" lon="-118.65211"><ele>3418.1188730597623</ele></trkpt><trkpt lat="37.12255" lon="-118.65197999999998"><ele>3416.5332395713776</ele></trkpt><trkpt lat="37.12251" lon="-118.65183999999999"><ele>3415.364278079942</ele></trkpt><trkpt lat="37.12259" lon="-118.65129999999999"><ele>3414.457668231431</ele></trkpt><trkpt lat="37.1226" lon="-118.65085999999997"><ele>3410.926119110314</ele></trkpt><trkpt lat="37.12262" lon="-118.6508"><ele>3411.3565878813415</ele></trkpt><trkpt lat="37.122618806249804" lon="-118.65079761249962"><ele>3411.3286475553914</ele></trkpt><trkpt lat="37.122600000000006" lon="-118.65067434054737"><ele>3409.994442306459</ele></trkpt><trkpt lat="37.1226" lon="-118.65044999999998"><ele>3408.9965121397368</ele></trkpt><trkpt lat="37.12263" lon="-118.65028000000001"><ele>3408.7423288188875</ele></trkpt><trkpt lat="37.1226" lon="-118.65021999999999"><ele>3406.012965759769</ele></trkpt><trkpt lat="37.12262" lon="-118.65008999999998"><ele>3405.983818666078</ele></trkpt><trkpt lat="37.12281" lon="-118.64995999999996"><ele>3402.954599110177</ele></trkpt><trkpt lat="37.12293" lon="-118.64981999999998"><ele>3401.1112402586514</ele></trkpt><trkpt lat="37.12325" lon="-118.64983999999998"><ele>3395.48502365523</ele></trkpt><trkpt lat="37.12349" lon="-118.64980000000003"><ele>3394.2263288896065</ele></trkpt><trkpt lat="37.12356" lon="-118.64974000000001"><ele>3392.65645511169</ele></trkpt><trkpt lat="37.12361" lon="-118.64976000000001"><ele>3392.783317138441</ele></trkpt><trkpt lat="37.12371" lon="-118.64989000000003"><ele>3389.8900893381797</ele></trkpt><trkpt lat="37.12374" lon="-118.64983999999998"><ele>3388.7389964252284</ele></trkpt><trkpt lat="37.12375" lon="-118.64969000000002"><ele>3386.663143111393</ele></trkpt><trkpt lat="37.12372" lon="-118.64962000000003"><ele>3384.7664478495835</ele></trkpt><trkpt lat="37.12375" lon="-118.64956999999998"><ele>3384.3891607254905</ele></trkpt><trkpt lat="37.12379" lon="-118.64956999999998"><ele>3384.1678002384733</ele></trkpt><trkpt lat="37.12391" lon="-118.64967000000001"><ele>3382.7765572553362</ele></trkpt><trkpt lat="37.12396" lon="-118.64967999999999"><ele>3381.690599386813</ele></trkpt><trkpt lat="37.12405" lon="-118.64976999999999"><ele>3381.8595998324117</ele></trkpt><trkpt lat="37.12408" lon="-118.6497"><ele>3379.6496796559077</ele></trkpt><trkpt lat="37.12406" lon="-118.64954"><ele>3378.3380122939125</ele></trkpt><trkpt lat="37.12413" lon="-118.64951000000002"><ele>3377.531160888495</ele></trkpt><trkpt lat="37.12427" lon="-118.64952"><ele>3374.761732825727</ele></trkpt><trkpt lat="37.12438" lon="-118.64945"><ele>3371.9861115636304</ele></trkpt><trkpt lat="37.12444" lon="-118.64947000000001"><ele>3370.5880953428127</ele></trkpt><trkpt lat="37.12458" lon="-118.64943"><ele>3368.536449528532</ele></trkpt><trkpt lat="37.12468" lon="-118.64929999999998"><ele>3367.0</ele></trkpt><trkpt lat="37.12469" lon="-118.64925"><ele>3367.0</ele></trkpt><trkpt lat="37.12462" lon="-118.64913000000001"><ele>3366.0</ele></trkpt><trkpt lat="37.12462" lon="-118.64908000000003"><ele>3366.0</ele></trkpt><trkpt lat="37.12457" lon="-118.64898"><ele>3366.0</ele></trkpt><trkpt lat="37.12448" lon="-118.64889"><ele>3366.021791999694</ele></trkpt><trkpt lat="37.12428" lon="-118.64882999999998"><ele>3363.658091063741</ele></trkpt><trkpt lat="37.12415" lon="-118.64884"><ele>3363.1489133469295</ele></trkpt><trkpt lat="37.12406" lon="-118.6488"><ele>3361.9246399998665</ele></trkpt><trkpt lat="37.12412" lon="-118.64872000000003"><ele>3361.0</ele></trkpt><trkpt lat="37.12417" lon="-118.64875"><ele>3361.4551042557287</ele></trkpt><trkpt lat="37.12418" lon="-118.64872000000003"><ele>3360.2797335768455</ele></trkpt><trkpt lat="37.12412" lon="-118.64843000000002"><ele>3356.013441530766</ele></trkpt><trkpt lat="37.12408" lon="-118.64841000000001"><ele>3355.043280780753</ele></trkpt><trkpt lat="37.12404" lon="-118.64845000000003"><ele>3354.846544113243</ele></trkpt><trkpt lat="37.12398" lon="-118.64844"><ele>3354.0</ele></trkpt><trkpt lat="37.124" lon="-118.64837999999997"><ele>3353.1379306660965</ele></trkpt><trkpt lat="37.12409" lon="-118.64832999999999"><ele>3352.9728462218773</ele></trkpt><trkpt lat="37.12412" lon="-118.64823999999999"><ele>3352.4881270257983</ele></trkpt><trkpt lat="37.12452" lon="-118.64767999999998"><ele>3349.9321058830246</ele></trkpt><trkpt lat="37.12455" lon="-118.64746000000002"><ele>3346.9821017812937</ele></trkpt><trkpt lat="37.12455" lon="-118.64724999999999"><ele>3345.0</ele></trkpt><trkpt lat="37.12462" lon="-118.64702999999997"><ele>3345.0467891981166</ele></trkpt><trkpt lat="37.12463" lon="-118.64679999999998"><ele>3345.0</ele></trkpt><trkpt lat="37.12458" lon="-118.64669000000004"><ele>3344.2077751912484</ele></trkpt><trkpt lat="37.12431" lon="-118.64645000000002"><ele>3339.9628812719616</ele></trkpt><trkpt lat="37.12435" lon="-118.64621"><ele>3337.137146063149</ele></trkpt><trkpt lat="37.12431" lon="-118.64614"><ele>3335.969998982954</ele></trkpt><trkpt lat="37.12428" lon="-118.64612999999997"><ele>3335.355694663868</ele></trkpt><trkpt lat="37.12404" lon="-118.64643000000001"><ele>3333.0542185517784</ele></trkpt><trkpt lat="37.1241" lon="-118.64652000000001"><ele>3333.1688626048945</ele></trkpt><trkpt lat="37.1241" lon="-118.64659"><ele>3332.8309731362388</ele></trkpt><trkpt lat="37.12397" lon="-118.64688999999998"><ele>3331.594879948188</ele></trkpt><trkpt lat="37.12396" lon="-118.64699999999999"><ele>3330.744319541547</ele></trkpt><trkpt lat="37.12406" lon="-118.6472"><ele>3331.237032789067</ele></trkpt><trkpt lat="37.12403" lon="-118.64726999999999"><ele>3330.2144169615594</ele></trkpt><trkpt lat="37.12397" lon="-118.64728000000002"><ele>3329.0317727494985</ele></trkpt><trkpt lat="37.12393" lon="-118.64724999999999"><ele>3327.8627893272787</ele></trkpt><trkpt lat="37.12381" lon="-118.64697000000001"><ele>3325.0</ele></trkpt><trkpt lat="37.12375" lon="-118.64687000000004"><ele>3324.0</ele></trkpt><trkpt lat="37.1236" lon="-118.64672999999999"><ele>3322.218699671328</ele></trkpt><trkpt lat="37.12354" lon="-118.64670999999998"><ele>3322.0</ele></trkpt><trkpt lat="37.12347" lon="-118.64648"><ele>3320.0</ele></trkpt><trkpt lat="37.12347" lon="-118.64625999999998"><ele>3318.0</ele></trkpt><trkpt lat="37.1235" lon="-118.64606000000003"><ele>3316.023111698799</ele></trkpt><trkpt lat="37.12362" lon="-118.64580000000001"><ele>3314.80704100821</ele></trkpt><trkpt lat="37.12366" lon="-118.64578"><ele>3314.55353955552</ele></trkpt><trkpt lat="37.12382" lon="-118.64557000000002"><ele>3310.660184889566</ele></trkpt><trkpt lat="37.1238" lon="-118.64552000000003"><ele>3308.990200890228</ele></trkpt><trkpt lat="37.12369" lon="-118.64549999999997"><ele>3308.029066666262</ele></trkpt><trkpt lat="37.1237" lon="-118.64546999999999"><ele>3307.3300159997307</ele></trkpt><trkpt lat="37.12391" lon="-118.64542"><ele>3304.9784339017606</ele></trkpt><trkpt lat="37.12397" lon="-118.64537999999999"><ele>3304.5048994783683</ele></trkpt><trkpt lat="37.12393" lon="-118.64531999999997"><ele>3302.8120903401395</ele></trkpt><trkpt lat="37.12376" lon="-118.64522"><ele>3300.556801330971</ele></trkpt><trkpt lat="37.12375" lon="-118.64506"><ele>3300.0</ele></trkpt><trkpt lat="37.12371" lon="-118.64501000000001"><ele>3300.0</ele></trkpt><trkpt lat="37.12363" lon="-118.64499"><ele>3300.0</ele></trkpt><trkpt lat="37.12353" lon="-118.64490999999998"><ele>3300.0</ele></trkpt><trkpt lat="37.12348" lon="-118.64476000000002"><ele>3300.2264972579605</ele></trkpt><trkpt lat="37.12346" lon="-118.64445999999998"><ele>3298.0</ele></trkpt><trkpt lat="37.12343" lon="-118.64431000000002"><ele>3297.224878031478</ele></trkpt><trkpt lat="37.12322" lon="-118.64411000000001"><ele>3296.567151683968</ele></trkpt><trkpt lat="37.12315" lon="-118.64396999999997"><ele>3295.9578331161265</ele></trkpt><trkpt lat="37.12297" lon="-118.64335"><ele>3297.385254930705</ele></trkpt><trkpt lat="37.12295" lon="-118.64318000000003"><ele>3297.523371511372</ele></trkpt><trkpt lat="37.12289" lon="-118.64305000000002"><ele>3298.0292541131407</ele></trkpt><trkpt lat="37.12286" lon="-118.64281"><ele>3297.4072879189625</ele></trkpt><trkpt lat="37.12279" lon="-118.64264000000003"><ele>3297.292193451198</ele></trkpt><trkpt lat="37.12274" lon="-118.64222999999998"><ele>3297.832543999655</ele></trkpt><trkpt lat="37.12263" lon="-118.64206000000001"><ele>3295.1122488958304</ele></trkpt><trkpt lat="37.12245" lon="-118.642"><ele>3294.473155555781</ele></trkpt><trkpt lat="37.12214" lon="-118.64184"><ele>3294.744885333581</ele></trkpt><trkpt lat="37.12205" lon="-118.64174000000003"><ele>3293.4473690127975</ele></trkpt><trkpt lat="37.12196" lon="-118.64170000000001"><ele>3292.4826488893013</ele></trkpt><trkpt lat="37.12185" lon="-118.64159999999998"><ele>3292.0</ele></trkpt><trkpt lat="37.12162" lon="-118.64148"><ele>3288.0</ele></trkpt><trkpt lat="37.12144" lon="-118.64141999999998"><ele>3284.954211610143</ele></trkpt><trkpt lat="37.12138" lon="-118.64143000000001"><ele>3284.341371132992</ele></trkpt><trkpt lat="37.12127" lon="-118.64156000000003"><ele>3281.347190646222</ele></trkpt><trkpt lat="37.1211" lon="-118.64155"><ele>3279.0020013353464</ele></trkpt><trkpt lat="37.121" lon="-118.64150999999998"><ele>3277.223352143045</ele></trkpt><trkpt lat="37.1209" lon="-118.64159000000001"><ele>3276.233553914819</ele></trkpt><trkpt lat="37.12083" lon="-118.64159999999998"><ele>3274.4209331863094</ele></trkpt><trkpt lat="37.12075" lon="-118.64168000000001"><ele>3272.983384888619</ele></trkpt><trkpt lat="37.1208" lon="-118.64181000000002"><ele>3272.783503860235</ele></trkpt><trkpt lat="37.12073" lon="-118.642"><ele>3269.6922340299934</ele></trkpt><trkpt lat="37.1207" lon="-118.64204000000001"><ele>3268.469416915439</ele></trkpt><trkpt lat="37.12063" lon="-118.64202999999998"><ele>3267.172206221847</ele></trkpt><trkpt lat="37.12042" lon="-118.64213999999998"><ele>3266.4755915354554</ele></trkpt><trkpt lat="37.12026" lon="-118.64211"><ele>3264.985870079491</ele></trkpt><trkpt lat="37.12008" lon="-118.64201000000003"><ele>3264.7479946607627</ele></trkpt><trkpt lat="37.11996" lon="-118.64192000000003"><ele>3262.1743453308272</ele></trkpt><trkpt lat="37.11987" lon="-118.64195000000001"><ele>3261.242086809849</ele></trkpt><trkpt lat="37.11983" lon="-118.64193"><ele>3260.842037333641</ele></trkpt><trkpt lat="37.11982" lon="-118.64186999999998"><ele>3260.0</ele></trkpt><trkpt lat="37.11975" lon="-118.64184"><ele>3259.7074268208817</ele></trkpt><trkpt lat="37.11964" lon="-118.64195000000001"><ele>3258.450099223719</ele></trkpt><trkpt lat="37.11959" lon="-118.64195000000001"><ele>3256.6478997264057</ele></trkpt><trkpt lat="37.11958" lon="-118.64184"><ele>3255.673078399593</ele></trkpt><trkpt lat="37.11966" lon="-118.64175"><ele>3256.3728282814845</ele></trkpt><trkpt lat="37.11966" lon="-118.64170999999999"><ele>3254.815023946603</ele></trkpt><trkpt lat="37.11953" lon="-118.64170999999999"><ele>3253.0791541145823</ele></trkpt><trkpt lat="37.11939" lon="-118.64159999999998"><ele>3251.311122823298</ele></trkpt><trkpt lat="37.11941" lon="-118.64152000000001"><ele>3251.0</ele></trkpt><trkpt lat="37.11945" lon="-118.64148"><ele>3251.6437226666603</ele></trkpt><trkpt lat="37.11941" lon="-118.64141000000001"><ele>3253.4869194790144</ele></trkpt><trkpt lat="37.11948" lon="-118.64132999999998"><ele>3254.8172405809164</ele></trkpt><trkpt lat="37.11925" lon="-118.64118000000002"><ele>3250.730222349521</ele></trkpt><trkpt lat="37.11921" lon="-118.64111000000003"><ele>3250.1730815526275</ele></trkpt><trkpt lat="37.11909" lon="-118.64101"><ele>3247.781413986345</ele></trkpt><trkpt lat="37.11903" lon="-118.64100000000002"><ele>3245.4955260485876</ele></trkpt><trkpt lat="37.1189" lon="-118.64087999999998"><ele>3244.492782774847</ele></trkpt><trkpt lat="37.11877" lon="-118.64080999999999"><ele>3242.3249615770765</ele></trkpt><trkpt lat="37.11866" lon="-118.64067"><ele>3241.929942550808</ele></trkpt><trkpt lat="37.11846" lon="-118.64024999999998"><ele>3240.3250485921744</ele></trkpt><trkpt lat="37.1184" lon="-118.6402"><ele>3238.9834384887945</ele></trkpt><trkpt lat="37.1182" lon="-118.63985000000002"><ele>3238.6324056017866</ele></trkpt><trkpt lat="37.11817" lon="-118.63972000000001"><ele>3237.8862966288343</ele></trkpt><trkpt lat="37.11798" lon="-118.63941999999997"><ele>3236.634481751571</ele></trkpt><trkpt lat="37.11788" lon="-118.63934"><ele>3236.031150454514</ele></trkpt><trkpt lat="37.11771" lon="-118.63927000000001"><ele>3233.2338383402675</ele></trkpt><trkpt lat="37.11774" lon="-118.63936999999999"><ele>3232.8102862224914</ele></trkpt><trkpt lat="37.11772" lon="-118.63945999999999"><ele>3232.0</ele></trkpt><trkpt lat="37.11749" lon="-118.63968"><ele>3231.274601869593</ele></trkpt><trkpt lat="37.11742" lon="-118.63965000000002"><ele>3230.1769093704906</ele></trkpt><trkpt lat="37.11736" lon="-118.63959"><ele>3228.9575323649606</ele></trkpt><trkpt lat="37.11715" lon="-118.63959"><ele>3227.6839146665297</ele></trkpt><trkpt lat="37.11716" lon="-118.63963999999999"><ele>3226.9897778205655</ele></trkpt><trkpt lat="37.1173" lon="-118.63981999999999"><ele>3226.3005178643075</ele></trkpt><trkpt lat="37.1173" lon="-118.63986999999997"><ele>3226.3369696987793</ele></trkpt><trkpt lat="37.11728" lon="-118.63992999999999"><ele>3224.9297815741556</ele></trkpt><trkpt lat="37.11724" lon="-118.63992999999999"><ele>3222.5650255406254</ele></trkpt><trkpt lat="37.11717" lon="-118.63986999999997"><ele>3220.472905876115</ele></trkpt><trkpt lat="37.11707" lon="-118.63983999999999"><ele>3219.194394098481</ele></trkpt><trkpt lat="37.11706" lon="-118.63990000000001"><ele>3217.4603911107406</ele></trkpt><trkpt lat="37.11709" lon="-118.63992999999999"><ele>3216.9942024514953</ele></trkpt><trkpt lat="37.11709" lon="-118.63995999999997"><ele>3216.977221023119</ele></trkpt><trkpt lat="37.117" lon="-118.63997"><ele>3214.345735071227</ele></trkpt><trkpt lat="37.11699" lon="-118.63999999999999"><ele>3214.053516063839</ele></trkpt><trkpt lat="37.11705" lon="-118.64021000000002"><ele>3212.0436982412357</ele></trkpt><trkpt lat="37.11712" lon="-118.64033"><ele>3210.3756078422725</ele></trkpt><trkpt lat="37.11713" lon="-118.6404"><ele>3209.9541323431768</ele></trkpt><trkpt lat="37.11709" lon="-118.64047"><ele>3206.1541363161523</ele></trkpt><trkpt lat="37.1171" lon="-118.64051"><ele>3206.3339340638577</ele></trkpt><trkpt lat="37.11707" lon="-118.64051999999998"><ele>3204.7906613087926</ele></trkpt><trkpt lat="37.11698" lon="-118.64046000000002"><ele>3203.172742428258</ele></trkpt><trkpt lat="37.11687" lon="-118.64033"><ele>3201.787886647131</ele></trkpt><trkpt lat="37.1167" lon="-118.64031999999997"><ele>3198.862679303297</ele></trkpt><trkpt lat="37.11653" lon="-118.64026000000001"><ele>3196.0438941850166</ele></trkpt><trkpt lat="37.11648" lon="-118.64017999999999"><ele>3195.2048418923496</ele></trkpt><trkpt lat="37.11647" lon="-118.64004999999997"><ele>3195.716361755505</ele></trkpt><trkpt lat="37.11641" lon="-118.63995999999997"><ele>3192.1048796884716</ele></trkpt><trkpt lat="37.1164" lon="-118.63990000000001"><ele>3192.186805760136</ele></trkpt><trkpt lat="37.11614" lon="-118.63972000000001"><ele>3187.8697366362903</ele></trkpt><trkpt lat="37.11609" lon="-118.63965000000002"><ele>3187.8242839916147</ele></trkpt><trkpt lat="37.11614" lon="-118.63940000000002"><ele>3186.6212043135747</ele></trkpt><trkpt lat="37.11613" lon="-118.63936000000001"><ele>3185.8456516768783</ele></trkpt><trkpt lat="37.11604" lon="-118.63932"><ele>3182.310302120922</ele></trkpt><trkpt lat="37.116" lon="-118.63909999999998"><ele>3183.235432193922</ele></trkpt><trkpt lat="37.11608" lon="-118.63893999999999"><ele>3181.248478965155</ele></trkpt><trkpt lat="37.11616" lon="-118.63887999999997"><ele>3180.571359239053</ele></trkpt><trkpt lat="37.11606" lon="-118.63886000000002"><ele>3178.6117048901506</ele></trkpt><trkpt lat="37.11598" lon="-118.63890000000004"><ele>3178.777515151305</ele></trkpt><trkpt lat="37.11596" lon="-118.63889"><ele>3177.915453038153</ele></trkpt><trkpt lat="37.11597" lon="-118.63884999999999"><ele>3176.3930511907674</ele></trkpt><trkpt lat="37.11596" lon="-118.63882999999998"><ele>3175.5619668257423</ele></trkpt><trkpt lat="37.11589" lon="-118.63882999999998"><ele>3173.5712806066485</ele></trkpt><trkpt lat="37.11596" lon="-118.63868000000002"><ele>3172.0667134930845</ele></trkpt><trkpt lat="37.11598" lon="-118.63845000000003"><ele>3168.9454570391626</ele></trkpt><trkpt lat="37.11597" lon="-118.63836000000003"><ele>3167.4094160111417</ele></trkpt><trkpt lat="37.11588" lon="-118.63846000000001"><ele>3165.225739893283</ele></trkpt><trkpt lat="37.1159" lon="-118.63837999999998"><ele>3164.524793113582</ele></trkpt><trkpt lat="37.11585" lon="-118.63837000000001"><ele>3162.3696293795947</ele></trkpt><trkpt lat="37.11587" lon="-118.63821000000002"><ele>3160.8102176650427</ele></trkpt><trkpt lat="37.11584" lon="-118.63812000000001"><ele>3158.9316952351637</ele></trkpt><trkpt lat="37.11584" lon="-118.63801999999998"><ele>3157.7771484429722</ele></trkpt><trkpt lat="37.11579" lon="-118.6379"><ele>3155.987515412271</ele></trkpt><trkpt lat="37.1157" lon="-118.63776999999999"><ele>3153.45057621249</ele></trkpt><trkpt lat="37.11524" lon="-118.63764000000003"><ele>3151.0379921812564</ele></trkpt><trkpt lat="37.11509" lon="-118.63765000000001"><ele>3147.8373995919474</ele></trkpt><trkpt lat="37.11508" lon="-118.63767000000001"><ele>3146.984983825102</ele></trkpt><trkpt lat="37.11495" lon="-118.63761999999997"><ele>3146.2597944111494</ele></trkpt><trkpt lat="37.11482" lon="-118.63763"><ele>3145.3552248887718</ele></trkpt><trkpt lat="37.11473" lon="-118.63765000000001"><ele>3144.8891911108512</ele></trkpt><trkpt lat="37.11457" lon="-118.63774999999998"><ele>3143.5590222226456</ele></trkpt><trkpt lat="37.11434" lon="-118.63776999999999"><ele>3144.440519500526</ele></trkpt><trkpt lat="37.11416" lon="-118.63785000000001"><ele>3144.85286744664</ele></trkpt><trkpt lat="37.11413" lon="-118.63783000000001"><ele>3144.146595752376</ele></trkpt><trkpt lat="37.11412" lon="-118.63779999999997"><ele>3143.6802233909557</ele></trkpt><trkpt lat="37.11416" lon="-118.63770999999997"><ele>3142.8659982241224</ele></trkpt><trkpt lat="37.11433" lon="-118.63743999999997"><ele>3141.324630698189</ele></trkpt><trkpt lat="37.11437" lon="-118.63725"><ele>3141.38990385309</ele></trkpt><trkpt lat="37.11434" lon="-118.63707999999997"><ele>3140.828846221557</ele></trkpt><trkpt lat="37.11407" lon="-118.63666999999998"><ele>3138.20009649722</ele></trkpt><trkpt lat="37.11399" lon="-118.63650999999999"><ele>3137.333841533967</ele></trkpt><trkpt lat="37.11394" lon="-118.63630999999998"><ele>3137.0</ele></trkpt><trkpt lat="37.11382" lon="-118.63614999999999"><ele>3135.513513630879</ele></trkpt><trkpt lat="37.11382" lon="-118.63605999999999"><ele>3134.0611235550605</ele></trkpt><trkpt lat="37.11377" lon="-118.63605000000001"><ele>3132.789109447971</ele></trkpt><trkpt lat="37.11386" lon="-118.63587999999999"><ele>3129.457682947861</ele></trkpt><trkpt lat="37.11396" lon="-118.63576999999998"><ele>3129.4852467927712</ele></trkpt><trkpt lat="37.11401" lon="-118.63566000000003"><ele>3127.7144193565473</ele></trkpt><trkpt lat="37.11403" lon="-118.63554999999997"><ele>3125.7356486283243</ele></trkpt><trkpt lat="37.11403" lon="-118.63549"><ele>3124.4608608536932</ele></trkpt><trkpt lat="37.11388" lon="-118.63558999999998"><ele>3121.5500510990228</ele></trkpt><trkpt lat="37.11383" lon="-118.63557000000003"><ele>3119.000834842678</ele></trkpt><trkpt lat="37.11396" lon="-118.63526000000002"><ele>3116.148022575838</ele></trkpt><trkpt lat="37.11401" lon="-118.63464999999997"><ele>3108.174358386164</ele></trkpt><trkpt lat="37.11398" lon="-118.63454000000002"><ele>3106.159901339302</ele></trkpt><trkpt lat="37.11389" lon="-118.63455999999996"><ele>3103.5760745112784</ele></trkpt><trkpt lat="37.11382" lon="-118.63467000000003"><ele>3103.326146504962</ele></trkpt><trkpt lat="37.11378" lon="-118.63467000000003"><ele>3100.5934093045416</ele></trkpt><trkpt lat="37.11376" lon="-118.63439"><ele>3096.668796240352</ele></trkpt><trkpt lat="37.11379" lon="-118.63420000000002"><ele>3096.5454159807414</ele></trkpt><trkpt lat="37.11376" lon="-118.63384000000002"><ele>3091.668796240352</ele></trkpt><trkpt lat="37.11371" lon="-118.63375000000002"><ele>3089.4419863340445</ele></trkpt><trkpt lat="37.11377" lon="-118.63351999999998"><ele>3087.8017204740163</ele></trkpt><trkpt lat="37.11377" lon="-118.63344999999998"><ele>3086.20471833623</ele></trkpt><trkpt lat="37.11364" lon="-118.63355000000001"><ele>3083.3792570389123</ele></trkpt><trkpt lat="37.11358" lon="-118.63353000000001"><ele>3080.5169357571285</ele></trkpt><trkpt lat="37.11363" lon="-118.63328999999999"><ele>3077.255674753338</ele></trkpt><trkpt lat="37.11368" lon="-118.63317"><ele>3076.662290593609</ele></trkpt><trkpt lat="37.11362" lon="-118.63308"><ele>3072.9374203243055</ele></trkpt><trkpt lat="37.11341" lon="-118.63328999999999"><ele>3068.455232655676</ele></trkpt><trkpt lat="37.11317" lon="-118.63337999999999"><ele>3064.6125973330345</ele></trkpt><trkpt lat="37.11319" lon="-118.63326999999998"><ele>3063.0624987152405</ele></trkpt><trkpt lat="37.11353" lon="-118.63272999999998"><ele>3060.36261242372</ele></trkpt><trkpt lat="37.11349" lon="-118.63269000000003"><ele>3057.210884715121</ele></trkpt><trkpt lat="37.11343" lon="-118.63270999999997"><ele>3055.0529234788883</ele></trkpt><trkpt lat="37.11336" lon="-118.63278000000003"><ele>3054.231460160187</ele></trkpt><trkpt lat="37.11334" lon="-118.63277"><ele>3052.95261834141</ele></trkpt><trkpt lat="37.11345" lon="-118.63251000000002"><ele>3049.9010811853223</ele></trkpt><trkpt lat="37.11354" lon="-118.63238000000001"><ele>3048.6771000003337</ele></trkpt><trkpt lat="37.11358" lon="-118.63225"><ele>3041.9212434284846</ele></trkpt><trkpt lat="37.11375" lon="-118.63197000000002"><ele>3039.042375774856</ele></trkpt><trkpt lat="37.11377" lon="-118.63186000000002"><ele>3036.961002781056</ele></trkpt><trkpt lat="37.11372" lon="-118.63168000000002"><ele>3034.500244236551</ele></trkpt><trkpt lat="37.1136" lon="-118.63146999999998"><ele>3031.9928050700864</ele></trkpt><trkpt lat="37.11358" lon="-118.63159000000002"><ele>3029.8757405249025</ele></trkpt><trkpt lat="37.11351" lon="-118.63146999999998"><ele>3028.363645242527</ele></trkpt><trkpt lat="37.11352" lon="-118.63177999999999"><ele>3026.4394888404536</ele></trkpt><trkpt lat="37.11349" lon="-118.6318"><ele>3025.8242861256217</ele></trkpt><trkpt lat="37.11332" lon="-118.63141000000002"><ele>3021.756827496889</ele></trkpt><trkpt lat="37.11333" lon="-118.63134000000002"><ele>3021.277034855351</ele></trkpt><trkpt lat="37.11328" lon="-118.63129000000004"><ele>3019.6115293808293</ele></trkpt><trkpt lat="37.11323" lon="-118.63130999999998"><ele>3017.2950310865535</ele></trkpt><trkpt lat="37.11313" lon="-118.63111000000004"><ele>3013.717763556633</ele></trkpt><trkpt lat="37.11314" lon="-118.63103000000001"><ele>3012.853628444951</ele></trkpt><trkpt lat="37.11311" lon="-118.63085000000001"><ele>3009.6593244445976</ele></trkpt><trkpt lat="37.11317" lon="-118.63058000000001"><ele>3006.3678684446495</ele></trkpt><trkpt lat="37.11328" lon="-118.63036999999997"><ele>3004.3050780167055</ele></trkpt><trkpt lat="37.11328" lon="-118.63036999999997"><ele>3004.3050780167055</ele></trkpt><trkpt lat="37.11329" lon="-118.63018"><ele>3003.044131595417</ele></trkpt><trkpt lat="37.11335" lon="-118.62995999999998"><ele>3002.975324860087</ele></trkpt><trkpt lat="37.11335" lon="-118.62964999999997"><ele>2998.905666261241</ele></trkpt><trkpt lat="37.11341" lon="-118.62937"><ele>2996.441591597162</ele></trkpt><trkpt lat="37.11353" lon="-118.62916000000001"><ele>2996.0</ele></trkpt><trkpt lat="37.11355" lon="-118.62903"><ele>2995.532467781566</ele></trkpt><trkpt lat="37.11364" lon="-118.62892"><ele>2996.849385640584</ele></trkpt><trkpt lat="37.11366" lon="-118.62878"><ele>2997.63913789807</ele></trkpt><trkpt lat="37.11372" lon="-118.62867"><ele>2998.861591759941</ele></trkpt><trkpt lat="37.11388" lon="-118.62842"><ele>3001.211497729644</ele></trkpt><trkpt lat="37.11391" lon="-118.62828000000002"><ele>2999.0920669582197</ele></trkpt><trkpt lat="37.11387" lon="-118.62813"><ele>2995.8830703189597</ele></trkpt><trkpt lat="37.1139" lon="-118.62801000000002"><ele>2995.759691332467</ele></trkpt><trkpt lat="37.11387" lon="-118.62788999999998"><ele>2993.569395652041</ele></trkpt><trkpt lat="37.11387" lon="-118.62779999999998"><ele>2992.35531397094</ele></trkpt><trkpt lat="37.11383" lon="-118.62779999999998"><ele>2990.303416174138</ele></trkpt><trkpt lat="37.11359" lon="-118.62801999999999"><ele>2984.416835826589</ele></trkpt><trkpt lat="37.11353" lon="-118.62797"><ele>2981.4699240007562</ele></trkpt><trkpt lat="37.11355" lon="-118.62783999999999"><ele>2979.5861764517613</ele></trkpt><trkpt lat="37.11351" lon="-118.62711999999999"><ele>2967.2007542626006</ele></trkpt><trkpt lat="37.11344" lon="-118.62693999999999"><ele>2961.8679281740915</ele></trkpt><trkpt lat="37.11345" lon="-118.62682999999998"><ele>2961.6051668408554</ele></trkpt><trkpt lat="37.11341" lon="-118.6268"><ele>2959.568542312247</ele></trkpt><trkpt lat="37.11343" lon="-118.62664999999998"><ele>2957.849637556995</ele></trkpt><trkpt lat="37.11335" lon="-118.62662"><ele>2954.6883612619713</ele></trkpt><trkpt lat="37.11331" lon="-118.62653999999998"><ele>2952.229045332875</ele></trkpt><trkpt lat="37.11325" lon="-118.62648000000002"><ele>2949.403077636938</ele></trkpt><trkpt lat="37.11319" lon="-118.62652000000003"><ele>2947.0230728142355</ele></trkpt><trkpt lat="37.11317" lon="-118.62619000000001"><ele>2941.8993231532613</ele></trkpt><trkpt lat="37.11311" lon="-118.62621000000001"><ele>2940.2149418150075</ele></trkpt><trkpt lat="37.1131" lon="-118.62615"><ele>2939.3832498192787</ele></trkpt><trkpt lat="37.11314" lon="-118.62597"><ele>2936.499148695497</ele></trkpt><trkpt lat="37.11311" lon="-118.62574999999998"><ele>2933.617266289591</ele></trkpt><trkpt lat="37.11324" lon="-118.62560000000002"><ele>2933.8052181016187</ele></trkpt><trkpt lat="37.11326" lon="-118.62552"><ele>2932.0855142118776</ele></trkpt><trkpt lat="37.11317" lon="-118.62545"><ele>2928.9029921640986</ele></trkpt><trkpt lat="37.11317" lon="-118.62527999999998"><ele>2925.297595924698</ele></trkpt><trkpt lat="37.1133" lon="-118.62499000000003"><ele>2921.025331611177</ele></trkpt><trkpt lat="37.11328" lon="-118.62484999999998"><ele>2918.545968425663</ele></trkpt><trkpt lat="37.11316" lon="-118.62477000000001"><ele>2916.1215303658973</ele></trkpt><trkpt lat="37.11312" lon="-118.62463000000002"><ele>2914.0</ele></trkpt><trkpt lat="37.11303" lon="-118.62405000000001"><ele>2911.3378229364753</ele></trkpt><trkpt lat="37.11303" lon="-118.62367999999998"><ele>2910.3378229364753</ele></trkpt><trkpt lat="37.11289" lon="-118.62360999999999"><ele>2907.2358849055277</ele></trkpt><trkpt lat="37.11284" lon="-118.62350000000004"><ele>2905.785959502682</ele></trkpt><trkpt lat="37.11282" lon="-118.62320999999997"><ele>2903.201553635299</ele></trkpt><trkpt lat="37.11289" lon="-118.62284"><ele>2902.2469748444855</ele></trkpt><trkpt lat="37.11281" lon="-118.62270999999998"><ele>2899.894416390604</ele></trkpt><trkpt lat="37.11283" lon="-118.62260000000003"><ele>2898.9141476622317</ele></trkpt><trkpt lat="37.11278" lon="-118.62247000000002"><ele>2897.0526768485606</ele></trkpt><trkpt lat="37.11269" lon="-118.62200000000001"><ele>2892.4029192626476</ele></trkpt><trkpt lat="37.11268" lon="-118.62173000000001"><ele>2892.110716888681</ele></trkpt><trkpt lat="37.11273" lon="-118.62155999999999"><ele>2891.7583638106007</ele></trkpt><trkpt lat="37.11265" lon="-118.62135999999998"><ele>2886.4682199973613</ele></trkpt><trkpt lat="37.11257" lon="-118.62126999999998"><ele>2882.896493322216</ele></trkpt><trkpt lat="37.11249" lon="-118.62095"><ele>2879.55887911655</ele></trkpt><trkpt lat="37.1124" lon="-118.62074999999999"><ele>2876.2901163693477</ele></trkpt><trkpt lat="37.11238" lon="-118.62058999999999"><ele>2875.6893272288144</ele></trkpt><trkpt lat="37.11241" lon="-118.62022000000002"><ele>2874.183638934046</ele></trkpt><trkpt lat="37.11268" lon="-118.61941000000002"><ele>2865.0</ele></trkpt><trkpt lat="37.11286" lon="-118.61914999999999"><ele>2864.3999299679417</ele></trkpt><trkpt lat="37.11292" lon="-118.61896000000002"><ele>2864.774984607448</ele></trkpt><trkpt lat="37.11293" lon="-118.61858999999998"><ele>2862.396406480344</ele></trkpt><trkpt lat="37.11302" lon="-118.61833999999999"><ele>2861.246434944682</ele></trkpt><trkpt lat="37.11305" lon="-118.61815999999999"><ele>2859.8444608505815</ele></trkpt><trkpt lat="37.11297" lon="-118.61777000000001"><ele>2857.0</ele></trkpt><trkpt lat="37.11288" lon="-118.61759"><ele>2855.954771699384</ele></trkpt><trkpt lat="37.11283" lon="-118.61738000000003"><ele>2854.0</ele></trkpt><trkpt lat="37.11282" lon="-118.61705"><ele>2852.278218681026</ele></trkpt><trkpt lat="37.11277" lon="-118.61676"><ele>2850.740539642982</ele></trkpt><trkpt lat="37.11269" lon="-118.6166"><ele>2850.0</ele></trkpt><trkpt lat="37.11267" lon="-118.61644999999999"><ele>2850.0</ele></trkpt><trkpt lat="37.11268" lon="-118.61631"><ele>2848.110716888681</ele></trkpt><trkpt lat="37.11286" lon="-118.61603000000002"><ele>2849.121589190968</ele></trkpt><trkpt lat="37.11291" lon="-118.61585000000002"><ele>2846.85397466554</ele></trkpt><trkpt lat="37.11301" lon="-118.61513000000002"><ele>2843.0</ele></trkpt><trkpt lat="37.11315" lon="-118.61487"><ele>2842.251876187734</ele></trkpt><trkpt lat="37.11311" lon="-118.61406"><ele>2840.675453814678</ele></trkpt><trkpt lat="37.11315" lon="-118.61388999999997"><ele>2840.0</ele></trkpt><trkpt lat="37.11316" lon="-118.61333000000002"><ele>2839.1364743653685</ele></trkpt><trkpt lat="37.11319" lon="-118.61316"><ele>2840.013087159954</ele></trkpt><trkpt lat="37.11322191546936" lon="-118.61310255215517"><ele>2840.0594873605296</ele></trkpt><trkpt lat="37.11324165476155" lon="-118.61306702148954"><ele>2840.1493675756647</ele></trkpt><trkpt lat="37.11334" lon="-118.61289"><ele>2838.557148341555</ele></trkpt><trkpt lat="37.1134" lon="-118.61268999999999"><ele>2837.65004066634</ele></trkpt><trkpt lat="37.11341" lon="-118.61252000000002"><ele>2837.441591597162</ele></trkpt><trkpt lat="37.11332" lon="-118.61211000000003"><ele>2832.0</ele></trkpt><trkpt lat="37.11338" lon="-118.61199999999997"><ele>2832.5649762563407</ele></trkpt><trkpt lat="37.11346" lon="-118.61166000000003"><ele>2830.4999146673363</ele></trkpt><trkpt lat="37.11362" lon="-118.61131999999998"><ele>2829.3336500710666</ele></trkpt><trkpt lat="37.11362" lon="-118.61090999999999"><ele>2828.5779087096453</ele></trkpt><trkpt lat="37.11359" lon="-118.61056000000002"><ele>2827.0</ele></trkpt><trkpt lat="37.11344" lon="-118.61031000000003"><ele>2826.0</ele></trkpt><trkpt lat="37.11336" lon="-118.61020000000002"><ele>2827.0194337777793</ele></trkpt><trkpt lat="37.11328" lon="-118.61016000000001"><ele>2827.8045452482565</ele></trkpt><trkpt lat="37.11316" lon="-118.60998000000001"><ele>2825.1364743653685</ele></trkpt><trkpt lat="37.11303" lon="-118.60995000000003"><ele>2824.3378229364753</ele></trkpt><trkpt lat="37.11278" lon="-118.60962999999998"><ele>2820.0</ele></trkpt><trkpt lat="37.11278" lon="-118.60953999999998"><ele>2819.0327423652634</ele></trkpt><trkpt lat="37.1127" lon="-118.60933"><ele>2817.0</ele></trkpt><trkpt lat="37.11264" lon="-118.60888"><ele>2817.2625854691996</ele></trkpt><trkpt lat="37.11246" lon="-118.60854"><ele>2815.6822744254023</ele></trkpt><trkpt lat="37.11241" lon="-118.60840000000002"><ele>2814.2212673779577</ele></trkpt><trkpt lat="37.11241" lon="-118.60840000000002"><ele>2814.2212673779577</ele></trkpt><trkpt lat="37.11239" lon="-118.60833000000002"><ele>2813.965607710403</ele></trkpt><trkpt lat="37.11248" lon="-118.60770000000002"><ele>2812.4318412924267</ele></trkpt><trkpt lat="37.11253" lon="-118.60705999999999"><ele>2811.0</ele></trkpt><trkpt lat="37.11267" lon="-118.60674"><ele>2811.0</ele></trkpt><trkpt lat="37.1127" lon="-118.60649000000001"><ele>2811.0</ele></trkpt><trkpt lat="37.1128" lon="-118.60629"><ele>2811.617147922516</ele></trkpt><trkpt lat="37.1128" lon="-118.60609"><ele>2812.0</ele></trkpt><trkpt lat="37.11287" lon="-118.60519"><ele>2812.2620124446694</ele></trkpt><trkpt lat="37.11276" lon="-118.60503"><ele>2812.9902826668695</ele></trkpt><trkpt lat="37.11271" lon="-118.60498999999999"><ele>2812.9106586273333</ele></trkpt><trkpt lat="37.11269" lon="-118.60489000000001"><ele>2813.0</ele></trkpt><trkpt lat="37.11262" lon="-118.60489000000001"><ele>2812.5197461119556</ele></trkpt><trkpt lat="37.11253" lon="-118.60464999999999"><ele>2812.6148396129174</ele></trkpt><trkpt lat="37.11217" lon="-118.60426999999999"><ele>2813.6995662224945</ele></trkpt><trkpt lat="37.11209" lon="-118.60420999999997"><ele>2814.0</ele></trkpt><trkpt lat="37.11197" lon="-118.60406999999998"><ele>2814.3599040005356</ele></trkpt><trkpt lat="37.1119" lon="-118.60401999999999"><ele>2814.676541170643</ele></trkpt><trkpt lat="37.11154" lon="-118.60386"><ele>2815.0506772620597</ele></trkpt><trkpt lat="37.11133" lon="-118.60388999999998"><ele>2815.0</ele></trkpt><trkpt lat="37.11116" lon="-118.60384999999997"><ele>2814.8440356930887</ele></trkpt><trkpt lat="37.11103" lon="-118.60386"><ele>2813.9237230880935</ele></trkpt><trkpt lat="37.11089" lon="-118.60383000000002"><ele>2813.0</ele></trkpt><trkpt lat="37.11069" lon="-118.60372000000001"><ele>2811.0</ele></trkpt><trkpt lat="37.11041" lon="-118.60338000000002"><ele>2809.0</ele></trkpt><trkpt lat="37.1103" lon="-118.60334999999998"><ele>2808.6269332516085</ele></trkpt><trkpt lat="37.11023" lon="-118.60329000000002"><ele>2808.279545071521</ele></trkpt><trkpt lat="37.1102" lon="-118.60320000000002"><ele>2808.0</ele></trkpt><trkpt lat="37.11014" lon="-118.60315000000003"><ele>2806.8925635255873</ele></trkpt><trkpt lat="37.11012" lon="-118.60306000000003"><ele>2807.9270887775547</ele></trkpt><trkpt lat="37.11004" lon="-118.60302000000001"><ele>2804.970639916137</ele></trkpt><trkpt lat="37.11001" lon="-118.60307"><ele>2804.094063584693</ele></trkpt><trkpt lat="37.11" lon="-118.60321999999996"><ele>2802.801871552132</ele></trkpt><trkpt lat="37.10996" lon="-118.60329999999999"><ele>2801.633103805594</ele></trkpt><trkpt lat="37.10988" lon="-118.60320000000002"><ele>2800.295570164919</ele></trkpt><trkpt lat="37.10955" lon="-118.60302999999999"><ele>2793.406339555513</ele></trkpt><trkpt lat="37.10937" lon="-118.60288000000003"><ele>2790.0</ele></trkpt><trkpt lat="37.10929" lon="-118.60278"><ele>2789.0236093663984</ele></trkpt><trkpt lat="37.10914" lon="-118.60271"><ele>2786.033810350944</ele></trkpt><trkpt lat="37.10905" lon="-118.60262"><ele>2784.191157234367</ele></trkpt><trkpt lat="37.10902" lon="-118.60253"><ele>2785.1672394741327</ele></trkpt><trkpt lat="37.10894" lon="-118.60246000000001"><ele>2783.978822949944</ele></trkpt><trkpt lat="37.10893" lon="-118.60239000000001"><ele>2784.2723972539734</ele></trkpt><trkpt lat="37.1089" lon="-118.60234000000003"><ele>2783.8887435100387</ele></trkpt><trkpt lat="37.10871" lon="-118.60228999999998"><ele>2780.109422797337</ele></trkpt><trkpt lat="37.10837" lon="-118.60192999999998"><ele>2772.0</ele></trkpt><trkpt lat="37.10819" lon="-118.60215"><ele>2769.9157490469515</ele></trkpt><trkpt lat="37.10806" lon="-118.60208999999998"><ele>2766.1173469098285</ele></trkpt><trkpt lat="37.10802" lon="-118.60199"><ele>2765.0</ele></trkpt><trkpt lat="37.10807" lon="-118.60185000000001"><ele>2765.0</ele></trkpt><trkpt lat="37.10815" lon="-118.60174999999998"><ele>2765.7470092335716</ele></trkpt><trkpt lat="37.10814" lon="-118.60165"><ele>2765.1137101372565</ele></trkpt><trkpt lat="37.10802" lon="-118.60153000000003"><ele>2763.948609101586</ele></trkpt><trkpt lat="37.10792" lon="-118.60136999999997"><ele>2763.0267672827467</ele></trkpt><trkpt lat="37.10783" lon="-118.60140999999999"><ele>2761.3971129450947</ele></trkpt><trkpt lat="37.10777" lon="-118.60140000000001"><ele>2761.0</ele></trkpt><trkpt lat="37.10777" lon="-118.60140000000001"><ele>2761.0</ele></trkpt><trkpt lat="37.10755" lon="-118.60131999999999"><ele>2758.655387909415</ele></trkpt><trkpt lat="37.10744" lon="-118.60134"><ele>2758.0264328854714</ele></trkpt><trkpt lat="37.10734" lon="-118.60131000000001"><ele>2757.0262474289516</ele></trkpt><trkpt lat="37.10728" lon="-118.60124000000002"><ele>2756.0</ele></trkpt><trkpt lat="37.10724" lon="-118.60115000000002"><ele>2756.400835555047</ele></trkpt><trkpt lat="37.10717" lon="-118.60111999999998"><ele>2756.0998862227425</ele></trkpt><trkpt lat="37.10708" lon="-118.60115000000002"><ele>2755.0</ele></trkpt><trkpt lat="37.10683" lon="-118.60115000000002"><ele>2752.5797772156075</ele></trkpt><trkpt lat="37.10672" lon="-118.60106999999999"><ele>2751.255687782622</ele></trkpt><trkpt lat="37.10664" lon="-118.60109999999997"><ele>2749.8383194063335</ele></trkpt><trkpt lat="37.10662" lon="-118.60099000000002"><ele>2750.043174701743</ele></trkpt><trkpt lat="37.1066" lon="-118.60099000000002"><ele>2749.4588168319315</ele></trkpt><trkpt lat="37.1065" lon="-118.60088999999999"><ele>2748.0</ele></trkpt><trkpt lat="37.10643" lon="-118.60073"><ele>2748.0</ele></trkpt><trkpt lat="37.10639" lon="-118.60070000000002"><ele>2748.0</ele></trkpt><trkpt lat="37.1063" lon="-118.60079999999999"><ele>2747.0</ele></trkpt><trkpt lat="37.10624" lon="-118.60095999999999"><ele>2744.989758390048</ele></trkpt><trkpt lat="37.1062" lon="-118.60093999999998"><ele>2744.5446676347137</ele></trkpt><trkpt lat="37.10616" lon="-118.60073999999997"><ele>2743.602982719429</ele></trkpt><trkpt lat="37.10608" lon="-118.60057999999998"><ele>2742.4985300150015</ele></trkpt><trkpt lat="37.10609" lon="-118.60041000000001"><ele>2741.715148925665</ele></trkpt><trkpt lat="37.10605" lon="-118.60027000000002"><ele>2738.4827140818816</ele></trkpt><trkpt lat="37.10601" lon="-118.60025000000002"><ele>2737.7096851976594</ele></trkpt><trkpt lat="37.1059" lon="-118.60032999999999"><ele>2736.498168128077</ele></trkpt><trkpt lat="37.10564" lon="-118.60043000000002"><ele>2729.4098205044866</ele></trkpt><trkpt lat="37.10552" lon="-118.60052000000002"><ele>2726.9922110685848</ele></trkpt><trkpt lat="37.10548" lon="-118.60046"><ele>2725.735022346489</ele></trkpt><trkpt lat="37.10546" lon="-118.60048"><ele>2725.150673271157</ele></trkpt><trkpt lat="37.10542" lon="-118.60055999999997"><ele>2725.8331435828004</ele></trkpt><trkpt lat="37.10533" lon="-118.60061999999999"><ele>2723.5138328576913</ele></trkpt><trkpt lat="37.10527" lon="-118.60077000000001"><ele>2723.5993647500873</ele></trkpt><trkpt lat="37.10516" lon="-118.60088000000002"><ele>2722.1186079601084</ele></trkpt><trkpt lat="37.10512" lon="-118.60086999999999"><ele>2721.21676259581</ele></trkpt><trkpt lat="37.1051" lon="-118.60073999999997"><ele>2719.632416298613</ele></trkpt><trkpt lat="37.10511" lon="-118.60059000000001"><ele>2717.9660817328863</ele></trkpt><trkpt lat="37.10517" lon="-118.60039999999998"><ele>2717.0832791000166</ele></trkpt><trkpt lat="37.10513" lon="-118.60037999999997"><ele>2716.1657998031005</ele></trkpt><trkpt lat="37.105" lon="-118.60055"><ele>2714.8895261987423</ele></trkpt><trkpt lat="37.10498" lon="-118.60054000000002"><ele>2714.4628174409527</ele></trkpt><trkpt lat="37.10497" lon="-118.60023999999999"><ele>2711.329186121259</ele></trkpt><trkpt lat="37.10486" lon="-118.60032999999999"><ele>2710.112052310724</ele></trkpt><trkpt lat="37.10478" lon="-118.60037"><ele>2708.1199048698472</ele></trkpt><trkpt lat="37.10475" lon="-118.60034000000002"><ele>2707.4063810575753</ele></trkpt><trkpt lat="37.10473" lon="-118.6003"><ele>2706.6516529644523</ele></trkpt><trkpt lat="37.10472" lon="-118.60005999999998"><ele>2704.529865950346</ele></trkpt><trkpt lat="37.10466" lon="-118.59980999999999"><ele>2702.9163358102323</ele></trkpt><trkpt lat="37.10446" lon="-118.59965999999997"><ele>2701.1203520006966</ele></trkpt><trkpt lat="37.10432" lon="-118.59965999999997"><ele>2701.0</ele></trkpt><trkpt lat="37.10418" lon="-118.59971999999999"><ele>2700.0</ele></trkpt><trkpt lat="37.10414" lon="-118.59971000000002"><ele>2699.9813902040714</ele></trkpt><trkpt lat="37.10408" lon="-118.59960999999998"><ele>2700.8792099516268</ele></trkpt><trkpt lat="37.10397" lon="-118.59967"><ele>2699.0</ele></trkpt><trkpt lat="37.10388" lon="-118.59964000000002"><ele>2698.58638577722</ele></trkpt><trkpt lat="37.10384" lon="-118.59965999999997"><ele>2698.0985575251407</ele></trkpt><trkpt lat="37.10355" lon="-118.59964000000002"><ele>2697.2029173476208</ele></trkpt><trkpt lat="37.10336" lon="-118.59942000000001"><ele>2697.0</ele></trkpt><trkpt lat="37.10319" lon="-118.59932000000003"><ele>2696.8354366897793</ele></trkpt><trkpt lat="37.10316" lon="-118.5992"><ele>2697.0</ele></trkpt><trkpt lat="37.10307" lon="-118.59908000000001"><ele>2697.0</ele></trkpt><trkpt lat="37.10293" lon="-118.59902"><ele>2697.0</ele></trkpt><trkpt lat="37.10283" lon="-118.59892000000002"><ele>2697.112758004663</ele></trkpt><trkpt lat="37.10265" lon="-118.59881000000001"><ele>2697.0</ele></trkpt><trkpt lat="37.10246" lon="-118.59863000000001"><ele>2696.500059282407</ele></trkpt><trkpt lat="37.10205" lon="-118.59839"><ele>2695.862882951621</ele></trkpt><trkpt lat="37.10195" lon="-118.59827999999999"><ele>2696.599800123833</ele></trkpt><trkpt lat="37.10175" lon="-118.59818000000001"><ele>2695.606851555174</ele></trkpt><trkpt lat="37.10166" lon="-118.59806000000003"><ele>2696.0</ele></trkpt><trkpt lat="37.10152" lon="-118.59805"><ele>2696.023480225362</ele></trkpt><trkpt lat="37.10139" lon="-118.59797000000003"><ele>2696.5002062213607</ele></trkpt><trkpt lat="37.10078" lon="-118.59793000000002"><ele>2695.0</ele></trkpt><trkpt lat="37.10065" lon="-118.59789999999998"><ele>2694.1313244446646</ele></trkpt><trkpt lat="37.1005" lon="-118.59780999999998"><ele>2694.4112243295313</ele></trkpt><trkpt lat="37.10002" lon="-118.59778"><ele>2695.0</ele></trkpt><trkpt lat="37.09974" lon="-118.59771"><ele>2696.5401152949817</ele></trkpt><trkpt lat="37.0996" lon="-118.59766000000002"><ele>2696.6825055805853</ele></trkpt><trkpt lat="37.09943" lon="-118.59752000000003"><ele>2695.9859662214294</ele></trkpt><trkpt lat="37.09937" lon="-118.59752000000003"><ele>2695.220418455965</ele></trkpt><trkpt lat="37.09913" lon="-118.59740999999997"><ele>2694.549152000807</ele></trkpt><trkpt lat="37.09892" lon="-118.59722"><ele>2693.053272225894</ele></trkpt><trkpt lat="37.09879" lon="-118.59712999999999"><ele>2692.3524869007524</ele></trkpt><trkpt lat="37.09872" lon="-118.59712000000002"><ele>2691.468763862201</ele></trkpt><trkpt lat="37.09838" lon="-118.59679"><ele>2688.296993781347</ele></trkpt><trkpt lat="37.09799" lon="-118.59665999999999"><ele>2685.0508373342454</ele></trkpt><trkpt lat="37.0978" lon="-118.59663999999998"><ele>2684.6665679160833</ele></trkpt><trkpt lat="37.09737" lon="-118.59650999999997"><ele>2679.314796811668</ele></trkpt><trkpt lat="37.09724" lon="-118.59640000000002"><ele>2679.0838577775285</ele></trkpt><trkpt lat="37.0968" lon="-118.59627"><ele>2679.2550967454445</ele></trkpt><trkpt lat="37.09667" lon="-118.59616"><ele>2679.2327618889817</ele></trkpt><trkpt lat="37.09658" lon="-118.59596999999997"><ele>2679.7149245189503</ele></trkpt><trkpt lat="37.09645" lon="-118.59596999999997"><ele>2679.0949973521565</ele></trkpt><trkpt lat="37.09623" lon="-118.59582"><ele>2681.892291153169</ele></trkpt><trkpt lat="37.09599" lon="-118.59577000000002"><ele>2681.242638488766</ele></trkpt><trkpt lat="37.0959" lon="-118.59559000000002"><ele>2682.0062880033884</ele></trkpt><trkpt lat="37.09587" lon="-118.59537"><ele>2681.997721265181</ele></trkpt><trkpt lat="37.09582" lon="-118.59527000000003"><ele>2680.299860127254</ele></trkpt><trkpt lat="37.09579" lon="-118.59524999999996"><ele>2679.6359648630023</ele></trkpt><trkpt lat="37.09575" lon="-118.59530000000001"><ele>2678.751700788969</ele></trkpt><trkpt lat="37.09571" lon="-118.59528999999998"><ele>2677.3501359969378</ele></trkpt><trkpt lat="37.09571" lon="-118.59507000000002"><ele>2677.2988684419543</ele></trkpt><trkpt lat="37.09559" lon="-118.59482000000003"><ele>2675.7932284371927</ele></trkpt><trkpt lat="37.09537" lon="-118.59469999999999"><ele>2672.0</ele></trkpt><trkpt lat="37.09499" lon="-118.59455000000003"><ele>2669.050896731398</ele></trkpt><trkpt lat="37.09484" lon="-118.59451999999999"><ele>2667.987262201527</ele></trkpt><trkpt lat="37.09473" lon="-118.59444000000002"><ele>2666.6696375384927</ele></trkpt><trkpt lat="37.09464" lon="-118.59447"><ele>2665.002269442175</ele></trkpt><trkpt lat="37.0945" lon="-118.59442999999999"><ele>2662.0</ele></trkpt><trkpt lat="37.09433" lon="-118.59444000000002"><ele>2659.0</ele></trkpt><trkpt lat="37.09407" lon="-118.59428000000003"><ele>2655.684347478454</ele></trkpt><trkpt lat="37.09407" lon="-118.59428000000003"><ele>2655.684347478454</ele></trkpt><trkpt lat="37.09353" lon="-118.59422999999998"><ele>2648.8643089114707</ele></trkpt><trkpt lat="37.0931" lon="-118.59408000000002"><ele>2650.0</ele></trkpt><trkpt lat="37.09291" lon="-118.59391"><ele>2651.052746745302</ele></trkpt><trkpt lat="37.09266" lon="-118.59384"><ele>2649.5248382181885</ele></trkpt><trkpt lat="37.09261" lon="-118.59386"><ele>2648.270147555275</ele></trkpt><trkpt lat="37.09261" lon="-118.59386"><ele>2648.270147555275</ele></trkpt><trkpt lat="37.09248" lon="-118.59388000000001"><ele>2647.0</ele></trkpt><trkpt lat="37.09248" lon="-118.59388000000001"><ele>2647.0</ele></trkpt><trkpt lat="37.09218" lon="-118.59402999999998"><ele>2647.3088604449295</ele></trkpt><trkpt lat="37.0919" lon="-118.59401000000003"><ele>2645.774894221453</ele></trkpt><trkpt lat="37.09174" lon="-118.59418"><ele>2642.8136071111076</ele></trkpt><trkpt lat="37.09139" lon="-118.59420999999998"><ele>2640.0</ele></trkpt><trkpt lat="37.09117" lon="-118.59429999999998"><ele>2642.0</ele></trkpt><trkpt lat="37.09097" lon="-118.59451000000001"><ele>2641.0</ele></trkpt><trkpt lat="37.09042" lon="-118.59471000000002"><ele>2640.0</ele></trkpt><trkpt lat="37.09035" lon="-118.59476999999998"><ele>2640.0</ele></trkpt><trkpt lat="37.0903" lon="-118.59492999999998"><ele>2641.4831037241966</ele></trkpt><trkpt lat="37.09024" lon="-118.59500000000003"><ele>2641.9066918673925</ele></trkpt><trkpt lat="37.09024" lon="-118.59500000000003"><ele>2641.9066918673925</ele></trkpt><trkpt lat="37.09013" lon="-118.59505000000001"><ele>2642.4069293033763</ele></trkpt><trkpt lat="37.08996" lon="-118.59523999999999"><ele>2640.710639088635</ele></trkpt><trkpt lat="37.08983" lon="-118.59523999999999"><ele>2642.531176604942</ele></trkpt><trkpt lat="37.08973" lon="-118.59517"><ele>2641.607896324247</ele></trkpt><trkpt lat="37.08964" lon="-118.59532999999999"><ele>2639.0163128143895</ele></trkpt><trkpt lat="37.08955" lon="-118.59532999999999"><ele>2637.3665182359982</ele></trkpt><trkpt lat="37.08954" lon="-118.59539999999998"><ele>2635.7710933336057</ele></trkpt><trkpt lat="37.08948" lon="-118.59544"><ele>2634.833277119568</ele></trkpt><trkpt lat="37.08908" lon="-118.59544"><ele>2633.0</ele></trkpt><trkpt lat="37.0888" lon="-118.59532000000002"><ele>2632.4414753643796</ele></trkpt><trkpt lat="37.0884" lon="-118.59503999999998"><ele>2632.0</ele></trkpt><trkpt lat="37.08811" lon="-118.59500000000003"><ele>2631.706222221488</ele></trkpt><trkpt lat="37.08786" lon="-118.59487000000001"><ele>2630.7231459995255</ele></trkpt><trkpt lat="37.0874" lon="-118.59483999999998"><ele>2631.453583479859</ele></trkpt><trkpt lat="37.08731" lon="-118.59485000000001"><ele>2631.20147555531</ele></trkpt><trkpt lat="37.08696" lon="-118.59478999999999"><ele>2632.693839751184</ele></trkpt><trkpt lat="37.08673" lon="-118.59496000000001"><ele>2628.6382897770964</ele></trkpt><trkpt lat="37.0866" lon="-118.59501999999998"><ele>2626.2401884449646</ele></trkpt><trkpt lat="37.08643" lon="-118.59505000000001"><ele>2625.082275554538</ele></trkpt><trkpt lat="37.08629" lon="-118.59503999999998"><ele>2623.774154667044</ele></trkpt><trkpt lat="37.08627" lon="-118.5951"><ele>2622.2026223453695</ele></trkpt><trkpt lat="37.08637" lon="-118.59519"><ele>2620.738721154863</ele></trkpt><trkpt lat="37.08636" lon="-118.59523999999999"><ele>2619.1329061374518</ele></trkpt><trkpt lat="37.08626" lon="-118.59524999999996"><ele>2619.0</ele></trkpt><trkpt lat="37.08598" lon="-118.59539999999998"><ele>2615.385546666803</ele></trkpt><trkpt lat="37.08556" lon="-118.59536000000003"><ele>2611.317614221247</ele></trkpt><trkpt lat="37.08544" lon="-118.59542999999996"><ele>2609.686496000737</ele></trkpt><trkpt lat="37.08528" lon="-118.59548000000001"><ele>2608.5214115553536</ele></trkpt><trkpt lat="37.08502" lon="-118.59550000000002"><ele>2607.110755554866</ele></trkpt><trkpt lat="37.08478" lon="-118.59545000000003"><ele>2608.2240479302673</ele></trkpt><trkpt lat="37.08454" lon="-118.59546999999998"><ele>2604.5103306027245</ele></trkpt><trkpt lat="37.08428" lon="-118.59537"><ele>2603.4961715766694</ele></trkpt><trkpt lat="37.08381" lon="-118.59510999999998"><ele>2601.1430364449043</ele></trkpt><trkpt lat="37.08378786452481" lon="-118.59510999999998"><ele>2601.1430364449043</ele></trkpt><trkpt lat="37.08377" lon="-118.59510999999998"><ele>2601.1430364449043</ele></trkpt><trkpt lat="37.08357" lon="-118.59519"><ele>2598.5578026664443</ele></trkpt><trkpt lat="37.08337" lon="-118.59532999999999"><ele>2596.18537970935</ele></trkpt><trkpt lat="37.08314" lon="-118.59577000000002"><ele>2589.763921777252</ele></trkpt><trkpt lat="37.0829" lon="-118.59595000000002"><ele>2586.5696177771315</ele></trkpt><trkpt lat="37.08273" lon="-118.596"><ele>2584.8910306447174</ele></trkpt><trkpt lat="37.08215" lon="-118.59602000000001"><ele>2580.9384995549917</ele></trkpt><trkpt lat="37.08177" lon="-118.59607"><ele>2580.773415111238</ele></trkpt><trkpt lat="37.08118" lon="-118.59607"><ele>2580.773415111238</ele></trkpt><trkpt lat="37.08093" lon="-118.59611000000001"><ele>2578.8413475551642</ele></trkpt><trkpt lat="37.08087" lon="-118.59611000000001"><ele>2578.8413475551642</ele></trkpt><trkpt lat="37.08079" lon="-118.59605999999997"><ele>2580.4802916707695</ele></trkpt><trkpt lat="37.08067" lon="-118.59614999999997"><ele>2578.90928000072</ele></trkpt><trkpt lat="37.08042" lon="-118.59623999999997"><ele>2576.81212800066</ele></trkpt><trkpt lat="37.08031" lon="-118.59626000000003"><ele>2575.3460942213424</ele></trkpt><trkpt lat="37.08019" lon="-118.59623999999997"><ele>2575.81212800066</ele></trkpt><trkpt lat="37.07988" lon="-118.59629000000001"><ele>2574.6470435552765</ele></trkpt><trkpt lat="37.07972" lon="-118.59640000000002"><ele>2572.0838577775285</ele></trkpt><trkpt lat="37.07939" lon="-118.59643"><ele>2569.0</ele></trkpt><trkpt lat="37.07881" lon="-118.59661"><ele>2565.1905031108763</ele></trkpt><trkpt lat="37.07853" lon="-118.59665999999999"><ele>2564.0254186671227</ele></trkpt><trkpt lat="37.07835" lon="-118.59665999999999"><ele>2563.227443068251</ele></trkpt><trkpt lat="37.07826" lon="-118.59661"><ele>2563.658930736342</ele></trkpt><trkpt lat="37.07772" lon="-118.59662000000003"><ele>2561.957486221567</ele></trkpt><trkpt lat="37.07742" lon="-118.59672999999998"><ele>2557.4215270066534</ele></trkpt><trkpt lat="37.07727" lon="-118.59674000000001"><ele>2555.1070856288743</ele></trkpt><trkpt lat="37.07721" lon="-118.5967"><ele>2555.0</ele></trkpt><trkpt lat="37.07687" lon="-118.59665000000001"><ele>2552.253617333456</ele></trkpt><trkpt lat="37.07666" lon="-118.59676000000002"><ele>2546.6489321696904</ele></trkpt><trkpt lat="37.07647" lon="-118.59676000000002"><ele>2544.689314821735</ele></trkpt><trkpt lat="37.07626" lon="-118.59667000000002"><ele>2543.1655059512705</ele></trkpt><trkpt lat="37.07579" lon="-118.59667000000002"><ele>2539.2310389080085</ele></trkpt><trkpt lat="37.07556" lon="-118.59649000000002"><ele>2537.9962944248578</ele></trkpt><trkpt lat="37.07522" lon="-118.59647000000001"><ele>2536.4527395553887</ele></trkpt><trkpt lat="37.07514" lon="-118.59641999999997"><ele>2537.0</ele></trkpt><trkpt lat="37.07485" lon="-118.59636"><ele>2537.0159253331367</ele></trkpt><trkpt lat="37.07453" lon="-118.59608000000003"><ele>2540.374650214078</ele></trkpt><trkpt lat="37.0741" lon="-118.59604999999999"><ele>2537.239448888926</ele></trkpt><trkpt lat="37.07388" lon="-118.59599000000003"><ele>2535.6375502215233</ele></trkpt><trkpt lat="37.07361" lon="-118.59586999999999"><ele>2533.8700141415707</ele></trkpt><trkpt lat="37.07357" lon="-118.59582"><ele>2533.840432168734</ele></trkpt><trkpt lat="37.07346" lon="-118.59582999999998"><ele>2532.612942145659</ele></trkpt><trkpt lat="37.07304" lon="-118.59577000000002"><ele>2529.0943877090463</ele></trkpt><trkpt lat="37.07271" lon="-118.59550999999999"><ele>2528.908683346203</ele></trkpt><trkpt lat="37.07271" lon="-118.59550999999999"><ele>2528.908683346203</ele></trkpt><trkpt lat="37.07246" lon="-118.59519999999998"><ele>2528.008477064737</ele></trkpt><trkpt lat="37.07204" lon="-118.59492999999998"><ele>2527.0</ele></trkpt><trkpt lat="37.07194" lon="-118.59480000000002"><ele>2527.3665599992964</ele></trkpt><trkpt lat="37.07158" lon="-118.59458999999998"><ele>2527.0</ele></trkpt><trkpt lat="37.07109" lon="-118.59442000000001"><ele>2526.221201777458</ele></trkpt><trkpt lat="37.07104" lon="-118.59438999999998"><ele>2526.0</ele></trkpt><trkpt lat="37.07097" lon="-118.59431000000001"><ele>2527.2587485413897</ele></trkpt><trkpt lat="37.07086" lon="-118.59429999999998"><ele>2526.467110639576</ele></trkpt><trkpt lat="37.07078" lon="-118.59424999999999"><ele>2527.022143890972</ele></trkpt><trkpt lat="37.07073" lon="-118.59419000000003"><ele>2527.580590221565</ele></trkpt><trkpt lat="37.07061" lon="-118.59411"><ele>2528.4447253332473</ele></trkpt><trkpt lat="37.0706" lon="-118.59404999999998"><ele>2528.9787210754084</ele></trkpt><trkpt lat="37.0705" lon="-118.59397000000001"><ele>2529.651177165564</ele></trkpt><trkpt lat="37.07044" lon="-118.59381000000002"><ele>2529.543654758484</ele></trkpt><trkpt lat="37.07033" lon="-118.59375"><ele>2528.8162875198823</ele></trkpt><trkpt lat="37.07017" lon="-118.59355"><ele>2531.0</ele></trkpt><trkpt lat="37.0701" lon="-118.59352999999999"><ele>2531.0</ele></trkpt><trkpt lat="37.06997" lon="-118.59339"><ele>2528.466162166558</ele></trkpt><trkpt lat="37.06988" lon="-118.59332999999998"><ele>2527.0</ele></trkpt><trkpt lat="37.06954" lon="-118.59323"><ele>2528.041635732865</ele></trkpt><trkpt lat="37.06938" lon="-118.59307999999999"><ele>2529.1051313756543</ele></trkpt><trkpt lat="37.0693" lon="-118.59303999999997"><ele>2528.3775324448943</ele></trkpt><trkpt lat="37.06906" lon="-118.59275000000002"><ele>2527.0</ele></trkpt><trkpt lat="37.06894" lon="-118.59266000000002"><ele>2526.089730995445</ele></trkpt><trkpt lat="37.0688" lon="-118.59262000000001"><ele>2525.4133081977175</ele></trkpt><trkpt lat="37.06869" lon="-118.59264999999999"><ele>2525.0</ele></trkpt><trkpt lat="37.06839" lon="-118.59248000000002"><ele>2523.573521778453</ele></trkpt><trkpt lat="37.06826" lon="-118.59228999999999"><ele>2522.93103339787</ele></trkpt><trkpt lat="37.06804" lon="-118.59225000000004"><ele>2522.0</ele></trkpt><trkpt lat="37.06763" lon="-118.59206"><ele>2522.0</ele></trkpt><trkpt lat="37.0674" lon="-118.59199000000001"><ele>2520.9087226792435</ele></trkpt><trkpt lat="37.06716" lon="-118.59174000000002"><ele>2521.0</ele></trkpt><trkpt lat="37.06696" lon="-118.59162000000003"><ele>2523.0</ele></trkpt><trkpt lat="37.06682" lon="-118.59136999999998"><ele>2521.861260434893</ele></trkpt><trkpt lat="37.06672" lon="-118.59132"><ele>2522.543562666746</ele></trkpt><trkpt lat="37.06659" lon="-118.59113000000002"><ele>2521.356629389338</ele></trkpt><trkpt lat="37.0664" lon="-118.59100999999998"><ele>2521.856426303327</ele></trkpt><trkpt lat="37.0663" lon="-118.59084000000001"><ele>2519.6131386962243</ele></trkpt><trkpt lat="37.06625" lon="-118.59057999999999"><ele>2519.0</ele></trkpt><trkpt lat="37.06615" lon="-118.59044"><ele>2518.9105626149103</ele></trkpt><trkpt lat="37.06601" lon="-118.59041000000002"><ele>2518.0</ele></trkpt><trkpt lat="37.06587" lon="-118.59027000000003"><ele>2518.0</ele></trkpt><trkpt lat="37.06571" lon="-118.59024"><ele>2518.0</ele></trkpt><trkpt lat="37.06543" lon="-118.59012999999999"><ele>2518.90633095942</ele></trkpt><trkpt lat="37.06521" lon="-118.58999"><ele>2518.4605696201324</ele></trkpt><trkpt lat="37.06507" lon="-118.58979999999997"><ele>2517.450761367361</ele></trkpt><trkpt lat="37.06494" lon="-118.58949000000001"><ele>2515.576060050167</ele></trkpt><trkpt lat="37.06484" lon="-118.58933000000002"><ele>2513.655878443271</ele></trkpt><trkpt lat="37.06473" lon="-118.58922999999999"><ele>2512.531006573246</ele></trkpt><trkpt lat="37.06468" lon="-118.5892"><ele>2512.0</ele></trkpt><trkpt lat="37.06451" lon="-118.5892"><ele>2512.0</ele></trkpt><trkpt lat="37.06434" lon="-118.58931000000001"><ele>2510.3317461457514</ele></trkpt><trkpt lat="37.06406" lon="-118.58929999999998"><ele>2509.0</ele></trkpt><trkpt lat="37.06395" lon="-118.58925999999997"><ele>2508.0</ele></trkpt><trkpt lat="37.06366" lon="-118.58922999999999"><ele>2505.3239097067294</ele></trkpt><trkpt lat="37.06356" lon="-118.58915999999999"><ele>2505.846975118563</ele></trkpt><trkpt lat="37.0634" lon="-118.58886000000001"><ele>2506.4715854939423</ele></trkpt><trkpt lat="37.06328" lon="-118.58874000000003"><ele>2506.617971634075</ele></trkpt><trkpt lat="37.06306" lon="-118.58841000000001"><ele>2505.179042948841</ele></trkpt><trkpt lat="37.06267" lon="-118.58798000000002"><ele>2505.0</ele></trkpt><trkpt lat="37.06241" lon="-118.58756"><ele>2505.0</ele></trkpt><trkpt lat="37.0623" lon="-118.58744999999999"><ele>2504.8113338517333</ele></trkpt><trkpt lat="37.06227" lon="-118.58737000000002"><ele>2504.80352545437</ele></trkpt><trkpt lat="37.06205" lon="-118.58735999999999"><ele>2504.1347928514265</ele></trkpt><trkpt lat="37.06192" lon="-118.58717000000001"><ele>2505.061520361143</ele></trkpt><trkpt lat="37.06182" lon="-118.58695"><ele>2506.1333538089675</ele></trkpt><trkpt lat="37.06165" lon="-118.58675"><ele>2505.0</ele></trkpt><trkpt lat="37.06158" lon="-118.58670999999998"><ele>2505.0</ele></trkpt><trkpt lat="37.06064" lon="-118.58650999999998"><ele>2507.994577003413</ele></trkpt><trkpt lat="37.06047" lon="-118.58643000000001"><ele>2507.047701880336</ele></trkpt><trkpt lat="37.06047" lon="-118.58643000000001"><ele>2507.047701880336</ele></trkpt><trkpt lat="37.06005" lon="-118.58623"><ele>2508.797106322422</ele></trkpt><trkpt lat="37.05958" lon="-118.58607999999998"><ele>2508.0</ele></trkpt><trkpt lat="37.05944" lon="-118.58591999999999"><ele>2508.9919438262764</ele></trkpt><trkpt lat="37.05931" lon="-118.58591000000001"><ele>2509.0</ele></trkpt><trkpt lat="37.05918" lon="-118.58585"><ele>2509.0</ele></trkpt><trkpt lat="37.05891" lon="-118.58568000000002"><ele>2509.0</ele></trkpt><trkpt lat="37.05886" lon="-118.58560999999997"><ele>2509.0</ele></trkpt><trkpt lat="37.05856" lon="-118.58539999999999"><ele>2506.111146592461</ele></trkpt><trkpt lat="37.05839" lon="-118.58517999999998"><ele>2505.0</ele></trkpt><trkpt lat="37.05835" lon="-118.58503000000002"><ele>2504.1443235892802</ele></trkpt><trkpt lat="37.05823" lon="-118.58490999999998"><ele>2502.8202631112654</ele></trkpt><trkpt lat="37.05809" lon="-118.58467999999999"><ele>2502.0</ele></trkpt><trkpt lat="37.05804" lon="-118.58440999999999"><ele>2501.572497903895</ele></trkpt><trkpt lat="37.05791" lon="-118.58422999999999"><ele>2499.764673699926</ele></trkpt><trkpt lat="37.05777" lon="-118.58384999999998"><ele>2501.1085845463276</ele></trkpt><trkpt lat="37.05752" lon="-118.58356000000003"><ele>2499.0</ele></trkpt><trkpt lat="37.05743" lon="-118.58341999999999"><ele>2498.2811315646395</ele></trkpt><trkpt lat="37.05712" lon="-118.58312000000001"><ele>2496.0</ele></trkpt><trkpt lat="37.05691" lon="-118.58298000000002"><ele>2492.682777658105</ele></trkpt><trkpt lat="37.05666" lon="-118.58296999999999"><ele>2490.8032156953627</ele></trkpt><trkpt lat="37.05662" lon="-118.58294000000001"><ele>2490.086685963679</ele></trkpt><trkpt lat="37.05661" lon="-118.58272999999997"><ele>2486.676252502948</ele></trkpt><trkpt lat="37.05655" lon="-118.58260000000001"><ele>2485.233373636147</ele></trkpt><trkpt lat="37.05632" lon="-118.58236"><ele>2485.1101097429637</ele></trkpt><trkpt lat="37.05601" lon="-118.58233999999999"><ele>2480.5779020129075</ele></trkpt><trkpt lat="37.05585" lon="-118.58204999999998"><ele>2476.0</ele></trkpt><trkpt lat="37.05559" lon="-118.58177"><ele>2472.5502006276574</ele></trkpt><trkpt lat="37.05518" lon="-118.58155"><ele>2474.6318233765587</ele></trkpt><trkpt lat="37.05518" lon="-118.58155"><ele>2474.6318233765587</ele></trkpt><trkpt lat="37.05498" lon="-118.5815"><ele>2475.0</ele></trkpt><trkpt lat="37.05459" lon="-118.58146999999997"><ele>2475.021927110385</ele></trkpt><trkpt lat="37.05448" lon="-118.58141"><ele>2474.3761742219795</ele></trkpt><trkpt lat="37.0544" lon="-118.58139"><ele>2473.9700345774363</ele></trkpt><trkpt lat="37.05424" lon="-118.58122000000003"><ele>2471.419001910189</ele></trkpt><trkpt lat="37.05379" lon="-118.58105"><ele>2463.0</ele></trkpt><trkpt lat="37.05373" lon="-118.58095000000003"><ele>2464.1184676503935</ele></trkpt><trkpt lat="37.05359" lon="-118.58087999999998"><ele>2465.4521386674605</ele></trkpt><trkpt lat="37.05353" lon="-118.58073999999999"><ele>2467.98830577801</ele></trkpt><trkpt lat="37.05345" lon="-118.58064999999999"><ele>2466.07237918023</ele></trkpt><trkpt lat="37.05309" lon="-118.58062000000001"><ele>2459.1209630231997</ele></trkpt><trkpt lat="37.05301" lon="-118.58059000000003"><ele>2458.225554577075</ele></trkpt><trkpt lat="37.05292" lon="-118.58047999999997"><ele>2456.55105928611</ele></trkpt><trkpt lat="37.05289" lon="-118.5804"><ele>2455.024785335424</ele></trkpt><trkpt lat="37.05298" lon="-118.58024999999998"><ele>2451.3297327473356</ele></trkpt><trkpt lat="37.053" lon="-118.58015999999998"><ele>2449.4302968231495</ele></trkpt><trkpt lat="37.053" lon="-118.57965000000002"><ele>2444.0</ele></trkpt><trkpt lat="37.05297" lon="-118.57956999999999"><ele>2442.8063833476044</ele></trkpt><trkpt lat="37.05279" lon="-118.57936999999998"><ele>2439.0</ele></trkpt><trkpt lat="37.05279" lon="-118.57936999999998"><ele>2439.0</ele></trkpt><trkpt lat="37.05278" lon="-118.57925"><ele>2438.510198634118</ele></trkpt><trkpt lat="37.05269" lon="-118.57909000000001"><ele>2438.8824561955407</ele></trkpt><trkpt lat="37.05267" lon="-118.57900999999998"><ele>2439.3881359411134</ele></trkpt><trkpt lat="37.05272" lon="-118.5788"><ele>2442.516739992425</ele></trkpt><trkpt lat="37.05270085118157" lon="-118.57865446897995"><ele>2442.8667408667284</ele></trkpt><trkpt lat="37.05270490988297" lon="-118.57868531508427"><ele>2442.635563790798</ele></trkpt><trkpt lat="37.05267" lon="-118.57842"><ele>2446.5970277115703</ele></trkpt><trkpt lat="37.05278" lon="-118.57803000000001"><ele>2452.0</ele></trkpt><trkpt lat="37.05279" lon="-118.57778000000002"><ele>2454.8021702086553</ele></trkpt><trkpt lat="37.05279" lon="-118.57778000000002"><ele>2454.8021702086553</ele></trkpt><trkpt lat="37.05279" lon="-118.57778000000002"><ele>2454.8021702086553</ele></trkpt><trkpt lat="37.05285" lon="-118.57772999999997"><ele>2455.6240202118724</ele></trkpt><trkpt lat="37.05286" lon="-118.57763"><ele>2456.845972306095</ele></trkpt><trkpt lat="37.05277" lon="-118.57736999999997"><ele>2459.73322443245</ele></trkpt><trkpt lat="37.05264" lon="-118.57727"><ele>2461.690332443919</ele></trkpt><trkpt lat="37.05261" lon="-118.57722000000001"><ele>2462.0056039138344</ele></trkpt><trkpt lat="37.05259" lon="-118.57713999999999"><ele>2462.841811438746</ele></trkpt><trkpt lat="37.05283" lon="-118.57681000000002"><ele>2466.406113779871</ele></trkpt><trkpt lat="37.05293" lon="-118.57672000000002"><ele>2467.2286811789963</ele></trkpt><trkpt lat="37.05306" lon="-118.57673"><ele>2469.0</ele></trkpt><trkpt lat="37.05313" lon="-118.57686999999999"><ele>2471.0</ele></trkpt><trkpt lat="37.0532" lon="-118.57690000000002"><ele>2472.533208889421</ele></trkpt><trkpt lat="37.05333" lon="-118.57682999999997"><ele>2474.470783022465</ele></trkpt><trkpt lat="37.05354" lon="-118.57677000000001"><ele>2477.2041372680105</ele></trkpt><trkpt lat="37.05366" lon="-118.57663000000002"><ele>2478.0492799860162</ele></trkpt><trkpt lat="37.05376" lon="-118.57648"><ele>2480.1235957872123</ele></trkpt><trkpt lat="37.05377" lon="-118.57623999999998"><ele>2481.4155711317435</ele></trkpt><trkpt lat="37.05383" lon="-118.57605999999998"><ele>2483.2076337870676</ele></trkpt><trkpt lat="37.0538" lon="-118.57598000000002"><ele>2484.1958422856405</ele></trkpt><trkpt lat="37.05381" lon="-118.57592999999997"><ele>2484.5834728963673</ele></trkpt><trkpt lat="37.05387" lon="-118.57586000000003"><ele>2486.335326696746</ele></trkpt><trkpt lat="37.05393" lon="-118.57538"><ele>2489.0871818820015</ele></trkpt><trkpt lat="37.05396" lon="-118.57528000000002"><ele>2489.963109994307</ele></trkpt><trkpt lat="37.05414" lon="-118.57502"><ele>2493.218685939908</ele></trkpt><trkpt lat="37.05413" lon="-118.57492000000002"><ele>2493.955722437155</ele></trkpt><trkpt lat="37.05406" lon="-118.57487000000003"><ele>2492.2037497936813</ele></trkpt><trkpt lat="37.05413" lon="-118.57434999999998"><ele>2497.8128069492523</ele></trkpt><trkpt lat="37.05406" lon="-118.57407"><ele>2499.5203911667527</ele></trkpt><trkpt lat="37.05407" lon="-118.57400000000001"><ele>2500.174849369563</ele></trkpt><trkpt lat="37.05402" lon="-118.57357999999999"><ele>2503.0</ele></trkpt><trkpt lat="37.05407" lon="-118.57344"><ele>2504.1590019552855</ele></trkpt><trkpt lat="37.05406" lon="-118.57333"><ele>2504.577240331697</ele></trkpt><trkpt lat="37.0541" lon="-118.57325000000003"><ele>2505.0507790977135</ele></trkpt><trkpt lat="37.05407" lon="-118.57310000000001"><ele>2506.1857486924046</ele></trkpt><trkpt lat="37.05412" lon="-118.57292999999999"><ele>2508.6347324410453</ele></trkpt><trkpt lat="37.05423" lon="-118.57235000000003"><ele>2511.846478587948</ele></trkpt><trkpt lat="37.05422" lon="-118.57218"><ele>2511.75531557695</ele></trkpt><trkpt lat="37.054214250188124" lon="-118.57216275056436"><ele>2511.909651385408</ele></trkpt><trkpt lat="37.05421554531624" lon="-118.57216663594113"><ele>2511.8631120943637</ele></trkpt><trkpt lat="37.05413" lon="-118.57191"><ele>2510.9267091713846</ele></trkpt><trkpt lat="37.05412" lon="-118.57184000000001"><ele>2511.236969034644</ele></trkpt><trkpt lat="37.05404" lon="-118.57164999999998"><ele>2511.8602451525917</ele></trkpt><trkpt lat="37.05408" lon="-118.57117"><ele>2514.4668259071186</ele></trkpt><trkpt lat="37.05401" lon="-118.57096999999999"><ele>2515.795626985171</ele></trkpt><trkpt lat="37.05404" lon="-118.57082000000003"><ele>2516.439979542047</ele></trkpt><trkpt lat="37.05389" lon="-118.57069999999999"><ele>2517.9321979205533</ele></trkpt><trkpt lat="37.05386" lon="-118.57065"><ele>2519.0044368270264</ele></trkpt><trkpt lat="37.05387" lon="-118.57058999999998"><ele>2519.335326696746</ele></trkpt><trkpt lat="37.05392" lon="-118.57049"><ele>2520.795205921866</ele></trkpt><trkpt lat="37.05392" lon="-118.5704"><ele>2520.795205921866</ele></trkpt><trkpt lat="37.05398" lon="-118.57022999999998"><ele>2522.54706226103</ele></trkpt><trkpt lat="37.05415" lon="-118.57033000000001"><ele>2525.5106627466157</ele></trkpt><trkpt lat="37.0542" lon="-118.57031999999998"><ele>2526.201967022793</ele></trkpt><trkpt lat="37.05425" lon="-118.57026000000002"><ele>2526.4304329324514</ele></trkpt><trkpt lat="37.05433" lon="-118.57024999999999"><ele>2528.0</ele></trkpt><trkpt lat="37.05438" lon="-118.57033999999999"><ele>2529.0</ele></trkpt><trkpt lat="37.05445" lon="-118.57038"><ele>2530.0</ele></trkpt><trkpt lat="37.05448" lon="-118.57044000000002"><ele>2530.145918960683</ele></trkpt><trkpt lat="37.05452" lon="-118.57047999999998"><ele>2531.3138316525146</ele></trkpt><trkpt lat="37.05454" lon="-118.57045"><ele>2531.8977882293984</ele></trkpt><trkpt lat="37.05473" lon="-118.57002999999997"><ele>2538.445383382961</ele></trkpt><trkpt lat="37.05472" lon="-118.56983000000002"><ele>2540.1534043448046</ele></trkpt><trkpt lat="37.05486" lon="-118.56961999999999"><ele>2544.4822287727147</ele></trkpt><trkpt lat="37.05489" lon="-118.56943999999999"><ele>2545.496686201686</ele></trkpt><trkpt lat="37.05488" lon="-118.56938000000002"><ele>2546.3989052843513</ele></trkpt><trkpt lat="37.05468" lon="-118.56920000000002"><ele>2543.998400776457</ele></trkpt><trkpt lat="37.05461" lon="-118.56903"><ele>2543.941637459211</ele></trkpt><trkpt lat="37.05457" lon="-118.56882999999999"><ele>2544.2851438268553</ele></trkpt><trkpt lat="37.05448" lon="-118.56853999999998"><ele>2544.877008738229</ele></trkpt><trkpt lat="37.05448" lon="-118.56826000000001"><ele>2544.145918960683</ele></trkpt><trkpt lat="37.05442" lon="-118.56799000000001"><ele>2543.3940510777757</ele></trkpt><trkpt lat="37.05385" lon="-118.56718000000001"><ele>2547.989857879227</ele></trkpt><trkpt lat="37.05372" lon="-118.56707"><ele>2548.4992481631184</ele></trkpt><trkpt lat="37.05366" lon="-118.56696"><ele>2549.289423121605</ele></trkpt><trkpt lat="37.05326" lon="-118.56648000000001"><ele>2551.1419213042195</ele></trkpt><trkpt lat="37.05317" lon="-118.56633999999997"><ele>2551.4778284618837</ele></trkpt><trkpt lat="37.05306" lon="-118.56605000000002"><ele>2553.290115554817</ele></trkpt><trkpt lat="37.053" lon="-118.56597"><ele>2554.1440056703677</ele></trkpt><trkpt lat="37.05297" lon="-118.56587999999999"><ele>2554.2945706259356</ele></trkpt><trkpt lat="37.05296" lon="-118.56565999999998"><ele>2555.4764338344744</ele></trkpt><trkpt lat="37.05315" lon="-118.56520999999998"><ele>2560.0</ele></trkpt><trkpt lat="37.05319" lon="-118.56506999999999"><ele>2561.0</ele></trkpt><trkpt lat="37.05311" lon="-118.56470999999999"><ele>2562.0</ele></trkpt><trkpt lat="37.05314" lon="-118.56459999999998"><ele>2562.0211995476857</ele></trkpt><trkpt lat="37.05312" lon="-118.56444999999997"><ele>2562.7596048047353</ele></trkpt><trkpt lat="37.05312" lon="-118.56444999999997"><ele>2562.7596048047353</ele></trkpt><trkpt lat="37.05304" lon="-118.56385999999998"><ele>2563.1014720704406</ele></trkpt><trkpt lat="37.05304" lon="-118.56362000000001"><ele>2563.1014720704406</ele></trkpt><trkpt lat="37.05273" lon="-118.56304999999998"><ele>2561.0503413388506</ele></trkpt><trkpt lat="37.05273" lon="-118.56304999999998"><ele>2561.0503413388506</ele></trkpt><trkpt lat="37.05273" lon="-118.56304999999998"><ele>2561.0503413388506</ele></trkpt><trkpt lat="37.0527" lon="-118.56281999999999"><ele>2561.0</ele></trkpt><trkpt lat="37.05273" lon="-118.56259999999997"><ele>2562.0</ele></trkpt><trkpt lat="37.0528" lon="-118.56247000000002"><ele>2561.356694146177</ele></trkpt><trkpt lat="37.05286" lon="-118.56225"><ele>2560.1382882733005</ele></trkpt><trkpt lat="37.05289" lon="-118.56204000000002"><ele>2560.721888067201</ele></trkpt><trkpt lat="37.05279" lon="-118.56166000000002"><ele>2560.8021702086553</ele></trkpt><trkpt lat="37.05281" lon="-118.56126999999998"><ele>2561.386113472283</ele></trkpt><trkpt lat="37.05278" lon="-118.56108"><ele>2561.510198634118</ele></trkpt><trkpt lat="37.0528" lon="-118.56096000000002"><ele>2562.0</ele></trkpt><trkpt lat="37.05295" lon="-118.56065999999998"><ele>2563.473720631562</ele></trkpt><trkpt lat="37.05309" lon="-118.56052"><ele>2565.0</ele></trkpt><trkpt lat="37.05311" lon="-118.56043999999997"><ele>2565.1452809004113</ele></trkpt><trkpt lat="37.05305" lon="-118.55984999999998"><ele>2565.299248751398</ele></trkpt><trkpt lat="37.05302" lon="-118.55974000000003"><ele>2565.0</ele></trkpt><trkpt lat="37.05295" lon="-118.55962"><ele>2564.056834685456</ele></trkpt><trkpt lat="37.05297" lon="-118.55953"><ele>2564.045144463353</ele></trkpt><trkpt lat="37.05293" lon="-118.55939000000001"><ele>2564.0</ele></trkpt><trkpt lat="37.05296" lon="-118.55903999999998"><ele>2565.0</ele></trkpt><trkpt lat="37.05292890452807" lon="-118.55876014075267"><ele>2564.8577915625647</ele></trkpt><trkpt lat="37.052931594462436" lon="-118.55878435014222"><ele>2564.93633014895</ele></trkpt><trkpt lat="37.05292" lon="-118.55867999999998"><ele>2564.5837183149906</ele></trkpt><trkpt lat="37.05293" lon="-118.55858999999998"><ele>2564.0</ele></trkpt><trkpt lat="37.0528" lon="-118.55836999999997"><ele>2564.0</ele></trkpt><trkpt lat="37.05273" lon="-118.55815000000001"><ele>2565.3734577775467</ele></trkpt><trkpt lat="37.05281" lon="-118.55784"><ele>2568.2305025355026</ele></trkpt><trkpt lat="37.0528" lon="-118.55777999999998"><ele>2568.9955455935624</ele></trkpt><trkpt lat="37.0527" lon="-118.55761000000001"><ele>2569.0</ele></trkpt><trkpt lat="37.05268" lon="-118.55749000000003"><ele>2569.0</ele></trkpt><trkpt lat="37.05264" lon="-118.55737999999997"><ele>2569.4226006334648</ele></trkpt><trkpt lat="37.05257" lon="-118.55732"><ele>2569.0</ele></trkpt><trkpt lat="37.0525" lon="-118.55710999999997"><ele>2569.2034229423816</ele></trkpt><trkpt lat="37.05226" lon="-118.55673999999999"><ele>2571.0</ele></trkpt><trkpt lat="37.05206" lon="-118.55635999999998"><ele>2569.0</ele></trkpt><trkpt lat="37.05193" lon="-118.55626000000001"><ele>2569.0</ele></trkpt><trkpt lat="37.05171" lon="-118.55617000000001"><ele>2569.0</ele></trkpt><trkpt lat="37.05163" lon="-118.55606"><ele>2569.938627786464</ele></trkpt><trkpt lat="37.05157" lon="-118.55587000000003"><ele>2570.5920314635055</ele></trkpt><trkpt lat="37.05155" lon="-118.55547999999999"><ele>2574.0</ele></trkpt><trkpt lat="37.05132" lon="-118.55462999999997"><ele>2579.92911799714</ele></trkpt><trkpt lat="37.05135" lon="-118.55442"><ele>2580.7586596217006</ele></trkpt><trkpt lat="37.05143" lon="-118.55419999999998"><ele>2582.0943892803043</ele></trkpt><trkpt lat="37.05154" lon="-118.55403000000001"><ele>2584.3060215823352</ele></trkpt><trkpt lat="37.05163" lon="-118.55403999999999"><ele>2586.1338952207298</ele></trkpt><trkpt lat="37.05169" lon="-118.55401"><ele>2587.0</ele></trkpt><trkpt lat="37.05178" lon="-118.55381"><ele>2590.0</ele></trkpt><trkpt lat="37.05191" lon="-118.55365"><ele>2591.108818942681</ele></trkpt><trkpt lat="37.05195" lon="-118.55340999999999"><ele>2593.2766920831054</ele></trkpt><trkpt lat="37.05194" lon="-118.55315999999999"><ele>2595.9793600201533</ele></trkpt><trkpt lat="37.05184" lon="-118.55281000000002"><ele>2594.817193770826</ele></trkpt><trkpt lat="37.05186" lon="-118.55264"><ele>2595.6489783832803</ele></trkpt><trkpt lat="37.05174" lon="-118.55240000000003"><ele>2596.358168887906</ele></trkpt><trkpt lat="37.05178" lon="-118.55207000000001"><ele>2598.0</ele></trkpt><trkpt lat="37.05175" lon="-118.55180999999999"><ele>2599.0</ele></trkpt><trkpt lat="37.05176" lon="-118.55159000000003"><ele>2600.0</ele></trkpt><trkpt lat="37.05166" lon="-118.55088"><ele>2601.0</ele></trkpt><trkpt lat="37.05167" lon="-118.55072000000001"><ele>2600.546298891204</ele></trkpt><trkpt lat="37.05179" lon="-118.55032"><ele>2600.105497948917</ele></trkpt><trkpt lat="37.05204" lon="-118.55002000000002"><ele>2598.921979646591</ele></trkpt><trkpt lat="37.05203" lon="-118.54971"><ele>2600.0</ele></trkpt><trkpt lat="37.05228" lon="-118.54937999999999"><ele>2601.911668971181</ele></trkpt><trkpt lat="37.05227" lon="-118.54917"><ele>2602.385839692979</ele></trkpt><trkpt lat="37.0524" lon="-118.54892000000001"><ele>2604.4153073187917</ele></trkpt><trkpt lat="37.0525" lon="-118.54880000000003"><ele>2605.0</ele></trkpt><trkpt lat="37.05259" lon="-118.54844000000003"><ele>2605.3534655742205</ele></trkpt><trkpt lat="37.0526" lon="-118.54775999999998"><ele>2606.12175602532</ele></trkpt><trkpt lat="37.05255" lon="-118.54730999999998"><ele>2607.7660614461747</ele></trkpt><trkpt lat="37.05226" lon="-118.54683999999997"><ele>2606.3277297848836</ele></trkpt><trkpt lat="37.05224" lon="-118.54673000000003"><ele>2607.0</ele></trkpt><trkpt lat="37.05223" lon="-118.54663"><ele>2607.4518212955445</ele></trkpt><trkpt lat="37.05231" lon="-118.54628000000002"><ele>2610.7800380976296</ele></trkpt><trkpt lat="37.05229" lon="-118.54610000000002"><ele>2612.0</ele></trkpt><trkpt lat="37.05231" lon="-118.54599000000002"><ele>2612.568627143242</ele></trkpt><trkpt lat="37.05228" lon="-118.54581000000002"><ele>2613.835361062373</ele></trkpt><trkpt lat="37.0523" lon="-118.54565000000002"><ele>2614.495608310215</ele></trkpt><trkpt lat="37.05226" lon="-118.54539"><ele>2616.2303966606246</ele></trkpt><trkpt lat="37.05239" lon="-118.54442"><ele>2615.0</ele></trkpt><trkpt lat="37.05237" lon="-118.54406"><ele>2615.0</ele></trkpt><trkpt lat="37.05241" lon="-118.54392999999999"><ele>2615.7072774302214</ele></trkpt><trkpt lat="37.05239" lon="-118.54371000000003"><ele>2616.104817581638</ele></trkpt><trkpt lat="37.05246" lon="-118.54349000000002"><ele>2617.0039748374375</ele></trkpt><trkpt lat="37.05262" lon="-118.54323"><ele>2617.8386586764827</ele></trkpt><trkpt lat="37.05267" lon="-118.54275999999999"><ele>2619.0</ele></trkpt><trkpt lat="37.05281" lon="-118.54248000000001"><ele>2619.0</ele></trkpt><trkpt lat="37.05281" lon="-118.54248000000001"><ele>2619.0</ele></trkpt><trkpt lat="37.05284" lon="-118.54235"><ele>2620.1415327414884</ele></trkpt><trkpt lat="37.05307" lon="-118.54209000000003"><ele>2623.392342555423</ele></trkpt><trkpt lat="37.05318" lon="-118.54187999999999"><ele>2623.6010849737672</ele></trkpt><trkpt lat="37.0532" lon="-118.54173000000003"><ele>2623.7730378825217</ele></trkpt><trkpt lat="37.05308" lon="-118.54104999999998"><ele>2624.101700378349</ele></trkpt><trkpt lat="37.05309" lon="-118.54073"><ele>2625.561335328035</ele></trkpt><trkpt lat="37.05297" lon="-118.53992"><ele>2629.057665125467</ele></trkpt><trkpt lat="37.05298" lon="-118.53971000000001"><ele>2630.0197897892785</ele></trkpt><trkpt lat="37.05301" lon="-118.53957000000003"><ele>2631.1536393573783</ele></trkpt><trkpt lat="37.053" lon="-118.53942999999998"><ele>2630.3911020459313</ele></trkpt><trkpt lat="37.05311" lon="-118.53917999999999"><ele>2630.797841005296</ele></trkpt><trkpt lat="37.05313" lon="-118.53906999999998"><ele>2630.7292266283184</ele></trkpt><trkpt lat="37.05321" lon="-118.53894000000003"><ele>2633.0650824975096</ele></trkpt><trkpt lat="37.05319" lon="-118.53872999999999"><ele>2634.481064730324</ele></trkpt><trkpt lat="37.05324" lon="-118.53852999999998"><ele>2635.9735721055317</ele></trkpt><trkpt lat="37.05331" lon="-118.53836999999999"><ele>2637.276579445276</ele></trkpt><trkpt lat="37.05334" lon="-118.53795000000002"><ele>2640.0</ele></trkpt><trkpt lat="37.05353" lon="-118.53768000000002"><ele>2641.408173474483</ele></trkpt><trkpt lat="37.05365" lon="-118.53745000000004"><ele>2642.256766250519</ele></trkpt><trkpt lat="37.0538" lon="-118.53730999999999"><ele>2643.2914973972365</ele></trkpt><trkpt lat="37.05391" lon="-118.53727000000003"><ele>2644.0</ele></trkpt><trkpt lat="37.05402" lon="-118.53719000000001"><ele>2644.1595400184287</ele></trkpt><trkpt lat="37.05414" lon="-118.53703000000002"><ele>2644.7135588291567</ele></trkpt><trkpt lat="37.05417" lon="-118.53692000000001"><ele>2644.088152950773</ele></trkpt><trkpt lat="37.05416" lon="-118.53682000000003"><ele>2643.4828023414034</ele></trkpt><trkpt lat="37.05421" lon="-118.53672"><ele>2644.071235820112</ele></trkpt><trkpt lat="37.05427" lon="-118.53665999999998"><ele>2644.0143874315545</ele></trkpt><trkpt lat="37.05428" lon="-118.53651000000002"><ele>2645.0</ele></trkpt><trkpt lat="37.05426" lon="-118.53634999999997"><ele>2645.469367541371</ele></trkpt><trkpt lat="37.05416" lon="-118.53604000000001"><ele>2644.0</ele></trkpt><trkpt lat="37.05419" lon="-118.53593000000001"><ele>2645.0</ele></trkpt><trkpt lat="37.05416" lon="-118.53580999999997"><ele>2644.0</ele></trkpt><trkpt lat="37.05421" lon="-118.53564"><ele>2644.0</ele></trkpt><trkpt lat="37.0544" lon="-118.53539999999998"><ele>2646.41567616447</ele></trkpt><trkpt lat="37.05449" lon="-118.53532999999999"><ele>2647.3862259992666</ele></trkpt><trkpt lat="37.05451" lon="-118.53523000000001"><ele>2647.0218534218147</ele></trkpt><trkpt lat="37.0546" lon="-118.53508"><ele>2648.6129014713606</ele></trkpt><trkpt lat="37.05461" lon="-118.53501"><ele>2649.516176125966</ele></trkpt><trkpt lat="37.05455" lon="-118.5349"><ele>2650.1897665755823</ele></trkpt><trkpt lat="37.0546" lon="-118.53454999999997"><ele>2651.0</ele></trkpt><trkpt lat="37.05479" lon="-118.53413"><ele>2654.0</ele></trkpt><trkpt lat="37.055" lon="-118.53332999999998"><ele>2657.3288319697604</ele></trkpt><trkpt lat="37.05502" lon="-118.53295000000003"><ele>2661.875817700454</ele></trkpt><trkpt lat="37.05496" lon="-118.53260999999998"><ele>2663.241141272111</ele></trkpt><trkpt lat="37.05491" lon="-118.53251"><ele>2663.4097327612576</ele></trkpt><trkpt lat="37.0549" lon="-118.53215"><ele>2667.4090329259634</ele></trkpt><trkpt lat="37.05492" lon="-118.53210000000001"><ele>2667.995672496773</ele></trkpt><trkpt lat="37.05488" lon="-118.53194000000002"><ele>2669.091355079617</ele></trkpt><trkpt lat="37.05505" lon="-118.53190999999998"><ele>2671.959811558262</ele></trkpt><trkpt lat="37.05513" lon="-118.53195"><ele>2674.2491529565305</ele></trkpt><trkpt lat="37.05518" lon="-118.53183999999999"><ele>2676.0</ele></trkpt><trkpt lat="37.05518" lon="-118.53174999999999"><ele>2676.808048202174</ele></trkpt><trkpt lat="37.05518" lon="-118.53174999999999"><ele>2676.808048202174</ele></trkpt><trkpt lat="37.05522" lon="-118.53169000000003"><ele>2677.0480441351665</ele></trkpt><trkpt lat="37.05528" lon="-118.53138000000001"><ele>2676.423770152209</ele></trkpt><trkpt lat="37.05534" lon="-118.53127"><ele>2676.5333223869093</ele></trkpt><trkpt lat="37.05535" lon="-118.53118999999998"><ele>2676.548158923164</ele></trkpt><trkpt lat="37.05527" lon="-118.53071999999997"><ele>2674.1143884806665</ele></trkpt><trkpt lat="37.05527" lon="-118.53062999999997"><ele>2674.0772939205913</ele></trkpt><trkpt lat="37.05534" lon="-118.53050000000002"><ele>2675.0</ele></trkpt><trkpt lat="37.05536" lon="-118.53034000000002"><ele>2674.9371071073274</ele></trkpt><trkpt lat="37.05533" lon="-118.53019"><ele>2674.1073351685486</ele></trkpt><trkpt lat="37.05527" lon="-118.53003000000001"><ele>2674.212308607064</ele></trkpt><trkpt lat="37.05526" lon="-118.52974"><ele>2675.575720883325</ele></trkpt><trkpt lat="37.05543" lon="-118.52949000000001"><ele>2675.80013866676</ele></trkpt><trkpt lat="37.05548" lon="-118.52930000000003"><ele>2675.343920939602</ele></trkpt><trkpt lat="37.05542" lon="-118.52895999999998"><ele>2675.3254722915735</ele></trkpt><trkpt lat="37.05539" lon="-118.52891"><ele>2675.0</ele></trkpt><trkpt lat="37.05545" lon="-118.52864999999997"><ele>2676.0</ele></trkpt><trkpt lat="37.05535" lon="-118.52836000000002"><ele>2677.0</ele></trkpt><trkpt lat="37.05535" lon="-118.52831000000003"><ele>2677.6958542214707</ele></trkpt><trkpt lat="37.05547" lon="-118.52813000000003"><ele>2678.046233941458</ele></trkpt><trkpt lat="37.05548" lon="-118.52807999999999"><ele>2679.018999109852</ele></trkpt><trkpt lat="37.05546" lon="-118.52792999999997"><ele>2680.5504960005637</ele></trkpt><trkpt lat="37.05538" lon="-118.52778999999998"><ele>2682.8127324448433</ele></trkpt><trkpt lat="37.05536" lon="-118.52765"><ele>2683.0</ele></trkpt><trkpt lat="37.05538" lon="-118.52755000000002"><ele>2684.0</ele></trkpt><trkpt lat="37.05535" lon="-118.52720999999997"><ele>2685.0</ele></trkpt><trkpt lat="37.05541" lon="-118.52679999999998"><ele>2685.0</ele></trkpt><trkpt lat="37.05543" lon="-118.52670999999998"><ele>2685.9785564448684</ele></trkpt><trkpt lat="37.05549" lon="-118.52665000000002"><ele>2686.466474867883</ele></trkpt><trkpt lat="37.0556" lon="-118.52661"><ele>2687.2617086364485</ele></trkpt><trkpt lat="37.0557" lon="-118.52634999999998"><ele>2687.0</ele></trkpt><trkpt lat="37.05601" lon="-118.52609000000001"><ele>2691.0</ele></trkpt><trkpt lat="37.05607" lon="-118.52600000000001"><ele>2692.0936781470664</ele></trkpt><trkpt lat="37.05612" lon="-118.52584999999999"><ele>2694.030844141729</ele></trkpt><trkpt lat="37.05611" lon="-118.52558999999997"><ele>2695.7588234046298</ele></trkpt><trkpt lat="37.05618" lon="-118.52551"><ele>2697.7362426271616</ele></trkpt><trkpt lat="37.05619" lon="-118.52533"><ele>2699.1393909449203</ele></trkpt><trkpt lat="37.0563" lon="-118.52517"><ele>2701.6707670867145</ele></trkpt><trkpt lat="37.05634" lon="-118.52504999999996"><ele>2703.454510394484</ele></trkpt><trkpt lat="37.05631" lon="-118.52494000000002"><ele>2704.128754929786</ele></trkpt><trkpt lat="37.05633" lon="-118.52476999999999"><ele>2704.3463580503594</ele></trkpt><trkpt lat="37.05642" lon="-118.52445"><ele>2707.7903936496004</ele></trkpt><trkpt lat="37.05641" lon="-118.52418999999998"><ele>2708.4984081089497</ele></trkpt><trkpt lat="37.05643" lon="-118.52409999999998"><ele>2708.2864147855435</ele></trkpt><trkpt lat="37.05657" lon="-118.52393000000001"><ele>2709.412929834565</ele></trkpt><trkpt lat="37.05657" lon="-118.52375"><ele>2710.0082443429455</ele></trkpt><trkpt lat="37.05662" lon="-118.52361000000002"><ele>2711.6301125623286</ele></trkpt><trkpt lat="37.05667" lon="-118.52350000000001"><ele>2713.3830296446417</ele></trkpt><trkpt lat="37.05682" lon="-118.52330999999998"><ele>2718.361537287454</ele></trkpt><trkpt lat="37.05689" lon="-118.52310999999997"><ele>2718.6491210653912</ele></trkpt><trkpt lat="37.05687" lon="-118.52265"><ele>2717.929782847874</ele></trkpt><trkpt lat="37.05663" lon="-118.52210000000002"><ele>2715.3214411337394</ele></trkpt><trkpt lat="37.05655" lon="-118.52161999999998"><ele>2716.170362081146</ele></trkpt><trkpt lat="37.05649" lon="-118.52157999999997"><ele>2714.668587036431</ele></trkpt><trkpt lat="37.0564" lon="-118.52143000000001"><ele>2712.424318986712</ele></trkpt><trkpt lat="37.05631" lon="-118.52136000000002"><ele>2710.427926926138</ele></trkpt><trkpt lat="37.05629" lon="-118.5213"><ele>2710.035057573584</ele></trkpt><trkpt lat="37.0562" lon="-118.52096"><ele>2710.366720624268</ele></trkpt><trkpt lat="37.05622" lon="-118.52069"><ele>2710.950690129772</ele></trkpt><trkpt lat="37.05614" lon="-118.52051"><ele>2709.8908810241855</ele></trkpt><trkpt lat="37.05614" lon="-118.52051"><ele>2709.8908810241855</ele></trkpt><trkpt lat="37.05601" lon="-118.52007000000003"><ele>2706.7650438583473</ele></trkpt><trkpt lat="37.0558" lon="-118.51983999999999"><ele>2706.0191206110358</ele></trkpt><trkpt lat="37.05574" lon="-118.51983999999999"><ele>2707.0</ele></trkpt><trkpt lat="37.05536" lon="-118.51995999999997"><ele>2704.2649564449675</ele></trkpt><trkpt lat="37.05518" lon="-118.51989000000003"><ele>2704.0</ele></trkpt><trkpt lat="37.05518" lon="-118.51989000000003"><ele>2704.0</ele></trkpt><trkpt lat="37.05481" lon="-118.51976000000002"><ele>2702.9252942216117</ele></trkpt><trkpt lat="37.05469" lon="-118.51963"><ele>2704.0</ele></trkpt><trkpt lat="37.05466" lon="-118.51947999999999"><ele>2705.6707026296253</ele></trkpt><trkpt lat="37.05456" lon="-118.51929999999999"><ele>2708.0</ele></trkpt><trkpt lat="37.05455" lon="-118.51922000000002"><ele>2708.5082062217407</ele></trkpt><trkpt lat="37.05456" lon="-118.51905999999997"><ele>2710.0</ele></trkpt><trkpt lat="37.05462" lon="-118.51891999999998"><ele>2711.6177944581596</ele></trkpt><trkpt lat="37.05463" lon="-118.51882"><ele>2712.0</ele></trkpt><trkpt lat="37.05459" lon="-118.51873"><ele>2712.331224080167</ele></trkpt><trkpt lat="37.05458" lon="-118.51862"><ele>2712.5227787725753</ele></trkpt><trkpt lat="37.0548" lon="-118.51797999999997"><ele>2717.0</ele></trkpt><trkpt lat="37.0548" lon="-118.51749999999998"><ele>2717.4892377303913</ele></trkpt><trkpt lat="37.05494" lon="-118.51711"><ele>2718.7145400505397</ele></trkpt><trkpt lat="37.05499" lon="-118.51681000000002"><ele>2720.036851892248</ele></trkpt><trkpt lat="37.05497" lon="-118.51652999999999"><ele>2720.6426411850844</ele></trkpt><trkpt lat="37.05483" lon="-118.51632000000001"><ele>2722.0303475768224</ele></trkpt><trkpt lat="37.05481" lon="-118.51609000000002"><ele>2724.878026867684</ele></trkpt><trkpt lat="37.05479" lon="-118.51605999999998"><ele>2725.141543111531</ele></trkpt><trkpt lat="37.05468" lon="-118.51601"><ele>2726.3066275557503</ele></trkpt><trkpt lat="37.05467" lon="-118.51594999999998"><ele>2727.0</ele></trkpt><trkpt lat="37.0547" lon="-118.5156"><ele>2729.569446383044</ele></trkpt><trkpt lat="37.05469" lon="-118.51497"><ele>2730.127528483493</ele></trkpt><trkpt lat="37.05469" lon="-118.51485000000002"><ele>2730.0</ele></trkpt><trkpt lat="37.05464" lon="-118.51465999999999"><ele>2730.0</ele></trkpt><trkpt lat="37.05467" lon="-118.51429000000002"><ele>2731.8116716720583</ele></trkpt><trkpt lat="37.05459" lon="-118.51396"><ele>2733.0</ele></trkpt><trkpt lat="37.0546" lon="-118.51378999999997"><ele>2734.662403202134</ele></trkpt><trkpt lat="37.05458" lon="-118.51362"><ele>2735.997817479422</ele></trkpt><trkpt lat="37.05458" lon="-118.51348000000002"><ele>2737.0</ele></trkpt><trkpt lat="37.05469" lon="-118.51288999999997"><ele>2743.277467458509</ele></trkpt><trkpt lat="37.05469" lon="-118.51279999999997"><ele>2744.0</ele></trkpt><trkpt lat="37.05461" lon="-118.5127"><ele>2743.409817362428</ele></trkpt><trkpt lat="37.05454" lon="-118.51249999999999"><ele>2744.0</ele></trkpt><trkpt lat="37.05459" lon="-118.51236"><ele>2744.5874971784087</ele></trkpt><trkpt lat="37.0546" lon="-118.51211"><ele>2747.0</ele></trkpt><trkpt lat="37.0545" lon="-118.51198999999997"><ele>2746.714852126709</ele></trkpt><trkpt lat="37.05442" lon="-118.51162"><ele>2750.9950928557664</ele></trkpt><trkpt lat="37.05422" lon="-118.51123000000001"><ele>2754.0</ele></trkpt><trkpt lat="37.05421" lon="-118.51111000000003"><ele>2754.8647744996097</ele></trkpt><trkpt lat="37.05424" lon="-118.51096999999999"><ele>2757.7471395558678</ele></trkpt><trkpt lat="37.05438" lon="-118.51087000000001"><ele>2761.0349650518424</ele></trkpt><trkpt lat="37.05424" lon="-118.51048000000003"><ele>2766.303422850324</ele></trkpt><trkpt lat="37.05422" lon="-118.51031"><ele>2768.0700081521363</ele></trkpt><trkpt lat="37.05449" lon="-118.51040999999998"><ele>2772.7865005157873</ele></trkpt><trkpt lat="37.05451" lon="-118.51040999999998"><ele>2773.817938755732</ele></trkpt><trkpt lat="37.05453" lon="-118.51029"><ele>2775.6058099213988</ele></trkpt><trkpt lat="37.05448" lon="-118.51018999999997"><ele>2775.9337718995184</ele></trkpt><trkpt lat="37.05445" lon="-118.50977999999998"><ele>2781.88756592113</ele></trkpt><trkpt lat="37.05442" lon="-118.50975"><ele>2782.244237749067</ele></trkpt><trkpt lat="37.05436" lon="-118.50950999999998"><ele>2786.9858886188504</ele></trkpt><trkpt lat="37.05421" lon="-118.50920000000002"><ele>2791.2536532853264</ele></trkpt><trkpt lat="37.05417" lon="-118.50904000000003"><ele>2794.559964163542</ele></trkpt><trkpt lat="37.05413" lon="-118.50871000000001"><ele>2799.714649302975</ele></trkpt><trkpt lat="37.05412" lon="-118.50835999999998"><ele>2804.8340124380775</ele></trkpt><trkpt lat="37.05411429779885" lon="-118.5083443189468"><ele>2804.866425486747</ele></trkpt><trkpt lat="37.05412057056341" lon="-118.5083799697178"><ele>2804.4020025341306</ele></trkpt><trkpt lat="37.05412" lon="-118.50835999999998"><ele>2804.8340124380775</ele></trkpt><trkpt lat="37.05408" lon="-118.50824999999998"><ele>2805.6541884702433</ele></trkpt><trkpt lat="37.05404" lon="-118.50796000000003"><ele>2810.1841430976056</ele></trkpt><trkpt lat="37.05398" lon="-118.50786"><ele>2811.215392000042</ele></trkpt><trkpt lat="37.05402" lon="-118.50783999999999"><ele>2812.8835901564244</ele></trkpt><trkpt lat="37.0541" lon="-118.5079"><ele>2814.3341035416815</ele></trkpt><trkpt lat="37.05411" lon="-118.50788"><ele>2815.092113973107</ele></trkpt><trkpt lat="37.05395" lon="-118.50765000000001"><ele>2817.779880584916</ele></trkpt><trkpt lat="37.05389" lon="-118.50741"><ele>2821.6770284732515</ele></trkpt><trkpt lat="37.05372" lon="-118.50727"><ele>2823.8824716801755</ele></trkpt><trkpt lat="37.05368" lon="-118.50700999999998"><ele>2828.5974163841456</ele></trkpt><trkpt lat="37.05362" lon="-118.50691"><ele>2829.7399378879927</ele></trkpt><trkpt lat="37.05355" lon="-118.50679000000002"><ele>2831.2952307726487</ele></trkpt><trkpt lat="37.05339" lon="-118.50664999999998"><ele>2833.820871111937</ele></trkpt><trkpt lat="37.05339" lon="-118.50662"><ele>2835.0</ele></trkpt><trkpt lat="37.05354" lon="-118.50662"><ele>2836.8862907084795</ele></trkpt><trkpt lat="37.05354" lon="-118.50655999999998"><ele>2838.9078834245447</ele></trkpt><trkpt lat="37.05342" lon="-118.50637999999998"><ele>2840.8397830336016</ele></trkpt><trkpt lat="37.05351" lon="-118.50639999999999"><ele>2842.101540427075</ele></trkpt><trkpt lat="37.05345" lon="-118.50630999999998"><ele>2843.4053889582865</ele></trkpt><trkpt lat="37.05346" lon="-118.50628"><ele>2844.3964137767907</ele></trkpt><trkpt lat="37.05356" lon="-118.50630999999998"><ele>2846.3330097780563</ele></trkpt><trkpt lat="37.05354" lon="-118.50625000000002"><ele>2846.9193731110745</ele></trkpt><trkpt lat="37.05354" lon="-118.50612999999998"><ele>2847.700147934258</ele></trkpt><trkpt lat="37.05374" lon="-118.50580000000002"><ele>2854.1170334565495</ele></trkpt><trkpt lat="37.05373" lon="-118.50572"><ele>2855.5562833797608</ele></trkpt><trkpt lat="37.05366" lon="-118.50569999999999"><ele>2854.547040000325</ele></trkpt><trkpt lat="37.05364" lon="-118.50563999999997"><ele>2856.9111347401617</ele></trkpt><trkpt lat="37.05372" lon="-118.50558000000001"><ele>2859.3141448960914</ele></trkpt><trkpt lat="37.05366" lon="-118.50554"><ele>2859.479154677596</ele></trkpt><trkpt lat="37.05364" lon="-118.50531999999998"><ele>2864.021576428786</ele></trkpt><trkpt lat="37.05349" lon="-118.50517000000002"><ele>2866.112447109289</ele></trkpt><trkpt lat="37.05351" lon="-118.50500999999997"><ele>2871.2736546746455</ele></trkpt><trkpt lat="37.05342" lon="-118.50491"><ele>2872.0984383549085</ele></trkpt><trkpt lat="37.05323" lon="-118.50488000000001"><ele>2872.308849777095</ele></trkpt><trkpt lat="37.05321" lon="-118.50482"><ele>2875.1050524441525</ele></trkpt><trkpt lat="37.05366" lon="-118.50482"><ele>2881.256370677147</ele></trkpt><trkpt lat="37.05378" lon="-118.50488999999999"><ele>2885.584304278554</ele></trkpt><trkpt lat="37.05379" lon="-118.50486999999998"><ele>2885.999097682581</ele></trkpt><trkpt lat="37.05374" lon="-118.50473"><ele>2887.2289686477743</ele></trkpt><trkpt lat="37.05369" lon="-118.50468999999998"><ele>2886.1615152282175</ele></trkpt><trkpt lat="37.05369" lon="-118.50466"><ele>2886.860565894516</ele></trkpt><trkpt lat="37.0538" lon="-118.50472000000002"><ele>2890.514606654401</ele></trkpt><trkpt lat="37.05375" lon="-118.50459000000001"><ele>2891.5860918202416</ele></trkpt><trkpt lat="37.05368" lon="-118.50455"><ele>2891.483192859225</ele></trkpt><trkpt lat="37.0537" lon="-118.50446999999997"><ele>2893.2081173339393</ele></trkpt><trkpt lat="37.05378" lon="-118.50446"><ele>2894.7075465163216</ele></trkpt><trkpt lat="37.05384" lon="-118.50441000000001"><ele>2897.1316775832347</ele></trkpt><trkpt lat="37.05377" lon="-118.50418000000002"><ele>2898.7967493741307</ele></trkpt><trkpt lat="37.05372" lon="-118.50416999999999"><ele>2898.3972479999065</ele></trkpt><trkpt lat="37.05355" lon="-118.50422000000003"><ele>2899.0</ele></trkpt><trkpt lat="37.0535" lon="-118.50419999999997"><ele>2899.0</ele></trkpt><trkpt lat="37.05345" lon="-118.50412"><ele>2899.4097627055867</ele></trkpt><trkpt lat="37.05347" lon="-118.50391000000002"><ele>2902.9689825698733</ele></trkpt><trkpt lat="37.05358" lon="-118.50351"><ele>2904.8123271539935</ele></trkpt><trkpt lat="37.05356" lon="-118.50346000000002"><ele>2904.815886285494</ele></trkpt><trkpt lat="37.05345" lon="-118.50344000000001"><ele>2906.151594598482</ele></trkpt><trkpt lat="37.05337" lon="-118.50332000000003"><ele>2910.00505955494</ele></trkpt><trkpt lat="37.05335" lon="-118.50319000000002"><ele>2912.1816865303967</ele></trkpt><trkpt lat="37.05335" lon="-118.50301999999999"><ele>2914.9962429933735</ele></trkpt><trkpt lat="37.05339" lon="-118.50296000000003"><ele>2916.320535076782</ele></trkpt><trkpt lat="37.05348" lon="-118.50296000000003"><ele>2918.3419693068136</ele></trkpt><trkpt lat="37.05356" lon="-118.50288999999998"><ele>2918.992958435583</ele></trkpt><trkpt lat="37.05364" lon="-118.50288"><ele>2918.2821131766905</ele></trkpt><trkpt lat="37.05372" lon="-118.50295"><ele>2918.0</ele></trkpt><trkpt lat="37.05375" lon="-118.50295"><ele>2918.3104568619806</ele></trkpt><trkpt lat="37.05392" lon="-118.50275999999997"><ele>2919.7522605603344</ele></trkpt><trkpt lat="37.05398" lon="-118.50270999999998"><ele>2920.9742687727894</ele></trkpt><trkpt lat="37.05407" lon="-118.5027"><ele>2924.349686602567</ele></trkpt><trkpt lat="37.05413" lon="-118.50257999999997"><ele>2924.9267091713846</ele></trkpt><trkpt lat="37.05417" lon="-118.50243"><ele>2927.1188796721826</ele></trkpt><trkpt lat="37.05426" lon="-118.50220999999999"><ele>2929.722410162911</ele></trkpt><trkpt lat="37.05428" lon="-118.50220999999999"><ele>2930.8792466499017</ele></trkpt><trkpt lat="37.05432" lon="-118.50252999999998"><ele>2933.948548702523</ele></trkpt><trkpt lat="37.05429" lon="-118.50306"><ele>2938.158690242377</ele></trkpt><trkpt lat="37.0543" lon="-118.50308000000001"><ele>2938.824789200405</ele></trkpt><trkpt lat="37.05432" lon="-118.50306999999998"><ele>2939.948548702523</ele></trkpt><trkpt lat="37.05456" lon="-118.50252999999998"><ele>2948.5135860578157</ele></trkpt><trkpt lat="37.05459" lon="-118.50224000000003"><ele>2952.1828028981563</ele></trkpt><trkpt lat="37.05464" lon="-118.50209000000001"><ele>2953.9690099528525</ele></trkpt><trkpt lat="37.05459" lon="-118.50198"><ele>2954.6690272205005</ele></trkpt><trkpt lat="37.05454" lon="-118.50173000000001"><ele>2956.9050662359223</ele></trkpt><trkpt lat="37.05448" lon="-118.50158999999996"><ele>2957.6550728421867</ele></trkpt><trkpt lat="37.05457" lon="-118.50170000000003"><ele>2960.4360261469938</ele></trkpt><trkpt lat="37.05453" lon="-118.50144999999998"><ele>2964.7642454779707</ele></trkpt><trkpt lat="37.05458" lon="-118.50146999999998"><ele>2966.3503352915177</ele></trkpt><trkpt lat="37.05465" lon="-118.50155999999998"><ele>2970.436452265942</ele></trkpt><trkpt lat="37.05466" lon="-118.50153999999998"><ele>2971.4125593664257</ele></trkpt><trkpt lat="37.05463" lon="-118.50146000000001"><ele>2969.7410237109702</ele></trkpt><trkpt lat="37.05456" lon="-118.50137000000001"><ele>2970.368450736627</ele></trkpt><trkpt lat="37.05464" lon="-118.50139999999999"><ele>2972.1237512864172</ele></trkpt><trkpt lat="37.0547" lon="-118.50153999999998"><ele>2976.111080678639</ele></trkpt><trkpt lat="37.0547" lon="-118.50144999999998"><ele>2975.2875569274183</ele></trkpt><trkpt lat="37.05464" lon="-118.50130000000001"><ele>2975.9801011526165</ele></trkpt><trkpt lat="37.05473" lon="-118.50139999999999"><ele>2978.222266607727</ele></trkpt><trkpt lat="37.05477" lon="-118.50149999999996"><ele>2982.5037023745626</ele></trkpt><trkpt lat="37.05477" lon="-118.50141000000002"><ele>2981.351185098989</ele></trkpt><trkpt lat="37.0547" lon="-118.50124"><ele>2982.0840376545675</ele></trkpt><trkpt lat="37.05459" lon="-118.50121999999999"><ele>2980.815818667179</ele></trkpt><trkpt lat="37.05459" lon="-118.50119999999998"><ele>2981.809280000627</ele></trkpt><trkpt lat="37.05464" lon="-118.50119000000001"><ele>2983.092887198087</ele></trkpt><trkpt lat="37.05463" lon="-118.50116000000003"><ele>2984.5357173923403</ele></trkpt><trkpt lat="37.05454" lon="-118.50117999999998"><ele>2985.0612015299425</ele></trkpt><trkpt lat="37.05459" lon="-118.50112999999999"><ele>2986.084306458215</ele></trkpt><trkpt lat="37.05465" lon="-118.50112000000001"><ele>2987.6471023731865</ele></trkpt><trkpt lat="37.05471" lon="-118.50116000000003"><ele>2986.963463530666</ele></trkpt><trkpt lat="37.05473" lon="-118.50114000000002"><ele>2989.029318846627</ele></trkpt><trkpt lat="37.0546" lon="-118.50103000000001"><ele>2990.731854221318</ele></trkpt><trkpt lat="37.05451" lon="-118.50099999999998"><ele>2992.9795665649845</ele></trkpt><trkpt lat="37.05446" lon="-118.50092000000001"><ele>2994.5221269236436</ele></trkpt><trkpt lat="37.05444" lon="-118.50083999999998"><ele>2995.7492617690004</ele></trkpt><trkpt lat="37.05446" lon="-118.50080000000003"><ele>2998.00360370098</ele></trkpt><trkpt lat="37.05443" lon="-118.50074999999998"><ele>2997.576428963337</ele></trkpt><trkpt lat="37.05447" lon="-118.50074000000001"><ele>3000.703265704108</ele></trkpt><trkpt lat="37.05443" lon="-118.50072"><ele>2999.0500007334213</ele></trkpt><trkpt lat="37.05443" lon="-118.50067999999999"><ele>3000.521518222289</ele></trkpt><trkpt lat="37.05445" lon="-118.50067999999999"><ele>3001.061487914296</ele></trkpt><trkpt lat="37.05446" lon="-118.50061"><ele>3002.7145992910955</ele></trkpt><trkpt lat="37.05449" lon="-118.50060000000002"><ele>3004.261447484605</ele></trkpt><trkpt lat="37.05448" lon="-118.50054999999998"><ele>3004.8425756995566</ele></trkpt><trkpt lat="37.0545" lon="-118.50054999999998"><ele>3006.0104882367887</ele></trkpt><trkpt lat="37.0545" lon="-118.50052"><ele>3006.7095389028545</ele></trkpt><trkpt lat="37.05447" lon="-118.50049000000001"><ele>3005.948839110788</ele></trkpt><trkpt lat="37.05449" lon="-118.50031000000001"><ele>3009.162080373615</ele></trkpt><trkpt lat="37.05447" lon="-118.50011"><ele>3009.7078817691654</ele></trkpt><trkpt lat="37.05449" lon="-118.49982"><ele>3009.875794151798</ele></trkpt><trkpt lat="37.05446" lon="-118.49972000000002"><ele>3009.0627501676545</ele></trkpt><trkpt lat="37.05439" lon="-118.49970000000002"><ele>3007.3571733327117</ele></trkpt><trkpt lat="37.05428" lon="-118.49975"><ele>3008.944573411731</ele></trkpt><trkpt lat="37.05414" lon="-118.49966"><ele>3010.44467391307</ele></trkpt><trkpt lat="37.05412" lon="-118.49964"><ele>3010.7552746664733</ele></trkpt><trkpt lat="37.05416" lon="-118.49932000000001"><ele>3014.802639592439</ele></trkpt><trkpt lat="37.05415" lon="-118.49921999999998"><ele>3014.5106627466157</ele></trkpt><trkpt lat="37.05404" lon="-118.49907000000002"><ele>3015.0</ele></trkpt><trkpt lat="37.05394" lon="-118.49909000000002"><ele>3014.5712035549805</ele></trkpt><trkpt lat="37.05393" lon="-118.49907999999999"><ele>3014.804220444523</ele></trkpt><trkpt lat="37.05392" lon="-118.49903"><ele>3016.740101876363</ele></trkpt><trkpt lat="37.05398" lon="-118.49896000000001"><ele>3018.381829674105</ele></trkpt><trkpt lat="37.05398" lon="-118.49892"><ele>3019.532490666723</ele></trkpt><trkpt lat="37.05391" lon="-118.49885999999998"><ele>3020.896112188559</ele></trkpt><trkpt lat="37.05404" lon="-118.49883999999997"><ele>3022.7932515563443</ele></trkpt><trkpt lat="37.05407" lon="-118.49878000000001"><ele>3025.108534014899</ele></trkpt><trkpt lat="37.05394" lon="-118.49873000000002"><ele>3025.9348608752616</ele></trkpt><trkpt lat="37.05395" lon="-118.49869999999999"><ele>3027.101047007681</ele></trkpt><trkpt lat="37.05404" lon="-118.49871000000002"><ele>3027.8077263765144</ele></trkpt><trkpt lat="37.05404" lon="-118.49869000000001"><ele>3028.691680587296</ele></trkpt><trkpt lat="37.05395" lon="-118.49865999999997"><ele>3028.8529934752733</ele></trkpt><trkpt lat="37.05392" lon="-118.49856"><ele>3031.842197332997</ele></trkpt><trkpt lat="37.05407" lon="-118.49860000000001"><ele>3034.3296788642524</ele></trkpt><trkpt lat="37.05408" lon="-118.49858"><ele>3035.388716702815</ele></trkpt><trkpt lat="37.05405" lon="-118.49853999999999"><ele>3034.9780288536567</ele></trkpt><trkpt lat="37.05405" lon="-118.49853999999999"><ele>3034.9780288536567</ele></trkpt><trkpt lat="37.054" lon="-118.49851000000001"><ele>3034.3033809047192</ele></trkpt><trkpt lat="37.05397" lon="-118.49844999999999"><ele>3036.6078186793834</ele></trkpt><trkpt lat="37.05403" lon="-118.49842999999998"><ele>3038.900981415342</ele></trkpt><trkpt lat="37.05418" lon="-118.49851000000001"><ele>3041.439458687678</ele></trkpt><trkpt lat="37.05429" lon="-118.49846000000002"><ele>3042.2512675551698</ele></trkpt><trkpt lat="37.05436" lon="-118.4984"><ele>3043.6493688884657</ele></trkpt><trkpt lat="37.0546" lon="-118.49833999999998"><ele>3047.6971291045193</ele></trkpt><trkpt lat="37.05475" lon="-118.49847"><ele>3051.0298770780623</ele></trkpt><trkpt lat="37.05477" lon="-118.49844999999999"><ele>3051.910311534296</ele></trkpt><trkpt lat="37.05473" lon="-118.49828000000002"><ele>3054.089216932465</ele></trkpt><trkpt lat="37.05461" lon="-118.49817000000002"><ele>3054.025760898224</ele></trkpt><trkpt lat="37.0545" lon="-118.49817999999999"><ele>3054.5514808888547</ele></trkpt><trkpt lat="37.05448" lon="-118.49815999999998"><ele>3055.6900432237985</ele></trkpt><trkpt lat="37.05462" lon="-118.49808999999999"><ele>3058.9794009635225</ele></trkpt><trkpt lat="37.05457" lon="-118.49804"><ele>3061.331614001698</ele></trkpt><trkpt lat="37.05457" lon="-118.49802"><ele>3062.624262788552</ele></trkpt><trkpt lat="37.05471" lon="-118.49808000000002"><ele>3064.164476993119</ele></trkpt><trkpt lat="37.05467" lon="-118.49799999999999"><ele>3065.654373086573</ele></trkpt><trkpt lat="37.0548" lon="-118.49805000000003"><ele>3072.3507677244984</ele></trkpt><trkpt lat="37.05474" lon="-118.49795"><ele>3071.043110156665</ele></trkpt><trkpt lat="37.05475" lon="-118.49793"><ele>3072.2433694235656</ele></trkpt><trkpt lat="37.05483" lon="-118.49795"><ele>3075.8654806609266</ele></trkpt><trkpt lat="37.05485" lon="-118.49788999999998"><ele>3078.4586227549667</ele></trkpt><trkpt lat="37.05518" lon="-118.49837000000002"><ele>3081.9328994997777</ele></trkpt><trkpt lat="37.05518" lon="-118.49837000000002"><ele>3081.9328994997777</ele></trkpt><trkpt lat="37.05522" lon="-118.49842000000001"><ele>3084.119268265282</ele></trkpt><trkpt lat="37.05518" lon="-118.49829"><ele>3084.469835283076</ele></trkpt><trkpt lat="37.05518" lon="-118.49829"><ele>3084.469835283076</ele></trkpt><trkpt lat="37.05525" lon="-118.49833999999998"><ele>3090.326584133636</ele></trkpt><trkpt lat="37.05519" lon="-118.49815999999998"><ele>3089.3600091971457</ele></trkpt><trkpt lat="37.05526" lon="-118.49826000000002"><ele>3090.672587806359</ele></trkpt><trkpt lat="37.05529" lon="-118.49824999999998"><ele>3093.418276610584</ele></trkpt><trkpt lat="37.05524" lon="-118.49815999999998"><ele>3092.074954713992</ele></trkpt><trkpt lat="37.05518" lon="-118.49784"><ele>3097.572958360087</ele></trkpt><trkpt lat="37.05519702765723" lon="-118.49782554148584"><ele>3098.198532225564</ele></trkpt><trkpt lat="37.05522" lon="-118.49786"><ele>3098.737087707268</ele></trkpt><trkpt lat="37.05523" lon="-118.49781000000002"><ele>3100.486134077888</ele></trkpt><trkpt lat="37.05526" lon="-118.49783000000002"><ele>3101.7719865371473</ele></trkpt><trkpt lat="37.05543" lon="-118.49811"><ele>3110.536046806723</ele></trkpt><trkpt lat="37.05542" lon="-118.49797999999998"><ele>3110.6722945017664</ele></trkpt><trkpt lat="37.05545" lon="-118.49799999999999"><ele>3112.3899073867087</ele></trkpt><trkpt lat="37.05547" lon="-118.49808999999999"><ele>3115.192250253324</ele></trkpt><trkpt lat="37.0555" lon="-118.49808999999999"><ele>3116.2908748242385</ele></trkpt><trkpt lat="37.0555" lon="-118.49793"><ele>3116.87036052004</ele></trkpt><trkpt lat="37.05552" lon="-118.49790000000002"><ele>3117.665512923373</ele></trkpt><trkpt lat="37.0556" lon="-118.49797999999998"><ele>3120.4975101313944</ele></trkpt><trkpt lat="37.05561" lon="-118.49793999999997"><ele>3120.1396894594654</ele></trkpt><trkpt lat="37.05569" lon="-118.49793999999997"><ele>3122.175071813881</ele></trkpt><trkpt lat="37.05572" lon="-118.49790999999999"><ele>3123.0236194610493</ele></trkpt><trkpt lat="37.05571" lon="-118.49784999999997"><ele>3123.524813600816</ele></trkpt><trkpt lat="37.05569" lon="-118.49783000000002"><ele>3123.9313315548934</ele></trkpt><trkpt lat="37.05569" lon="-118.49779999999998"><ele>3124.630382222589</ele></trkpt><trkpt lat="37.05572" lon="-118.49779000000001"><ele>3125.2148977818433</ele></trkpt><trkpt lat="37.05571" lon="-118.49775"><ele>3125.8549824892543</ele></trkpt><trkpt lat="37.05552" lon="-118.49774000000002"><ele>3125.0854506641626</ele></trkpt><trkpt lat="37.05551" lon="-118.49769000000003"><ele>3128.387135998346</ele></trkpt><trkpt lat="37.05541" lon="-118.49763999999999"><ele>3127.5684408392804</ele></trkpt><trkpt lat="37.05533" lon="-118.49754000000001"><ele>3127.9530547070885</ele></trkpt><trkpt lat="37.0553" lon="-118.49725000000001"><ele>3127.7790575176928</ele></trkpt><trkpt lat="37.05518" lon="-118.49718999999999"><ele>3126.6888248887844</ele></trkpt><trkpt lat="37.05518" lon="-118.49718999999999"><ele>3126.6888248887844</ele></trkpt><trkpt lat="37.05515" lon="-118.49716999999998"><ele>3127.109467327336</ele></trkpt><trkpt lat="37.05499" lon="-118.49720000000002"><ele>3128.6113955550827</ele></trkpt><trkpt lat="37.05471" lon="-118.49738000000002"><ele>3127.555666211061</ele></trkpt><trkpt lat="37.05469" lon="-118.49738000000002"><ele>3128.139624096453</ele></trkpt><trkpt lat="37.05466" lon="-118.49730999999997"><ele>3130.048209778266</ele></trkpt><trkpt lat="37.05463" lon="-118.49730999999997"><ele>3130.048209778266</ele></trkpt><trkpt lat="37.05455" lon="-118.49723"><ele>3132.0</ele></trkpt><trkpt lat="37.05454" lon="-118.49716000000001"><ele>3133.0</ele></trkpt><trkpt lat="37.05457" lon="-118.49706000000003"><ele>3134.8736319993623</ele></trkpt><trkpt lat="37.05476" lon="-118.49687"><ele>3139.525571217053</ele></trkpt><trkpt lat="37.05478" lon="-118.49673000000001"><ele>3140.8519333823915</ele></trkpt><trkpt lat="37.05483" lon="-118.49664999999999"><ele>3142.604427021267</ele></trkpt><trkpt lat="37.05496" lon="-118.49648000000002"><ele>3141.642980341765</ele></trkpt><trkpt lat="37.05502" lon="-118.49644"><ele>3143.2121919659608</ele></trkpt><trkpt lat="37.05505" lon="-118.4964"><ele>3143.378116249249</ele></trkpt><trkpt lat="37.05502" lon="-118.49622"><ele>3143.0</ele></trkpt><trkpt lat="37.05518" lon="-118.49586999999997"><ele>3144.352232033439</ele></trkpt><trkpt lat="37.05518" lon="-118.49586999999997"><ele>3144.352232033439</ele></trkpt><trkpt lat="37.0553" lon="-118.49571000000003"><ele>3146.059048479224</ele></trkpt><trkpt lat="37.05561" lon="-118.49563"><ele>3149.3074905447743</ele></trkpt><trkpt lat="37.05605" lon="-118.49522999999999"><ele>3155.9932720054503</ele></trkpt><trkpt lat="37.05611" lon="-118.49527"><ele>3158.477719509974</ele></trkpt><trkpt lat="37.05608" lon="-118.49541999999997"><ele>3160.6982225477022</ele></trkpt><trkpt lat="37.05611" lon="-118.49541999999997"><ele>3162.3009159532376</ele></trkpt><trkpt lat="37.05618" lon="-118.49536"><ele>3163.9944366662153</ele></trkpt><trkpt lat="37.0562" lon="-118.49523999999997"><ele>3162.733441248536</ele></trkpt><trkpt lat="37.05625" lon="-118.49523999999997"><ele>3164.8266446767375</ele></trkpt><trkpt lat="37.05626" lon="-118.49531999999999"><ele>3167.331143141452</ele></trkpt><trkpt lat="37.0563" lon="-118.49523999999997"><ele>3167.2094186944787</ele></trkpt><trkpt lat="37.05639" lon="-118.49522999999999"><ele>3171.21151534663</ele></trkpt><trkpt lat="37.05648" lon="-118.49509999999998"><ele>3169.7018391171086</ele></trkpt><trkpt lat="37.05658" lon="-118.49507"><ele>3171.218174659414</ele></trkpt><trkpt lat="37.05699" lon="-118.49473999999998"><ele>3173.5000829054043</ele></trkpt><trkpt lat="37.05699" lon="-118.49464999999998"><ele>3171.402930905344</ele></trkpt><trkpt lat="37.05695" lon="-118.49459999999999"><ele>3170.0520170749724</ele></trkpt><trkpt lat="37.05688" lon="-118.49459000000002"><ele>3166.332725923736</ele></trkpt><trkpt lat="37.05686" lon="-118.49454000000003"><ele>3166.869479149347</ele></trkpt><trkpt lat="37.05687" lon="-118.49448999999998"><ele>3167.8595656957477</ele></trkpt><trkpt lat="37.05694" lon="-118.49439999999998"><ele>3171.208835623227</ele></trkpt><trkpt lat="37.0569" lon="-118.49424999999997"><ele>3170.068256926389</ele></trkpt><trkpt lat="37.05719" lon="-118.49403000000001"><ele>3175.6528653797095</ele></trkpt><trkpt lat="37.0573" lon="-118.49383999999998"><ele>3176.046066762774</ele></trkpt><trkpt lat="37.0573" lon="-118.49374"><ele>3177.1141549536214</ele></trkpt><trkpt lat="37.05737" lon="-118.49354"><ele>3177.5291955722496</ele></trkpt><trkpt lat="37.05742" lon="-118.49349000000001"><ele>3177.929139455967</ele></trkpt><trkpt lat="37.05746" lon="-118.49326000000002"><ele>3179.602270229707</ele></trkpt><trkpt lat="37.05751" lon="-118.49326000000002"><ele>3180.83914125526</ele></trkpt><trkpt lat="37.05767" lon="-118.49311999999998"><ele>3182.6066031618975</ele></trkpt><trkpt lat="37.0577" lon="-118.49313000000001"><ele>3183.7896581836717</ele></trkpt><trkpt lat="37.05773" lon="-118.49320999999998"><ele>3185.0408323043957</ele></trkpt><trkpt lat="37.05782" lon="-118.49322000000001"><ele>3188.7499030159074</ele></trkpt><trkpt lat="37.05793" lon="-118.49311"><ele>3190.0298290163087</ele></trkpt><trkpt lat="37.05818" lon="-118.49297999999999"><ele>3193.2459364829256</ele></trkpt><trkpt lat="37.05844" lon="-118.49270000000001"><ele>3196.4100745756746</ele></trkpt><trkpt lat="37.05849" lon="-118.49266999999998"><ele>3196.8709790158896</ele></trkpt><trkpt lat="37.05864" lon="-118.49270999999999"><ele>3200.3761577547994</ele></trkpt><trkpt lat="37.05866" lon="-118.49304999999998"><ele>3201.0</ele></trkpt><trkpt lat="37.05873" lon="-118.49304000000001"><ele>3202.6936635843012</ele></trkpt><trkpt lat="37.05878" lon="-118.49301000000003"><ele>3203.528213098165</ele></trkpt><trkpt lat="37.05903" lon="-118.49261999999999"><ele>3206.0</ele></trkpt><trkpt lat="37.05921" lon="-118.49241"><ele>3204.2272912169074</ele></trkpt><trkpt lat="37.05936" lon="-118.49237"><ele>3208.0122606613777</ele></trkpt><trkpt lat="37.05937" lon="-118.49245000000002"><ele>3212.044555224711</ele></trkpt><trkpt lat="37.05947" lon="-118.49239"><ele>3212.155260504922</ele></trkpt><trkpt lat="37.05971" lon="-118.49239"><ele>3219.1632067484315</ele></trkpt><trkpt lat="37.05983" lon="-118.49221999999997"><ele>3221.705901070265</ele></trkpt><trkpt lat="37.05993" lon="-118.49216000000001"><ele>3219.910703228098</ele></trkpt><trkpt lat="37.06009" lon="-118.49201"><ele>3221.0</ele></trkpt><trkpt lat="37.06011" lon="-118.49176"><ele>3220.7086812585267</ele></trkpt><trkpt lat="37.06014" lon="-118.49171000000001"><ele>3221.0</ele></trkpt><trkpt lat="37.06025" lon="-118.49171000000001"><ele>3221.537667555269</ele></trkpt><trkpt lat="37.06034" lon="-118.49158999999997"><ele>3223.0</ele></trkpt><trkpt lat="37.06064" lon="-118.49142999999998"><ele>3225.000728717386</ele></trkpt><trkpt lat="37.06069" lon="-118.49135999999999"><ele>3226.0</ele></trkpt><trkpt lat="37.06073" lon="-118.49124"><ele>3226.63974471204</ele></trkpt><trkpt lat="37.06061" lon="-118.49103000000002"><ele>3226.0</ele></trkpt><trkpt lat="37.06057" lon="-118.49088"><ele>3226.0</ele></trkpt><trkpt lat="37.06055" lon="-118.49072000000001"><ele>3226.0</ele></trkpt><trkpt lat="37.06047" lon="-118.49056999999999"><ele>3226.952298119664</ele></trkpt><trkpt lat="37.06045" lon="-118.49047999999999"><ele>3226.6284582750595</ele></trkpt><trkpt lat="37.06052" lon="-118.49009999999998"><ele>3228.0</ele></trkpt><trkpt lat="37.06053" lon="-118.48986000000002"><ele>3228.0</ele></trkpt><trkpt lat="37.06059" lon="-118.48977000000002"><ele>3228.0</ele></trkpt><trkpt lat="37.0606" lon="-118.48971"><ele>3228.0</ele></trkpt><trkpt lat="37.06037" lon="-118.48917"><ele>3230.0</ele></trkpt><trkpt lat="37.06033" lon="-118.48901000000001"><ele>3229.0</ele></trkpt><trkpt lat="37.06026" lon="-118.48903000000001"><ele>3229.0</ele></trkpt><trkpt lat="37.06026" lon="-118.48903000000001"><ele>3229.0</ele></trkpt><trkpt lat="37.06014" lon="-118.48879"><ele>3229.2382005660247</ele></trkpt><trkpt lat="37.06012" lon="-118.4887"><ele>3229.0</ele></trkpt><trkpt lat="37.06015" lon="-118.48838999999998"><ele>3230.632805987349</ele></trkpt><trkpt lat="37.0602" lon="-118.48815000000002"><ele>3231.1636849390343</ele></trkpt><trkpt lat="37.06019" lon="-118.48804999999999"><ele>3231.9771405136844</ele></trkpt><trkpt lat="37.06011" lon="-118.48777999999999"><ele>3230.5356855280697</ele></trkpt><trkpt lat="37.0601" lon="-118.48766"><ele>3230.465319848907</ele></trkpt><trkpt lat="37.06018" lon="-118.48712"><ele>3229.8739214706698</ele></trkpt><trkpt lat="37.06016" lon="-118.48698000000002"><ele>3228.9956848155707</ele></trkpt><trkpt lat="37.06025" lon="-118.48667999999998"><ele>3230.502209252212</ele></trkpt><trkpt lat="37.06029" lon="-118.48633999999998"><ele>3230.6525895075874</ele></trkpt><trkpt lat="37.06031" lon="-118.48606000000001"><ele>3230.3756884541363</ele></trkpt><trkpt lat="37.06028" lon="-118.48545999999999"><ele>3232.5862443763663</ele></trkpt><trkpt lat="37.06032" lon="-118.48523999999998"><ele>3237.2031030800085</ele></trkpt><trkpt lat="37.06029" lon="-118.48509000000001"><ele>3237.3750624069944</ele></trkpt><trkpt lat="37.06034" lon="-118.48487"><ele>3239.4245999974664</ele></trkpt><trkpt lat="37.06038" lon="-118.48477000000003"><ele>3241.6710815597326</ele></trkpt><trkpt lat="37.06045" lon="-118.48469999999998"><ele>3245.927399326116</ele></trkpt><trkpt lat="37.06048" lon="-118.48473000000001"><ele>3247.9567885754877</ele></trkpt><trkpt lat="37.06047" lon="-118.48489999999998"><ele>3247.836130864748</ele></trkpt><trkpt lat="37.06054" lon="-118.48498999999998"><ele>3250.1948871104078</ele></trkpt><trkpt lat="37.06057" lon="-118.48514999999998"><ele>3250.33217721642</ele></trkpt><trkpt lat="37.0606" lon="-118.48516000000001"><ele>3251.713027768704</ele></trkpt><trkpt lat="37.0606" lon="-118.48505999999998"><ele>3252.687440086156</ele></trkpt><trkpt lat="37.06064" lon="-118.48513000000003"><ele>3256.3581368714413</ele></trkpt><trkpt lat="37.06067" lon="-118.48507000000001"><ele>3260.124090415691</ele></trkpt><trkpt lat="37.06064" lon="-118.48448000000002"><ele>3261.0322279911716</ele></trkpt><trkpt lat="37.06057" lon="-118.48426999999998"><ele>3262.837663438637</ele></trkpt><trkpt lat="37.06058" lon="-118.48401999999999"><ele>3265.4294639164636</ele></trkpt><trkpt lat="37.06047" lon="-118.48372"><ele>3266.4497677683457</ele></trkpt><trkpt lat="37.06048" lon="-118.48367999999999"><ele>3267.4417697700533</ele></trkpt><trkpt lat="37.06046" lon="-118.48336"><ele>3269.537485280697</ele></trkpt><trkpt lat="37.06044" lon="-118.48329999999999"><ele>3269.6765697232913</ele></trkpt><trkpt lat="37.06038" lon="-118.48327"><ele>3268.161645221214</ele></trkpt><trkpt lat="37.06035" lon="-118.48320999999999"><ele>3269.145713998936</ele></trkpt><trkpt lat="37.06025" lon="-118.48311000000001"><ele>3266.530360857094</ele></trkpt><trkpt lat="37.06007" lon="-118.4828"><ele>3267.523402345134</ele></trkpt><trkpt lat="37.06001" lon="-118.48256000000003"><ele>3270.460610427809</ele></trkpt><trkpt lat="37.0599" lon="-118.48228"><ele>3273.0</ele></trkpt><trkpt lat="37.05974" lon="-118.48214999999999"><ele>3272.2208430632654</ele></trkpt><trkpt lat="37.05965" lon="-118.48198000000002"><ele>3272.0272933084034</ele></trkpt><trkpt lat="37.05958" lon="-118.4819"><ele>3271.1869877816644</ele></trkpt><trkpt lat="37.05932" lon="-118.48176000000001"><ele>3267.8572964707855</ele></trkpt><trkpt lat="37.05928" lon="-118.48163"><ele>3269.018367344979</ele></trkpt><trkpt lat="37.05921" lon="-118.48154999999997"><ele>3268.538689535577</ele></trkpt><trkpt lat="37.05918" lon="-118.48136999999997"><ele>3270.6757552101335</ele></trkpt><trkpt lat="37.05903" lon="-118.48111"><ele>3271.535377016058</ele></trkpt><trkpt lat="37.05895" lon="-118.48077"><ele>3273.940037423453</ele></trkpt><trkpt lat="37.05874" lon="-118.48034999999999"><ele>3274.9556634152004</ele></trkpt><trkpt lat="37.05872" lon="-118.47998999999999"><ele>3277.9809731560476</ele></trkpt><trkpt lat="37.05867" lon="-118.47991000000002"><ele>3277.9857153513003</ele></trkpt><trkpt lat="37.05861" lon="-118.47962000000001"><ele>3278.187782815173</ele></trkpt><trkpt lat="37.05843" lon="-118.47942999999998"><ele>3278.834937043136</ele></trkpt><trkpt lat="37.05821" lon="-118.47931"><ele>3277.0564255304635</ele></trkpt><trkpt lat="37.05799" lon="-118.47910999999999"><ele>3277.6836501612925</ele></trkpt><trkpt lat="37.05798" lon="-118.47906"><ele>3278.0</ele></trkpt><trkpt lat="37.05795" lon="-118.47905000000003"><ele>3277.7521521130416</ele></trkpt><trkpt lat="37.05795" lon="-118.47895"><ele>3278.4029396107035</ele></trkpt><trkpt lat="37.05785" lon="-118.47879999999998"><ele>3279.7097473134195</ele></trkpt><trkpt lat="37.05777" lon="-118.4785"><ele>3279.770567818312</ele></trkpt><trkpt lat="37.05761" lon="-118.47843"><ele>3277.5295834714634</ele></trkpt><trkpt lat="37.05736" lon="-118.47821999999996"><ele>3276.0</ele></trkpt><trkpt lat="37.05727" lon="-118.47800000000001"><ele>3275.6131275536027</ele></trkpt><trkpt lat="37.05734" lon="-118.47800000000001"><ele>3276.657050317852</ele></trkpt><trkpt lat="37.05736" lon="-118.47797000000003"><ele>3278.177285638638</ele></trkpt><trkpt lat="37.05721" lon="-118.47780999999998"><ele>3279.2885161451995</ele></trkpt><trkpt lat="37.05709" lon="-118.47757999999999"><ele>3278.279462861338</ele></trkpt><trkpt lat="37.05703" lon="-118.47739000000001"><ele>3279.6015844531357</ele></trkpt><trkpt lat="37.05697" lon="-118.47733"><ele>3278.523349868201</ele></trkpt><trkpt lat="37.05674" lon="-118.47694000000001"><ele>3280.6093626447137</ele></trkpt><trkpt lat="37.0566" lon="-118.47685000000001"><ele>3283.944667296879</ele></trkpt><trkpt lat="37.05652" lon="-118.47672"><ele>3285.2897488186136</ele></trkpt><trkpt lat="37.05649" lon="-118.47656"><ele>3286.092506343056</ele></trkpt><trkpt lat="37.05649" lon="-118.47656"><ele>3286.092506343056</ele></trkpt><trkpt lat="37.0565" lon="-118.47651000000002"><ele>3286.6319959171556</ele></trkpt><trkpt lat="37.05654" lon="-118.47649999999999"><ele>3286.281381944341</ele></trkpt><trkpt lat="37.05653" lon="-118.47645"><ele>3287.123677147785</ele></trkpt><trkpt lat="37.05657" lon="-118.47643"><ele>3288.6874508818596</ele></trkpt><trkpt lat="37.05654" lon="-118.47633000000002"><ele>3291.8352853325196</ele></trkpt><trkpt lat="37.05655" lon="-118.47620999999998"><ele>3294.1276361418422</ele></trkpt><trkpt lat="37.05654" lon="-118.47617000000002"><ele>3294.895819374515</ele></trkpt><trkpt lat="37.05647" lon="-118.47611"><ele>3296.7166815691835</ele></trkpt><trkpt lat="37.05644" lon="-118.47600999999997"><ele>3296.7657161555394</ele></trkpt><trkpt lat="37.05614" lon="-118.47577999999999"><ele>3297.4510093520757</ele></trkpt><trkpt lat="37.05603" lon="-118.47561000000002"><ele>3297.0</ele></trkpt><trkpt lat="37.05597" lon="-118.47543999999999"><ele>3298.0</ele></trkpt><trkpt lat="37.05594" lon="-118.47504000000004"><ele>3302.9768213324714</ele></trkpt><trkpt lat="37.05581" lon="-118.47480999999999"><ele>3304.3292657123784</ele></trkpt><trkpt lat="37.05568" lon="-118.47433999999998"><ele>3305.4187029703153</ele></trkpt><trkpt lat="37.05558" lon="-118.47424000000001"><ele>3305.0</ele></trkpt><trkpt lat="37.05552" lon="-118.47411"><ele>3306.316025037793</ele></trkpt><trkpt lat="37.05518" lon="-118.47363999999999"><ele>3306.5844799447805</ele></trkpt><trkpt lat="37.05518" lon="-118.47363999999999"><ele>3306.5844799447805</ele></trkpt><trkpt lat="37.05511" lon="-118.47356000000002"><ele>3306.0</ele></trkpt><trkpt lat="37.05507" lon="-118.47356000000002"><ele>3305.709355836802</ele></trkpt><trkpt lat="37.0549" lon="-118.47334999999998"><ele>3303.0</ele></trkpt><trkpt lat="37.0548" lon="-118.47327999999999"><ele>3301.4954722080083</ele></trkpt><trkpt lat="37.05473" lon="-118.47316000000001"><ele>3301.56518254435</ele></trkpt><trkpt lat="37.05461" lon="-118.47312"><ele>3301.0417913144233</ele></trkpt><trkpt lat="37.05458" lon="-118.47307"><ele>3301.99219123359</ele></trkpt><trkpt lat="37.05453" lon="-118.47307999999998"><ele>3302.0</ele></trkpt><trkpt lat="37.05448" lon="-118.47298999999998"><ele>3303.0</ele></trkpt><trkpt lat="37.05442" lon="-118.47300000000001"><ele>3303.5122666661628</ele></trkpt><trkpt lat="37.05431" lon="-118.47289999999998"><ele>3303.1535733825285</ele></trkpt><trkpt lat="37.05408" lon="-118.47258999999997"><ele>3302.5019935965893</ele></trkpt><trkpt lat="37.05397" lon="-118.47255999999999"><ele>3302.765009778086</ele></trkpt><trkpt lat="37.05394" lon="-118.47258"><ele>3301.678133881185</ele></trkpt><trkpt lat="37.05386" lon="-118.47258"><ele>3301.2685859312337</ele></trkpt><trkpt lat="37.05381" lon="-118.47262999999998"><ele>3301.3607576416334</ele></trkpt><trkpt lat="37.05372" lon="-118.47262999999998"><ele>3302.0</ele></trkpt><trkpt lat="37.05357" lon="-118.47244"><ele>3303.0</ele></trkpt><trkpt lat="37.05355" lon="-118.47237999999999"><ele>3303.0075570584177</ele></trkpt><trkpt lat="37.05344" lon="-118.47239000000002"><ele>3303.7804050669074</ele></trkpt><trkpt lat="37.05327" lon="-118.47226"><ele>3303.7555164441</ele></trkpt><trkpt lat="37.0531" lon="-118.47199"><ele>3306.046972444514</ele></trkpt><trkpt lat="37.05306" lon="-118.47188"><ele>3308.0283711985894</ele></trkpt><trkpt lat="37.05295" lon="-118.47176000000002"><ele>3308.598862425077</ele></trkpt><trkpt lat="37.05224" lon="-118.47127999999998"><ele>3305.486425927893</ele></trkpt><trkpt lat="37.05208" lon="-118.47114999999997"><ele>3306.044844374235</ele></trkpt><trkpt lat="37.05201" lon="-118.47104000000002"><ele>3307.0</ele></trkpt><trkpt lat="37.05186" lon="-118.47093999999998"><ele>3307.0</ele></trkpt><trkpt lat="37.0518" lon="-118.47086999999999"><ele>3307.042034982238</ele></trkpt><trkpt lat="37.05168" lon="-118.47084999999998"><ele>3306.6108977780677</ele></trkpt><trkpt lat="37.05163" lon="-118.47069999999997"><ele>3310.0991158622633</ele></trkpt><trkpt lat="37.0516" lon="-118.47046999999998"><ele>3312.49644365233</ele></trkpt><trkpt lat="37.05155" lon="-118.47041999999999"><ele>3312.2286123868544</ele></trkpt><trkpt lat="37.05135" lon="-118.47032999999999"><ele>3312.7277760000434</ele></trkpt><trkpt lat="37.05117" lon="-118.47028999999998"><ele>3312.6598435561173</ele></trkpt><trkpt lat="37.05104" lon="-118.47030000000001"><ele>3313.426826666342</ele></trkpt><trkpt lat="37.05097" lon="-118.47014999999999"><ele>3314.586057363078</ele></trkpt><trkpt lat="37.05066" lon="-118.47003999999998"><ele>3313.098359282827</ele></trkpt><trkpt lat="37.05055" lon="-118.47005999999999"><ele>3311.038463999983</ele></trkpt><trkpt lat="37.05018" lon="-118.46991000000003"><ele>3308.6278653321788</ele></trkpt><trkpt lat="37.05010800114451" lon="-118.46986800066765"><ele>3308.483087318018</ele></trkpt><trkpt lat="37.050110674674386" lon="-118.46986956021323"><ele>3308.488463948015</ele></trkpt><trkpt lat="37.05006" lon="-118.46983999999998"><ele>3308.240962361684</ele></trkpt><trkpt lat="37.04992" lon="-118.46980000000002"><ele>3307.0861925814515</ele></trkpt><trkpt lat="37.04992" lon="-118.46983999999998"><ele>3305.3058703848374</ele></trkpt><trkpt lat="37.04995" lon="-118.46987000000001"><ele>3305.171553499868</ele></trkpt><trkpt lat="37.04993" lon="-118.46989000000002"><ele>3303.280386983417</ele></trkpt><trkpt lat="37.04948" lon="-118.46962000000002"><ele>3301.161680234596</ele></trkpt><trkpt lat="37.04915" lon="-118.46933000000001"><ele>3302.0294648883864</ele></trkpt><trkpt lat="37.04891" lon="-118.46926000000002"><ele>3305.837109665402</ele></trkpt><trkpt lat="37.04874" lon="-118.46924999999999"><ele>3308.396016772665</ele></trkpt><trkpt lat="37.04867" lon="-118.46919000000003"><ele>3310.0</ele></trkpt><trkpt lat="37.04861" lon="-118.46918"><ele>3310.1251951390977</ele></trkpt><trkpt lat="37.04856" lon="-118.46913999999998"><ele>3311.456785778282</ele></trkpt><trkpt lat="37.04852" lon="-118.46904999999998"><ele>3312.94031377481</ele></trkpt><trkpt lat="37.04844" lon="-118.46897999999999"><ele>3314.0</ele></trkpt><trkpt lat="37.0483" lon="-118.46893999999998"><ele>3316.0</ele></trkpt><trkpt lat="37.04831" lon="-118.46886999999998"><ele>3315.9993059216226</ele></trkpt><trkpt lat="37.04828" lon="-118.46884999999997"><ele>3316.9002962670365</ele></trkpt><trkpt lat="37.0483" lon="-118.46881000000002"><ele>3317.1040210614565</ele></trkpt><trkpt lat="37.04846" lon="-118.46874000000003"><ele>3319.074511145907</ele></trkpt><trkpt lat="37.04845" lon="-118.46870999999999"><ele>3319.523689641082</ele></trkpt><trkpt lat="37.04836" lon="-118.46866"><ele>3320.641596444417</ele></trkpt><trkpt lat="37.04799" lon="-118.46863000000002"><ele>3323.0</ele></trkpt><trkpt lat="37.0479" lon="-118.46857999999997"><ele>3323.983856932987</ele></trkpt><trkpt lat="37.04769" lon="-118.46857"><ele>3324.738748444477</ele></trkpt><trkpt lat="37.04753" lon="-118.46850999999998"><ele>3325.8011009161337</ele></trkpt><trkpt lat="37.04744" lon="-118.46852000000001"><ele>3326.942023421829</ele></trkpt><trkpt lat="37.04732" lon="-118.46841999999998"><ele>3328.257276497444</ele></trkpt><trkpt lat="37.04739" lon="-118.46839"><ele>3328.933052444365</ele></trkpt><trkpt lat="37.04718" lon="-118.46823"><ele>3332.661322666565</ele></trkpt><trkpt lat="37.04688" lon="-118.46823"><ele>3335.661322666565</ele></trkpt><trkpt lat="37.04677" lon="-118.46814"><ele>3338.9897975563927</ele></trkpt><trkpt lat="37.04667" lon="-118.46818000000002"><ele>3339.978689862237</ele></trkpt><trkpt lat="37.04635" lon="-118.46821"><ele>3340.0</ele></trkpt><trkpt lat="37.04626" lon="-118.46814999999998"><ele>3341.0</ele></trkpt><trkpt lat="37.04616" lon="-118.46814999999998"><ele>3341.8892139961636</ele></trkpt><trkpt lat="37.04587" lon="-118.46823"><ele>3343.8942844069097</ele></trkpt><trkpt lat="37.04547" lon="-118.46814999999998"><ele>3347.478550132839</ele></trkpt><trkpt lat="37.04543" lon="-118.46811000000002"><ele>3349.0</ele></trkpt><trkpt lat="37.04528" lon="-118.46803"><ele>3351.6321013777147</ele></trkpt><trkpt lat="37.04517" lon="-118.46803"><ele>3352.7754802657846</ele></trkpt><trkpt lat="37.04527" lon="-118.46780999999999"><ele>3356.335840740971</ele></trkpt><trkpt lat="37.04526" lon="-118.46778999999998"><ele>3356.9140657780226</ele></trkpt><trkpt lat="37.04512" lon="-118.46775000000002"><ele>3357.8461333329324</ele></trkpt><trkpt lat="37.04501" lon="-118.46767999999997"><ele>3359.817338860128</ele></trkpt><trkpt lat="37.04502" lon="-118.46758"><ele>3361.816692306035</ele></trkpt><trkpt lat="37.04498" lon="-118.46751999999998"><ele>3363.0</ele></trkpt><trkpt lat="37.04493" lon="-118.46751999999998"><ele>3363.6756194066256</ele></trkpt><trkpt lat="37.04494" lon="-118.46746000000002"><ele>3363.755704213993</ele></trkpt><trkpt lat="37.04491" lon="-118.46746000000002"><ele>3364.259502047673</ele></trkpt><trkpt lat="37.04487" lon="-118.46739000000002"><ele>3365.234741332708</ele></trkpt><trkpt lat="37.04485" lon="-118.46724"><ele>3366.7330049691705</ele></trkpt><trkpt lat="37.04487" lon="-118.46717000000001"><ele>3367.3611128886696</ele></trkpt><trkpt lat="37.04487" lon="-118.46706"><ele>3368.3949221970015</ele></trkpt><trkpt lat="37.04474" lon="-118.46692999999999"><ele>3371.2121561715153</ele></trkpt><trkpt lat="37.04465" lon="-118.46692000000002"><ele>3372.158547827644</ele></trkpt><trkpt lat="37.04457" lon="-118.46683999999999"><ele>3374.0506702223793</ele></trkpt><trkpt lat="37.04457" lon="-118.46677999999997"><ele>3375.448771556141</ele></trkpt><trkpt lat="37.0445" lon="-118.46665999999999"><ele>3377.4179221572776</ele></trkpt><trkpt lat="37.04433" lon="-118.46656999999999"><ele>3378.8736673634376</ele></trkpt><trkpt lat="37.04411" lon="-118.46652"><ele>3379.0</ele></trkpt><trkpt lat="37.04406" lon="-118.46647000000002"><ele>3379.696667211249</ele></trkpt><trkpt lat="37.04392" lon="-118.46647000000002"><ele>3381.1615005163476</ele></trkpt><trkpt lat="37.04387" lon="-118.46629000000001"><ele>3383.8665991108865</ele></trkpt><trkpt lat="37.04382" lon="-118.46626000000003"><ele>3384.5656497769523</ele></trkpt><trkpt lat="37.0437" lon="-118.46627000000001"><ele>3385.332632888574</ele></trkpt><trkpt lat="37.04368" lon="-118.46618999999998"><ele>3387.331702009546</ele></trkpt><trkpt lat="37.04345" lon="-118.46613000000002"><ele>3390.5948693328537</ele></trkpt><trkpt lat="37.0434" lon="-118.46607"><ele>3391.9929706663825</ele></trkpt><trkpt lat="37.04338" lon="-118.46600999999998"><ele>3392.391072000144</ele></trkpt><trkpt lat="37.04315" lon="-118.46586000000002"><ele>3395.0</ele></trkpt><trkpt lat="37.04305" lon="-118.46575999999999"><ele>3396.655191086419</ele></trkpt><trkpt lat="37.04297" lon="-118.46575000000001"><ele>3396.44951111055</ele></trkpt><trkpt lat="37.04276" lon="-118.46553"><ele>3399.9889776727878</ele></trkpt><trkpt lat="37.04257" lon="-118.46551999999997"><ele>3399.808899556054</ele></trkpt><trkpt lat="37.04219" lon="-118.46544"><ele>3402.6730346665718</ele></trkpt><trkpt lat="37.04207" lon="-118.46537999999998"><ele>3403.8427662811023</ele></trkpt><trkpt lat="37.042" lon="-118.46530000000001"><ele>3404.9352711108513</ele></trkpt><trkpt lat="37.04181" lon="-118.46515999999997"><ele>3406.197507556295</ele></trkpt><trkpt lat="37.04164" lon="-118.46510999999998"><ele>3408.3625920002814</ele></trkpt><trkpt lat="37.04135" lon="-118.4651"><ele>3409.595608888427</ele></trkpt><trkpt lat="37.04104" lon="-118.46506"><ele>3411.6532098568623</ele></trkpt><trkpt lat="37.04095" lon="-118.46510999999998"><ele>3410.6763191082755</ele></trkpt><trkpt lat="37.04081" lon="-118.4651"><ele>3412.9806682802205</ele></trkpt><trkpt lat="37.04061" lon="-118.46517"><ele>3412.9644906667527</ele></trkpt><trkpt lat="37.04047" lon="-118.46526"><ele>3413.7612117975414</ele></trkpt><trkpt lat="37.03993" lon="-118.46530000000001"><ele>3415.9352711108513</ele></trkpt><trkpt lat="37.03965" lon="-118.46528"><ele>3418.401304888539</ele></trkpt><trkpt lat="37.03953" lon="-118.46523000000002"><ele>3420.566389332991</ele></trkpt><trkpt lat="37.03949" lon="-118.46517"><ele>3421.94723211607</ele></trkpt><trkpt lat="37.03943" lon="-118.46517"><ele>3420.2291152642397</ele></trkpt><trkpt lat="37.03898" lon="-118.46518000000003"><ele>3424.0</ele></trkpt><trkpt lat="37.03843" lon="-118.46530000000001"><ele>3427.898335463393</ele></trkpt><trkpt lat="37.0383" lon="-118.46527000000003"><ele>3430.2686435538344</ele></trkpt><trkpt lat="37.03827" lon="-118.46518000000003"><ele>3432.831509940792</ele></trkpt><trkpt lat="37.03827" lon="-118.46501"><ele>3435.692760888487</ele></trkpt><trkpt lat="37.03823" lon="-118.46499"><ele>3436.1587946666405</ele></trkpt><trkpt lat="37.03806" lon="-118.46499"><ele>3439.036563810689</ele></trkpt><trkpt lat="37.03782" lon="-118.46494000000001"><ele>3443.323879110627</ele></trkpt><trkpt lat="37.03779" lon="-118.46488"><ele>3444.7219804443885</ele></trkpt><trkpt lat="37.03764" lon="-118.46492"><ele>3445.682905459902</ele></trkpt><trkpt lat="37.03764" lon="-118.46492"><ele>3445.682905459902</ele></trkpt><trkpt lat="37.03748" lon="-118.4649"><ele>3446.5118933334015</ele></trkpt><trkpt lat="37.03742" lon="-118.46485000000001"><ele>3448.421031110687</ele></trkpt><trkpt lat="37.03733" lon="-118.46485999999999"><ele>3447.376028444618</ele></trkpt><trkpt lat="37.03696" lon="-118.46467999999999"><ele>3457.1302441565763</ele></trkpt><trkpt lat="37.03669" lon="-118.46460000000002"><ele>3464.3012262915163</ele></trkpt><trkpt lat="37.03636" lon="-118.46455000000003"><ele>3470.6783186593093</ele></trkpt><trkpt lat="37.03582" lon="-118.46440999999999"><ele>3481.3475484447554</ele></trkpt><trkpt lat="37.03597" lon="-118.46440000000001"><ele>3481.053223959636</ele></trkpt><trkpt lat="37.03643" lon="-118.46407999999997"><ele>3488.7266631121747</ele></trkpt><trkpt lat="37.03667" lon="-118.46397999999999"><ele>3492.193064909894</ele></trkpt><trkpt lat="37.03666" lon="-118.46395999999999"><ele>3493.3190684453584</ele></trkpt><trkpt lat="37.03641" lon="-118.46398999999997"><ele>3493.59493764396</ele></trkpt><trkpt lat="37.03617" lon="-118.46392000000003"><ele>3498.639523490043</ele></trkpt><trkpt lat="37.03586" lon="-118.46393"><ele>3503.2454764574086</ele></trkpt><trkpt lat="37.03551" lon="-118.46386999999999"><ele>3507.2660859376538</ele></trkpt><trkpt lat="37.03533" lon="-118.46379999999999"><ele>3509.8878044444136</ele></trkpt><trkpt lat="37.035" lon="-118.46361000000002"><ele>3516.3151253329124</ele></trkpt><trkpt lat="37.03521" lon="-118.46355"><ele>3519.591504092009</ele></trkpt><trkpt lat="37.03521" lon="-118.46350999999999"><ele>3520.37139541371</ele></trkpt><trkpt lat="37.03511" lon="-118.46348999999998"><ele>3520.111328000203</ele></trkpt><trkpt lat="37.03511" lon="-118.46344999999997"><ele>3521.0433955562767</ele></trkpt><trkpt lat="37.03507" lon="-118.46344999999997"><ele>3521.0433955562767</ele></trkpt><trkpt lat="37.035" lon="-118.46338000000003"><ele>3522.6745137767866</ele></trkpt><trkpt lat="37.03483" lon="-118.46325000000002"><ele>3524.703733332921</ele></trkpt><trkpt lat="37.03481" lon="-118.46314999999998"><ele>3527.0304921884044</ele></trkpt><trkpt lat="37.03494" lon="-118.4631"><ele>3528.1989866667427</ele></trkpt><trkpt lat="37.03504" lon="-118.4631"><ele>3528.8891403664525</ele></trkpt><trkpt lat="37.03483" lon="-118.46275000000003"><ele>3534.354577776976</ele></trkpt><trkpt lat="37.03492" lon="-118.46271000000002"><ele>3535.28664533305</ele></trkpt><trkpt lat="37.03504" lon="-118.46262000000002"><ele>3538.0</ele></trkpt><trkpt lat="37.03533" lon="-118.46260000000001"><ele>3539.0666224281786</ele></trkpt><trkpt lat="37.0354" lon="-118.46254999999996"><ele>3541.0</ele></trkpt><trkpt lat="37.03539" lon="-118.46247"><ele>3541.0</ele></trkpt><trkpt lat="37.03527" lon="-118.46242000000001"><ele>3541.0441351106856</ele></trkpt><trkpt lat="37.03527" lon="-118.46230000000003"><ele>3544.1673066883814</ele></trkpt><trkpt lat="37.03559" lon="-118.46213999999998"><ele>3548.568608000409</ele></trkpt><trkpt lat="37.03559" lon="-118.46208000000001"><ele>3549.9667093327735</ele></trkpt><trkpt lat="37.03567" lon="-118.46202"><ele>3551.364810666535</ele></trkpt><trkpt lat="37.03572" lon="-118.46190999999999"><ele>3553.4652988605667</ele></trkpt><trkpt lat="37.0357" lon="-118.46186999999998"><ele>3554.9811782310717</ele></trkpt><trkpt lat="37.03555" lon="-118.46186"><ele>3558.093080888735</ele></trkpt><trkpt lat="37.03527" lon="-118.46172999999999"><ele>3559.5315813571665</ele></trkpt><trkpt lat="37.03501" lon="-118.46172999999999"><ele>3559.5071286205202</ele></trkpt><trkpt lat="37.03493" lon="-118.46177"><ele>3560.978218015749</ele></trkpt><trkpt lat="37.03488" lon="-118.46172999999999"><ele>3563.1223004446365</ele></trkpt><trkpt lat="37.03478" lon="-118.46170999999998"><ele>3564.57857426979</ele></trkpt><trkpt lat="37.03449" lon="-118.46170000000001"><ele>3565.262794170296</ele></trkpt><trkpt lat="37.03467" lon="-118.46154999999999"><ele>3569.872058168916</ele></trkpt><trkpt lat="37.03478" lon="-118.46154000000001"><ele>3571.5626519964726</ele></trkpt><trkpt lat="37.03482" lon="-118.46134"><ele>3575.361108215353</ele></trkpt><trkpt lat="37.03462" lon="-118.46114999999998"><ele>3578.862415747226</ele></trkpt><trkpt lat="37.03474" lon="-118.46118000000001"><ele>3579.7414469142977</ele></trkpt><trkpt lat="37.03484" lon="-118.46118000000001"><ele>3579.8764586662874</ele></trkpt><trkpt lat="37.03485" lon="-118.46114999999998"><ele>3581.2745600007474</ele></trkpt><trkpt lat="37.03477" lon="-118.46112"><ele>3581.850653382839</ele></trkpt><trkpt lat="37.03471" lon="-118.46104000000003"><ele>3584.3970010309376</ele></trkpt><trkpt lat="37.03482" lon="-118.46103"><ele>3587.9498984046068</ele></trkpt><trkpt lat="37.0346" lon="-118.46078999999997"><ele>3593.2763354406616</ele></trkpt><trkpt lat="37.0345" lon="-118.4608"><ele>3594.5857422216795</ele></trkpt><trkpt lat="37.03454" lon="-118.46073999999999"><ele>3596.3673310104905</ele></trkpt><trkpt lat="37.03437" lon="-118.46073999999999"><ele>3599.336845578039</ele></trkpt><trkpt lat="37.03425" lon="-118.46077000000002"><ele>3600.2486232558053</ele></trkpt><trkpt lat="37.03423" lon="-118.46075000000002"><ele>3601.8331197852776</ele></trkpt><trkpt lat="37.03434" lon="-118.46064999999999"><ele>3604.5762488893233</ele></trkpt><trkpt lat="37.03453" lon="-118.46053"><ele>3608.1686542220414</ele></trkpt><trkpt lat="37.03465" lon="-118.46055999999999"><ele>3609.702478922082</ele></trkpt><trkpt lat="37.03464" lon="-118.46051999999997"><ele>3610.57176754158</ele></trkpt><trkpt lat="37.03456" lon="-118.46049"><ele>3610.032789333258</ele></trkpt><trkpt lat="37.03411" lon="-118.46057000000002"><ele>3612.9904402734246</ele></trkpt><trkpt lat="37.03397" lon="-118.46055999999999"><ele>3616.0055308940355</ele></trkpt><trkpt lat="37.03394" lon="-118.46059000000002"><ele>3615.5280684876434</ele></trkpt><trkpt lat="37.03393" lon="-118.46055999999999"><ele>3616.6888168841706</ele></trkpt><trkpt lat="37.03395" lon="-118.46051"><ele>3618.304774589371</ele></trkpt><trkpt lat="37.03447" lon="-118.46032000000002"><ele>3623.9553635544144</ele></trkpt><trkpt lat="37.03449" lon="-118.46028999999999"><ele>3626.0301973347086</ele></trkpt><trkpt lat="37.03446" lon="-118.46026"><ele>3627.632387907921</ele></trkpt><trkpt lat="37.03444" lon="-118.46028000000001"><ele>3626.7292479991447</ele></trkpt><trkpt lat="37.03415" lon="-118.46032000000002"><ele>3626.313255964673</ele></trkpt><trkpt lat="37.03377" lon="-118.46028000000001"><ele>3632.778142998839</ele></trkpt><trkpt lat="37.03336" lon="-118.46017999999998"><ele>3639.7197546679527</ele></trkpt><trkpt lat="37.03317" lon="-118.46017"><ele>3641.405595791449</ele></trkpt><trkpt lat="37.03304" lon="-118.46019000000001"><ele>3640.7805183194578</ele></trkpt><trkpt lat="37.03304" lon="-118.46012000000002"><ele>3644.0427547637373</ele></trkpt><trkpt lat="37.03328" lon="-118.46006"><ele>3646.338528222988</ele></trkpt><trkpt lat="37.03337" lon="-118.46008999999998"><ele>3646.5400020042434</ele></trkpt><trkpt lat="37.0334" lon="-118.46006999999997"><ele>3648.201751759045</ele></trkpt><trkpt lat="37.03334" lon="-118.46001999999999"><ele>3649.8950490027687</ele></trkpt><trkpt lat="37.03321" lon="-118.45999"><ele>3651.2694181889233</ele></trkpt><trkpt lat="37.03275" lon="-118.45999"><ele>3656.3344782218337</ele></trkpt><trkpt lat="37.03256" lon="-118.46006"><ele>3660.5994765924893</ele></trkpt><trkpt lat="37.03238" lon="-118.46006"><ele>3664.103986287024</ele></trkpt><trkpt lat="37.03225" lon="-118.46012999999999"><ele>3664.636357002426</ele></trkpt><trkpt lat="37.03201" lon="-118.46017"><ele>3669.8663051348053</ele></trkpt><trkpt lat="37.03202" lon="-118.46012999999999"><ele>3671.131227436398</ele></trkpt><trkpt lat="37.03217" lon="-118.46006999999997"><ele>3672.1770113105886</ele></trkpt><trkpt lat="37.03225" lon="-118.45999999999998"><ele>3672.389592227526</ele></trkpt><trkpt lat="37.03225" lon="-118.45997"><ele>3674.809118841238</ele></trkpt><trkpt lat="37.03208" lon="-118.45997"><ele>3679.238361289116</ele></trkpt><trkpt lat="37.03195" lon="-118.46001999999999"><ele>3683.0707905977033</ele></trkpt><trkpt lat="37.03176" lon="-118.46003999999999"><ele>3686.5663982969536</ele></trkpt><trkpt lat="37.0317" lon="-118.46008999999998"><ele>3685.6741404449567</ele></trkpt><trkpt lat="37.0316" lon="-118.46005000000002"><ele>3685.8856768501973</ele></trkpt><trkpt lat="37.03133" lon="-118.46010999999999"><ele>3682.4636103835583</ele></trkpt><trkpt lat="37.03133" lon="-118.46010999999999"><ele>3682.4636103835583</ele></trkpt><trkpt lat="37.03107" lon="-118.46021999999999"><ele>3683.2184213961764</ele></trkpt><trkpt lat="37.03092" lon="-118.46023000000002"><ele>3678.5285132859162</ele></trkpt><trkpt lat="37.03054" lon="-118.46041000000002"><ele>3675.9678983989993</ele></trkpt><trkpt lat="37.03032" lon="-118.46055999999999"><ele>3675.683261343511</ele></trkpt><trkpt lat="37.03031" lon="-118.46051999999997"><ele>3672.768825887347</ele></trkpt><trkpt lat="37.03051" lon="-118.46032000000002"><ele>3669.828196510036</ele></trkpt><trkpt lat="37.03049" lon="-118.46026"><ele>3665.474763795584</ele></trkpt><trkpt lat="37.03001" lon="-118.4606"><ele>3665.431041554548</ele></trkpt><trkpt lat="37.02984" lon="-118.46064000000001"><ele>3662.3472762348565</ele></trkpt><trkpt lat="37.02978" lon="-118.46062999999998"><ele>3660.2875403041407</ele></trkpt><trkpt lat="37.02979" lon="-118.46058"><ele>3655.6922588599846</ele></trkpt><trkpt lat="37.03" lon="-118.46044"><ele>3653.952356660185</ele></trkpt><trkpt lat="37.03012" lon="-118.46032000000002"><ele>3652.0711071732567</ele></trkpt><trkpt lat="37.03007" lon="-118.46030999999999"><ele>3649.120575577952</ele></trkpt><trkpt lat="37.02988" lon="-118.46039999999999"><ele>3647.6521527516306</ele></trkpt><trkpt lat="37.02955" lon="-118.46044"><ele>3641.455562666757</ele></trkpt><trkpt lat="37.02916" lon="-118.46037000000001"><ele>3635.9406363757457</ele></trkpt><trkpt lat="37.02908" lon="-118.46030999999999"><ele>3631.6476146821</ele></trkpt><trkpt lat="37.02899" lon="-118.46030000000002"><ele>3633.2064376175404</ele></trkpt><trkpt lat="37.02899" lon="-118.46024"><ele>3629.297666059807</ele></trkpt><trkpt lat="37.02939" lon="-118.46032000000002"><ele>3630.0669546683785</ele></trkpt><trkpt lat="37.0296" lon="-118.46017999999998"><ele>3626.477807560159</ele></trkpt><trkpt lat="37.0298" lon="-118.46012999999999"><ele>3628.44610470091</ele></trkpt><trkpt lat="37.02978" lon="-118.46003999999999"><ele>3622.1503834519535</ele></trkpt><trkpt lat="37.02924" lon="-118.46012000000002"><ele>3616.085941334255</ele></trkpt><trkpt lat="37.02922" lon="-118.46006"><ele>3611.9277582229115</ele></trkpt><trkpt lat="37.02975" lon="-118.45983000000001"><ele>3609.532602636974</ele></trkpt><trkpt lat="37.02975" lon="-118.45976999999999"><ele>3605.9809342804456</ele></trkpt><trkpt lat="37.02945" lon="-118.45983000000001"><ele>3603.478115387159</ele></trkpt><trkpt lat="37.02926" lon="-118.45983000000001"><ele>3598.8134720013477</ele></trkpt><trkpt lat="37.02925" lon="-118.45978000000002"><ele>3595.8788124453276</ele></trkpt><trkpt lat="37.02926" lon="-118.45974000000001"><ele>3594.014677334111</ele></trkpt><trkpt lat="37.02969" lon="-118.45946000000004"><ele>3586.9563145872507</ele></trkpt><trkpt lat="37.02988" lon="-118.45938999999998"><ele>3586.052765998782</ele></trkpt><trkpt lat="37.0301" lon="-118.45936"><ele>3590.2634844456334</ele></trkpt><trkpt lat="37.03041" lon="-118.45906000000002"><ele>3586.5943081299774</ele></trkpt><trkpt lat="37.03067" lon="-118.45857000000001"><ele>3587.368017856058</ele></trkpt><trkpt lat="37.03089" lon="-118.45811000000003"><ele>3587.203716910087</ele></trkpt><trkpt lat="37.03091" lon="-118.45785999999998"><ele>3586.8209312323015</ele></trkpt><trkpt lat="37.0311" lon="-118.45730000000003"><ele>3587.4699752447195</ele></trkpt><trkpt lat="37.03112" lon="-118.45712000000003"><ele>3584.9401737633057</ele></trkpt><trkpt lat="37.03105" lon="-118.45688000000001"><ele>3581.4205442840357</ele></trkpt><trkpt lat="37.03114" lon="-118.45657"><ele>3579.1885959878564</ele></trkpt><trkpt lat="37.03109" lon="-118.45600999999999"><ele>3571.628728635609</ele></trkpt><trkpt lat="37.0311" lon="-118.45591000000002"><ele>3572.2125049773604</ele></trkpt><trkpt lat="37.0312" lon="-118.45567"><ele>3571.0502725932747</ele></trkpt><trkpt lat="37.03102" lon="-118.45526000000001"><ele>3570.2397567174735</ele></trkpt><trkpt lat="37.03099" lon="-118.45510000000002"><ele>3569.790969474241</ele></trkpt><trkpt lat="37.031" lon="-118.45483000000002"><ele>3568.68737252336</ele></trkpt><trkpt lat="37.0309" lon="-118.45459"><ele>3566.1499465897414</ele></trkpt><trkpt lat="37.0309" lon="-118.45459"><ele>3566.1499465897414</ele></trkpt><trkpt lat="37.03085" lon="-118.45454999999998"><ele>3564.441469231543</ele></trkpt><trkpt lat="37.03085" lon="-118.45459"><ele>3563.9610740336807</ele></trkpt><trkpt lat="37.03085" lon="-118.45459"><ele>3563.9610740336807</ele></trkpt><trkpt lat="37.03085" lon="-118.45465999999999"><ele>3563.5764709390132</ele></trkpt><trkpt lat="37.03083" lon="-118.45465000000002"><ele>3562.7252854006365</ele></trkpt><trkpt lat="37.0308" lon="-118.45459"><ele>3562.271342794065</ele></trkpt><trkpt lat="37.0308" lon="-118.45459"><ele>3562.271342794065</ele></trkpt><trkpt lat="37.03076" lon="-118.45451000000003"><ele>3561.4787622316003</ele></trkpt><trkpt lat="37.03073" lon="-118.45454000000001"><ele>3559.8064158121124</ele></trkpt><trkpt lat="37.03073" lon="-118.45459"><ele>3559.400271835819</ele></trkpt><trkpt lat="37.03073" lon="-118.45459"><ele>3559.400271835819</ele></trkpt><trkpt lat="37.03073" lon="-118.45470999999998"><ele>3558.8064158121124</ele></trkpt><trkpt lat="37.03066" lon="-118.45490000000001"><ele>3555.9714400423463</ele></trkpt><trkpt lat="37.03063" lon="-118.45487000000003"><ele>3554.8875500662252</ele></trkpt><trkpt lat="37.03058" lon="-118.45459"><ele>3553.4281186340377</ele></trkpt><trkpt lat="37.03058" lon="-118.45459"><ele>3553.4281186340377</ele></trkpt><trkpt lat="37.03043" lon="-118.45440000000002"><ele>3550.9735101028346</ele></trkpt><trkpt lat="37.03034" lon="-118.45434"><ele>3549.744642468868</ele></trkpt><trkpt lat="37.03025" lon="-118.45424000000003"><ele>3548.447845503688</ele></trkpt><trkpt lat="37.03015" lon="-118.45418000000001"><ele>3547.0438976155956</ele></trkpt><trkpt lat="37.02979" lon="-118.45411999999999"><ele>3543.817382416455</ele></trkpt><trkpt lat="37.02958" lon="-118.45415000000003"><ele>3541.749102221569</ele></trkpt><trkpt lat="37.02944" lon="-118.45423"><ele>3540.982360550012</ele></trkpt><trkpt lat="37.0292" lon="-118.45427999999998"><ele>3539.0</ele></trkpt><trkpt lat="37.02903" lon="-118.45434999999998"><ele>3539.0</ele></trkpt><trkpt lat="37.02868" lon="-118.45456999999999"><ele>3534.998888189088</ele></trkpt><trkpt lat="37.0285" lon="-118.45459"><ele>3534.0</ele></trkpt><trkpt lat="37.0285" lon="-118.45459"><ele>3534.0</ele></trkpt><trkpt lat="37.02812" lon="-118.45469000000003"><ele>3532.103915196352</ele></trkpt><trkpt lat="37.02803" lon="-118.45466999999996"><ele>3531.6312058482868</ele></trkpt><trkpt lat="37.02796" lon="-118.45472999999998"><ele>3530.223647029873</ele></trkpt><trkpt lat="37.02781" lon="-118.45475999999996"><ele>3529.0</ele></trkpt><trkpt lat="37.02731" lon="-118.45505000000003"><ele>3526.9963054249997</ele></trkpt><trkpt lat="37.0272" lon="-118.45508000000001"><ele>3526.7906253116025</ele></trkpt><trkpt lat="37.02643" lon="-118.45568000000003"><ele>3517.3670524215568</ele></trkpt><trkpt lat="37.02618" lon="-118.45582999999999"><ele>3515.9992384089733</ele></trkpt><trkpt lat="37.02563" lon="-118.45641999999998"><ele>3513.0</ele></trkpt><trkpt lat="37.02552" lon="-118.45650999999998"><ele>3513.0</ele></trkpt><trkpt lat="37.02489801664749" lon="-118.45665685718046"><ele>3510.0</ele></trkpt><trkpt lat="37.02492277328405" lon="-118.45665101197744"><ele>3510.0</ele></trkpt><trkpt lat="37.0248" lon="-118.45668"><ele>3510.0</ele></trkpt><trkpt lat="37.02393" lon="-118.45700999999997"><ele>3509.0</ele></trkpt><trkpt lat="37.02343" lon="-118.45708000000002"><ele>3509.0</ele></trkpt><trkpt lat="37.02275" lon="-118.45751999999999"><ele>3506.0</ele></trkpt><trkpt lat="37.02214" lon="-118.45781"><ele>3498.5130032182565</ele></trkpt><trkpt lat="37.0221" lon="-118.45787000000001"><ele>3498.0</ele></trkpt><trkpt lat="37.02181" lon="-118.45808"><ele>3497.0</ele></trkpt><trkpt lat="37.02164" lon="-118.45814999999999"><ele>3497.4576533332</ele></trkpt><trkpt lat="37.02148" lon="-118.45841000000001"><ele>3498.0</ele></trkpt><trkpt lat="37.02137" lon="-118.45850999999999"><ele>3497.941154145703</ele></trkpt><trkpt lat="37.02089" lon="-118.45879000000002"><ele>3497.7536048408656</ele></trkpt><trkpt lat="37.02076" lon="-118.45884000000001"><ele>3495.9138512005247</ele></trkpt><trkpt lat="37.02072" lon="-118.45883000000003"><ele>3495.195916833433</ele></trkpt><trkpt lat="37.02064" lon="-118.45888000000002"><ele>3494.312228264287</ele></trkpt><trkpt lat="37.02048" lon="-118.45919000000004"><ele>3491.6426652008668</ele></trkpt><trkpt lat="37.02048" lon="-118.45931000000002"><ele>3491.313371549702</ele></trkpt><trkpt lat="37.02044" lon="-118.45943"><ele>3490.3403854690723</ele></trkpt><trkpt lat="37.02035" lon="-118.45938999999998"><ele>3489.5501410275538</ele></trkpt><trkpt lat="37.02025" lon="-118.45942000000002"><ele>3488.0</ele></trkpt><trkpt lat="37.02023" lon="-118.45947999999999"><ele>3487.551100444747</ele></trkpt><trkpt lat="37.02027" lon="-118.45961"><ele>3486.5218808888458</ele></trkpt><trkpt lat="37.02032" lon="-118.45963"><ele>3486.0558471109252</ele></trkpt><trkpt lat="37.02034" lon="-118.4597"><ele>3485.4247288887855</ele></trkpt><trkpt lat="37.0203" lon="-118.45979"><ele>3484.0</ele></trkpt><trkpt lat="37.02019" lon="-118.45981999999998"><ele>3483.0</ele></trkpt><trkpt lat="37.0201" lon="-118.45988999999997"><ele>3483.0</ele></trkpt><trkpt lat="37.0201" lon="-118.45988999999997"><ele>3483.0</ele></trkpt><trkpt lat="37.01988" lon="-118.4599"><ele>3483.2356088892557</ele></trkpt><trkpt lat="37.01978" lon="-118.46001999999999"><ele>3483.2134424215183</ele></trkpt><trkpt lat="37.01972" lon="-118.46017999999998"><ele>3481.4623749405146</ele></trkpt><trkpt lat="37.0196" lon="-118.46035"><ele>3481.0</ele></trkpt><trkpt lat="37.01951" lon="-118.46042"><ele>3481.0</ele></trkpt><trkpt lat="37.01933" lon="-118.46046999999999"><ele>3479.0804700236768</ele></trkpt><trkpt lat="37.01907" lon="-118.46048000000002"><ele>3476.8734400641797</ele></trkpt><trkpt lat="37.01902" lon="-118.46046000000001"><ele>3476.0094917501046</ele></trkpt><trkpt lat="37.01882" lon="-118.4606"><ele>3473.635859649766</ele></trkpt><trkpt lat="37.01862" lon="-118.46064000000001"><ele>3474.0</ele></trkpt><trkpt lat="37.01831" lon="-118.46059000000002"><ele>3474.313774222741</ele></trkpt><trkpt lat="37.01797" lon="-118.46062999999998"><ele>3472.0</ele></trkpt><trkpt lat="37.01753" lon="-118.46057000000002"><ele>3465.5493582189083</ele></trkpt><trkpt lat="37.01732" lon="-118.46048000000002"><ele>3462.420809567906</ele></trkpt><trkpt lat="37.01705" lon="-118.46044"><ele>3459.0</ele></trkpt><trkpt lat="37.01631" lon="-118.46005000000002"><ele>3452.0</ele></trkpt><trkpt lat="37.01519" lon="-118.45952999999997"><ele>3441.2607732005417</ele></trkpt><trkpt lat="37.01465" lon="-118.45952"><ele>3434.1913093367425</ele></trkpt><trkpt lat="37.01413" lon="-118.45963999999998"><ele>3431.0</ele></trkpt><trkpt lat="37.0139" lon="-118.45965000000001"><ele>3428.6154011208564</ele></trkpt><trkpt lat="37.01382" lon="-118.45961999999997"><ele>3427.2808254454285</ele></trkpt><trkpt lat="37.01375" lon="-118.45958000000002"><ele>3427.0</ele></trkpt><trkpt lat="37.01371" lon="-118.45951000000002"><ele>3426.0104730864327</ele></trkpt><trkpt lat="37.01368" lon="-118.45922999999999"><ele>3422.317103971632</ele></trkpt><trkpt lat="37.01362" lon="-118.45919000000004"><ele>3421.0</ele></trkpt><trkpt lat="37.01272" lon="-118.45893999999998"><ele>3410.2904610015585</ele></trkpt><trkpt lat="37.012" lon="-118.45844999999997"><ele>3403.0</ele></trkpt><trkpt lat="37.01147" lon="-118.45790999999997"><ele>3398.0</ele></trkpt><trkpt lat="37.01118" lon="-118.45754999999997"><ele>3395.6028780032925</ele></trkpt><trkpt lat="37.01115" lon="-118.45749999999998"><ele>3395.0</ele></trkpt><trkpt lat="37.01117" lon="-118.45739000000003"><ele>3393.962128879077</ele></trkpt><trkpt lat="37.01088" lon="-118.45703000000003"><ele>3394.0</ele></trkpt><trkpt lat="37.01029" lon="-118.45598000000001"><ele>3385.0</ele></trkpt><trkpt lat="37.01018" lon="-118.45582999999999"><ele>3386.0</ele></trkpt><trkpt lat="37.00987" lon="-118.45559000000003"><ele>3382.0114418353605</ele></trkpt><trkpt lat="37.00975" lon="-118.45553999999998"><ele>3380.0</ele></trkpt><trkpt lat="37.00967" lon="-118.45555000000002"><ele>3379.0</ele></trkpt><trkpt lat="37.00958" lon="-118.4556"><ele>3378.551831241697</ele></trkpt><trkpt lat="37.00951" lon="-118.45573000000002"><ele>3377.542355441659</ele></trkpt><trkpt lat="37.00942" lon="-118.45576"><ele>3377.6768826497373</ele></trkpt><trkpt lat="37.00932" lon="-118.45560999999998"><ele>3375.271363555221</ele></trkpt><trkpt lat="37.00922" lon="-118.45559000000003"><ele>3375.0</ele></trkpt><trkpt lat="37.009" lon="-118.45560999999998"><ele>3374.0</ele></trkpt><trkpt lat="37.00869" lon="-118.45551999999998"><ele>3373.0</ele></trkpt><trkpt lat="37.00852" lon="-118.45537000000002"><ele>3371.8782163873047</ele></trkpt><trkpt lat="37.00818" lon="-118.45528000000002"><ele>3369.0</ele></trkpt><trkpt lat="37.00803" lon="-118.45519000000002"><ele>3367.650820193009</ele></trkpt><trkpt lat="37.00787" lon="-118.45515999999998"><ele>3365.9257432743243</ele></trkpt><trkpt lat="37.00771" lon="-118.45517000000001"><ele>3364.9851508652587</ele></trkpt><trkpt lat="37.00698" lon="-118.45501999999999"><ele>3355.3578219422834</ele></trkpt><trkpt lat="37.00664" lon="-118.45483999999999"><ele>3355.488299426526</ele></trkpt><trkpt lat="37.00641" lon="-118.45481999999998"><ele>3355.8630293330643</ele></trkpt><trkpt lat="37.00587" lon="-118.45459"><ele>3355.5036408887245</ele></trkpt><trkpt lat="37.00587" lon="-118.45459"><ele>3355.5036408887245</ele></trkpt><trkpt lat="37.00511" lon="-118.45427999999998"><ele>3351.0</ele></trkpt><trkpt lat="37.00492" lon="-118.45415000000003"><ele>3350.0</ele></trkpt><trkpt lat="37.00471" lon="-118.45406000000003"><ele>3349.0</ele></trkpt><trkpt lat="37.00378" lon="-118.45344"><ele>3341.2198419585825</ele></trkpt><trkpt lat="37.00338" lon="-118.45325000000003"><ele>3338.6397832464427</ele></trkpt><trkpt lat="37.00255" lon="-118.45305000000002"><ele>3330.0</ele></trkpt><trkpt lat="37.00255" lon="-118.45305000000002"><ele>3330.0</ele></trkpt><trkpt lat="37.0021" lon="-118.45278000000002"><ele>3325.5239540918496</ele></trkpt><trkpt lat="37.00177" lon="-118.45263"><ele>3320.663422634825</ele></trkpt><trkpt lat="37.001769999609934" lon="-118.45262999920863"><ele>3320.6634112549946</ele></trkpt><trkpt lat="37.001769999609934" lon="-118.45262999920863"><ele>3320.6634112549946</ele></trkpt><trkpt lat="37.00152" lon="-118.45224000000002"><ele>3316.0</ele></trkpt><trkpt lat="37.00137" lon="-118.45211"><ele>3314.0</ele></trkpt><trkpt lat="37.00131" lon="-118.45209999999997"><ele>3314.0</ele></trkpt><trkpt lat="37.00109" lon="-118.45190000000002"><ele>3311.0</ele></trkpt><trkpt lat="37.00083" lon="-118.45191999999997"><ele>3308.288131554844</ele></trkpt><trkpt lat="37.00043" lon="-118.45181000000002"><ele>3304.4102060402665</ele></trkpt><trkpt lat="37.00034" lon="-118.45181000000002"><ele>3303.72494577826</ele></trkpt><trkpt lat="36.99993" lon="-118.45168999999999"><ele>3300.9077269917807</ele></trkpt><trkpt lat="36.99963" lon="-118.45154000000002"><ele>3296.0972465398463</ele></trkpt><trkpt lat="36.999" lon="-118.45143999999999"><ele>3290.1033208887093</ele></trkpt><trkpt lat="36.99828" lon="-118.45125000000002"><ele>3281.0</ele></trkpt><trkpt lat="36.99814" lon="-118.45119999999997"><ele>3279.8784268237873</ele></trkpt><trkpt lat="36.99762" lon="-118.45091000000002"><ele>3273.436892578723</ele></trkpt><trkpt lat="36.99751" lon="-118.45092"><ele>3271.9914659462365</ele></trkpt><trkpt lat="36.99721" lon="-118.45087000000001"><ele>3268.8213582222816</ele></trkpt><trkpt lat="36.99699" lon="-118.45089000000002"><ele>3267.287392000435</ele></trkpt><trkpt lat="36.99676" lon="-118.45080000000002"><ele>3266.0</ele></trkpt><trkpt lat="36.99622" lon="-118.45069000000001"><ele>3262.0</ele></trkpt><trkpt lat="36.99597" lon="-118.45059000000003"><ele>3260.0</ele></trkpt><trkpt lat="36.99558" lon="-118.45051000000001"><ele>3256.0</ele></trkpt><trkpt lat="36.9952539803574" lon="-118.45040368924697"><ele>3253.525588120221</ele></trkpt><trkpt lat="36.995286441690624" lon="-118.45041427435956"><ele>3254.0</ele></trkpt><trkpt lat="36.99512" lon="-118.45035999999999"><ele>3252.601092932821</ele></trkpt><trkpt lat="36.99464" lon="-118.45024999999998"><ele>3249.0</ele></trkpt><trkpt lat="36.99456" lon="-118.45028000000002"><ele>3249.0</ele></trkpt><trkpt lat="36.99399" lon="-118.45032000000003"><ele>3246.00542933424</ele></trkpt><trkpt lat="36.99274" lon="-118.45013"><ele>3239.5781084443443</ele></trkpt><trkpt lat="36.99261" lon="-118.45008999999999"><ele>3238.0</ele></trkpt><trkpt lat="36.99239" lon="-118.44996000000003"><ele>3236.0</ele></trkpt><trkpt lat="36.99232" lon="-118.44988000000001"><ele>3235.0</ele></trkpt><trkpt lat="36.99211" lon="-118.44988000000001"><ele>3234.62182890184</ele></trkpt><trkpt lat="36.99202" lon="-118.44984"><ele>3233.164535227499</ele></trkpt><trkpt lat="36.99182" lon="-118.44966999999997"><ele>3231.0</ele></trkpt><trkpt lat="36.99162" lon="-118.44943"><ele>3231.0</ele></trkpt><trkpt lat="36.99134" lon="-118.44933000000003"><ele>3229.3394777058606</ele></trkpt><trkpt lat="36.9912" lon="-118.4493"><ele>3228.4497026957756</ele></trkpt><trkpt lat="36.99108" lon="-118.44938000000002"><ele>3228.7772857863456</ele></trkpt><trkpt lat="36.9909" lon="-118.44942000000003"><ele>3228.0</ele></trkpt><trkpt lat="36.99056" lon="-118.44932"><ele>3226.0</ele></trkpt><trkpt lat="36.99043" lon="-118.44936000000001"><ele>3226.0</ele></trkpt><trkpt lat="36.99023" lon="-118.4493"><ele>3224.2329499084326</ele></trkpt><trkpt lat="36.99007" lon="-118.4493"><ele>3224.0</ele></trkpt><trkpt lat="36.98992" lon="-118.44924000000003"><ele>3222.8396053344477</ele></trkpt><trkpt lat="36.98966" lon="-118.44906000000003"><ele>3221.418562668367</ele></trkpt><trkpt lat="36.9894" lon="-118.44903999999997"><ele>3219.137395198547</ele></trkpt><trkpt lat="36.98929" lon="-118.44898999999998"><ele>3218.4567644356284</ele></trkpt><trkpt lat="36.98906" lon="-118.44894999999997"><ele>3219.082115555182</ele></trkpt><trkpt lat="36.98898" lon="-118.44889999999998"><ele>3217.47124337965</ele></trkpt><trkpt lat="36.98883" lon="-118.44893000000002"><ele>3216.6690573114665</ele></trkpt><trkpt lat="36.98863" lon="-118.44880999999998"><ele>3215.0</ele></trkpt><trkpt lat="36.98833" lon="-118.44875000000002"><ele>3217.0</ele></trkpt><trkpt lat="36.98801" lon="-118.44848999999999"><ele>3213.0786959912334</ele></trkpt><trkpt lat="36.98762" lon="-118.44834000000003"><ele>3209.8680853338446</ele></trkpt><trkpt lat="36.98755" lon="-118.44826999999998"><ele>3208.2369671105407</ele></trkpt><trkpt lat="36.98743" lon="-118.44795999999997"><ele>3205.0134435547516</ele></trkpt><trkpt lat="36.98736" lon="-118.44785999999999"><ele>3204.509249430322</ele></trkpt><trkpt lat="36.98731" lon="-118.44783999999999"><ele>3203.84038922572</ele></trkpt><trkpt lat="36.98719" lon="-118.44783999999999"><ele>3202.4485101613054</ele></trkpt><trkpt lat="36.98701" lon="-118.44776000000002"><ele>3199.3531057781074</ele></trkpt><trkpt lat="36.9869" lon="-118.44776000000002"><ele>3198.3531057781074</ele></trkpt><trkpt lat="36.98653" lon="-118.44749999999999"><ele>3194.0</ele></trkpt><trkpt lat="36.98635" lon="-118.44752"><ele>3193.0</ele></trkpt><trkpt lat="36.98618" lon="-118.44736999999998"><ele>3192.0</ele></trkpt><trkpt lat="36.98576" lon="-118.44722000000002"><ele>3190.770193778444</ele></trkpt><trkpt lat="36.98509" lon="-118.44671"><ele>3183.886332444381</ele></trkpt><trkpt lat="36.985" lon="-118.44662"><ele>3182.0</ele></trkpt><trkpt lat="36.985" lon="-118.44662"><ele>3182.0</ele></trkpt><trkpt lat="36.98492" lon="-118.44652000000002"><ele>3181.0</ele></trkpt><trkpt lat="36.98467" lon="-118.44634000000002"><ele>3178.264707556227</ele></trkpt><trkpt lat="36.98447" lon="-118.44621999999998"><ele>3177.468504888471</ele></trkpt><trkpt lat="36.98426" lon="-118.44612999999998"><ele>3176.8538173507327</ele></trkpt><trkpt lat="36.98418" lon="-118.44607000000002"><ele>3175.470011741237</ele></trkpt><trkpt lat="36.98403" lon="-118.44585000000001"><ele>3170.8643311306487</ele></trkpt><trkpt lat="36.98379" lon="-118.44562000000002"><ele>3170.9420858323256</ele></trkpt><trkpt lat="36.98363" lon="-118.44554"><ele>3170.6233564445283</ele></trkpt><trkpt lat="36.98317" lon="-118.4452"><ele>3169.0</ele></trkpt><trkpt lat="36.9831" lon="-118.44508000000002"><ele>3167.013262180819</ele></trkpt><trkpt lat="36.98293" lon="-118.44488999999999"><ele>3166.0</ele></trkpt><trkpt lat="36.9825" lon="-118.44448"><ele>3163.4773249150717</ele></trkpt><trkpt lat="36.98224" lon="-118.44439999999997"><ele>3162.1544826360446</ele></trkpt><trkpt lat="36.98194" lon="-118.44427000000002"><ele>3162.1736827778486</ele></trkpt><trkpt lat="36.98187" lon="-118.44429000000002"><ele>3162.0</ele></trkpt><trkpt lat="36.98174" lon="-118.44427999999999"><ele>3161.4945443044703</ele></trkpt><trkpt lat="36.9814" lon="-118.44434999999999"><ele>3160.0</ele></trkpt><trkpt lat="36.98122" lon="-118.44434000000001"><ele>3160.564989066794</ele></trkpt><trkpt lat="36.98101" lon="-118.44445000000002"><ele>3162.0</ele></trkpt><trkpt lat="36.98079" lon="-118.44436999999999"><ele>3160.36038044421</ele></trkpt><trkpt lat="36.98055" lon="-118.44438000000002"><ele>3159.602082822472</ele></trkpt><trkpt lat="36.98047" lon="-118.44436000000002"><ele>3158.3616933248013</ele></trkpt><trkpt lat="36.98038" lon="-118.44425999999999"><ele>3157.0</ele></trkpt><trkpt lat="36.9802" lon="-118.44421999999997"><ele>3155.9181066481187</ele></trkpt><trkpt lat="36.98011" lon="-118.44416000000001"><ele>3154.699448671192</ele></trkpt><trkpt lat="36.97995" lon="-118.44384000000002"><ele>3152.0094315313627</ele></trkpt><trkpt lat="36.9798" lon="-118.44380999999998"><ele>3150.225830310911</ele></trkpt><trkpt lat="36.97958" lon="-118.44362000000001"><ele>3146.3079301277176</ele></trkpt><trkpt lat="36.97939" lon="-118.44352000000003"><ele>3144.7658187523484</ele></trkpt><trkpt lat="36.97933" lon="-118.44342"><ele>3143.2359481188323</ele></trkpt><trkpt lat="36.97914" lon="-118.44337000000002"><ele>3142.058691555867</ele></trkpt><trkpt lat="36.97905" lon="-118.44342"><ele>3140.8483908306807</ele></trkpt><trkpt lat="36.97839" lon="-118.44317000000001"><ele>3135.3983537782915</ele></trkpt><trkpt lat="36.97787" lon="-118.44313"><ele>3133.0</ele></trkpt><trkpt lat="36.97776" lon="-118.44319999999999"><ele>3132.0</ele></trkpt><trkpt lat="36.97729" lon="-118.44307000000003"><ele>3128.068184889853</ele></trkpt><trkpt lat="36.9771" lon="-118.44313999999997"><ele>3126.9789374668735</ele></trkpt><trkpt lat="36.97684" lon="-118.44310000000002"><ele>3124.5290627245486</ele></trkpt><trkpt lat="36.97666" lon="-118.44304"><ele>3122.0</ele></trkpt><trkpt lat="36.97654" lon="-118.44292999999999"><ele>3120.5124290280137</ele></trkpt><trkpt lat="36.97648" lon="-118.44277999999997"><ele>3118.921237737176</ele></trkpt><trkpt lat="36.97643" lon="-118.44272999999998"><ele>3117.427344392054</ele></trkpt><trkpt lat="36.97625" lon="-118.44271000000003"><ele>3116.0</ele></trkpt><trkpt lat="36.97613" lon="-118.44262000000003"><ele>3114.677010779269</ele></trkpt><trkpt lat="36.97576" lon="-118.44258000000002"><ele>3108.8849801626056</ele></trkpt><trkpt lat="36.97553" lon="-118.44265999999999"><ele>3105.5762882219897</ele></trkpt><trkpt lat="36.9752" lon="-118.44256000000001"><ele>3101.9172748118945</ele></trkpt><trkpt lat="36.97472" lon="-118.44258000000002"><ele>3100.0</ele></trkpt><trkpt lat="36.97472" lon="-118.44258000000002"><ele>3100.0</ele></trkpt><trkpt lat="36.97472" lon="-118.44258000000002"><ele>3100.0</ele></trkpt><trkpt lat="36.9744" lon="-118.44277999999997"><ele>3095.149873225485</ele></trkpt><trkpt lat="36.97422" lon="-118.44292999999999"><ele>3091.1940515555907</ele></trkpt><trkpt lat="36.97402" lon="-118.44299999999998"><ele>3087.5629333336838</ele></trkpt><trkpt lat="36.97361" lon="-118.44355000000002"><ele>3083.0</ele></trkpt><trkpt lat="36.97336" lon="-118.44373999999999"><ele>3080.883893366903</ele></trkpt><trkpt lat="36.97323" lon="-118.44376999999997"><ele>3079.034989353503</ele></trkpt><trkpt lat="36.97311" lon="-118.44384000000002"><ele>3077.5965159366933</ele></trkpt><trkpt lat="36.97293" lon="-118.44403999999997"><ele>3075.342265165411</ele></trkpt><trkpt lat="36.97285" lon="-118.44409000000002"><ele>3075.0</ele></trkpt><trkpt lat="36.972774725919905" lon="-118.44416527408009"><ele>3074.0</ele></trkpt><trkpt lat="36.97277677304331" lon="-118.44416322700323"><ele>3074.0</ele></trkpt><trkpt lat="36.97268" lon="-118.44425999999999"><ele>3073.807467453679</ele></trkpt><trkpt lat="36.97247" lon="-118.44434000000001"><ele>3071.0</ele></trkpt><trkpt lat="36.97236" lon="-118.44443999999999"><ele>3070.7113263009146</ele></trkpt><trkpt lat="36.97222" lon="-118.4445"><ele>3069.3896000001114</ele></trkpt><trkpt lat="36.97191" lon="-118.44457"><ele>3066.613358021481</ele></trkpt><trkpt lat="36.97177" lon="-118.44463999999999"><ele>3065.0</ele></trkpt><trkpt lat="36.97155" lon="-118.44470000000001"><ele>3063.0</ele></trkpt><trkpt lat="36.97138" lon="-118.44486999999998"><ele>3061.0</ele></trkpt><trkpt lat="36.97127" lon="-118.44493"><ele>3060.4093262222596</ele></trkpt><trkpt lat="36.97122" lon="-118.44493"><ele>3060.4093262222596</ele></trkpt><trkpt lat="36.97122" lon="-118.44493"><ele>3060.4093262222596</ele></trkpt><trkpt lat="36.97122" lon="-118.44493"><ele>3060.4093262222596</ele></trkpt><trkpt lat="36.97103" lon="-118.44459"><ele>3059.9642805330304</ele></trkpt><trkpt lat="36.97091" lon="-118.44450999999998"><ele>3060.0</ele></trkpt><trkpt lat="36.97076" lon="-118.44452000000001"><ele>3060.1368774189054</ele></trkpt><trkpt lat="36.97065" lon="-118.44457"><ele>3058.982521009432</ele></trkpt><trkpt lat="36.97053" lon="-118.44454000000002"><ele>3059.2331979644377</ele></trkpt><trkpt lat="36.9704" lon="-118.44454000000002"><ele>3057.0</ele></trkpt><trkpt lat="36.9704" lon="-118.44454000000002"><ele>3057.0</ele></trkpt><trkpt lat="36.97026" lon="-118.44454999999999"><ele>3057.976225644117</ele></trkpt><trkpt lat="36.97023" lon="-118.44443000000001"><ele>3060.0</ele></trkpt><trkpt lat="36.97023" lon="-118.44443000000001"><ele>3060.0</ele></trkpt><trkpt lat="36.97023" lon="-118.44443000000001"><ele>3060.0</ele></trkpt><trkpt lat="36.97016" lon="-118.44439"><ele>3060.0</ele></trkpt><trkpt lat="36.97" lon="-118.44441"><ele>3059.292448000284</ele></trkpt><trkpt lat="36.96976" lon="-118.44432999999998"><ele>3059.0</ele></trkpt><trkpt lat="36.96968" lon="-118.44427000000002"><ele>3058.986500896175</ele></trkpt><trkpt lat="36.9696" lon="-118.44416999999999"><ele>3059.0</ele></trkpt><trkpt lat="36.96955" lon="-118.44402000000002"><ele>3060.0</ele></trkpt><trkpt lat="36.96945" lon="-118.44385"><ele>3061.0</ele></trkpt><trkpt lat="36.96937" lon="-118.44352000000003"><ele>3063.716395802834</ele></trkpt><trkpt lat="36.96936" lon="-118.44344999999998"><ele>3064.0</ele></trkpt><trkpt lat="36.96943" lon="-118.44328000000002"><ele>3066.0100720361847</ele></trkpt><trkpt lat="36.96943" lon="-118.44317000000001"><ele>3066.7059672657765</ele></trkpt><trkpt lat="36.9694" lon="-118.44308000000001"><ele>3067.0</ele></trkpt><trkpt lat="36.9693" lon="-118.44294000000002"><ele>3069.9610346660484</ele></trkpt><trkpt lat="36.96931" lon="-118.44289000000003"><ele>3070.1261191102676</ele></trkpt><trkpt lat="36.96924" lon="-118.44274000000001"><ele>3072.173668557194</ele></trkpt><trkpt lat="36.96923" lon="-118.44258000000002"><ele>3075.0</ele></trkpt><trkpt lat="36.96941" lon="-118.44236999999998"><ele>3077.56441993732</ele></trkpt><trkpt lat="36.96944" lon="-118.44231000000002"><ele>3078.9959672601262</ele></trkpt><trkpt lat="36.96943" lon="-118.44227000000001"><ele>3080.25811184132</ele></trkpt><trkpt lat="36.96939" lon="-118.44223999999997"><ele>3080.613772989397</ele></trkpt><trkpt lat="36.96937" lon="-118.44217000000003"><ele>3082.0</ele></trkpt><trkpt lat="36.96937" lon="-118.44202999999999"><ele>3085.0</ele></trkpt><trkpt lat="36.96935" lon="-118.44199000000003"><ele>3085.0906744468516</ele></trkpt><trkpt lat="36.96937" lon="-118.44189"><ele>3087.2190256586455</ele></trkpt><trkpt lat="36.96936" lon="-118.44187"><ele>3087.1969317343664</ele></trkpt><trkpt lat="36.96933" lon="-118.44189"><ele>3086.6254242020605</ele></trkpt><trkpt lat="36.969301895192025" lon="-118.4418431586534"><ele>3087.519290485652</ele></trkpt><trkpt lat="36.96928881558913" lon="-118.441838601948"><ele>3087.6254694170784</ele></trkpt><trkpt lat="36.96922" lon="-118.44182999999998"><ele>3087.1372065730393</ele></trkpt><trkpt lat="36.9689" lon="-118.44166000000001"><ele>3089.982793679228</ele></trkpt><trkpt lat="36.96895" lon="-118.44145000000003"><ele>3093.6805511100683</ele></trkpt><trkpt lat="36.96887" lon="-118.44136000000003"><ele>3096.0548635164328</ele></trkpt><trkpt lat="36.96881" lon="-118.44124"><ele>3098.573905777652</ele></trkpt><trkpt lat="36.96884" lon="-118.44121000000001"><ele>3099.258078565586</ele></trkpt><trkpt lat="36.96888" lon="-118.44103999999999"><ele>3102.0131397256628</ele></trkpt><trkpt lat="36.96886" lon="-118.44097"><ele>3103.3134296665376</ele></trkpt><trkpt lat="36.96874" lon="-118.44092999999998"><ele>3106.659413758898</ele></trkpt><trkpt lat="36.96869" lon="-118.44083999999998"><ele>3109.214809744619</ele></trkpt><trkpt lat="36.96859" lon="-118.44079999999997"><ele>3112.8676834390644</ele></trkpt><trkpt lat="36.96831" lon="-118.44103000000001"><ele>3112.831011082586</ele></trkpt><trkpt lat="36.96787" lon="-118.44100000000003"><ele>3121.40160421934</ele></trkpt><trkpt lat="36.96783" lon="-118.44094000000001"><ele>3123.5644124441314</ele></trkpt><trkpt lat="36.968" lon="-118.44063"><ele>3128.7879360001534</ele></trkpt><trkpt lat="36.96835" lon="-118.44029"><ele>3132.9467723320704</ele></trkpt><trkpt lat="36.96852" lon="-118.44002999999998"><ele>3137.4906985359266</ele></trkpt><trkpt lat="36.96859" lon="-118.43986000000001"><ele>3139.5243295659866</ele></trkpt><trkpt lat="36.96857" lon="-118.43977999999998"><ele>3142.5943715558387</ele></trkpt><trkpt lat="36.96853" lon="-118.43977000000001"><ele>3143.813991172239</ele></trkpt><trkpt lat="36.96845" lon="-118.43982"><ele>3145.7523847322045</ele></trkpt><trkpt lat="36.96841" lon="-118.43982"><ele>3146.9844334516447</ele></trkpt><trkpt lat="36.96838" lon="-118.43971999999997"><ele>3149.0</ele></trkpt><trkpt lat="36.96825" lon="-118.43975"><ele>3150.44615640305</ele></trkpt><trkpt lat="36.96811" lon="-118.43966"><ele>3153.3905742221978</ele></trkpt><trkpt lat="36.96814" lon="-118.43946"><ele>3158.44430148803</ele></trkpt><trkpt lat="36.96821" lon="-118.43934000000002"><ele>3160.0623709090573</ele></trkpt><trkpt lat="36.9682" lon="-118.43914999999998"><ele>3164.1676715566505</ele></trkpt><trkpt lat="36.96832" lon="-118.43907000000002"><ele>3166.1539802971706</ele></trkpt><trkpt lat="36.96835" lon="-118.43898000000002"><ele>3168.416292441889</ele></trkpt><trkpt lat="36.96842" lon="-118.43892"><ele>3167.8285533804446</ele></trkpt><trkpt lat="36.96837" lon="-118.43884000000003"><ele>3169.8257753629987</ele></trkpt><trkpt lat="36.96828" lon="-118.43884000000003"><ele>3171.0</ele></trkpt><trkpt lat="36.96825" lon="-118.43876999999998"><ele>3172.4148311749054</ele></trkpt><trkpt lat="36.96829" lon="-118.43866000000003"><ele>3172.9957365553055</ele></trkpt><trkpt lat="36.96826" lon="-118.43860000000001"><ele>3174.0</ele></trkpt><trkpt lat="36.96823" lon="-118.43857000000003"><ele>3174.736028134823</ele></trkpt><trkpt lat="36.96815" lon="-118.43860999999998"><ele>3176.05933052591</ele></trkpt><trkpt lat="36.96813" lon="-118.43857000000003"><ele>3176.6524956095964</ele></trkpt><trkpt lat="36.96816" lon="-118.4384"><ele>3178.0</ele></trkpt><trkpt lat="36.96824" lon="-118.4382"><ele>3180.0</ele></trkpt><trkpt lat="36.96814" lon="-118.43813"><ele>3181.042158221826</ele></trkpt><trkpt lat="36.96807" lon="-118.43813"><ele>3182.016963383041</ele></trkpt><trkpt lat="36.9679" lon="-118.43826000000001"><ele>3183.0129386663903</ele></trkpt><trkpt lat="36.9677" lon="-118.43835999999999"><ele>3185.876031865133</ele></trkpt><trkpt lat="36.96761" lon="-118.43833999999998"><ele>3187.2705344936726</ele></trkpt><trkpt lat="36.96745" lon="-118.4384"><ele>3188.612917532121</ele></trkpt><trkpt lat="36.96745" lon="-118.4384"><ele>3188.612917532121</ele></trkpt><trkpt lat="36.96732" lon="-118.43857000000003"><ele>3189.217674066151</ele></trkpt><trkpt lat="36.9672" lon="-118.43857000000003"><ele>3190.742130298087</ele></trkpt><trkpt lat="36.96686" lon="-118.43885999999998"><ele>3192.0319253338967</ele></trkpt><trkpt lat="36.96665" lon="-118.43891000000002"><ele>3194.5739804462482</ele></trkpt><trkpt lat="36.96641" lon="-118.43903"><ele>3196.8857747141737</ele></trkpt><trkpt lat="36.96628" lon="-118.43905000000001"><ele>3198.8443931921593</ele></trkpt><trkpt lat="36.96608" lon="-118.43914000000001"><ele>3200.946686961688</ele></trkpt><trkpt lat="36.96593" lon="-118.43925000000002"><ele>3203.768454352487</ele></trkpt><trkpt lat="36.9658" lon="-118.43929000000003"><ele>3204.617302266881</ele></trkpt><trkpt lat="36.96542" lon="-118.43965000000003"><ele>3207.569604392317</ele></trkpt><trkpt lat="36.96528" lon="-118.43959999999998"><ele>3212.3776523843785</ele></trkpt><trkpt lat="36.96467" lon="-118.43992000000003"><ele>3217.8920458080247</ele></trkpt><trkpt lat="36.96444" lon="-118.44022999999999"><ele>3221.7231061230304</ele></trkpt><trkpt lat="36.96427" lon="-118.4402"><ele>3225.032874299679</ele></trkpt><trkpt lat="36.96409" lon="-118.44029"><ele>3227.1850879245903</ele></trkpt><trkpt lat="36.96383" lon="-118.44060000000002"><ele>3226.5162144755354</ele></trkpt><trkpt lat="36.96361" lon="-118.44061999999997"><ele>3228.020952889463</ele></trkpt><trkpt lat="36.96345" lon="-118.44056"><ele>3232.5579425245523</ele></trkpt><trkpt lat="36.9634" lon="-118.44047999999998"><ele>3235.4522621332717</ele></trkpt><trkpt lat="36.96333" lon="-118.44042999999999"><ele>3238.0867028513458</ele></trkpt><trkpt lat="36.96316" lon="-118.44038"><ele>3241.843836309822</ele></trkpt><trkpt lat="36.96304" lon="-118.44040000000001"><ele>3243.0140886115246</ele></trkpt><trkpt lat="36.96297" lon="-118.44049000000001"><ele>3242.1438928318653</ele></trkpt><trkpt lat="36.96292" lon="-118.44049999999999"><ele>3243.4123073106166</ele></trkpt><trkpt lat="36.96287" lon="-118.44042000000002"><ele>3246.681290666107</ele></trkpt><trkpt lat="36.96276" lon="-118.44038"><ele>3248.613358222181</ele></trkpt><trkpt lat="36.96263" lon="-118.44029999999998"><ele>3250.477493333863</ele></trkpt><trkpt lat="36.96237" lon="-118.44022999999999"><ele>3254.108611556003</ele></trkpt><trkpt lat="36.9624" lon="-118.44013999999999"><ele>3255.965446583694</ele></trkpt><trkpt lat="36.96225" lon="-118.43991"><ele>3260.56515200017</ele></trkpt><trkpt lat="36.96219" lon="-118.43966999999998"><ele>3266.1575573338196</ele></trkpt><trkpt lat="36.96225" lon="-118.43944999999997"><ele>3268.038060043721</ele></trkpt><trkpt lat="36.96233" lon="-118.43932000000001"><ele>3269.9256533836224</ele></trkpt><trkpt lat="36.96244" lon="-118.43920000000003"><ele>3273.109351110412</ele></trkpt><trkpt lat="36.96248" lon="-118.43919"><ele>3272.965337681814</ele></trkpt><trkpt lat="36.96249" lon="-118.43914999999998"><ele>3274.0370652733864</ele></trkpt><trkpt lat="36.96237" lon="-118.43905000000001"><ele>3275.7490991117975</ele></trkpt><trkpt lat="36.96216" lon="-118.43876999999998"><ele>3279.0</ele></trkpt><trkpt lat="36.96216" lon="-118.43876999999998"><ele>3279.0</ele></trkpt><trkpt lat="36.96216" lon="-118.43876999999998"><ele>3279.0</ele></trkpt><trkpt lat="36.96205" lon="-118.43871999999999"><ele>3279.2941617779434</ele></trkpt><trkpt lat="36.96178" lon="-118.43873000000002"><ele>3280.061144888401</ele></trkpt><trkpt lat="36.96152" lon="-118.43885"><ele>3281.5755041425095</ele></trkpt><trkpt lat="36.961328869099354" lon="-118.43901598209789"><ele>3281.397279016208</ele></trkpt><trkpt lat="36.961328869099354" lon="-118.43901598209789"><ele>3281.397279016208</ele></trkpt><trkpt lat="36.96114" lon="-118.43917999999996"><ele>3281.504079291597</ele></trkpt><trkpt lat="36.961040349797386" lon="-118.43915749834133"><ele>3283.0</ele></trkpt><trkpt lat="36.961040349797386" lon="-118.43915749834133"><ele>3283.0</ele></trkpt><trkpt lat="36.96083" lon="-118.43911000000003"><ele>3285.0</ele></trkpt><trkpt lat="36.96051" lon="-118.43912999999998"><ele>3288.87604940217</ele></trkpt><trkpt lat="36.96045" lon="-118.43911000000003"><ele>3290.0</ele></trkpt><trkpt lat="36.96031" lon="-118.43898000000002"><ele>3291.7771283822813</ele></trkpt><trkpt lat="36.96013" lon="-118.43866000000003"><ele>3292.9869155471724</ele></trkpt><trkpt lat="36.96002" lon="-118.43833999999998"><ele>3294.0</ele></trkpt><trkpt lat="36.95977" lon="-118.43801000000002"><ele>3296.912008465755</ele></trkpt><trkpt lat="36.95971" lon="-118.43788"><ele>3298.0</ele></trkpt><trkpt lat="36.95948" lon="-118.43770999999998"><ele>3300.0</ele></trkpt><trkpt lat="36.95943" lon="-118.43757"><ele>3301.370501661673</ele></trkpt><trkpt lat="36.95907" lon="-118.43713000000002"><ele>3302.56990365801</ele></trkpt><trkpt lat="36.95886" lon="-118.43698"><ele>3303.993617463105</ele></trkpt><trkpt lat="36.9588" lon="-118.43696999999997"><ele>3304.6699418595526</ele></trkpt><trkpt lat="36.95856" lon="-118.43671999999998"><ele>3304.0</ele></trkpt><trkpt lat="36.95832954341452" lon="-118.4366815905691"><ele>3306.4610397880897</ele></trkpt><trkpt lat="36.95832600834986" lon="-118.43668100139007"><ele>3306.5641254577786</ele></trkpt><trkpt lat="36.95832" lon="-118.43668000000002"><ele>3306.7393343411386</ele></trkpt><trkpt lat="36.95751" lon="-118.43664000000001"><ele>3318.59786142176</ele></trkpt><trkpt lat="36.9573" lon="-118.43659000000002"><ele>3323.077590207373</ele></trkpt><trkpt lat="36.95696" lon="-118.43639999999999"><ele>3329.0437214632984</ele></trkpt><trkpt lat="36.95685" lon="-118.43639000000002"><ele>3331.412903111428</ele></trkpt><trkpt lat="36.95673" lon="-118.43641000000002"><ele>3333.8916095452637</ele></trkpt><trkpt lat="36.95658" lon="-118.43637000000001"><ele>3335.9468693337403</ele></trkpt><trkpt lat="36.95631" lon="-118.43637000000001"><ele>3339.333265577503</ele></trkpt><trkpt lat="36.95624" lon="-118.43639000000002"><ele>3340.1623426833676</ele></trkpt><trkpt lat="36.95597" lon="-118.43653999999998"><ele>3343.9081564440858</ele></trkpt><trkpt lat="36.95585" lon="-118.43653"><ele>3344.0</ele></trkpt><trkpt lat="36.95582" lon="-118.43648999999999"><ele>3344.1645322348604</ele></trkpt><trkpt lat="36.95579" lon="-118.43635"><ele>3345.0</ele></trkpt><trkpt lat="36.95575" lon="-118.43624999999997"><ele>3345.1026910193505</ele></trkpt><trkpt lat="36.9556" lon="-118.43603999999999"><ele>3345.0142963420126</ele></trkpt><trkpt lat="36.95504" lon="-118.43569000000002"><ele>3350.0</ele></trkpt><trkpt lat="36.95474" lon="-118.43543"><ele>3352.1328952927142</ele></trkpt><trkpt lat="36.95465" lon="-118.43540000000002"><ele>3353.260669417836</ele></trkpt><trkpt lat="36.95443" lon="-118.43525"><ele>3356.0</ele></trkpt><trkpt lat="36.9538" lon="-118.43516"><ele>3354.248174222186</ele></trkpt><trkpt lat="36.95357" lon="-118.43502999999998"><ele>3355.0</ele></trkpt><trkpt lat="36.95331" lon="-118.43482"><ele>3356.0</ele></trkpt><trkpt lat="36.95307" lon="-118.43448999999998"><ele>3358.8603057779837</ele></trkpt><trkpt lat="36.95301" lon="-118.43434000000002"><ele>3360.1499377288173</ele></trkpt><trkpt lat="36.95291" lon="-118.43421000000001"><ele>3360.1946253119395</ele></trkpt><trkpt lat="36.95267" lon="-118.43402000000003"><ele>3361.0</ele></trkpt><trkpt lat="36.9522" lon="-118.43353000000002"><ele>3363.0</ele></trkpt><trkpt lat="36.95175" lon="-118.43297999999999"><ele>3360.0</ele></trkpt><trkpt lat="36.95171" lon="-118.43297000000001"><ele>3360.0</ele></trkpt><trkpt lat="36.95159" lon="-118.43303000000003"><ele>3360.0</ele></trkpt><trkpt lat="36.95144" lon="-118.43304999999998"><ele>3362.3572502983734</ele></trkpt><trkpt lat="36.95105" lon="-118.43300999999997"><ele>3366.653194665909</ele></trkpt><trkpt lat="36.95091" lon="-118.43313"><ele>3368.0</ele></trkpt><trkpt lat="36.95085" lon="-118.43312000000003"><ele>3367.2163804452866</ele></trkpt><trkpt lat="36.95076" lon="-118.43304"><ele>3367.0</ele></trkpt><trkpt lat="36.95066" lon="-118.43302"><ele>3367.089134799526</ele></trkpt><trkpt lat="36.95061" lon="-118.43303000000003"><ele>3368.0</ele></trkpt><trkpt lat="36.95055" lon="-118.43309999999997"><ele>3368.0</ele></trkpt><trkpt lat="36.95044" lon="-118.43309999999997"><ele>3369.0</ele></trkpt><trkpt lat="36.95036" lon="-118.43293"><ele>3370.0</ele></trkpt><trkpt lat="36.95029" lon="-118.43290999999999"><ele>3370.287170082281</ele></trkpt><trkpt lat="36.95025" lon="-118.43293"><ele>3370.74541418553</ele></trkpt><trkpt lat="36.95017" lon="-118.43308000000002"><ele>3370.0</ele></trkpt><trkpt lat="36.95008" lon="-118.43313"><ele>3370.0</ele></trkpt><trkpt lat="36.94989" lon="-118.43315000000001"><ele>3370.0</ele></trkpt><trkpt lat="36.94989" lon="-118.43315000000001"><ele>3370.0</ele></trkpt><trkpt lat="36.9498" lon="-118.43308999999999"><ele>3370.397581204645</ele></trkpt><trkpt lat="36.94977" lon="-118.43294000000003"><ele>3372.0289405642543</ele></trkpt><trkpt lat="36.94975" lon="-118.43293"><ele>3372.711337888316</ele></trkpt><trkpt lat="36.94959" lon="-118.43299999999999"><ele>3372.5798222224694</ele></trkpt><trkpt lat="36.94934" lon="-118.43297999999999"><ele>3373.045856000157</ele></trkpt><trkpt lat="36.9493" lon="-118.43295999999998"><ele>3373.5118897780776</ele></trkpt><trkpt lat="36.94925" lon="-118.43288000000001"><ele>3374.080066980375</ele></trkpt><trkpt lat="36.94926" lon="-118.43279000000001"><ele>3375.5518211594317</ele></trkpt><trkpt lat="36.94924" lon="-118.43275"><ele>3376.405244444497</ele></trkpt><trkpt lat="36.94917" lon="-118.43263999999999"><ele>3377.968430222245</ele></trkpt><trkpt lat="36.94911" lon="-118.43261999999999"><ele>3378.1281520282146</ele></trkpt><trkpt lat="36.94911" lon="-118.43261999999999"><ele>3378.1281520282146</ele></trkpt><trkpt lat="36.94899" lon="-118.43261999999999"><ele>3379.3448982402333</ele></trkpt><trkpt lat="36.94899" lon="-118.43261999999999"><ele>3379.3448982402333</ele></trkpt><trkpt lat="36.94862" lon="-118.43268"><ele>3380.0363626666367</ele></trkpt><trkpt lat="36.94831" lon="-118.43261999999999"><ele>3383.0</ele></trkpt><trkpt lat="36.94831" lon="-118.43261999999999"><ele>3383.0</ele></trkpt><trkpt lat="36.94822" lon="-118.43261999999999"><ele>3384.1063894549275</ele></trkpt><trkpt lat="36.94822" lon="-118.43261999999999"><ele>3384.1063894549275</ele></trkpt><trkpt lat="36.9479" lon="-118.43276000000003"><ele>3385.0990490283175</ele></trkpt><trkpt lat="36.94782" lon="-118.43282999999997"><ele>3385.0</ele></trkpt><trkpt lat="36.94773" lon="-118.43284"><ele>3384.468225462362</ele></trkpt><trkpt lat="36.94759" lon="-118.43279000000001"><ele>3385.0</ele></trkpt><trkpt lat="36.94757" lon="-118.43275"><ele>3385.405244444497</ele></trkpt><trkpt lat="36.94758" lon="-118.43267000000003"><ele>3387.338571661847</ele></trkpt><trkpt lat="36.94753" lon="-118.43261999999999"><ele>3388.0</ele></trkpt><trkpt lat="36.94753" lon="-118.43261999999999"><ele>3388.0</ele></trkpt><trkpt lat="36.94744" lon="-118.43258000000003"><ele>3388.0</ele></trkpt><trkpt lat="36.94739" lon="-118.43261999999999"><ele>3388.0</ele></trkpt><trkpt lat="36.94739" lon="-118.43261999999999"><ele>3388.0</ele></trkpt><trkpt lat="36.94712" lon="-118.43264999999997"><ele>3389.7354133338667</ele></trkpt><trkpt lat="36.94706" lon="-118.43261999999999"><ele>3391.0</ele></trkpt><trkpt lat="36.94706" lon="-118.43261999999999"><ele>3391.0</ele></trkpt><trkpt lat="36.947" lon="-118.4325"><ele>3392.0</ele></trkpt><trkpt lat="36.94689" lon="-118.43245999999999"><ele>3392.019582132816</ele></trkpt><trkpt lat="36.94688" lon="-118.43236000000002"><ele>3392.685046605766</ele></trkpt><trkpt lat="36.9469" lon="-118.4323"><ele>3392.3479424984034</ele></trkpt><trkpt lat="36.94691" lon="-118.43209999999999"><ele>3392.0</ele></trkpt><trkpt lat="36.94682" lon="-118.43187999999998"><ele>3393.020737121938</ele></trkpt><trkpt lat="36.9468" lon="-118.43169"><ele>3394.0</ele></trkpt><trkpt lat="36.9469" lon="-118.43135999999998"><ele>3395.0</ele></trkpt><trkpt lat="36.9469" lon="-118.43132000000003"><ele>3395.0</ele></trkpt><trkpt lat="36.94682" lon="-118.43122"><ele>3395.0531718862094</ele></trkpt><trkpt lat="36.9468" lon="-118.43105000000003"><ele>3396.3642557070757</ele></trkpt><trkpt lat="36.94668" lon="-118.43090000000001"><ele>3396.0</ele></trkpt><trkpt lat="36.94665" lon="-118.43081000000001"><ele>3395.38132244894</ele></trkpt><trkpt lat="36.94661" lon="-118.43056000000001"><ele>3394.8128006029874</ele></trkpt><trkpt lat="36.94665" lon="-118.43031000000002"><ele>3394.984531151153</ele></trkpt><trkpt lat="36.94663" lon="-118.43016"><ele>3396.2995672568413</ele></trkpt><trkpt lat="36.94666" lon="-118.43002999999999"><ele>3398.843795074871</ele></trkpt><trkpt lat="36.94665" lon="-118.42993000000001"><ele>3399.0</ele></trkpt><trkpt lat="36.94643" lon="-118.42961000000003"><ele>3398.5646521002054</ele></trkpt><trkpt lat="36.94618" lon="-118.42883999999998"><ele>3400.790425531566</ele></trkpt><trkpt lat="36.946" lon="-118.42874999999998"><ele>3402.0</ele></trkpt><trkpt lat="36.94583" lon="-118.42876999999999"><ele>3402.9394376314845</ele></trkpt><trkpt lat="36.94554" lon="-118.42867000000001"><ele>3403.0</ele></trkpt><trkpt lat="36.94533" lon="-118.42865"><ele>3402.9706740116817</ele></trkpt><trkpt lat="36.94518" lon="-118.42860999999999"><ele>3399.9937548877206</ele></trkpt><trkpt lat="36.94509" lon="-118.42842000000002"><ele>3401.9464684446284</ele></trkpt><trkpt lat="36.94502" lon="-118.42835000000002"><ele>3401.0</ele></trkpt><trkpt lat="36.94491" lon="-118.42833000000002"><ele>3401.0</ele></trkpt><trkpt lat="36.94473" lon="-118.42821000000004"><ele>3401.0</ele></trkpt><trkpt lat="36.94464" lon="-118.42806999999999"><ele>3402.171616114283</ele></trkpt><trkpt lat="36.94443" lon="-118.42804000000001"><ele>3403.252725271508</ele></trkpt><trkpt lat="36.94433" lon="-118.42797999999999"><ele>3403.186892989579</ele></trkpt><trkpt lat="36.94414" lon="-118.42767000000003"><ele>3407.7778239990585</ele></trkpt><trkpt lat="36.94398" lon="-118.42714999999998"><ele>3418.146229049174</ele></trkpt><trkpt lat="36.94399" lon="-118.42712"><ele>3419.7841859874607</ele></trkpt><trkpt lat="36.94414" lon="-118.42703"><ele>3424.9374462446067</ele></trkpt><trkpt lat="36.94434" lon="-118.42703"><ele>3428.194335686974</ele></trkpt><trkpt lat="36.94441" lon="-118.42709000000002"><ele>3429.0</ele></trkpt><trkpt lat="36.94448" lon="-118.42709000000002"><ele>3430.2080383273455</ele></trkpt><trkpt lat="36.94456" lon="-118.42701"><ele>3431.8860153332353</ele></trkpt><trkpt lat="36.94468" lon="-118.42701"><ele>3434.5416324120015</ele></trkpt><trkpt lat="36.94474" lon="-118.42696999999998"><ele>3437.581947369501</ele></trkpt><trkpt lat="36.94461" lon="-118.42685"><ele>3435.385944890557</ele></trkpt><trkpt lat="36.94463" lon="-118.42676"><ele>3438.066209959099</ele></trkpt><trkpt lat="36.94461" lon="-118.42667"><ele>3438.5802488909103</ele></trkpt><trkpt lat="36.94456" lon="-118.42659000000003"><ele>3439.9436479990836</ele></trkpt><trkpt lat="36.94419" lon="-118.42635000000001"><ele>3439.345456117284</ele></trkpt><trkpt lat="36.94395" lon="-118.42615"><ele>3438.196391111007</ele></trkpt><trkpt lat="36.94388" lon="-118.42606"><ele>3438.5107568672393</ele></trkpt><trkpt lat="36.9437" lon="-118.42601000000002"><ele>3438.0</ele></trkpt><trkpt lat="36.94362" lon="-118.42593999999997"><ele>3438.0</ele></trkpt><trkpt lat="36.94345" lon="-118.42587000000003"><ele>3437.0</ele></trkpt><trkpt lat="36.94338" lon="-118.42581000000001"><ele>3437.118965332862</ele></trkpt><trkpt lat="36.94318" lon="-118.42552"><ele>3440.0</ele></trkpt><trkpt lat="36.94305" lon="-118.42545000000001"><ele>3438.0183882592246</ele></trkpt><trkpt lat="36.9428" lon="-118.42505"><ele>3438.729637056589</ele></trkpt><trkpt lat="36.94266" lon="-118.42497000000003"><ele>3436.8917028116784</ele></trkpt><trkpt lat="36.94238" lon="-118.42461000000003"><ele>3434.565580875613</ele></trkpt><trkpt lat="36.94222" lon="-118.42431999999997"><ele>3437.0</ele></trkpt><trkpt lat="36.94205" lon="-118.42408"><ele>3440.430887110764</ele></trkpt><trkpt lat="36.94197" lon="-118.42403000000002"><ele>3441.316553014689</ele></trkpt><trkpt lat="36.94186" lon="-118.4239"><ele>3441.6251911111176</ele></trkpt><trkpt lat="36.94181" lon="-118.42376999999999"><ele>3443.654410666786</ele></trkpt><trkpt lat="36.94161" lon="-118.42341999999996"><ele>3449.810001778649</ele></trkpt><trkpt lat="36.94147" lon="-118.42329999999998"><ele>3453.5880436595176</ele></trkpt><trkpt lat="36.94138" lon="-118.42313999999999"><ele>3459.1148620016907</ele></trkpt><trkpt lat="36.94139" lon="-118.42311000000001"><ele>3460.0543622687187</ele></trkpt><trkpt lat="36.94147" lon="-118.42313000000001"><ele>3461.501428142514</ele></trkpt><trkpt lat="36.94148" lon="-118.42309999999998"><ele>3463.0239388579503</ele></trkpt><trkpt lat="36.94134" lon="-118.42293000000001"><ele>3466.227829333162</ele></trkpt><trkpt lat="36.94125" lon="-118.42288000000002"><ele>3468.6722260189345</ele></trkpt><trkpt lat="36.94122" lon="-118.42284000000001"><ele>3469.8759031277295</ele></trkpt><trkpt lat="36.94109" lon="-118.42275000000001"><ele>3474.4221333330497</ele></trkpt><trkpt lat="36.94089" lon="-118.42236000000003"><ele>3482.532410034516</ele></trkpt><trkpt lat="36.9408" lon="-118.42227000000003"><ele>3485.441668518524</ele></trkpt><trkpt lat="36.94062" lon="-118.42200000000003"><ele>3490.8143503899673</ele></trkpt><trkpt lat="36.94039" lon="-118.42176"><ele>3497.4908053330146</ele></trkpt><trkpt lat="36.94012" lon="-118.42167"><ele>3501.587957333075</ele></trkpt><trkpt lat="36.94008" lon="-118.42160999999999"><ele>3502.423580746424</ele></trkpt><trkpt lat="36.93993" lon="-118.42111"><ele>3510.035976355493</ele></trkpt><trkpt lat="36.93994" lon="-118.42097999999999"><ele>3511.130345319253</ele></trkpt><trkpt lat="36.9397" lon="-118.42075"><ele>3512.0255111109</ele></trkpt><trkpt lat="36.93977" lon="-118.42072000000002"><ele>3513.7245617774315</ele></trkpt><trkpt lat="36.93992" lon="-118.42079000000001"><ele>3515.8583913729526</ele></trkpt><trkpt lat="36.93987" lon="-118.42070000000001"><ele>3516.556412642033</ele></trkpt><trkpt lat="36.93989" lon="-118.42063999999999"><ele>3519.433922577134</ele></trkpt><trkpt lat="36.93981" lon="-118.42061999999999"><ele>3517.612756746821</ele></trkpt><trkpt lat="36.93979" lon="-118.42059"><ele>3517.7476135301995</ele></trkpt><trkpt lat="36.93987" lon="-118.42057"><ele>3520.5270706568845</ele></trkpt><trkpt lat="36.93986" lon="-118.42048999999997"><ele>3522.0996674294583</ele></trkpt><trkpt lat="36.93992" lon="-118.42050999999998"><ele>3523.382864262676</ele></trkpt><trkpt lat="36.93992" lon="-118.42048"><ele>3524.0819149287418</ele></trkpt><trkpt lat="36.93986" lon="-118.42045000000002"><ele>3523.015717206523</ele></trkpt><trkpt lat="36.93978" lon="-118.42021"><ele>3522.8760314024757</ele></trkpt><trkpt lat="36.93981" lon="-118.42018000000002"><ele>3523.8654998571146</ele></trkpt><trkpt lat="36.93977" lon="-118.42014"><ele>3523.631415201351</ele></trkpt><trkpt lat="36.93972" lon="-118.41993000000002"><ele>3526.0670804649126</ele></trkpt><trkpt lat="36.93972" lon="-118.41982000000002"><ele>3527.6302662428934</ele></trkpt><trkpt lat="36.93964" lon="-118.41937999999999"><ele>3532.172965366858</ele></trkpt><trkpt lat="36.93945" lon="-118.41886999999997"><ele>3535.8953644370195</ele></trkpt><trkpt lat="36.93921" lon="-118.41858000000002"><ele>3537.655983183533</ele></trkpt><trkpt lat="36.93918" lon="-118.41849000000002"><ele>3538.7471108402606</ele></trkpt><trkpt lat="36.93916" lon="-118.41836999999998"><ele>3540.79761038407</ele></trkpt><trkpt lat="36.93921" lon="-118.41809999999998"><ele>3543.0658071842045</ele></trkpt><trkpt lat="36.93919" lon="-118.418"><ele>3544.53712881884</ele></trkpt><trkpt lat="36.93917" lon="-118.41744"><ele>3547.8996641542763</ele></trkpt><trkpt lat="36.93907" lon="-118.41732999999999"><ele>3547.717287111329</ele></trkpt><trkpt lat="36.93898" lon="-118.41732000000002"><ele>3547.950303999707</ele></trkpt><trkpt lat="36.93891" lon="-118.41728"><ele>3547.8823715553153</ele></trkpt><trkpt lat="36.93886" lon="-118.41721999999999"><ele>3548.280472889077</ele></trkpt><trkpt lat="36.93868" lon="-118.41685999999999"><ele>3551.8724180166064</ele></trkpt><trkpt lat="36.93846" lon="-118.41665999999998"><ele>3555.3294186671264</ele></trkpt><trkpt lat="36.93818" lon="-118.41646000000003"><ele>3557.9897564435378</ele></trkpt><trkpt lat="36.93777" lon="-118.41595999999998"><ele>3566.695080000151</ele></trkpt><trkpt lat="36.93779" lon="-118.41591"><ele>3568.7411931676443</ele></trkpt><trkpt lat="36.93786" lon="-118.41593999999998"><ele>3568.8465029739527</ele></trkpt><trkpt lat="36.93788" lon="-118.41591"><ele>3570.097564984346</ele></trkpt><trkpt lat="36.93782" lon="-118.41577000000001"><ele>3573.610617643455</ele></trkpt><trkpt lat="36.93782" lon="-118.41570999999999"><ele>3575.0087189774495</ele></trkpt><trkpt lat="36.93786" lon="-118.41566"><ele>3577.3399257918354</ele></trkpt><trkpt lat="36.93807" lon="-118.41566999999998"><ele>3583.8982597007484</ele></trkpt><trkpt lat="36.93818" lon="-118.41561999999999"><ele>3586.6222931991065</ele></trkpt><trkpt lat="36.93813" lon="-118.41553999999996"><ele>3587.675218627977</ele></trkpt><trkpt lat="36.93828" lon="-118.41534999999999"><ele>3594.8546311112586</ele></trkpt><trkpt lat="36.93821" lon="-118.41473000000002"><ele>3601.938837547935</ele></trkpt><trkpt lat="36.93818" lon="-118.41469000000001"><ele>3602.0</ele></trkpt><trkpt lat="36.93798" lon="-118.41462000000001"><ele>3602.8648639996536</ele></trkpt><trkpt lat="36.93797" lon="-118.41458999999998"><ele>3603.5639146668836</ele></trkpt><trkpt lat="36.93801" lon="-118.41453000000001"><ele>3605.0755697178</ele></trkpt><trkpt lat="36.93803" lon="-118.41439000000003"><ele>3608.149093147459</ele></trkpt><trkpt lat="36.93799" lon="-118.41422999999998"><ele>3610.475042264702</ele></trkpt><trkpt lat="36.93802" lon="-118.41404"><ele>3614.379843555391</ele></trkpt><trkpt lat="36.93796" lon="-118.41386999999997"><ele>3618.3411306671333</ele></trkpt><trkpt lat="36.93798" lon="-118.41363999999999"><ele>3622.7005191112403</ele></trkpt><trkpt lat="36.93795" lon="-118.41336999999999"><ele>3625.9919751111884</ele></trkpt><trkpt lat="36.93801" lon="-118.41316"><ele>3628.0</ele></trkpt><trkpt lat="36.93799" lon="-118.41296"><ele>3630.7734152468474</ele></trkpt><trkpt lat="36.93797" lon="-118.41289"><ele>3632.246217384401</ele></trkpt><trkpt lat="36.93785" lon="-118.41280999999998"><ele>3635.081841778476</ele></trkpt><trkpt lat="36.93765" lon="-118.41275999999999"><ele>3636.206005333457</ele></trkpt><trkpt lat="36.93754" lon="-118.41277000000002"><ele>3636.9459768878296</ele></trkpt><trkpt lat="36.93738" lon="-118.41287999999997"><ele>3636.6430703885617</ele></trkpt><trkpt lat="36.93742" lon="-118.4128"><ele>3638.666369730141</ele></trkpt><trkpt lat="36.9374" lon="-118.4128"><ele>3639.249427626375</ele></trkpt><trkpt lat="36.93725" lon="-118.41289"><ele>3643.238099932021</ele></trkpt><trkpt lat="36.93702" lon="-118.41313000000002"><ele>3645.364003452938</ele></trkpt><trkpt lat="36.93699" lon="-118.41314"><ele>3645.775704892998</ele></trkpt><trkpt lat="36.93694" lon="-118.41309000000001"><ele>3647.0869771466614</ele></trkpt><trkpt lat="36.93694" lon="-118.41302999999999"><ele>3648.0</ele></trkpt><trkpt lat="36.937" lon="-118.41289"><ele>3648.6521331146564</ele></trkpt><trkpt lat="36.93694" lon="-118.41284999999999"><ele>3652.0</ele></trkpt><trkpt lat="36.93687" lon="-118.41293000000002"><ele>3652.512452302291</ele></trkpt><trkpt lat="36.93682" lon="-118.41291000000001"><ele>3654.6101644728333</ele></trkpt><trkpt lat="36.9368" lon="-118.41280999999998"><ele>3657.2011244199557</ele></trkpt><trkpt lat="36.93677" lon="-118.4128"><ele>3658.3417352258693</ele></trkpt><trkpt lat="36.93657" lon="-118.41307"><ele>3663.7791213486344</ele></trkpt><trkpt lat="36.93651" lon="-118.41300000000001"><ele>3665.397289740686</ele></trkpt><trkpt lat="36.9365" lon="-118.41291999999999"><ele>3666.448592786617</ele></trkpt><trkpt lat="36.93657" lon="-118.41278999999997"><ele>3666.353727193544</ele></trkpt><trkpt lat="36.93656" lon="-118.41259000000002"><ele>3671.357137943385</ele></trkpt><trkpt lat="36.93648" lon="-118.41264999999999"><ele>3672.5824819109403</ele></trkpt><trkpt lat="36.93643" lon="-118.41257000000002"><ele>3676.972224155945</ele></trkpt><trkpt lat="36.93629" lon="-118.41271999999998"><ele>3680.268549538195</ele></trkpt><trkpt lat="36.93625" lon="-118.41278999999997"><ele>3680.580139008232</ele></trkpt><trkpt lat="36.93621" lon="-118.41280999999998"><ele>3682.8112727832454</ele></trkpt><trkpt lat="36.9362" lon="-118.41278"><ele>3683.602770704144</ele></trkpt><trkpt lat="36.93626" lon="-118.41264000000001"><ele>3684.873406335246</ele></trkpt><trkpt lat="36.93616" lon="-118.41255999999998"><ele>3688.9800641047477</ele></trkpt><trkpt lat="36.93616" lon="-118.41255999999998"><ele>3688.9800641047477</ele></trkpt><trkpt lat="36.93609" lon="-118.41251"><ele>3689.045633923728</ele></trkpt><trkpt lat="36.936" lon="-118.41255000000001"><ele>3687.286055501085</ele></trkpt><trkpt lat="36.93592" lon="-118.41255000000001"><ele>3683.953868293669</ele></trkpt><trkpt lat="36.93568" lon="-118.41248000000002"><ele>3681.581100100878</ele></trkpt><trkpt lat="36.93569" lon="-118.41244"><ele>3679.674908444751</ele></trkpt><trkpt lat="36.93588" lon="-118.41242999999997"><ele>3677.301217967929</ele></trkpt><trkpt lat="36.936" lon="-118.41230999999999"><ele>3674.101244833786</ele></trkpt><trkpt lat="36.93599" lon="-118.41228000000001"><ele>3672.7269100050344</ele></trkpt><trkpt lat="36.93582" lon="-118.41228999999998"><ele>3667.8843046651195</ele></trkpt><trkpt lat="36.93586" lon="-118.41223000000002"><ele>3665.246542594359</ele></trkpt><trkpt lat="36.93566" lon="-118.41223000000002"><ele>3662.521930610592</ele></trkpt><trkpt lat="36.93548" lon="-118.41232000000002"><ele>3663.773124268637</ele></trkpt><trkpt lat="36.93539" lon="-118.41233"><ele>3664.092003558267</ele></trkpt><trkpt lat="36.9349" lon="-118.41233"><ele>3661.548536889255</ele></trkpt><trkpt lat="36.93477" lon="-118.41228000000001"><ele>3659.218368000351</ele></trkpt><trkpt lat="36.93459" lon="-118.41217"><ele>3655.454836360305</ele></trkpt><trkpt lat="36.93443" lon="-118.41221999999999"><ele>3653.362228190098</ele></trkpt><trkpt lat="36.9344" lon="-118.41219000000001"><ele>3652.353528486332</ele></trkpt><trkpt lat="36.93444" lon="-118.41212999999999"><ele>3651.120635134301</ele></trkpt><trkpt lat="36.93448" lon="-118.41196000000002"><ele>3647.3262807375286</ele></trkpt><trkpt lat="36.93454" lon="-118.41188"><ele>3645.554727969042</ele></trkpt><trkpt lat="36.93454" lon="-118.41183000000001"><ele>3644.055703514603</ele></trkpt><trkpt lat="36.93451" lon="-118.41181"><ele>3642.7055807944853</ele></trkpt><trkpt lat="36.93437" lon="-118.41187000000002"><ele>3642.020601604286</ele></trkpt><trkpt lat="36.93425" lon="-118.41201999999998"><ele>3639.2776399347827</ele></trkpt><trkpt lat="36.93424" lon="-118.41197"><ele>3637.671757640955</ele></trkpt><trkpt lat="36.93429" lon="-118.41188"><ele>3637.1064626614625</ele></trkpt><trkpt lat="36.93425" lon="-118.41188"><ele>3636.288508444326</ele></trkpt><trkpt lat="36.93404" lon="-118.41210000000001"><ele>3633.1766536547802</ele></trkpt><trkpt lat="36.9339" lon="-118.41215"><ele>3628.845637050923</ele></trkpt><trkpt lat="36.93406" lon="-118.41185999999999"><ele>3623.764840448386</ele></trkpt><trkpt lat="36.93411" lon="-118.41155000000003"><ele>3621.2185558438837</ele></trkpt><trkpt lat="36.93422" lon="-118.41133000000002"><ele>3618.539347986225</ele></trkpt><trkpt lat="36.93418" lon="-118.41125"><ele>3615.6084444446024</ele></trkpt><trkpt lat="36.93445" lon="-118.41115000000002"><ele>3613.5773596893996</ele></trkpt><trkpt lat="36.93434" lon="-118.41109"><ele>3610.869103210594</ele></trkpt><trkpt lat="36.934" lon="-118.41101000000003"><ele>3608.0349785725907</ele></trkpt><trkpt lat="36.934" lon="-118.41097000000002"><ele>3607.0839715560433</ele></trkpt><trkpt lat="36.9337" lon="-118.41102999999998"><ele>3606.7075627259183</ele></trkpt><trkpt lat="36.93359" lon="-118.41095000000001"><ele>3605.0</ele></trkpt><trkpt lat="36.93349" lon="-118.41093999999998"><ele>3604.1206990183537</ele></trkpt><trkpt lat="36.93342" lon="-118.41101000000003"><ele>3602.5736432840195</ele></trkpt><trkpt lat="36.93335" lon="-118.411"><ele>3602.0</ele></trkpt><trkpt lat="36.93326" lon="-118.41093000000001"><ele>3600.668188859794</ele></trkpt><trkpt lat="36.93307" lon="-118.41095999999999"><ele>3598.0104355692374</ele></trkpt><trkpt lat="36.93309" lon="-118.41102999999998"><ele>3596.8561546693</ele></trkpt><trkpt lat="36.93305" lon="-118.41122999999999"><ele>3595.486991457641</ele></trkpt><trkpt lat="36.93294" lon="-118.41142000000002"><ele>3590.280358796008</ele></trkpt><trkpt lat="36.93289" lon="-118.41165000000001"><ele>3586.8228000272065</ele></trkpt><trkpt lat="36.93284" lon="-118.41164000000003"><ele>3584.7304844260216</ele></trkpt><trkpt lat="36.9328" lon="-118.41155000000003"><ele>3582.3983932994306</ele></trkpt><trkpt lat="36.93269" lon="-118.41140999999999"><ele>3576.9876492870144</ele></trkpt><trkpt lat="36.93265" lon="-118.41113999999999"><ele>3575.479593716562</ele></trkpt><trkpt lat="36.93261" lon="-118.41104000000001"><ele>3574.3209771681577</ele></trkpt><trkpt lat="36.93262" lon="-118.41086000000001"><ele>3574.903998380527</ele></trkpt><trkpt lat="36.93247" lon="-118.41064"><ele>3570.930186656819</ele></trkpt><trkpt lat="36.93247" lon="-118.41064"><ele>3570.930186656819</ele></trkpt><trkpt lat="36.93241" lon="-118.41057999999998"><ele>3569.837032944698</ele></trkpt><trkpt lat="36.93233" lon="-118.41059999999999"><ele>3567.5376533337403</ele></trkpt><trkpt lat="36.93236" lon="-118.41064"><ele>3566.978321623523</ele></trkpt><trkpt lat="36.93236" lon="-118.41064"><ele>3566.978321623523</ele></trkpt><trkpt lat="36.93241" lon="-118.41079000000002"><ele>3565.9406169257127</ele></trkpt><trkpt lat="36.93247" lon="-118.41128000000003"><ele>3563.1586882118136</ele></trkpt><trkpt lat="36.93243" lon="-118.41129000000001"><ele>3560.8266084082425</ele></trkpt><trkpt lat="36.9324" lon="-118.41119000000003"><ele>3560.077549356967</ele></trkpt><trkpt lat="36.93233" lon="-118.41110000000003"><ele>3557.385016013868</ele></trkpt><trkpt lat="36.93233" lon="-118.41113999999999"><ele>3556.475496649524</ele></trkpt><trkpt lat="36.93233" lon="-118.41113999999999"><ele>3556.475496649524</ele></trkpt><trkpt lat="36.93231" lon="-118.41120000000001"><ele>3554.915188167244</ele></trkpt><trkpt lat="36.93219" lon="-118.41119000000003"><ele>3552.0</ele></trkpt><trkpt lat="36.93212" lon="-118.41111999999998"><ele>3550.7972908201627</ele></trkpt><trkpt lat="36.93189" lon="-118.41104999999999"><ele>3546.0348632601517</ele></trkpt><trkpt lat="36.93158" lon="-118.41109"><ele>3543.0</ele></trkpt><trkpt lat="36.93146" lon="-118.41102000000001"><ele>3542.102897284395</ele></trkpt><trkpt lat="36.93122" lon="-118.41098999999997"><ele>3541.3865965479868</ele></trkpt><trkpt lat="36.93104" lon="-118.41102999999998"><ele>3541.5179271113593</ele></trkpt><trkpt lat="36.930887516383635" lon="-118.41101394909299"><ele>3541.8919403527398</ele></trkpt><trkpt lat="36.93089592932479" lon="-118.41101483466122"><ele>3541.8713051173836</ele></trkpt><trkpt lat="36.93085" lon="-118.41101000000003"><ele>3541.349520136436</ele></trkpt><trkpt lat="36.9302" lon="-118.41066000000001"><ele>3530.9173220852363</ele></trkpt><trkpt lat="36.93015" lon="-118.41066000000001"><ele>3529.950041241944</ele></trkpt><trkpt lat="36.93013" lon="-118.41083000000003"><ele>3528.5453038467094</ele></trkpt><trkpt lat="36.93009" lon="-118.41086000000001"><ele>3527.0963387607285</ele></trkpt><trkpt lat="36.92988" lon="-118.41079000000002"><ele>3523.0795233305544</ele></trkpt><trkpt lat="36.9298" lon="-118.41064"><ele>3521.1419375990517</ele></trkpt><trkpt lat="36.9298" lon="-118.41064"><ele>3521.1419375990517</ele></trkpt><trkpt lat="36.92979" lon="-118.41053"><ele>3519.4560235543177</ele></trkpt><trkpt lat="36.92974" lon="-118.41046"><ele>3517.198635239387</ele></trkpt><trkpt lat="36.92959" lon="-118.41037"><ele>3512.6260351417586</ele></trkpt><trkpt lat="36.92941" lon="-118.41021"><ele>3507.611717922661</ele></trkpt><trkpt lat="36.92925" lon="-118.40994999999998"><ele>3505.4889435461573</ele></trkpt><trkpt lat="36.92919" lon="-118.40980000000002"><ele>3503.966104206629</ele></trkpt><trkpt lat="36.92916" lon="-118.40962999999999"><ele>3502.0787594827225</ele></trkpt><trkpt lat="36.92921" lon="-118.40949999999998"><ele>3502.4560208681796</ele></trkpt><trkpt lat="36.92922" lon="-118.40942999999999"><ele>3501.8723772070057</ele></trkpt><trkpt lat="36.92915" lon="-118.40924999999999"><ele>3500.0010127532823</ele></trkpt><trkpt lat="36.9291" lon="-118.40890999999999"><ele>3498.0</ele></trkpt><trkpt lat="36.92899" lon="-118.40870000000001"><ele>3498.0</ele></trkpt><trkpt lat="36.92892" lon="-118.40863999999999"><ele>3497.0</ele></trkpt><trkpt lat="36.9287" lon="-118.40834999999998"><ele>3495.0</ele></trkpt><trkpt lat="36.9287" lon="-118.40814999999998"><ele>3494.8816077621423</ele></trkpt><trkpt lat="36.92866" lon="-118.40809000000002"><ele>3495.0128641650986</ele></trkpt><trkpt lat="36.92865" lon="-118.40791999999999"><ele>3495.0</ele></trkpt><trkpt lat="36.9284" lon="-118.40757000000002"><ele>3494.0</ele></trkpt><trkpt lat="36.9283" lon="-118.40731"><ele>3493.2231871644035</ele></trkpt><trkpt lat="36.92827" lon="-118.40726000000001"><ele>3493.459545009728</ele></trkpt><trkpt lat="36.92812" lon="-118.40726999999998"><ele>3492.805707942912</ele></trkpt><trkpt lat="36.928" lon="-118.40721000000002"><ele>3491.6610139042036</ele></trkpt><trkpt lat="36.92786" lon="-118.40701999999999"><ele>3491.1889289951177</ele></trkpt><trkpt lat="36.92778" lon="-118.40685000000002"><ele>3490.854425990488</ele></trkpt><trkpt lat="36.92769" lon="-118.40645"><ele>3488.2419080976397</ele></trkpt><trkpt lat="36.92741" lon="-118.40633000000003"><ele>3486.922721249556</ele></trkpt><trkpt lat="36.92727" lon="-118.40620000000001"><ele>3488.0</ele></trkpt><trkpt lat="36.92725" lon="-118.40609"><ele>3488.0</ele></trkpt><trkpt lat="36.92725" lon="-118.40591"><ele>3488.0</ele></trkpt><trkpt lat="36.92711" lon="-118.40571"><ele>3487.0</ele></trkpt><trkpt lat="36.92697" lon="-118.40561000000002"><ele>3487.0</ele></trkpt><trkpt lat="36.92675" lon="-118.40557000000001"><ele>3488.0</ele></trkpt><trkpt lat="36.92654" lon="-118.40537"><ele>3488.1132899941454</ele></trkpt><trkpt lat="36.9266" lon="-118.40469999999999"><ele>3486.051590354933</ele></trkpt><trkpt lat="36.92652" lon="-118.40453000000002"><ele>3487.862367630936</ele></trkpt><trkpt lat="36.92651" lon="-118.40431999999998"><ele>3489.1538549102843</ele></trkpt><trkpt lat="36.92644" lon="-118.40408000000002"><ele>3490.1942648021504</ele></trkpt><trkpt lat="36.92643" lon="-118.40391"><ele>3491.206906940936</ele></trkpt><trkpt lat="36.92631" lon="-118.40343999999999"><ele>3490.993802131213</ele></trkpt><trkpt lat="36.92623" lon="-118.40323000000001"><ele>3489.22995559046</ele></trkpt><trkpt lat="36.9261" lon="-118.4031"><ele>3489.835954164191</ele></trkpt><trkpt lat="36.92606" lon="-118.40301"><ele>3490.433873159722</ele></trkpt><trkpt lat="36.92607" lon="-118.40282000000002"><ele>3487.962149034311</ele></trkpt><trkpt lat="36.92612" lon="-118.40268000000003"><ele>3486.998243607358</ele></trkpt><trkpt lat="36.9261" lon="-118.40255000000002"><ele>3485.9885515950155</ele></trkpt><trkpt lat="36.92595" lon="-118.40224"><ele>3484.13730914169</ele></trkpt><trkpt lat="36.92593" lon="-118.40197999999998"><ele>3481.745805243494</ele></trkpt><trkpt lat="36.92594" lon="-118.40179"><ele>3480.711600929033</ele></trkpt><trkpt lat="36.92578" lon="-118.40132"><ele>3479.528590120207</ele></trkpt><trkpt lat="36.92573" lon="-118.40098"><ele>3479.1898445293773</ele></trkpt><trkpt lat="36.92575" lon="-118.40030999999999"><ele>3475.517828645229</ele></trkpt><trkpt lat="36.9258" lon="-118.40008"><ele>3473.8493540855125</ele></trkpt><trkpt lat="36.9259" lon="-118.39997"><ele>3472.9345067068934</ele></trkpt><trkpt lat="36.92597" lon="-118.39994999999999"><ele>3470.8941112682223</ele></trkpt><trkpt lat="36.92606" lon="-118.39983000000001"><ele>3470.134516649636</ele></trkpt><trkpt lat="36.92631" lon="-118.39965999999998"><ele>3465.434205494663</ele></trkpt><trkpt lat="36.9265" lon="-118.39945999999998"><ele>3461.4981007487913</ele></trkpt><trkpt lat="36.92657" lon="-118.39929999999998"><ele>3460.2516684341244</ele></trkpt><trkpt lat="36.92659" lon="-118.39909999999998"><ele>3459.8219555979595</ele></trkpt><trkpt lat="36.92658" lon="-118.39889"><ele>3459.713012923021</ele></trkpt><trkpt lat="36.92644" lon="-118.39864"><ele>3459.9684123576153</ele></trkpt><trkpt lat="36.9264" lon="-118.39859999999999"><ele>3459.8420799998567</ele></trkpt><trkpt lat="36.92631" lon="-118.39861000000002"><ele>3460.2240585150034</ele></trkpt><trkpt lat="36.92622" lon="-118.39844"><ele>3459.0690790533768</ele></trkpt><trkpt lat="36.92616" lon="-118.39839999999998"><ele>3458.1817422218155</ele></trkpt><trkpt lat="36.92604" lon="-118.39837999999997"><ele>3456.715708443895</ele></trkpt><trkpt lat="36.92589" lon="-118.39812"><ele>3452.883260949515</ele></trkpt><trkpt lat="36.92563" lon="-118.39801"><ele>3451.0940835557412</ele></trkpt><trkpt lat="36.92556" lon="-118.39791000000002"><ele>3449.6454866509716</ele></trkpt><trkpt lat="36.92521" lon="-118.39760000000001"><ele>3446.0468757897615</ele></trkpt><trkpt lat="36.92516" lon="-118.39711"><ele>3443.565043142449</ele></trkpt><trkpt lat="36.92508" lon="-118.39701000000002"><ele>3443.628537006909</ele></trkpt><trkpt lat="36.92503" lon="-118.39690000000002"><ele>3442.2292088894174</ele></trkpt><trkpt lat="36.92487" lon="-118.39683000000002"><ele>3441.5980906672776</ele></trkpt><trkpt lat="36.92487" lon="-118.39678000000004"><ele>3440.433006223291</ele></trkpt><trkpt lat="36.92494" lon="-118.39666999999997"><ele>3437.8698204439133</ele></trkpt><trkpt lat="36.92476" lon="-118.39663000000002"><ele>3435.8856856820094</ele></trkpt><trkpt lat="36.92474" lon="-118.39659"><ele>3434.753627791827</ele></trkpt><trkpt lat="36.92483" lon="-118.39657"><ele>3433.0793031114154</ele></trkpt><trkpt lat="36.92479" lon="-118.39652999999998"><ele>3432.1756514929375</ele></trkpt><trkpt lat="36.92429" lon="-118.39648999999997"><ele>3425.6755164440256</ele></trkpt><trkpt lat="36.92424" lon="-118.39643999999998"><ele>3424.5104319995735</ele></trkpt><trkpt lat="36.92424" lon="-118.39638000000002"><ele>3424.0</ele></trkpt><trkpt lat="36.92433" lon="-118.3963"><ele>3421.496391110588</ele></trkpt><trkpt lat="36.9244" lon="-118.39627000000002"><ele>3420.549144889228</ele></trkpt><trkpt lat="36.92435" lon="-118.39621999999997"><ele>3419.3840604438446</ele></trkpt><trkpt lat="36.92423" lon="-118.39618999999999"><ele>3417.685009777546</ele></trkpt><trkpt lat="36.9241" lon="-118.39612999999997"><ele>3416.2869084437843</ele></trkpt><trkpt lat="36.92402" lon="-118.39602000000002"><ele>3413.530487056976</ele></trkpt><trkpt lat="36.924" lon="-118.39587"><ele>3411.54442244838</ele></trkpt><trkpt lat="36.92395" lon="-118.39573000000001"><ele>3410.765687342088</ele></trkpt><trkpt lat="36.92395" lon="-118.39552000000003"><ele>3408.8462191857398</ele></trkpt><trkpt lat="36.92375" lon="-118.39504"><ele>3402.955549700332</ele></trkpt><trkpt lat="36.9235" lon="-118.39488"><ele>3401.1421858421086</ele></trkpt><trkpt lat="36.92329" lon="-118.39483999999999"><ele>3401.22772977734</ele></trkpt><trkpt lat="36.92314" lon="-118.39465000000001"><ele>3398.800408889074</ele></trkpt><trkpt lat="36.92306" lon="-118.39465000000001"><ele>3398.800408889074</ele></trkpt><trkpt lat="36.92299" lon="-118.39468999999997"><ele>3398.732476443518</ele></trkpt><trkpt lat="36.92287" lon="-118.39467000000002"><ele>3397.26644266746</ele></trkpt><trkpt lat="36.92276" lon="-118.39465000000001"><ele>3396.9084097008385</ele></trkpt><trkpt lat="36.92265" lon="-118.39456999999999"><ele>3394.957616356775</ele></trkpt><trkpt lat="36.92243" lon="-118.39453000000003"><ele>3392.0042062231805</ele></trkpt><trkpt lat="36.92228" lon="-118.39458000000002"><ele>3390.7197446501814</ele></trkpt><trkpt lat="36.92218" lon="-118.39458000000002"><ele>3388.805035663303</ele></trkpt><trkpt lat="36.92193" lon="-118.39414"><ele>3384.3489892538637</ele></trkpt><trkpt lat="36.92184" lon="-118.39411000000001"><ele>3382.7854087225833</ele></trkpt><trkpt lat="36.92158" lon="-118.39411999999999"><ele>3381.0</ele></trkpt><trkpt lat="36.92146" lon="-118.39405999999997"><ele>3379.6499531352893</ele></trkpt><trkpt lat="36.92138" lon="-118.39398"><ele>3378.05991186517</ele></trkpt><trkpt lat="36.92125" lon="-118.39393000000001"><ele>3377.0</ele></trkpt><trkpt lat="36.92092" lon="-118.39395999999999"><ele>3373.6577755760063</ele></trkpt><trkpt lat="36.92081" lon="-118.394"><ele>3372.4610385946407</ele></trkpt><trkpt lat="36.92055" lon="-118.39395999999999"><ele>3369.091383648855</ele></trkpt><trkpt lat="36.92037" lon="-118.39405"><ele>3366.978358725299</ele></trkpt><trkpt lat="36.92032" lon="-118.39402999999999"><ele>3366.1494206564385</ele></trkpt><trkpt lat="36.92023" lon="-118.39390000000003"><ele>3365.0</ele></trkpt><trkpt lat="36.92011" lon="-118.39384000000001"><ele>3363.9260408892296</ele></trkpt><trkpt lat="36.91942" lon="-118.39404000000002"><ele>3366.0</ele></trkpt><trkpt lat="36.91888" lon="-118.39411999999999"><ele>3364.6991523404067</ele></trkpt><trkpt lat="36.91873" lon="-118.39416"><ele>3364.0308458866793</ele></trkpt><trkpt lat="36.9185" lon="-118.39431000000002"><ele>3362.0</ele></trkpt><trkpt lat="36.91831" lon="-118.39434"><ele>3359.932066205447</ele></trkpt><trkpt lat="36.91808" lon="-118.39435000000003"><ele>3357.135967589915</ele></trkpt><trkpt lat="36.91797" lon="-118.39431000000002"><ele>3356.9385204105847</ele></trkpt><trkpt lat="36.9179" lon="-118.39420000000001"><ele>3356.8897831253707</ele></trkpt><trkpt lat="36.91784" lon="-118.39416"><ele>3356.617418666603</ele></trkpt><trkpt lat="36.91775" lon="-118.39417000000003"><ele>3356.3844017770607</ele></trkpt><trkpt lat="36.91748" lon="-118.39399000000003"><ele>3356.0</ele></trkpt><trkpt lat="36.91738" lon="-118.39395000000002"><ele>3355.35919446179</ele></trkpt><trkpt lat="36.91708" lon="-118.39399000000003"><ele>3351.4173572421746</ele></trkpt><trkpt lat="36.91671" lon="-118.39411999999999"><ele>3345.206986247562</ele></trkpt><trkpt lat="36.91666" lon="-118.39420000000001"><ele>3344.7497377209365</ele></trkpt><trkpt lat="36.91658" lon="-118.39445999999998"><ele>3341.6269120003562</ele></trkpt><trkpt lat="36.91652" lon="-118.3945"><ele>3339.6694469302893</ele></trkpt><trkpt lat="36.91639" lon="-118.39454999999998"><ele>3336.4665131139723</ele></trkpt><trkpt lat="36.91605" lon="-118.39452"><ele>3332.97793059098</ele></trkpt><trkpt lat="36.91594" lon="-118.39456999999999"><ele>3331.0487801851364</ele></trkpt><trkpt lat="36.9159" lon="-118.39467000000002"><ele>3330.0</ele></trkpt><trkpt lat="36.91579" lon="-118.39468"><ele>3328.5005404443946</ele></trkpt><trkpt lat="36.91572" lon="-118.39480000000003"><ele>3325.7043377771042</ele></trkpt><trkpt lat="36.91545" lon="-118.39476000000002"><ele>3324.0</ele></trkpt><trkpt lat="36.91536" lon="-118.39479"><ele>3322.991330598841</ele></trkpt><trkpt lat="36.91515" lon="-118.39472"><ele>3322.319883422413</ele></trkpt><trkpt lat="36.91507" lon="-118.39472999999998"><ele>3322.0</ele></trkpt><trkpt lat="36.91486" lon="-118.39499"><ele>3318.0</ele></trkpt><trkpt lat="36.91476" lon="-118.39531"><ele>3320.0</ele></trkpt><trkpt lat="36.91476" lon="-118.39531"><ele>3320.0</ele></trkpt><trkpt lat="36.91471" lon="-118.39546999999999"><ele>3321.0822096103802</ele></trkpt><trkpt lat="36.91465" lon="-118.39551"><ele>3322.0</ele></trkpt><trkpt lat="36.91406" lon="-118.39587"><ele>3325.0199588480727</ele></trkpt><trkpt lat="36.91388" lon="-118.39612"><ele>3323.946108444594</ele></trkpt><trkpt lat="36.91364" lon="-118.39630999999997"><ele>3323.518787556328</ele></trkpt><trkpt lat="36.91357" lon="-118.39639999999997"><ele>3322.5988275223367</ele></trkpt><trkpt lat="36.91354" lon="-118.39648999999997"><ele>3321.3244835559744</ele></trkpt><trkpt lat="36.91344" lon="-118.39659"><ele>3320.0</ele></trkpt><trkpt lat="36.91318" lon="-118.39654999999999"><ele>3320.0</ele></trkpt><trkpt lat="36.91306" lon="-118.39659"><ele>3319.9943146666046</ele></trkpt><trkpt lat="36.9129" lon="-118.39672999999999"><ele>3316.732078222325</ele></trkpt><trkpt lat="36.91281" lon="-118.39672999999999"><ele>3315.39859468704</ele></trkpt><trkpt lat="36.91275" lon="-118.39672000000002"><ele>3314.760956487851</ele></trkpt><trkpt lat="36.91268" lon="-118.39665000000002"><ele>3314.3520329643507</ele></trkpt><trkpt lat="36.91262" lon="-118.39663999999999"><ele>3313.0059819930557</ele></trkpt><trkpt lat="36.91245" lon="-118.39670999999998"><ele>3310.0104679423457</ele></trkpt><trkpt lat="36.91242" lon="-118.39677"><ele>3307.978548776824</ele></trkpt><trkpt lat="36.91243" lon="-118.39688999999998"><ele>3305.4737795386463</ele></trkpt><trkpt lat="36.9125" lon="-118.39702999999997"><ele>3302.741571556311</ele></trkpt><trkpt lat="36.91248" lon="-118.39706999999999"><ele>3301.736643246142</ele></trkpt><trkpt lat="36.9124" lon="-118.39706999999999"><ele>3300.4051753708627</ele></trkpt><trkpt lat="36.9121" lon="-118.3972"><ele>3291.632973064203</ele></trkpt><trkpt lat="36.91199" lon="-118.39720999999997"><ele>3288.5472675559577</ele></trkpt><trkpt lat="36.9117" lon="-118.39735999999999"><ele>3282.247445995221</ele></trkpt><trkpt lat="36.9116" lon="-118.39735999999999"><ele>3280.281127111055</ele></trkpt><trkpt lat="36.91156" lon="-118.39731"><ele>3279.140460875284</ele></trkpt><trkpt lat="36.91148" lon="-118.39731999999998"><ele>3276.7839665617794</ele></trkpt><trkpt lat="36.91132" lon="-118.39749999999998"><ele>3271.121094387956</ele></trkpt><trkpt lat="36.91112" lon="-118.39755000000002"><ele>3267.0</ele></trkpt><trkpt lat="36.91092" lon="-118.39771000000002"><ele>3263.0</ele></trkpt><trkpt lat="36.91086" lon="-118.39773000000002"><ele>3263.0</ele></trkpt><trkpt lat="36.91075" lon="-118.39769000000001"><ele>3261.8222843992517</ele></trkpt><trkpt lat="36.91059" lon="-118.39771000000002"><ele>3260.0</ele></trkpt><trkpt lat="36.91047" lon="-118.39789999999999"><ele>3256.65478369893</ele></trkpt><trkpt lat="36.91051" lon="-118.39814000000001"><ele>3253.0</ele></trkpt><trkpt lat="36.91048" lon="-118.39821"><ele>3252.7292954718123</ele></trkpt><trkpt lat="36.91039" lon="-118.39828"><ele>3251.0</ele></trkpt><trkpt lat="36.91023" lon="-118.39819999999997"><ele>3248.1701588940296</ele></trkpt><trkpt lat="36.90998" lon="-118.39834000000002"><ele>3245.0</ele></trkpt><trkpt lat="36.90982" lon="-118.39832999999999"><ele>3244.7335844744416</ele></trkpt><trkpt lat="36.90973" lon="-118.39836000000003"><ele>3244.1958282508513</ele></trkpt><trkpt lat="36.90952" lon="-118.39853"><ele>3244.0</ele></trkpt><trkpt lat="36.90933" lon="-118.39859000000001"><ele>3244.468555289017</ele></trkpt><trkpt lat="36.90929" lon="-118.39857999999998"><ele>3244.6239537782967</ele></trkpt><trkpt lat="36.90918" lon="-118.39846"><ele>3245.0</ele></trkpt><trkpt lat="36.90918" lon="-118.39830999999998"><ele>3244.7767491932154</ele></trkpt><trkpt lat="36.909" lon="-118.39823999999999"><ele>3241.231518733927</ele></trkpt><trkpt lat="36.90874" lon="-118.39828"><ele>3238.0</ele></trkpt><trkpt lat="36.90858" lon="-118.39823000000001"><ele>3235.2801821876446</ele></trkpt><trkpt lat="36.90844" lon="-118.39823000000001"><ele>3233.0421218435213</ele></trkpt><trkpt lat="36.90825" lon="-118.39816000000002"><ele>3229.654128707014</ele></trkpt><trkpt lat="36.90817" lon="-118.39818000000002"><ele>3228.0178731040296</ele></trkpt><trkpt lat="36.90802" lon="-118.39817"><ele>3223.960146136398</ele></trkpt><trkpt lat="36.90784" lon="-118.3983"><ele>3221.0</ele></trkpt><trkpt lat="36.90777" lon="-118.39844"><ele>3218.47651149513</ele></trkpt><trkpt lat="36.90779" lon="-118.39852000000002"><ele>3217.503421311798</ele></trkpt><trkpt lat="36.90772" lon="-118.39877000000001"><ele>3211.196632888401</ele></trkpt><trkpt lat="36.90765" lon="-118.39891"><ele>3207.945493209682</ele></trkpt><trkpt lat="36.90759" lon="-118.39897000000002"><ele>3207.3106980561683</ele></trkpt><trkpt lat="36.90703" lon="-118.39891"><ele>3210.0</ele></trkpt><trkpt lat="36.9069" lon="-118.39873"><ele>3210.0</ele></trkpt><trkpt lat="36.90686" lon="-118.39864999999998"><ele>3210.0</ele></trkpt><trkpt lat="36.90666" lon="-118.39864"><ele>3207.774147555465</ele></trkpt><trkpt lat="36.90657" lon="-118.39875999999998"><ele>3208.0</ele></trkpt><trkpt lat="36.90654" lon="-118.39884"><ele>3207.465021927491</ele></trkpt><trkpt lat="36.90638" lon="-118.39888000000002"><ele>3207.0</ele></trkpt><trkpt lat="36.90612" lon="-118.39934"><ele>3204.0</ele></trkpt><trkpt lat="36.90596" lon="-118.39943"><ele>3204.0</ele></trkpt><trkpt lat="36.90575" lon="-118.39944000000003"><ele>3202.0</ele></trkpt><trkpt lat="36.9057" lon="-118.39956000000001"><ele>3201.1322126432788</ele></trkpt><trkpt lat="36.9057" lon="-118.3997"><ele>3199.5260622224305</ele></trkpt><trkpt lat="36.9055" lon="-118.39988"><ele>3196.0</ele></trkpt><trkpt lat="36.9055" lon="-118.39999"><ele>3195.3964042127463</ele></trkpt><trkpt lat="36.90543" lon="-118.40010999999998"><ele>3193.448288786458</ele></trkpt><trkpt lat="36.90532" lon="-118.40010000000001"><ele>3191.420287901993</ele></trkpt><trkpt lat="36.90528" lon="-118.40019999999998"><ele>3189.8752177781425</ele></trkpt><trkpt lat="36.90518" lon="-118.40028999999998"><ele>3189.0</ele></trkpt><trkpt lat="36.90509" lon="-118.40028000000001"><ele>3189.0</ele></trkpt><trkpt lat="36.90501" lon="-118.40013999999996"><ele>3187.4454487880203</ele></trkpt><trkpt lat="36.90495" lon="-118.40008999999998"><ele>3186.7025754798797</ele></trkpt><trkpt lat="36.9049" lon="-118.40015"><ele>3185.9609639632977</ele></trkpt><trkpt lat="36.9048" lon="-118.40017"><ele>3184.4931347976676</ele></trkpt><trkpt lat="36.90458" lon="-118.40008999999998"><ele>3181.0</ele></trkpt><trkpt lat="36.90441" lon="-118.40021000000002"><ele>3181.3577991116326</ele></trkpt><trkpt lat="36.90437" lon="-118.40021999999999"><ele>3181.1778388000093</ele></trkpt><trkpt lat="36.90424" lon="-118.40015"><ele>3177.7665984148352</ele></trkpt><trkpt lat="36.90419" lon="-118.40016000000003"><ele>3177.1927146674134</ele></trkpt><trkpt lat="36.90398" lon="-118.40028000000001"><ele>3173.2223482215777</ele></trkpt><trkpt lat="36.90392" lon="-118.40025000000003"><ele>3173.0</ele></trkpt><trkpt lat="36.90389" lon="-118.40019000000001"><ele>3172.0</ele></trkpt><trkpt lat="36.90373" lon="-118.40019000000001"><ele>3170.0</ele></trkpt><trkpt lat="36.90363" lon="-118.40034000000003"><ele>3167.62201076917</ele></trkpt><trkpt lat="36.90357" lon="-118.40039000000002"><ele>3167.0</ele></trkpt><trkpt lat="36.90325" lon="-118.40039000000002"><ele>3164.0</ele></trkpt><trkpt lat="36.90311" lon="-118.40025000000003"><ele>3163.8705911841244</ele></trkpt><trkpt lat="36.90302" lon="-118.40026"><ele>3162.477116444381</ele></trkpt><trkpt lat="36.90295" lon="-118.40037999999998"><ele>3161.1417870533096</ele></trkpt><trkpt lat="36.90255" lon="-118.40039999999999"><ele>3155.0</ele></trkpt><trkpt lat="36.90255" lon="-118.40039999999999"><ele>3155.0</ele></trkpt><trkpt lat="36.90255" lon="-118.40039999999999"><ele>3155.0</ele></trkpt><trkpt lat="36.90252" lon="-118.40052000000003"><ele>3154.0</ele></trkpt><trkpt lat="36.90247" lon="-118.40055999999998"><ele>3153.1076416465507</ele></trkpt><trkpt lat="36.90236" lon="-118.40055000000001"><ele>3151.0158602260053</ele></trkpt><trkpt lat="36.90227" lon="-118.40075000000002"><ele>3149.0</ele></trkpt><trkpt lat="36.90204" lon="-118.40102999999999"><ele>3145.3696864232556</ele></trkpt><trkpt lat="36.90197" lon="-118.40106000000003"><ele>3144.544488594724</ele></trkpt><trkpt lat="36.90188" lon="-118.40123"><ele>3142.0</ele></trkpt><trkpt lat="36.9019" lon="-118.40143"><ele>3139.2141404440627</ele></trkpt><trkpt lat="36.90183" lon="-118.40147000000002"><ele>3138.69271275381</ele></trkpt><trkpt lat="36.9018" lon="-118.40156000000002"><ele>3136.451485244813</ele></trkpt><trkpt lat="36.90182" lon="-118.4017"><ele>3136.280586944893</ele></trkpt><trkpt lat="36.90179" lon="-118.40174999999999"><ele>3135.4064083620906</ele></trkpt><trkpt lat="36.90181" lon="-118.40184999999997"><ele>3133.8440562700853</ele></trkpt><trkpt lat="36.90175" lon="-118.40179999999998"><ele>3133.8333530069795</ele></trkpt><trkpt lat="36.90173" lon="-118.40181999999999"><ele>3132.7845340038184</ele></trkpt><trkpt lat="36.90177" lon="-118.40197999999998"><ele>3128.398211556021</ele></trkpt><trkpt lat="36.90178" lon="-118.40220999999997"><ele>3126.110550314914</ele></trkpt><trkpt lat="36.90185" lon="-118.40242"><ele>3127.854531555902</ele></trkpt><trkpt lat="36.90186" lon="-118.40267"><ele>3128.1261127039324</ele></trkpt><trkpt lat="36.90179" lon="-118.40289999999999"><ele>3126.0</ele></trkpt><trkpt lat="36.90174" lon="-118.40296000000001"><ele>3124.562556443969</ele></trkpt><trkpt lat="36.90164" lon="-118.40295000000003"><ele>3123.0355205982924</ele></trkpt><trkpt lat="36.90151" lon="-118.40310999999997"><ele>3121.247424820438</ele></trkpt><trkpt lat="36.90141" lon="-118.40336000000002"><ele>3117.0</ele></trkpt><trkpt lat="36.90149" lon="-118.40355"><ele>3116.123251106297</ele></trkpt><trkpt lat="36.90148" lon="-118.40359999999998"><ele>3116.592941057566</ele></trkpt><trkpt lat="36.90127" lon="-118.40367000000003"><ele>3111.272391515551</ele></trkpt><trkpt lat="36.90124" lon="-118.40377999999998"><ele>3110.379861900583</ele></trkpt><trkpt lat="36.90117" lon="-118.40386000000001"><ele>3109.0</ele></trkpt><trkpt lat="36.90112" lon="-118.40404999999998"><ele>3105.1445896833807</ele></trkpt><trkpt lat="36.90102" lon="-118.40409"><ele>3102.23164800019</ele></trkpt><trkpt lat="36.90103" lon="-118.40417000000002"><ele>3100.463310834702</ele></trkpt><trkpt lat="36.90108" lon="-118.40422999999998"><ele>3098.9694115559105</ele></trkpt><trkpt lat="36.90102" lon="-118.40460999999999"><ele>3093.99647377442</ele></trkpt><trkpt lat="36.9009" lon="-118.40483"><ele>3093.4726000474766</ele></trkpt><trkpt lat="36.9008" lon="-118.40489000000002"><ele>3090.558707902208</ele></trkpt><trkpt lat="36.90068" lon="-118.40508"><ele>3086.1240847390145</ele></trkpt><trkpt lat="36.90062" lon="-118.40507000000002"><ele>3084.3137116655707</ele></trkpt><trkpt lat="36.90059" lon="-118.40537"><ele>3079.8450330512132</ele></trkpt><trkpt lat="36.90049" lon="-118.40521999999999"><ele>3076.9991551513394</ele></trkpt><trkpt lat="36.90049" lon="-118.40517"><ele>3077.525666521862</ele></trkpt><trkpt lat="36.90044" lon="-118.40514000000002"><ele>3075.1374555993825</ele></trkpt><trkpt lat="36.90037" lon="-118.40526999999997"><ele>3071.764670305187</ele></trkpt><trkpt lat="36.90018" lon="-118.40537999999998"><ele>3066.7526314461056</ele></trkpt><trkpt lat="36.90017" lon="-118.40539999999999"><ele>3066.1421879575864</ele></trkpt><trkpt lat="36.90021" lon="-118.40550000000002"><ele>3064.743088642601</ele></trkpt><trkpt lat="36.90019" lon="-118.40552000000002"><ele>3063.9806146586234</ele></trkpt><trkpt lat="36.9001" lon="-118.40550000000002"><ele>3063.477043142746</ele></trkpt><trkpt lat="36.90005" lon="-118.40559000000002"><ele>3060.279114666162</ele></trkpt><trkpt lat="36.90008" lon="-118.40571999999997"><ele>3057.3945336990287</ele></trkpt><trkpt lat="36.90016" lon="-118.40582999999998"><ele>3056.5965979355387</ele></trkpt><trkpt lat="36.90016" lon="-118.40609"><ele>3053.909888601862</ele></trkpt><trkpt lat="36.90011" lon="-118.40602000000001"><ele>3052.047809203937</ele></trkpt><trkpt lat="36.90009" lon="-118.40602000000001"><ele>3051.0958990167055</ele></trkpt><trkpt lat="36.9001" lon="-118.40615000000003"><ele>3050.5533085090574</ele></trkpt><trkpt lat="36.90008" lon="-118.40616999999997"><ele>3049.4794502310224</ele></trkpt><trkpt lat="36.90001" lon="-118.40609"><ele>3046.7394915689974</ele></trkpt><trkpt lat="36.89992" lon="-118.40611999999999"><ele>3043.8458412417676</ele></trkpt><trkpt lat="36.89988" lon="-118.40638000000001"><ele>3039.621859782608</ele></trkpt><trkpt lat="36.89995" lon="-118.40663999999998"><ele>3038.433161189212</ele></trkpt><trkpt lat="36.89997" lon="-118.40692000000001"><ele>3035.6614189234097</ele></trkpt><trkpt lat="36.89995" lon="-118.40706999999998"><ele>3033.79077884648</ele></trkpt><trkpt lat="36.9" lon="-118.40728999999999"><ele>3033.495416428894</ele></trkpt><trkpt lat="36.90002" lon="-118.40783999999996"><ele>3029.8051056036884</ele></trkpt><trkpt lat="36.90005" lon="-118.40795000000003"><ele>3028.991767422529</ele></trkpt><trkpt lat="36.90002" lon="-118.40803"><ele>3026.830480227247</ele></trkpt><trkpt lat="36.89996" lon="-118.40800000000002"><ele>3025.092192381532</ele></trkpt><trkpt lat="36.89996" lon="-118.40809999999999"><ele>3024.1643292866647</ele></trkpt><trkpt lat="36.89991" lon="-118.40816999999998"><ele>3022.250472083688</ele></trkpt><trkpt lat="36.89971" lon="-118.40823999999998"><ele>3016.79753117729</ele></trkpt><trkpt lat="36.89976" lon="-118.4085"><ele>3015.254455961287</ele></trkpt><trkpt lat="36.89968" lon="-118.40884"><ele>3009.923376765102</ele></trkpt><trkpt lat="36.89963" lon="-118.40926999999999"><ele>3004.9953530633356</ele></trkpt><trkpt lat="36.89969" lon="-118.4094"><ele>3004.3220735713107</ele></trkpt><trkpt lat="36.89967" lon="-118.40949"><ele>3002.034520036308</ele></trkpt><trkpt lat="36.89964" lon="-118.40949999999998"><ele>3000.927349193953</ele></trkpt><trkpt lat="36.8995" lon="-118.40936999999997"><ele>2997.877188174287</ele></trkpt><trkpt lat="36.89942" lon="-118.40935999999999"><ele>2995.7791338078678</ele></trkpt><trkpt lat="36.89947" lon="-118.40947"><ele>2994.67286727787</ele></trkpt><trkpt lat="36.89949" lon="-118.40966000000003"><ele>2990.999106994781</ele></trkpt><trkpt lat="36.89957" lon="-118.40989000000002"><ele>2989.7769289342623</ele></trkpt><trkpt lat="36.89958" lon="-118.41017"><ele>2988.00953120552</ele></trkpt><trkpt lat="36.89952" lon="-118.41053999999997"><ele>2986.2612257013097</ele></trkpt><trkpt lat="36.89953" lon="-118.41064"><ele>2986.0</ele></trkpt><trkpt lat="36.89953" lon="-118.41064"><ele>2986.0</ele></trkpt><trkpt lat="36.89953" lon="-118.41082"><ele>2984.552609857172</ele></trkpt><trkpt lat="36.89933" lon="-118.41084000000001"><ele>2981.764625598978</ele></trkpt><trkpt lat="36.89927" lon="-118.41086999999999"><ele>2979.9766342379153</ele></trkpt><trkpt lat="36.89926" lon="-118.41098"><ele>2978.370502149686</ele></trkpt><trkpt lat="36.89917" lon="-118.41111000000001"><ele>2975.0628043329343</ele></trkpt><trkpt lat="36.89911" lon="-118.41137000000003"><ele>2971.1872433783274</ele></trkpt><trkpt lat="36.89904" lon="-118.41134999999997"><ele>2971.061386667192</ele></trkpt><trkpt lat="36.89902" lon="-118.41138000000001"><ele>2970.1659779789834</ele></trkpt><trkpt lat="36.89893" lon="-118.41142000000002"><ele>2967.4998965857085</ele></trkpt><trkpt lat="36.8988" lon="-118.41140000000001"><ele>2965.177969107637</ele></trkpt><trkpt lat="36.89861" lon="-118.41147999999998"><ele>2960.7536162939364</ele></trkpt><trkpt lat="36.89849" lon="-118.41149999999999"><ele>2958.674106365302</ele></trkpt><trkpt lat="36.89848" lon="-118.41152999999997"><ele>2958.0</ele></trkpt><trkpt lat="36.8985" lon="-118.41160000000002"><ele>2957.648728896177</ele></trkpt><trkpt lat="36.89847" lon="-118.41165000000001"><ele>2956.689768609226</ele></trkpt><trkpt lat="36.89857" lon="-118.41194000000002"><ele>2956.2914638169377</ele></trkpt><trkpt lat="36.89857" lon="-118.41197999999997"><ele>2956.1598101798445</ele></trkpt><trkpt lat="36.89853" lon="-118.41197"><ele>2954.414383361116</ele></trkpt><trkpt lat="36.89849" lon="-118.41215999999997"><ele>2951.6382012686004</ele></trkpt><trkpt lat="36.89855" lon="-118.41248000000002"><ele>2957.9971441496164</ele></trkpt><trkpt lat="36.89852" lon="-118.41260999999997"><ele>2958.0</ele></trkpt><trkpt lat="36.89843" lon="-118.41275000000002"><ele>2956.5005817115307</ele></trkpt><trkpt lat="36.89835" lon="-118.41295000000002"><ele>2954.3908586958423</ele></trkpt><trkpt lat="36.89831" lon="-118.41309999999999"><ele>2954.720593659673</ele></trkpt><trkpt lat="36.8982" lon="-118.41325999999998"><ele>2953.1542132017685</ele></trkpt><trkpt lat="36.89813" lon="-118.41340000000002"><ele>2950.7591996723786</ele></trkpt><trkpt lat="36.898" lon="-118.41343999999998"><ele>2947.620785722228</ele></trkpt><trkpt lat="36.89795" lon="-118.41352999999998"><ele>2947.514386941679</ele></trkpt><trkpt lat="36.89791" lon="-118.41367000000002"><ele>2946.999043859228</ele></trkpt><trkpt lat="36.89797" lon="-118.41377"><ele>2948.097143300809</ele></trkpt><trkpt lat="36.89795" lon="-118.41419000000002"><ele>2947.514386941679</ele></trkpt><trkpt lat="36.89792" lon="-118.41421000000003"><ele>2946.6402526879683</ele></trkpt><trkpt lat="36.89783" lon="-118.4142"><ele>2945.0178519934416</ele></trkpt><trkpt lat="36.89775" lon="-118.41426999999999"><ele>2943.6932376404684</ele></trkpt><trkpt lat="36.8976" lon="-118.41431999999998"><ele>2941.4150764767037</ele></trkpt><trkpt lat="36.89752" lon="-118.41442"><ele>2939.985162159428</ele></trkpt><trkpt lat="36.89748" lon="-118.41449999999998"><ele>2939.0</ele></trkpt><trkpt lat="36.89741" lon="-118.41453999999999"><ele>2938.051023861859</ele></trkpt><trkpt lat="36.89719" lon="-118.41482000000002"><ele>2938.3697584578767</ele></trkpt><trkpt lat="36.89719" lon="-118.41482000000002"><ele>2938.3697584578767</ele></trkpt><trkpt lat="36.89708" lon="-118.41493000000003"><ele>2937.5232926877216</ele></trkpt><trkpt lat="36.89699" lon="-118.41496000000001"><ele>2935.5999715221114</ele></trkpt><trkpt lat="36.89689" lon="-118.41507999999999"><ele>2935.7996442217536</ele></trkpt><trkpt lat="36.89678" lon="-118.41511000000003"><ele>2934.2104972073575</ele></trkpt><trkpt lat="36.89666" lon="-118.41519"><ele>2934.344023040496</ele></trkpt><trkpt lat="36.89647" lon="-118.41534000000001"><ele>2932.3031921554357</ele></trkpt><trkpt lat="36.89628" lon="-118.41561999999999"><ele>2932.146364326356</ele></trkpt><trkpt lat="36.89595" lon="-118.41593999999998"><ele>2929.427961738207</ele></trkpt><trkpt lat="36.89588" lon="-118.41604000000001"><ele>2929.423463861458</ele></trkpt><trkpt lat="36.89574" lon="-118.41606999999999"><ele>2928.0433349304367</ele></trkpt><trkpt lat="36.89572" lon="-118.41618"><ele>2927.0390924440544</ele></trkpt><trkpt lat="36.89576" lon="-118.41631999999998"><ele>2926.6589719415642</ele></trkpt><trkpt lat="36.89575" lon="-118.41633999999999"><ele>2925.6101986391004</ele></trkpt><trkpt lat="36.89566" lon="-118.41631000000001"><ele>2922.6578610415827</ele></trkpt><trkpt lat="36.89565" lon="-118.41642000000002"><ele>2921.075270876654</ele></trkpt><trkpt lat="36.89563" lon="-118.41643999999997"><ele>2921.042534837391</ele></trkpt><trkpt lat="36.89551" lon="-118.41645"><ele>2919.1030843464223</ele></trkpt><trkpt lat="36.89541" lon="-118.41640999999998"><ele>2916.923442111474</ele></trkpt><trkpt lat="36.89527" lon="-118.41643999999997"><ele>2915.2827758512376</ele></trkpt><trkpt lat="36.89492" lon="-118.41633000000002"><ele>2908.981024000328</ele></trkpt><trkpt lat="36.89483" lon="-118.41633999999999"><ele>2909.214040888706</ele></trkpt><trkpt lat="36.89476" lon="-118.41640000000001"><ele>2910.612142222468</ele></trkpt><trkpt lat="36.89461" lon="-118.41645"><ele>2911.77722666692</ele></trkpt><trkpt lat="36.89451" lon="-118.41642999999999"><ele>2910.5058258250756</ele></trkpt><trkpt lat="36.89426" lon="-118.41647"><ele>2909.484972830862</ele></trkpt><trkpt lat="36.89413" lon="-118.41654"><ele>2909.775228570152</ele></trkpt><trkpt lat="36.89401" lon="-118.41656"><ele>2907.5835903354587</ele></trkpt><trkpt lat="36.89358" lon="-118.41678999999999"><ele>2909.155175012326</ele></trkpt><trkpt lat="36.89337" lon="-118.41683999999998"><ele>2907.603736015293</ele></trkpt><trkpt lat="36.89326" lon="-118.4169"><ele>2907.7527302699596</ele></trkpt><trkpt lat="36.89297" lon="-118.41700000000003"><ele>2907.5991176809184</ele></trkpt><trkpt lat="36.89286" lon="-118.41709000000003"><ele>2908.5884735616855</ele></trkpt><trkpt lat="36.89262" lon="-118.41714999999999"><ele>2903.322700221008</ele></trkpt><trkpt lat="36.89256" lon="-118.41721000000001"><ele>2902.9392475260192</ele></trkpt><trkpt lat="36.89251" lon="-118.41719999999998"><ele>2901.509604485088</ele></trkpt><trkpt lat="36.89244" lon="-118.41723999999999"><ele>2900.3419480677694</ele></trkpt><trkpt lat="36.89238" lon="-118.41723000000002"><ele>2898.1752283363603</ele></trkpt><trkpt lat="36.89242" lon="-118.41715999999997"><ele>2897.709537930088</ele></trkpt><trkpt lat="36.89239" lon="-118.41714999999999"><ele>2896.602450122591</ele></trkpt><trkpt lat="36.89232" lon="-118.41721000000001"><ele>2895.691237567151</ele></trkpt><trkpt lat="36.89225" lon="-118.41721000000001"><ele>2893.97302044509</ele></trkpt><trkpt lat="36.89229" lon="-118.41712000000001"><ele>2891.989832202904</ele></trkpt><trkpt lat="36.89221" lon="-118.41712999999999"><ele>2890.059804636297</ele></trkpt><trkpt lat="36.89225" lon="-118.41701999999998"><ele>2887.519987690238</ele></trkpt><trkpt lat="36.89219" lon="-118.41703999999999"><ele>2886.2121336564887</ele></trkpt><trkpt lat="36.89217" lon="-118.41700000000003"><ele>2884.6973538727034</ele></trkpt><trkpt lat="36.89208" lon="-118.41699"><ele>2881.842133840313</ele></trkpt><trkpt lat="36.89206" lon="-118.41683"><ele>2876.962923182914</ele></trkpt><trkpt lat="36.8919" lon="-118.41683999999998"><ele>2874.0</ele></trkpt><trkpt lat="36.89173" lon="-118.41694000000001"><ele>2873.0555061712375</ele></trkpt><trkpt lat="36.89161" lon="-118.41705999999999"><ele>2872.0</ele></trkpt><trkpt lat="36.89147" lon="-118.41712000000001"><ele>2870.276197673513</ele></trkpt><trkpt lat="36.89144" lon="-118.41710999999998"><ele>2869.8353064423427</ele></trkpt><trkpt lat="36.89133" lon="-118.41732000000002"><ele>2866.6120560399563</ele></trkpt><trkpt lat="36.8912" lon="-118.41732000000002"><ele>2862.992189700739</ele></trkpt><trkpt lat="36.89115" lon="-118.41746999999998"><ele>2860.3860770808533</ele></trkpt><trkpt lat="36.89109" lon="-118.41748999999999"><ele>2858.626981556881</ele></trkpt><trkpt lat="36.89102" lon="-118.41757999999999"><ele>2855.5985019244254</ele></trkpt><trkpt lat="36.89099" lon="-118.41755999999998"><ele>2854.8230670734083</ele></trkpt><trkpt lat="36.89088" lon="-118.41762"><ele>2852.9806859170917</ele></trkpt><trkpt lat="36.89086" lon="-118.41760999999997"><ele>2852.9368798173964</ele></trkpt><trkpt lat="36.89065" lon="-118.41778"><ele>2847.8605341815464</ele></trkpt><trkpt lat="36.89055" lon="-118.41795000000002"><ele>2845.660443593341</ele></trkpt><trkpt lat="36.8905" lon="-118.41798"><ele>2844.2560446436555</ele></trkpt><trkpt lat="36.89042" lon="-118.41796999999997"><ele>2842.8272060010827</ele></trkpt><trkpt lat="36.89044" lon="-118.41809999999998"><ele>2840.5426210764526</ele></trkpt><trkpt lat="36.89034" lon="-118.41809999999998"><ele>2838.77498666686</ele></trkpt><trkpt lat="36.89033" lon="-118.41814"><ele>2837.842919111252</ele></trkpt><trkpt lat="36.89037" lon="-118.41829999999999"><ele>2836.07575114599</ele></trkpt><trkpt lat="36.89033" lon="-118.41841"><ele>2835.495326375589</ele></trkpt><trkpt lat="36.89016" lon="-118.4185"><ele>2833.295980551412</ele></trkpt><trkpt lat="36.89011" lon="-118.41877"><ele>2831.0856564333662</ele></trkpt><trkpt lat="36.88999" lon="-118.41877999999997"><ele>2828.6308396227405</ele></trkpt><trkpt lat="36.88994" lon="-118.41897"><ele>2828.564187979486</ele></trkpt><trkpt lat="36.8898" lon="-118.41913"><ele>2827.0538801411167</ele></trkpt><trkpt lat="36.88982" lon="-118.41922"><ele>2826.636574279517</ele></trkpt><trkpt lat="36.88972" lon="-118.41922999999997"><ele>2824.8460681043534</ele></trkpt><trkpt lat="36.88957" lon="-118.41944999999998"><ele>2822.2407871360506</ele></trkpt><trkpt lat="36.88944" lon="-118.41975000000002"><ele>2820.5654117660597</ele></trkpt><trkpt lat="36.88945" lon="-118.41984000000002"><ele>2820.8567574406043</ele></trkpt><trkpt lat="36.88942" lon="-118.42009000000002"><ele>2820.0</ele></trkpt><trkpt lat="36.88944" lon="-118.42012999999997"><ele>2820.5654117660597</ele></trkpt><trkpt lat="36.88943" lon="-118.42016000000001"><ele>2820.4384846643816</ele></trkpt><trkpt lat="36.88941" lon="-118.42020000000002"><ele>2820.6913749659434</ele></trkpt><trkpt lat="36.88933" lon="-118.42021999999997"><ele>2820.0</ele></trkpt><trkpt lat="36.88923" lon="-118.42018999999999"><ele>2818.4138671410074</ele></trkpt><trkpt lat="36.88919" lon="-118.42005"><ele>2817.5236013911517</ele></trkpt><trkpt lat="36.88911" lon="-118.42020000000002"><ele>2814.9510258696973</ele></trkpt><trkpt lat="36.88907" lon="-118.42021999999997"><ele>2813.785648584366</ele></trkpt><trkpt lat="36.88905" lon="-118.42034000000001"><ele>2812.6646084734534</ele></trkpt><trkpt lat="36.88896" lon="-118.42045999999999"><ele>2808.9090479042943</ele></trkpt><trkpt lat="36.88894" lon="-118.42052999999999"><ele>2808.0</ele></trkpt><trkpt lat="36.88897" lon="-118.42068999999998"><ele>2807.369478182533</ele></trkpt><trkpt lat="36.88898" lon="-118.42099000000002"><ele>2805.5258224200948</ele></trkpt><trkpt lat="36.88896" lon="-118.42117000000002"><ele>2805.0</ele></trkpt><trkpt lat="36.88888" lon="-118.42129"><ele>2804.4425991112366</ele></trkpt><trkpt lat="36.88862" lon="-118.42147"><ele>2804.5075482919547</ele></trkpt><trkpt lat="36.88855" lon="-118.42169999999999"><ele>2804.0</ele></trkpt><trkpt lat="36.88855" lon="-118.4219"><ele>2801.8643683413975</ele></trkpt><trkpt lat="36.88851" lon="-118.42196999999999"><ele>2800.2572529552044</ele></trkpt><trkpt lat="36.8885" lon="-118.42209000000003"><ele>2798.1790886269882</ele></trkpt><trkpt lat="36.88843" lon="-118.42218000000003"><ele>2796.139695077203</ele></trkpt><trkpt lat="36.88839" lon="-118.42232000000001"><ele>2793.9743281733245</ele></trkpt><trkpt lat="36.88826" lon="-118.42232999999999"><ele>2791.1868899511173</ele></trkpt><trkpt lat="36.88819" lon="-118.42246999999998"><ele>2788.1475028116256</ele></trkpt><trkpt lat="36.88814" lon="-118.42252000000002"><ele>2786.9324462834957</ele></trkpt><trkpt lat="36.88811" lon="-118.42261000000002"><ele>2785.6843697770964</ele></trkpt><trkpt lat="36.88812" lon="-118.42275999999998"><ele>2784.27678717965</ele></trkpt><trkpt lat="36.88817" lon="-118.42290000000003"><ele>2784.0</ele></trkpt><trkpt lat="36.8882" lon="-118.42317000000003"><ele>2783.0</ele></trkpt><trkpt lat="36.88811" lon="-118.42344000000003"><ele>2781.8167769396678</ele></trkpt><trkpt lat="36.88796" lon="-118.42371000000003"><ele>2781.0</ele></trkpt><trkpt lat="36.88789" lon="-118.42394000000002"><ele>2782.3068764449563</ele></trkpt><trkpt lat="36.88783" lon="-118.42399999999998"><ele>2783.24021721025</ele></trkpt><trkpt lat="36.8877" lon="-118.42403000000002"><ele>2784.8080568895675</ele></trkpt><trkpt lat="36.88764" lon="-118.42408999999998"><ele>2785.8266284408605</ele></trkpt><trkpt lat="36.88757" lon="-118.42419999999998"><ele>2788.3344678728863</ele></trkpt><trkpt lat="36.88751" lon="-118.42424"><ele>2787.4364536383055</ele></trkpt><trkpt lat="36.88749" lon="-118.42437999999999"><ele>2788.805885301903</ele></trkpt><trkpt lat="36.88743" lon="-118.42437000000001"><ele>2789.3266026668716</ele></trkpt><trkpt lat="36.88738" lon="-118.42443000000003"><ele>2789.875845962544</ele></trkpt><trkpt lat="36.88728" lon="-118.42446999999999"><ele>2788.4174703686676</ele></trkpt><trkpt lat="36.88722" lon="-118.42453999999998"><ele>2786.9199704555385</ele></trkpt><trkpt lat="36.88713" lon="-118.42457999999999"><ele>2786.265583233908</ele></trkpt><trkpt lat="36.88701" lon="-118.42491999999999"><ele>2784.912075440632</ele></trkpt><trkpt lat="36.88685" lon="-118.42503999999997"><ele>2782.162805497806</ele></trkpt><trkpt lat="36.88683" lon="-118.42518999999999"><ele>2778.7940708058713</ele></trkpt><trkpt lat="36.88672" lon="-118.42518000000001"><ele>2777.0644723562823</ele></trkpt><trkpt lat="36.88665" lon="-118.4253"><ele>2774.5629176106304</ele></trkpt><trkpt lat="36.88655" lon="-118.4253"><ele>2772.3698967562887</ele></trkpt><trkpt lat="36.88648" lon="-118.42542000000003"><ele>2771.328769152984</ele></trkpt><trkpt lat="36.88643" lon="-118.42538000000002"><ele>2770.872097823769</ele></trkpt><trkpt lat="36.88637" lon="-118.42539999999997"><ele>2769.1240934897214</ele></trkpt><trkpt lat="36.88626" lon="-118.42561999999998"><ele>2767.417154629506</ele></trkpt><trkpt lat="36.88628" lon="-118.42575"><ele>2767.2596137767136</ele></trkpt><trkpt lat="36.88623" lon="-118.42579"><ele>2765.630421160953</ele></trkpt><trkpt lat="36.88626" lon="-118.42583000000002"><ele>2766.2664908878505</ele></trkpt><trkpt lat="36.88623" lon="-118.42597999999998"><ele>2765.887743827654</ele></trkpt><trkpt lat="36.88615" lon="-118.42597999999998"><ele>2763.7147560138255</ele></trkpt><trkpt lat="36.886" lon="-118.42604"><ele>2761.3447637790814</ele></trkpt><trkpt lat="36.88587" lon="-118.42617999999999"><ele>2759.2825586175013</ele></trkpt><trkpt lat="36.88579" lon="-118.42620999999997"><ele>2758.6302095185965</ele></trkpt><trkpt lat="36.8857" lon="-118.4262"><ele>2757.0</ele></trkpt><trkpt lat="36.88561" lon="-118.42635999999999"><ele>2757.6678167617997</ele></trkpt><trkpt lat="36.88561" lon="-118.42644000000001"><ele>2757.9828241486102</ele></trkpt><trkpt lat="36.88556" lon="-118.42653999999999"><ele>2756.5261694183573</ele></trkpt><trkpt lat="36.88552" lon="-118.42674"><ele>2756.3608463210985</ele></trkpt><trkpt lat="36.88534" lon="-118.42718000000002"><ele>2757.2896798400807</ele></trkpt><trkpt lat="36.88523" lon="-118.42732999999998"><ele>2756.2733183503856</ele></trkpt><trkpt lat="36.8851" lon="-118.42743000000002"><ele>2754.1249906616285</ele></trkpt><trkpt lat="36.88511" lon="-118.42773999999997"><ele>2757.269613997778</ele></trkpt><trkpt lat="36.88509" lon="-118.42781000000002"><ele>2756.833661585115</ele></trkpt><trkpt lat="36.88502" lon="-118.42784"><ele>2754.794359119609</ele></trkpt><trkpt lat="36.88492" lon="-118.42802"><ele>2752.807072913045</ele></trkpt><trkpt lat="36.8849" lon="-118.42812000000004"><ele>2752.087156683164</ele></trkpt><trkpt lat="36.88492" lon="-118.42845"><ele>2748.411925557665</ele></trkpt><trkpt lat="36.88489" lon="-118.42876999999999"><ele>2746.021264220588</ele></trkpt><trkpt lat="36.88481" lon="-118.42894999999999"><ele>2745.4012636591215</ele></trkpt><trkpt lat="36.88476" lon="-118.42899"><ele>2743.420052279718</ele></trkpt><trkpt lat="36.88471" lon="-118.42917"><ele>2745.70107925334</ele></trkpt><trkpt lat="36.88461" lon="-118.42930999999999"><ele>2744.2868565723766</ele></trkpt><trkpt lat="36.88456" lon="-118.42946999999998"><ele>2745.5584911424667</ele></trkpt><trkpt lat="36.88435" lon="-118.42964"><ele>2743.367077974064</ele></trkpt><trkpt lat="36.88423" lon="-118.42978"><ele>2742.3030239466775</ele></trkpt><trkpt lat="36.8841" lon="-118.42986000000002"><ele>2740.0</ele></trkpt><trkpt lat="36.88402" lon="-118.42997000000003"><ele>2739.9377678928226</ele></trkpt><trkpt lat="36.88388" lon="-118.42998999999998"><ele>2737.164496186874</ele></trkpt><trkpt lat="36.88382" lon="-118.43007999999998"><ele>2737.214425242273</ele></trkpt><trkpt lat="36.88373" lon="-118.43011000000001"><ele>2735.2915595516097</ele></trkpt><trkpt lat="36.88369" lon="-118.43018000000001"><ele>2735.7233537402203</ele></trkpt><trkpt lat="36.88351" lon="-118.43027999999998"><ele>2733.031831346484</ele></trkpt><trkpt lat="36.88341" lon="-118.43038000000001"><ele>2732.329419657717</ele></trkpt><trkpt lat="36.88308" lon="-118.43056000000001"><ele>2729.1564083663216</ele></trkpt><trkpt lat="36.88299" lon="-118.43065000000001"><ele>2728.3166097691283</ele></trkpt><trkpt lat="36.88285" lon="-118.43067000000002"><ele>2726.0734075658465</ele></trkpt><trkpt lat="36.88273" lon="-118.43074999999999"><ele>2725.0724443860818</ele></trkpt><trkpt lat="36.88254" lon="-118.43079"><ele>2722.4694378215354</ele></trkpt><trkpt lat="36.88216" lon="-118.43120999999996"><ele>2728.337952356005</ele></trkpt><trkpt lat="36.88209" lon="-118.43124999999998"><ele>2728.078883574344</ele></trkpt><trkpt lat="36.88192" lon="-118.43142999999998"><ele>2728.2364849514543</ele></trkpt><trkpt lat="36.88173" lon="-118.43158"><ele>2726.612811179366</ele></trkpt><trkpt lat="36.88167" lon="-118.43155000000002"><ele>2723.8340842174366</ele></trkpt><trkpt lat="36.88141" lon="-118.43173000000002"><ele>2720.454184877919</ele></trkpt><trkpt lat="36.88133" lon="-118.43177000000003"><ele>2719.055733517278</ele></trkpt><trkpt lat="36.88125" lon="-118.43174999999997"><ele>2717.259183263872</ele></trkpt><trkpt lat="36.88116" lon="-118.43192999999997"><ele>2718.8316591482144</ele></trkpt><trkpt lat="36.88105" lon="-118.43203"><ele>2718.957375647966</ele></trkpt><trkpt lat="36.88094" lon="-118.43209000000002"><ele>2718.1510292093735</ele></trkpt><trkpt lat="36.88087" lon="-118.43216999999999"><ele>2718.1595519995317</ele></trkpt><trkpt lat="36.8807" lon="-118.43223"><ele>2718.448576815646</ele></trkpt><trkpt lat="36.88064" lon="-118.43234999999999"><ele>2719.24973084386</ele></trkpt><trkpt lat="36.88055" lon="-118.43243999999999"><ele>2715.7873635950177</ele></trkpt><trkpt lat="36.88051" lon="-118.43241999999998"><ele>2713.7231081218924</ele></trkpt><trkpt lat="36.88033" lon="-118.43254999999999"><ele>2708.2542788293713</ele></trkpt><trkpt lat="36.88031" lon="-118.43252999999999"><ele>2707.051114903763</ele></trkpt><trkpt lat="36.88035" lon="-118.43239"><ele>2705.108315161735</ele></trkpt><trkpt lat="36.88033" lon="-118.43232999999998"><ele>2702.97339884378</ele></trkpt><trkpt lat="36.88029" lon="-118.43231000000003"><ele>2701.342121783411</ele></trkpt><trkpt lat="36.88021" lon="-118.43237999999997"><ele>2698.6338783021024</ele></trkpt><trkpt lat="36.88014" lon="-118.43252000000001"><ele>2700.1011866857298</ele></trkpt><trkpt lat="36.88003" lon="-118.43252000000001"><ele>2696.661409986904</ele></trkpt><trkpt lat="36.87995" lon="-118.43261999999999"><ele>2694.7026220918106</ele></trkpt><trkpt lat="36.87995" lon="-118.43261999999999"><ele>2694.7026220918106</ele></trkpt><trkpt lat="36.87994" lon="-118.43268999999998"><ele>2696.0009108667728</ele></trkpt><trkpt lat="36.87987" lon="-118.43282999999997"><ele>2695.223982379539</ele></trkpt><trkpt lat="36.87968" lon="-118.43303000000003"><ele>2689.2302248934284</ele></trkpt><trkpt lat="36.87965" lon="-118.43311"><ele>2688.345590930626</ele></trkpt><trkpt lat="36.87969" lon="-118.43321000000003"><ele>2689.5215333309025</ele></trkpt><trkpt lat="36.87969" lon="-118.43333000000001"><ele>2689.4117982191965</ele></trkpt><trkpt lat="36.87966" lon="-118.43344000000002"><ele>2688.4357890421516</ele></trkpt><trkpt lat="36.87964493104501" lon="-118.43345506895503"><ele>2688.2326899408363</ele></trkpt><trkpt lat="36.87966" lon="-118.43344000000002"><ele>2688.4357890421516</ele></trkpt><trkpt lat="36.87962" lon="-118.43348000000003"><ele>2688.604988445062</ele></trkpt><trkpt lat="36.87962" lon="-118.43348000000003"><ele>2688.604988445062</ele></trkpt><trkpt lat="36.87954" lon="-118.43348000000003"><ele>2688.2099768901244</ele></trkpt><trkpt lat="36.87943" lon="-118.43353000000002"><ele>2686.7700728895143</ele></trkpt><trkpt lat="36.87937" lon="-118.43349"><ele>2685.1673348128647</ele></trkpt><trkpt lat="36.87932" lon="-118.43349999999998"><ele>2683.7431465787813</ele></trkpt><trkpt lat="36.8792" lon="-118.43360000000001"><ele>2680.093738472089</ele></trkpt><trkpt lat="36.87909" lon="-118.43384000000003"><ele>2678.993872404227</ele></trkpt><trkpt lat="36.87897" lon="-118.43390999999997"><ele>2677.1721380546223</ele></trkpt><trkpt lat="36.87884" lon="-118.43408"><ele>2677.031628230632</ele></trkpt><trkpt lat="36.8786" lon="-118.43420000000003"><ele>2672.676172504724</ele></trkpt><trkpt lat="36.87828" lon="-118.43450999999999"><ele>2673.0531482477672</ele></trkpt><trkpt lat="36.87818" lon="-118.43456000000003"><ele>2671.305203827098</ele></trkpt><trkpt lat="36.87788" lon="-118.43461000000002"><ele>2663.7443446887905</ele></trkpt><trkpt lat="36.87774" lon="-118.43474000000003"><ele>2660.726977901046</ele></trkpt><trkpt lat="36.87766" lon="-118.43492000000003"><ele>2658.3867027601227</ele></trkpt><trkpt lat="36.87759" lon="-118.43498999999997"><ele>2657.0728084886277</ele></trkpt><trkpt lat="36.87754" lon="-118.43506000000002"><ele>2656.0629833251423</ele></trkpt><trkpt lat="36.87751" lon="-118.43520999999998"><ele>2655.017196362838</ele></trkpt><trkpt lat="36.87741" lon="-118.43534999999997"><ele>2653.2833435321227</ele></trkpt><trkpt lat="36.87726" lon="-118.43543999999997"><ele>2651.0110034369864</ele></trkpt><trkpt lat="36.87703" lon="-118.43549999999999"><ele>2647.023491754587</ele></trkpt><trkpt lat="36.8769" lon="-118.43549000000002"><ele>2645.5586168884765</ele></trkpt><trkpt lat="36.87684" lon="-118.43554"><ele>2645.3935324442573</ele></trkpt><trkpt lat="36.87672" lon="-118.43558000000002"><ele>2644.9229297768325</ele></trkpt><trkpt lat="36.87662" lon="-118.43558000000002"><ele>2644.503751187777</ele></trkpt><trkpt lat="36.87645" lon="-118.43567000000002"><ele>2640.0508565325363</ele></trkpt><trkpt lat="36.87639" lon="-118.4359"><ele>2638.0</ele></trkpt><trkpt lat="36.87631" lon="-118.43601000000001"><ele>2637.034307462671</ele></trkpt><trkpt lat="36.8762" lon="-118.43644"><ele>2634.361751276503</ele></trkpt><trkpt lat="36.87614" lon="-118.43657000000002"><ele>2634.1328994900005</ele></trkpt><trkpt lat="36.87589" lon="-118.43680999999998"><ele>2632.965481837773</ele></trkpt><trkpt lat="36.87581" lon="-118.43695000000002"><ele>2630.958572511561</ele></trkpt><trkpt lat="36.87568" lon="-118.43705999999997"><ele>2626.4270809409877</ele></trkpt><trkpt lat="36.87555" lon="-118.43713000000002"><ele>2622.9231014410034</ele></trkpt><trkpt lat="36.87547" lon="-118.43722000000002"><ele>2621.5927613414824</ele></trkpt><trkpt lat="36.87538" lon="-118.43740000000003"><ele>2620.920252980966</ele></trkpt><trkpt lat="36.87535" lon="-118.43752"><ele>2620.865983127898</ele></trkpt><trkpt lat="36.8753" lon="-118.43759999999997"><ele>2620.0303669721734</ele></trkpt><trkpt lat="36.87523" lon="-118.43768"><ele>2618.3915152559402</ele></trkpt><trkpt lat="36.87515" lon="-118.43768999999998"><ele>2616.271425350569</ele></trkpt><trkpt lat="36.87509" lon="-118.43775"><ele>2615.054043693408</ele></trkpt><trkpt lat="36.87507" lon="-118.43781000000001"><ele>2614.941097455099</ele></trkpt><trkpt lat="36.87476" lon="-118.43813"><ele>2608.9110999125987</ele></trkpt><trkpt lat="36.87459" lon="-118.43851999999998"><ele>2607.00468177977</ele></trkpt><trkpt lat="36.87442" lon="-118.43874"><ele>2605.0072737811133</ele></trkpt><trkpt lat="36.87433" lon="-118.43875000000003"><ele>2603.385680125095</ele></trkpt><trkpt lat="36.87431" lon="-118.43882000000002"><ele>2601.9929103501204</ele></trkpt><trkpt lat="36.87433" lon="-118.43899999999996"><ele>2600.9473417253434</ele></trkpt><trkpt lat="36.87431" lon="-118.43908999999996"><ele>2601.1305672875606</ele></trkpt><trkpt lat="36.87422" lon="-118.43907999999999"><ele>2598.181514297612</ele></trkpt><trkpt lat="36.87416" lon="-118.43914000000001"><ele>2596.9263369822875</ele></trkpt><trkpt lat="36.87397" lon="-118.43923000000001"><ele>2593.9586976773385</ele></trkpt><trkpt lat="36.87374" lon="-118.43921999999998"><ele>2590.0</ele></trkpt><trkpt lat="36.87374" lon="-118.43921999999998"><ele>2590.0</ele></trkpt><trkpt lat="36.87369" lon="-118.43893000000003"><ele>2590.0</ele></trkpt><trkpt lat="36.8737" lon="-118.43887000000001"><ele>2590.0</ele></trkpt><trkpt lat="36.87391" lon="-118.43849"><ele>2591.1516172420233</ele></trkpt><trkpt lat="36.87393" lon="-118.43840999999998"><ele>2591.3541106723123</ele></trkpt><trkpt lat="36.87391" lon="-118.43824999999998"><ele>2591.7913355471183</ele></trkpt><trkpt lat="36.87382" lon="-118.43819000000002"><ele>2592.0</ele></trkpt><trkpt lat="36.87382" lon="-118.43819000000002"><ele>2592.0</ele></trkpt><trkpt lat="36.87363" lon="-118.43797"><ele>2591.774815751007</ele></trkpt><trkpt lat="36.87363" lon="-118.43797"><ele>2591.774815751007</ele></trkpt><trkpt lat="36.87349" lon="-118.43779"><ele>2595.997094716263</ele></trkpt><trkpt lat="36.8732" lon="-118.43707"><ele>2600.8786181724527</ele></trkpt><trkpt lat="36.87319" lon="-118.43686000000002"><ele>2601.0</ele></trkpt><trkpt lat="36.87323" lon="-118.43646999999999"><ele>2601.1816734975055</ele></trkpt><trkpt lat="36.8732" lon="-118.43626999999998"><ele>2603.0</ele></trkpt><trkpt lat="36.87325" lon="-118.43612000000002"><ele>2602.1125568426305</ele></trkpt><trkpt lat="36.87323" lon="-118.43603999999999"><ele>2602.0</ele></trkpt><trkpt lat="36.87317" lon="-118.43592999999998"><ele>2602.0</ele></trkpt><trkpt lat="36.87295" lon="-118.43565999999998"><ele>2602.0</ele></trkpt><trkpt lat="36.87276" lon="-118.43538999999998"><ele>2604.0</ele></trkpt><trkpt lat="36.87278" lon="-118.43524000000002"><ele>2605.0</ele></trkpt><trkpt lat="36.87271" lon="-118.43486000000001"><ele>2607.0</ele></trkpt><trkpt lat="36.87276" lon="-118.43464"><ele>2608.0</ele></trkpt><trkpt lat="36.87275" lon="-118.43455"><ele>2608.462204444455</ele></trkpt><trkpt lat="36.87269" lon="-118.43439999999998"><ele>2609.97383828054</ele></trkpt><trkpt lat="36.87274" lon="-118.43425000000002"><ele>2611.4204019309677</ele></trkpt><trkpt lat="36.87279" lon="-118.43421000000001"><ele>2611.0</ele></trkpt><trkpt lat="36.87271" lon="-118.43403999999998"><ele>2612.0</ele></trkpt><trkpt lat="36.87262" lon="-118.43399999999997"><ele>2612.0</ele></trkpt><trkpt lat="36.87254" lon="-118.43403"><ele>2612.0</ele></trkpt><trkpt lat="36.87252" lon="-118.43399"><ele>2612.0</ele></trkpt><trkpt lat="36.87251" lon="-118.43385"><ele>2613.0</ele></trkpt><trkpt lat="36.87257" lon="-118.43372"><ele>2614.0</ele></trkpt><trkpt lat="36.87257" lon="-118.43366000000003"><ele>2614.9044201436172</ele></trkpt><trkpt lat="36.87252" lon="-118.43349"><ele>2616.0</ele></trkpt><trkpt lat="36.87251" lon="-118.43329"><ele>2617.0</ele></trkpt><trkpt lat="36.87253" lon="-118.43327"><ele>2617.275232779966</ele></trkpt><trkpt lat="36.87254" lon="-118.43312000000003"><ele>2619.0</ele></trkpt><trkpt lat="36.87262" lon="-118.43290000000002"><ele>2620.0</ele></trkpt><trkpt lat="36.87259" lon="-118.43272999999999"><ele>2621.8712782224175</ele></trkpt><trkpt lat="36.87249" lon="-118.43261999999999"><ele>2621.8808593209924</ele></trkpt><trkpt lat="36.87249" lon="-118.43261999999999"><ele>2621.8808593209924</ele></trkpt><trkpt lat="36.87232" lon="-118.43245000000002"><ele>2621.395751110511</ele></trkpt><trkpt lat="36.87226" lon="-118.43236000000002"><ele>2622.0443014323773</ele></trkpt><trkpt lat="36.87223" lon="-118.43223999999998"><ele>2623.846419551498</ele></trkpt><trkpt lat="36.87224" lon="-118.43212"><ele>2625.0853084442206</ele></trkpt><trkpt lat="36.87222" lon="-118.43205999999998"><ele>2626.522278846661</ele></trkpt><trkpt lat="36.87232" lon="-118.43168000000003"><ele>2629.0</ele></trkpt><trkpt lat="36.87247" lon="-118.43144000000001"><ele>2630.930456888629</ele></trkpt><trkpt lat="36.87241" lon="-118.43128999999999"><ele>2633.425710222451</ele></trkpt><trkpt lat="36.87234" lon="-118.43120999999996"><ele>2635.289845334133</ele></trkpt><trkpt lat="36.87226" lon="-118.43095"><ele>2639.941424730357</ele></trkpt><trkpt lat="36.872" lon="-118.43068"><ele>2645.0</ele></trkpt><trkpt lat="36.87168" lon="-118.43041"><ele>2651.8043041629717</ele></trkpt><trkpt lat="36.8715" lon="-118.43002000000001"><ele>2655.0464084609484</ele></trkpt><trkpt lat="36.87134" lon="-118.42980999999997"><ele>2656.0621318581184</ele></trkpt><trkpt lat="36.87124" lon="-118.42962999999997"><ele>2657.6609176561215</ele></trkpt><trkpt lat="36.8712" lon="-118.42946"><ele>2658.053264362838</ele></trkpt><trkpt lat="36.87109" lon="-118.42934000000002"><ele>2660.9896343136206</ele></trkpt><trkpt lat="36.8711" lon="-118.42923000000002"><ele>2661.6983586363494</ele></trkpt><trkpt lat="36.87108" lon="-118.42917999999997"><ele>2662.280909950845</ele></trkpt><trkpt lat="36.87087" lon="-118.42894999999999"><ele>2665.446027324768</ele></trkpt><trkpt lat="36.87079" lon="-118.42878999999999"><ele>2665.7278868760914</ele></trkpt><trkpt lat="36.87071" lon="-118.42874"><ele>2668.0490800713264</ele></trkpt><trkpt lat="36.87063" lon="-118.42849000000001"><ele>2671.3882742114365</ele></trkpt><trkpt lat="36.87044" lon="-118.42851999999999"><ele>2674.0</ele></trkpt><trkpt lat="36.87021" lon="-118.42835000000002"><ele>2676.0418586050473</ele></trkpt><trkpt lat="36.87022" lon="-118.42826000000002"><ele>2677.029827554943</ele></trkpt><trkpt lat="36.87021" lon="-118.42804999999998"><ele>2681.3014376969077</ele></trkpt><trkpt lat="36.87012" lon="-118.42785000000003"><ele>2683.0</ele></trkpt><trkpt lat="36.86998" lon="-118.42775"><ele>2682.0</ele></trkpt><trkpt lat="36.86987" lon="-118.42770999999999"><ele>2682.6792243137024</ele></trkpt><trkpt lat="36.86973" lon="-118.42768000000001"><ele>2685.1847628979385</ele></trkpt><trkpt lat="36.86964" lon="-118.42770000000002"><ele>2687.0666571375914</ele></trkpt><trkpt lat="36.86959" lon="-118.42767000000003"><ele>2687.124905973673</ele></trkpt><trkpt lat="36.86957" lon="-118.42763000000002"><ele>2686.5532022162806</ele></trkpt><trkpt lat="36.86952" lon="-118.42759000000001"><ele>2687.33507336438</ele></trkpt><trkpt lat="36.86952" lon="-118.42746999999997"><ele>2685.5965130778955</ele></trkpt><trkpt lat="36.86954" lon="-118.42741000000001"><ele>2684.1593192871196</ele></trkpt><trkpt lat="36.86951" lon="-118.42728999999997"><ele>2681.3714713428694</ele></trkpt><trkpt lat="36.86944" lon="-118.42723000000001"><ele>2682.0</ele></trkpt><trkpt lat="36.86922" lon="-118.42713000000003"><ele>2684.6532092432353</ele></trkpt><trkpt lat="36.86911" lon="-118.42712"><ele>2685.2687190908305</ele></trkpt><trkpt lat="36.86901" lon="-118.42705999999998"><ele>2686.996531090149</ele></trkpt><trkpt lat="36.86886" lon="-118.42710999999997"><ele>2691.279771537958</ele></trkpt><trkpt lat="36.86868" lon="-118.42704000000003"><ele>2694.2867718922007</ele></trkpt><trkpt lat="36.86851" lon="-118.42689000000001"><ele>2697.0</ele></trkpt><trkpt lat="36.86846" lon="-118.42695000000003"><ele>2698.4837335683405</ele></trkpt><trkpt lat="36.86843" lon="-118.42692999999997"><ele>2698.4676102856174</ele></trkpt><trkpt lat="36.86839" lon="-118.42674999999997"><ele>2702.3444583646256</ele></trkpt><trkpt lat="36.86829" lon="-118.42689999999999"><ele>2703.825199323008</ele></trkpt><trkpt lat="36.86799" lon="-118.42680000000001"><ele>2708.2690101752924</ele></trkpt><trkpt lat="36.86771" lon="-118.42680000000001"><ele>2713.366275162271</ele></trkpt><trkpt lat="36.86749" lon="-118.42662000000001"><ele>2712.0</ele></trkpt><trkpt lat="36.86739" lon="-118.42638"><ele>2711.0</ele></trkpt><trkpt lat="36.86719" lon="-118.42626000000001"><ele>2710.366794666974</ele></trkpt><trkpt lat="36.86706" lon="-118.42614000000003"><ele>2714.370628147386</ele></trkpt><trkpt lat="36.86698" lon="-118.42611999999997"><ele>2716.773974185264</ele></trkpt><trkpt lat="36.8669" lon="-118.42602999999997"><ele>2719.0</ele></trkpt><trkpt lat="36.86662" lon="-118.42590999999999"><ele>2719.0</ele></trkpt><trkpt lat="36.86632" lon="-118.42568"><ele>2717.851815111004</ele></trkpt><trkpt lat="36.86609" lon="-118.42543999999998"><ele>2718.0</ele></trkpt><trkpt lat="36.86587" lon="-118.42538000000002"><ele>2720.0</ele></trkpt><trkpt lat="36.86572" lon="-118.42514"><ele>2722.0</ele></trkpt><trkpt lat="36.86553" lon="-118.42509999999999"><ele>2724.0</ele></trkpt><trkpt lat="36.86535" lon="-118.42498"><ele>2723.0</ele></trkpt><trkpt lat="36.86523" lon="-118.42498999999998"><ele>2723.7736497775186</ele></trkpt><trkpt lat="36.86504" lon="-118.42489"><ele>2723.443480889313</ele></trkpt><trkpt lat="36.86471" lon="-118.42496"><ele>2725.074599110987</ele></trkpt><trkpt lat="36.8645" lon="-118.42482999999999"><ele>2725.0</ele></trkpt><trkpt lat="36.86441" lon="-118.42480999999998"><ele>2726.553267213516</ele></trkpt><trkpt lat="36.86434" lon="-118.42484999999999"><ele>2729.1034309503157</ele></trkpt><trkpt lat="36.86428" lon="-118.42484000000002"><ele>2730.7124330993006</ele></trkpt><trkpt lat="36.86427" lon="-118.42478"><ele>2730.79467013719</ele></trkpt><trkpt lat="36.8642" lon="-118.42475999999999"><ele>2733.9247643076815</ele></trkpt><trkpt lat="36.86422" lon="-118.42464999999999"><ele>2736.148924444802</ele></trkpt><trkpt lat="36.86417" lon="-118.42458999999997"><ele>2737.793108925529</ele></trkpt><trkpt lat="36.86403" lon="-118.42462999999998"><ele>2741.8539717321873</ele></trkpt><trkpt lat="36.86394" lon="-118.42461000000003"><ele>2744.0</ele></trkpt><trkpt lat="36.86384" lon="-118.42466999999999"><ele>2743.788374180645</ele></trkpt><trkpt lat="36.86358" lon="-118.42464000000001"><ele>2747.0</ele></trkpt><trkpt lat="36.86347" lon="-118.42452000000003"><ele>2747.0</ele></trkpt><trkpt lat="36.86331" lon="-118.42453999999998"><ele>2748.0</ele></trkpt><trkpt lat="36.86314" lon="-118.42444999999998"><ele>2749.0</ele></trkpt><trkpt lat="36.863" lon="-118.42444999999998"><ele>2750.809903034009</ele></trkpt><trkpt lat="36.86293" lon="-118.42434000000003"><ele>2751.785300679109</ele></trkpt><trkpt lat="36.86293" lon="-118.42412000000002"><ele>2751.498819555156</ele></trkpt><trkpt lat="36.86272" lon="-118.42388"><ele>2752.794621536761</ele></trkpt><trkpt lat="36.86256" lon="-118.42381"><ele>2755.3981322961104</ele></trkpt><trkpt lat="36.86247" lon="-118.42381"><ele>2757.0152952887042</ele></trkpt><trkpt lat="36.86233" lon="-118.4239"><ele>2758.0</ele></trkpt><trkpt lat="36.86222" lon="-118.42377999999997"><ele>2760.0</ele></trkpt><trkpt lat="36.86218" lon="-118.42377999999997"><ele>2760.5011120904237</ele></trkpt><trkpt lat="36.86213" lon="-118.42381"><ele>2760.722343110945</ele></trkpt><trkpt lat="36.86204" lon="-118.42377999999997"><ele>2761.578606221592</ele></trkpt><trkpt lat="36.86204" lon="-118.42377999999997"><ele>2761.578606221592</ele></trkpt><trkpt lat="36.86194" lon="-118.42372999999998"><ele>2762.6165203240444</ele></trkpt><trkpt lat="36.86178" lon="-118.42356000000001"><ele>2764.0</ele></trkpt><trkpt lat="36.86171" lon="-118.42354"><ele>2764.0</ele></trkpt><trkpt lat="36.86154" lon="-118.42333000000002"><ele>2765.0</ele></trkpt><trkpt lat="36.86141" lon="-118.42320999999998"><ele>2766.2748726910527</ele></trkpt><trkpt lat="36.86129" lon="-118.42315000000002"><ele>2765.0</ele></trkpt><trkpt lat="36.86122" lon="-118.42306000000002"><ele>2764.8013902227394</ele></trkpt><trkpt lat="36.86125" lon="-118.42277999999999"><ele>2768.723082666984</ele></trkpt><trkpt lat="36.86096" lon="-118.42228999999998"><ele>2775.0</ele></trkpt><trkpt lat="36.86094" lon="-118.42219"><ele>2775.796253761264</ele></trkpt><trkpt lat="36.86081" lon="-118.42192999999997"><ele>2778.7181184435485</ele></trkpt><trkpt lat="36.86081" lon="-118.42183999999997"><ele>2779.6266702227294</ele></trkpt><trkpt lat="36.86076" lon="-118.42176"><ele>2781.420643743322</ele></trkpt><trkpt lat="36.86066" lon="-118.42169000000001"><ele>2783.0</ele></trkpt><trkpt lat="36.86012" lon="-118.42133999999999"><ele>2786.635933771251</ele></trkpt><trkpt lat="36.85987" lon="-118.42135000000002"><ele>2790.044497777242</ele></trkpt><trkpt lat="36.85954" lon="-118.42122"><ele>2793.028572140406</ele></trkpt><trkpt lat="36.8594" lon="-118.42124000000001"><ele>2795.790043859399</ele></trkpt><trkpt lat="36.85901" lon="-118.42093999999997"><ele>2800.0711953019095</ele></trkpt><trkpt lat="36.85889" lon="-118.42093"><ele>2799.946397117428</ele></trkpt><trkpt lat="36.85882" lon="-118.42088999999999"><ele>2800.6789604088535</ele></trkpt><trkpt lat="36.85852" lon="-118.42059"><ele>2806.1159215038156</ele></trkpt><trkpt lat="36.85828" lon="-118.42050999999998"><ele>2808.0</ele></trkpt><trkpt lat="36.85812" lon="-118.42034000000001"><ele>2809.0</ele></trkpt><trkpt lat="36.85806" lon="-118.42032"><ele>2809.0</ele></trkpt><trkpt lat="36.85781" lon="-118.42003999999997"><ele>2812.0</ele></trkpt><trkpt lat="36.8577" lon="-118.41996"><ele>2813.0</ele></trkpt><trkpt lat="36.85763" lon="-118.41985"><ele>2814.0</ele></trkpt><trkpt lat="36.85753" lon="-118.41980000000001"><ele>2814.0</ele></trkpt><trkpt lat="36.85742" lon="-118.41969"><ele>2814.7604187640877</ele></trkpt><trkpt lat="36.85729" lon="-118.41953000000001"><ele>2816.952866604342</ele></trkpt><trkpt lat="36.85696" lon="-118.41933"><ele>2819.059697934238</ele></trkpt><trkpt lat="36.85694" lon="-118.41928000000001"><ele>2820.1065264260396</ele></trkpt><trkpt lat="36.85675" lon="-118.41917999999998"><ele>2823.2500312598536</ele></trkpt><trkpt lat="36.85661" lon="-118.41907000000003"><ele>2824.716822535731</ele></trkpt><trkpt lat="36.85653" lon="-118.41895999999997"><ele>2825.2987306689797</ele></trkpt><trkpt lat="36.85622" lon="-118.41872999999998"><ele>2829.0673302552236</ele></trkpt><trkpt lat="36.85615" lon="-118.41872000000001"><ele>2830.075891511627</ele></trkpt><trkpt lat="36.85608" lon="-118.41874999999999"><ele>2831.427317260478</ele></trkpt><trkpt lat="36.85588" lon="-118.41872000000001"><ele>2833.6558066624725</ele></trkpt><trkpt lat="36.85573" lon="-118.41859999999997"><ele>2835.0</ele></trkpt><trkpt lat="36.85552" lon="-118.41854999999998"><ele>2837.3266905708015</ele></trkpt><trkpt lat="36.85534" lon="-118.41845"><ele>2838.0</ele></trkpt><trkpt lat="36.85513" lon="-118.41836999999998"><ele>2840.0</ele></trkpt><trkpt lat="36.85505" lon="-118.41836999999998"><ele>2841.0</ele></trkpt><trkpt lat="36.85494" lon="-118.41827999999998"><ele>2842.146806763847</ele></trkpt><trkpt lat="36.85483" lon="-118.41826000000003"><ele>2843.0</ele></trkpt><trkpt lat="36.85462" lon="-118.41827"><ele>2844.124623961242</ele></trkpt><trkpt lat="36.85455" lon="-118.41814999999997"><ele>2844.0</ele></trkpt><trkpt lat="36.85456" lon="-118.41802000000001"><ele>2844.639121777378</ele></trkpt><trkpt lat="36.85442" lon="-118.41784999999999"><ele>2847.2961161480844</ele></trkpt><trkpt lat="36.85447" lon="-118.41772000000003"><ele>2848.666758171981</ele></trkpt><trkpt lat="36.85441" lon="-118.41755999999998"><ele>2850.0</ele></trkpt><trkpt lat="36.85437" lon="-118.41701999999998"><ele>2851.9492509439588</ele></trkpt><trkpt lat="36.85441" lon="-118.41692999999998"><ele>2852.0</ele></trkpt><trkpt lat="36.85448" lon="-118.41687000000002"><ele>2852.436063999543</ele></trkpt><trkpt lat="36.85448" lon="-118.41683"><ele>2853.0935358236356</ele></trkpt><trkpt lat="36.85431" lon="-118.41670999999997"><ele>2854.910727914915</ele></trkpt><trkpt lat="36.85401" lon="-118.41665999999998"><ele>2860.4328557774425</ele></trkpt><trkpt lat="36.854" lon="-118.41651999999999"><ele>2863.591655111406</ele></trkpt><trkpt lat="36.85398" lon="-118.41649999999998"><ele>2864.0576888890937</ele></trkpt><trkpt lat="36.85381" lon="-118.41643999999997"><ele>2866.595684433923</ele></trkpt><trkpt lat="36.85367" lon="-118.41634999999997"><ele>2868.5529422229156</ele></trkpt><trkpt lat="36.85356" lon="-118.41633000000002"><ele>2869.018975999672</ele></trkpt><trkpt lat="36.85346" lon="-118.41625999999997"><ele>2870.650094222976</ele></trkpt><trkpt lat="36.8534" lon="-118.41615000000002"><ele>2872.3679719935544</ele></trkpt><trkpt lat="36.85346" lon="-118.41597999999999"><ele>2873.376053954242</ele></trkpt><trkpt lat="36.85344" lon="-118.41573"><ele>2874.9999893333297</ele></trkpt><trkpt lat="36.85339" lon="-118.41568999999998"><ele>2875.4546920699777</ele></trkpt><trkpt lat="36.85336" lon="-118.41562999999996"><ele>2876.6916198942345</ele></trkpt><trkpt lat="36.8532" lon="-118.41557999999998"><ele>2880.5057346174567</ele></trkpt><trkpt lat="36.85302" lon="-118.41543000000001"><ele>2880.9904959995765</ele></trkpt><trkpt lat="36.85285" lon="-118.41538000000003"><ele>2882.0</ele></trkpt><trkpt lat="36.8526" lon="-118.41536000000002"><ele>2880.3783857782837</ele></trkpt><trkpt lat="36.85244" lon="-118.41525999999999"><ele>2878.048216888681</ele></trkpt><trkpt lat="36.8524" lon="-118.41521"><ele>2875.883132444462</ele></trkpt><trkpt lat="36.8524" lon="-118.41521"><ele>2875.883132444462</ele></trkpt><trkpt lat="36.85238" lon="-118.41509000000002"><ele>2875.0</ele></trkpt><trkpt lat="36.85238" lon="-118.41509000000002"><ele>2875.0</ele></trkpt><trkpt lat="36.85236" lon="-118.41478000000001"><ele>2876.0</ele></trkpt><trkpt lat="36.85223" lon="-118.41469999999998"><ele>2876.0</ele></trkpt><trkpt lat="36.85221" lon="-118.41464000000002"><ele>2876.0</ele></trkpt><trkpt lat="36.85223" lon="-118.41449"><ele>2876.0</ele></trkpt><trkpt lat="36.8522" lon="-118.41419000000002"><ele>2876.759559560038</ele></trkpt><trkpt lat="36.85224" lon="-118.41393"><ele>2877.023471931927</ele></trkpt><trkpt lat="36.85216" lon="-118.41361"><ele>2878.1223312367274</ele></trkpt><trkpt lat="36.85222" lon="-118.41336999999999"><ele>2882.437524882881</ele></trkpt><trkpt lat="36.85234" lon="-118.41314"><ele>2885.0</ele></trkpt><trkpt lat="36.85235" lon="-118.41300000000001"><ele>2885.0</ele></trkpt><trkpt lat="36.8523" lon="-118.41296"><ele>2886.1041804659653</ele></trkpt><trkpt lat="36.85219" lon="-118.41295000000002"><ele>2887.5282759820757</ele></trkpt><trkpt lat="36.85214" lon="-118.41289999999998"><ele>2888.8885643295944</ele></trkpt><trkpt lat="36.85213" lon="-118.41282000000001"><ele>2889.842436664778</ele></trkpt><trkpt lat="36.85206" lon="-118.41273999999999"><ele>2891.071557981897</ele></trkpt><trkpt lat="36.85204" lon="-118.41264000000001"><ele>2891.9995597177776</ele></trkpt><trkpt lat="36.85193" lon="-118.41255000000001"><ele>2893.0038280794397</ele></trkpt><trkpt lat="36.85175" lon="-118.41257000000002"><ele>2897.0</ele></trkpt><trkpt lat="36.85157" lon="-118.41248000000002"><ele>2902.487098282203</ele></trkpt><trkpt lat="36.85136" lon="-118.41257999999999"><ele>2906.599690666655</ele></trkpt><trkpt lat="36.85105" lon="-118.41254000000004"><ele>2909.667623112211</ele></trkpt><trkpt lat="36.85092" lon="-118.41271999999998"><ele>2911.0</ele></trkpt><trkpt lat="36.85076" lon="-118.41278999999997"><ele>2912.0</ele></trkpt><trkpt lat="36.85072" lon="-118.41284000000002"><ele>2912.0</ele></trkpt><trkpt lat="36.85061" lon="-118.41284000000002"><ele>2912.0</ele></trkpt><trkpt lat="36.85054" lon="-118.41287"><ele>2911.6910439148096</ele></trkpt><trkpt lat="36.85041" lon="-118.41309999999999"><ele>2911.5258263692385</ele></trkpt><trkpt lat="36.85025" lon="-118.41313000000002"><ele>2909.87487285579</ele></trkpt><trkpt lat="36.85025" lon="-118.41305999999997"><ele>2907.933834677795</ele></trkpt><trkpt lat="36.85021" lon="-118.41307999999998"><ele>2907.5010702214204</ele></trkpt><trkpt lat="36.85017" lon="-118.41305"><ele>2906.437156933147</ele></trkpt><trkpt lat="36.85016" lon="-118.41300999999999"><ele>2905.0733189776074</ele></trkpt><trkpt lat="36.85009" lon="-118.41302999999999"><ele>2904.120958132975</ele></trkpt><trkpt lat="36.85004" lon="-118.41298999999998"><ele>2901.300562505292</ele></trkpt><trkpt lat="36.84996" lon="-118.41278999999997"><ele>2898.0</ele></trkpt><trkpt lat="36.84997" lon="-118.41266000000002"><ele>2898.0</ele></trkpt><trkpt lat="36.84987" lon="-118.41251999999997"><ele>2900.990762805566</ele></trkpt><trkpt lat="36.84977" lon="-118.41257000000002"><ele>2903.902708790265</ele></trkpt><trkpt lat="36.84928" lon="-118.4126"><ele>2905.1711890576407</ele></trkpt><trkpt lat="36.84909" lon="-118.41245000000004"><ele>2910.978152061347</ele></trkpt><trkpt lat="36.849" lon="-118.41246000000001"><ele>2914.6707569757964</ele></trkpt><trkpt lat="36.84886" lon="-118.41237000000001"><ele>2915.577075819191</ele></trkpt><trkpt lat="36.84881" lon="-118.41224"><ele>2917.903305365588</ele></trkpt><trkpt lat="36.84884" lon="-118.41206999999997"><ele>2920.288824240406</ele></trkpt><trkpt lat="36.84867" lon="-118.41200000000003"><ele>2922.9943974811413</ele></trkpt><trkpt lat="36.84858" lon="-118.41212999999999"><ele>2927.0</ele></trkpt><trkpt lat="36.8484" lon="-118.41210999999998"><ele>2931.0</ele></trkpt><trkpt lat="36.84834" lon="-118.41205000000002"><ele>2932.0</ele></trkpt><trkpt lat="36.84834" lon="-118.41199"><ele>2933.067757988005</ele></trkpt><trkpt lat="36.84828" lon="-118.41188"><ele>2933.7952319346555</ele></trkpt><trkpt lat="36.84811" lon="-118.4119"><ele>2937.8135639538154</ele></trkpt><trkpt lat="36.84801" lon="-118.41188"><ele>2939.0</ele></trkpt><trkpt lat="36.848" lon="-118.41183000000001"><ele>2939.8765759996604</ele></trkpt><trkpt lat="36.84785" lon="-118.41167999999999"><ele>2940.929848107937</ele></trkpt><trkpt lat="36.84777" lon="-118.41165999999998"><ele>2942.140828630887</ele></trkpt><trkpt lat="36.84771" lon="-118.41154"><ele>2943.8879486881196</ele></trkpt><trkpt lat="36.8475" lon="-118.41147000000001"><ele>2946.7376740931068</ele></trkpt><trkpt lat="36.84746" lon="-118.41129000000001"><ele>2947.0</ele></trkpt><trkpt lat="36.84721" lon="-118.41101000000003"><ele>2950.4472291823477</ele></trkpt><trkpt lat="36.84714" lon="-118.41084000000001"><ele>2951.0</ele></trkpt><trkpt lat="36.84704" lon="-118.41084000000001"><ele>2952.4303584497193</ele></trkpt><trkpt lat="36.84692" lon="-118.41077000000001"><ele>2954.0</ele></trkpt><trkpt lat="36.84664" lon="-118.4108"><ele>2957.044692805968</ele></trkpt><trkpt lat="36.84651" lon="-118.41084999999998"><ele>2959.2388659957746</ele></trkpt><trkpt lat="36.84644" lon="-118.4108"><ele>2959.9910193728283</ele></trkpt><trkpt lat="36.84626" lon="-118.4108"><ele>2963.7546311113983</ele></trkpt><trkpt lat="36.84618" lon="-118.41075999999998"><ele>2964.8093831115402</ele></trkpt><trkpt lat="36.84613" lon="-118.41074000000003"><ele>2966.199299513963</ele></trkpt><trkpt lat="36.84607" lon="-118.41064"><ele>2968.7467731735205</ele></trkpt><trkpt lat="36.84607" lon="-118.41064"><ele>2968.7467731735205</ele></trkpt><trkpt lat="36.8461" lon="-118.41048999999998"><ele>2970.0</ele></trkpt><trkpt lat="36.84582" lon="-118.41012999999998"><ele>2976.959936251955</ele></trkpt><trkpt lat="36.84561" lon="-118.4101"><ele>2978.8183422321904</ele></trkpt><trkpt lat="36.84552113447034" lon="-118.40998574422849"><ele>2979.0930484608452</ele></trkpt><trkpt lat="36.8454" lon="-118.40983"><ele>2982.0</ele></trkpt><trkpt lat="36.84517" lon="-118.40962999999999"><ele>2983.1189822400966</ele></trkpt><trkpt lat="36.845" lon="-118.40951999999999"><ele>2986.0</ele></trkpt><trkpt lat="36.84494" lon="-118.40938"><ele>2987.018691658681</ele></trkpt><trkpt lat="36.84483" lon="-118.40924999999999"><ele>2986.0</ele></trkpt><trkpt lat="36.84468" lon="-118.4092"><ele>2988.1157287666574</ele></trkpt><trkpt lat="36.84462" lon="-118.40915000000001"><ele>2989.0</ele></trkpt><trkpt lat="36.84446" lon="-118.40915000000001"><ele>2990.0</ele></trkpt><trkpt lat="36.84446" lon="-118.40915000000001"><ele>2990.0</ele></trkpt><trkpt lat="36.84434" lon="-118.40913"><ele>2991.0156575366855</ele></trkpt><trkpt lat="36.84421" lon="-118.40906000000001"><ele>2992.915934583902</ele></trkpt><trkpt lat="36.84401" lon="-118.40908999999999"><ele>2996.276796444319</ele></trkpt><trkpt lat="36.84392" lon="-118.40913999999998"><ele>2998.686801427044</ele></trkpt><trkpt lat="36.84375" lon="-118.40913"><ele>3000.0406953181255</ele></trkpt><trkpt lat="36.84361" lon="-118.40908999999999"><ele>3000.0</ele></trkpt><trkpt lat="36.84335" lon="-118.40897000000001"><ele>3001.8850951582526</ele></trkpt><trkpt lat="36.84328" lon="-118.40876000000003"><ele>3002.879858808592</ele></trkpt><trkpt lat="36.84317" lon="-118.40861999999998"><ele>3005.082723115571</ele></trkpt><trkpt lat="36.84312" lon="-118.40859"><ele>3005.8274026597296</ele></trkpt><trkpt lat="36.84297" lon="-118.40855999999997"><ele>3006.9061009632424</ele></trkpt><trkpt lat="36.8427" lon="-118.40834000000001"><ele>3012.7676368970424</ele></trkpt><trkpt lat="36.84242" lon="-118.40827000000002"><ele>3016.920311510563</ele></trkpt><trkpt lat="36.84222" lon="-118.40814"><ele>3019.0</ele></trkpt><trkpt lat="36.84186" lon="-118.40780999999998"><ele>3023.101650195407</ele></trkpt><trkpt lat="36.84174" lon="-118.40778999999998"><ele>3023.984600888565</ele></trkpt><trkpt lat="36.84155" lon="-118.40760999999998"><ele>3026.4085779494294</ele></trkpt><trkpt lat="36.84138" lon="-118.40753999999998"><ele>3028.0</ele></trkpt><trkpt lat="36.84111" lon="-118.40726000000001"><ele>3035.0</ele></trkpt><trkpt lat="36.84082" lon="-118.40717999999998"><ele>3035.0</ele></trkpt><trkpt lat="36.84074" lon="-118.40708000000001"><ele>3036.9276562255172</ele></trkpt><trkpt lat="36.84073" lon="-118.40695"><ele>3039.0</ele></trkpt><trkpt lat="36.84056" lon="-118.40703000000002"><ele>3043.0976976471743</ele></trkpt><trkpt lat="36.84047" lon="-118.40710000000001"><ele>3046.0</ele></trkpt><trkpt lat="36.84039" lon="-118.40704"><ele>3048.026309744455</ele></trkpt><trkpt lat="36.84017" lon="-118.40712000000002"><ele>3053.0</ele></trkpt><trkpt lat="36.84007" lon="-118.40744000000001"><ele>3056.887722396925</ele></trkpt><trkpt lat="36.84004" lon="-118.40744999999998"><ele>3057.0</ele></trkpt><trkpt lat="36.83982" lon="-118.40735999999998"><ele>3059.9867329205717</ele></trkpt><trkpt lat="36.83961" lon="-118.40735000000001"><ele>3061.5390656783716</ele></trkpt><trkpt lat="36.83954" lon="-118.40737000000001"><ele>3063.819253470095</ele></trkpt><trkpt lat="36.83943" lon="-118.40728000000001"><ele>3064.0984596594935</ele></trkpt><trkpt lat="36.8393" lon="-118.40726000000001"><ele>3067.3970864047296</ele></trkpt><trkpt lat="36.83906" lon="-118.40733999999998"><ele>3072.872431385915</ele></trkpt><trkpt lat="36.83889" lon="-118.40726000000001"><ele>3074.0</ele></trkpt><trkpt lat="36.8386" lon="-118.40735000000001"><ele>3079.104732558668</ele></trkpt><trkpt lat="36.83848" lon="-118.40733"><ele>3080.902748816181</ele></trkpt><trkpt lat="36.83831" lon="-118.40746000000001"><ele>3085.468084656239</ele></trkpt><trkpt lat="36.83808" lon="-118.40755000000001"><ele>3089.956370015364</ele></trkpt><trkpt lat="36.83796" lon="-118.40767"><ele>3093.3767964439467</ele></trkpt><trkpt lat="36.83784" lon="-118.40769999999998"><ele>3094.887448888505</ele></trkpt><trkpt lat="36.8377" lon="-118.40764999999999"><ele>3095.2503856387148</ele></trkpt><trkpt lat="36.83755" lon="-118.40767"><ele>3096.1883982219733</ele></trkpt><trkpt lat="36.83747" lon="-118.40771000000001"><ele>3098.0051828934675</ele></trkpt><trkpt lat="36.83742" lon="-118.40769"><ele>3098.0</ele></trkpt><trkpt lat="36.83722" lon="-118.40777000000003"><ele>3100.0</ele></trkpt><trkpt lat="36.83706" lon="-118.40787999999998"><ele>3101.0</ele></trkpt><trkpt lat="36.83673" lon="-118.40789999999998"><ele>3104.0955733326264</ele></trkpt><trkpt lat="36.83624" lon="-118.40807000000001"><ele>3107.0</ele></trkpt><trkpt lat="36.83612" lon="-118.40807000000001"><ele>3107.509073777823</ele></trkpt><trkpt lat="36.83564" lon="-118.40792999999996"><ele>3108.489651055547</ele></trkpt><trkpt lat="36.83525" lon="-118.40796"><ele>3110.640221310407</ele></trkpt><trkpt lat="36.83512" lon="-118.40782000000002"><ele>3111.0</ele></trkpt><trkpt lat="36.83505" lon="-118.40786000000003"><ele>3111.0</ele></trkpt><trkpt lat="36.83487" lon="-118.40785"><ele>3112.0</ele></trkpt><trkpt lat="36.83487" lon="-118.40785"><ele>3112.0</ele></trkpt><trkpt lat="36.83487" lon="-118.40785"><ele>3112.0</ele></trkpt><trkpt lat="36.83477" lon="-118.40804000000003"><ele>3113.810023111757</ele></trkpt><trkpt lat="36.83461" lon="-118.40816999999998"><ele>3113.0</ele></trkpt><trkpt lat="36.83452" lon="-118.40845000000002"><ele>3113.0</ele></trkpt><trkpt lat="36.83407" lon="-118.40882999999997"><ele>3113.9757704280796</ele></trkpt><trkpt lat="36.83401" lon="-118.40897999999999"><ele>3114.158560456495</ele></trkpt><trkpt lat="36.83389" lon="-118.40912000000003"><ele>3114.975847112015</ele></trkpt><trkpt lat="36.83378" lon="-118.40911"><ele>3115.0948474834786</ele></trkpt><trkpt lat="36.83369" lon="-118.40904999999998"><ele>3114.8451968841923</ele></trkpt><trkpt lat="36.83342" lon="-118.40870000000001"><ele>3116.657315043662</ele></trkpt><trkpt lat="36.8333" lon="-118.40859"><ele>3113.4195717731827</ele></trkpt><trkpt lat="36.8332" lon="-118.40843999999998"><ele>3114.046994943655</ele></trkpt><trkpt lat="36.83312" lon="-118.40852999999998"><ele>3118.443117410376</ele></trkpt><trkpt lat="36.83299" lon="-118.40861000000001"><ele>3121.0</ele></trkpt><trkpt lat="36.83294" lon="-118.40868999999998"><ele>3121.9561208884697</ele></trkpt><trkpt lat="36.83291" lon="-118.40877999999998"><ele>3123.0638017744636</ele></trkpt><trkpt lat="36.83296" lon="-118.40877"><ele>3123.473548160633</ele></trkpt><trkpt lat="36.83298" lon="-118.40881000000002"><ele>3124.9878766066395</ele></trkpt><trkpt lat="36.8329" lon="-118.40903000000003"><ele>3128.8786951117218</ele></trkpt><trkpt lat="36.83274" lon="-118.40913"><ele>3131.6661604302935</ele></trkpt><trkpt lat="36.83257" lon="-118.40929"><ele>3134.1923153568137</ele></trkpt><trkpt lat="36.83246" lon="-118.40926000000002"><ele>3134.1412641422357</ele></trkpt><trkpt lat="36.83216" lon="-118.40935999999999"><ele>3135.206265087083</ele></trkpt><trkpt lat="36.83212" lon="-118.40942000000001"><ele>3137.1514703837283</ele></trkpt><trkpt lat="36.83171" lon="-118.40966000000003"><ele>3137.821047795005</ele></trkpt><trkpt lat="36.83159" lon="-118.40984000000003"><ele>3135.9429041495196</ele></trkpt><trkpt lat="36.83135" lon="-118.4099"><ele>3135.9659400096766</ele></trkpt><trkpt lat="36.83123" lon="-118.40976999999998"><ele>3135.6249106329133</ele></trkpt><trkpt lat="36.83108" lon="-118.40969000000001"><ele>3135.921448295936</ele></trkpt><trkpt lat="36.83106" lon="-118.40965"><ele>3135.7847501478086</ele></trkpt><trkpt lat="36.83115" lon="-118.40958"><ele>3136.360985133531</ele></trkpt><trkpt lat="36.83115" lon="-118.40958"><ele>3136.360985133531</ele></trkpt><trkpt lat="36.83112" lon="-118.40944000000002"><ele>3135.0</ele></trkpt><trkpt lat="36.83112" lon="-118.40944000000002"><ele>3135.0</ele></trkpt><trkpt lat="36.83111" lon="-118.4094"><ele>3135.704861776205</ele></trkpt><trkpt lat="36.83101" lon="-118.40944000000002"><ele>3135.501534673145</ele></trkpt><trkpt lat="36.8309" lon="-118.40933999999999"><ele>3135.9674163615946</ele></trkpt><trkpt lat="36.83071" lon="-118.40929"><ele>3135.0628657778725</ele></trkpt><trkpt lat="36.83062" lon="-118.40933999999999"><ele>3135.4221197506986</ele></trkpt><trkpt lat="36.83057" lon="-118.40933999999999"><ele>3135.992414154544</ele></trkpt><trkpt lat="36.83036" lon="-118.40927999999997"><ele>3140.039327203296</ele></trkpt><trkpt lat="36.83014" lon="-118.40926000000002"><ele>3142.0</ele></trkpt><trkpt lat="36.82988" lon="-118.40915999999999"><ele>3142.001203365808</ele></trkpt><trkpt lat="36.82962" lon="-118.40915999999999"><ele>3141.4178590951487</ele></trkpt><trkpt lat="36.82942" lon="-118.40909999999997"><ele>3141.2919124260543</ele></trkpt><trkpt lat="36.82916" lon="-118.40906999999999"><ele>3141.0</ele></trkpt><trkpt lat="36.82884" lon="-118.40922"><ele>3140.6939839995466</ele></trkpt><trkpt lat="36.82869" lon="-118.40935000000002"><ele>3140.8846528526583</ele></trkpt><trkpt lat="36.82863" lon="-118.40935000000002"><ele>3141.6028739463027</ele></trkpt><trkpt lat="36.82854" lon="-118.40940999999998"><ele>3141.2666631115135</ele></trkpt><trkpt lat="36.82795" lon="-118.40953000000002"><ele>3140.093276107269</ele></trkpt><trkpt lat="36.82784" lon="-118.40951999999999"><ele>3140.822231111021</ele></trkpt><trkpt lat="36.82775" lon="-118.40965"><ele>3141.339554254628</ele></trkpt><trkpt lat="36.8277" lon="-118.40967"><ele>3142.0</ele></trkpt><trkpt lat="36.82763" lon="-118.40966000000003"><ele>3142.0</ele></trkpt><trkpt lat="36.82737" lon="-118.40944000000002"><ele>3145.0</ele></trkpt><trkpt lat="36.82727" lon="-118.40942999999999"><ele>3145.800629333593</ele></trkpt><trkpt lat="36.82687" lon="-118.40913"><ele>3152.4292045931797</ele></trkpt><trkpt lat="36.82687" lon="-118.40913"><ele>3152.4292045931797</ele></trkpt><trkpt lat="36.82662" lon="-118.40909999999997"><ele>3155.4488823234956</ele></trkpt><trkpt lat="36.82643" lon="-118.40902"><ele>3157.6427785260616</ele></trkpt><trkpt lat="36.82627" lon="-118.40890999999999"><ele>3159.0</ele></trkpt><trkpt lat="36.82606" lon="-118.40886999999998"><ele>3159.8495751116425</ele></trkpt><trkpt lat="36.82557" lon="-118.40867000000003"><ele>3164.0</ele></trkpt><trkpt lat="36.82541" lon="-118.40864999999997"><ele>3166.975946667604</ele></trkpt><trkpt lat="36.82518" lon="-118.40875"><ele>3170.0</ele></trkpt><trkpt lat="36.8249" lon="-118.40903000000003"><ele>3174.1195405321578</ele></trkpt><trkpt lat="36.82475" lon="-118.40906999999999"><ele>3178.0666015086417</ele></trkpt><trkpt lat="36.82467" lon="-118.40912000000003"><ele>3178.688450177389</ele></trkpt><trkpt lat="36.82454" lon="-118.40913"><ele>3181.4650211092085</ele></trkpt><trkpt lat="36.82446" lon="-118.40917000000002"><ele>3182.681934406646</ele></trkpt><trkpt lat="36.82419" lon="-118.40922999999998"><ele>3186.301214674057</ele></trkpt><trkpt lat="36.8241" lon="-118.40927999999997"><ele>3187.2733124969527</ele></trkpt><trkpt lat="36.82401" lon="-118.40929"><ele>3188.0561505313963</ele></trkpt><trkpt lat="36.82398" lon="-118.40926999999999"><ele>3188.8899839572086</ele></trkpt><trkpt lat="36.82388" lon="-118.40913"><ele>3190.932626859206</ele></trkpt><trkpt lat="36.82375" lon="-118.40912000000003"><ele>3194.0111507485562</ele></trkpt><trkpt lat="36.82358" lon="-118.40906000000001"><ele>3196.173246341341</ele></trkpt><trkpt lat="36.82353" lon="-118.40899999999999"><ele>3197.6648261690925</ele></trkpt><trkpt lat="36.82346" lon="-118.40902"><ele>3196.708643555641</ele></trkpt><trkpt lat="36.82321" lon="-118.40897000000001"><ele>3199.0938918473207</ele></trkpt><trkpt lat="36.82295" lon="-118.40897999999999"><ele>3198.286389333429</ele></trkpt><trkpt lat="36.82275" lon="-118.40893"><ele>3196.1936733882044</ele></trkpt><trkpt lat="36.82253" lon="-118.40870000000001"><ele>3195.6514234821957</ele></trkpt><trkpt lat="36.82249" lon="-118.40870000000001"><ele>3194.6480878508683</ele></trkpt><trkpt lat="36.8224" lon="-118.40876000000003"><ele>3195.31336844046</ele></trkpt><trkpt lat="36.82234" lon="-118.40875"><ele>3195.6457777777687</ele></trkpt><trkpt lat="36.82221" lon="-118.40863999999999"><ele>3197.2089635557495</ele></trkpt><trkpt lat="36.82215" lon="-118.40845999999999"><ele>3200.366822837619</ele></trkpt><trkpt lat="36.82202" lon="-118.40832999999998"><ele>3201.4324871117715</ele></trkpt><trkpt lat="36.82195" lon="-118.40832999999998"><ele>3200.4324871117715</ele></trkpt><trkpt lat="36.82159" lon="-118.40822000000003"><ele>3204.9956728883553</ele></trkpt><trkpt lat="36.82141" lon="-118.40825999999998"><ele>3205.0636053334456</ele></trkpt><trkpt lat="36.82111" lon="-118.40814999999998"><ele>3207.6267911116593</ele></trkpt><trkpt lat="36.82094" lon="-118.40807999999998"><ele>3209.257909333799</ele></trkpt><trkpt lat="36.82076" lon="-118.40794"><ele>3212.520145777613</ele></trkpt><trkpt lat="36.82067" lon="-118.40792999999996"><ele>3212.753162667621</ele></trkpt><trkpt lat="36.82025" lon="-118.40766000000002"><ele>3216.044618665939</ele></trkpt><trkpt lat="36.81979" lon="-118.40753000000001"><ele>3217.0738382218406</ele></trkpt><trkpt lat="36.81956" lon="-118.40749"><ele>3216.0059057779144</ele></trkpt><trkpt lat="36.81941" lon="-118.40742"><ele>3215.637024000054</ele></trkpt><trkpt lat="36.8191" lon="-118.40719999999999"><ele>3216.806716629281</ele></trkpt><trkpt lat="36.81896" lon="-118.40721000000002"><ele>3217.473091837692</ele></trkpt><trkpt lat="36.81884" lon="-118.40730000000002"><ele>3216.8181384715717</ele></trkpt><trkpt lat="36.81864" lon="-118.40726000000001"><ele>3220.0</ele></trkpt><trkpt lat="36.81839" lon="-118.40733"><ele>3219.7341760001145</ele></trkpt><trkpt lat="36.81808" lon="-118.40726000000001"><ele>3218.8586639896967</ele></trkpt><trkpt lat="36.81794" lon="-118.40706999999998"><ele>3219.1206274254473</ele></trkpt><trkpt lat="36.81779" lon="-118.40706999999998"><ele>3217.8034500671415</ele></trkpt><trkpt lat="36.81763" lon="-118.40701000000001"><ele>3216.190716444282</ele></trkpt><trkpt lat="36.8175" lon="-118.40690999999998"><ele>3216.3183408885343</ele></trkpt><trkpt lat="36.81736" lon="-118.40672"><ele>3215.0</ele></trkpt><trkpt lat="36.81688" lon="-118.40652999999998"><ele>3213.2120931678533</ele></trkpt><trkpt lat="36.81679" lon="-118.40643"><ele>3212.9838622323646</ele></trkpt><trkpt lat="36.81661" lon="-118.40607999999997"><ele>3211.7467234040982</ele></trkpt><trkpt lat="36.81639" lon="-118.40586000000002"><ele>3211.0</ele></trkpt><trkpt lat="36.81606" lon="-118.40544"><ele>3211.774367999984</ele></trkpt><trkpt lat="36.81577" lon="-118.40553"><ele>3214.7599575465015</ele></trkpt><trkpt lat="36.81536" lon="-118.40544999999997"><ele>3219.0</ele></trkpt><trkpt lat="36.81514" lon="-118.40526999999997"><ele>3219.0806831559166</ele></trkpt><trkpt lat="36.815" lon="-118.40512999999999"><ele>3219.999672018695</ele></trkpt><trkpt lat="36.81476" lon="-118.40494999999999"><ele>3219.0</ele></trkpt><trkpt lat="36.81465" lon="-118.40478000000002"><ele>3219.0</ele></trkpt><trkpt lat="36.81452" lon="-118.40476999999998"><ele>3218.0</ele></trkpt><trkpt lat="36.81448" lon="-118.40466000000004"><ele>3218.0</ele></trkpt><trkpt lat="36.81432" lon="-118.40454"><ele>3218.0</ele></trkpt><trkpt lat="36.81425" lon="-118.40440999999998"><ele>3219.7751075560227</ele></trkpt><trkpt lat="36.81402" lon="-118.40427"><ele>3221.3459158518026</ele></trkpt><trkpt lat="36.81397" lon="-118.40415999999999"><ele>3222.0</ele></trkpt><trkpt lat="36.81376" lon="-118.40404999999998"><ele>3222.3702462836754</ele></trkpt><trkpt lat="36.81362" lon="-118.40390000000002"><ele>3222.6782382447273</ele></trkpt><trkpt lat="36.81351" lon="-118.40384"><ele>3223.0</ele></trkpt><trkpt lat="36.81339" lon="-118.40382"><ele>3222.0</ele></trkpt><trkpt lat="36.81324" lon="-118.40368000000001"><ele>3221.0</ele></trkpt><trkpt lat="36.81319" lon="-118.40368000000001"><ele>3221.1797066765307</ele></trkpt><trkpt lat="36.81311" lon="-118.40352000000001"><ele>3221.0</ele></trkpt><trkpt lat="36.81297" lon="-118.40349000000003"><ele>3221.0</ele></trkpt><trkpt lat="36.81288" lon="-118.40355"><ele>3221.1854400001466</ele></trkpt><trkpt lat="36.81285" lon="-118.40354000000002"><ele>3220.987298187092</ele></trkpt><trkpt lat="36.81282" lon="-118.40346"><ele>3221.0</ele></trkpt><trkpt lat="36.81284" lon="-118.40337"><ele>3221.0</ele></trkpt><trkpt lat="36.81268" lon="-118.40323999999998"><ele>3220.012151070947</ele></trkpt><trkpt lat="36.81271" lon="-118.40287000000001"><ele>3222.0</ele></trkpt><trkpt lat="36.81253" lon="-118.40274999999997"><ele>3221.434605825871</ele></trkpt><trkpt lat="36.81248" lon="-118.40268000000003"><ele>3222.0433411104195</ele></trkpt><trkpt lat="36.81248" lon="-118.40244999999999"><ele>3222.996011555195</ele></trkpt><trkpt lat="36.81243" lon="-118.40229999999997"><ele>3222.0402505413535</ele></trkpt><trkpt lat="36.8124" lon="-118.40206999999998"><ele>3222.1695869667456</ele></trkpt><trkpt lat="36.81236" lon="-118.40199999999999"><ele>3222.9321777778678</ele></trkpt><trkpt lat="36.81229" lon="-118.40195"><ele>3223.0652772930916</ele></trkpt><trkpt lat="36.81222" lon="-118.40183000000002"><ele>3222.9306535348296</ele></trkpt><trkpt lat="36.81205" lon="-118.4017"><ele>3221.905467715347</ele></trkpt><trkpt lat="36.81178" lon="-118.40163000000001"><ele>3222.553802666487</ele></trkpt><trkpt lat="36.81168" lon="-118.40152"><ele>3221.544842741918</ele></trkpt><trkpt lat="36.81155" lon="-118.40129000000002"><ele>3221.9066642420366</ele></trkpt><trkpt lat="36.81155" lon="-118.40115000000003"><ele>3223.4302873536944</ele></trkpt><trkpt lat="36.8114" lon="-118.40091000000001"><ele>3223.331018666504</ele></trkpt><trkpt lat="36.81131" lon="-118.40080999999998"><ele>3224.0</ele></trkpt><trkpt lat="36.81131" lon="-118.40080999999998"><ele>3224.0</ele></trkpt><trkpt lat="36.81131" lon="-118.40080999999998"><ele>3224.0</ele></trkpt><trkpt lat="36.81118" lon="-118.40075999999999"><ele>3222.661501563154</ele></trkpt><trkpt lat="36.81099" lon="-118.40062999999998"><ele>3222.987096316647</ele></trkpt><trkpt lat="36.81095" lon="-118.40053"><ele>3222.967417708598</ele></trkpt><trkpt lat="36.81079" lon="-118.40044999999998"><ele>3222.0</ele></trkpt><trkpt lat="36.81068" lon="-118.40026"><ele>3224.586287464248</ele></trkpt><trkpt lat="36.81058" lon="-118.40015"><ele>3226.0</ele></trkpt><trkpt lat="36.81055" lon="-118.40008"><ele>3226.6714204442687</ele></trkpt><trkpt lat="36.81056" lon="-118.39998000000003"><ele>3226.615645806931</ele></trkpt><trkpt lat="36.81062" lon="-118.39992999999998"><ele>3227.8938117594084</ele></trkpt><trkpt lat="36.81063" lon="-118.39988"><ele>3227.653943193145</ele></trkpt><trkpt lat="36.81061" lon="-118.39952"><ele>3227.143704654649</ele></trkpt><trkpt lat="36.81056" lon="-118.39936999999998"><ele>3226.4488712172024</ele></trkpt><trkpt lat="36.81048" lon="-118.39925"><ele>3226.596767333951</ele></trkpt><trkpt lat="36.81031" lon="-118.39913999999999"><ele>3224.1113102009786</ele></trkpt><trkpt lat="36.81013" lon="-118.39884"><ele>3222.7689490516204</ele></trkpt><trkpt lat="36.80999" lon="-118.39868000000001"><ele>3223.614680719562</ele></trkpt><trkpt lat="36.80949" lon="-118.39855999999997"><ele>3223.6549817021005</ele></trkpt><trkpt lat="36.80928" lon="-118.39845000000003"><ele>3226.543547280203</ele></trkpt><trkpt lat="36.80928" lon="-118.39845000000003"><ele>3226.543547280203</ele></trkpt><trkpt lat="36.80904" lon="-118.39830999999998"><ele>3230.1770219744835</ele></trkpt><trkpt lat="36.80848" lon="-118.39825000000002"><ele>3231.3135111103766</ele></trkpt><trkpt lat="36.8082" lon="-118.39817"><ele>3232.1086624599993</ele></trkpt><trkpt lat="36.8079" lon="-118.39789000000002"><ele>3230.297880889382</ele></trkpt><trkpt lat="36.80778" lon="-118.39783999999997"><ele>3228.132796443766</ele></trkpt><trkpt lat="36.80756" lon="-118.39787000000001"><ele>3228.8318471114617</ele></trkpt><trkpt lat="36.80725" lon="-118.39787000000001"><ele>3228.8318471114617</ele></trkpt><trkpt lat="36.80713" lon="-118.39783999999997"><ele>3228.132796443766</ele></trkpt><trkpt lat="36.80679" lon="-118.39801"><ele>3228.0</ele></trkpt><trkpt lat="36.80673970698699" lon="-118.39801239490538"><ele>3228.0</ele></trkpt><trkpt lat="36.80673970698699" lon="-118.39801239490538"><ele>3228.0</ele></trkpt><trkpt lat="36.80658" lon="-118.39801999999997"><ele>3227.256330705864</ele></trkpt><trkpt lat="36.80648" lon="-118.39800000000002"><ele>3226.0</ele></trkpt><trkpt lat="36.80615" lon="-118.39771000000002"><ele>3226.0</ele></trkpt><trkpt lat="36.80601" lon="-118.39767999999998"><ele>3225.4045262217987</ele></trkpt><trkpt lat="36.80586" lon="-118.39769000000001"><ele>3225.637543111574</ele></trkpt><trkpt lat="36.8057" lon="-118.39776"><ele>3224.1731457561255</ele></trkpt><trkpt lat="36.80562" lon="-118.39776"><ele>3223.2270008603127</ele></trkpt><trkpt lat="36.80548" lon="-118.39785"><ele>3221.0</ele></trkpt><trkpt lat="36.80541" lon="-118.39787000000001"><ele>3219.7782183640757</ele></trkpt><trkpt lat="36.805151666515705" lon="-118.39778666637875"><ele>3217.0236685013933</ele></trkpt><trkpt lat="36.805151666515705" lon="-118.39778666637875"><ele>3217.0236685013933</ele></trkpt><trkpt lat="36.8051" lon="-118.39776999999998"><ele>3217.0</ele></trkpt><trkpt lat="36.80479" lon="-118.39783"><ele>3216.0</ele></trkpt><trkpt lat="36.80469" lon="-118.39792999999997"><ele>3217.2299484438263</ele></trkpt><trkpt lat="36.80458" lon="-118.39794999999998"><ele>3217.0</ele></trkpt><trkpt lat="36.8043" lon="-118.39814000000001"><ele>3212.0</ele></trkpt><trkpt lat="36.80365" lon="-118.39812"><ele>3217.3145386669785</ele></trkpt><trkpt lat="36.80346" lon="-118.39819"><ele>3217.2724990556017</ele></trkpt><trkpt lat="36.8034" lon="-118.39827000000002"><ele>3216.2380028776824</ele></trkpt><trkpt lat="36.80334" lon="-118.39848"><ele>3212.51520609566</ele></trkpt><trkpt lat="36.80328" lon="-118.39850000000001"><ele>3212.3878339053736</ele></trkpt><trkpt lat="36.80306" lon="-118.39868999999999"><ele>3214.221877184231</ele></trkpt><trkpt lat="36.80302" lon="-118.39882"><ele>3214.1793466964737</ele></trkpt><trkpt lat="36.80302" lon="-118.39904000000001"><ele>3212.2808764933966</ele></trkpt><trkpt lat="36.80317" lon="-118.39940000000001"><ele>3212.3244442251525</ele></trkpt><trkpt lat="36.80321" lon="-118.39960000000002"><ele>3211.564899038989</ele></trkpt><trkpt lat="36.80347" lon="-118.39998000000003"><ele>3212.275129738264</ele></trkpt><trkpt lat="36.80344" lon="-118.40008999999998"><ele>3210.9804214529086</ele></trkpt><trkpt lat="36.80345" lon="-118.40016000000003"><ele>3211.812141412492</ele></trkpt><trkpt lat="36.80355" lon="-118.40043000000003"><ele>3212.0335713084205</ele></trkpt><trkpt lat="36.80369" lon="-118.40070000000003"><ele>3212.427432427853</ele></trkpt><trkpt lat="36.80377" lon="-118.40133000000003"><ele>3212.5525987876586</ele></trkpt><trkpt lat="36.80389" lon="-118.40154999999999"><ele>3212.915867783129</ele></trkpt><trkpt lat="36.8039" lon="-118.40174000000002"><ele>3213.790930183907</ele></trkpt><trkpt lat="36.80399" lon="-118.40188999999998"><ele>3212.990727112163</ele></trkpt><trkpt lat="36.80398" lon="-118.40199000000001"><ele>3211.019345982594</ele></trkpt><trkpt lat="36.80392" lon="-118.40204"><ele>3210.629120488884</ele></trkpt><trkpt lat="36.80383" lon="-118.40202999999997"><ele>3212.248188422993</ele></trkpt><trkpt lat="36.80374" lon="-118.40208000000001"><ele>3212.191654225579</ele></trkpt><trkpt lat="36.80363" lon="-118.40206999999998"><ele>3210.0</ele></trkpt><trkpt lat="36.80339" lon="-118.40214000000003"><ele>3212.6344243301673</ele></trkpt><trkpt lat="36.80339" lon="-118.40233"><ele>3213.1060301866382</ele></trkpt><trkpt lat="36.80338" lon="-118.40238999999997"><ele>3212.37710427586</ele></trkpt><trkpt lat="36.80334" lon="-118.40242999999998"><ele>3212.2885237425235</ele></trkpt><trkpt lat="36.80323" lon="-118.40238999999997"><ele>3215.664098771459</ele></trkpt><trkpt lat="36.80307" lon="-118.40247"><ele>3216.3263380983844</ele></trkpt><trkpt lat="36.803" lon="-118.40246000000002"><ele>3217.0</ele></trkpt><trkpt lat="36.80275963797428" lon="-118.40250712980901"><ele>3217.0</ele></trkpt><trkpt lat="36.80275963797428" lon="-118.40250712980901"><ele>3217.0</ele></trkpt><trkpt lat="36.80249" lon="-118.40256"><ele>3215.2620830744418</ele></trkpt><trkpt lat="36.80203" lon="-118.40242999999998"><ele>3214.838498181124</ele></trkpt><trkpt lat="36.80196" lon="-118.40242999999998"><ele>3216.6972428038557</ele></trkpt><trkpt lat="36.80188" lon="-118.40251999999998"><ele>3219.3694008882158</ele></trkpt><trkpt lat="36.80175" lon="-118.40253000000001"><ele>3221.3255890121586</ele></trkpt><trkpt lat="36.80155" lon="-118.40237000000002"><ele>3223.413444175814</ele></trkpt><trkpt lat="36.80146" lon="-118.40244999999999"><ele>3225.772354291519</ele></trkpt><trkpt lat="36.80133" lon="-118.40233999999998"><ele>3228.0</ele></trkpt><trkpt lat="36.80129" lon="-118.40224"><ele>3228.0</ele></trkpt><trkpt lat="36.80119" lon="-118.40213"><ele>3230.9103377546116</ele></trkpt><trkpt lat="36.80094" lon="-118.40206"><ele>3236.5149391074883</ele></trkpt><trkpt lat="36.80089" lon="-118.40202"><ele>3238.2724595589098</ele></trkpt><trkpt lat="36.80084" lon="-118.40175999999997"><ele>3238.462566934273</ele></trkpt><trkpt lat="36.80079" lon="-118.40172000000001"><ele>3236.0866986671463</ele></trkpt><trkpt lat="36.80069" lon="-118.4017"><ele>3234.3092622226104</ele></trkpt><trkpt lat="36.80047" lon="-118.4017"><ele>3240.183268140536</ele></trkpt><trkpt lat="36.80036" lon="-118.40175999999997"><ele>3243.087332432762</ele></trkpt><trkpt lat="36.80029" lon="-118.40190000000001"><ele>3249.0979501077286</ele></trkpt><trkpt lat="36.80024" lon="-118.40193"><ele>3248.3946188251016</ele></trkpt><trkpt lat="36.80014" lon="-118.40204"><ele>3251.3678963836087</ele></trkpt><trkpt lat="36.79992" lon="-118.40217000000001"><ele>3254.0582186672837</ele></trkpt><trkpt lat="36.79978" lon="-118.40214000000003"><ele>3254.911809461202</ele></trkpt><trkpt lat="36.79976" lon="-118.40208999999999"><ele>3253.7100045331754</ele></trkpt><trkpt lat="36.79955" lon="-118.40202"><ele>3257.4411432182587</ele></trkpt><trkpt lat="36.7994" lon="-118.40208999999999"><ele>3259.1649742221925</ele></trkpt><trkpt lat="36.79938" lon="-118.40226999999999"><ele>3263.3592782220803</ele></trkpt><trkpt lat="36.79966" lon="-118.40238999999997"><ele>3267.648712223372</ele></trkpt><trkpt lat="36.79976" lon="-118.40256"><ele>3271.1167680001818</ele></trkpt><trkpt lat="36.79982" lon="-118.40259000000003"><ele>3271.917500135943</ele></trkpt><trkpt lat="36.79996" lon="-118.40253999999999"><ele>3274.9125722504496</ele></trkpt><trkpt lat="36.79998" lon="-118.40256"><ele>3278.115447243242</ele></trkpt><trkpt lat="36.79987" lon="-118.40265999999997"><ele>3277.4048937731422</ele></trkpt><trkpt lat="36.79968" lon="-118.40295000000003"><ele>3281.204426667653</ele></trkpt><trkpt lat="36.7997" lon="-118.40298000000001"><ele>3282.412991288784</ele></trkpt><trkpt lat="36.79989" lon="-118.40282000000002"><ele>3285.3775649461313</ele></trkpt><trkpt lat="36.79988" lon="-118.40287999999998"><ele>3286.8351405076946</ele></trkpt><trkpt lat="36.79965" lon="-118.40325999999999"><ele>3291.583494714729</ele></trkpt><trkpt lat="36.79978" lon="-118.40322000000003"><ele>3294.8301806102468</ele></trkpt><trkpt lat="36.79983" lon="-118.40316999999999"><ele>3294.7925878599026</ele></trkpt><trkpt lat="36.79988" lon="-118.40318000000002"><ele>3297.7316794083454</ele></trkpt><trkpt lat="36.79973" lon="-118.40343000000001"><ele>3299.8261969848536</ele></trkpt><trkpt lat="36.79971" lon="-118.40367000000003"><ele>3304.9973372989944</ele></trkpt><trkpt lat="36.79961" lon="-118.40400999999997"><ele>3309.904216888128</ele></trkpt><trkpt lat="36.79959" lon="-118.40426000000002"><ele>3316.0925458648708</ele></trkpt><trkpt lat="36.79937" lon="-118.40449000000001"><ele>3318.1247024448608</ele></trkpt><trkpt lat="36.79914" lon="-118.40465"><ele>3318.0</ele></trkpt><trkpt lat="36.79875" lon="-118.40478000000002"><ele>3323.8589884528938</ele></trkpt><trkpt lat="36.79855" lon="-118.40476000000001"><ele>3327.380483556073</ele></trkpt><trkpt lat="36.79843" lon="-118.40487000000002"><ele>3330.909490424368</ele></trkpt><trkpt lat="36.79828" lon="-118.40492"><ele>3331.4592801826075</ele></trkpt><trkpt lat="36.79829" lon="-118.40496999999999"><ele>3334.080447625369</ele></trkpt><trkpt lat="36.79848" lon="-118.40503000000001"><ele>3337.6719395557884</ele></trkpt><trkpt lat="36.79853" lon="-118.40507000000002"><ele>3338.6040071118623</ele></trkpt><trkpt lat="36.79853" lon="-118.40508999999997"><ele>3339.0700408886187</ele></trkpt><trkpt lat="36.79828" lon="-118.40521999999999"><ele>3344.1985208881088</ele></trkpt><trkpt lat="36.79766" lon="-118.40587"><ele>3361.2453582219314</ele></trkpt><trkpt lat="36.7977" lon="-118.40591"><ele>3362.476778208024</ele></trkpt><trkpt lat="36.79775" lon="-118.40588000000002"><ele>3362.9055356188105</ele></trkpt><trkpt lat="36.79782" lon="-118.40598999999997"><ele>3365.8618699459835</ele></trkpt><trkpt lat="36.79772" lon="-118.40609"><ele>3366.371729777893</ele></trkpt><trkpt lat="36.79766" lon="-118.40622000000002"><ele>3368.4009493340272</ele></trkpt><trkpt lat="36.79781" lon="-118.40627"><ele>3370.8111741057</ele></trkpt><trkpt lat="36.79782" lon="-118.40640000000002"><ele>3373.4511335329153</ele></trkpt><trkpt lat="36.79763" lon="-118.40656999999999"><ele>3376.0</ele></trkpt><trkpt lat="36.79749" lon="-118.40674000000001"><ele>3377.262027881361</ele></trkpt><trkpt lat="36.79735" lon="-118.40687000000003"><ele>3377.726120250998</ele></trkpt><trkpt lat="36.79713" lon="-118.40728000000001"><ele>3384.100739556132</ele></trkpt><trkpt lat="36.79701" lon="-118.40728000000001"><ele>3384.9162140847184</ele></trkpt><trkpt lat="36.79692" lon="-118.40733999999998"><ele>3385.8335483546916</ele></trkpt><trkpt lat="36.79673" lon="-118.40733"><ele>3386.0</ele></trkpt><trkpt lat="36.79667" lon="-118.4074"><ele>3387.0</ele></trkpt><trkpt lat="36.79657" lon="-118.40744000000001"><ele>3389.5184214562178</ele></trkpt><trkpt lat="36.79618" lon="-118.40750000000003"><ele>3398.1243803293432</ele></trkpt><trkpt lat="36.7961" lon="-118.40750000000003"><ele>3399.271398988032</ele></trkpt><trkpt lat="36.79579" lon="-118.40728999999999"><ele>3408.477455135142</ele></trkpt><trkpt lat="36.79579" lon="-118.40737000000001"><ele>3409.3708942549724</ele></trkpt><trkpt lat="36.79586" lon="-118.40751"><ele>3410.638888464542</ele></trkpt><trkpt lat="36.7958" lon="-118.40769"><ele>3415.8493916597217</ele></trkpt><trkpt lat="36.79575" lon="-118.40771999999998"><ele>3418.513837409847</ele></trkpt><trkpt lat="36.79569" lon="-118.40782999999999"><ele>3422.2406833076398</ele></trkpt><trkpt lat="36.79559" lon="-118.40785"><ele>3426.418161064619</ele></trkpt><trkpt lat="36.79557" lon="-118.40794"><ele>3427.755016574636</ele></trkpt><trkpt lat="36.79552" lon="-118.40796999999998"><ele>3430.1318038049344</ele></trkpt><trkpt lat="36.79535" lon="-118.40821"><ele>3434.2670247491915</ele></trkpt><trkpt lat="36.79522" lon="-118.40827999999999"><ele>3438.3995720867533</ele></trkpt><trkpt lat="36.79516" lon="-118.40827999999999"><ele>3441.145492866868</ele></trkpt><trkpt lat="36.79506" lon="-118.40836999999999"><ele>3443.1869068442084</ele></trkpt><trkpt lat="36.79498" lon="-118.40837999999997"><ele>3444.842986401051</ele></trkpt><trkpt lat="36.79494" lon="-118.40854999999999"><ele>3443.2207761905343</ele></trkpt><trkpt lat="36.79479" lon="-118.40876000000003"><ele>3447.1846294821275</ele></trkpt><trkpt lat="36.7945" lon="-118.40904"><ele>3451.748978625388</ele></trkpt><trkpt lat="36.79438" lon="-118.40908999999999"><ele>3449.7909541896697</ele></trkpt><trkpt lat="36.79427" lon="-118.40918999999997"><ele>3452.4455856140703</ele></trkpt><trkpt lat="36.7941" lon="-118.40913"><ele>3455.310359690472</ele></trkpt><trkpt lat="36.79385" lon="-118.40922"><ele>3461.0548187866807</ele></trkpt><trkpt lat="36.79377" lon="-118.40922"><ele>3463.994703223929</ele></trkpt><trkpt lat="36.7936" lon="-118.40931999999998"><ele>3467.272369777318</ele></trkpt><trkpt lat="36.79326" lon="-118.40960999999999"><ele>3470.1124283386653</ele></trkpt><trkpt lat="36.79319" lon="-118.40960000000001"><ele>3469.859976997124</ele></trkpt><trkpt lat="36.793" lon="-118.40972999999997"><ele>3464.675822431141</ele></trkpt><trkpt lat="36.79295" lon="-118.40974"><ele>3464.422894222196</ele></trkpt><trkpt lat="36.79275" lon="-118.40962999999999"><ele>3463.0</ele></trkpt><trkpt lat="36.7926" lon="-118.40965"><ele>3462.6742577776313</ele></trkpt><trkpt lat="36.7924" lon="-118.40972999999997"><ele>3465.5277205167804</ele></trkpt><trkpt lat="36.79232" lon="-118.40966000000003"><ele>3467.89679426188</ele></trkpt><trkpt lat="36.79227" lon="-118.40972999999997"><ele>3469.0930952711497</ele></trkpt><trkpt lat="36.79223" lon="-118.40972999999997"><ele>3470.768436567509</ele></trkpt><trkpt lat="36.79221" lon="-118.40969000000001"><ele>3471.3873398499563</ele></trkpt><trkpt lat="36.79212" lon="-118.40960999999999"><ele>3473.3973839266837</ele></trkpt><trkpt lat="36.79209" lon="-118.40965"><ele>3474.286341369049</ele></trkpt><trkpt lat="36.7921" lon="-118.40972999999997"><ele>3474.5880678016692</ele></trkpt><trkpt lat="36.79208" lon="-118.40981999999997"><ele>3475.4570471777115</ele></trkpt><trkpt lat="36.79205" lon="-118.40985"><ele>3477.029620386042</ele></trkpt><trkpt lat="36.79204" lon="-118.40966000000003"><ele>3477.0400146305687</ele></trkpt><trkpt lat="36.79202" lon="-118.40965"><ele>3477.859139774677</ele></trkpt><trkpt lat="36.79196" lon="-118.40983"><ele>3479.661714912392</ele></trkpt><trkpt lat="36.79193" lon="-118.40938"><ele>3484.050945920988</ele></trkpt><trkpt lat="36.79195" lon="-118.4092"><ele>3486.072967156039</ele></trkpt><trkpt lat="36.79199" lon="-118.40911"><ele>3486.889068626754</ele></trkpt><trkpt lat="36.79199" lon="-118.40904"><ele>3488.677079159068</ele></trkpt><trkpt lat="36.79196" lon="-118.40900999999997"><ele>3489.661714912392</ele></trkpt><trkpt lat="36.79194" lon="-118.40909999999997"><ele>3489.472483430466</ele></trkpt><trkpt lat="36.79169" lon="-118.40942999999999"><ele>3497.836655971594</ele></trkpt><trkpt lat="36.79169" lon="-118.40942999999999"><ele>3497.836655971594</ele></trkpt><trkpt lat="36.79162" lon="-118.40962000000002"><ele>3499.4829622537363</ele></trkpt><trkpt lat="36.79156828411271" lon="-118.40965232242957"><ele>3502.09659331972</ele></trkpt><trkpt lat="36.79153999999998" lon="-118.40967"><ele>3503.0663924949426</ele></trkpt><trkpt lat="36.79152" lon="-118.40965"><ele>3504.7546984681503</ele></trkpt><trkpt lat="36.79151" lon="-118.40935000000002"><ele>3510.1758248608094</ele></trkpt><trkpt lat="36.7915" lon="-118.40933999999999"><ele>3510.990787348477</ele></trkpt><trkpt lat="36.79145" lon="-118.40945999999997"><ele>3512.0533834059297</ele></trkpt><trkpt lat="36.79143" lon="-118.40945999999997"><ele>3513.1666230838746</ele></trkpt><trkpt lat="36.79139" lon="-118.40921000000003"><ele>3518.4944025948644</ele></trkpt><trkpt lat="36.79135" lon="-118.40918999999997"><ele>3520.822180889547</ele></trkpt><trkpt lat="36.79134" lon="-118.40924000000001"><ele>3521.4041252750903</ele></trkpt><trkpt lat="36.7913" lon="-118.4092"><ele>3523.5933344927607</ele></trkpt><trkpt lat="36.79129" lon="-118.40926000000002"><ele>3525.55192961148</ele></trkpt><trkpt lat="36.79119" lon="-118.40913999999998"><ele>3529.575162808411</ele></trkpt><trkpt lat="36.79119" lon="-118.40933000000001"><ele>3533.1245654010313</ele></trkpt><trkpt lat="36.79114" lon="-118.40944999999999"><ele>3537.0429970026016</ele></trkpt><trkpt lat="36.79114" lon="-118.40954999999997"><ele>3538.0836855047537</ele></trkpt><trkpt lat="36.79111" lon="-118.40956"><ele>3541.778849524203</ele></trkpt><trkpt lat="36.79106" lon="-118.40951999999999"><ele>3543.291582522448</ele></trkpt><trkpt lat="36.7911" lon="-118.40962999999999"><ele>3544.37076770328</ele></trkpt><trkpt lat="36.79103" lon="-118.40962000000002"><ele>3548.6184698533743</ele></trkpt><trkpt lat="36.79097" lon="-118.40980000000002"><ele>3552.9360140841454</ele></trkpt><trkpt lat="36.79095" lon="-118.40980000000002"><ele>3554.149845504202</ele></trkpt><trkpt lat="36.79092" lon="-118.40967"><ele>3556.8457208126783</ele></trkpt><trkpt lat="36.7909" lon="-118.40967999999998"><ele>3558.009602971375</ele></trkpt><trkpt lat="36.7909" lon="-118.40981"><ele>3557.9828560891856</ele></trkpt><trkpt lat="36.79083" lon="-118.40994999999998"><ele>3561.938217772938</ele></trkpt><trkpt lat="36.79076" lon="-118.40962999999999"><ele>3568.794303427947</ele></trkpt><trkpt lat="36.79057" lon="-118.40921000000003"><ele>3577.2214115845622</ele></trkpt><trkpt lat="36.79055" lon="-118.40929"><ele>3579.3579243461472</ele></trkpt><trkpt lat="36.7906" lon="-118.40947"><ele>3579.5684938013633</ele></trkpt><trkpt lat="36.79055" lon="-118.40965"><ele>3584.0662373760715</ele></trkpt><trkpt lat="36.79042" lon="-118.40996000000001"><ele>3590.652309813482</ele></trkpt><trkpt lat="36.79031" lon="-118.41026999999997"><ele>3594.571200665552</ele></trkpt><trkpt lat="36.79029" lon="-118.41029000000003"><ele>3595.507862892002</ele></trkpt><trkpt lat="36.79027" lon="-118.41026"><ele>3597.131963036256</ele></trkpt><trkpt lat="36.7903" lon="-118.4101"><ele>3597.8888897234574</ele></trkpt><trkpt lat="36.79028" lon="-118.40963999999997"><ele>3604.0897992253304</ele></trkpt><trkpt lat="36.79025" lon="-118.40944999999999"><ele>3607.50101220957</ele></trkpt><trkpt lat="36.79016" lon="-118.40969000000001"><ele>3612.1001301036927</ele></trkpt><trkpt lat="36.79013" lon="-118.40967999999998"><ele>3614.7057055596083</ele></trkpt><trkpt lat="36.7901" lon="-118.40949999999998"><ele>3618.5646402221173</ele></trkpt><trkpt lat="36.79007" lon="-118.40951000000001"><ele>3619.67493736101</ele></trkpt><trkpt lat="36.78996" lon="-118.40985999999998"><ele>3624.4926248746924</ele></trkpt><trkpt lat="36.78986" lon="-118.41005000000001"><ele>3627.6139616274436</ele></trkpt><trkpt lat="36.78968" lon="-118.41050000000001"><ele>3633.002920091152</ele></trkpt><trkpt lat="36.78965" lon="-118.41064"><ele>3632.8268381922735</ele></trkpt><trkpt lat="36.78965" lon="-118.41064"><ele>3632.8268381922735</ele></trkpt><trkpt lat="36.78956" lon="-118.41089999999997"><ele>3634.98901556246</ele></trkpt><trkpt lat="36.78943" lon="-118.41106000000002"><ele>3641.7352334365714</ele></trkpt><trkpt lat="36.7894" lon="-118.41116"><ele>3643.376567115051</ele></trkpt><trkpt lat="36.78938" lon="-118.41131000000001"><ele>3647.1973922462303</ele></trkpt><trkpt lat="36.78939" lon="-118.41140999999999"><ele>3648.733366312278</ele></trkpt><trkpt lat="36.78958" lon="-118.41187000000002"><ele>3649.834856248728</ele></trkpt><trkpt lat="36.78963" lon="-118.41205000000002"><ele>3650.8856563439476</ele></trkpt><trkpt lat="36.78963" lon="-118.41205000000002"><ele>3650.8856563439476</ele></trkpt><trkpt lat="36.78965" lon="-118.41221000000002"><ele>3650.2675753237545</ele></trkpt><trkpt lat="36.78962" lon="-118.41226"><ele>3648.4665992014857</ele></trkpt><trkpt lat="36.78966" lon="-118.41266000000002"><ele>3645.468036532621</ele></trkpt><trkpt lat="36.78963" lon="-118.41289999999998"><ele>3641.0845020804554</ele></trkpt><trkpt lat="36.78957" lon="-118.41305999999997"><ele>3637.79645765014</ele></trkpt><trkpt lat="36.7895" lon="-118.41289999999998"><ele>3634.5194008499384</ele></trkpt><trkpt lat="36.78948" lon="-118.41305999999997"><ele>3632.710499829277</ele></trkpt><trkpt lat="36.7895" lon="-118.41318999999999"><ele>3627.273774968254</ele></trkpt><trkpt lat="36.78954" lon="-118.41320999999999"><ele>3629.4909297423437</ele></trkpt><trkpt lat="36.78953" lon="-118.41325"><ele>3628.2436085976024</ele></trkpt><trkpt lat="36.78932" lon="-118.41354999999999"><ele>3622.748298939434</ele></trkpt><trkpt lat="36.78929" lon="-118.41354000000001"><ele>3620.546617923474</ele></trkpt><trkpt lat="36.78936" lon="-118.41334999999998"><ele>3614.7442928309374</ele></trkpt><trkpt lat="36.7892" lon="-118.41345000000001"><ele>3609.9297513114725</ele></trkpt><trkpt lat="36.78925" lon="-118.41336000000001"><ele>3608.1448508801413</ele></trkpt><trkpt lat="36.78929" lon="-118.41314"><ele>3607.3687666597225</ele></trkpt><trkpt lat="36.78928" lon="-118.41311999999999"><ele>3605.9650123400666</ele></trkpt><trkpt lat="36.78918" lon="-118.41332999999997"><ele>3602.540281601792</ele></trkpt><trkpt lat="36.78916" lon="-118.41332999999997"><ele>3600.9515747018</ele></trkpt><trkpt lat="36.78918" lon="-118.41307"><ele>3598.905530661378</ele></trkpt><trkpt lat="36.78908" lon="-118.41334"><ele>3596.377913391716</ele></trkpt><trkpt lat="36.78903" lon="-118.41302999999999"><ele>3589.168757336214</ele></trkpt><trkpt lat="36.78901" lon="-118.41300999999999"><ele>3588.196128610367</ele></trkpt><trkpt lat="36.789" lon="-118.41311000000002"><ele>3587.4229772798717</ele></trkpt><trkpt lat="36.78898" lon="-118.41311000000002"><ele>3586.25912428461</ele></trkpt><trkpt lat="36.78894" lon="-118.41302000000002"><ele>3584.931419208646</ele></trkpt><trkpt lat="36.78889" lon="-118.41298999999998"><ele>3582.859182753014</ele></trkpt><trkpt lat="36.78889" lon="-118.41320999999999"><ele>3580.0326843624935</ele></trkpt><trkpt lat="36.78884" lon="-118.41332999999997"><ele>3576.5731199455704</ele></trkpt><trkpt lat="36.7888" lon="-118.41327999999999"><ele>3574.230860257607</ele></trkpt><trkpt lat="36.78878" lon="-118.41311000000002"><ele>3572.66146198106</ele></trkpt><trkpt lat="36.78875" lon="-118.41307999999998"><ele>3570.9217394459183</ele></trkpt><trkpt lat="36.78862" lon="-118.41345999999999"><ele>3564.4312923170496</ele></trkpt><trkpt lat="36.78855" lon="-118.41352"><ele>3562.2436896867657</ele></trkpt><trkpt lat="36.78843" lon="-118.41356999999999"><ele>3557.921648683725</ele></trkpt><trkpt lat="36.78828" lon="-118.41377999999997"><ele>3554.8239477861207</ele></trkpt><trkpt lat="36.78815" lon="-118.41384"><ele>3553.4395651496015</ele></trkpt><trkpt lat="36.78792" lon="-118.41388"><ele>3545.764719943189</ele></trkpt><trkpt lat="36.78771" lon="-118.41408999999999"><ele>3538.0</ele></trkpt><trkpt lat="36.7876" lon="-118.41406999999998"><ele>3537.842206412228</ele></trkpt><trkpt lat="36.78746" lon="-118.41413"><ele>3538.5487091768446</ele></trkpt><trkpt lat="36.78727" lon="-118.41413999999997"><ele>3536.9068397135666</ele></trkpt><trkpt lat="36.78716" lon="-118.41424"><ele>3538.3339846809877</ele></trkpt><trkpt lat="36.78709" lon="-118.41424"><ele>3537.0201724362287</ele></trkpt><trkpt lat="36.78698" lon="-118.41421000000003"><ele>3536.1628871122375</ele></trkpt><trkpt lat="36.78668" lon="-118.41393"><ele>3530.1139413337223</ele></trkpt><trkpt lat="36.78651" lon="-118.41392000000002"><ele>3525.5867613190785</ele></trkpt><trkpt lat="36.78647" lon="-118.41379"><ele>3521.3937267416622</ele></trkpt><trkpt lat="36.78646" lon="-118.41358000000002"><ele>3518.2701762738125</ele></trkpt><trkpt lat="36.78643" lon="-118.41356000000002"><ele>3516.870523883961</ele></trkpt><trkpt lat="36.78642" lon="-118.41349000000002"><ele>3516.1159893952886</ele></trkpt><trkpt lat="36.78633" lon="-118.41345000000001"><ele>3513.5862863089724</ele></trkpt><trkpt lat="36.78632" lon="-118.41341"><ele>3514.0</ele></trkpt><trkpt lat="36.78619" lon="-118.41327000000001"><ele>3511.4523043856025</ele></trkpt><trkpt lat="36.78616" lon="-118.41320000000002"><ele>3510.579446707852</ele></trkpt><trkpt lat="36.78611" lon="-118.41325999999998"><ele>3508.6798455612734</ele></trkpt><trkpt lat="36.78609" lon="-118.41352"><ele>3506.0</ele></trkpt><trkpt lat="36.78603" lon="-118.41359999999997"><ele>3504.87162753585</ele></trkpt><trkpt lat="36.78592" lon="-118.41363000000001"><ele>3502.0396522625433</ele></trkpt><trkpt lat="36.78586" lon="-118.4137"><ele>3501.444453579856</ele></trkpt><trkpt lat="36.78574" lon="-118.41377"><ele>3497.047650656663</ele></trkpt><trkpt lat="36.78557" lon="-118.41397999999998"><ele>3490.49279566342</ele></trkpt><trkpt lat="36.78553" lon="-118.41397"><ele>3488.241287765496</ele></trkpt><trkpt lat="36.78553" lon="-118.41384"><ele>3486.499028842896</ele></trkpt><trkpt lat="36.7855" lon="-118.41384"><ele>3484.75332852453</ele></trkpt><trkpt lat="36.78544" lon="-118.41388999999998"><ele>3482.261929936707</ele></trkpt><trkpt lat="36.78536" lon="-118.41410000000002"><ele>3479.3271646413837</ele></trkpt><trkpt lat="36.78531" lon="-118.41397999999998"><ele>3475.8150067488286</ele></trkpt><trkpt lat="36.7853" lon="-118.41397999999998"><ele>3475.4594507234096</ele></trkpt><trkpt lat="36.78527" lon="-118.41417000000001"><ele>3473.369648784399</ele></trkpt><trkpt lat="36.78521" lon="-118.41402"><ele>3470.1353598776923</ele></trkpt><trkpt lat="36.78517" lon="-118.41411"><ele>3467.887094785296</ele></trkpt><trkpt lat="36.78518" lon="-118.41428000000002"><ele>3466.4636076629376</ele></trkpt><trkpt lat="36.78516" lon="-118.41435000000001"><ele>3465.3462124129433</ele></trkpt><trkpt lat="36.78498" lon="-118.41473000000002"><ele>3455.4200217963585</ele></trkpt><trkpt lat="36.78499" lon="-118.41487999999998"><ele>3455.0765276663005</ele></trkpt><trkpt lat="36.78483" lon="-118.4153"><ele>3444.766199471429</ele></trkpt><trkpt lat="36.78479" lon="-118.41525000000001"><ele>3442.571548991376</ele></trkpt><trkpt lat="36.78476" lon="-118.41503"><ele>3442.1098654195825</ele></trkpt><trkpt lat="36.78473" lon="-118.41503"><ele>3440.9208813356236</ele></trkpt><trkpt lat="36.78471" lon="-118.41521999999998"><ele>3436.783466083929</ele></trkpt><trkpt lat="36.78464" lon="-118.41552000000001"><ele>3431.0653149848804</ele></trkpt><trkpt lat="36.78454" lon="-118.41573"><ele>3425.891285079744</ele></trkpt><trkpt lat="36.78451" lon="-118.41592000000003"><ele>3425.7184020988643</ele></trkpt><trkpt lat="36.78444" lon="-118.41615000000002"><ele>3422.3952539062593</ele></trkpt><trkpt lat="36.78439" lon="-118.41622000000001"><ele>3421.16289716959</ele></trkpt><trkpt lat="36.78441" lon="-118.41640999999998"><ele>3421.8181811140385</ele></trkpt><trkpt lat="36.78447" lon="-118.41647"><ele>3421.1657556085847</ele></trkpt><trkpt lat="36.78449" lon="-118.41654"><ele>3421.8573373809136</ele></trkpt><trkpt lat="36.78444" lon="-118.41681"><ele>3424.8678473019972</ele></trkpt><trkpt lat="36.78437" lon="-118.41694999999999"><ele>3427.9276282084174</ele></trkpt><trkpt lat="36.78406" lon="-118.41728"><ele>3425.0</ele></trkpt><trkpt lat="36.78397" lon="-118.41730000000001"><ele>3424.497023690005</ele></trkpt><trkpt lat="36.78411" lon="-118.41745000000003"><ele>3421.9861028667074</ele></trkpt><trkpt lat="36.78413" lon="-118.41751"><ele>3420.5229831109755</ele></trkpt><trkpt lat="36.78421" lon="-118.41755999999998"><ele>3418.4577899458504</ele></trkpt><trkpt lat="36.78422" lon="-118.41760999999997"><ele>3417.8646242199466</ele></trkpt><trkpt lat="36.78426" lon="-118.41762"><ele>3416.0341516723015</ele></trkpt><trkpt lat="36.78428" lon="-118.41757000000001"><ele>3416.2438344953116</ele></trkpt><trkpt lat="36.78431" lon="-118.41757000000001"><ele>3415.465144549691</ele></trkpt><trkpt lat="36.78437" lon="-118.41766999999999"><ele>3413.2942699864507</ele></trkpt><trkpt lat="36.78434" lon="-118.41787"><ele>3409.0</ele></trkpt><trkpt lat="36.7844" lon="-118.41809999999998"><ele>3406.288600683768</ele></trkpt><trkpt lat="36.78446" lon="-118.41818"><ele>3405.028921543155</ele></trkpt><trkpt lat="36.78448" lon="-118.41845"><ele>3401.6999621586874</ele></trkpt><trkpt lat="36.78446" lon="-118.41863000000001"><ele>3399.881930012256</ele></trkpt><trkpt lat="36.78441" lon="-118.41876000000002"><ele>3400.1332741783062</ele></trkpt><trkpt lat="36.78436" lon="-118.41912000000002"><ele>3398.4157074652503</ele></trkpt><trkpt lat="36.7843" lon="-118.41931999999997"><ele>3399.1160118633416</ele></trkpt><trkpt lat="36.78425" lon="-118.41964000000002"><ele>3398.8912858590006</ele></trkpt><trkpt lat="36.78432" lon="-118.41970000000003"><ele>3398.9324105550445</ele></trkpt><trkpt lat="36.78438" lon="-118.41971999999998"><ele>3396.235747844912</ele></trkpt><trkpt lat="36.78443" lon="-118.41978"><ele>3395.0</ele></trkpt><trkpt lat="36.78447" lon="-118.41998000000001"><ele>3392.0190228540496</ele></trkpt><trkpt lat="36.78457" lon="-118.42018000000002"><ele>3391.779445074154</ele></trkpt><trkpt lat="36.78464" lon="-118.42048999999997"><ele>3388.029811143492</ele></trkpt><trkpt lat="36.78464" lon="-118.42065000000002"><ele>3385.64489500504</ele></trkpt><trkpt lat="36.78471" lon="-118.42090000000002"><ele>3381.9308052430733</ele></trkpt><trkpt lat="36.78469" lon="-118.42099000000002"><ele>3380.6232666524593</ele></trkpt><trkpt lat="36.7846210205291" lon="-118.42114328228735"><ele>3379.058466044953</ele></trkpt><trkpt lat="36.7846210205291" lon="-118.42114328228735"><ele>3379.058466044953</ele></trkpt><trkpt lat="36.7846" lon="-118.42119000000002"><ele>3378.808681625873</ele></trkpt><trkpt lat="36.78451" lon="-118.42165999999997"><ele>3374.3246532098437</ele></trkpt><trkpt lat="36.78448" lon="-118.42171000000002"><ele>3374.6558897774667</ele></trkpt><trkpt lat="36.78428" lon="-118.42185"><ele>3370.465779917032</ele></trkpt><trkpt lat="36.78424" lon="-118.42194999999998"><ele>3370.053847608571</ele></trkpt><trkpt lat="36.78417" lon="-118.42205000000001"><ele>3367.339513866026</ele></trkpt><trkpt lat="36.78405" lon="-118.42234000000002"><ele>3363.5971978809685</ele></trkpt><trkpt lat="36.78399" lon="-118.42259000000001"><ele>3362.857159425039</ele></trkpt><trkpt lat="36.78384" lon="-118.42270000000002"><ele>3359.6667057862505</ele></trkpt><trkpt lat="36.78337" lon="-118.42273999999998"><ele>3346.655150222592</ele></trkpt><trkpt lat="36.78321" lon="-118.42261000000002"><ele>3347.7632424087888</ele></trkpt><trkpt lat="36.78297" lon="-118.42252000000002"><ele>3350.613833113771</ele></trkpt><trkpt lat="36.78289" lon="-118.42245000000003"><ele>3352.8252799981274</ele></trkpt><trkpt lat="36.7828" lon="-118.42245000000003"><ele>3353.9300948724976</ele></trkpt><trkpt lat="36.78244" lon="-118.42246999999998"><ele>3359.5988632775843</ele></trkpt><trkpt lat="36.78237" lon="-118.42253"><ele>3359.6888247756287</ele></trkpt><trkpt lat="36.78213" lon="-118.42257999999998"><ele>3363.3121500914713</ele></trkpt><trkpt lat="36.78199" lon="-118.42268999999999"><ele>3362.7742948558853</ele></trkpt><trkpt lat="36.78171" lon="-118.42275000000001"><ele>3362.266399999149</ele></trkpt><trkpt lat="36.78139" lon="-118.42257999999998"><ele>3363.6899353545023</ele></trkpt><trkpt lat="36.78114" lon="-118.42255999999998"><ele>3362.2963304205737</ele></trkpt><trkpt lat="36.78104" lon="-118.42263000000003"><ele>3359.218335999176</ele></trkpt><trkpt lat="36.78055" lon="-118.42257999999998"><ele>3352.1279082712717</ele></trkpt><trkpt lat="36.78032" lon="-118.42257999999998"><ele>3348.023602120067</ele></trkpt><trkpt lat="36.77952" lon="-118.42237999999998"><ele>3331.482871157117</ele></trkpt><trkpt lat="36.77929" lon="-118.42221"><ele>3330.714127646759</ele></trkpt><trkpt lat="36.77917" lon="-118.42218000000003"><ele>3327.834037312772</ele></trkpt><trkpt lat="36.779" lon="-118.42207000000002"><ele>3326.8017502762377</ele></trkpt><trkpt lat="36.77888" lon="-118.42203999999998"><ele>3323.7087504975498</ele></trkpt><trkpt lat="36.77847" lon="-118.42176999999998"><ele>3317.105986482464</ele></trkpt><trkpt lat="36.77839" lon="-118.42176"><ele>3314.26723580383</ele></trkpt><trkpt lat="36.77825" lon="-118.42169000000001"><ele>3310.963103524771</ele></trkpt><trkpt lat="36.77804" lon="-118.42147999999997"><ele>3306.687167755862</ele></trkpt><trkpt lat="36.77793" lon="-118.42129"><ele>3306.719388497062</ele></trkpt><trkpt lat="36.77759" lon="-118.42097000000001"><ele>3299.146233364241</ele></trkpt><trkpt lat="36.77739" lon="-118.42084"><ele>3296.2854202417657</ele></trkpt><trkpt lat="36.77641" lon="-118.42034000000001"><ele>3285.4638372975005</ele></trkpt><trkpt lat="36.77638" lon="-118.42025999999998"><ele>3286.4893940649927</ele></trkpt><trkpt lat="36.77626" lon="-118.42021"><ele>3284.434200219245</ele></trkpt><trkpt lat="36.77624" lon="-118.42011000000002"><ele>3286.9385919992346</ele></trkpt><trkpt lat="36.77621" lon="-118.42007000000001"><ele>3287.8706595553085</ele></trkpt><trkpt lat="36.77595" lon="-118.42003"><ele>3281.339456395479</ele></trkpt><trkpt lat="36.77588" lon="-118.41998000000001"><ele>3280.468145556515</ele></trkpt><trkpt lat="36.7758" lon="-118.41985"><ele>3279.343085873872</ele></trkpt><trkpt lat="36.7755" lon="-118.41946999999999"><ele>3281.2150968268143</ele></trkpt><trkpt lat="36.77544" lon="-118.41933"><ele>3281.7001776536927</ele></trkpt><trkpt lat="36.77543" lon="-118.41922999999997"><ele>3282.8533440853935</ele></trkpt><trkpt lat="36.77537" lon="-118.41917000000001"><ele>3283.505975472741</ele></trkpt><trkpt lat="36.77532" lon="-118.41915"><ele>3283.3082133331336</ele></trkpt><trkpt lat="36.77526" lon="-118.41908000000001"><ele>3284.9393315552734</ele></trkpt><trkpt lat="36.775146319393336" lon="-118.41899814996322"><ele>3284.8706139227547</ele></trkpt><trkpt lat="36.77516349308349" lon="-118.41901051495051"><ele>3284.848230370946</ele></trkpt><trkpt lat="36.77501" lon="-118.41890000000001"><ele>3285.0255250504897</ele></trkpt><trkpt lat="36.77496" lon="-118.41881000000001"><ele>3285.169964538289</ele></trkpt><trkpt lat="36.7748" lon="-118.41872000000001"><ele>3282.409839128144</ele></trkpt><trkpt lat="36.7747" lon="-118.41872999999998"><ele>3281.0949226669036</ele></trkpt><trkpt lat="36.77457" lon="-118.41863000000001"><ele>3281.166208186422</ele></trkpt><trkpt lat="36.7744" lon="-118.41838000000001"><ele>3282.5844508912746</ele></trkpt><trkpt lat="36.77433" lon="-118.41832999999997"><ele>3281.654735779214</ele></trkpt><trkpt lat="36.77418" lon="-118.41834"><ele>3279.1825813332107</ele></trkpt><trkpt lat="36.77413" lon="-118.41826000000003"><ele>3280.0467164437287</ele></trkpt><trkpt lat="36.77409" lon="-118.41825"><ele>3280.1195661937536</ele></trkpt><trkpt lat="36.77409" lon="-118.41825"><ele>3280.1195661937536</ele></trkpt><trkpt lat="36.77404" lon="-118.41826000000003"><ele>3279.0196126825176</ele></trkpt><trkpt lat="36.77398" lon="-118.41823"><ele>3277.973225054797</ele></trkpt><trkpt lat="36.77378" lon="-118.41802000000001"><ele>3276.639121777378</ele></trkpt><trkpt lat="36.77365" lon="-118.41802000000001"><ele>3275.639121777378</ele></trkpt><trkpt lat="36.77362" lon="-118.41799000000003"><ele>3276.338172443444</ele></trkpt><trkpt lat="36.77342" lon="-118.41793999999999"><ele>3274.936766383238</ele></trkpt><trkpt lat="36.77333" lon="-118.41787"><ele>3275.0</ele></trkpt><trkpt lat="36.77333" lon="-118.41787"><ele>3275.0</ele></trkpt><trkpt lat="36.77333" lon="-118.41787"><ele>3275.0</ele></trkpt><trkpt lat="36.77313" lon="-118.41784999999999"><ele>3274.6004088891204</ele></trkpt><trkpt lat="36.77304" lon="-118.41781000000003"><ele>3274.0</ele></trkpt><trkpt lat="36.77299" lon="-118.41775000000001"><ele>3274.0</ele></trkpt><trkpt lat="36.77286" lon="-118.41775000000001"><ele>3273.930577777326</ele></trkpt><trkpt lat="36.7728" lon="-118.41772000000003"><ele>3273.6296284438577</ele></trkpt><trkpt lat="36.77263" lon="-118.41755"><ele>3274.9817783238154</ele></trkpt><trkpt lat="36.7724" lon="-118.41737999999998"><ele>3276.0</ele></trkpt><trkpt lat="36.77223" lon="-118.41737999999998"><ele>3273.6952479094666</ele></trkpt><trkpt lat="36.77197" lon="-118.41728999999998"><ele>3271.914465123911</ele></trkpt><trkpt lat="36.77168" lon="-118.4171"><ele>3270.0245376918583</ele></trkpt><trkpt lat="36.77152" lon="-118.41706999999997"><ele>3268.516372972374</ele></trkpt><trkpt lat="36.77124" lon="-118.41687000000002"><ele>3268.0</ele></trkpt><trkpt lat="36.77086" lon="-118.41656"><ele>3265.0</ele></trkpt><trkpt lat="36.77058" lon="-118.41615999999999"><ele>3264.0</ele></trkpt><trkpt lat="36.77049" lon="-118.416"><ele>3264.0</ele></trkpt><trkpt lat="36.77043" lon="-118.41577000000001"><ele>3265.0</ele></trkpt><trkpt lat="36.77042" lon="-118.41552000000001"><ele>3266.0</ele></trkpt><trkpt lat="36.77032" lon="-118.41532999999998"><ele>3268.0</ele></trkpt><trkpt lat="36.7702" lon="-118.4153"><ele>3270.0</ele></trkpt><trkpt lat="36.77003" lon="-118.41516999999999"><ele>3272.0</ele></trkpt><trkpt lat="36.76988" lon="-118.4151"><ele>3271.9721701132607</ele></trkpt><trkpt lat="36.7698" lon="-118.41498999999999"><ele>3270.6319524217397</ele></trkpt><trkpt lat="36.76964" lon="-118.41449"><ele>3271.022289262153</ele></trkpt><trkpt lat="36.76951" lon="-118.41437000000002"><ele>3274.0</ele></trkpt><trkpt lat="36.76949" lon="-118.41428000000002"><ele>3274.0</ele></trkpt><trkpt lat="36.76939" lon="-118.41417000000001"><ele>3274.0</ele></trkpt><trkpt lat="36.76929" lon="-118.41399999999999"><ele>3273.2484655573744</ele></trkpt><trkpt lat="36.76926" lon="-118.41388999999998"><ele>3274.0</ele></trkpt><trkpt lat="36.76929" lon="-118.41343999999998"><ele>3272.5091355945706</ele></trkpt><trkpt lat="36.76927" lon="-118.41332999999997"><ele>3271.0</ele></trkpt><trkpt lat="36.76933" lon="-118.41320999999999"><ele>3268.971294703668</ele></trkpt><trkpt lat="36.76923" lon="-118.41296999999997"><ele>3265.738610086497</ele></trkpt><trkpt lat="36.76925" lon="-118.41287999999997"><ele>3264.22323465487</ele></trkpt><trkpt lat="36.76935" lon="-118.41277000000002"><ele>3264.665152266025</ele></trkpt><trkpt lat="36.76938" lon="-118.41264999999999"><ele>3261.924868192582</ele></trkpt><trkpt lat="36.76925" lon="-118.41273999999999"><ele>3259.042345827548</ele></trkpt><trkpt lat="36.76916" lon="-118.41273000000001"><ele>3254.3134915875958</ele></trkpt><trkpt lat="36.76915" lon="-118.41271"><ele>3253.526547333192</ele></trkpt><trkpt lat="36.7693" lon="-118.41253"><ele>3253.2624382209033</ele></trkpt><trkpt lat="36.76929" lon="-118.41251"><ele>3252.136293845776</ele></trkpt><trkpt lat="36.76924" lon="-118.41255999999998"><ele>3249.9516118159518</ele></trkpt><trkpt lat="36.76913" lon="-118.41257000000002"><ele>3246.2424015221186</ele></trkpt><trkpt lat="36.76925" lon="-118.41230000000002"><ele>3242.0219454059065</ele></trkpt><trkpt lat="36.76909" lon="-118.41242999999997"><ele>3237.1687437546148</ele></trkpt><trkpt lat="36.76915" lon="-118.41223000000002"><ele>3232.892411551904</ele></trkpt><trkpt lat="36.76905" lon="-118.41239000000002"><ele>3233.98764824518</ele></trkpt><trkpt lat="36.7691" lon="-118.41219999999998"><ele>3229.828579123752</ele></trkpt><trkpt lat="36.76895" lon="-118.41235"><ele>3229.3870091754943</ele></trkpt><trkpt lat="36.76888" lon="-118.41237999999998"><ele>3227.93148061262</ele></trkpt><trkpt lat="36.76884" lon="-118.41232000000002"><ele>3225.2478995576967</ele></trkpt><trkpt lat="36.76886" lon="-118.41228999999998"><ele>3225.0851098250855</ele></trkpt><trkpt lat="36.76896" lon="-118.41224999999997"><ele>3226.1074252659455</ele></trkpt><trkpt lat="36.76898" lon="-118.41217"><ele>3224.0818338944073</ele></trkpt><trkpt lat="36.76914" lon="-118.41196000000002"><ele>3223.1718232599087</ele></trkpt><trkpt lat="36.76915" lon="-118.41192000000001"><ele>3222.1044634319305</ele></trkpt><trkpt lat="36.76903" lon="-118.41192000000001"><ele>3218.6746554169804</ele></trkpt><trkpt lat="36.76892" lon="-118.41197999999997"><ele>3217.652420682367</ele></trkpt><trkpt lat="36.76885" lon="-118.41196000000002"><ele>3216.152643556008</ele></trkpt><trkpt lat="36.76867" lon="-118.41200000000003"><ele>3214.8462895620614</ele></trkpt><trkpt lat="36.76841" lon="-118.41173000000003"><ele>3209.198552106507</ele></trkpt><trkpt lat="36.76835" lon="-118.41169000000002"><ele>3208.453241975978</ele></trkpt><trkpt lat="36.76829" lon="-118.41170999999997"><ele>3207.7079332126305</ele></trkpt><trkpt lat="36.76824" lon="-118.41167000000002"><ele>3206.548488517064</ele></trkpt><trkpt lat="36.76822" lon="-118.41156999999998"><ele>3205.0436530387888</ele></trkpt><trkpt lat="36.76814" lon="-118.41145"><ele>3203.0</ele></trkpt><trkpt lat="36.76814" lon="-118.41145"><ele>3203.0</ele></trkpt><trkpt lat="36.76814" lon="-118.41145"><ele>3203.0</ele></trkpt><trkpt lat="36.76802" lon="-118.41158999999999"><ele>3200.85406067688</ele></trkpt><trkpt lat="36.76795" lon="-118.41156000000001"><ele>3198.848478671526</ele></trkpt><trkpt lat="36.76785" lon="-118.41163"><ele>3197.372130230069</ele></trkpt><trkpt lat="36.76777" lon="-118.41172"><ele>3195.8161712801575</ele></trkpt><trkpt lat="36.76766" lon="-118.41174000000001"><ele>3193.3985025531583</ele></trkpt><trkpt lat="36.7676" lon="-118.41179999999997"><ele>3192.791036344928</ele></trkpt><trkpt lat="36.76752" lon="-118.41179999999997"><ele>3191.7342986336444</ele></trkpt><trkpt lat="36.76735" lon="-118.41192000000001"><ele>3190.585516876541</ele></trkpt><trkpt lat="36.76718" lon="-118.4119"><ele>3187.5090844449587</ele></trkpt><trkpt lat="36.76664" lon="-118.41164000000003"><ele>3173.6961031120736</ele></trkpt><trkpt lat="36.7665" lon="-118.41164000000003"><ele>3171.8906527945783</ele></trkpt><trkpt lat="36.76635" lon="-118.41147999999998"><ele>3167.9678328884766</ele></trkpt><trkpt lat="36.76627" lon="-118.41147000000001"><ele>3167.7348160000984</ele></trkpt><trkpt lat="36.76622" lon="-118.41140999999999"><ele>3166.336714666337</ele></trkpt><trkpt lat="36.76622" lon="-118.41131999999999"><ele>3164.2395626662765</ele></trkpt><trkpt lat="36.76614" lon="-118.41120999999998"><ele>3161.730940957486</ele></trkpt><trkpt lat="36.76604" lon="-118.41093999999998"><ele>3158.1000179977013</ele></trkpt><trkpt lat="36.76602" lon="-118.41086000000001"><ele>3157.0</ele></trkpt><trkpt lat="36.76607" lon="-118.41079000000002"><ele>3155.9042831852053</ele></trkpt><trkpt lat="36.76604" lon="-118.41064"><ele>3155.709125523689</ele></trkpt><trkpt lat="36.76604" lon="-118.41064"><ele>3155.709125523689</ele></trkpt><trkpt lat="36.766" lon="-118.41050999999999"><ele>3153.13151755949</ele></trkpt><trkpt lat="36.76605" lon="-118.41017999999997"><ele>3147.777070460841</ele></trkpt><trkpt lat="36.76604" lon="-118.41011000000003"><ele>3145.564199911896</ele></trkpt><trkpt lat="36.7661" lon="-118.41003999999998"><ele>3146.423596792156</ele></trkpt><trkpt lat="36.76616" lon="-118.40985"><ele>3145.7364368708804</ele></trkpt><trkpt lat="36.76611" lon="-118.40949999999998"><ele>3141.5919486880302</ele></trkpt><trkpt lat="36.76605" lon="-118.40933000000001"><ele>3138.6227493113533</ele></trkpt><trkpt lat="36.76597" lon="-118.40911"><ele>3135.4474166277796</ele></trkpt><trkpt lat="36.76591" lon="-118.40908000000002"><ele>3132.478453719057</ele></trkpt><trkpt lat="36.76596" lon="-118.40888999999999"><ele>3131.482123573078</ele></trkpt><trkpt lat="36.76595" lon="-118.40873999999997"><ele>3128.7197651979886</ele></trkpt><trkpt lat="36.76596" lon="-118.40819999999997"><ele>3122.3367906929925</ele></trkpt><trkpt lat="36.76593" lon="-118.40769999999998"><ele>3117.1806152975187</ele></trkpt><trkpt lat="36.76582" lon="-118.40816999999998"><ele>3111.560391444247</ele></trkpt><trkpt lat="36.76571" lon="-118.40834000000001"><ele>3108.122426316375</ele></trkpt><trkpt lat="36.7655" lon="-118.40850999999998"><ele>3103.841935455452</ele></trkpt><trkpt lat="36.76541" lon="-118.40852000000001"><ele>3100.9298895756433</ele></trkpt><trkpt lat="36.76532" lon="-118.40872000000002"><ele>3098.3981451696773</ele></trkpt><trkpt lat="36.7653" lon="-118.40872999999999"><ele>3097.38802531162</ele></trkpt><trkpt lat="36.7653" lon="-118.40859999999998"><ele>3095.6977517277587</ele></trkpt><trkpt lat="36.76528" lon="-118.40854999999999"><ele>3094.3067258521914</ele></trkpt><trkpt lat="36.76526" lon="-118.40854000000002"><ele>3093.340661021708</ele></trkpt><trkpt lat="36.76522" lon="-118.40857"><ele>3091.9108998208694</ele></trkpt><trkpt lat="36.76522" lon="-118.40854999999999"><ele>3091.691314952989</ele></trkpt><trkpt lat="36.76523" lon="-118.40843999999998"><ele>3090.7903550760493</ele></trkpt><trkpt lat="36.76529" lon="-118.40832"><ele>3090.557464414276</ele></trkpt><trkpt lat="36.7653" lon="-118.40823999999998"><ele>3088.9405799398664</ele></trkpt><trkpt lat="36.76525" lon="-118.40827000000002"><ele>3087.4501548663247</ele></trkpt><trkpt lat="36.76521" lon="-118.40836000000002"><ele>3087.7363743012766</ele></trkpt><trkpt lat="36.76513" lon="-118.40834999999998"><ele>3084.797304060764</ele></trkpt><trkpt lat="36.7651" lon="-118.40832"><ele>3083.9451959781786</ele></trkpt><trkpt lat="36.76511" lon="-118.40822000000003"><ele>3082.0052294137267</ele></trkpt><trkpt lat="36.76515" lon="-118.40818000000002"><ele>3080.4896512881887</ele></trkpt><trkpt lat="36.76517" lon="-118.40805999999998"><ele>3078.229816224426</ele></trkpt><trkpt lat="36.76521" lon="-118.40798000000001"><ele>3077.529172796989</ele></trkpt><trkpt lat="36.76514" lon="-118.40786000000003"><ele>3074.049960047631</ele></trkpt><trkpt lat="36.76492" lon="-118.40782000000002"><ele>3069.4662162224854</ele></trkpt><trkpt lat="36.76469" lon="-118.40789999999998"><ele>3065.5433531398553</ele></trkpt><trkpt lat="36.7646" lon="-118.40782999999999"><ele>3063.3740687901154</ele></trkpt><trkpt lat="36.76444" lon="-118.40800999999999"><ele>3062.751199163406</ele></trkpt><trkpt lat="36.76427" lon="-118.40807999999998"><ele>3060.742090666201</ele></trkpt><trkpt lat="36.76411" lon="-118.40836000000002"><ele>3059.1214508581907</ele></trkpt><trkpt lat="36.76404" lon="-118.40855999999997"><ele>3057.018511782282</ele></trkpt><trkpt lat="36.76398" lon="-118.40859"><ele>3054.553082766577</ele></trkpt><trkpt lat="36.76398" lon="-118.40854000000002"><ele>3053.9844178391054</ele></trkpt><trkpt lat="36.76394" lon="-118.40848"><ele>3052.228362611427</ele></trkpt><trkpt lat="36.76389" lon="-118.40858000000003"><ele>3050.837626905879</ele></trkpt><trkpt lat="36.76386" lon="-118.40855999999997"><ele>3048.8387584453567</ele></trkpt><trkpt lat="36.76379" lon="-118.40813000000003"><ele>3043.8136678934097</ele></trkpt><trkpt lat="36.76381" lon="-118.40798999999998"><ele>3043.650413998327</ele></trkpt><trkpt lat="36.76371" lon="-118.40780000000001"><ele>3039.2176177781075</ele></trkpt><trkpt lat="36.7636" lon="-118.40786000000003"><ele>3036.464018589273</ele></trkpt><trkpt lat="36.76353" lon="-118.40798000000001"><ele>3033.6056886304186</ele></trkpt><trkpt lat="36.76337" lon="-118.40846999999997"><ele>3025.5972616923973</ele></trkpt><trkpt lat="36.76334" lon="-118.40845999999999"><ele>3024.4493276197463</ele></trkpt><trkpt lat="36.76329" lon="-118.40834999999998"><ele>3022.5316006967837</ele></trkpt><trkpt lat="36.76327" lon="-118.40823"><ele>3020.4511149347823</ele></trkpt><trkpt lat="36.76318" lon="-118.40805999999998"><ele>3017.0708141997457</ele></trkpt><trkpt lat="36.76312" lon="-118.40800000000002"><ele>3014.6512461993843</ele></trkpt><trkpt lat="36.76306" lon="-118.40800999999999"><ele>3012.5804333640262</ele></trkpt><trkpt lat="36.76289" lon="-118.40855999999997"><ele>3004.271473057568</ele></trkpt><trkpt lat="36.76284" lon="-118.40861999999998"><ele>3002.1814160170034</ele></trkpt><trkpt lat="36.7628" lon="-118.40850999999998"><ele>3000.0359205789864</ele></trkpt><trkpt lat="36.76275" lon="-118.4085"><ele>2997.563641482964</ele></trkpt><trkpt lat="36.76266" lon="-118.40882999999997"><ele>2993.891740044579</ele></trkpt><trkpt lat="36.76258" lon="-118.40897999999999"><ele>2988.3470537339135</ele></trkpt><trkpt lat="36.76253" lon="-118.40921000000003"><ele>2986.341319305113</ele></trkpt><trkpt lat="36.76241" lon="-118.40940999999998"><ele>2982.081934383372</ele></trkpt><trkpt lat="36.7623" lon="-118.40944000000002"><ele>2976.651528192751</ele></trkpt><trkpt lat="36.76226" lon="-118.40960999999999"><ele>2976.7453121636377</ele></trkpt><trkpt lat="36.76226" lon="-118.40960999999999"><ele>2976.7453121636377</ele></trkpt><trkpt lat="36.76222889312417" lon="-118.40966815640849"><ele>2976.015506502198</ele></trkpt><trkpt lat="36.76203" lon="-118.41003999999998"><ele>2968.465106641397</ele></trkpt><trkpt lat="36.76191" lon="-118.41064"><ele>2963.605110920129</ele></trkpt><trkpt lat="36.76191" lon="-118.41064"><ele>2963.605110920129</ele></trkpt><trkpt lat="36.76181" lon="-118.41089"><ele>2961.494189751722</ele></trkpt><trkpt lat="36.76167" lon="-118.41134999999997"><ele>2957.3011733870953</ele></trkpt><trkpt lat="36.76154" lon="-118.41155000000003"><ele>2953.116520260227</ele></trkpt><trkpt lat="36.76141" lon="-118.41147000000001"><ele>2948.479061347055</ele></trkpt><trkpt lat="36.76136" lon="-118.41124000000002"><ele>2944.26791645959</ele></trkpt><trkpt lat="36.76137" lon="-118.41115000000002"><ele>2944.0096927558416</ele></trkpt><trkpt lat="36.76132" lon="-118.41111999999998"><ele>2941.532677163425</ele></trkpt><trkpt lat="36.76102" lon="-118.41145"><ele>2932.3105911945972</ele></trkpt><trkpt lat="36.76097" lon="-118.41155000000003"><ele>2931.1799704518635</ele></trkpt><trkpt lat="36.76093" lon="-118.41155000000003"><ele>2929.2260334223974</ele></trkpt><trkpt lat="36.76086" lon="-118.41143"><ele>2925.591085890308</ele></trkpt><trkpt lat="36.76079" lon="-118.41152"><ele>2922.154717816259</ele></trkpt><trkpt lat="36.76073" lon="-118.41170999999997"><ele>2919.6199092213064</ele></trkpt><trkpt lat="36.76059" lon="-118.41192000000001"><ele>2914.9007536547574</ele></trkpt><trkpt lat="36.7605" lon="-118.41197999999997"><ele>2912.8133661925553</ele></trkpt><trkpt lat="36.76046" lon="-118.41209000000003"><ele>2910.9137125574052</ele></trkpt><trkpt lat="36.76039" lon="-118.41215"><ele>2907.920872335322</ele></trkpt><trkpt lat="36.76022" lon="-118.41224"><ele>2903.6534640809987</ele></trkpt><trkpt lat="36.76022" lon="-118.41224"><ele>2903.6534640809987</ele></trkpt><trkpt lat="36.76029" lon="-118.41197"><ele>2902.4055605141366</ele></trkpt><trkpt lat="36.76032" lon="-118.41160000000002"><ele>2903.972838191633</ele></trkpt><trkpt lat="36.76042" lon="-118.41146000000003"><ele>2905.7934366548434</ele></trkpt><trkpt lat="36.76044" lon="-118.41136"><ele>2906.375146389939</ele></trkpt><trkpt lat="36.76041" lon="-118.41118"><ele>2907.502581843175</ele></trkpt><trkpt lat="36.76041" lon="-118.41098999999997"><ele>2908.7264173612307</ele></trkpt><trkpt lat="36.76027" lon="-118.41071"><ele>2908.0</ele></trkpt><trkpt lat="36.76027" lon="-118.41064"><ele>2907.169842048076</ele></trkpt><trkpt lat="36.76027" lon="-118.41064"><ele>2907.169842048076</ele></trkpt><trkpt lat="36.76026" lon="-118.41032999999999"><ele>2905.1397642260417</ele></trkpt><trkpt lat="36.76041" lon="-118.40985999999998"><ele>2906.502581843175</ele></trkpt><trkpt lat="36.76041" lon="-118.40953000000002"><ele>2903.0321213994175</ele></trkpt><trkpt lat="36.76035" lon="-118.40913999999998"><ele>2903.7574537722394</ele></trkpt><trkpt lat="36.76036" lon="-118.40897000000001"><ele>2903.048308356665</ele></trkpt><trkpt lat="36.76033" lon="-118.40877999999998"><ele>2903.1757447198033</ele></trkpt><trkpt lat="36.7603" lon="-118.40873999999997"><ele>2902.303181421943</ele></trkpt><trkpt lat="36.76015" lon="-118.40863000000002"><ele>2901.966725328685</ele></trkpt><trkpt lat="36.75987" lon="-118.40852999999998"><ele>2900.7721493334975</ele></trkpt><trkpt lat="36.75968" lon="-118.40825999999998"><ele>2900.3166969398358</ele></trkpt><trkpt lat="36.75942" lon="-118.40753000000001"><ele>2901.0</ele></trkpt><trkpt lat="36.75941" lon="-118.40737999999999"><ele>2901.7489062980426</ele></trkpt><trkpt lat="36.75915" lon="-118.40690999999998"><ele>2901.445450216547</ele></trkpt><trkpt lat="36.7591" lon="-118.40620999999999"><ele>2902.4009294360876</ele></trkpt><trkpt lat="36.75901" lon="-118.40588000000002"><ele>2903.0</ele></trkpt><trkpt lat="36.75893" lon="-118.40571"><ele>2904.0</ele></trkpt><trkpt lat="36.75843" lon="-118.40492999999998"><ele>2905.6582293335814</ele></trkpt><trkpt lat="36.7583" lon="-118.40483999999998"><ele>2905.133064799942</ele></trkpt><trkpt lat="36.75791" lon="-118.40436999999997"><ele>2906.0</ele></trkpt><trkpt lat="36.7578" lon="-118.40415999999999"><ele>2907.0</ele></trkpt><trkpt lat="36.75778331619519" lon="-118.40414516995128"><ele>2907.0</ele></trkpt><trkpt lat="36.7578" lon="-118.40415999999999"><ele>2907.0</ele></trkpt><trkpt lat="36.75744" lon="-118.40384"><ele>2909.0570702222176</ele></trkpt><trkpt lat="36.75727" lon="-118.40355999999997"><ele>2910.102378589868</ele></trkpt><trkpt lat="36.75714" lon="-118.40327000000002"><ele>2912.1339492224506</ele></trkpt><trkpt lat="36.75713" lon="-118.40319"><ele>2913.0211802125145</ele></trkpt><trkpt lat="36.75702" lon="-118.40291000000002"><ele>2915.727640888421</ele></trkpt><trkpt lat="36.75682" lon="-118.40262999999999"><ele>2919.252113778144</ele></trkpt><trkpt lat="36.75679" lon="-118.40253999999999"><ele>2920.3492657779716</ele></trkpt><trkpt lat="36.75679" lon="-118.40238"><ele>2922.293167589465</ele></trkpt><trkpt lat="36.75666" lon="-118.40213"><ele>2926.9029582221992</ele></trkpt><trkpt lat="36.75666" lon="-118.40181999999999"><ele>2931.506200967724</ele></trkpt><trkpt lat="36.75649" lon="-118.40172999999999"><ele>2934.8428908369942</ele></trkpt><trkpt lat="36.75649" lon="-118.40172999999999"><ele>2934.8428908369942</ele></trkpt><trkpt lat="36.75644" lon="-118.4017"><ele>2935.9226844443474</ele></trkpt><trkpt lat="36.75646" lon="-118.40165000000002"><ele>2938.0877688885666</ele></trkpt><trkpt lat="36.75649" lon="-118.40163000000001"><ele>2938.334980053848</ele></trkpt><trkpt lat="36.75649" lon="-118.40163000000001"><ele>2938.334980053848</ele></trkpt><trkpt lat="36.75653" lon="-118.40157999999997"><ele>2939.7188871118706</ele></trkpt><trkpt lat="36.75649" lon="-118.40152999999998"><ele>2941.3344287206064</ele></trkpt><trkpt lat="36.75649" lon="-118.40152999999998"><ele>2941.3344287206064</ele></trkpt><trkpt lat="36.75635" lon="-118.40138999999999"><ele>2945.1462080001365</ele></trkpt><trkpt lat="36.75635" lon="-118.40134999999998"><ele>2946.0782755557448</ele></trkpt><trkpt lat="36.75641" lon="-118.40125"><ele>2948.408444444416</ele></trkpt><trkpt lat="36.7564" lon="-118.40120000000002"><ele>2949.5735288884025</ele></trkpt><trkpt lat="36.75611" lon="-118.40098999999998"><ele>2955.466883555986</ele></trkpt><trkpt lat="36.75609" lon="-118.40089999999998"><ele>2957.5640355560463</ele></trkpt><trkpt lat="36.75614" lon="-118.40080999999998"><ele>2960.6611875558738</ele></trkpt><trkpt lat="36.75595" lon="-118.40064000000001"><ele>2963.0</ele></trkpt><trkpt lat="36.75562" lon="-118.40024"><ele>2971.0</ele></trkpt><trkpt lat="36.75547" lon="-118.40012999999999"><ele>2974.5063360000495</ele></trkpt><trkpt lat="36.7553" lon="-118.3999"><ele>2975.0</ele></trkpt><trkpt lat="36.75531" lon="-118.39940000000001"><ele>2974.1715690670535</ele></trkpt><trkpt lat="36.75539" lon="-118.39924000000002"><ele>2976.7430930277333</ele></trkpt><trkpt lat="36.75541" lon="-118.39893999999998"><ele>2981.2964611560833</ele></trkpt><trkpt lat="36.7554" lon="-118.39882999999998"><ele>2982.957508229008</ele></trkpt><trkpt lat="36.75535" lon="-118.39875999999998"><ele>2983.620666448983</ele></trkpt><trkpt lat="36.75532" lon="-118.39848"><ele>2986.9753365537863</ele></trkpt><trkpt lat="36.75525" lon="-118.39837999999997"><ele>2988.284291556105</ele></trkpt><trkpt lat="36.75526" lon="-118.39827000000002"><ele>2989.847477332689</ele></trkpt><trkpt lat="36.7553" lon="-118.39819999999997"><ele>2992.3593291856814</ele></trkpt><trkpt lat="36.75527" lon="-118.3981"><ele>2993.8154185944445</ele></trkpt><trkpt lat="36.75532" lon="-118.39805999999999"><ele>2996.203236540081</ele></trkpt><trkpt lat="36.75523" lon="-118.39789000000002"><ele>2998.702119110618</ele></trkpt><trkpt lat="36.75526" lon="-118.39783"><ele>3000.0718973718394</ele></trkpt><trkpt lat="36.75526" lon="-118.39773000000002"><ele>3002.269412952787</ele></trkpt><trkpt lat="36.75523" lon="-118.39771000000002"><ele>3002.792846221011</ele></trkpt><trkpt lat="36.75519" lon="-118.39762000000002"><ele>3003.993575110566</ele></trkpt><trkpt lat="36.75508" lon="-118.39758999999998"><ele>3004.851733853176</ele></trkpt><trkpt lat="36.75496" lon="-118.39749999999998"><ele>3006.789777778322</ele></trkpt><trkpt lat="36.75487" lon="-118.39738999999997"><ele>3008.1323068907636</ele></trkpt><trkpt lat="36.75478" lon="-118.39702"><ele>3013.7319316556677</ele></trkpt><trkpt lat="36.75468" lon="-118.39687000000004"><ele>3014.3989006732945</ele></trkpt><trkpt lat="36.75456" lon="-118.39678000000004"><ele>3015.844543583956</ele></trkpt><trkpt lat="36.75426" lon="-118.39672999999999"><ele>3019.0</ele></trkpt><trkpt lat="36.75409" lon="-118.39657999999997"><ele>3020.0</ele></trkpt><trkpt lat="36.75406" lon="-118.39645000000002"><ele>3021.0</ele></trkpt><trkpt lat="36.75377" lon="-118.39598000000001"><ele>3022.0</ele></trkpt><trkpt lat="36.75371" lon="-118.39584000000002"><ele>3022.808552450061</ele></trkpt><trkpt lat="36.75366" lon="-118.39558999999997"><ele>3024.0</ele></trkpt><trkpt lat="36.75339" lon="-118.39504999999997"><ele>3023.0</ele></trkpt><trkpt lat="36.75319" lon="-118.39479"><ele>3021.9696360941516</ele></trkpt><trkpt lat="36.75304" lon="-118.39445"><ele>3022.0</ele></trkpt><trkpt lat="36.7529" lon="-118.39423"><ele>3021.0813254080713</ele></trkpt><trkpt lat="36.75293" lon="-118.39395000000002"><ele>3021.9538045339286</ele></trkpt><trkpt lat="36.7529" lon="-118.39359999999999"><ele>3023.0813254080713</ele></trkpt><trkpt lat="36.75289" lon="-118.3929"><ele>3030.7680457753595</ele></trkpt><trkpt lat="36.75277" lon="-118.39278000000002"><ele>3032.0</ele></trkpt><trkpt lat="36.75265" lon="-118.39247999999998"><ele>3034.764256000519</ele></trkpt><trkpt lat="36.75262" lon="-118.39225999999996"><ele>3036.0</ele></trkpt><trkpt lat="36.75247" lon="-118.39175999999998"><ele>3039.0</ele></trkpt><trkpt lat="36.75245" lon="-118.39165000000003"><ele>3039.0</ele></trkpt><trkpt lat="36.75247" lon="-118.39157999999998"><ele>3039.887923777558</ele></trkpt><trkpt lat="36.75243" lon="-118.39129000000003"><ele>3041.905796082923</ele></trkpt><trkpt lat="36.75233" lon="-118.39119"><ele>3042.327721498674</ele></trkpt><trkpt lat="36.75226" lon="-118.39094999999998"><ele>3043.4158400006127</ele></trkpt><trkpt lat="36.75221" lon="-118.39091000000002"><ele>3043.362307222327</ele></trkpt><trkpt lat="36.75216" lon="-118.39091000000002"><ele>3043.3479075550567</ele></trkpt><trkpt lat="36.75195" lon="-118.39058999999997"><ele>3045.364411888838</ele></trkpt><trkpt lat="36.75164" lon="-118.39049999999997"><ele>3044.8462510020745</ele></trkpt><trkpt lat="36.75117" lon="-118.38981000000001"><ele>3053.7533803159445</ele></trkpt><trkpt lat="36.75102" lon="-118.38945000000001"><ele>3056.625222677265</ele></trkpt><trkpt lat="36.75077" lon="-118.38916"><ele>3058.1258631108794</ele></trkpt><trkpt lat="36.7507" lon="-118.38902000000002"><ele>3060.4270851866</ele></trkpt><trkpt lat="36.75064" lon="-118.3888"><ele>3065.5144711111207</ele></trkpt><trkpt lat="36.75054" lon="-118.38866999999999"><ele>3067.543690667022</ele></trkpt><trkpt lat="36.75054" lon="-118.38866999999999"><ele>3067.543690667022</ele></trkpt><trkpt lat="36.7501" lon="-118.38839999999999"><ele>3070.892607595113</ele></trkpt><trkpt lat="36.74991" lon="-118.38837000000001"><ele>3071.0</ele></trkpt><trkpt lat="36.7498" lon="-118.38819000000001"><ele>3073.0531893243565</ele></trkpt><trkpt lat="36.74967" lon="-118.38814000000002"><ele>3073.984420762275</ele></trkpt><trkpt lat="36.74891" lon="-118.38749000000001"><ele>3078.082553582069</ele></trkpt><trkpt lat="36.74877" lon="-118.38727"><ele>3080.1660551112145</ele></trkpt><trkpt lat="36.7487" lon="-118.38720999999998"><ele>3081.626541619422</ele></trkpt><trkpt lat="36.74869" lon="-118.38715000000002"><ele>3083.315453330986</ele></trkpt><trkpt lat="36.74859" lon="-118.38715000000002"><ele>3085.0</ele></trkpt><trkpt lat="36.74847" lon="-118.38711"><ele>3085.9736885222264</ele></trkpt><trkpt lat="36.74841" lon="-118.38707999999997"><ele>3087.5933760006446</ele></trkpt><trkpt lat="36.74832" lon="-118.38698"><ele>3090.9235448888503</ele></trkpt><trkpt lat="36.74816" lon="-118.38693999999998"><ele>3091.855612444924</ele></trkpt><trkpt lat="36.74801" lon="-118.38693"><ele>3092.0</ele></trkpt><trkpt lat="36.74774" lon="-118.38686000000001"><ele>3091.7197475552093</ele></trkpt><trkpt lat="36.74757" lon="-118.38689999999997"><ele>3091.7876800005324</ele></trkpt><trkpt lat="36.74752" lon="-118.38689"><ele>3092.0</ele></trkpt><trkpt lat="36.74748" lon="-118.38680999999997"><ele>3092.0</ele></trkpt><trkpt lat="36.74742" lon="-118.3868"><ele>3093.0</ele></trkpt><trkpt lat="36.74709" lon="-118.38659000000001"><ele>3092.0</ele></trkpt><trkpt lat="36.74684" lon="-118.38641000000001"><ele>3094.205507555045</ele></trkpt><trkpt lat="36.74675" lon="-118.38639"><ele>3095.252812157933</ele></trkpt><trkpt lat="36.74656" lon="-118.38653"><ele>3095.0</ele></trkpt><trkpt lat="36.74642" lon="-118.38656000000003"><ele>3095.0</ele></trkpt><trkpt lat="36.74619" lon="-118.38635"><ele>3096.0</ele></trkpt><trkpt lat="36.74617" lon="-118.38623000000001"><ele>3096.0</ele></trkpt><trkpt lat="36.74613" lon="-118.38620000000003"><ele>3096.0</ele></trkpt><trkpt lat="36.7461" lon="-118.38611000000003"><ele>3097.0</ele></trkpt><trkpt lat="36.74602" lon="-118.38599999999997"><ele>3097.001788857393</ele></trkpt><trkpt lat="36.74572" lon="-118.38583"><ele>3100.0</ele></trkpt><trkpt lat="36.74556" lon="-118.38580999999999"><ele>3100.0</ele></trkpt><trkpt lat="36.7454" lon="-118.38567"><ele>3101.0</ele></trkpt><trkpt lat="36.74511" lon="-118.38549999999998"><ele>3102.0</ele></trkpt><trkpt lat="36.74502" lon="-118.38540999999998"><ele>3102.0</ele></trkpt><trkpt lat="36.74482" lon="-118.38533000000001"><ele>3102.0</ele></trkpt><trkpt lat="36.74474" lon="-118.38526000000002"><ele>3102.00244977721</ele></trkpt><trkpt lat="36.74468" lon="-118.38517000000002"><ele>3103.003475758091</ele></trkpt><trkpt lat="36.74463" lon="-118.38494000000003"><ele>3105.7732742687235</ele></trkpt><trkpt lat="36.74459" lon="-118.38490000000002"><ele>3106.3910577774514</ele></trkpt><trkpt lat="36.74449" lon="-118.38486"><ele>3107.158397572991</ele></trkpt><trkpt lat="36.74434" lon="-118.38491999999997"><ele>3108.0</ele></trkpt><trkpt lat="36.74412" lon="-118.38490999999999"><ele>3109.368171385316</ele></trkpt><trkpt lat="36.74398" lon="-118.38482999999997"><ele>3111.0221760007553</ele></trkpt><trkpt lat="36.74387" lon="-118.38481000000002"><ele>3112.0</ele></trkpt><trkpt lat="36.74385" lon="-118.38479000000001"><ele>3112.0</ele></trkpt><trkpt lat="36.74387" lon="-118.38463000000002"><ele>3114.0</ele></trkpt><trkpt lat="36.74392" lon="-118.38452000000001"><ele>3115.2456995551474</ele></trkpt><trkpt lat="36.74387" lon="-118.38443000000001"><ele>3117.0</ele></trkpt><trkpt lat="36.74388" lon="-118.38421"><ele>3120.4692231109366</ele></trkpt><trkpt lat="36.74385" lon="-118.38416000000001"><ele>3121.0</ele></trkpt><trkpt lat="36.74373" lon="-118.38409999999999"><ele>3121.0324088891502</ele></trkpt><trkpt lat="36.74369" lon="-118.38398000000001"><ele>3121.870834966269</ele></trkpt><trkpt lat="36.74364" lon="-118.38394"><ele>3122.8103610981807</ele></trkpt><trkpt lat="36.74356" lon="-118.38395000000003"><ele>3122.0</ele></trkpt><trkpt lat="36.74352" lon="-118.38391000000001"><ele>3121.3029123377055</ele></trkpt><trkpt lat="36.74345" lon="-118.38378"><ele>3121.130734235911</ele></trkpt><trkpt lat="36.74346" lon="-118.38359000000003"><ele>3122.558168402873</ele></trkpt><trkpt lat="36.74338" lon="-118.38333999999998"><ele>3125.7416924447753</ele></trkpt><trkpt lat="36.74334" lon="-118.38330000000002"><ele>3126.6737599992193</ele></trkpt><trkpt lat="36.74323" lon="-118.38328999999999"><ele>3127.9067768892273</ele></trkpt><trkpt lat="36.74316" lon="-118.38333999999998"><ele>3127.7416924447753</ele></trkpt><trkpt lat="36.74308" lon="-118.38333999999998"><ele>3128.6104321299754</ele></trkpt><trkpt lat="36.74285" lon="-118.38341000000003"><ele>3128.1105742214713</ele></trkpt><trkpt lat="36.74271" lon="-118.38337000000001"><ele>3128.759688048124</ele></trkpt><trkpt lat="36.74259" lon="-118.38328999999999"><ele>3129.0</ele></trkpt><trkpt lat="36.74234" lon="-118.38304"><ele>3131.007420616107</ele></trkpt><trkpt lat="36.74231" lon="-118.38299"><ele>3131.9879301421097</ele></trkpt><trkpt lat="36.74227" lon="-118.38299"><ele>3132.9019713139633</ele></trkpt><trkpt lat="36.74223" lon="-118.38295"><ele>3133.0</ele></trkpt><trkpt lat="36.74209" lon="-118.38272"><ele>3135.0</ele></trkpt><trkpt lat="36.74198" lon="-118.38265000000001"><ele>3135.819857777329</ele></trkpt><trkpt lat="36.74191" lon="-118.38265000000001"><ele>3136.4213335350564</ele></trkpt><trkpt lat="36.74185" lon="-118.38252999999997"><ele>3136.900706375922</ele></trkpt><trkpt lat="36.74185" lon="-118.38238000000001"><ele>3138.0825260471743</ele></trkpt><trkpt lat="36.7417" lon="-118.38227999999998"><ele>3140.167595549995</ele></trkpt><trkpt lat="36.74154" lon="-118.38211000000001"><ele>3142.109922865129</ele></trkpt><trkpt lat="36.74149" lon="-118.38202000000001"><ele>3143.8633952461646</ele></trkpt><trkpt lat="36.74138" lon="-118.38195000000002"><ele>3145.1310399994254</ele></trkpt><trkpt lat="36.74128" lon="-118.38180999999997"><ele>3146.393276444869</ele></trkpt><trkpt lat="36.74124" lon="-118.38168999999999"><ele>3148.193080762634</ele></trkpt><trkpt lat="36.74111" lon="-118.38157000000001"><ele>3147.2202379235277</ele></trkpt><trkpt lat="36.74106" lon="-118.38146999999998"><ele>3148.315850666957</ele></trkpt><trkpt lat="36.74106" lon="-118.38139999999999"><ele>3149.0</ele></trkpt><trkpt lat="36.74102" lon="-118.38130000000001"><ele>3149.7154842714226</ele></trkpt><trkpt lat="36.74089" lon="-118.38114000000002"><ele>3151.9945920004975</ele></trkpt><trkpt lat="36.74081" lon="-118.38093000000003"><ele>3151.0</ele></trkpt><trkpt lat="36.74074" lon="-118.38083"><ele>3150.8774168689697</ele></trkpt><trkpt lat="36.74049" lon="-118.38060000000002"><ele>3148.5883199996315</ele></trkpt><trkpt lat="36.74019" lon="-118.38036"><ele>3149.1807253335137</ele></trkpt><trkpt lat="36.74001" lon="-118.38031999999998"><ele>3150.8751068045385</ele></trkpt><trkpt lat="36.73974" lon="-118.38048000000003"><ele>3153.2358246121566</ele></trkpt><trkpt lat="36.73967" lon="-118.38049999999998"><ele>3153.0</ele></trkpt><trkpt lat="36.7396" lon="-118.38047"><ele>3153.7383364717116</ele></trkpt><trkpt lat="36.73955" lon="-118.38035000000002"><ele>3154.0</ele></trkpt><trkpt lat="36.73948" lon="-118.38027"><ele>3155.0482024635376</ele></trkpt><trkpt lat="36.73918" lon="-118.38002"><ele>3158.1032995553687</ele></trkpt><trkpt lat="36.73912" lon="-118.37994000000003"><ele>3158.3469618878244</ele></trkpt><trkpt lat="36.73905" lon="-118.37973"><ele>3160.0</ele></trkpt><trkpt lat="36.73898" lon="-118.37957"><ele>3161.707331284636</ele></trkpt><trkpt lat="36.73888" lon="-118.37948"><ele>3162.6862115554977</ele></trkpt><trkpt lat="36.73888" lon="-118.37948"><ele>3162.6862115554977</ele></trkpt><trkpt lat="36.73883" lon="-118.37943999999999"><ele>3163.618279111339</ele></trkpt><trkpt lat="36.73877" lon="-118.37919999999997"><ele>3164.354001149563</ele></trkpt><trkpt lat="36.73859" lon="-118.37905"><ele>3165.721326917613</ele></trkpt><trkpt lat="36.73852" lon="-118.37904000000003"><ele>3166.0</ele></trkpt><trkpt lat="36.73807" lon="-118.37916999999999"><ele>3164.75286901238</ele></trkpt><trkpt lat="36.73766" lon="-118.37903"><ele>3163.1719715553336</ele></trkpt><trkpt lat="36.73747" lon="-118.37900000000002"><ele>3163.0</ele></trkpt><trkpt lat="36.73734" lon="-118.37889000000001"><ele>3164.0</ele></trkpt><trkpt lat="36.73697" lon="-118.37877000000003"><ele>3165.3511706433046</ele></trkpt><trkpt lat="36.73689" lon="-118.37871999999999"><ele>3166.687495916368</ele></trkpt><trkpt lat="36.73675" lon="-118.37856999999997"><ele>3167.9395012205605</ele></trkpt><trkpt lat="36.73664" lon="-118.37849"><ele>3168.0</ele></trkpt><trkpt lat="36.73656" lon="-118.37838999999997"><ele>3168.0</ele></trkpt><trkpt lat="36.73633" lon="-118.37819999999999"><ele>3168.0</ele></trkpt><trkpt lat="36.73619" lon="-118.37795"><ele>3169.055214655373</ele></trkpt><trkpt lat="36.73601" lon="-118.37781000000001"><ele>3171.0</ele></trkpt><trkpt lat="36.73586" lon="-118.37777"><ele>3172.0</ele></trkpt><trkpt lat="36.73573" lon="-118.37752999999998"><ele>3173.0</ele></trkpt><trkpt lat="36.73536" lon="-118.37718999999998"><ele>3176.0</ele></trkpt><trkpt lat="36.73529" lon="-118.37703999999997"><ele>3177.5446486550004</ele></trkpt><trkpt lat="36.73521" lon="-118.37673000000001"><ele>3179.0</ele></trkpt><trkpt lat="36.73511" lon="-118.37651"><ele>3181.0</ele></trkpt><trkpt lat="36.73497" lon="-118.37646000000001"><ele>3184.017729379655</ele></trkpt><trkpt lat="36.7349" lon="-118.37637000000001"><ele>3184.946763023231</ele></trkpt><trkpt lat="36.73473" lon="-118.37589000000003"><ele>3187.0</ele></trkpt><trkpt lat="36.73448" lon="-118.37567999999999"><ele>3187.23262933339</ele></trkpt><trkpt lat="36.73425" lon="-118.37565999999998"><ele>3189.6986631115433</ele></trkpt><trkpt lat="36.73418582355656" lon="-118.37561988972283"><ele>3191.633300310932</ele></trkpt><trkpt lat="36.73418582355656" lon="-118.37561988972283"><ele>3191.633300310932</ele></trkpt><trkpt lat="36.73409" lon="-118.37556000000001"><ele>3192.132892667316</ele></trkpt><trkpt lat="36.73397" lon="-118.37554999999998"><ele>3193.2618488892913</ele></trkpt><trkpt lat="36.73385" lon="-118.37545999999998"><ele>3194.4042172039167</ele></trkpt><trkpt lat="36.7337" lon="-118.37529999999998"><ele>3195.785182502678</ele></trkpt><trkpt lat="36.73343" lon="-118.3752"><ele>3196.4174399997573</ele></trkpt><trkpt lat="36.73335" lon="-118.37500999999997"><ele>3198.4969650723215</ele></trkpt><trkpt lat="36.73321" lon="-118.37490000000003"><ele>3200.61916639248</ele></trkpt><trkpt lat="36.733" lon="-118.37448999999998"><ele>3202.3961812946905</ele></trkpt><trkpt lat="36.73298" lon="-118.37437999999997"><ele>3203.435858493769</ele></trkpt><trkpt lat="36.73292" lon="-118.3743"><ele>3204.388959999662</ele></trkpt><trkpt lat="36.73279" lon="-118.37419999999997"><ele>3204.7191288894974</ele></trkpt><trkpt lat="36.73273" lon="-118.37418000000002"><ele>3206.266314947463</ele></trkpt><trkpt lat="36.73266" lon="-118.37421"><ele>3206.9596359676216</ele></trkpt><trkpt lat="36.73261" lon="-118.37419"><ele>3207.9521457778756</ele></trkpt><trkpt lat="36.73237" lon="-118.37396000000001"><ele>3209.406286837999</ele></trkpt><trkpt lat="36.73233" lon="-118.37389000000002"><ele>3209.931758781895</ele></trkpt><trkpt lat="36.73234" lon="-118.37382000000002"><ele>3209.648736518342</ele></trkpt><trkpt lat="36.73243" lon="-118.37369000000001"><ele>3209.903066006944</ele></trkpt><trkpt lat="36.73244" lon="-118.37364000000002"><ele>3209.3619186172727</ele></trkpt><trkpt lat="36.73243" lon="-118.37360999999999"><ele>3208.3721191689838</ele></trkpt><trkpt lat="36.7324" lon="-118.37362999999999"><ele>3207.965942857325</ele></trkpt><trkpt lat="36.73234" lon="-118.37362999999999"><ele>3207.0</ele></trkpt><trkpt lat="36.73219" lon="-118.37355000000002"><ele>3206.0</ele></trkpt><trkpt lat="36.73213" lon="-118.37337000000002"><ele>3206.1167987026274</ele></trkpt><trkpt lat="36.732" lon="-118.37335999999999"><ele>3204.531017587667</ele></trkpt><trkpt lat="36.73185" lon="-118.37329999999997"><ele>3205.690648889402</ele></trkpt><trkpt lat="36.73166" lon="-118.37329"><ele>3205.965519668661</ele></trkpt><trkpt lat="36.73127" lon="-118.37346000000002"><ele>3207.8163521512283</ele></trkpt><trkpt lat="36.73108" lon="-118.37346000000002"><ele>3209.0</ele></trkpt><trkpt lat="36.73102" lon="-118.37333999999998"><ele>3209.844045575708</ele></trkpt><trkpt lat="36.73104" lon="-118.37299999999999"><ele>3212.425532495603</ele></trkpt><trkpt lat="36.73101" lon="-118.37297000000001"><ele>3211.5533021725714</ele></trkpt><trkpt lat="36.73075" lon="-118.37288999999998"><ele>3213.0</ele></trkpt><trkpt lat="36.73069" lon="-118.37281999999999"><ele>3213.0</ele></trkpt><trkpt lat="36.73036" lon="-118.37257999999997"><ele>3216.1613842889847</ele></trkpt><trkpt lat="36.73031" lon="-118.37257"><ele>3216.700881777797</ele></trkpt><trkpt lat="36.73019" lon="-118.37257999999997"><ele>3217.4678648896515</ele></trkpt><trkpt lat="36.73008" lon="-118.37252999999998"><ele>3218.14728052821</ele></trkpt><trkpt lat="36.72976" lon="-118.37225000000001"><ele>3223.157422222197</ele></trkpt><trkpt lat="36.72944" lon="-118.37211000000002"><ele>3226.419658666011</ele></trkpt><trkpt lat="36.72945" lon="-118.37200999999999"><ele>3227.7498275558464</ele></trkpt><trkpt lat="36.72964" lon="-118.37185999999997"><ele>3229.2450808896683</ele></trkpt><trkpt lat="36.7298" lon="-118.37170000000003"><ele>3230.36367306137</ele></trkpt><trkpt lat="36.7301" lon="-118.37173000000001"><ele>3234.0</ele></trkpt><trkpt lat="36.7301" lon="-118.37169"><ele>3234.019772323508</ele></trkpt><trkpt lat="36.72991" lon="-118.37148000000002"><ele>3236.671481666621</ele></trkpt><trkpt lat="36.72955" lon="-118.3714"><ele>3241.0</ele></trkpt><trkpt lat="36.72945" lon="-118.37131"><ele>3241.06100977771</ele></trkpt><trkpt lat="36.72938" lon="-118.37130000000002"><ele>3241.294026666088</ele></trkpt><trkpt lat="36.72915" lon="-118.37134000000003"><ele>3243.0</ele></trkpt><trkpt lat="36.72909" lon="-118.37133"><ele>3242.594976000022</ele></trkpt><trkpt lat="36.72886" lon="-118.37107000000003"><ele>3245.6687860567076</ele></trkpt><trkpt lat="36.72871" lon="-118.37103000000002"><ele>3246.0</ele></trkpt><trkpt lat="36.72846" lon="-118.37101999999999"><ele>3248.9246827087313</ele></trkpt><trkpt lat="36.72822" lon="-118.37106"><ele>3249.0</ele></trkpt><trkpt lat="36.72771" lon="-118.37101999999999"><ele>3250.8892761791703</ele></trkpt><trkpt lat="36.72761" lon="-118.37107000000003"><ele>3250.7564408977105</ele></trkpt><trkpt lat="36.72749" lon="-118.37103000000002"><ele>3252.7860232954845</ele></trkpt><trkpt lat="36.72742" lon="-118.37107000000003"><ele>3253.821132763289</ele></trkpt><trkpt lat="36.72713" lon="-118.37108999999998"><ele>3256.2522807922214</ele></trkpt><trkpt lat="36.72701" lon="-118.37101000000001"><ele>3259.03817483847</ele></trkpt><trkpt lat="36.72678" lon="-118.37104999999997"><ele>3262.4961150821428</ele></trkpt><trkpt lat="36.72662" lon="-118.37115"><ele>3263.8686749215703</ele></trkpt><trkpt lat="36.72662" lon="-118.37097"><ele>3266.9848873468477</ele></trkpt><trkpt lat="36.7266" lon="-118.3709"><ele>3267.406224962438</ele></trkpt><trkpt lat="36.72656" lon="-118.37090999999998"><ele>3267.891025018039</ele></trkpt><trkpt lat="36.72634" lon="-118.37116000000003"><ele>3271.122227378785</ele></trkpt><trkpt lat="36.72633" lon="-118.37115"><ele>3271.4028920158776</ele></trkpt><trkpt lat="36.72637" lon="-118.37098000000003"><ele>3273.0981192672625</ele></trkpt><trkpt lat="36.72635" lon="-118.37071000000003"><ele>3276.0390396254384</ele></trkpt><trkpt lat="36.72604" lon="-118.37095"><ele>3279.9677935466293</ele></trkpt><trkpt lat="36.72599" lon="-118.37077999999997"><ele>3282.395105839707</ele></trkpt><trkpt lat="36.72592" lon="-118.37074000000001"><ele>3283.625609637591</ele></trkpt><trkpt lat="36.72586" lon="-118.37074999999999"><ele>3284.1099555557594</ele></trkpt><trkpt lat="36.72569" lon="-118.37083999999999"><ele>3286.129623688059</ele></trkpt><trkpt lat="36.72507" lon="-118.37086999999997"><ele>3293.4553412608802</ele></trkpt><trkpt lat="36.72497" lon="-118.3709"><ele>3294.6335029916154</ele></trkpt><trkpt lat="36.72467" lon="-118.37088"><ele>3298.788931361408</ele></trkpt><trkpt lat="36.72455" lon="-118.37092999999999"><ele>3299.2371754760015</ele></trkpt><trkpt lat="36.7244" lon="-118.37094000000002"><ele>3301.0</ele></trkpt><trkpt lat="36.72433" lon="-118.37104"><ele>3301.654830943793</ele></trkpt><trkpt lat="36.72425" lon="-118.37108"><ele>3302.4122317688707</ele></trkpt><trkpt lat="36.72394" lon="-118.37101000000001"><ele>3306.0</ele></trkpt><trkpt lat="36.72344" lon="-118.37106"><ele>3312.0</ele></trkpt><trkpt lat="36.72339" lon="-118.37108999999998"><ele>3312.982164508663</ele></trkpt><trkpt lat="36.72331" lon="-118.37121000000002"><ele>3313.1874436567455</ele></trkpt><trkpt lat="36.72298" lon="-118.37126"><ele>3317.0</ele></trkpt><trkpt lat="36.7226" lon="-118.37126"><ele>3320.0</ele></trkpt><trkpt lat="36.72229" lon="-118.37139000000002"><ele>3321.0</ele></trkpt><trkpt lat="36.72211" lon="-118.37139000000002"><ele>3322.038058819333</ele></trkpt><trkpt lat="36.72186" lon="-118.37130000000002"><ele>3325.0</ele></trkpt><trkpt lat="36.72174" lon="-118.37128999999999"><ele>3326.0</ele></trkpt><trkpt lat="36.7215" lon="-118.37119999999999"><ele>3326.6241955559235</ele></trkpt><trkpt lat="36.72127" lon="-118.37115"><ele>3327.78927999991</ele></trkpt><trkpt lat="36.72127" lon="-118.37115"><ele>3327.78927999991</ele></trkpt><trkpt lat="36.72102" lon="-118.37104999999997"><ele>3330.133729435807</ele></trkpt><trkpt lat="36.72093" lon="-118.37104999999997"><ele>3331.059341604345</ele></trkpt><trkpt lat="36.72084" lon="-118.37108999999998"><ele>3330.1873813336715</ele></trkpt><trkpt lat="36.72076" lon="-118.37126999999998"><ele>3331.0</ele></trkpt><trkpt lat="36.7207" lon="-118.37126999999998"><ele>3331.0012668831723</ele></trkpt><trkpt lat="36.72064" lon="-118.37131"><ele>3331.9955603511207</ele></trkpt><trkpt lat="36.72051" lon="-118.37130000000002"><ele>3332.207694846207</ele></trkpt><trkpt lat="36.72002" lon="-118.37153999999998"><ele>3335.2837025105923</ele></trkpt><trkpt lat="36.7197" lon="-118.3716"><ele>3340.253251249902</ele></trkpt><trkpt lat="36.71964" lon="-118.37164000000001"><ele>3341.0</ele></trkpt><trkpt lat="36.7195" lon="-118.37164000000001"><ele>3342.0</ele></trkpt><trkpt lat="36.71931" lon="-118.37171999999998"><ele>3343.0</ele></trkpt><trkpt lat="36.71915" lon="-118.37171999999998"><ele>3344.7490426534787</ele></trkpt><trkpt lat="36.71891" lon="-118.37178"><ele>3348.133077306921</ele></trkpt><trkpt lat="36.7182" lon="-118.37171999999998"><ele>3358.4352330675097</ele></trkpt><trkpt lat="36.71795" lon="-118.37187"><ele>3362.13733538636</ele></trkpt><trkpt lat="36.71777" lon="-118.37206000000003"><ele>3365.209195528867</ele></trkpt><trkpt lat="36.71765" lon="-118.37209000000001"><ele>3366.9824049530043</ele></trkpt><trkpt lat="36.71718" lon="-118.37205"><ele>3373.9104460059452</ele></trkpt><trkpt lat="36.71698" lon="-118.37216000000001"><ele>3376.494904104586</ele></trkpt><trkpt lat="36.71682" lon="-118.37216000000001"><ele>3379.228019983042</ele></trkpt><trkpt lat="36.71638" lon="-118.37239"><ele>3384.6589404186234</ele></trkpt><trkpt lat="36.71614" lon="-118.37245999999999"><ele>3387.2683909907937</ele></trkpt><trkpt lat="36.71607" lon="-118.37245000000001"><ele>3389.272149079945</ele></trkpt><trkpt lat="36.71593" lon="-118.37252999999998"><ele>3391.1105752522126</ele></trkpt><trkpt lat="36.71577671313182" lon="-118.37258943776521"><ele>3392.7964094793424</ele></trkpt><trkpt lat="36.71580287856737" lon="-118.37257929210051"><ele>3392.745875606734</ele></trkpt><trkpt lat="36.71544" lon="-118.37272000000002"><ele>3396.686996570291</ele></trkpt><trkpt lat="36.71498" lon="-118.37277"><ele>3403.0810879995115</ele></trkpt><trkpt lat="36.71475" lon="-118.37275"><ele>3407.0131555553526</ele></trkpt><trkpt lat="36.71452" lon="-118.37268"><ele>3411.275391999632</ele></trkpt><trkpt lat="36.71418" lon="-118.37265000000002"><ele>3415.673493332695</ele></trkpt><trkpt lat="36.71398" lon="-118.37259"><ele>3418.469695999287</ele></trkpt><trkpt lat="36.71366" lon="-118.37239999999997"><ele>3424.6621688895393</ele></trkpt><trkpt lat="36.71351" lon="-118.37227000000001"><ele>3426.691388443811</ele></trkpt><trkpt lat="36.71335" lon="-118.37206000000003"><ele>3430.584743110463</ele></trkpt><trkpt lat="36.7131" lon="-118.37189000000001"><ele>3434.5460302219726</ele></trkpt><trkpt lat="36.71299" lon="-118.37167999999997"><ele>3437.305454027141</ele></trkpt><trkpt lat="36.713" lon="-118.37164000000001"><ele>3437.9911128090184</ele></trkpt><trkpt lat="36.71334" lon="-118.3714"><ele>3439.0</ele></trkpt><trkpt lat="36.71363" lon="-118.37115"><ele>3439.4462999636794</ele></trkpt><trkpt lat="36.71366" lon="-118.37095999999997"><ele>3439.0</ele></trkpt><trkpt lat="36.71361" lon="-118.37056999999999"><ele>3439.218190426425</ele></trkpt><trkpt lat="36.71376" lon="-118.36990000000003"><ele>3440.9163911102805</ele></trkpt><trkpt lat="36.7137" lon="-118.36977999999999"><ele>3442.0</ele></trkpt><trkpt lat="36.71381" lon="-118.36964999999998"><ele>3444.0</ele></trkpt><trkpt lat="36.714" lon="-118.36919"><ele>3447.460590221919</ele></trkpt><trkpt lat="36.7142" lon="-118.36899"><ele>3449.0</ele></trkpt><trkpt lat="36.71412" lon="-118.36891000000003"><ele>3449.0068452423666</ele></trkpt><trkpt lat="36.71411" lon="-118.36883999999998"><ele>3449.616181333782</ele></trkpt><trkpt lat="36.71414" lon="-118.36878999999999"><ele>3450.1230813525617</ele></trkpt><trkpt lat="36.71428" lon="-118.36876999999998"><ele>3452.0</ele></trkpt><trkpt lat="36.71429" lon="-118.36862000000002"><ele>3453.0</ele></trkpt><trkpt lat="36.71438" lon="-118.36842999999999"><ele>3453.0</ele></trkpt><trkpt lat="36.71439" lon="-118.36828000000003"><ele>3454.7957548064974</ele></trkpt><trkpt lat="36.71435" lon="-118.36818"><ele>3455.227359828539</ele></trkpt><trkpt lat="36.7144" lon="-118.36808000000002"><ele>3457.0</ele></trkpt><trkpt lat="36.71476" lon="-118.36777000000001"><ele>3458.934474810445</ele></trkpt><trkpt lat="36.71501" lon="-118.36738000000003"><ele>3461.0</ele></trkpt><trkpt lat="36.71497" lon="-118.36732"><ele>3461.0</ele></trkpt><trkpt lat="36.71495" lon="-118.36721"><ele>3461.731320581629</ele></trkpt><trkpt lat="36.71486" lon="-118.36703"><ele>3462.750958175018</ele></trkpt><trkpt lat="36.71491" lon="-118.36680999999999"><ele>3464.505517343059</ele></trkpt><trkpt lat="36.71487" lon="-118.36669999999998"><ele>3466.0</ele></trkpt><trkpt lat="36.71487" lon="-118.36669999999998"><ele>3466.0</ele></trkpt><trkpt lat="36.71479" lon="-118.36666000000002"><ele>3466.4066905546138</ele></trkpt><trkpt lat="36.71472" lon="-118.36655999999999"><ele>3467.0129775960845</ele></trkpt><trkpt lat="36.71462" lon="-118.36657000000002"><ele>3468.5110151104163</ele></trkpt><trkpt lat="36.71461" lon="-118.36653999999999"><ele>3469.210065778112</ele></trkpt><trkpt lat="36.7148" lon="-118.36622"><ele>3471.6666062222794</ele></trkpt><trkpt lat="36.71481" lon="-118.36615999999998"><ele>3473.0</ele></trkpt><trkpt lat="36.71471" lon="-118.36588999999998"><ele>3474.356163555989</ele></trkpt><trkpt lat="36.71462" lon="-118.36574000000002"><ele>3475.851416888647</ele></trkpt><trkpt lat="36.71449" lon="-118.3657"><ele>3477.5508772486382</ele></trkpt><trkpt lat="36.71434" lon="-118.3655"><ele>3480.964782558063</ele></trkpt><trkpt lat="36.71437" lon="-118.36547000000002"><ele>3481.142872888362</ele></trkpt><trkpt lat="36.71446" lon="-118.36547000000002"><ele>3482.142872888362</ele></trkpt><trkpt lat="36.71453" lon="-118.36543"><ele>3483.074940444436</ele></trkpt><trkpt lat="36.71459" lon="-118.36545000000001"><ele>3483.8922703216012</ele></trkpt><trkpt lat="36.71459" lon="-118.36540000000002"><ele>3484.977689631982</ele></trkpt><trkpt lat="36.71453" lon="-118.36536999999998"><ele>3484.9460835559294</ele></trkpt><trkpt lat="36.71457" lon="-118.36535000000003"><ele>3485.9160665926547</ele></trkpt><trkpt lat="36.71465" lon="-118.36535000000003"><ele>3487.8868621529546</ele></trkpt><trkpt lat="36.71471" lon="-118.36541"><ele>3488.0</ele></trkpt><trkpt lat="36.71475" lon="-118.36540000000002"><ele>3487.806852104805</ele></trkpt><trkpt lat="36.71476" lon="-118.36538000000002"><ele>3488.274896891394</ele></trkpt><trkpt lat="36.71473" lon="-118.36536999999998"><ele>3488.4730417779647</ele></trkpt><trkpt lat="36.71469" lon="-118.36527999999998"><ele>3489.6176928418827</ele></trkpt><trkpt lat="36.71472" lon="-118.36526000000003"><ele>3490.0362275545485</ele></trkpt><trkpt lat="36.71478" lon="-118.36532"><ele>3490.3647749952506</ele></trkpt><trkpt lat="36.71483" lon="-118.36532"><ele>3491.34141107692</ele></trkpt><trkpt lat="36.71481" lon="-118.36520999999999"><ele>3492.8000067984685</ele></trkpt><trkpt lat="36.71463" lon="-118.36509000000001"><ele>3494.997514666524</ele></trkpt><trkpt lat="36.71474" lon="-118.36502999999999"><ele>3496.3956160002854</ele></trkpt><trkpt lat="36.71476" lon="-118.36499000000003"><ele>3497.3276835547294</ele></trkpt><trkpt lat="36.71467" lon="-118.36495000000002"><ele>3498.2597511103377</ele></trkpt><trkpt lat="36.71446" lon="-118.36491999999998"><ele>3500.5102607514077</ele></trkpt><trkpt lat="36.71434" lon="-118.36469"><ele>3504.5730599681847</ele></trkpt><trkpt lat="36.71435" lon="-118.36466999999999"><ele>3505.617506794471</ele></trkpt><trkpt lat="36.71444" lon="-118.36471"><ele>3505.9768601602013</ele></trkpt><trkpt lat="36.71454" lon="-118.36468000000002"><ele>3507.5512071107514</ele></trkpt><trkpt lat="36.71484" lon="-118.36466999999999"><ele>3509.784224000061</ele></trkpt><trkpt lat="36.71495" lon="-118.36463000000003"><ele>3511.43258310901</ele></trkpt><trkpt lat="36.71498" lon="-118.36455999999998"><ele>3513.535113674525</ele></trkpt><trkpt lat="36.71482" lon="-118.36448000000001"><ele>3515.211544888327</ele></trkpt><trkpt lat="36.71479" lon="-118.36442"><ele>3516.620211845116</ele></trkpt><trkpt lat="36.71425" lon="-118.36418000000003"><ele>3526.404103109613</ele></trkpt><trkpt lat="36.71415" lon="-118.36410999999998"><ele>3527.568537157171</ele></trkpt><trkpt lat="36.71345" lon="-118.36387000000002"><ele>3539.4255751105957</ele></trkpt><trkpt lat="36.71318" lon="-118.36403000000001"><ele>3543.176588988863</ele></trkpt><trkpt lat="36.71314" lon="-118.36403000000001"><ele>3543.394609777257</ele></trkpt><trkpt lat="36.71314" lon="-118.36401000000001"><ele>3544.163338666316</ele></trkpt><trkpt lat="36.71319" lon="-118.36394000000001"><ele>3545.2857601824217</ele></trkpt><trkpt lat="36.71319" lon="-118.36388999999997"><ele>3546.450844628038</ele></trkpt><trkpt lat="36.71314" lon="-118.36388999999997"><ele>3547.9042238343973</ele></trkpt><trkpt lat="36.71291" lon="-118.36401000000001"><ele>3549.1029384239528</ele></trkpt><trkpt lat="36.71261" lon="-118.36403000000001"><ele>3554.0</ele></trkpt><trkpt lat="36.71249" lon="-118.36399"><ele>3555.527745236303</ele></trkpt><trkpt lat="36.71243" lon="-118.36391000000003"><ele>3557.0</ele></trkpt><trkpt lat="36.71239" lon="-118.36388999999997"><ele>3557.0</ele></trkpt><trkpt lat="36.71232" lon="-118.36392000000001"><ele>3558.0</ele></trkpt><trkpt lat="36.7123" lon="-118.36414000000002"><ele>3558.9143397018915</ele></trkpt><trkpt lat="36.71238" lon="-118.36430000000001"><ele>3560.630081112962</ele></trkpt><trkpt lat="36.71238" lon="-118.36436000000003"><ele>3562.98478325982</ele></trkpt><trkpt lat="36.71231" lon="-118.36432000000002"><ele>3562.130824064836</ele></trkpt><trkpt lat="36.71225" lon="-118.36433999999997"><ele>3563.5262186662294</ele></trkpt><trkpt lat="36.71202" lon="-118.36446000000001"><ele>3567.3224213337526</ele></trkpt><trkpt lat="36.71181" lon="-118.36463000000003"><ele>3571.6042222259566</ele></trkpt><trkpt lat="36.71155" lon="-118.36472000000003"><ele>3573.0</ele></trkpt><trkpt lat="36.71121" lon="-118.36496999999997"><ele>3576.4386456962493</ele></trkpt><trkpt lat="36.71102" lon="-118.36504000000002"><ele>3579.4748822405422</ele></trkpt><trkpt lat="36.71088" lon="-118.36514"><ele>3582.1675697779283</ele></trkpt><trkpt lat="36.71073" lon="-118.36520000000002"><ele>3583.998453289152</ele></trkpt><trkpt lat="36.71057" lon="-118.36543"><ele>3589.925059555564</ele></trkpt><trkpt lat="36.71058" lon="-118.36549000000002"><ele>3591.3231608893257</ele></trkpt><trkpt lat="36.71076" lon="-118.36556000000002"><ele>3593.7898088861784</ele></trkpt><trkpt lat="36.71074" lon="-118.36559999999997"><ele>3594.806133302309</ele></trkpt><trkpt lat="36.71052" lon="-118.36567000000002"><ele>3597.517464889679</ele></trkpt><trkpt lat="36.71013" lon="-118.36585000000002"><ele>3604.1353066687007</ele></trkpt><trkpt lat="36.70989" lon="-118.36590999999999"><ele>3605.1098702219315</ele></trkpt><trkpt lat="36.70965" lon="-118.36590999999999"><ele>3606.3455610543324</ele></trkpt><trkpt lat="36.70945" lon="-118.36595999999997"><ele>3609.055391696171</ele></trkpt><trkpt lat="36.70937" lon="-118.36588"><ele>3609.0</ele></trkpt><trkpt lat="36.70897" lon="-118.36588999999998"><ele>3612.643836444011</ele></trkpt><trkpt lat="36.70878" lon="-118.36554999999998"><ele>3614.6757124420255</ele></trkpt><trkpt lat="36.70871" lon="-118.36552"><ele>3615.6945488367855</ele></trkpt><trkpt lat="36.70831" lon="-118.36552"><ele>3619.0</ele></trkpt><trkpt lat="36.70823" lon="-118.36540000000002"><ele>3620.773991110502</ele></trkpt><trkpt lat="36.70813" lon="-118.36536000000001"><ele>3621.70605866611</ele></trkpt><trkpt lat="36.70796" lon="-118.36545000000001"><ele>3623.3103256663735</ele></trkpt><trkpt lat="36.7079" lon="-118.36556000000002"><ele>3625.2194533194747</ele></trkpt><trkpt lat="36.70788" lon="-118.36565999999999"><ele>3625.834892064333</ele></trkpt><trkpt lat="36.70781" lon="-118.36572999999999"><ele>3626.8805022049014</ele></trkpt><trkpt lat="36.70774" lon="-118.36588999999998"><ele>3627.9040702497587</ele></trkpt><trkpt lat="36.70746" lon="-118.36613999999997"><ele>3632.5930443335706</ele></trkpt><trkpt lat="36.7074" lon="-118.36619000000002"><ele>3633.86445943798</ele></trkpt><trkpt lat="36.70738" lon="-118.36617000000001"><ele>3634.3676372533664</ele></trkpt><trkpt lat="36.70738" lon="-118.36597"><ele>3636.3676372533664</ele></trkpt><trkpt lat="36.70735" lon="-118.36597"><ele>3637.0</ele></trkpt><trkpt lat="36.70727" lon="-118.36608999999999"><ele>3638.5648285048082</ele></trkpt><trkpt lat="36.70721" lon="-118.36606"><ele>3639.3087490769103</ele></trkpt><trkpt lat="36.70714" lon="-118.36610000000002"><ele>3641.1844291813595</ele></trkpt><trkpt lat="36.70706" lon="-118.36610000000002"><ele>3642.846599472258</ele></trkpt><trkpt lat="36.70698" lon="-118.36617999999999"><ele>3643.5924391013104</ele></trkpt><trkpt lat="36.70694" lon="-118.36617999999999"><ele>3644.1563748018816</ele></trkpt><trkpt lat="36.7069" lon="-118.36613999999997"><ele>3645.1692978211713</ele></trkpt><trkpt lat="36.70689" lon="-118.36595999999997"><ele>3646.609635799192</ele></trkpt><trkpt lat="36.7069" lon="-118.36586"><ele>3647.3565854615736</ele></trkpt><trkpt lat="36.70695" lon="-118.36579999999998"><ele>3646.9265925733207</ele></trkpt><trkpt lat="36.70699" lon="-118.36568999999997"><ele>3646.7031128583476</ele></trkpt><trkpt lat="36.70678" lon="-118.36572000000001"><ele>3652.550685351534</ele></trkpt><trkpt lat="36.70682" lon="-118.3655"><ele>3652.4463113350566</ele></trkpt><trkpt lat="36.70681" lon="-118.36536000000001"><ele>3653.594911381107</ele></trkpt><trkpt lat="36.70678" lon="-118.36529999999999"><ele>3654.9109666650183</ele></trkpt><trkpt lat="36.70672" lon="-118.36554999999998"><ele>3656.226664626918</ele></trkpt><trkpt lat="36.70627" lon="-118.36621000000002"><ele>3666.096373535478</ele></trkpt><trkpt lat="36.70619" lon="-118.36628000000002"><ele>3667.2236953708343</ele></trkpt><trkpt lat="36.70614" lon="-118.36626000000001"><ele>3668.8429629755246</ele></trkpt><trkpt lat="36.70611" lon="-118.36631"><ele>3668.419293377083</ele></trkpt><trkpt lat="36.70608" lon="-118.36630000000002"><ele>3669.7572744479403</ele></trkpt><trkpt lat="36.70604" lon="-118.36617000000001"><ele>3672.3679334272356</ele></trkpt><trkpt lat="36.70594" lon="-118.36606"><ele>3672.9605221493566</ele></trkpt><trkpt lat="36.70588" lon="-118.36606"><ele>3675.1755526037887</ele></trkpt><trkpt lat="36.70598" lon="-118.36621000000002"><ele>3676.06472499351</ele></trkpt><trkpt lat="36.706" lon="-118.36628999999999"><ele>3674.9550466947258</ele></trkpt><trkpt lat="36.70597" lon="-118.36630000000002"><ele>3676.6299084874854</ele></trkpt><trkpt lat="36.70591" lon="-118.36619999999999"><ele>3678.8404637992726</ele></trkpt><trkpt lat="36.70583" lon="-118.36615"><ele>3680.120821999386</ele></trkpt><trkpt lat="36.70582" lon="-118.36617999999999"><ele>3681.5118469656445</ele></trkpt><trkpt lat="36.70586" lon="-118.36624"><ele>3681.45566283868</ele></trkpt><trkpt lat="36.70585" lon="-118.36633"><ele>3681.7779207977</ele></trkpt><trkpt lat="36.7057" lon="-118.36653999999999"><ele>3684.4070342730265</ele></trkpt><trkpt lat="36.70568" lon="-118.36651999999998"><ele>3685.454363185214</ele></trkpt><trkpt lat="36.70573" lon="-118.36646999999999"><ele>3684.598431773909</ele></trkpt><trkpt lat="36.70573" lon="-118.36642"><ele>3685.6542820654518</ele></trkpt><trkpt lat="36.7057" lon="-118.3664"><ele>3687.1969684949145</ele></trkpt><trkpt lat="36.70566" lon="-118.36644000000001"><ele>3687.899793278426</ele></trkpt><trkpt lat="36.70553" lon="-118.36635999999999"><ele>3690.7336025265977</ele></trkpt><trkpt lat="36.70555" lon="-118.36646999999999"><ele>3691.5566783063114</ele></trkpt><trkpt lat="36.70545" lon="-118.36669999999998"><ele>3692.1298894071115</ele></trkpt><trkpt lat="36.70544" lon="-118.36669999999998"><ele>3692.861797066744</ele></trkpt><trkpt lat="36.70546" lon="-118.36658999999997"><ele>3693.382222265466</ele></trkpt><trkpt lat="36.70543" lon="-118.36651"><ele>3695.9575953402245</ele></trkpt><trkpt lat="36.70538" lon="-118.36649999999997"><ele>3697.3555391372647</ele></trkpt><trkpt lat="36.70534" lon="-118.36642999999998"><ele>3696.887006189674</ele></trkpt><trkpt lat="36.70528" lon="-118.3664"><ele>3697.718571410145</ele></trkpt><trkpt lat="36.70528" lon="-118.36644999999999"><ele>3698.6927822220605</ele></trkpt><trkpt lat="36.70533" lon="-118.36653000000001"><ele>3699.4804788733327</ele></trkpt><trkpt lat="36.70533" lon="-118.36658999999997"><ele>3699.9018079396337</ele></trkpt><trkpt lat="36.70529" lon="-118.36669999999998"><ele>3700.1134884878993</ele></trkpt><trkpt lat="36.70529" lon="-118.36669999999998"><ele>3700.1134884878993</ele></trkpt><trkpt lat="36.70526" lon="-118.36676999999997"><ele>3700.9686767990274</ele></trkpt><trkpt lat="36.70524" lon="-118.36676999999997"><ele>3701.4820943980753</ele></trkpt><trkpt lat="36.70523" lon="-118.36669999999998"><ele>3702.7147282566875</ele></trkpt><trkpt lat="36.70523" lon="-118.36669999999998"><ele>3702.7147282566875</ele></trkpt><trkpt lat="36.70516" lon="-118.3666"><ele>3704.912213644631</ele></trkpt><trkpt lat="36.70507" lon="-118.36658999999997"><ele>3706.439874497517</ele></trkpt><trkpt lat="36.70493" lon="-118.36651999999998"><ele>3707.3239004442003</ele></trkpt><trkpt lat="36.70495" lon="-118.36660999999998"><ele>3709.4210524440277</ele></trkpt><trkpt lat="36.705" lon="-118.36664000000002"><ele>3709.6623112550005</ele></trkpt><trkpt lat="36.70502" lon="-118.36669999999998"><ele>3709.9609181545675</ele></trkpt><trkpt lat="36.70502" lon="-118.36669999999998"><ele>3709.9609181545675</ele></trkpt><trkpt lat="36.70499" lon="-118.36685"><ele>3710.8306036545864</ele></trkpt><trkpt lat="36.70477" lon="-118.36723999999998"><ele>3716.3529478616547</ele></trkpt><trkpt lat="36.70463" lon="-118.36732"><ele>3719.3410812388843</ele></trkpt><trkpt lat="36.70454" lon="-118.36741999999998"><ele>3719.590370310752</ele></trkpt><trkpt lat="36.7044" lon="-118.36750999999998"><ele>3722.5807423795027</ele></trkpt><trkpt lat="36.70393" lon="-118.36793"><ele>3726.461720285006</ele></trkpt><trkpt lat="36.70375" lon="-118.36802"><ele>3728.560862180878</ele></trkpt><trkpt lat="36.70369" lon="-118.36806000000001"><ele>3729.4078716938384</ele></trkpt><trkpt lat="36.70366" lon="-118.36815000000001"><ele>3730.1492483427</ele></trkpt><trkpt lat="36.70366" lon="-118.36815000000001"><ele>3730.1492483427</ele></trkpt><trkpt lat="36.7036" lon="-118.36828000000003"><ele>3731.334872889798</ele></trkpt><trkpt lat="36.7034" lon="-118.36824999999999"><ele>3731.3927371417267</ele></trkpt><trkpt lat="36.70323" lon="-118.36838999999998"><ele>3731.9872234648255</ele></trkpt><trkpt lat="36.70303" lon="-118.36838"><ele>3733.1334890921135</ele></trkpt><trkpt lat="36.70289" lon="-118.36849000000001"><ele>3731.771772444248</ele></trkpt><trkpt lat="36.70274" lon="-118.36847"><ele>3733.475612443872</ele></trkpt><trkpt lat="36.70251" lon="-118.36863"><ele>3735.3761384948307</ele></trkpt><trkpt lat="36.70243" lon="-118.36874999999998"><ele>3735.0</ele></trkpt><trkpt lat="36.70252" lon="-118.36888999999996"><ele>3735.1698976764455</ele></trkpt><trkpt lat="36.70251" lon="-118.36901"><ele>3735.8232602532953</ele></trkpt><trkpt lat="36.70265" lon="-118.36912999999998"><ele>3738.439888041932</ele></trkpt><trkpt lat="36.70275" lon="-118.3691"><ele>3738.884515556041</ele></trkpt><trkpt lat="36.70284" lon="-118.36914000000002"><ele>3741.682316884351</ele></trkpt><trkpt lat="36.70311" lon="-118.36905000000002"><ele>3745.0809170668945</ele></trkpt><trkpt lat="36.70366" lon="-118.36899"><ele>3755.0870434118633</ele></trkpt><trkpt lat="36.70366" lon="-118.36899"><ele>3755.0870434118633</ele></trkpt><trkpt lat="36.70442" lon="-118.36915999999997"><ele>3765.176126309454</ele></trkpt><trkpt lat="36.70456" lon="-118.36928999999998"><ele>3766.9126893919984</ele></trkpt><trkpt lat="36.70459" lon="-118.36941999999999"><ele>3768.9452113405605</ele></trkpt><trkpt lat="36.70458" lon="-118.36948000000001"><ele>3768.9255562913213</ele></trkpt><trkpt lat="36.70452" lon="-118.36950000000002"><ele>3770.4931225152686</ele></trkpt><trkpt lat="36.70445" lon="-118.36941999999999"><ele>3771.9521946666555</ele></trkpt><trkpt lat="36.70436" lon="-118.36939999999998"><ele>3773.5141105286857</ele></trkpt><trkpt lat="36.70427" lon="-118.36954000000003"><ele>3775.8326363093397</ele></trkpt><trkpt lat="36.70427" lon="-118.36959000000002"><ele>3775.552071441716</ele></trkpt><trkpt lat="36.70414" lon="-118.36948000000001"><ele>3779.537534601055</ele></trkpt><trkpt lat="36.7041" lon="-118.36948000000001"><ele>3780.0</ele></trkpt><trkpt lat="36.70407" lon="-118.36955999999998"><ele>3781.4109909420367</ele></trkpt><trkpt lat="36.70398" lon="-118.36966000000001"><ele>3783.1877970369533</ele></trkpt><trkpt lat="36.70393" lon="-118.36964999999998"><ele>3784.641002062708</ele></trkpt><trkpt lat="36.70388" lon="-118.36968000000002"><ele>3786.094206144102</ele></trkpt><trkpt lat="36.7038" lon="-118.36959999999999"><ele>3787.512432928197</ele></trkpt><trkpt lat="36.70373" lon="-118.36977000000002"><ele>3790.3994233789854</ele></trkpt><trkpt lat="36.70368" lon="-118.36981000000003"><ele>3791.8152853572083</ele></trkpt><trkpt lat="36.70366" lon="-118.3698"><ele>3792.488292867318</ele></trkpt><trkpt lat="36.70366" lon="-118.3698"><ele>3792.488292867318</ele></trkpt><trkpt lat="36.70356" lon="-118.36973"><ele>3795.048279166792</ele></trkpt><trkpt lat="36.70348" lon="-118.36993000000001"><ele>3798.7198047535494</ele></trkpt><trkpt lat="36.70341" lon="-118.36987999999997"><ele>3800.754278291017</ele></trkpt><trkpt lat="36.70331" lon="-118.36998"><ele>3803.6606658427045</ele></trkpt><trkpt lat="36.70316" lon="-118.37000999999998"><ele>3807.0130911761407</ele></trkpt><trkpt lat="36.70307" lon="-118.37007"><ele>3808.635980539024</ele></trkpt><trkpt lat="36.70279" lon="-118.37014999999997"><ele>3814.6828512656502</ele></trkpt><trkpt lat="36.70272" lon="-118.37027999999998"><ele>3817.7465260929894</ele></trkpt><trkpt lat="36.70271" lon="-118.37040999999999"><ele>3818.098911743611</ele></trkpt><trkpt lat="36.70266" lon="-118.37047999999999"><ele>3818.6853922133914</ele></trkpt><trkpt lat="36.70256" lon="-118.37053000000003"><ele>3820.6947790586855</ele></trkpt><trkpt lat="36.70233" lon="-118.37056999999999"><ele>3825.4037947849497</ele></trkpt><trkpt lat="36.7021" lon="-118.37067000000002"><ele>3828.9955346695288</ele></trkpt><trkpt lat="36.70179" lon="-118.37099"><ele>3832.837291067466</ele></trkpt><trkpt lat="36.70167" lon="-118.37117"><ele>3834.648128389381</ele></trkpt><trkpt lat="36.70153" lon="-118.37122999999997"><ele>3838.984090529957</ele></trkpt><trkpt lat="36.70148" lon="-118.37131"><ele>3839.856231463883</ele></trkpt><trkpt lat="36.70138" lon="-118.3714"><ele>3842.018302771693</ele></trkpt><trkpt lat="36.70123" lon="-118.37149"><ele>3844.266588444356</ele></trkpt><trkpt lat="36.70115" lon="-118.37151"><ele>3844.9363217343334</ele></trkpt><trkpt lat="36.70041" lon="-118.37220000000002"><ele>3857.7152568196448</ele></trkpt><trkpt lat="36.70011" lon="-118.37263000000002"><ele>3865.731368116569</ele></trkpt><trkpt lat="36.70003" lon="-118.37268"><ele>3867.724608000368</ele></trkpt><trkpt lat="36.69974" lon="-118.37272000000002"><ele>3870.5887431115843</ele></trkpt><trkpt lat="36.69987" lon="-118.37284999999997"><ele>3873.759747904739</ele></trkpt><trkpt lat="36.70013" lon="-118.37290999999999"><ele>3877.3615669016726</ele></trkpt><trkpt lat="36.69999" lon="-118.37308000000002"><ele>3883.3384049765523</ele></trkpt><trkpt lat="36.69991" lon="-118.37315000000001"><ele>3885.6281955563463</ele></trkpt><trkpt lat="36.69966" lon="-118.37320999999997"><ele>3890.4243982210755</ele></trkpt><trkpt lat="36.69939" lon="-118.37317999999999"><ele>3893.814920052001</ele></trkpt><trkpt lat="36.69929" lon="-118.37314000000003"><ele>3895.0753950204235</ele></trkpt><trkpt lat="36.69896" lon="-118.37296000000003"><ele>3899.4196005667295</ele></trkpt><trkpt lat="36.6985" lon="-118.37257999999997"><ele>3904.985577193089</ele></trkpt><trkpt lat="36.69844" lon="-118.37260000000003"><ele>3906.393605300604</ele></trkpt><trkpt lat="36.69828" lon="-118.37256000000002"><ele>3908.979283949826</ele></trkpt><trkpt lat="36.69824" lon="-118.37252999999998"><ele>3908.743660503067</ele></trkpt><trkpt lat="36.69813" lon="-118.37256000000002"><ele>3911.1458440161505</ele></trkpt><trkpt lat="36.69804" lon="-118.37254999999999"><ele>3910.666168888565</ele></trkpt><trkpt lat="36.69771" lon="-118.37257999999997"><ele>3913.3392184667846</ele></trkpt><trkpt lat="36.6975" lon="-118.37266999999997"><ele>3915.934308233027</ele></trkpt><trkpt lat="36.69737" lon="-118.37266"><ele>3915.792540444061</ele></trkpt><trkpt lat="36.69712" lon="-118.37260000000003"><ele>3916.556863364298</ele></trkpt><trkpt lat="36.69685" lon="-118.37243000000001"><ele>3918.0368817781564</ele></trkpt><trkpt lat="36.69679" lon="-118.37245000000001"><ele>3919.577837024829</ele></trkpt><trkpt lat="36.69631" lon="-118.37236999999999"><ele>3926.638780444395</ele></trkpt><trkpt lat="36.69604" lon="-118.37225000000001"><ele>3927.7961614809124</ele></trkpt><trkpt lat="36.69584" lon="-118.3725"><ele>3933.5057598985204</ele></trkpt><trkpt lat="36.69571" lon="-118.37256000000002"><ele>3936.035367955755</ele></trkpt><trkpt lat="36.6956" lon="-118.3725"><ele>3937.4888173379245</ele></trkpt><trkpt lat="36.69538" lon="-118.37243999999998"><ele>3940.395059166942</ele></trkpt><trkpt lat="36.69537" lon="-118.37245000000001"><ele>3940.9186846227385</ele></trkpt><trkpt lat="36.6954" lon="-118.37257"><ele>3942.84306147648</ele></trkpt><trkpt lat="36.69527" lon="-118.37252000000001"><ele>3945.177172904867</ele></trkpt><trkpt lat="36.69531" lon="-118.37265000000002"><ele>3947.348698795962</ele></trkpt><trkpt lat="36.69537" lon="-118.37272999999999"><ele>3947.4545447787023</ele></trkpt><trkpt lat="36.69521" lon="-118.37263000000002"><ele>3950.762720539933</ele></trkpt><trkpt lat="36.69519" lon="-118.37266999999997"><ele>3952.6829744469565</ele></trkpt><trkpt lat="36.69529" lon="-118.37288999999998"><ele>3956.055963092792</ele></trkpt><trkpt lat="36.69507" lon="-118.37275999999997"><ele>3958.9944560576696</ele></trkpt><trkpt lat="36.69508" lon="-118.37284"><ele>3961.4339752651285</ele></trkpt><trkpt lat="36.69518" lon="-118.37306999999998"><ele>3964.993727784409</ele></trkpt><trkpt lat="36.69516" lon="-118.37308000000002"><ele>3966.3081573002037</ele></trkpt><trkpt lat="36.69503" lon="-118.37296000000003"><ele>3967.1371188295716</ele></trkpt><trkpt lat="36.69501" lon="-118.37297000000001"><ele>3967.9069652662974</ele></trkpt><trkpt lat="36.6951" lon="-118.37323000000004"><ele>3972.856056101983</ele></trkpt><trkpt lat="36.6951" lon="-118.37333999999998"><ele>3975.503604730824</ele></trkpt><trkpt lat="36.69506" lon="-118.37329"><ele>3975.500950090587</ele></trkpt><trkpt lat="36.69494" lon="-118.37324000000001"><ele>3978.7350530838594</ele></trkpt><trkpt lat="36.69484" lon="-118.37313"><ele>3980.1660329813603</ele></trkpt><trkpt lat="36.69481" lon="-118.37313"><ele>3981.7276408860926</ele></trkpt><trkpt lat="36.69492" lon="-118.37342000000001"><ele>3985.598669199506</ele></trkpt><trkpt lat="36.69485" lon="-118.3734"><ele>3987.3337648394518</ele></trkpt><trkpt lat="36.6947" lon="-118.37323000000004"><ele>3989.451146673644</ele></trkpt><trkpt lat="36.69467" lon="-118.37323000000004"><ele>3990.436507656472</ele></trkpt><trkpt lat="36.69473" lon="-118.37342999999998"><ele>3993.019594905196</ele></trkpt><trkpt lat="36.69469" lon="-118.37344999999999"><ele>3994.9816673318855</ele></trkpt><trkpt lat="36.69461" lon="-118.37333999999998"><ele>3996.245237655239</ele></trkpt><trkpt lat="36.69458" lon="-118.37337000000002"><ele>3998.6879220288247</ele></trkpt><trkpt lat="36.69459" lon="-118.37347"><ele>4000.685022321661</ele></trkpt><trkpt lat="36.69452" lon="-118.37338"><ele>4003.2347180675715</ele></trkpt><trkpt lat="36.69452" lon="-118.37353000000002"><ele>4004.590256927738</ele></trkpt><trkpt lat="36.69451" lon="-118.37356999999997"><ele>4006.3944569830783</ele></trkpt><trkpt lat="36.69447" lon="-118.37358999999998"><ele>4006.5920123771193</ele></trkpt><trkpt lat="36.69447" lon="-118.37358999999998"><ele>4006.5920123771193</ele></trkpt><trkpt lat="36.69445" lon="-118.37365"><ele>4008.5562104240594</ele></trkpt><trkpt lat="36.69439" lon="-118.37367"><ele>4004.3070924655444</ele></trkpt><trkpt lat="36.69432" lon="-118.37378000000001"><ele>4001.7297936095183</ele></trkpt><trkpt lat="36.69426" lon="-118.37383999999997"><ele>4000.8025666368394</ele></trkpt><trkpt lat="36.69429" lon="-118.37376"><ele>3998.4593023765856</ele></trkpt><trkpt lat="36.69423" lon="-118.37380999999999"><ele>3996.908340062727</ele></trkpt><trkpt lat="36.69422" lon="-118.37378000000001"><ele>3994.9857348631876</ele></trkpt><trkpt lat="36.69427" lon="-118.37371000000002"><ele>3994.9611259507947</ele></trkpt><trkpt lat="36.69419" lon="-118.37376999999998"><ele>3992.661804354659</ele></trkpt><trkpt lat="36.69428" lon="-118.37358999999998"><ele>3988.0229114072754</ele></trkpt><trkpt lat="36.69429" lon="-118.37346000000002"><ele>3984.5887083981647</ele></trkpt><trkpt lat="36.69426" lon="-118.37342999999998"><ele>3983.7360662199185</ele></trkpt><trkpt lat="36.69413" lon="-118.37338999999997"><ele>3980.9629366745326</ele></trkpt><trkpt lat="36.69367" lon="-118.37290999999999"><ele>3982.140955737559</ele></trkpt><trkpt lat="36.69342" lon="-118.37268"><ele>3977.1734641043486</ele></trkpt><trkpt lat="36.69351" lon="-118.37288000000001"><ele>3972.495464636013</ele></trkpt><trkpt lat="36.69339" lon="-118.37272999999999"><ele>3971.0786616215482</ele></trkpt><trkpt lat="36.69328" lon="-118.37269000000003"><ele>3968.1623267252</ele></trkpt><trkpt lat="36.69284" lon="-118.37212"><ele>3961.5577181256376</ele></trkpt><trkpt lat="36.69301" lon="-118.37254999999999"><ele>3952.34077480761</ele></trkpt><trkpt lat="36.69296" lon="-118.37252000000001"><ele>3950.0493774274214</ele></trkpt><trkpt lat="36.69287" lon="-118.37236999999999"><ele>3948.816759919282</ele></trkpt><trkpt lat="36.69265" lon="-118.37212999999997"><ele>3941.9874583915807</ele></trkpt><trkpt lat="36.69286" lon="-118.37261000000001"><ele>3930.591795134358</ele></trkpt><trkpt lat="36.69225" lon="-118.37196"><ele>3922.746027885005</ele></trkpt><trkpt lat="36.69196" lon="-118.37167999999997"><ele>3916.071418939154</ele></trkpt><trkpt lat="36.69174" lon="-118.37152000000003"><ele>3911.526947319042</ele></trkpt><trkpt lat="36.69201" lon="-118.37225000000001"><ele>3898.2475897159075</ele></trkpt><trkpt lat="36.6921" lon="-118.37239"><ele>3896.4060368124838</ele></trkpt><trkpt lat="36.69218" lon="-118.37263000000002"><ele>3892.1490882161165</ele></trkpt><trkpt lat="36.69215" lon="-118.37265000000002"><ele>3890.8469848947134</ele></trkpt><trkpt lat="36.69199" lon="-118.37247000000002"><ele>3887.7723034019177</ele></trkpt><trkpt lat="36.6917" lon="-118.37227999999999"><ele>3882.3557600597405</ele></trkpt><trkpt lat="36.69145" lon="-118.37200999999999"><ele>3879.251150602073</ele></trkpt><trkpt lat="36.69139" lon="-118.37200999999999"><ele>3877.387215085935</ele></trkpt><trkpt lat="36.69136" lon="-118.37207000000001"><ele>3875.386241874669</ele></trkpt><trkpt lat="36.69144" lon="-118.37224000000003"><ele>3872.5380214783595</ele></trkpt><trkpt lat="36.6914" lon="-118.37225999999998"><ele>3871.0644269357435</ele></trkpt><trkpt lat="36.69116" lon="-118.37211000000002"><ele>3868.5597426979048</ele></trkpt><trkpt lat="36.69114" lon="-118.37212999999997"><ele>3867.5832051264947</ele></trkpt><trkpt lat="36.69122" lon="-118.37234999999998"><ele>3862.63944529742</ele></trkpt><trkpt lat="36.69133" lon="-118.37245000000001"><ele>3861.6785468426533</ele></trkpt><trkpt lat="36.69136" lon="-118.37252000000001"><ele>3860.05324240122</ele></trkpt><trkpt lat="36.69138" lon="-118.37266"><ele>3859.017453096529</ele></trkpt><trkpt lat="36.69138" lon="-118.37274000000002"><ele>3857.3740239259787</ele></trkpt><trkpt lat="36.69135" lon="-118.37277"><ele>3855.7935698715587</ele></trkpt><trkpt lat="36.69128" lon="-118.37275"><ele>3853.235074260272</ele></trkpt><trkpt lat="36.69118" lon="-118.37261000000001"><ele>3852.454969066469</ele></trkpt><trkpt lat="36.69111" lon="-118.37259"><ele>3850.0232674344443</ele></trkpt><trkpt lat="36.6911" lon="-118.37266"><ele>3848.59938379284</ele></trkpt><trkpt lat="36.69114" lon="-118.37308000000002"><ele>3841.754843431496</ele></trkpt><trkpt lat="36.69123" lon="-118.37338999999997"><ele>3838.2989981953187</ele></trkpt><trkpt lat="36.69098" lon="-118.37324000000001"><ele>3834.0009514757458</ele></trkpt><trkpt lat="36.691" lon="-118.37326999999999"><ele>3833.750939325748</ele></trkpt><trkpt lat="36.69101" lon="-118.37342000000001"><ele>3830.789345983804</ele></trkpt><trkpt lat="36.69109" lon="-118.37358"><ele>3829.3734106170014</ele></trkpt><trkpt lat="36.69111" lon="-118.37365999999997"><ele>3828.0904603239615</ele></trkpt><trkpt lat="36.69127" lon="-118.37376999999998"><ele>3825.7388551114127</ele></trkpt><trkpt lat="36.69126" lon="-118.37380000000002"><ele>3825.039804443717</ele></trkpt><trkpt lat="36.69117" lon="-118.37380000000002"><ele>3823.5717792361975</ele></trkpt><trkpt lat="36.69107" lon="-118.37371999999999"><ele>3822.5659113152437</ele></trkpt><trkpt lat="36.69095" lon="-118.37369000000001"><ele>3820.7419353544246</ele></trkpt><trkpt lat="36.69097" lon="-118.37378999999999"><ele>3819.1964665245123</ele></trkpt><trkpt lat="36.69108" lon="-118.37396999999999"><ele>3817.078517333837</ele></trkpt><trkpt lat="36.69117" lon="-118.37403999999998"><ele>3816.1534293688183</ele></trkpt><trkpt lat="36.69116" lon="-118.37407999999999"><ele>3815.390939723014</ele></trkpt><trkpt lat="36.69103" lon="-118.37409000000002"><ele>3814.1309039677976</ele></trkpt><trkpt lat="36.69093" lon="-118.37407000000002"><ele>3812.8887099995945</ele></trkpt><trkpt lat="36.69087" lon="-118.37421"><ele>3811.0</ele></trkpt><trkpt lat="36.69087" lon="-118.3743"><ele>3811.0722642529245</ele></trkpt><trkpt lat="36.69083" lon="-118.37434000000002"><ele>3811.0</ele></trkpt><trkpt lat="36.69061" lon="-118.37439"><ele>3809.783724855505</ele></trkpt><trkpt lat="36.6905" lon="-118.37448"><ele>3810.0</ele></trkpt><trkpt lat="36.69041" lon="-118.37448999999998"><ele>3809.038360888604</ele></trkpt><trkpt lat="36.69026" lon="-118.37464999999997"><ele>3809.7666311105713</ele></trkpt><trkpt lat="36.69021" lon="-118.37463000000002"><ele>3809.300597334048</ele></trkpt><trkpt lat="36.68984" lon="-118.37489"><ele>3808.6762392277997</ele></trkpt><trkpt lat="36.68965" lon="-118.37522000000001"><ele>3809.017606743326</ele></trkpt><trkpt lat="36.68944" lon="-118.37543"><ele>3809.0</ele></trkpt><trkpt lat="36.68929" lon="-118.37563999999998"><ele>3808.0</ele></trkpt><trkpt lat="36.68923" lon="-118.37567000000001"><ele>3808.0</ele></trkpt><trkpt lat="36.689226433927004" lon="-118.37567911329768"><ele>3808.0</ele></trkpt><trkpt lat="36.68922999999999" lon="-118.37567000000001"><ele>3808.0</ele></trkpt><trkpt lat="36.68914" lon="-118.3759"><ele>3808.0</ele></trkpt><trkpt lat="36.68903" lon="-118.37599"><ele>3808.0</ele></trkpt><trkpt lat="36.68863" lon="-118.37612999999999"><ele>3806.792859439253</ele></trkpt><trkpt lat="36.68843" lon="-118.37615"><ele>3804.7191644443665</ele></trkpt><trkpt lat="36.68835" lon="-118.37612000000001"><ele>3803.0201137780678</ele></trkpt><trkpt lat="36.6883" lon="-118.37608"><ele>3802.209731864898</ele></trkpt><trkpt lat="36.68831" lon="-118.37603999999999"><ele>3802.066137426736</ele></trkpt><trkpt lat="36.68842" lon="-118.37576999999999"><ele>3801.484941320494</ele></trkpt><trkpt lat="36.68841" lon="-118.37571000000003"><ele>3800.1538427299097</ele></trkpt><trkpt lat="36.68836" lon="-118.37572"><ele>3799.9630085537406</ele></trkpt><trkpt lat="36.68813" lon="-118.37581999999998"><ele>3797.1935483952984</ele></trkpt><trkpt lat="36.68799" lon="-118.37598000000003"><ele>3795.8832928396296</ele></trkpt><trkpt lat="36.68761" lon="-118.37596000000002"><ele>3788.0833778539672</ele></trkpt><trkpt lat="36.68742" lon="-118.37610999999998"><ele>3786.3494763765484</ele></trkpt><trkpt lat="36.68716" lon="-118.37612000000001"><ele>3781.02746497537</ele></trkpt><trkpt lat="36.68706" lon="-118.37619000000001"><ele>3780.1677286580425</ele></trkpt><trkpt lat="36.6869" lon="-118.37617999999998"><ele>3777.452348448336</ele></trkpt><trkpt lat="36.68641" lon="-118.37648000000002"><ele>3773.2141434662044</ele></trkpt><trkpt lat="36.68611" lon="-118.37661000000003"><ele>3769.496919882484</ele></trkpt><trkpt lat="36.68604" lon="-118.37669"><ele>3769.1398329801095</ele></trkpt><trkpt lat="36.68604" lon="-118.37669"><ele>3769.1398329801095</ele></trkpt><trkpt lat="36.68589" lon="-118.37687"><ele>3768.1043108645827</ele></trkpt><trkpt lat="36.68552" lon="-118.37709999999998"><ele>3764.3531460305676</ele></trkpt><trkpt lat="36.68524" lon="-118.37723"><ele>3761.217163780704</ele></trkpt><trkpt lat="36.68463" lon="-118.37765000000002"><ele>3754.1616717270604</ele></trkpt><trkpt lat="36.68453" lon="-118.37774999999999"><ele>3753.5856748344836</ele></trkpt><trkpt lat="36.68424" lon="-118.37790000000001"><ele>3752.0</ele></trkpt><trkpt lat="36.68396" lon="-118.37799000000001"><ele>3750.4202753389523</ele></trkpt><trkpt lat="36.68383" lon="-118.37806999999998"><ele>3749.1132870040024</ele></trkpt><trkpt lat="36.68353" lon="-118.37819000000002"><ele>3747.0</ele></trkpt><trkpt lat="36.68281" lon="-118.37862999999999"><ele>3742.60970462393</ele></trkpt><trkpt lat="36.68211" lon="-118.37882000000002"><ele>3739.0</ele></trkpt><trkpt lat="36.68133" lon="-118.37894"><ele>3738.0</ele></trkpt><trkpt lat="36.68109" lon="-118.37877000000003"><ele>3738.0</ele></trkpt><trkpt lat="36.6809" lon="-118.37877000000003"><ele>3739.0</ele></trkpt><trkpt lat="36.68074" lon="-118.37880999999999"><ele>3739.0</ele></trkpt><trkpt lat="36.68047" lon="-118.37895000000003"><ele>3738.0</ele></trkpt><trkpt lat="36.6802" lon="-118.37900000000002"><ele>3737.0998994699135</ele></trkpt><trkpt lat="36.68009" lon="-118.37905"><ele>3737.0</ele></trkpt><trkpt lat="36.67979" lon="-118.37941999999998"><ele>3734.8619793765247</ele></trkpt><trkpt lat="36.67951" lon="-118.37959999999998"><ele>3730.836594310589</ele></trkpt><trkpt lat="36.67938" lon="-118.37973"><ele>3728.9565080390425</ele></trkpt><trkpt lat="36.67933" lon="-118.37972000000002"><ele>3728.0</ele></trkpt><trkpt lat="36.67928" lon="-118.37966"><ele>3727.5297338787886</ele></trkpt><trkpt lat="36.67925" lon="-118.37955"><ele>3726.1628563981785</ele></trkpt><trkpt lat="36.67923" lon="-118.37936000000002"><ele>3724.5912566343322</ele></trkpt><trkpt lat="36.67919" lon="-118.3793"><ele>3723.8068665755936</ele></trkpt><trkpt lat="36.67915" lon="-118.37932999999998"><ele>3723.0</ele></trkpt><trkpt lat="36.67909" lon="-118.37940000000003"><ele>3721.523594456725</ele></trkpt><trkpt lat="36.67894" lon="-118.37946999999997"><ele>3719.1653931941837</ele></trkpt><trkpt lat="36.67885" lon="-118.37961000000001"><ele>3717.0</ele></trkpt><trkpt lat="36.67883" lon="-118.37988999999999"><ele>3715.9734414965155</ele></trkpt><trkpt lat="36.67875" lon="-118.38018"><ele>3712.423163246566</ele></trkpt><trkpt lat="36.67876" lon="-118.38036999999997"><ele>3711.81883423822</ele></trkpt><trkpt lat="36.67872" lon="-118.38058000000001"><ele>3707.8277338251937</ele></trkpt><trkpt lat="36.67872" lon="-118.38067999999998"><ele>3707.497564936755</ele></trkpt><trkpt lat="36.67864" lon="-118.38098000000002"><ele>3705.449016164057</ele></trkpt><trkpt lat="36.67855" lon="-118.38108999999997"><ele>3703.834109683521</ele></trkpt><trkpt lat="36.67803" lon="-118.38137"><ele>3697.0</ele></trkpt><trkpt lat="36.67778" lon="-118.38177999999999"><ele>3691.042678859503</ele></trkpt><trkpt lat="36.67778" lon="-118.38193000000001"><ele>3690.276001572388</ele></trkpt><trkpt lat="36.67772" lon="-118.38198999999997"><ele>3688.774915443336</ele></trkpt><trkpt lat="36.67726" lon="-118.38186000000002"><ele>3682.354119629599</ele></trkpt><trkpt lat="36.67713" lon="-118.38177000000002"><ele>3680.7146888056704</ele></trkpt><trkpt lat="36.67696" lon="-118.38173999999998"><ele>3678.0155621618137</ele></trkpt><trkpt lat="36.67681" lon="-118.38189"><ele>3675.660912238333</ele></trkpt><trkpt lat="36.67675" lon="-118.38186999999999"><ele>3674.5366224925965</ele></trkpt><trkpt lat="36.67664" lon="-118.38195000000002"><ele>3673.0</ele></trkpt><trkpt lat="36.67656" lon="-118.38195999999999"><ele>3671.899695896676</ele></trkpt><trkpt lat="36.67643" lon="-118.38193000000001"><ele>3670.0</ele></trkpt><trkpt lat="36.67637" lon="-118.38195999999999"><ele>3669.0</ele></trkpt><trkpt lat="36.67628" lon="-118.38193999999999"><ele>3667.9568115540915</ele></trkpt><trkpt lat="36.67603" lon="-118.38211000000001"><ele>3664.617970225401</ele></trkpt><trkpt lat="36.67589" lon="-118.38216"><ele>3662.6573222072925</ele></trkpt><trkpt lat="36.67576" lon="-118.38216"><ele>3661.0</ele></trkpt><trkpt lat="36.67561" lon="-118.38220999999999"><ele>3659.4155134754255</ele></trkpt><trkpt lat="36.67552" lon="-118.38218999999998"><ele>3658.8007099824026</ele></trkpt><trkpt lat="36.67511" lon="-118.38231000000002"><ele>3654.0</ele></trkpt><trkpt lat="36.67487" lon="-118.38233000000002"><ele>3652.0</ele></trkpt><trkpt lat="36.67474" lon="-118.38238000000001"><ele>3652.0</ele></trkpt><trkpt lat="36.67449" lon="-118.38243"><ele>3651.0</ele></trkpt><trkpt lat="36.67433" lon="-118.38242000000002"><ele>3649.186708937249</ele></trkpt><trkpt lat="36.67413" lon="-118.38252"><ele>3649.1509226667695</ele></trkpt><trkpt lat="36.67358" lon="-118.38240000000002"><ele>3646.0</ele></trkpt><trkpt lat="36.67344" lon="-118.38229000000001"><ele>3644.2933015008985</ele></trkpt><trkpt lat="36.67322" lon="-118.38229000000001"><ele>3643.0</ele></trkpt><trkpt lat="36.67297" lon="-118.38245999999998"><ele>3641.0</ele></trkpt><trkpt lat="36.67282" lon="-118.38263999999998"><ele>3639.0</ele></trkpt><trkpt lat="36.6727" lon="-118.38261999999997"><ele>3638.518908445025</ele></trkpt><trkpt lat="36.67245" lon="-118.38265000000001"><ele>3638.0</ele></trkpt><trkpt lat="36.67231" lon="-118.38277"><ele>3637.0</ele></trkpt><trkpt lat="36.67208" lon="-118.38288"><ele>3634.0</ele></trkpt><trkpt lat="36.67179" lon="-118.38283000000001"><ele>3631.0</ele></trkpt><trkpt lat="36.67179" lon="-118.38292000000001"><ele>3631.0</ele></trkpt><trkpt lat="36.67175" lon="-118.38297"><ele>3631.0</ele></trkpt><trkpt lat="36.67158" lon="-118.38301999999999"><ele>3631.0</ele></trkpt><trkpt lat="36.67148" lon="-118.38339000000002"><ele>3631.0</ele></trkpt><trkpt lat="36.67149" lon="-118.38359000000003"><ele>3631.0</ele></trkpt><trkpt lat="36.67141" lon="-118.38378"><ele>3631.309385217342</ele></trkpt><trkpt lat="36.6714" lon="-118.38387"><ele>3632.0</ele></trkpt><trkpt lat="36.67119" lon="-118.38394"><ele>3632.241771734293</ele></trkpt><trkpt lat="36.67059" lon="-118.38375000000002"><ele>3627.8120000006165</ele></trkpt><trkpt lat="36.67054" lon="-118.38368000000003"><ele>3627.1592332078408</ele></trkpt><trkpt lat="36.67037" lon="-118.38353000000001"><ele>3627.685628444655</ele></trkpt><trkpt lat="36.67025" lon="-118.38351999999998"><ele>3628.314461706152</ele></trkpt><trkpt lat="36.67012" lon="-118.38339000000002"><ele>3625.505294589326</ele></trkpt><trkpt lat="36.66989" lon="-118.38335000000001"><ele>3624.491324444767</ele></trkpt><trkpt lat="36.66974" lon="-118.38326"><ele>3622.346329564486</ele></trkpt><trkpt lat="36.66947" lon="-118.3829"><ele>3617.034821599722</ele></trkpt><trkpt lat="36.66933" lon="-118.38278000000003"><ele>3615.202594238108</ele></trkpt><trkpt lat="36.6693" lon="-118.38278000000003"><ele>3615.020129089803</ele></trkpt><trkpt lat="36.66909" lon="-118.38287000000003"><ele>3610.996839039576</ele></trkpt><trkpt lat="36.66885" lon="-118.38308"><ele>3609.2230986659415</ele></trkpt><trkpt lat="36.66881" lon="-118.38326999999998"><ele>3609.8611970525235</ele></trkpt><trkpt lat="36.66876" lon="-118.38337000000001"><ele>3609.3912306009647</ele></trkpt><trkpt lat="36.66842" lon="-118.38380999999998"><ele>3610.531405294314</ele></trkpt><trkpt lat="36.66842" lon="-118.38380999999998"><ele>3610.531405294314</ele></trkpt><trkpt lat="36.66832" lon="-118.38409999999999"><ele>3610.2323804922044</ele></trkpt><trkpt lat="36.66811" lon="-118.38440000000003"><ele>3608.483812120976</ele></trkpt><trkpt lat="36.66785" lon="-118.38461999999998"><ele>3607.0570514937863</ele></trkpt><trkpt lat="36.66745" lon="-118.38472000000002"><ele>3606.620936473535</ele></trkpt><trkpt lat="36.66728" lon="-118.38486999999998"><ele>3606.2336647831835</ele></trkpt><trkpt lat="36.66697" lon="-118.38482999999997"><ele>3601.377093125626</ele></trkpt><trkpt lat="36.66682" lon="-118.38495"><ele>3601.8248359647114</ele></trkpt><trkpt lat="36.66673" lon="-118.38495999999998"><ele>3601.0030731346706</ele></trkpt><trkpt lat="36.66662" lon="-118.38503000000003"><ele>3599.878964521922</ele></trkpt><trkpt lat="36.66637" lon="-118.38506999999998"><ele>3597.1280936895027</ele></trkpt><trkpt lat="36.66622" lon="-118.38503000000003"><ele>3595.63816177845</ele></trkpt><trkpt lat="36.66596" lon="-118.38504999999998"><ele>3594.172083791811</ele></trkpt><trkpt lat="36.66574" lon="-118.38521000000003"><ele>3594.341884829104</ele></trkpt><trkpt lat="36.66567" lon="-118.38518999999997"><ele>3592.3664319990203</ele></trkpt><trkpt lat="36.66556" lon="-118.38506999999998"><ele>3591.122209263267</ele></trkpt><trkpt lat="36.66512" lon="-118.38486999999998"><ele>3585.2135816586706</ele></trkpt><trkpt lat="36.66471" lon="-118.38459"><ele>3577.094041873612</ele></trkpt><trkpt lat="36.66467" lon="-118.38449000000003"><ele>3576.0</ele></trkpt><trkpt lat="36.66467" lon="-118.38436999999999"><ele>3574.2590471110307</ele></trkpt><trkpt lat="36.6647" lon="-118.38423"><ele>3571.5327873194724</ele></trkpt><trkpt lat="36.66468" lon="-118.38411000000002"><ele>3570.023165675205</ele></trkpt><trkpt lat="36.66466" lon="-118.38407999999998"><ele>3570.0</ele></trkpt><trkpt lat="36.66412" lon="-118.38384000000002"><ele>3565.560941961047</ele></trkpt><trkpt lat="36.66378" lon="-118.38373000000001"><ele>3562.345966222696</ele></trkpt><trkpt lat="36.66345" lon="-118.38351999999998"><ele>3558.5370270328453</ele></trkpt><trkpt lat="36.66327" lon="-118.38353000000001"><ele>3556.6345061458837</ele></trkpt><trkpt lat="36.66318" lon="-118.38357000000002"><ele>3555.1921362466337</ele></trkpt><trkpt lat="36.66296" lon="-118.38351"><ele>3552.2021037211</ele></trkpt><trkpt lat="36.66293" lon="-118.38348000000002"><ele>3551.5439849452773</ele></trkpt><trkpt lat="36.66293" lon="-118.38342999999998"><ele>3550.4043502658606</ele></trkpt><trkpt lat="36.663" lon="-118.38323000000003"><ele>3549.0822937972844</ele></trkpt><trkpt lat="36.66297" lon="-118.38312000000002"><ele>3548.027816740601</ele></trkpt><trkpt lat="36.66292" lon="-118.38308999999998"><ele>3546.862987765685</ele></trkpt><trkpt lat="36.66284" lon="-118.38308"><ele>3545.4345180308446</ele></trkpt><trkpt lat="36.66278" lon="-118.38301000000001"><ele>3544.393350274657</ele></trkpt><trkpt lat="36.6627" lon="-118.38303000000002"><ele>3543.367722157389</ele></trkpt><trkpt lat="36.66222" lon="-118.38335000000001"><ele>3536.0</ele></trkpt><trkpt lat="36.66186" lon="-118.38373000000001"><ele>3530.0</ele></trkpt><trkpt lat="36.66175" lon="-118.38373999999999"><ele>3529.4468607300714</ele></trkpt><trkpt lat="36.66164" lon="-118.38385"><ele>3527.6367151430195</ele></trkpt><trkpt lat="36.66158" lon="-118.38394"><ele>3527.833621462807</ele></trkpt><trkpt lat="36.66153" lon="-118.38409999999999"><ele>3527.717670866895</ele></trkpt><trkpt lat="36.66138" lon="-118.3843"><ele>3525.024010438472</ele></trkpt><trkpt lat="36.66136" lon="-118.38455999999996"><ele>3525.711423042641</ele></trkpt><trkpt lat="36.66124" lon="-118.38486"><ele>3523.6341663678177</ele></trkpt><trkpt lat="36.66107" lon="-118.38506999999998"><ele>3522.5893725131173</ele></trkpt><trkpt lat="36.66087" lon="-118.38522999999998"><ele>3521.5080701995175</ele></trkpt><trkpt lat="36.6603" lon="-118.38542999999999"><ele>3514.6112090637907</ele></trkpt><trkpt lat="36.65936" lon="-118.38612"><ele>3505.3477851804346</ele></trkpt><trkpt lat="36.65928" lon="-118.38620000000003"><ele>3504.9035110625173</ele></trkpt><trkpt lat="36.65913" lon="-118.38626"><ele>3502.199570485364</ele></trkpt><trkpt lat="36.65903" lon="-118.38626"><ele>3501.0614506360143</ele></trkpt><trkpt lat="36.65895" lon="-118.38634000000002"><ele>3500.601816503331</ele></trkpt><trkpt lat="36.65885" lon="-118.38650000000001"><ele>3499.425378566142</ele></trkpt><trkpt lat="36.6584" lon="-118.38684"><ele>3494.462594099343</ele></trkpt><trkpt lat="36.65831" lon="-118.38695999999999"><ele>3493.848375264555</ele></trkpt><trkpt lat="36.65828" lon="-118.38706000000002"><ele>3493.9189281139475</ele></trkpt><trkpt lat="36.65789" lon="-118.38729000000001"><ele>3489.948706439929</ele></trkpt><trkpt lat="36.65776" lon="-118.38740000000001"><ele>3489.7358243395574</ele></trkpt><trkpt lat="36.6575" lon="-118.38751000000002"><ele>3485.746893490432</ele></trkpt><trkpt lat="36.65729" lon="-118.38765000000001"><ele>3483.909362047678</ele></trkpt><trkpt lat="36.6571" lon="-118.38781"><ele>3482.2926135704306</ele></trkpt><trkpt lat="36.65696" lon="-118.38797999999997"><ele>3481.0136034588795</ele></trkpt><trkpt lat="36.65673" lon="-118.38815"><ele>3478.294240135001</ele></trkpt><trkpt lat="36.65642" lon="-118.38846999999998"><ele>3475.989897667495</ele></trkpt><trkpt lat="36.65625" lon="-118.38846999999998"><ele>3474.0100661060283</ele></trkpt><trkpt lat="36.65617" lon="-118.38842999999997"><ele>3472.5951961465425</ele></trkpt><trkpt lat="36.65583" lon="-118.38842999999997"><ele>3468.5665389343994</ele></trkpt><trkpt lat="36.65559" lon="-118.38855000000001"><ele>3465.9464037553203</ele></trkpt><trkpt lat="36.65546" lon="-118.38857999999999"><ele>3464.0663594445214</ele></trkpt><trkpt lat="36.65531" lon="-118.38866999999999"><ele>3462.8420557562627</ele></trkpt><trkpt lat="36.65531" lon="-118.38866999999999"><ele>3462.8420557562627</ele></trkpt><trkpt lat="36.65517" lon="-118.38875000000002"><ele>3462.206077190268</ele></trkpt><trkpt lat="36.65498" lon="-118.38878"><ele>3460.0194951111916</ele></trkpt><trkpt lat="36.65465" lon="-118.38905"><ele>3457.682622964631</ele></trkpt><trkpt lat="36.65437" lon="-118.38916"><ele>3456.280816170154</ele></trkpt><trkpt lat="36.65408" lon="-118.38932999999997"><ele>3453.9972906031785</ele></trkpt><trkpt lat="36.65356" lon="-118.38954000000001"><ele>3448.6962460136497</ele></trkpt><trkpt lat="36.65326" lon="-118.38968999999997"><ele>3447.0373121162293</ele></trkpt><trkpt lat="36.65311" lon="-118.38983999999999"><ele>3446.529094658559</ele></trkpt><trkpt lat="36.65278" lon="-118.38997"><ele>3443.1684239112865</ele></trkpt><trkpt lat="36.65253" lon="-118.38997999999998"><ele>3440.9808534641156</ele></trkpt><trkpt lat="36.6523" lon="-118.39013999999997"><ele>3439.201273093535</ele></trkpt><trkpt lat="36.65187" lon="-118.39030000000002"><ele>3437.2324889630545</ele></trkpt><trkpt lat="36.6516" lon="-118.39035000000001"><ele>3433.6031466668937</ele></trkpt><trkpt lat="36.65151" lon="-118.39033"><ele>3432.4755694463383</ele></trkpt><trkpt lat="36.65131" lon="-118.39040999999997"><ele>3430.5308533536736</ele></trkpt><trkpt lat="36.65115" lon="-118.39035000000001"><ele>3427.6031466668937</ele></trkpt><trkpt lat="36.65096" lon="-118.39042999999998"><ele>3425.661272211539</ele></trkpt><trkpt lat="36.65079" lon="-118.39039000000002"><ele>3423.4266628352925</ele></trkpt><trkpt lat="36.65079" lon="-118.39039000000002"><ele>3423.4266628352925</ele></trkpt><trkpt lat="36.65069" lon="-118.39035999999999"><ele>3422.0</ele></trkpt><trkpt lat="36.65052" lon="-118.39038"><ele>3420.3021973334253</ele></trkpt><trkpt lat="36.65034" lon="-118.39048000000003"><ele>3420.0</ele></trkpt><trkpt lat="36.64999" lon="-118.39058999999997"><ele>3417.0374610738354</ele></trkpt><trkpt lat="36.64979" lon="-118.39051999999998"><ele>3413.564433777239</ele></trkpt><trkpt lat="36.64964" lon="-118.39051"><ele>3412.3489917594025</ele></trkpt><trkpt lat="36.6495" lon="-118.39057000000003"><ele>3411.7004746824314</ele></trkpt><trkpt lat="36.64947" lon="-118.39062000000001"><ele>3411.9039706091335</ele></trkpt><trkpt lat="36.64902" lon="-118.39048000000003"><ele>3405.0122264174215</ele></trkpt><trkpt lat="36.64887" lon="-118.39047"><ele>3404.0</ele></trkpt><trkpt lat="36.64841" lon="-118.39051"><ele>3400.533969654648</ele></trkpt><trkpt lat="36.64789" lon="-118.39051"><ele>3396.331416889094</ele></trkpt><trkpt lat="36.64778" lon="-118.39040999999997"><ele>3395.001247999491</ele></trkpt><trkpt lat="36.64757" lon="-118.39033"><ele>3393.0</ele></trkpt><trkpt lat="36.64733" lon="-118.39006999999998"><ele>3391.0</ele></trkpt><trkpt lat="36.6471" lon="-118.38988999999998"><ele>3388.8843697772827</ele></trkpt><trkpt lat="36.64693" lon="-118.38970999999998"><ele>3387.690065777395</ele></trkpt><trkpt lat="36.64668" lon="-118.3895"><ele>3384.0</ele></trkpt><trkpt lat="36.64653" lon="-118.38945000000001"><ele>3383.0</ele></trkpt><trkpt lat="36.64632" lon="-118.38918000000001"><ele>3381.0</ele></trkpt><trkpt lat="36.64608" lon="-118.38904000000002"><ele>3379.049371458045</ele></trkpt><trkpt lat="36.6459" lon="-118.38886000000002"><ele>3377.0</ele></trkpt><trkpt lat="36.64579" lon="-118.38878999999997"><ele>3376.0</ele></trkpt><trkpt lat="36.64572" lon="-118.38866999999999"><ele>3374.5532589169384</ele></trkpt><trkpt lat="36.64572" lon="-118.38866999999999"><ele>3374.5532589169384</ele></trkpt><trkpt lat="36.64552" lon="-118.38839000000002"><ele>3371.9318364448845</ele></trkpt><trkpt lat="36.64549" lon="-118.38837999999998"><ele>3371.698819555342</ele></trkpt><trkpt lat="36.64531" lon="-118.38819999999998"><ele>3369.0</ele></trkpt><trkpt lat="36.64521" lon="-118.38815999999997"><ele>3368.7293127198054</ele></trkpt><trkpt lat="36.64511148787599" lon="-118.38814208870474"><ele>3367.5825367525817</ele></trkpt><trkpt lat="36.645098079355435" lon="-118.38813965079191"><ele>3367.2033301329448</ele></trkpt><trkpt lat="36.64488" lon="-118.38810000000001"><ele>3365.957424688386</ele></trkpt><trkpt lat="36.64474" lon="-118.38812999999999"><ele>3363.964200644304</ele></trkpt><trkpt lat="36.64464" lon="-118.38810999999998"><ele>3362.8130584545434</ele></trkpt><trkpt lat="36.64447" lon="-118.38812000000001"><ele>3360.6403804449365</ele></trkpt><trkpt lat="36.6443" lon="-118.38808"><ele>3358.7083128888626</ele></trkpt><trkpt lat="36.6441" lon="-118.38810999999998"><ele>3356.5379573889077</ele></trkpt><trkpt lat="36.64398" lon="-118.38808"><ele>3355.1656114659227</ele></trkpt><trkpt lat="36.64383" lon="-118.38794999999999"><ele>3352.679093333427</ele></trkpt><trkpt lat="36.64353" lon="-118.38791000000003"><ele>3351.0</ele></trkpt><trkpt lat="36.64342" lon="-118.38787000000002"><ele>3350.0</ele></trkpt><trkpt lat="36.64331" lon="-118.38774000000001"><ele>3348.8260041563917</ele></trkpt><trkpt lat="36.64325" lon="-118.38749000000001"><ele>3346.0</ele></trkpt><trkpt lat="36.64319" lon="-118.38745"><ele>3345.028248889139</ele></trkpt><trkpt lat="36.64297" lon="-118.38746000000003"><ele>3343.0</ele></trkpt><trkpt lat="36.64293" lon="-118.38743999999997"><ele>3343.0</ele></trkpt><trkpt lat="36.64275" lon="-118.38747000000001"><ele>3341.4191959495656</ele></trkpt><trkpt lat="36.64258" lon="-118.38743"><ele>3338.5554406262345</ele></trkpt><trkpt lat="36.64232" lon="-118.38752"><ele>3335.2883559292177</ele></trkpt><trkpt lat="36.64218" lon="-118.38761999999997"><ele>3333.37161002215</ele></trkpt><trkpt lat="36.64215" lon="-118.38755000000003"><ele>3332.500386927277</ele></trkpt><trkpt lat="36.64207" lon="-118.38747999999998"><ele>3333.0</ele></trkpt><trkpt lat="36.642" lon="-118.38747000000001"><ele>3332.072963149737</ele></trkpt><trkpt lat="36.64185" lon="-118.38749999999999"><ele>3331.8066666668747</ele></trkpt><trkpt lat="36.64174" lon="-118.38749000000001"><ele>3331.633388865739</ele></trkpt><trkpt lat="36.64154" lon="-118.38754"><ele>3330.6870771311965</ele></trkpt><trkpt lat="36.64132939563764" lon="-118.38750991366248"><ele>3329.0</ele></trkpt><trkpt lat="36.64132939563764" lon="-118.38750991366248"><ele>3329.0</ele></trkpt><trkpt lat="36.64126" lon="-118.38749999999999"><ele>3329.5277666188895</ele></trkpt><trkpt lat="36.64114" lon="-118.38746000000003"><ele>3328.12514705702</ele></trkpt><trkpt lat="36.6406" lon="-118.3879"><ele>3321.485991111025</ele></trkpt><trkpt lat="36.64038" lon="-118.38800000000003"><ele>3320.0</ele></trkpt><trkpt lat="36.64033" lon="-118.38797999999997"><ele>3319.866447306309</ele></trkpt><trkpt lat="36.64009" lon="-118.38819999999998"><ele>3317.0</ele></trkpt><trkpt lat="36.64" lon="-118.38824"><ele>3316.0</ele></trkpt><trkpt lat="36.6399" lon="-118.38823000000002"><ele>3316.0</ele></trkpt><trkpt lat="36.63985" lon="-118.38826"><ele>3316.068910870585</ele></trkpt><trkpt lat="36.63978" lon="-118.38824999999997"><ele>3315.782269271227</ele></trkpt><trkpt lat="36.63978" lon="-118.38824999999997"><ele>3315.782269271227</ele></trkpt><trkpt lat="36.63978" lon="-118.38824999999997"><ele>3315.782269271227</ele></trkpt><trkpt lat="36.63954" lon="-118.38812999999999"><ele>3316.0373127785037</ele></trkpt><trkpt lat="36.63938" lon="-118.38792999999998"><ele>3316.058916507289</ele></trkpt><trkpt lat="36.63925" lon="-118.38785999999999"><ele>3317.8348705953977</ele></trkpt><trkpt lat="36.63904" lon="-118.38765000000001"><ele>3321.87231295052</ele></trkpt><trkpt lat="36.63899" lon="-118.38756999999998"><ele>3323.175548444735</ele></trkpt><trkpt lat="36.63898" lon="-118.38742000000002"><ele>3325.0</ele></trkpt><trkpt lat="36.63857" lon="-118.38707"><ele>3330.82639288879</ele></trkpt><trkpt lat="36.63846" lon="-118.38689"><ele>3332.020696888678</ele></trkpt><trkpt lat="36.63828" lon="-118.38682"><ele>3333.6518151110504</ele></trkpt><trkpt lat="36.63818" lon="-118.38671999999997"><ele>3336.9781731847493</ele></trkpt><trkpt lat="36.63816" lon="-118.38665000000003"><ele>3338.0</ele></trkpt><trkpt lat="36.638" lon="-118.38657"><ele>3339.007415344144</ele></trkpt><trkpt lat="36.63793" lon="-118.38657"><ele>3339.477237333078</ele></trkpt><trkpt lat="36.63779" lon="-118.38644"><ele>3342.0</ele></trkpt><trkpt lat="36.63769" lon="-118.38643000000002"><ele>3342.0</ele></trkpt><trkpt lat="36.63759" lon="-118.38632000000001"><ele>3345.224237835733</ele></trkpt><trkpt lat="36.63746" lon="-118.38626"><ele>3348.1889466443017</ele></trkpt><trkpt lat="36.63739" lon="-118.38626"><ele>3348.9190198472043</ele></trkpt><trkpt lat="36.63726" lon="-118.38621999999998"><ele>3350.818045447399</ele></trkpt><trkpt lat="36.63691" lon="-118.38603"><ele>3356.0</ele></trkpt><trkpt lat="36.63671" lon="-118.38599999999997"><ele>3356.7592000009026</ele></trkpt><trkpt lat="36.63644" lon="-118.38589000000002"><ele>3360.3223857774865</ele></trkpt><trkpt lat="36.63636" lon="-118.38593000000003"><ele>3360.249537767324</ele></trkpt><trkpt lat="36.63619" lon="-118.38585999999998"><ele>3362.0214364447165</ele></trkpt><trkpt lat="36.63584" lon="-118.38563999999997"><ele>3366.109278927446</ele></trkpt><trkpt lat="36.6353" lon="-118.38558999999998"><ele>3367.3128924451303</ele></trkpt><trkpt lat="36.63511" lon="-118.38549"><ele>3368.397289897255</ele></trkpt><trkpt lat="36.63503" lon="-118.38553000000002"><ele>3366.7397010158747</ele></trkpt><trkpt lat="36.63455" lon="-118.38556"><ele>3367.0</ele></trkpt><trkpt lat="36.63444" lon="-118.38553999999999"><ele>3367.1877019074127</ele></trkpt><trkpt lat="36.63429" lon="-118.38558"><ele>3367.0</ele></trkpt><trkpt lat="36.6342" lon="-118.38557000000003"><ele>3368.2817967116753</ele></trkpt><trkpt lat="36.63415" lon="-118.38560000000001"><ele>3368.8285474870754</ele></trkpt><trkpt lat="36.63389" lon="-118.38551999999999"><ele>3372.3431155033745</ele></trkpt><trkpt lat="36.63384" lon="-118.38553999999999"><ele>3372.903607269999</ele></trkpt><trkpt lat="36.63368" lon="-118.38551000000001"><ele>3374.0</ele></trkpt><trkpt lat="36.63363" lon="-118.38551000000001"><ele>3374.0</ele></trkpt><trkpt lat="36.63355" lon="-118.38556"><ele>3374.0028215024154</ele></trkpt><trkpt lat="36.63316" lon="-118.38558999999998"><ele>3375.0</ele></trkpt><trkpt lat="36.63316" lon="-118.38558999999998"><ele>3375.0</ele></trkpt><trkpt lat="36.63293" lon="-118.38566000000003"><ele>3375.0761949513376</ele></trkpt><trkpt lat="36.63286" lon="-118.38563999999997"><ele>3376.0</ele></trkpt><trkpt lat="36.63271" lon="-118.38565"><ele>3377.0</ele></trkpt><trkpt lat="36.63256" lon="-118.38554999999997"><ele>3378.2408466056477</ele></trkpt><trkpt lat="36.6321" lon="-118.38549"><ele>3381.0</ele></trkpt><trkpt lat="36.63173" lon="-118.38553000000002"><ele>3384.710993777262</ele></trkpt><trkpt lat="36.6316" lon="-118.38562000000002"><ele>3385.8586978139356</ele></trkpt><trkpt lat="36.63151" lon="-118.38560000000001"><ele>3387.0</ele></trkpt><trkpt lat="36.63136" lon="-118.38549"><ele>3388.0</ele></trkpt><trkpt lat="36.63091" lon="-118.38544000000002"><ele>3388.0</ele></trkpt><trkpt lat="36.63036" lon="-118.38557000000003"><ele>3389.778926221188</ele></trkpt><trkpt lat="36.63013" lon="-118.38551999999999"><ele>3390.5120019012493</ele></trkpt><trkpt lat="36.62997" lon="-118.38554999999997"><ele>3390.2449600007385</ele></trkpt><trkpt lat="36.62974" lon="-118.38569999999999"><ele>3390.0</ele></trkpt><trkpt lat="36.62957" lon="-118.38567"><ele>3390.0</ele></trkpt><trkpt lat="36.62917" lon="-118.38575000000003"><ele>3388.0</ele></trkpt><trkpt lat="36.62904" lon="-118.38567"><ele>3388.0</ele></trkpt><trkpt lat="36.62885" lon="-118.38569000000001"><ele>3387.0</ele></trkpt><trkpt lat="36.62872" lon="-118.38558999999998"><ele>3386.516915944405</ele></trkpt><trkpt lat="36.62855" lon="-118.38560999999999"><ele>3383.846858666744</ele></trkpt><trkpt lat="36.62845" lon="-118.38558"><ele>3384.545909333043</ele></trkpt><trkpt lat="36.62842" lon="-118.38551999999999"><ele>3385.9440106668044</ele></trkpt><trkpt lat="36.62817" lon="-118.38544000000002"><ele>3390.260809319094</ele></trkpt><trkpt lat="36.62798" lon="-118.38544999999999"><ele>3390.575128888944</ele></trkpt><trkpt lat="36.62791" lon="-118.38542000000001"><ele>3391.276059181895</ele></trkpt><trkpt lat="36.62774" lon="-118.38540999999998"><ele>3393.4450882039964</ele></trkpt><trkpt lat="36.62767" lon="-118.38536999999997"><ele>3395.0</ele></trkpt><trkpt lat="36.62758" lon="-118.38538"><ele>3394.206247111084</ele></trkpt><trkpt lat="36.62753" lon="-118.38529"><ele>3396.631390657182</ele></trkpt><trkpt lat="36.62742" lon="-118.38524999999998"><ele>3398.2354666669853</ele></trkpt><trkpt lat="36.62719" lon="-118.38533999999999"><ele>3397.138314667158</ele></trkpt><trkpt lat="36.62681" lon="-118.38524999999998"><ele>3401.2354666669853</ele></trkpt><trkpt lat="36.62677" lon="-118.38522999999998"><ele>3401.6710570767696</ele></trkpt><trkpt lat="36.6267" lon="-118.38512000000003"><ele>3403.229103175674</ele></trkpt><trkpt lat="36.62653" lon="-118.38481999999999"><ele>3408.2551928891335</ele></trkpt><trkpt lat="36.62636" lon="-118.38464999999997"><ele>3412.4378908617173</ele></trkpt><trkpt lat="36.62632" lon="-118.38466"><ele>3412.9669262222014</ele></trkpt><trkpt lat="36.62607" lon="-118.38459999999998"><ele>3415.80793776107</ele></trkpt><trkpt lat="36.62574" lon="-118.38459999999998"><ele>3422.7679559254516</ele></trkpt><trkpt lat="36.62557" lon="-118.38455999999996"><ele>3426.961342654502</ele></trkpt><trkpt lat="36.62555" lon="-118.38446999999996"><ele>3428.410784000531</ele></trkpt><trkpt lat="36.62566" lon="-118.38437999999996"><ele>3430.507936000824</ele></trkpt><trkpt lat="36.62567" lon="-118.38434999999998"><ele>3431.2069866671227</ele></trkpt><trkpt lat="36.62565" lon="-118.38432"><ele>3431.9060373331886</ele></trkpt><trkpt lat="36.62554" lon="-118.38428999999996"><ele>3433.531916220951</ele></trkpt><trkpt lat="36.62547" lon="-118.3843"><ele>3434.2760784368375</ele></trkpt><trkpt lat="36.62525" lon="-118.38427999999999"><ele>3439.910914006643</ele></trkpt><trkpt lat="36.62509" lon="-118.38418999999999"><ele>3444.9275008377267</ele></trkpt><trkpt lat="36.62499" lon="-118.38418000000001"><ele>3446.988316760703</ele></trkpt><trkpt lat="36.62483" lon="-118.38418999999999"><ele>3447.8982961535958</ele></trkpt><trkpt lat="36.62453" lon="-118.38428999999996"><ele>3445.6050880008843</ele></trkpt><trkpt lat="36.62432" lon="-118.3843"><ele>3445.372071111109</ele></trkpt><trkpt lat="36.62425" lon="-118.38425999999998"><ele>3445.6082773339003</ele></trkpt><trkpt lat="36.62414" lon="-118.38425999999998"><ele>3445.30413866695</ele></trkpt><trkpt lat="36.62344" lon="-118.38398999999998"><ele>3446.1272529875564</ele></trkpt><trkpt lat="36.62312" lon="-118.38376"><ele>3445.954983111238</ele></trkpt><trkpt lat="36.62269" lon="-118.38353000000001"><ele>3446.615004346231</ele></trkpt><trkpt lat="36.62256" lon="-118.38337999999999"><ele>3447.809624889167</ele></trkpt><trkpt lat="36.62253" lon="-118.38326999999998"><ele>3449.2956886443767</ele></trkpt><trkpt lat="36.62241" lon="-118.38310999999999"><ele>3451.101080889115</ele></trkpt><trkpt lat="36.62232" lon="-118.38303000000002"><ele>3451.6719196289255</ele></trkpt><trkpt lat="36.62227" lon="-118.38292999999999"><ele>3452.0722126943756</ele></trkpt><trkpt lat="36.62217" lon="-118.38283999999999"><ele>3452.133911767601</ele></trkpt><trkpt lat="36.62215" lon="-118.38278000000003"><ele>3452.7906382216606</ele></trkpt><trkpt lat="36.62202" lon="-118.38263999999998"><ele>3455.0</ele></trkpt><trkpt lat="36.62191" lon="-118.38254"><ele>3456.0</ele></trkpt><trkpt lat="36.62182" lon="-118.38238999999999"><ele>3457.1576851355694</ele></trkpt><trkpt lat="36.62104" lon="-118.38182"><ele>3463.0</ele></trkpt><trkpt lat="36.62077" lon="-118.38155999999998"><ele>3464.151992083273</ele></trkpt><trkpt lat="36.62058" lon="-118.38146999999998"><ele>3465.315850666957</ele></trkpt><trkpt lat="36.62044" lon="-118.38132000000002"><ele>3467.9784260207957</ele></trkpt><trkpt lat="36.62036" lon="-118.38117999999997"><ele>3470.0733404450584</ele></trkpt><trkpt lat="36.62019" lon="-118.38101"><ele>3473.034627555404</ele></trkpt><trkpt lat="36.62009" lon="-118.38075000000003"><ele>3475.0</ele></trkpt><trkpt lat="36.61972" lon="-118.38038"><ele>3477.150691406849</ele></trkpt><trkpt lat="36.61957" lon="-118.38018999999997"><ele>3478.1215634357377</ele></trkpt><trkpt lat="36.61952" lon="-118.38004999999998"><ele>3479.163475491332</ele></trkpt><trkpt lat="36.61939" lon="-118.38003000000003"><ele>3479.0</ele></trkpt><trkpt lat="36.61915" lon="-118.37986999999998"><ele>3480.0</ele></trkpt><trkpt lat="36.61888" lon="-118.37979000000001"><ele>3479.0</ele></trkpt><trkpt lat="36.6188" lon="-118.37972000000002"><ele>3479.0</ele></trkpt><trkpt lat="36.61852" lon="-118.37968999999998"><ele>3476.7928568890784</ele></trkpt><trkpt lat="36.61852" lon="-118.37968999999998"><ele>3476.7928568890784</ele></trkpt><trkpt lat="36.61846743017491" lon="-118.37966079453452"><ele>3476.473393559223</ele></trkpt><trkpt lat="36.61843" lon="-118.37964"><ele>3476.727535555452</ele></trkpt><trkpt lat="36.61806" lon="-118.37964"><ele>3474.0</ele></trkpt><trkpt lat="36.61736" lon="-118.37954000000002"><ele>3473.0</ele></trkpt><trkpt lat="36.61696" lon="-118.37958000000003"><ele>3472.0</ele></trkpt><trkpt lat="36.61655" lon="-118.37955"><ele>3469.0</ele></trkpt><trkpt lat="36.61631" lon="-118.37959000000001"><ele>3466.0</ele></trkpt><trkpt lat="36.61616" lon="-118.37957"><ele>3463.8582013817504</ele></trkpt><trkpt lat="36.616" lon="-118.37950999999998"><ele>3461.2132506631315</ele></trkpt><trkpt lat="36.61571" lon="-118.37925000000001"><ele>3456.0</ele></trkpt><trkpt lat="36.61553" lon="-118.37914"><ele>3454.2225084370966</ele></trkpt><trkpt lat="36.61553" lon="-118.37914"><ele>3454.2225084370966</ele></trkpt><trkpt lat="36.61539" lon="-118.3791"><ele>3452.0</ele></trkpt><trkpt lat="36.61515" lon="-118.37909000000002"><ele>3451.0</ele></trkpt><trkpt lat="36.61489" lon="-118.37887"><ele>3449.0</ele></trkpt><trkpt lat="36.61473" lon="-118.37878"><ele>3447.002606222406</ele></trkpt><trkpt lat="36.61462" lon="-118.37874999999997"><ele>3446.045821952605</ele></trkpt><trkpt lat="36.61434" lon="-118.37877000000003"><ele>3443.774763369992</ele></trkpt><trkpt lat="36.61397" lon="-118.37876"><ele>3440.0</ele></trkpt><trkpt lat="36.61386" lon="-118.37882000000002"><ele>3438.0879613840953</ele></trkpt><trkpt lat="36.6138" lon="-118.37882000000002"><ele>3438.0</ele></trkpt><trkpt lat="36.61337" lon="-118.37916999999999"><ele>3430.863254558295</ele></trkpt><trkpt lat="36.61331" lon="-118.37919"><ele>3429.121459933929</ele></trkpt><trkpt lat="36.61308" lon="-118.37914"><ele>3426.3381238227016</ele></trkpt><trkpt lat="36.61277" lon="-118.37932"><ele>3425.4453693060204</ele></trkpt><trkpt lat="36.61249" lon="-118.37931000000003"><ele>3420.111767328194</ele></trkpt><trkpt lat="36.61226" lon="-118.37916999999999"><ele>3415.0</ele></trkpt><trkpt lat="36.6122" lon="-118.37916999999999"><ele>3414.898503846489</ele></trkpt><trkpt lat="36.61201" lon="-118.37898000000001"><ele>3413.0</ele></trkpt><trkpt lat="36.61192" lon="-118.37903"><ele>3411.0</ele></trkpt><trkpt lat="36.61183" lon="-118.37901999999997"><ele>3409.1576215550303</ele></trkpt><trkpt lat="36.61172" lon="-118.37894"><ele>3406.964396217838</ele></trkpt><trkpt lat="36.61164" lon="-118.37883999999997"><ele>3404.6420533796772</ele></trkpt><trkpt lat="36.61157" lon="-118.37853000000001"><ele>3401.0</ele></trkpt><trkpt lat="36.61166" lon="-118.37832000000003"><ele>3399.44327675686</ele></trkpt><trkpt lat="36.61183" lon="-118.37806999999998"><ele>3399.1576215550303</ele></trkpt><trkpt lat="36.61181" lon="-118.37790000000001"><ele>3398.787299255877</ele></trkpt><trkpt lat="36.61176" lon="-118.37781000000001"><ele>3396.52553654206</ele></trkpt><trkpt lat="36.61183" lon="-118.37765999999999"><ele>3396.237887866059</ele></trkpt><trkpt lat="36.61178" lon="-118.37752"><ele>3397.0</ele></trkpt><trkpt lat="36.61181" lon="-118.37729000000002"><ele>3395.163352651105</ele></trkpt><trkpt lat="36.61168" lon="-118.37685999999997"><ele>3392.948176504149</ele></trkpt><trkpt lat="36.61162" lon="-118.37682000000001"><ele>3393.668703999603</ele></trkpt><trkpt lat="36.61146" lon="-118.37687"><ele>3392.2068868021406</ele></trkpt><trkpt lat="36.61143" lon="-118.37684999999999"><ele>3391.5596948587126</ele></trkpt><trkpt lat="36.6116" lon="-118.37653999999998"><ele>3383.7065416768714</ele></trkpt><trkpt lat="36.6116" lon="-118.37646999999998"><ele>3381.6565877511166</ele></trkpt><trkpt lat="36.61163" lon="-118.37643000000003"><ele>3381.3293393717713</ele></trkpt><trkpt lat="36.61162" lon="-118.37616000000003"><ele>3376.0614680452272</ele></trkpt><trkpt lat="36.61157" lon="-118.37596000000002"><ele>3373.7238227899206</ele></trkpt><trkpt lat="36.61139" lon="-118.37567999999999"><ele>3370.0</ele></trkpt><trkpt lat="36.61135" lon="-118.37567000000001"><ele>3369.223580783233</ele></trkpt><trkpt lat="36.61129" lon="-118.37571000000003"><ele>3368.48183178436</ele></trkpt><trkpt lat="36.61125" lon="-118.37569000000002"><ele>3368.0</ele></trkpt><trkpt lat="36.61125" lon="-118.37560000000002"><ele>3367.2896374192687</ele></trkpt><trkpt lat="36.61117" lon="-118.37536999999998"><ele>3364.0</ele></trkpt><trkpt lat="36.61103" lon="-118.3752"><ele>3363.0</ele></trkpt><trkpt lat="36.61083" lon="-118.37506000000002"><ele>3359.128467817791</ele></trkpt><trkpt lat="36.61071" lon="-118.37484999999998"><ele>3354.6449946649373</ele></trkpt><trkpt lat="36.61054" lon="-118.37491999999997"><ele>3352.0412467071556</ele></trkpt><trkpt lat="36.61044" lon="-118.37486999999999"><ele>3350.807199889794</ele></trkpt><trkpt lat="36.61039" lon="-118.37475999999998"><ele>3350.3557594250888</ele></trkpt><trkpt lat="36.60998" lon="-118.37443999999999"><ele>3351.0575303532155</ele></trkpt><trkpt lat="36.60975" lon="-118.37405000000001"><ele>3349.8251250786907</ele></trkpt><trkpt lat="36.60962" lon="-118.37398999999999"><ele>3350.0</ele></trkpt><trkpt lat="36.60929" lon="-118.37389000000002"><ele>3350.9426524438895</ele></trkpt><trkpt lat="36.60907" lon="-118.37385999999998"><ele>3350.6417031115852</ele></trkpt><trkpt lat="36.608829578924336" lon="-118.37377184560557"><ele>3350.0</ele></trkpt><trkpt lat="36.608829578924336" lon="-118.37377184560557"><ele>3350.0</ele></trkpt><trkpt lat="36.60877" lon="-118.37374999999997"><ele>3349.0</ele></trkpt><trkpt lat="36.60868" lon="-118.37378000000001"><ele>3348.3543445896125</ele></trkpt><trkpt lat="36.60858" lon="-118.37371999999999"><ele>3346.832091572241</ele></trkpt><trkpt lat="36.6085" lon="-118.37369999999999"><ele>3345.309973046308</ele></trkpt><trkpt lat="36.6084" lon="-118.37371999999999"><ele>3344.0565981329855</ele></trkpt><trkpt lat="36.60833" lon="-118.37365999999997"><ele>3342.5572302751243</ele></trkpt><trkpt lat="36.60829" lon="-118.37369999999999"><ele>3342.249559607663</ele></trkpt><trkpt lat="36.60823" lon="-118.37367"><ele>3340.976147355937</ele></trkpt><trkpt lat="36.60795" lon="-118.37365999999997"><ele>3336.8570162978085</ele></trkpt><trkpt lat="36.60754" lon="-118.37376999999998"><ele>3332.723083268791</ele></trkpt><trkpt lat="36.60736" lon="-118.37376"><ele>3330.028128000209</ele></trkpt><trkpt lat="36.60713" lon="-118.37367"><ele>3325.9809405287797</ele></trkpt><trkpt lat="36.6071" lon="-118.37358999999998"><ele>3324.8628674217766</ele></trkpt><trkpt lat="36.60687" lon="-118.37317999999999"><ele>3321.0</ele></trkpt><trkpt lat="36.60681" lon="-118.37297000000001"><ele>3321.0</ele></trkpt><trkpt lat="36.60676" lon="-118.37288999999998"><ele>3321.0</ele></trkpt><trkpt lat="36.60654" lon="-118.37284"><ele>3321.0</ele></trkpt><trkpt lat="36.60617" lon="-118.37295"><ele>3320.0</ele></trkpt><trkpt lat="36.6061" lon="-118.37290000000002"><ele>3321.0</ele></trkpt><trkpt lat="36.60601" lon="-118.37293999999997"><ele>3321.0</ele></trkpt><trkpt lat="36.60564" lon="-118.37284999999997"><ele>3322.0</ele></trkpt><trkpt lat="36.60535" lon="-118.37266999999997"><ele>3321.0</ele></trkpt><trkpt lat="36.60518" lon="-118.37263000000002"><ele>3321.0</ele></trkpt><trkpt lat="36.60494" lon="-118.3725"><ele>3320.1543896635994</ele></trkpt><trkpt lat="36.60488" lon="-118.3725"><ele>3320.0</ele></trkpt><trkpt lat="36.60481" lon="-118.37245000000001"><ele>3320.0</ele></trkpt><trkpt lat="36.60468" lon="-118.37241"><ele>3320.0</ele></trkpt><trkpt lat="36.60442" lon="-118.37225000000001"><ele>3317.0</ele></trkpt><trkpt lat="36.60413" lon="-118.37211000000002"><ele>3315.0</ele></trkpt><trkpt lat="36.60388" lon="-118.37207999999998"><ele>3316.0</ele></trkpt><trkpt lat="36.6035" lon="-118.37185"><ele>3313.18593374484</ele></trkpt><trkpt lat="36.60341" lon="-118.37185999999997"><ele>3311.498823662754</ele></trkpt><trkpt lat="36.60317" lon="-118.37182999999999"><ele>3306.0434451946303</ele></trkpt><trkpt lat="36.6031" lon="-118.37185"><ele>3305.267711227527</ele></trkpt><trkpt lat="36.60305" lon="-118.37178"><ele>3302.9229488394444</ele></trkpt><trkpt lat="36.60299" lon="-118.37176999999997"><ele>3301.847003104209</ele></trkpt><trkpt lat="36.60283" lon="-118.37180000000001"><ele>3299.9413337464375</ele></trkpt><trkpt lat="36.60249" lon="-118.37194999999997"><ele>3296.0399846406654</ele></trkpt><trkpt lat="36.60226" lon="-118.37211000000002"><ele>3294.211275829387</ele></trkpt><trkpt lat="36.60212" lon="-118.37225000000001"><ele>3294.8898759883377</ele></trkpt><trkpt lat="36.60166" lon="-118.37245999999999"><ele>3291.698162906223</ele></trkpt><trkpt lat="36.60148" lon="-118.37263000000002"><ele>3291.4213110187557</ele></trkpt><trkpt lat="36.60101" lon="-118.37297999999998"><ele>3287.082173020579</ele></trkpt><trkpt lat="36.6009" lon="-118.37317000000002"><ele>3288.16952715721</ele></trkpt><trkpt lat="36.60046" lon="-118.37346000000002"><ele>3284.151500991417</ele></trkpt><trkpt lat="36.60012" lon="-118.37389999999999"><ele>3283.249831756577</ele></trkpt><trkpt lat="36.59972" lon="-118.37427000000002"><ele>3279.5518771389034</ele></trkpt><trkpt lat="36.59959" lon="-118.37443999999999"><ele>3278.0</ele></trkpt><trkpt lat="36.59914" lon="-118.37491"><ele>3272.8055759938434</ele></trkpt><trkpt lat="36.59891" lon="-118.37526000000003"><ele>3270.1274228826587</ele></trkpt><trkpt lat="36.59875" lon="-118.37542000000002"><ele>3268.486023695208</ele></trkpt><trkpt lat="36.5985" lon="-118.37561"><ele>3265.229930520989</ele></trkpt><trkpt lat="36.59836" lon="-118.37565000000001"><ele>3263.0</ele></trkpt><trkpt lat="36.59802" lon="-118.37504999999999"><ele>3255.298297538422</ele></trkpt><trkpt lat="36.59789" lon="-118.37506000000002"><ele>3256.322736302572</ele></trkpt><trkpt lat="36.59789" lon="-118.37506000000002"><ele>3256.322736302572</ele></trkpt><trkpt lat="36.59758" lon="-118.37524000000002"><ele>3255.0</ele></trkpt><trkpt lat="36.59737" lon="-118.37526000000003"><ele>3255.0</ele></trkpt><trkpt lat="36.59716" lon="-118.37536999999998"><ele>3253.3021228933158</ele></trkpt><trkpt lat="36.59687" lon="-118.37529"><ele>3254.0</ele></trkpt><trkpt lat="36.59656" lon="-118.37531999999999"><ele>3253.0</ele></trkpt><trkpt lat="36.59643" lon="-118.37538"><ele>3253.0</ele></trkpt><trkpt lat="36.59624" lon="-118.37553000000003"><ele>3252.0</ele></trkpt><trkpt lat="36.59597" lon="-118.37561"><ele>3250.0</ele></trkpt><trkpt lat="36.59563" lon="-118.37581999999998"><ele>3249.0</ele></trkpt><trkpt lat="36.59536" lon="-118.37599"><ele>3249.0</ele></trkpt><trkpt lat="36.59526" lon="-118.37608999999998"><ele>3249.0</ele></trkpt><trkpt lat="36.59454" lon="-118.37703999999997"><ele>3248.0</ele></trkpt><trkpt lat="36.59434" lon="-118.37723"><ele>3246.0</ele></trkpt><trkpt lat="36.59421" lon="-118.37727999999998"><ele>3244.985931265469</ele></trkpt><trkpt lat="36.59404" lon="-118.37727999999998"><ele>3243.989243306563</ele></trkpt><trkpt lat="36.59389" lon="-118.37707999999998"><ele>3242.431786316447</ele></trkpt><trkpt lat="36.59376" lon="-118.37702000000002"><ele>3240.997145885043</ele></trkpt><trkpt lat="36.5937" lon="-118.37688000000003"><ele>3238.6692225618567</ele></trkpt><trkpt lat="36.59379" lon="-118.37610999999998"><ele>3229.8461549570784</ele></trkpt><trkpt lat="36.59392" lon="-118.37547"><ele>3223.176480233902</ele></trkpt><trkpt lat="36.5942" lon="-118.37448999999998"><ele>3211.895976471249</ele></trkpt><trkpt lat="36.59422" lon="-118.3741"><ele>3206.960420850784</ele></trkpt><trkpt lat="36.59428" lon="-118.37367999999998"><ele>3201.6652441911865</ele></trkpt><trkpt lat="36.59451" lon="-118.37272000000002"><ele>3189.6461023774464</ele></trkpt><trkpt lat="36.59458" lon="-118.37223"><ele>3184.119216786361</ele></trkpt><trkpt lat="36.59457" lon="-118.37212999999997"><ele>3183.1749911439174</ele></trkpt><trkpt lat="36.59463" lon="-118.37179000000003"><ele>3179.0324079853017</ele></trkpt><trkpt lat="36.59466" lon="-118.37133"><ele>3174.1843173638918</ele></trkpt><trkpt lat="36.59465" lon="-118.37126"><ele>3173.6045841190207</ele></trkpt><trkpt lat="36.5946" lon="-118.37119000000001"><ele>3173.0379211660475</ele></trkpt><trkpt lat="36.59457" lon="-118.37097"><ele>3171.1809062365755</ele></trkpt><trkpt lat="36.5945" lon="-118.37095"><ele>3170.135637181811</ele></trkpt><trkpt lat="36.59433" lon="-118.37113999999997"><ele>3167.0</ele></trkpt><trkpt lat="36.5943" lon="-118.37113999999997"><ele>3166.331080493517</ele></trkpt><trkpt lat="36.5943" lon="-118.37113999999997"><ele>3166.331080493517</ele></trkpt><trkpt lat="36.59395" lon="-118.37110000000001"><ele>3163.9622658979465</ele></trkpt><trkpt lat="36.59377" lon="-118.37088"><ele>3164.0</ele></trkpt><trkpt lat="36.59371" lon="-118.37076000000002"><ele>3165.0</ele></trkpt><trkpt lat="36.59375" lon="-118.37054"><ele>3166.369496922162</ele></trkpt><trkpt lat="36.59385" lon="-118.37045"><ele>3167.073248718742</ele></trkpt><trkpt lat="36.59393" lon="-118.37031000000002"><ele>3168.740420973115</ele></trkpt><trkpt lat="36.59396" lon="-118.36995000000002"><ele>3169.403174708803</ele></trkpt><trkpt lat="36.59393" lon="-118.36966000000001"><ele>3172.0</ele></trkpt><trkpt lat="36.59414" lon="-118.36869000000002"><ele>3181.0348293534576</ele></trkpt><trkpt lat="36.59414" lon="-118.36838999999998"><ele>3184.0318621741453</ele></trkpt><trkpt lat="36.59411" lon="-118.36822999999998"><ele>3185.8613226438038</ele></trkpt><trkpt lat="36.59385" lon="-118.36836"><ele>3188.9460921255236</ele></trkpt><trkpt lat="36.59363" lon="-118.36840999999998"><ele>3190.677441326355</ele></trkpt><trkpt lat="36.5935" lon="-118.36851999999999"><ele>3191.959717592923</ele></trkpt><trkpt lat="36.59313" lon="-118.36900000000003"><ele>3197.180463051502</ele></trkpt><trkpt lat="36.59287" lon="-118.36941999999999"><ele>3199.4433247649577</ele></trkpt><trkpt lat="36.59244" lon="-118.36989"><ele>3210.7477774497047</ele></trkpt><trkpt lat="36.59213" lon="-118.37031999999999"><ele>3215.470193442685</ele></trkpt><trkpt lat="36.5921" lon="-118.37029999999999"><ele>3217.6318158893846</ele></trkpt><trkpt lat="36.59238" lon="-118.36945000000003"><ele>3227.822394695986</ele></trkpt><trkpt lat="36.59236" lon="-118.36942999999997"><ele>3229.8092160383317</ele></trkpt><trkpt lat="36.59213" lon="-118.36975999999999"><ele>3232.473412446212</ele></trkpt><trkpt lat="36.59189" lon="-118.36998"><ele>3237.6649007434025</ele></trkpt><trkpt lat="36.59184" lon="-118.37000999999998"><ele>3238.458165843606</ele></trkpt><trkpt lat="36.59177" lon="-118.37"><ele>3240.6814849914517</ele></trkpt><trkpt lat="36.59161" lon="-118.36990000000003"><ele>3243.0</ele></trkpt><trkpt lat="36.59146" lon="-118.36991"><ele>3245.712504090489</ele></trkpt><trkpt lat="36.59133" lon="-118.37000999999998"><ele>3247.0</ele></trkpt><trkpt lat="36.59114" lon="-118.37029999999999"><ele>3247.595715555828</ele></trkpt><trkpt lat="36.59107" lon="-118.37035000000003"><ele>3247.4306311104447</ele></trkpt><trkpt lat="36.59079" lon="-118.37038000000001"><ele>3246.856008847109</ele></trkpt><trkpt lat="36.59074" lon="-118.37034"><ele>3247.987511439249</ele></trkpt><trkpt lat="36.5907" lon="-118.37035000000003"><ele>3248.515106901934</ele></trkpt><trkpt lat="36.59053" lon="-118.37068999999997"><ele>3253.1639972254634</ele></trkpt><trkpt lat="36.59046" lon="-118.37044000000003"><ele>3256.7800115419086</ele></trkpt><trkpt lat="36.5904" lon="-118.37038999999999"><ele>3257.8547680769116</ele></trkpt><trkpt lat="36.59027" lon="-118.37095999999997"><ele>3264.627531185746</ele></trkpt><trkpt lat="36.59022" lon="-118.37098000000003"><ele>3265.0</ele></trkpt><trkpt lat="36.59017" lon="-118.37095999999997"><ele>3265.529652330093</ele></trkpt><trkpt lat="36.5901" lon="-118.37106"><ele>3266.561134893447</ele></trkpt><trkpt lat="36.59" lon="-118.37139000000002"><ele>3270.835297169527</ele></trkpt><trkpt lat="36.58998" lon="-118.37139000000002"><ele>3271.8904696209356</ele></trkpt><trkpt lat="36.58998" lon="-118.37133"><ele>3271.0873442869633</ele></trkpt><trkpt lat="36.58993" lon="-118.37113"><ele>3272.4947277326137</ele></trkpt><trkpt lat="36.58981" lon="-118.37097"><ele>3275.0</ele></trkpt><trkpt lat="36.58972" lon="-118.37095999999997"><ele>3276.5891509437934</ele></trkpt><trkpt lat="36.58969" lon="-118.37072"><ele>3277.8968216234734</ele></trkpt><trkpt lat="36.58967" lon="-118.37068999999997"><ele>3278.040201644413</ele></trkpt><trkpt lat="36.58935" lon="-118.37063999999998"><ele>3280.2200525079816</ele></trkpt><trkpt lat="36.5893" lon="-118.37049000000002"><ele>3282.131002229062</ele></trkpt><trkpt lat="36.58925" lon="-118.37043"><ele>3283.665764263278</ele></trkpt><trkpt lat="36.58906" lon="-118.37052"><ele>3285.0</ele></trkpt><trkpt lat="36.58893" lon="-118.37043"><ele>3284.776467082597</ele></trkpt><trkpt lat="36.58877" lon="-118.37040000000002"><ele>3285.0</ele></trkpt><trkpt lat="36.5886" lon="-118.37011000000001"><ele>3287.0209064636656</ele></trkpt><trkpt lat="36.5885" lon="-118.36998"><ele>3288.0</ele></trkpt><trkpt lat="36.58818" lon="-118.36964999999998"><ele>3287.9274285994834</ele></trkpt><trkpt lat="36.58772" lon="-118.36932999999999"><ele>3285.369554241188</ele></trkpt><trkpt lat="36.58765" lon="-118.36914999999999"><ele>3285.0</ele></trkpt><trkpt lat="36.58756" lon="-118.36914999999999"><ele>3285.0</ele></trkpt><trkpt lat="36.5872" lon="-118.36950000000002"><ele>3289.916005444713</ele></trkpt><trkpt lat="36.58709" lon="-118.36966000000001"><ele>3292.3350806997623</ele></trkpt><trkpt lat="36.58694" lon="-118.37000999999998"><ele>3295.0</ele></trkpt><trkpt lat="36.58679" lon="-118.37009999999998"><ele>3297.033720628863</ele></trkpt><trkpt lat="36.58669" lon="-118.37004000000002"><ele>3299.313257751057</ele></trkpt><trkpt lat="36.58668" lon="-118.36995000000002"><ele>3300.141753021315</ele></trkpt><trkpt lat="36.58656" lon="-118.36993999999999"><ele>3300.988927847035</ele></trkpt><trkpt lat="36.58632" lon="-118.37002999999999"><ele>3300.0</ele></trkpt><trkpt lat="36.58611" lon="-118.36993999999999"><ele>3302.0</ele></trkpt><trkpt lat="36.58608" lon="-118.36984999999999"><ele>3303.0</ele></trkpt><trkpt lat="36.58599" lon="-118.36990000000003"><ele>3303.8349526505917</ele></trkpt><trkpt lat="36.58597" lon="-118.36999000000003"><ele>3304.4153449954465</ele></trkpt><trkpt lat="36.58592" lon="-118.37002999999999"><ele>3305.8663251977414</ele></trkpt><trkpt lat="36.58584" lon="-118.37"><ele>3307.1878915680572</ele></trkpt><trkpt lat="36.58568" lon="-118.37002000000001"><ele>3309.0</ele></trkpt><trkpt lat="36.58554" lon="-118.36991999999998"><ele>3309.941597180221</ele></trkpt><trkpt lat="36.58547" lon="-118.36991"><ele>3310.0</ele></trkpt><trkpt lat="36.58548" lon="-118.36981000000003"><ele>3311.013543110108</ele></trkpt><trkpt lat="36.58545" lon="-118.36973999999998"><ele>3311.494506840594</ele></trkpt><trkpt lat="36.58544" lon="-118.36954000000003"><ele>3312.0</ele></trkpt><trkpt lat="36.58535" lon="-118.36935"><ele>3313.841381685211</ele></trkpt><trkpt lat="36.58512" lon="-118.36939000000001"><ele>3315.08188061323</ele></trkpt><trkpt lat="36.585" lon="-118.36937999999998"><ele>3317.545422842384</ele></trkpt><trkpt lat="36.58484" lon="-118.36941999999999"><ele>3318.0</ele></trkpt><trkpt lat="36.58476" lon="-118.36948999999998"><ele>3318.0</ele></trkpt><trkpt lat="36.58462" lon="-118.36966000000001"><ele>3319.0</ele></trkpt><trkpt lat="36.58453" lon="-118.36982999999998"><ele>3319.0</ele></trkpt><trkpt lat="36.58444" lon="-118.36990000000003"><ele>3318.0</ele></trkpt><trkpt lat="36.58437" lon="-118.37000999999998"><ele>3318.0</ele></trkpt><trkpt lat="36.58431" lon="-118.37014999999997"><ele>3318.0</ele></trkpt><trkpt lat="36.58421" lon="-118.37027"><ele>3318.0</ele></trkpt><trkpt lat="36.58405" lon="-118.37071000000003"><ele>3317.0</ele></trkpt><trkpt lat="36.58386" lon="-118.37104999999997"><ele>3314.6881902443974</ele></trkpt><trkpt lat="36.58379" lon="-118.37130000000002"><ele>3313.0</ele></trkpt><trkpt lat="36.5837" lon="-118.37149999999997"><ele>3312.183072035592</ele></trkpt><trkpt lat="36.5835" lon="-118.37182999999999"><ele>3312.9493073991807</ele></trkpt><trkpt lat="36.58303" lon="-118.37248"><ele>3313.529417570913</ele></trkpt><trkpt lat="36.58283" lon="-118.37257999999997"><ele>3315.002942807041</ele></trkpt><trkpt lat="36.58249" lon="-118.37286"><ele>3317.4013234199956</ele></trkpt><trkpt lat="36.58244" lon="-118.37296000000003"><ele>3318.3748503787474</ele></trkpt><trkpt lat="36.58228" lon="-118.37311"><ele>3322.0584138240765</ele></trkpt><trkpt lat="36.58194" lon="-118.37332000000004"><ele>3326.585949550383</ele></trkpt><trkpt lat="36.58161" lon="-118.37360999999999"><ele>3331.4378302563346</ele></trkpt><trkpt lat="36.58146" lon="-118.37367999999998"><ele>3333.2899784110487</ele></trkpt><trkpt lat="36.58135" lon="-118.37369000000001"><ele>3334.7943279426727</ele></trkpt><trkpt lat="36.58122" lon="-118.37383999999997"><ele>3336.0273940348225</ele></trkpt><trkpt lat="36.58059" lon="-118.37394999999998"><ele>3340.788409777446</ele></trkpt><trkpt lat="36.58041" lon="-118.37403999999998"><ele>3341.0</ele></trkpt><trkpt lat="36.58025" lon="-118.37419999999997"><ele>3343.0</ele></trkpt><trkpt lat="36.58025" lon="-118.37419999999997"><ele>3343.0</ele></trkpt><trkpt lat="36.57996" lon="-118.3743"><ele>3344.0</ele></trkpt><trkpt lat="36.57954" lon="-118.37428999999997"><ele>3343.0</ele></trkpt><trkpt lat="36.57933" lon="-118.3743"><ele>3342.0</ele></trkpt><trkpt lat="36.57911" lon="-118.37436000000002"><ele>3342.0</ele></trkpt><trkpt lat="36.57877" lon="-118.37425999999999"><ele>3339.0</ele></trkpt><trkpt lat="36.5784" lon="-118.37437"><ele>3336.6949045318916</ele></trkpt><trkpt lat="36.57794" lon="-118.37441999999999"><ele>3331.82459182444</ele></trkpt><trkpt lat="36.57767" lon="-118.37455999999997"><ele>3328.0</ele></trkpt><trkpt lat="36.57748" lon="-118.37457"><ele>3325.0216151259347</ele></trkpt><trkpt lat="36.57741" lon="-118.37454000000002"><ele>3324.7965546660125</ele></trkpt><trkpt lat="36.57725" lon="-118.37455"><ele>3322.1114551101346</ele></trkpt><trkpt lat="36.57711" lon="-118.37448"><ele>3320.6802900044713</ele></trkpt><trkpt lat="36.57699" lon="-118.37450999999999"><ele>3317.4992880616337</ele></trkpt><trkpt lat="36.57649" lon="-118.37434000000002"><ele>3310.2264407644434</ele></trkpt><trkpt lat="36.5763" lon="-118.37436000000002"><ele>3305.999840647374</ele></trkpt><trkpt lat="36.57593" lon="-118.37425000000002"><ele>3301.246681470424</ele></trkpt><trkpt lat="36.57587" lon="-118.37427000000002"><ele>3300.0445097892407</ele></trkpt><trkpt lat="36.57563" lon="-118.37423999999999"><ele>3296.0</ele></trkpt><trkpt lat="36.57556" lon="-118.37425999999999"><ele>3295.0</ele></trkpt><trkpt lat="36.57552" lon="-118.37423000000001"><ele>3294.363265204411</ele></trkpt><trkpt lat="36.57535" lon="-118.37416999999999"><ele>3292.174614057413</ele></trkpt><trkpt lat="36.57523" lon="-118.37416999999999"><ele>3290.9356857025996</ele></trkpt><trkpt lat="36.57499" lon="-118.37405000000001"><ele>3288.0</ele></trkpt><trkpt lat="36.57495" lon="-118.37405999999999"><ele>3287.7962199181306</ele></trkpt><trkpt lat="36.57483" lon="-118.37394"><ele>3286.2561970490196</ele></trkpt><trkpt lat="36.5747" lon="-118.37387999999999"><ele>3284.0979326345378</ele></trkpt><trkpt lat="36.57467" lon="-118.37383999999997"><ele>3283.7207409683274</ele></trkpt><trkpt lat="36.57462" lon="-118.37362999999999"><ele>3283.237087481616</ele></trkpt><trkpt lat="36.57443" lon="-118.37342000000001"><ele>3281.0</ele></trkpt><trkpt lat="36.57428" lon="-118.37302999999997"><ele>3278.9887450021056</ele></trkpt><trkpt lat="36.57421" lon="-118.37292000000002"><ele>3279.0</ele></trkpt><trkpt lat="36.57403" lon="-118.37279000000001"><ele>3278.0</ele></trkpt><trkpt lat="36.57397" lon="-118.37270000000001"><ele>3277.3763573020697</ele></trkpt><trkpt lat="36.57392" lon="-118.37254000000001"><ele>3277.0</ele></trkpt><trkpt lat="36.57374" lon="-118.37239999999997"><ele>3275.2374592866795</ele></trkpt><trkpt lat="36.57358" lon="-118.37212999999997"><ele>3273.060495596379</ele></trkpt><trkpt lat="36.57354" lon="-118.37200000000001"><ele>3272.0154382439255</ele></trkpt><trkpt lat="36.57345" lon="-118.37185999999997"><ele>3271.217835226867</ele></trkpt><trkpt lat="36.57343" lon="-118.37175000000002"><ele>3271.0</ele></trkpt><trkpt lat="36.57315" lon="-118.37130000000002"><ele>3266.584098931402</ele></trkpt><trkpt lat="36.57311" lon="-118.37113"><ele>3264.7446862224024</ele></trkpt><trkpt lat="36.57312" lon="-118.37104"><ele>3263.0</ele></trkpt><trkpt lat="36.5733" lon="-118.37072"><ele>3260.757490676899</ele></trkpt><trkpt lat="36.57327" lon="-118.37063999999998"><ele>3261.04434457232</ele></trkpt><trkpt lat="36.57316" lon="-118.37058000000002"><ele>3260.062283680253</ele></trkpt><trkpt lat="36.57293" lon="-118.37056000000001"><ele>3257.63021589695</ele></trkpt><trkpt lat="36.57269" lon="-118.37031999999999"><ele>3255.3362369237284</ele></trkpt><trkpt lat="36.57256" lon="-118.37029999999999"><ele>3254.0</ele></trkpt><trkpt lat="36.57238" lon="-118.37022000000002"><ele>3254.4598506658804</ele></trkpt><trkpt lat="36.57221" lon="-118.37000999999998"><ele>3256.5539428761276</ele></trkpt><trkpt lat="36.57195" lon="-118.36986000000002"><ele>3256.0</ele></trkpt><trkpt lat="36.5719" lon="-118.3698"><ele>3256.4845705486655</ele></trkpt><trkpt lat="36.57167" lon="-118.36966999999999"><ele>3256.0</ele></trkpt><trkpt lat="36.57138" lon="-118.36957999999998"><ele>3253.8567148697816</ele></trkpt><trkpt lat="36.57093" lon="-118.36933999999997"><ele>3252.1721794381738</ele></trkpt><trkpt lat="36.57082" lon="-118.36923000000002"><ele>3251.9908750216514</ele></trkpt><trkpt lat="36.57058" lon="-118.36912999999998"><ele>3249.8611384602796</ele></trkpt><trkpt lat="36.57035" lon="-118.36887999999999"><ele>3248.3441451713443</ele></trkpt><trkpt lat="36.57003" lon="-118.36874999999998"><ele>3248.0426334860417</ele></trkpt><trkpt lat="36.5698" lon="-118.36878999999999"><ele>3247.7812657777686</ele></trkpt><trkpt lat="36.56944" lon="-118.36874"><ele>3247.9463502222206</ele></trkpt><trkpt lat="36.5693" lon="-118.36860999999999"><ele>3247.9970664642165</ele></trkpt><trkpt lat="36.56927" lon="-118.36851000000001"><ele>3248.009521558881</ele></trkpt><trkpt lat="36.56913" lon="-118.36833000000001"><ele>3243.9476579856128</ele></trkpt><trkpt lat="36.56911" lon="-118.36824999999999"><ele>3243.5011884948694</ele></trkpt><trkpt lat="36.56898" lon="-118.36813999999998"><ele>3240.6250386027177</ele></trkpt><trkpt lat="36.56878" lon="-118.36811"><ele>3241.206968734972</ele></trkpt><trkpt lat="36.56865" lon="-118.36815000000001"><ele>3242.0</ele></trkpt><trkpt lat="36.56862" lon="-118.36811999999998"><ele>3242.3933973340318</ele></trkpt><trkpt lat="36.5684" lon="-118.36813000000001"><ele>3243.1603804440238</ele></trkpt><trkpt lat="36.56837112481118" lon="-118.36810834360836"><ele>3243.6650109447073</ele></trkpt><trkpt lat="36.568320000000014" lon="-118.36806999999999"><ele>3244.0</ele></trkpt><trkpt lat="36.56793" lon="-118.36804999999998"><ele>3244.0</ele></trkpt><trkpt lat="36.56778" lon="-118.36793999999998"><ele>3243.5877013339195</ele></trkpt><trkpt lat="36.56765" lon="-118.36792000000003"><ele>3244.053735110443</ele></trkpt><trkpt lat="36.56752" lon="-118.36793999999998"><ele>3243.5877013339195</ele></trkpt><trkpt lat="36.5674" lon="-118.36779999999999"><ele>3244.8499377777334</ele></trkpt><trkpt lat="36.56728" lon="-118.36782"><ele>3244.3839040000457</ele></trkpt><trkpt lat="36.56704" lon="-118.36770999999999"><ele>3245.0</ele></trkpt><trkpt lat="36.56693" lon="-118.36768999999998"><ele>3245.363821328172</ele></trkpt><trkpt lat="36.56686" lon="-118.36764"><ele>3245.615523504435</ele></trkpt><trkpt lat="36.56663" lon="-118.36761999999999"><ele>3246.0</ele></trkpt><trkpt lat="36.56659" lon="-118.36756000000003"><ele>3246.4423431104515</ele></trkpt><trkpt lat="36.56643" lon="-118.36752999999999"><ele>3248.0</ele></trkpt><trkpt lat="36.56616" lon="-118.36728"><ele>3248.7798584047705</ele></trkpt><trkpt lat="36.56607" lon="-118.36705"><ele>3244.3375293705612</ele></trkpt><trkpt lat="36.56607" lon="-118.36691000000002"><ele>3243.580323796952</ele></trkpt><trkpt lat="36.56603" lon="-118.36680000000001"><ele>3242.0070241604008</ele></trkpt><trkpt lat="36.56594" lon="-118.36669999999998"><ele>3240.3971902364865</ele></trkpt><trkpt lat="36.56594" lon="-118.36669999999998"><ele>3240.3971902364865</ele></trkpt><trkpt lat="36.56589" lon="-118.36667"><ele>3240.4054464203846</ele></trkpt><trkpt lat="36.56575" lon="-118.36667"><ele>3243.180846221978</ele></trkpt><trkpt lat="36.56561" lon="-118.36655999999999"><ele>3245.7440320001915</ele></trkpt><trkpt lat="36.56512" lon="-118.36635999999999"><ele>3253.796964382753</ele></trkpt><trkpt lat="36.56504" lon="-118.36628999999999"><ele>3256.7490237019956</ele></trkpt><trkpt lat="36.56488" lon="-118.36628000000002"><ele>3258.5284860689344</ele></trkpt><trkpt lat="36.56442" lon="-118.36615999999998"><ele>3266.720111597549</ele></trkpt><trkpt lat="36.56437" lon="-118.36617999999999"><ele>3267.090593134375</ele></trkpt><trkpt lat="36.56419" lon="-118.36615"><ele>3270.559944604113</ele></trkpt><trkpt lat="36.56416" lon="-118.36604"><ele>3272.860910222167</ele></trkpt><trkpt lat="36.56401" lon="-118.36583999999999"><ele>3277.116685647983</ele></trkpt><trkpt lat="36.56387" lon="-118.36581000000001"><ele>3278.7325816454727</ele></trkpt><trkpt lat="36.5637" lon="-118.3657"><ele>3281.783484444255</ele></trkpt><trkpt lat="36.56346" lon="-118.36545999999998"><ele>3286.3758897779044</ele></trkpt><trkpt lat="36.56331" lon="-118.36538999999999"><ele>3288.0</ele></trkpt><trkpt lat="36.56319" lon="-118.36517000000003"><ele>3291.466706152961</ele></trkpt><trkpt lat="36.56311" lon="-118.36509999999998"><ele>3292.5393617749455</ele></trkpt><trkpt lat="36.56309" lon="-118.36496999999997"><ele>3294.0</ele></trkpt><trkpt lat="36.56305" lon="-118.36493999999999"><ele>3294.7190807141596</ele></trkpt><trkpt lat="36.56304" lon="-118.36490000000003"><ele>3295.0</ele></trkpt><trkpt lat="36.56273" lon="-118.36490000000003"><ele>3302.8445176378245</ele></trkpt><trkpt lat="36.56263" lon="-118.36493000000002"><ele>3304.1729637710405</ele></trkpt><trkpt lat="36.5626" lon="-118.36491000000001"><ele>3304.404967206433</ele></trkpt><trkpt lat="36.5626" lon="-118.36491000000001"><ele>3304.404967206433</ele></trkpt><trkpt lat="36.56251" lon="-118.36491000000001"><ele>3303.8879420245066</ele></trkpt><trkpt lat="36.56247" lon="-118.36487"><ele>3303.0</ele></trkpt><trkpt lat="36.56229" lon="-118.36486000000002"><ele>3303.0</ele></trkpt><trkpt lat="36.56221" lon="-118.36481000000003"><ele>3303.4255663517492</ele></trkpt><trkpt lat="36.56216" lon="-118.36475000000002"><ele>3304.0</ele></trkpt><trkpt lat="36.56206" lon="-118.36471"><ele>3305.0</ele></trkpt><trkpt lat="36.56197" lon="-118.36459000000002"><ele>3306.0</ele></trkpt><trkpt lat="36.56191" lon="-118.3646"><ele>3306.0</ele></trkpt><trkpt lat="36.56173" lon="-118.36446000000001"><ele>3306.50165663197</ele></trkpt><trkpt lat="36.56142" lon="-118.36430000000001"><ele>3308.0</ele></trkpt><trkpt lat="36.56138" lon="-118.36421000000001"><ele>3308.0</ele></trkpt><trkpt lat="36.56125" lon="-118.36414000000002"><ele>3309.0</ele></trkpt><trkpt lat="36.56111" lon="-118.36388999999997"><ele>3309.0</ele></trkpt><trkpt lat="36.56106" lon="-118.36373000000003"><ele>3310.0</ele></trkpt><trkpt lat="36.56095" lon="-118.36369000000002"><ele>3310.0</ele></trkpt><trkpt lat="36.56095" lon="-118.36361"><ele>3310.0</ele></trkpt><trkpt lat="36.5609" lon="-118.36358000000001"><ele>3310.0331426188113</ele></trkpt><trkpt lat="36.56083" lon="-118.36343999999997"><ele>3310.0</ele></trkpt><trkpt lat="36.56078" lon="-118.36343"><ele>3310.2036159127874</ele></trkpt><trkpt lat="36.56074" lon="-118.36337000000003"><ele>3311.0</ele></trkpt><trkpt lat="36.56063" lon="-118.36336"><ele>3311.0</ele></trkpt><trkpt lat="36.56051" lon="-118.36331000000001"><ele>3311.0</ele></trkpt><trkpt lat="36.56044" lon="-118.36334"><ele>3310.0</ele></trkpt><trkpt lat="36.56037" lon="-118.36333000000002"><ele>3310.0</ele></trkpt><trkpt lat="36.5601" lon="-118.36310000000003"><ele>3310.0</ele></trkpt><trkpt lat="36.55997" lon="-118.36293"><ele>3309.201724969782</ele></trkpt><trkpt lat="36.55987" lon="-118.36293999999998"><ele>3306.3007423672825</ele></trkpt><trkpt lat="36.5598" lon="-118.36298"><ele>3304.1502889934563</ele></trkpt><trkpt lat="36.5598" lon="-118.36286000000001"><ele>3301.6088253666894</ele></trkpt><trkpt lat="36.55966" lon="-118.36293999999998"><ele>3297.1326101163686</ele></trkpt><trkpt lat="36.55965" lon="-118.36261000000002"><ele>3291.9185938574374</ele></trkpt><trkpt lat="36.55971" lon="-118.36232999999999"><ele>3291.4547168134745</ele></trkpt><trkpt lat="36.5597" lon="-118.36223999999999"><ele>3290.3690805584192</ele></trkpt><trkpt lat="36.55955" lon="-118.36203"><ele>3288.0</ele></trkpt><trkpt lat="36.55936" lon="-118.36201"><ele>3288.0</ele></trkpt><trkpt lat="36.55913" lon="-118.36183"><ele>3287.9935133265685</ele></trkpt><trkpt lat="36.55895" lon="-118.36180999999999"><ele>3286.611878592521</ele></trkpt><trkpt lat="36.55887" lon="-118.36176999999998"><ele>3285.2911228472367</ele></trkpt><trkpt lat="36.55887" lon="-118.36176999999998"><ele>3285.2911228472367</ele></trkpt><trkpt lat="36.55892" lon="-118.36130000000003"><ele>3285.0</ele></trkpt><trkpt lat="36.55891" lon="-118.36118999999997"><ele>3285.0</ele></trkpt><trkpt lat="36.55895" lon="-118.36106999999998"><ele>3285.0</ele></trkpt><trkpt lat="36.55893" lon="-118.36095"><ele>3283.0316894315183</ele></trkpt><trkpt lat="36.55906" lon="-118.36063000000001"><ele>3281.0617871419036</ele></trkpt><trkpt lat="36.55921" lon="-118.36039"><ele>3281.074790573345</ele></trkpt><trkpt lat="36.55924" lon="-118.36016999999998"><ele>3279.024638310075</ele></trkpt><trkpt lat="36.5593" lon="-118.35991000000001"><ele>3277.765213227831</ele></trkpt><trkpt lat="36.5593" lon="-118.35973000000001"><ele>3276.0</ele></trkpt><trkpt lat="36.55923" lon="-118.35962"><ele>3273.5422471114434</ele></trkpt><trkpt lat="36.55931" lon="-118.35951999999997"><ele>3273.212078221608</ele></trkpt><trkpt lat="36.55932" lon="-118.35939000000002"><ele>3272.8105086742908</ele></trkpt><trkpt lat="36.5594" lon="-118.35917999999998"><ele>3271.4823641609596</ele></trkpt><trkpt lat="36.55946" lon="-118.35910999999999"><ele>3271.4067529523745</ele></trkpt><trkpt lat="36.55953" lon="-118.35899"><ele>3272.4374296031892</ele></trkpt><trkpt lat="36.55954" lon="-118.35890999999998"><ele>3272.001420131879</ele></trkpt><trkpt lat="36.55967" lon="-118.35869000000002"><ele>3274.0</ele></trkpt><trkpt lat="36.55966" lon="-118.35845999999998"><ele>3272.9296702472493</ele></trkpt><trkpt lat="36.55981" lon="-118.35800999999998"><ele>3262.6132106068544</ele></trkpt><trkpt lat="36.55985" lon="-118.35783000000004"><ele>3258.599655921986</ele></trkpt><trkpt lat="36.55981" lon="-118.35765000000004"><ele>3256.5601546075195</ele></trkpt><trkpt lat="36.55986" lon="-118.35723000000002"><ele>3254.009060552727</ele></trkpt><trkpt lat="36.56001" lon="-118.35692"><ele>3254.0</ele></trkpt><trkpt lat="36.56023" lon="-118.35658000000001"><ele>3254.0</ele></trkpt><trkpt lat="36.56041" lon="-118.35635000000002"><ele>3255.0</ele></trkpt><trkpt lat="36.56073" lon="-118.35582999999997"><ele>3255.2493154574186</ele></trkpt><trkpt lat="36.56081" lon="-118.35566"><ele>3256.0</ele></trkpt><trkpt lat="36.56117" lon="-118.35464000000002"><ele>3256.0</ele></trkpt><trkpt lat="36.56142" lon="-118.35417000000001"><ele>3255.1459956398994</ele></trkpt><trkpt lat="36.5616" lon="-118.35370999999998"><ele>3254.0</ele></trkpt><trkpt lat="36.56186" lon="-118.35327000000001"><ele>3253.0</ele></trkpt><trkpt lat="36.56202" lon="-118.35302999999999"><ele>3252.662011603893</ele></trkpt><trkpt lat="36.56209" lon="-118.35300999999998"><ele>3252.857082737185</ele></trkpt><trkpt lat="36.56222" lon="-118.35279000000003"><ele>3251.1859951328597</ele></trkpt><trkpt lat="36.56244" lon="-118.3526"><ele>3251.857187044807</ele></trkpt><trkpt lat="36.5626" lon="-118.35251"><ele>3253.0</ele></trkpt><trkpt lat="36.5626" lon="-118.35251"><ele>3253.0</ele></trkpt><trkpt lat="36.56286" lon="-118.35228000000001"><ele>3253.0211999851413</ele></trkpt><trkpt lat="36.56316" lon="-118.35190999999998"><ele>3249.8862257774454</ele></trkpt><trkpt lat="36.56355" lon="-118.35156999999998"><ele>3249.0572174116865</ele></trkpt><trkpt lat="36.56367" lon="-118.35151000000002"><ele>3249.56555022276</ele></trkpt><trkpt lat="36.5638" lon="-118.35149000000001"><ele>3250.0</ele></trkpt><trkpt lat="36.56391" lon="-118.35154999999997"><ele>3251.497617777204</ele></trkpt><trkpt lat="36.56411" lon="-118.35149999999999"><ele>3257.8422785896005</ele></trkpt><trkpt lat="36.56433" lon="-118.35116"><ele>3262.688217380084</ele></trkpt><trkpt lat="36.56437" lon="-118.35097999999999"><ele>3263.848676962778</ele></trkpt><trkpt lat="36.5644" lon="-118.35093"><ele>3264.0</ele></trkpt><trkpt lat="36.56454" lon="-118.35086999999999"><ele>3263.0</ele></trkpt><trkpt lat="36.56459" lon="-118.35079000000002"><ele>3263.0</ele></trkpt><trkpt lat="36.56473" lon="-118.35048999999998"><ele>3263.0</ele></trkpt><trkpt lat="36.5648" lon="-118.35041000000001"><ele>3262.3021946247845</ele></trkpt><trkpt lat="36.5648" lon="-118.35041000000001"><ele>3262.3021946247845</ele></trkpt><trkpt lat="36.56485" lon="-118.35036000000002"><ele>3262.774238823913</ele></trkpt><trkpt lat="36.56495" lon="-118.35034000000002"><ele>3263.0</ele></trkpt><trkpt lat="36.56501" lon="-118.35025999999999"><ele>3264.0</ele></trkpt><trkpt lat="36.56516" lon="-118.35019999999997"><ele>3265.0</ele></trkpt><trkpt lat="36.56522" lon="-118.35014999999999"><ele>3264.9386976351657</ele></trkpt><trkpt lat="36.56532" lon="-118.34965999999997"><ele>3264.542574222898</ele></trkpt><trkpt lat="36.5653" lon="-118.34929"><ele>3266.8295316547155</ele></trkpt><trkpt lat="36.56539" lon="-118.34906000000001"><ele>3266.9170117913745</ele></trkpt><trkpt lat="36.56554" lon="-118.34886"><ele>3267.6084602614865</ele></trkpt><trkpt lat="36.56565" lon="-118.34881999999999"><ele>3268.998109418073</ele></trkpt><trkpt lat="36.56572" lon="-118.34875"><ele>3269.252888888819</ele></trkpt><trkpt lat="36.56581" lon="-118.34870000000001"><ele>3268.0878044446</ele></trkpt><trkpt lat="36.56589" lon="-118.34869000000003"><ele>3268.8547875566874</ele></trkpt><trkpt lat="36.56596" lon="-118.34870000000001"><ele>3269.0878044446</ele></trkpt><trkpt lat="36.56601" lon="-118.34886"><ele>3271.816074666567</ele></trkpt><trkpt lat="36.5661" lon="-118.34881999999999"><ele>3270.995461323517</ele></trkpt><trkpt lat="36.56622" lon="-118.34886"><ele>3271.816074666567</ele></trkpt><trkpt lat="36.56651" lon="-118.34881999999999"><ele>3272.934140683152</ele></trkpt><trkpt lat="36.56685" lon="-118.34843000000001"><ele>3276.7983446689323</ele></trkpt><trkpt lat="36.56692" lon="-118.34827000000001"><ele>3276.829215585254</ele></trkpt><trkpt lat="36.56693" lon="-118.34812"><ele>3278.0509791425284</ele></trkpt><trkpt lat="36.56696" lon="-118.34798"><ele>3279.0</ele></trkpt><trkpt lat="36.56705" lon="-118.34784000000002"><ele>3278.649189884076</ele></trkpt><trkpt lat="36.56718" lon="-118.34748000000002"><ele>3274.2779430889473</ele></trkpt><trkpt lat="36.56719" lon="-118.34713999999997"><ele>3270.6625920739025</ele></trkpt><trkpt lat="36.56733" lon="-118.34652"><ele>3271.724353624508</ele></trkpt><trkpt lat="36.56732" lon="-118.34638000000001"><ele>3271.43422755599</ele></trkpt><trkpt lat="36.56736" lon="-118.34609999999998"><ele>3272.5947320582345</ele></trkpt><trkpt lat="36.56744" lon="-118.34575999999998"><ele>3271.9157428657636</ele></trkpt><trkpt lat="36.56751" lon="-118.34564"><ele>3271.9885058952464</ele></trkpt><trkpt lat="36.56755" lon="-118.34541999999999"><ele>3271.036612355654</ele></trkpt><trkpt lat="36.56753" lon="-118.34473000000003"><ele>3271.5268828980625</ele></trkpt><trkpt lat="36.56753" lon="-118.34473000000003"><ele>3271.5268828980625</ele></trkpt><trkpt lat="36.56757" lon="-118.34438999999998"><ele>3272.6873905556276</ele></trkpt><trkpt lat="36.56755" lon="-118.34422"><ele>3273.0</ele></trkpt><trkpt lat="36.56757" lon="-118.34406999999999"><ele>3272.6873905556276</ele></trkpt><trkpt lat="36.56755" lon="-118.34388000000001"><ele>3272.1071366518736</ele></trkpt><trkpt lat="36.56746364966029" lon="-118.34368139421866"><ele>3271.0</ele></trkpt><trkpt lat="36.567488562509396" lon="-118.34373869373633"><ele>3271.0</ele></trkpt><trkpt lat="36.56745" lon="-118.34365000000003"><ele>3271.1205827321596</ele></trkpt><trkpt lat="36.56744" lon="-118.34352000000001"><ele>3272.0</ele></trkpt><trkpt lat="36.5675" lon="-118.34325000000001"><ele>3274.0</ele></trkpt><trkpt lat="36.56755" lon="-118.34318000000002"><ele>3275.537518221652</ele></trkpt><trkpt lat="36.56757" lon="-118.34309000000002"><ele>3276.6346702219453</ele></trkpt><trkpt lat="36.56756" lon="-118.34300999999999"><ele>3278.0</ele></trkpt><trkpt lat="36.56749" lon="-118.34291999999999"><ele>3279.218344369364</ele></trkpt><trkpt lat="36.56753" lon="-118.34278999999998"><ele>3281.0</ele></trkpt><trkpt lat="36.5675" lon="-118.34269"><ele>3281.9553457777947</ele></trkpt><trkpt lat="36.56752" lon="-118.34255999999999"><ele>3282.9845653334633</ele></trkpt><trkpt lat="36.56746" lon="-118.34246000000002"><ele>3285.314734221669</ele></trkpt><trkpt lat="36.56743" lon="-118.34231"><ele>3287.1132336256424</ele></trkpt><trkpt lat="36.5674" lon="-118.34180000000003"><ele>3293.755237162113</ele></trkpt><trkpt lat="36.56751" lon="-118.34149000000002"><ele>3297.9466292951256</ele></trkpt><trkpt lat="36.56749" lon="-118.34132"><ele>3298.3663758412004</ele></trkpt><trkpt lat="36.56753" lon="-118.34118000000001"><ele>3299.593543205132</ele></trkpt><trkpt lat="36.56751" lon="-118.34102000000001"><ele>3300.0</ele></trkpt><trkpt lat="36.56753" lon="-118.34087999999997"><ele>3301.131402667146</ele></trkpt><trkpt lat="36.56761" lon="-118.34064000000001"><ele>3303.0</ele></trkpt><trkpt lat="36.56767" lon="-118.34057999999999"><ele>3303.638808230481</ele></trkpt><trkpt lat="36.56769" lon="-118.34048000000001"><ele>3304.4520782218315</ele></trkpt><trkpt lat="36.56779" lon="-118.34030000000001"><ele>3306.0</ele></trkpt><trkpt lat="36.56781" lon="-118.34014000000002"><ele>3307.0</ele></trkpt><trkpt lat="36.56779" lon="-118.33996000000002"><ele>3307.0</ele></trkpt><trkpt lat="36.56782" lon="-118.33974"><ele>3308.65400954632</ele></trkpt><trkpt lat="36.56783" lon="-118.33942000000002"><ele>3309.34753661777</ele></trkpt><trkpt lat="36.5678" lon="-118.33931000000001"><ele>3309.81772624107</ele></trkpt><trkpt lat="36.5678" lon="-118.33920999999998"><ele>3310.0</ele></trkpt><trkpt lat="36.56784" lon="-118.33913000000001"><ele>3310.95656744774</ele></trkpt><trkpt lat="36.56787" lon="-118.33886000000001"><ele>3311.3912171451375</ele></trkpt><trkpt lat="36.56793" lon="-118.33870000000002"><ele>3313.0093598973776</ele></trkpt><trkpt lat="36.56793" lon="-118.33834999999999"><ele>3311.0</ele></trkpt><trkpt lat="36.56799" lon="-118.3383"><ele>3311.0</ele></trkpt><trkpt lat="36.56815" lon="-118.33825999999999"><ele>3311.4212108247166</ele></trkpt><trkpt lat="36.5682" lon="-118.33817999999997"><ele>3311.0</ele></trkpt><trkpt lat="36.56829" lon="-118.33811000000003"><ele>3311.1862052230135</ele></trkpt><trkpt lat="36.56846" lon="-118.33803999999998"><ele>3313.0</ele></trkpt><trkpt lat="36.56864" lon="-118.33801"><ele>3314.0</ele></trkpt><trkpt lat="36.56881" lon="-118.33807999999999"><ele>3316.873403912426</ele></trkpt><trkpt lat="36.56889" lon="-118.33796000000001"><ele>3319.154140086434</ele></trkpt><trkpt lat="36.569" lon="-118.33811000000003"><ele>3323.295055745703</ele></trkpt><trkpt lat="36.56906" lon="-118.33825000000002"><ele>3326.5018845163286</ele></trkpt><trkpt lat="36.56908" lon="-118.33825000000002"><ele>3327.082149764523</ele></trkpt><trkpt lat="36.5691" lon="-118.33767999999998"><ele>3331.8747508880674</ele></trkpt><trkpt lat="36.56918" lon="-118.33748000000003"><ele>3334.6132086730104</ele></trkpt><trkpt lat="36.5692" lon="-118.33733999999998"><ele>3336.9785888511688</ele></trkpt><trkpt lat="36.56926" lon="-118.33724000000001"><ele>3339.4387764036655</ele></trkpt><trkpt lat="36.56932" lon="-118.33706000000001"><ele>3340.314366597449</ele></trkpt><trkpt lat="36.56945" lon="-118.33654999999999"><ele>3342.6893571720593</ele></trkpt><trkpt lat="36.5694" lon="-118.33647000000002"><ele>3341.649452542677</ele></trkpt><trkpt lat="36.56939" lon="-118.33636999999999"><ele>3343.604105019948</ele></trkpt><trkpt lat="36.5693" lon="-118.33629000000002"><ele>3343.086154666031</ele></trkpt><trkpt lat="36.5693" lon="-118.33625999999998"><ele>3343.7852053337265</ele></trkpt><trkpt lat="36.56917" lon="-118.33614999999998"><ele>3345.3483911114745</ele></trkpt><trkpt lat="36.56912" lon="-118.33603"><ele>3346.095074046301</ele></trkpt><trkpt lat="36.56891" lon="-118.33580999999998"><ele>3346.2709653335623</ele></trkpt><trkpt lat="36.56884" lon="-118.33580999999998"><ele>3345.6601394567133</ele></trkpt><trkpt lat="36.56881" lon="-118.33577000000002"><ele>3345.7317616223345</ele></trkpt><trkpt lat="36.5688" lon="-118.33566000000002"><ele>3346.286025145878</ele></trkpt><trkpt lat="36.56874" lon="-118.33558"><ele>3345.8641570194914</ele></trkpt><trkpt lat="36.56867" lon="-118.33535999999998"><ele>3346.0</ele></trkpt><trkpt lat="36.5684" lon="-118.33510999999999"><ele>3349.0</ele></trkpt><trkpt lat="36.56835" lon="-118.33503000000002"><ele>3349.0</ele></trkpt><trkpt lat="36.56832" lon="-118.33503000000002"><ele>3349.5529795847833</ele></trkpt><trkpt lat="36.56828" lon="-118.33506999999997"><ele>3350.713498512283</ele></trkpt><trkpt lat="36.5682" lon="-118.33501000000001"><ele>3352.0030281131494</ele></trkpt><trkpt lat="36.56802" lon="-118.33497999999997"><ele>3355.256856883876</ele></trkpt><trkpt lat="36.5679" lon="-118.33524999999997"><ele>3359.7383983368054</ele></trkpt><trkpt lat="36.56783" lon="-118.33533999999997"><ele>3362.0</ele></trkpt><trkpt lat="36.56779" lon="-118.33533"><ele>3362.0</ele></trkpt><trkpt lat="36.56776" lon="-118.33530000000002"><ele>3362.831125800309</ele></trkpt><trkpt lat="36.56776" lon="-118.33524"><ele>3363.0</ele></trkpt><trkpt lat="36.56779" lon="-118.33515"><ele>3364.5798865833785</ele></trkpt><trkpt lat="36.56778" lon="-118.33510999999999"><ele>3364.9080998811282</ele></trkpt><trkpt lat="36.56769" lon="-118.33506999999997"><ele>3366.9179426082846</ele></trkpt><trkpt lat="36.56762" lon="-118.33499999999998"><ele>3368.8820338017917</ele></trkpt><trkpt lat="36.56763" lon="-118.33481999999998"><ele>3369.5718468297273</ele></trkpt><trkpt lat="36.5676" lon="-118.33454"><ele>3369.4422283051535</ele></trkpt><trkpt lat="36.56752" lon="-118.33440000000002"><ele>3373.7931572632256</ele></trkpt><trkpt lat="36.56752" lon="-118.33422999999999"><ele>3376.0876337778755</ele></trkpt><trkpt lat="36.56761" lon="-118.33402000000001"><ele>3375.152101185173</ele></trkpt><trkpt lat="36.56762" lon="-118.33389999999997"><ele>3376.861974027008</ele></trkpt><trkpt lat="36.56762" lon="-118.3338"><ele>3377.9693340270314</ele></trkpt><trkpt lat="36.56757" lon="-118.33361000000002"><ele>3382.367534592885</ele></trkpt><trkpt lat="36.56755" lon="-118.33359999999999"><ele>3382.0822485695926</ele></trkpt><trkpt lat="36.56754" lon="-118.33344999999997"><ele>3384.031843380194</ele></trkpt><trkpt lat="36.56748" lon="-118.33330999999998"><ele>3382.0762491710484</ele></trkpt><trkpt lat="36.56748" lon="-118.33321999999998"><ele>3382.0762491710484</ele></trkpt><trkpt lat="36.56757" lon="-118.33272"><ele>3386.273183999816</ele></trkpt><trkpt lat="36.56757" lon="-118.33257000000003"><ele>3387.0</ele></trkpt><trkpt lat="36.56754" lon="-118.33242999999999"><ele>3387.8170097563416</ele></trkpt><trkpt lat="36.56747" lon="-118.33230000000003"><ele>3386.7861225390807</ele></trkpt><trkpt lat="36.56748" lon="-118.33173"><ele>3382.0762491710484</ele></trkpt><trkpt lat="36.56743" lon="-118.33125999999999"><ele>3378.4419042716845</ele></trkpt><trkpt lat="36.56745" lon="-118.33104000000003"><ele>3378.5394211852495</ele></trkpt><trkpt lat="36.56744" lon="-118.33098999999999"><ele>3378.9157428657636</ele></trkpt><trkpt lat="36.56745" lon="-118.33094"><ele>3378.404250978929</ele></trkpt><trkpt lat="36.56755" lon="-118.33083999999997"><ele>3379.205663897539</ele></trkpt><trkpt lat="36.56759" lon="-118.33074999999997"><ele>3379.4877793281694</ele></trkpt><trkpt lat="36.56762" lon="-118.33051999999998"><ele>3378.2019458623445</ele></trkpt><trkpt lat="36.56773" lon="-118.33020999999997"><ele>3378.8984312796965</ele></trkpt><trkpt lat="36.5678" lon="-118.33011999999997"><ele>3380.3144948144145</ele></trkpt><trkpt lat="36.56793" lon="-118.32963999999998"><ele>3379.2583786873465</ele></trkpt><trkpt lat="36.56799" lon="-118.32954000000001"><ele>3380.920567286913</ele></trkpt><trkpt lat="36.56804" lon="-118.32940000000002"><ele>3380.677726820321</ele></trkpt><trkpt lat="36.56807" lon="-118.32918999999998"><ele>3379.2852261923517</ele></trkpt><trkpt lat="36.5682" lon="-118.32891000000001"><ele>3379.914663934798</ele></trkpt><trkpt lat="36.56827" lon="-118.32870000000003"><ele>3379.0538306504286</ele></trkpt><trkpt lat="36.56831" lon="-118.32848999999999"><ele>3379.1568906260654</ele></trkpt><trkpt lat="36.56849" lon="-118.32794999999999"><ele>3381.379232556559</ele></trkpt><trkpt lat="36.56846" lon="-118.32783"><ele>3381.1111526697287</ele></trkpt><trkpt lat="36.5684" lon="-118.32781999999997"><ele>3380.4514595561195</ele></trkpt><trkpt lat="36.56834" lon="-118.32774999999998"><ele>3381.002252730331</ele></trkpt><trkpt lat="36.56832" lon="-118.32765"><ele>3381.4470204152167</ele></trkpt><trkpt lat="36.56833" lon="-118.32727"><ele>3386.0045386839192</ele></trkpt><trkpt lat="36.56837" lon="-118.32722000000001"><ele>3387.432472888613</ele></trkpt><trkpt lat="36.56848" lon="-118.3272"><ele>3389.806056604854</ele></trkpt><trkpt lat="36.56852" lon="-118.32715000000002"><ele>3391.0</ele></trkpt><trkpt lat="36.56864" lon="-118.32709999999997"><ele>3392.7311934614554</ele></trkpt><trkpt lat="36.56869" lon="-118.32697000000002"><ele>3395.0</ele></trkpt><trkpt lat="36.56874" lon="-118.32691"><ele>3396.5060859873793</ele></trkpt><trkpt lat="36.56878" lon="-118.32691"><ele>3397.793031265028</ele></trkpt><trkpt lat="36.5688" lon="-118.32686000000001"><ele>3398.373294411227</ele></trkpt><trkpt lat="36.56886" lon="-118.32695000000001"><ele>3401.2281694877893</ele></trkpt><trkpt lat="36.56888" lon="-118.32686000000001"><ele>3401.818580704821</ele></trkpt><trkpt lat="36.56891" lon="-118.32684999999998"><ele>3403.1530351407882</ele></trkpt><trkpt lat="36.56894" lon="-118.32688999999999"><ele>3405.366210712621</ele></trkpt><trkpt lat="36.56897" lon="-118.32686999999999"><ele>3406.73693618004</ele></trkpt><trkpt lat="36.56895" lon="-118.32679000000002"><ele>3405.574776967845</ele></trkpt><trkpt lat="36.56894" lon="-118.32666"><ele>3407.3516999213025</ele></trkpt><trkpt lat="36.56898" lon="-118.32661999999999"><ele>3410.191338941455</ele></trkpt><trkpt lat="36.56899" lon="-118.32650000000001"><ele>3412.909747874185</ele></trkpt><trkpt lat="36.56905" lon="-118.32645000000002"><ele>3415.393134498796</ele></trkpt><trkpt lat="36.56902" lon="-118.32632000000001"><ele>3416.854692818832</ele></trkpt><trkpt lat="36.56903" lon="-118.32628"><ele>3417.3823918139096</ele></trkpt><trkpt lat="36.56908" lon="-118.32625999999999"><ele>3419.3974464561884</ele></trkpt><trkpt lat="36.56918" lon="-118.32601"><ele>3424.398322701454</ele></trkpt><trkpt lat="36.5694" lon="-118.32567"><ele>3428.231167945545</ele></trkpt><trkpt lat="36.56951" lon="-118.32541000000003"><ele>3430.3535295389456</ele></trkpt><trkpt lat="36.56964" lon="-118.32523000000003"><ele>3433.488964313641</ele></trkpt><trkpt lat="36.56972" lon="-118.32519000000002"><ele>3435.444402848511</ele></trkpt><trkpt lat="36.56988" lon="-118.32499999999999"><ele>3438.5929182390214</ele></trkpt><trkpt lat="36.57027" lon="-118.32478000000003"><ele>3442.452510555409</ele></trkpt><trkpt lat="36.57039" lon="-118.32463999999999"><ele>3443.180558810163</ele></trkpt><trkpt lat="36.57051" lon="-118.32439999999997"><ele>3443.8294622399844</ele></trkpt><trkpt lat="36.57058" lon="-118.32407"><ele>3442.1989438510795</ele></trkpt><trkpt lat="36.57063" lon="-118.32402000000002"><ele>3443.9371452521773</ele></trkpt><trkpt lat="36.57075" lon="-118.32371"><ele>3445.739414181008</ele></trkpt><trkpt lat="36.57098" lon="-118.32346999999999"><ele>3449.1159760011383</ele></trkpt><trkpt lat="36.57116" lon="-118.32334000000003"><ele>3452.978106512175</ele></trkpt><trkpt lat="36.57144" lon="-118.32303999999999"><ele>3459.969348472543</ele></trkpt><trkpt lat="36.5715" lon="-118.3229"><ele>3461.710198312998</ele></trkpt><trkpt lat="36.57163" lon="-118.32274999999998"><ele>3465.6791896686022</ele></trkpt><trkpt lat="36.57163" lon="-118.32274999999998"><ele>3465.6791896686022</ele></trkpt><trkpt lat="36.57174" lon="-118.32261"><ele>3469.3951171232393</ele></trkpt><trkpt lat="36.57192" lon="-118.32245999999998"><ele>3475.4800388766735</ele></trkpt><trkpt lat="36.57203" lon="-118.32226000000003"><ele>3477.0877639725804</ele></trkpt><trkpt lat="36.57212" lon="-118.32218"><ele>3478.6990591892973</ele></trkpt><trkpt lat="36.57221" lon="-118.32204000000002"><ele>3480.2683905007298</ele></trkpt><trkpt lat="36.57243" lon="-118.32132999999999"><ele>3481.0</ele></trkpt><trkpt lat="36.57246" lon="-118.32128999999998"><ele>3481.5639796936885</ele></trkpt><trkpt lat="36.5725" lon="-118.32128"><ele>3482.8372271919184</ele></trkpt><trkpt lat="36.57257" lon="-118.32116000000002"><ele>3485.5989797699935</ele></trkpt><trkpt lat="36.5728" lon="-118.32060999999999"><ele>3491.0</ele></trkpt><trkpt lat="36.57282" lon="-118.32045"><ele>3492.1756696882658</ele></trkpt><trkpt lat="36.57282" lon="-118.32024999999999"><ele>3494.9985705262834</ele></trkpt><trkpt lat="36.57279" lon="-118.32013999999998"><ele>3497.2696332111955</ele></trkpt><trkpt lat="36.57281" lon="-118.31983000000002"><ele>3499.735341536549</ele></trkpt><trkpt lat="36.57289" lon="-118.31966999999997"><ele>3501.0402648830786</ele></trkpt><trkpt lat="36.57295" lon="-118.31959999999998"><ele>3503.5555318198913</ele></trkpt><trkpt lat="36.57296" lon="-118.31945999999999"><ele>3504.3780891262563</ele></trkpt><trkpt lat="36.57297" lon="-118.31943000000001"><ele>3505.331192962359</ele></trkpt><trkpt lat="36.57302" lon="-118.31943999999999"><ele>3507.6243574656546</ele></trkpt><trkpt lat="36.57301" lon="-118.31936999999999"><ele>3508.2117008605564</ele></trkpt><trkpt lat="36.57306" lon="-118.31905999999998"><ele>3512.9884064686057</ele></trkpt><trkpt lat="36.57304" lon="-118.31878"><ele>3515.392473733984</ele></trkpt><trkpt lat="36.57301" lon="-118.31873999999999"><ele>3514.5528259547427</ele></trkpt><trkpt lat="36.57304" lon="-118.31861000000004"><ele>3516.784947467968</ele></trkpt><trkpt lat="36.57301" lon="-118.31842"><ele>3516.5220312876627</ele></trkpt><trkpt lat="36.57306" lon="-118.31826999999998"><ele>3518.9455377738923</ele></trkpt><trkpt lat="36.57306" lon="-118.31816000000003"><ele>3518.972768886946</ele></trkpt><trkpt lat="36.57301" lon="-118.31803000000002"><ele>3519.0</ele></trkpt><trkpt lat="36.57303" lon="-118.31794000000002"><ele>3519.7056938589253</ele></trkpt><trkpt lat="36.57301" lon="-118.31774000000001"><ele>3520.0</ele></trkpt><trkpt lat="36.57301" lon="-118.31745000000001"><ele>3520.0</ele></trkpt><trkpt lat="36.57304" lon="-118.31736999999998"><ele>3520.0</ele></trkpt><trkpt lat="36.57305" lon="-118.31711999999999"><ele>3520.0</ele></trkpt><trkpt lat="36.57312" lon="-118.31696999999997"><ele>3521.0</ele></trkpt><trkpt lat="36.57314" lon="-118.31681000000003"><ele>3522.0</ele></trkpt><trkpt lat="36.57318" lon="-118.31669999999997"><ele>3522.763402553556</ele></trkpt><trkpt lat="36.57318" lon="-118.31655"><ele>3523.0614933329634</ele></trkpt><trkpt lat="36.57323" lon="-118.31641000000002"><ele>3525.0</ele></trkpt><trkpt lat="36.57323" lon="-118.31621000000001"><ele>3526.0</ele></trkpt><trkpt lat="36.57321" lon="-118.31615999999997"><ele>3526.0</ele></trkpt><trkpt lat="36.57313" lon="-118.31524999999999"><ele>3525.0</ele></trkpt><trkpt lat="36.57315" lon="-118.31519000000003"><ele>3524.687329643497</ele></trkpt><trkpt lat="36.57322" lon="-118.31509"><ele>3523.9684568489183</ele></trkpt><trkpt lat="36.57322" lon="-118.31488999999999"><ele>3523.0</ele></trkpt><trkpt lat="36.57319" lon="-118.31471999999997"><ele>3522.0</ele></trkpt><trkpt lat="36.57312" lon="-118.31462999999997"><ele>3520.7707134465018</ele></trkpt><trkpt lat="36.57303" lon="-118.31461999999999"><ele>3520.0</ele></trkpt><trkpt lat="36.57293" lon="-118.31452999999999"><ele>3518.8953877615986</ele></trkpt><trkpt lat="36.5729" lon="-118.31446"><ele>3517.48975837501</ele></trkpt><trkpt lat="36.57285" lon="-118.31444999999997"><ele>3517.0</ele></trkpt><trkpt lat="36.57284" lon="-118.31429000000003"><ele>3515.1631170572114</ele></trkpt><trkpt lat="36.57281" lon="-118.31425999999999"><ele>3514.4153746732604</ele></trkpt><trkpt lat="36.57275" lon="-118.31423000000001"><ele>3513.97821091488</ele></trkpt><trkpt lat="36.57272" lon="-118.3143"><ele>3513.5625464313166</ele></trkpt><trkpt lat="36.57266" lon="-118.3143"><ele>3512.366894396022</ele></trkpt><trkpt lat="36.5726" lon="-118.31443000000002"><ele>3511.963396142233</ele></trkpt><trkpt lat="36.57257" lon="-118.31443999999999"><ele>3510.699839465945</ele></trkpt><trkpt lat="36.5725" lon="-118.31437"><ele>3507.865386320511</ele></trkpt><trkpt lat="36.57243" lon="-118.31438000000003"><ele>3505.808109921056</ele></trkpt><trkpt lat="36.57236" lon="-118.31428"><ele>3503.028934510824</ele></trkpt><trkpt lat="36.57230326065585" lon="-118.31405871655784"><ele>3500.016264975071</ele></trkpt><trkpt lat="36.57230326065585" lon="-118.31405871655784"><ele>3500.016264975071</ele></trkpt><trkpt lat="36.57226" lon="-118.31389000000001"><ele>3500.0</ele></trkpt><trkpt lat="36.57214" lon="-118.31357000000003"><ele>3501.2793474281207</ele></trkpt><trkpt lat="36.57212" lon="-118.31338"><ele>3502.0</ele></trkpt><trkpt lat="36.57212" lon="-118.31292000000002"><ele>3504.345683188876</ele></trkpt><trkpt lat="36.5721" lon="-118.31279999999998"><ele>3505.509002756973</ele></trkpt><trkpt lat="36.57199" lon="-118.31259999999997"><ele>3507.1031644449104</ele></trkpt><trkpt lat="36.57181" lon="-118.31236000000001"><ele>3508.9100745692976</ele></trkpt><trkpt lat="36.57176" lon="-118.31225999999998"><ele>3509.0322736265725</ele></trkpt><trkpt lat="36.5718" lon="-118.31225"><ele>3509.931978911627</ele></trkpt><trkpt lat="36.57175" lon="-118.31222000000002"><ele>3509.921560093295</ele></trkpt><trkpt lat="36.57177" lon="-118.31218000000001"><ele>3511.4339131067973</ele></trkpt><trkpt lat="36.57172" lon="-118.31216999999998"><ele>3510.204747741031</ele></trkpt><trkpt lat="36.5717" lon="-118.31209000000001"><ele>3510.5130408806726</ele></trkpt><trkpt lat="36.5717" lon="-118.31198999999998"><ele>3511.1627338313942</ele></trkpt><trkpt lat="36.57178" lon="-118.31187"><ele>3512.8341821152717</ele></trkpt><trkpt lat="36.57185" lon="-118.31150000000002"><ele>3513.865182668902</ele></trkpt><trkpt lat="36.57187" lon="-118.31067000000002"><ele>3521.9327627118923</ele></trkpt><trkpt lat="36.57174" lon="-118.31024000000002"><ele>3522.3782783621173</ele></trkpt><trkpt lat="36.57176" lon="-118.31004999999999"><ele>3526.0302642753813</ele></trkpt><trkpt lat="36.57173" lon="-118.30977999999999"><ele>3528.580864236923</ele></trkpt><trkpt lat="36.57162" lon="-118.30932999999999"><ele>3532.491589160869</ele></trkpt><trkpt lat="36.57157" lon="-118.30926999999997"><ele>3532.36076502929</ele></trkpt><trkpt lat="36.57138" lon="-118.30917"><ele>3532.0559146665037</ele></trkpt><trkpt lat="36.57102" lon="-118.30903"><ele>3534.2901937775314</ele></trkpt><trkpt lat="36.57088" lon="-118.30892"><ele>3535.8533795552794</ele></trkpt><trkpt lat="36.57081" lon="-118.3089"><ele>3535.9483198584057</ele></trkpt><trkpt lat="36.57068" lon="-118.30875000000003"><ele>3537.9849325660307</ele></trkpt><trkpt lat="36.57046" lon="-118.30863999999997"><ele>3539.3778524450026</ele></trkpt><trkpt lat="36.57044" lon="-118.30851000000001"><ele>3542.407071999507</ele></trkpt><trkpt lat="36.57054" lon="-118.30845999999997"><ele>3544.5721564451233</ele></trkpt><trkpt lat="36.57055" lon="-118.30839000000003"><ele>3546.523589345602</ele></trkpt><trkpt lat="36.57042" lon="-118.30829"><ele>3549.5334435554687</ele></trkpt><trkpt lat="36.57015" lon="-118.30831"><ele>3551.036495925685</ele></trkpt><trkpt lat="36.57013" lon="-118.30830000000003"><ele>3550.9728081094404</ele></trkpt><trkpt lat="36.57011" lon="-118.30821000000003"><ele>3551.1514208616827</ele></trkpt><trkpt lat="36.57006" lon="-118.30818999999997"><ele>3549.9301754282787</ele></trkpt><trkpt lat="36.57" lon="-118.30824000000001"><ele>3548.1893580462784</ele></trkpt><trkpt lat="36.56996" lon="-118.30821000000003"><ele>3547.028813877143</ele></trkpt><trkpt lat="36.56973" lon="-118.30790999999999"><ele>3544.0</ele></trkpt><trkpt lat="36.56961" lon="-118.30768999999998"><ele>3545.0</ele></trkpt><trkpt lat="36.56945" lon="-118.30752000000001"><ele>3546.0</ele></trkpt><trkpt lat="36.56933" lon="-118.30731000000003"><ele>3547.0</ele></trkpt><trkpt lat="36.56925" lon="-118.30707000000001"><ele>3547.9615039995406</ele></trkpt><trkpt lat="36.56913" lon="-118.30691000000002"><ele>3549.70601206389</ele></trkpt><trkpt lat="36.56905" lon="-118.30669"><ele>3552.8161457777023</ele></trkpt><trkpt lat="36.56894" lon="-118.30668000000003"><ele>3554.076932658796</ele></trkpt><trkpt lat="36.56893" lon="-118.30664999999999"><ele>3555.3879293653144</ele></trkpt><trkpt lat="36.56898" lon="-118.30659000000003"><ele>3556.6378003747814</ele></trkpt><trkpt lat="36.5689" lon="-118.30656999999997"><ele>3558.056538423381</ele></trkpt><trkpt lat="36.56892" lon="-118.30650000000003"><ele>3560.2434666659683</ele></trkpt><trkpt lat="36.56888" lon="-118.30646999999999"><ele>3560.942517333664</ele></trkpt><trkpt lat="36.56887" lon="-118.30641000000003"><ele>3563.340618665796</ele></trkpt><trkpt lat="36.56889" lon="-118.30637000000002"><ele>3564.2726862218697</ele></trkpt><trkpt lat="36.56896" lon="-118.30635000000001"><ele>3566.73871999979</ele></trkpt><trkpt lat="36.56893" lon="-118.30635000000001"><ele>3565.8837285107</ele></trkpt><trkpt lat="36.56887" lon="-118.30626999999998"><ele>3568.2057102229446</ele></trkpt><trkpt lat="36.56897" lon="-118.30626999999998"><ele>3569.6028551114723</ele></trkpt><trkpt lat="36.569" lon="-118.30622"><ele>3571.7118132286705</ele></trkpt><trkpt lat="36.56893" lon="-118.30613"><ele>3575.5851746005937</ele></trkpt><trkpt lat="36.56896" lon="-118.30608999999998"><ele>3576.59431822272</ele></trkpt><trkpt lat="36.56897" lon="-118.30603000000002"><ele>3579.254919773925</ele></trkpt><trkpt lat="36.56892" lon="-118.30603000000002"><ele>3579.1952604439575</ele></trkpt><trkpt lat="36.56902" lon="-118.30592999999999"><ele>3583.5254293333273</ele></trkpt><trkpt lat="36.56898" lon="-118.30581999999998"><ele>3586.177230223082</ele></trkpt><trkpt lat="36.56902" lon="-118.30572000000001"><ele>3589.858298907816</ele></trkpt><trkpt lat="36.56896" lon="-118.30556999999999"><ele>3592.9140373335686</ele></trkpt><trkpt lat="36.56896" lon="-118.30551000000003"><ele>3594.3275436400436</ele></trkpt><trkpt lat="36.56902" lon="-118.30543"><ele>3597.1762737776153</ele></trkpt><trkpt lat="36.56899" lon="-118.30536000000001"><ele>3598.807391999755</ele></trkpt><trkpt lat="36.5689" lon="-118.30527000000001"><ele>3600.973786599988</ele></trkpt><trkpt lat="36.56885" lon="-118.30507999999998"><ele>3603.2142416596944</ele></trkpt><trkpt lat="36.56877" lon="-118.30497000000003"><ele>3605.8428803259385</ele></trkpt><trkpt lat="36.56876" lon="-118.30482"><ele>3609.9933762713335</ele></trkpt><trkpt lat="36.56869" lon="-118.30466999999999"><ele>3611.885557333706</ele></trkpt><trkpt lat="36.56869" lon="-118.30461000000003"><ele>3613.3352417034416</ele></trkpt><trkpt lat="36.56874" lon="-118.30461000000003"><ele>3614.652912540314</ele></trkpt><trkpt lat="36.56873" lon="-118.30457000000001"><ele>3615.558100283146</ele></trkpt><trkpt lat="36.56866" lon="-118.30444"><ele>3618.3212355008222</ele></trkpt><trkpt lat="36.56865" lon="-118.30435"><ele>3620.384746754542</ele></trkpt><trkpt lat="36.5686" lon="-118.30426999999997"><ele>3621.7769026169553</ele></trkpt><trkpt lat="36.56858" lon="-118.30417999999997"><ele>3623.2937929746695</ele></trkpt><trkpt lat="36.56852" lon="-118.30419"><ele>3622.0703680000734</ele></trkpt><trkpt lat="36.56848" lon="-118.30414000000002"><ele>3622.303575259861</ele></trkpt><trkpt lat="36.56845" lon="-118.30401999999998"><ele>3624.031655111583</ele></trkpt><trkpt lat="36.56837" lon="-118.30399999999997"><ele>3623.4976888892706</ele></trkpt><trkpt lat="36.56829" lon="-118.30403999999999"><ele>3621.5656213336624</ele></trkpt><trkpt lat="36.56821" lon="-118.30398000000002"><ele>3623.0</ele></trkpt><trkpt lat="36.56804608691636" lon="-118.30398000000002"><ele>3624.4637231605593</ele></trkpt><trkpt lat="36.56800642691086" lon="-118.30395642690684"><ele>3625.3337941272794</ele></trkpt><trkpt lat="36.56798" lon="-118.30392999999998"><ele>3626.0</ele></trkpt><trkpt lat="36.56791" lon="-118.30369000000002"><ele>3629.846184566609</ele></trkpt><trkpt lat="36.56757" lon="-118.30347"><ele>3632.0</ele></trkpt><trkpt lat="36.56742" lon="-118.30340999999999"><ele>3632.245685333386</ele></trkpt><trkpt lat="36.56735" lon="-118.30342000000002"><ele>3633.0</ele></trkpt><trkpt lat="36.56702" lon="-118.30354"><ele>3641.0</ele></trkpt><trkpt lat="36.56697" lon="-118.30353000000002"><ele>3641.0</ele></trkpt><trkpt lat="36.5667" lon="-118.30324000000002"><ele>3643.2069724439643</ele></trkpt><trkpt lat="36.56663" lon="-118.30309"><ele>3644.5843805149198</ele></trkpt><trkpt lat="36.5665" lon="-118.30293"><ele>3648.355982305482</ele></trkpt><trkpt lat="36.56628" lon="-118.30273"><ele>3652.0</ele></trkpt><trkpt lat="36.56606" lon="-118.30261000000002"><ele>3653.887036443921</ele></trkpt><trkpt lat="36.56604" lon="-118.30243000000002"><ele>3656.0</ele></trkpt><trkpt lat="36.56593" lon="-118.30200000000002"><ele>3661.1010666659568</ele></trkpt><trkpt lat="36.56585" lon="-118.30178000000001"><ele>3664.2274382219184</ele></trkpt><trkpt lat="36.56585" lon="-118.30165999999997"><ele>3666.0</ele></trkpt><trkpt lat="36.56568" lon="-118.30137000000002"><ele>3671.9270702826325</ele></trkpt><trkpt lat="36.56567" lon="-118.30129"><ele>3673.081325265579</ele></trkpt><trkpt lat="36.56554" lon="-118.30131"><ele>3676.0372111450324</ele></trkpt><trkpt lat="36.56547" lon="-118.30124"><ele>3677.8555720291583</ele></trkpt><trkpt lat="36.56536" lon="-118.30126999999999"><ele>3680.0</ele></trkpt><trkpt lat="36.56526" lon="-118.30123000000003"><ele>3682.0</ele></trkpt><trkpt lat="36.56503" lon="-118.30078000000003"><ele>3691.5254739397205</ele></trkpt><trkpt lat="36.56503" lon="-118.30078000000003"><ele>3691.5254739397205</ele></trkpt><trkpt lat="36.56497" lon="-118.30070999999998"><ele>3692.1602453337982</ele></trkpt><trkpt lat="36.56491" lon="-118.3007"><ele>3692.0808285860194</ele></trkpt><trkpt lat="36.56476" lon="-118.30075"><ele>3694.0649883947335</ele></trkpt><trkpt lat="36.56473" lon="-118.30072999999999"><ele>3694.694211555645</ele></trkpt><trkpt lat="36.56474" lon="-118.30069000000003"><ele>3695.2611855775845</ele></trkpt><trkpt lat="36.56478" lon="-118.30063000000001"><ele>3695.280958115356</ele></trkpt><trkpt lat="36.56468" lon="-118.30061999999998"><ele>3697.415138232289</ele></trkpt><trkpt lat="36.56466" lon="-118.30057999999997"><ele>3698.9274379834533</ele></trkpt><trkpt lat="36.56468" lon="-118.30054000000001"><ele>3699.381635149361</ele></trkpt><trkpt lat="36.56476" lon="-118.30051000000003"><ele>3698.6866726587655</ele></trkpt><trkpt lat="36.56482" lon="-118.30036000000001"><ele>3701.3461919044607</ele></trkpt><trkpt lat="36.56467" lon="-118.30039"><ele>3705.0646427925676</ele></trkpt><trkpt lat="36.56472" lon="-118.30027999999999"><ele>3706.3572191703133</ele></trkpt><trkpt lat="36.56477" lon="-118.30024000000003"><ele>3706.658733272692</ele></trkpt><trkpt lat="36.56469" lon="-118.30025"><ele>3708.625669187866</ele></trkpt><trkpt lat="36.56473" lon="-118.30015000000003"><ele>3709.977610440307</ele></trkpt><trkpt lat="36.56462" lon="-118.30014"><ele>3712.83950404239</ele></trkpt><trkpt lat="36.56475" lon="-118.30000999999999"><ele>3714.06978214439</ele></trkpt><trkpt lat="36.56474" lon="-118.29997000000003"><ele>3715.8205385231413</ele></trkpt><trkpt lat="36.56455" lon="-118.29996"><ele>3718.974282307638</ele></trkpt><trkpt lat="36.56441" lon="-118.30007"><ele>3721.064189075725</ele></trkpt><trkpt lat="36.56429" lon="-118.30000999999999"><ele>3723.9428551113233</ele></trkpt><trkpt lat="36.56438" lon="-118.29985999999997"><ele>3726.8278889372014</ele></trkpt><trkpt lat="36.56439" lon="-118.29980999999998"><ele>3727.759373425408</ele></trkpt><trkpt lat="36.56431" lon="-118.2998"><ele>3729.364782222081</ele></trkpt><trkpt lat="36.56424" lon="-118.29975999999999"><ele>3731.296849777689</ele></trkpt><trkpt lat="36.56428" lon="-118.29971"><ele>3732.4619342221413</ele></trkpt><trkpt lat="36.56437" lon="-118.29966000000002"><ele>3733.3104780005237</ele></trkpt><trkpt lat="36.56437" lon="-118.29962999999998"><ele>3734.3260693338234</ele></trkpt><trkpt lat="36.56422" lon="-118.29957000000002"><ele>3737.5870954505126</ele></trkpt><trkpt lat="36.56412" lon="-118.29948999999999"><ele>3739.772425987292</ele></trkpt><trkpt lat="36.56426" lon="-118.29939999999999"><ele>3743.0280432214495</ele></trkpt><trkpt lat="36.56417" lon="-118.29935999999998"><ele>3745.2064067184197</ele></trkpt><trkpt lat="36.56413" lon="-118.29930999999999"><ele>3746.4511480377987</ele></trkpt><trkpt lat="36.56463" lon="-118.29903999999999"><ele>3756.7564526610076</ele></trkpt><trkpt lat="36.56428" lon="-118.29895999999997"><ele>3762.876401779242</ele></trkpt><trkpt lat="36.56414" lon="-118.29883999999998"><ele>3765.8636898452455</ele></trkpt><trkpt lat="36.56403" lon="-118.29880000000003"><ele>3765.3430794698006</ele></trkpt><trkpt lat="36.56387" lon="-118.29879"><ele>3766.5979519998655</ele></trkpt><trkpt lat="36.56378" lon="-118.29874000000001"><ele>3769.444450219301</ele></trkpt><trkpt lat="36.56366" lon="-118.29874000000001"><ele>3771.1291448883712</ele></trkpt><trkpt lat="36.5633" lon="-118.29856000000001"><ele>3778.985436504186</ele></trkpt><trkpt lat="36.56288" lon="-118.29849000000002"><ele>3783.4915593965943</ele></trkpt><trkpt lat="36.5626" lon="-118.29836999999998"><ele>3790.3723946674727</ele></trkpt><trkpt lat="36.5626" lon="-118.29836999999998"><ele>3790.3723946674727</ele></trkpt><trkpt lat="36.5624" lon="-118.29827"><ele>3794.049098665826</ele></trkpt><trkpt lat="36.56213" lon="-118.29822999999999"><ele>3797.573032696033</ele></trkpt><trkpt lat="36.56188" lon="-118.29804000000001"><ele>3803.508811140813</ele></trkpt><trkpt lat="36.56152" lon="-118.29784999999998"><ele>3811.442198803219</ele></trkpt><trkpt lat="36.56092" lon="-118.29748000000001"><ele>3821.849400888197</ele></trkpt><trkpt lat="36.561" lon="-118.29745000000003"><ele>3825.247502220329</ele></trkpt><trkpt lat="36.56147" lon="-118.29746"><ele>3832.6722026660573</ele></trkpt><trkpt lat="36.56182" lon="-118.29755999999998"><ele>3834.681696000742</ele></trkpt><trkpt lat="36.56205" lon="-118.29753"><ele>3839.5192320002243</ele></trkpt><trkpt lat="36.56228" lon="-118.29759000000001"><ele>3840.5845439990517</ele></trkpt><trkpt lat="36.5626" lon="-118.29757000000001"><ele>3844.154012305662</ele></trkpt><trkpt lat="36.5626" lon="-118.29757000000001"><ele>3844.154012305662</ele></trkpt><trkpt lat="36.56264" lon="-118.29757000000001"><ele>3844.2117166195276</ele></trkpt><trkpt lat="36.5626" lon="-118.29753"><ele>3845.8886209923576</ele></trkpt><trkpt lat="36.5626" lon="-118.29753"><ele>3845.8886209923576</ele></trkpt><trkpt lat="36.56198" lon="-118.29727000000003"><ele>3855.4664368559606</ele></trkpt><trkpt lat="36.56166" lon="-118.29708"><ele>3863.098070305232</ele></trkpt><trkpt lat="36.56126" lon="-118.29680000000002"><ele>3871.265699214618</ele></trkpt><trkpt lat="36.56116" lon="-118.29665"><ele>3876.1890097752557</ele></trkpt><trkpt lat="36.56077" lon="-118.29646000000002"><ele>3880.9869902965147</ele></trkpt><trkpt lat="36.56067" lon="-118.29637000000002"><ele>3883.3774336543866</ele></trkpt><trkpt lat="36.56039" lon="-118.29617000000002"><ele>3888.2663904189085</ele></trkpt><trkpt lat="36.5605" lon="-118.29615999999999"><ele>3891.1257847847883</ele></trkpt><trkpt lat="36.56083" lon="-118.29626999999999"><ele>3895.009562351741</ele></trkpt><trkpt lat="36.56116" lon="-118.29626000000002"><ele>3901.281988809118</ele></trkpt><trkpt lat="36.56134" lon="-118.29633999999999"><ele>3902.910822894537</ele></trkpt><trkpt lat="36.56174" lon="-118.29642999999999"><ele>3909.6255561483595</ele></trkpt><trkpt lat="36.56195" lon="-118.29640999999998"><ele>3914.4849730744772</ele></trkpt><trkpt lat="36.56192" lon="-118.29635999999999"><ele>3917.0451839999296</ele></trkpt><trkpt lat="36.56187" lon="-118.29635999999999"><ele>3916.721075454776</ele></trkpt><trkpt lat="36.56178" lon="-118.29629999999997"><ele>3919.4722391276155</ele></trkpt><trkpt lat="36.56161" lon="-118.29611"><ele>3926.6007934596855</ele></trkpt><trkpt lat="36.56143" lon="-118.29597999999999"><ele>3929.034768416893</ele></trkpt><trkpt lat="36.56127" lon="-118.29581000000002"><ele>3932.9867343941937</ele></trkpt><trkpt lat="36.56106" lon="-118.29577"><ele>3935.4118367983788</ele></trkpt><trkpt lat="36.56093" lon="-118.29568"><ele>3937.135687228991</ele></trkpt><trkpt lat="36.56045" lon="-118.29514"><ele>3950.9846932178557</ele></trkpt><trkpt lat="36.56031" lon="-118.29502000000002"><ele>3953.607419840931</ele></trkpt><trkpt lat="36.56017" lon="-118.29494999999997"><ele>3955.1362223969145</ele></trkpt><trkpt lat="36.55997" lon="-118.29498999999998"><ele>3957.8054474229257</ele></trkpt><trkpt lat="36.55992" lon="-118.29494999999997"><ele>3959.7304136186913</ele></trkpt><trkpt lat="36.55992" lon="-118.29493000000002"><ele>3961.244448678208</ele></trkpt><trkpt lat="36.56004" lon="-118.29493000000002"><ele>3960.2594392598808</ele></trkpt><trkpt lat="36.5601" lon="-118.29484000000002"><ele>3963.8758731634807</ele></trkpt><trkpt lat="36.56016" lon="-118.29480999999998"><ele>3963.9206293339375</ele></trkpt><trkpt lat="36.56025" lon="-118.29480999999998"><ele>3966.488165216585</ele></trkpt><trkpt lat="36.56046" lon="-118.29485"><ele>3969.711292244787</ele></trkpt><trkpt lat="36.56089" lon="-118.29500999999999"><ele>3976.9374208627896</ele></trkpt><trkpt lat="36.56102" lon="-118.29500000000002"><ele>3981.7503157658502</ele></trkpt><trkpt lat="36.56114" lon="-118.29512"><ele>3980.6069502547275</ele></trkpt><trkpt lat="36.56123" lon="-118.29505"><ele>3984.1316738750193</ele></trkpt><trkpt lat="36.56136" lon="-118.29507999999998"><ele>3984.0462613340933</ele></trkpt><trkpt lat="36.56142" lon="-118.29505"><ele>3986.6634678040555</ele></trkpt><trkpt lat="36.56178" lon="-118.29516999999998"><ele>3992.7448445090395</ele></trkpt><trkpt lat="36.56151" lon="-118.29488000000003"><ele>4000.026159414051</ele></trkpt><trkpt lat="36.56143" lon="-118.29482999999999"><ele>4001.079026571242</ele></trkpt><trkpt lat="36.56121" lon="-118.29476"><ele>4003.9590308354236</ele></trkpt><trkpt lat="36.56118" lon="-118.29469"><ele>4006.480648991186</ele></trkpt><trkpt lat="36.56099" lon="-118.29455999999999"><ele>4008.980819984339</ele></trkpt><trkpt lat="36.56083" lon="-118.29435999999998"><ele>4014.4212069892956</ele></trkpt><trkpt lat="36.56061" lon="-118.29417999999998"><ele>4018.4086500969715</ele></trkpt><trkpt lat="36.56042" lon="-118.29407000000003"><ele>4020.6802355276827</ele></trkpt><trkpt lat="36.56028" lon="-118.29408000000001"><ele>4021.843203547408</ele></trkpt><trkpt lat="36.56025" lon="-118.29413"><ele>4021.1349435104266</ele></trkpt><trkpt lat="36.56021" lon="-118.29410000000001"><ele>4021.1490983549047</ele></trkpt><trkpt lat="36.56024" lon="-118.29401000000001"><ele>4027.2568489160553</ele></trkpt><trkpt lat="36.56038" lon="-118.29395999999997"><ele>4028.478514349944</ele></trkpt><trkpt lat="36.56051" lon="-118.29403000000002"><ele>4027.213074039348</ele></trkpt><trkpt lat="36.5607" lon="-118.29403000000002"><ele>4029.895510441097</ele></trkpt><trkpt lat="36.56077" lon="-118.29404999999997"><ele>4032.400974369125</ele></trkpt><trkpt lat="36.56082" lon="-118.29415"><ele>4030.775729716103</ele></trkpt><trkpt lat="36.56092" lon="-118.29413999999997"><ele>4033.26592963608</ele></trkpt><trkpt lat="36.56099" lon="-118.29421000000002"><ele>4034.4475933157373</ele></trkpt><trkpt lat="36.56117" lon="-118.29419999999999"><ele>4037.420985623512</ele></trkpt><trkpt lat="36.56133" lon="-118.29426000000001"><ele>4038.724895972659</ele></trkpt><trkpt lat="36.56144" lon="-118.29422999999997"><ele>4041.180786840126</ele></trkpt><trkpt lat="36.56154" lon="-118.29426999999998"><ele>4041.7798749071144</ele></trkpt><trkpt lat="36.56174" lon="-118.29430000000002"><ele>4045.619557260885</ele></trkpt><trkpt lat="36.56172" lon="-118.29426000000001"><ele>4047.4090946413517</ele></trkpt><trkpt lat="36.56157" lon="-118.29413999999997"><ele>4051.2785761031064</ele></trkpt><trkpt lat="36.56112" lon="-118.29390999999998"><ele>4057.398484111298</ele></trkpt><trkpt lat="36.56119" lon="-118.29389000000003"><ele>4060.201719832</ele></trkpt><trkpt lat="36.56126" lon="-118.29394000000002"><ele>4058.362774516456</ele></trkpt><trkpt lat="36.56146" lon="-118.29390000000001"><ele>4063.9610505288</ele></trkpt><trkpt lat="36.56193" lon="-118.29401000000001"><ele>4071.343302904628</ele></trkpt><trkpt lat="36.56209" lon="-118.29401000000001"><ele>4075.266561524011</ele></trkpt><trkpt lat="36.56218" lon="-118.29407000000003"><ele>4076.0813180529512</ele></trkpt><trkpt lat="36.56206" lon="-118.29383999999999"><ele>4080.445169693302</ele></trkpt><trkpt lat="36.56174" lon="-118.2935"><ele>4086.8805828932673</ele></trkpt><trkpt lat="36.56153" lon="-118.29334"><ele>4090.836024821104</ele></trkpt><trkpt lat="36.56107" lon="-118.29316"><ele>4100.166068524682</ele></trkpt><trkpt lat="36.56102" lon="-118.29316"><ele>4100.1759928883985</ele></trkpt><trkpt lat="36.56095" lon="-118.29309"><ele>4103.069782513194</ele></trkpt><trkpt lat="36.56087" lon="-118.29309999999998"><ele>4101.590177509717</ele></trkpt><trkpt lat="36.56073" lon="-118.29298"><ele>4105.096216791077</ele></trkpt><trkpt lat="36.56069" lon="-118.29296999999997"><ele>4106.015452188363</ele></trkpt><trkpt lat="36.56063" lon="-118.29302000000001"><ele>4104.930639608196</ele></trkpt><trkpt lat="36.56057" lon="-118.29311000000001"><ele>4106.822283144109</ele></trkpt><trkpt lat="36.56057" lon="-118.29311000000001"><ele>4106.822283144109</ele></trkpt><trkpt lat="36.56055" lon="-118.29305"><ele>4109.925820120231</ele></trkpt><trkpt lat="36.56069" lon="-118.29291999999998"><ele>4110.753686354266</ele></trkpt><trkpt lat="36.56094" lon="-118.29293000000001"><ele>4114.894769777078</ele></trkpt><trkpt lat="36.56106" lon="-118.2928"><ele>4117.6154315281465</ele></trkpt><trkpt lat="36.56131" lon="-118.2926"><ele>4123.1986303320155</ele></trkpt><trkpt lat="36.56149" lon="-118.29251999999997"><ele>4125.002154668327</ele></trkpt><trkpt lat="36.56161" lon="-118.29248999999999"><ele>4127.333796987411</ele></trkpt><trkpt lat="36.5618" lon="-118.29251"><ele>4127.702282666229</ele></trkpt><trkpt lat="36.56204" lon="-118.29246"><ele>4134.051265506074</ele></trkpt><trkpt lat="36.56224" lon="-118.29254000000003"><ele>4137.180167307146</ele></trkpt><trkpt lat="36.56234" lon="-118.29262"><ele>4138.612576868343</ele></trkpt><trkpt lat="36.5626" lon="-118.29275000000001"><ele>4144.2812086110935</ele></trkpt><trkpt lat="36.5626" lon="-118.29275000000001"><ele>4144.2812086110935</ele></trkpt><trkpt lat="36.56265" lon="-118.29278"><ele>4145.841553231934</ele></trkpt><trkpt lat="36.56289" lon="-118.29308000000003"><ele>4148.6446898404765</ele></trkpt><trkpt lat="36.56309" lon="-118.29323"><ele>4149.525821744629</ele></trkpt><trkpt lat="36.56308" lon="-118.29317000000003"><ele>4152.217626155276</ele></trkpt><trkpt lat="36.56298" lon="-118.29302000000001"><ele>4155.563391031801</ele></trkpt><trkpt lat="36.56277" lon="-118.29254000000003"><ele>4161.931611801498</ele></trkpt><trkpt lat="36.56276" lon="-118.29244"><ele>4164.1465192474425</ele></trkpt><trkpt lat="36.5627" lon="-118.29239999999999"><ele>4163.07564863938</ele></trkpt><trkpt lat="36.56269" lon="-118.29232999999999"><ele>4165.648181925295</ele></trkpt><trkpt lat="36.5626" lon="-118.29223999999999"><ele>4166.04893127922</ele></trkpt><trkpt lat="36.5626" lon="-118.29223999999999"><ele>4166.04893127922</ele></trkpt><trkpt lat="36.56251" lon="-118.29203000000001"><ele>4169.678810167671</ele></trkpt><trkpt lat="36.5626" lon="-118.29209000000003"><ele>4172.029058729442</ele></trkpt><trkpt lat="36.5626" lon="-118.29209000000003"><ele>4172.029058729442</ele></trkpt><trkpt lat="36.56295" lon="-118.29228999999998"><ele>4178.0131955249235</ele></trkpt><trkpt lat="36.56315" lon="-118.29246999999998"><ele>4182.076021811692</ele></trkpt><trkpt lat="36.56327" lon="-118.29250000000002"><ele>4185.369400772263</ele></trkpt><trkpt lat="36.56335" lon="-118.29259000000002"><ele>4185.722237669002</ele></trkpt><trkpt lat="36.56344" lon="-118.29264"><ele>4188.073021757649</ele></trkpt><trkpt lat="36.56353" lon="-118.29266000000001"><ele>4188.488571110833</ele></trkpt><trkpt lat="36.56364" lon="-118.29257000000001"><ele>4189.003203225322</ele></trkpt><trkpt lat="36.56373" lon="-118.29255"><ele>4189.970438100998</ele></trkpt><trkpt lat="36.56382" lon="-118.29266999999999"><ele>4185.51872520506</ele></trkpt><trkpt lat="36.56385" lon="-118.29266999999999"><ele>4183.991973482305</ele></trkpt><trkpt lat="36.56394" lon="-118.29257000000001"><ele>4189.031504214175</ele></trkpt><trkpt lat="36.56404" lon="-118.29255"><ele>4191.878956710454</ele></trkpt><trkpt lat="36.56408" lon="-118.2926"><ele>4193.313735239673</ele></trkpt><trkpt lat="36.56411" lon="-118.29272000000003"><ele>4193.987179527525</ele></trkpt><trkpt lat="36.56415" lon="-118.29273999999998"><ele>4192.641877947519</ele></trkpt><trkpt lat="36.56428" lon="-118.29257000000001"><ele>4191.118747755464</ele></trkpt><trkpt lat="36.56437" lon="-118.29251999999997"><ele>4189.305715051458</ele></trkpt><trkpt lat="36.56442" lon="-118.29250000000002"><ele>4190.167696728371</ele></trkpt><trkpt lat="36.5645" lon="-118.29255"><ele>4191.681851910194</ele></trkpt><trkpt lat="36.56455" lon="-118.29246"><ele>4190.056030957494</ele></trkpt><trkpt lat="36.56479" lon="-118.29242999999997"><ele>4189.328226861078</ele></trkpt><trkpt lat="36.56484" lon="-118.29245000000003"><ele>4190.05457299767</ele></trkpt><trkpt lat="36.56494" lon="-118.29257999999999"><ele>4189.038345392328</ele></trkpt><trkpt lat="36.56501" lon="-118.29250000000002"><ele>4191.401333331363</ele></trkpt><trkpt lat="36.56514" lon="-118.29253"><ele>4190.30340420439</ele></trkpt><trkpt lat="36.56518" lon="-118.29251"><ele>4193.164414037019</ele></trkpt><trkpt lat="36.5653" lon="-118.29257000000001"><ele>4194.331049086992</ele></trkpt><trkpt lat="36.56534" lon="-118.29269"><ele>4193.059194389157</ele></trkpt><trkpt lat="36.56541" lon="-118.29271"><ele>4193.6273858713275</ele></trkpt><trkpt lat="36.56545" lon="-118.29277000000002"><ele>4194.66922286145</ele></trkpt><trkpt lat="36.56548" lon="-118.29277000000002"><ele>4193.0813910623265</ele></trkpt><trkpt lat="36.56564" lon="-118.2926"><ele>4194.62226500462</ele></trkpt><trkpt lat="36.56573" lon="-118.29255999999998"><ele>4194.528698941693</ele></trkpt><trkpt lat="36.56597" lon="-118.29237999999998"><ele>4197.592838720607</ele></trkpt><trkpt lat="36.56615" lon="-118.29246999999998"><ele>4193.417109808374</ele></trkpt><trkpt lat="36.56622" lon="-118.29246"><ele>4192.798357333057</ele></trkpt><trkpt lat="36.56628" lon="-118.29248000000001"><ele>4191.209936690517</ele></trkpt><trkpt lat="36.56633" lon="-118.29245000000003"><ele>4192.158438647128</ele></trkpt><trkpt lat="36.5664" lon="-118.29255999999998"><ele>4191.189279320028</ele></trkpt><trkpt lat="36.56644" lon="-118.29255999999998"><ele>4188.497187690809</ele></trkpt><trkpt lat="36.56647" lon="-118.29251999999997"><ele>4191.002398524044</ele></trkpt><trkpt lat="36.56653" lon="-118.29251999999997"><ele>4194.544791822731</ele></trkpt><trkpt lat="36.56661" lon="-118.29268000000002"><ele>4193.500702707444</ele></trkpt><trkpt lat="36.56665" lon="-118.29269999999997"><ele>4190.236957793811</ele></trkpt><trkpt lat="36.56673" lon="-118.29264999999998"><ele>4191.568510430348</ele></trkpt><trkpt lat="36.56679" lon="-118.29272000000003"><ele>4187.547933157543</ele></trkpt><trkpt lat="36.56696" lon="-118.29275999999999"><ele>4182.01261070649</ele></trkpt><trkpt lat="36.56702" lon="-118.29282"><ele>4183.468647366585</ele></trkpt><trkpt lat="36.56703" lon="-118.29287999999997"><ele>4182.645666668349</ele></trkpt><trkpt lat="36.56708" lon="-118.29291999999998"><ele>4181.569992172532</ele></trkpt><trkpt lat="36.56759" lon="-118.29302000000001"><ele>4184.700465776958</ele></trkpt><trkpt lat="36.56771" lon="-118.29300999999998"><ele>4185.749749334063</ele></trkpt><trkpt lat="36.56836" lon="-118.29273999999998"><ele>4197.155536031974</ele></trkpt><trkpt lat="36.56874" lon="-118.29271"><ele>4201.51041695399</ele></trkpt><trkpt lat="36.56945" lon="-118.29255"><ele>4212.835981731769</ele></trkpt><trkpt lat="36.56964" lon="-118.29257000000001"><ele>4214.507978666341</ele></trkpt><trkpt lat="36.57007" lon="-118.29253"><ele>4220.536120888777</ele></trkpt><trkpt lat="36.57042" lon="-118.29245000000003"><ele>4227.264391109347</ele></trkpt><trkpt lat="36.57091" lon="-118.29244"><ele>4231.242544385872</ele></trkpt><trkpt lat="36.57113" lon="-118.29232999999999"><ele>4234.871098391162</ele></trkpt><trkpt lat="36.5714" lon="-118.29199"><ele>4238.475077764584</ele></trkpt><trkpt lat="36.57156" lon="-118.29187999999999"><ele>4239.9141582222655</ele></trkpt><trkpt lat="36.57179" lon="-118.29179999999997"><ele>4242.432261728682</ele></trkpt><trkpt lat="36.57218" lon="-118.29156999999998"><ele>4248.654718346626</ele></trkpt><trkpt lat="36.57235" lon="-118.29154"><ele>4250.836732444353</ele></trkpt><trkpt lat="36.57248" lon="-118.29147999999998"><ele>4253.379104266176</ele></trkpt><trkpt lat="36.57277" lon="-118.29147999999998"><ele>4257.234833778115</ele></trkpt><trkpt lat="36.57328" lon="-118.29161999999997"><ele>4264.328622814966</ele></trkpt><trkpt lat="36.57355" lon="-118.29165999999998"><ele>4269.230576842092</ele></trkpt><trkpt lat="36.57382" lon="-118.29181"><ele>4273.5693724816665</ele></trkpt><trkpt lat="36.57404" lon="-118.29203999999999"><ele>4274.593303452479</ele></trkpt><trkpt lat="36.57427" lon="-118.29215999999997"><ele>4279.502118097323</ele></trkpt><trkpt lat="36.5745" lon="-118.29241999999999"><ele>4281.085661035962</ele></trkpt><trkpt lat="36.57459" lon="-118.29246"><ele>4282.764972219709</ele></trkpt><trkpt lat="36.5747" lon="-118.29259000000002"><ele>4283.763728660498</ele></trkpt><trkpt lat="36.57479" lon="-118.29262"><ele>4285.839776761597</ele></trkpt><trkpt lat="36.57484" lon="-118.29266999999999"><ele>4286.431674254056</ele></trkpt><trkpt lat="36.57503" lon="-118.29302000000001"><ele>4287.5689555027975</ele></trkpt><trkpt lat="36.57542" lon="-118.29344000000003"><ele>4293.701478066338</ele></trkpt><trkpt lat="36.57585" lon="-118.29399000000001"><ele>4299.925415492617</ele></trkpt><trkpt lat="36.57592454958279" lon="-118.29414708662085"><ele>4302.177066089585</ele></trkpt><trkpt lat="36.57594680879377" lon="-118.29419398971629"><ele>4302.468805581331</ele></trkpt><trkpt lat="36.57613" lon="-118.29458"><ele>4307.099693845438</ele></trkpt><trkpt lat="36.57637" lon="-118.29534999999998"><ele>4315.027374679223</ele></trkpt><trkpt lat="36.57651" lon="-118.29610000000002"><ele>4322.227795208804</ele></trkpt><trkpt lat="36.57651" lon="-118.29638"><ele>4324.023668078009</ele></trkpt><trkpt lat="36.57657" lon="-118.29667"><ele>4329.334723306121</ele></trkpt><trkpt lat="36.57655" lon="-118.29681"><ele>4328.245287851639</ele></trkpt><trkpt lat="36.57661" lon="-118.29694"><ele>4329.955249753368</ele></trkpt><trkpt lat="36.57684" lon="-118.2971"><ele>4334.748671496099</ele></trkpt><trkpt lat="36.5769" lon="-118.29708"><ele>4335.845245343724</ele></trkpt><trkpt lat="36.57705" lon="-118.29712999999998"><ele>4337.0</ele></trkpt><trkpt lat="36.57712" lon="-118.29712"><ele>4337.81330844434</ele></trkpt><trkpt lat="36.57716" lon="-118.29694"><ele>4340.944061076967</ele></trkpt><trkpt lat="36.57725" lon="-118.29681"><ele>4344.036832000362</ele></trkpt><trkpt lat="36.57738" lon="-118.29674"><ele>4346.213773568903</ele></trkpt><trkpt lat="36.57764" lon="-118.29665"><ele>4350.0</ele></trkpt><trkpt lat="36.57763" lon="-118.29647"><ele>4352.959406222217</ele></trkpt><trkpt lat="36.57782" lon="-118.29635999999999"><ele>4356.522591999965</ele></trkpt><trkpt lat="36.5782" lon="-118.29599000000002"><ele>4362.1442168881185</ele></trkpt><trkpt lat="36.5782" lon="-118.29599000000002"><ele>4362.1442168881185</ele></trkpt><trkpt lat="36.57798" lon="-118.29572999999999"><ele>4367.202656000154</ele></trkpt><trkpt lat="36.57779" lon="-118.29529000000002"><ele>4373.573465018482</ele></trkpt><trkpt lat="36.57774301722991" lon="-118.29507522162248"><ele>4375.4600980440155</ele></trkpt><trkpt lat="36.57773920087483" lon="-118.29505777539902"><ele>4375.866624515504</ele></trkpt><trkpt lat="36.57772" lon="-118.29497000000003"><ele>4377.928286801827</ele></trkpt><trkpt lat="36.57767" lon="-118.29452000000003"><ele>4384.292234211227</ele></trkpt><trkpt lat="36.57752" lon="-118.29410000000001"><ele>4389.184408888686</ele></trkpt><trkpt lat="36.57747" lon="-118.29371000000003"><ele>4394.25343645077</ele></trkpt><trkpt lat="36.5774" lon="-118.29354999999998"><ele>4395.900405581813</ele></trkpt><trkpt lat="36.57742" lon="-118.2935"><ele>4396.566603632629</ele></trkpt><trkpt lat="36.57783" lon="-118.29329999999999"><ele>4404.0</ele></trkpt><trkpt lat="36.57795" lon="-118.29322000000002"><ele>4406.0</ele></trkpt><trkpt lat="36.57802" lon="-118.29322000000002"><ele>4406.0</ele></trkpt><trkpt lat="36.57807" lon="-118.29308000000003"><ele>4407.0</ele></trkpt><trkpt lat="36.57817559770861" lon="-118.29288640420089"><ele>4409.0</ele></trkpt><trkpt lat="36.57817415041247" lon="-118.29288905774513"><ele>4409.0</ele></trkpt><trkpt lat="36.57831" lon="-118.29264"><ele>4412.0</ele></trkpt><trkpt lat="36.57848" lon="-118.29246999999998"><ele>4414.364860955178</ele></trkpt><trkpt lat="36.57848" lon="-118.29246999999998"><ele>4414.364860955178</ele></trkpt><trkpt lat="36.57848" lon="-118.29246999999998"><ele>4414.364860955178</ele></trkpt><trkpt lat="36.5785" lon="-118.29233999999997"><ele>4416.0</ele></trkpt><trkpt lat="36.578580421856515" lon="-118.29216128476332"><ele>4418.0</ele></trkpt><trkpt lat="36.57858201597476" lon="-118.29215774228771"><ele>4418.0</ele></trkpt><trkpt lat="36.5785" lon="-118.29233999999997"><ele>4416.0</ele></trkpt><trkpt lat="36.57848" lon="-118.29246999999998"><ele>4414.364860955178</ele></trkpt><trkpt lat="36.57848" lon="-118.29246999999998"><ele>4414.364860955178</ele></trkpt><trkpt lat="36.57848" lon="-118.29246999999998"><ele>4414.364860955178</ele></trkpt><trkpt lat="36.57853" lon="-118.29323999999997"><ele>4407.0</ele></trkpt><trkpt lat="36.57851285009518" lon="-118.29336576596864"><ele>4406.0</ele></trkpt><trkpt lat="36.57850688105535" lon="-118.29340953892745"><ele>4405.273317991523</ele></trkpt><trkpt lat="36.57847" lon="-118.29368"><ele>4402.971118222224</ele></trkpt><trkpt lat="36.57848" lon="-118.29442"><ele>4388.727868444286</ele></trkpt><trkpt lat="36.57839" lon="-118.29478"><ele>4383.0</ele></trkpt><trkpt lat="36.57835" lon="-118.29515000000004"><ele>4377.717635554727</ele></trkpt><trkpt lat="36.57824" lon="-118.29534999999998"><ele>4374.057297778316</ele></trkpt><trkpt lat="36.57816" lon="-118.29575999999997"><ele>4367.503605334088</ele></trkpt><trkpt lat="36.5782" lon="-118.29599000000002"><ele>4362.1442168881185</ele></trkpt><trkpt lat="36.5782" lon="-118.29599000000002"><ele>4362.1442168881185</ele></trkpt><trkpt lat="36.57782" lon="-118.29635999999999"><ele>4356.522591999965</ele></trkpt><trkpt lat="36.57763" lon="-118.29647"><ele>4352.959406222217</ele></trkpt><trkpt lat="36.57764" lon="-118.29665"><ele>4350.0</ele></trkpt><trkpt lat="36.57738" lon="-118.29674"><ele>4346.213773568903</ele></trkpt><trkpt lat="36.57725" lon="-118.29681"><ele>4344.036832000362</ele></trkpt><trkpt lat="36.57716" lon="-118.29694"><ele>4340.944061076967</ele></trkpt><trkpt lat="36.57712" lon="-118.29712"><ele>4337.81330844434</ele></trkpt><trkpt lat="36.57705" lon="-118.29712999999998"><ele>4337.0</ele></trkpt><trkpt lat="36.5769" lon="-118.29708"><ele>4335.845245343724</ele></trkpt><trkpt lat="36.57684" lon="-118.2971"><ele>4334.748671496099</ele></trkpt><trkpt lat="36.57661" lon="-118.29694"><ele>4329.955249753368</ele></trkpt><trkpt lat="36.57655" lon="-118.29681"><ele>4328.245287851639</ele></trkpt><trkpt lat="36.57657" lon="-118.29667"><ele>4329.334723306121</ele></trkpt><trkpt lat="36.57651" lon="-118.29638"><ele>4324.023668078009</ele></trkpt><trkpt lat="36.57651" lon="-118.29610000000002"><ele>4322.227795208804</ele></trkpt><trkpt lat="36.57637" lon="-118.29534999999998"><ele>4315.027374679223</ele></trkpt><trkpt lat="36.57613" lon="-118.29458"><ele>4307.099693845438</ele></trkpt><trkpt lat="36.57585" lon="-118.29399000000001"><ele>4299.925415492617</ele></trkpt><trkpt lat="36.57542" lon="-118.29344000000003"><ele>4293.701478066338</ele></trkpt><trkpt lat="36.57503" lon="-118.29302000000001"><ele>4287.5689555027975</ele></trkpt><trkpt lat="36.57484" lon="-118.29266999999999"><ele>4286.431674254056</ele></trkpt><trkpt lat="36.57479" lon="-118.29262"><ele>4285.839776761597</ele></trkpt><trkpt lat="36.5747" lon="-118.29259000000002"><ele>4283.763728660498</ele></trkpt><trkpt lat="36.57459" lon="-118.29246"><ele>4282.764972219709</ele></trkpt><trkpt lat="36.5745" lon="-118.29241999999999"><ele>4281.085661035962</ele></trkpt><trkpt lat="36.57427" lon="-118.29215999999997"><ele>4279.502118097323</ele></trkpt><trkpt lat="36.57404" lon="-118.29203999999999"><ele>4274.593303452479</ele></trkpt><trkpt lat="36.57382" lon="-118.29181"><ele>4273.5693724816665</ele></trkpt><trkpt lat="36.57355" lon="-118.29165999999998"><ele>4269.230576842092</ele></trkpt><trkpt lat="36.57328" lon="-118.29161999999997"><ele>4264.328622814966</ele></trkpt><trkpt lat="36.57277" lon="-118.29147999999998"><ele>4257.234833778115</ele></trkpt><trkpt lat="36.57248" lon="-118.29147999999998"><ele>4253.379104266176</ele></trkpt><trkpt lat="36.57235" lon="-118.29154"><ele>4250.836732444353</ele></trkpt><trkpt lat="36.57218" lon="-118.29156999999998"><ele>4248.654718346626</ele></trkpt><trkpt lat="36.57179" lon="-118.29179999999997"><ele>4242.432261728682</ele></trkpt><trkpt lat="36.57156" lon="-118.29187999999999"><ele>4239.9141582222655</ele></trkpt><trkpt lat="36.5714" lon="-118.29199"><ele>4238.475077764584</ele></trkpt><trkpt lat="36.57113" lon="-118.29232999999999"><ele>4234.871098391162</ele></trkpt><trkpt lat="36.57091" lon="-118.29244"><ele>4231.242544385872</ele></trkpt><trkpt lat="36.57042" lon="-118.29245000000003"><ele>4227.264391109347</ele></trkpt><trkpt lat="36.57007" lon="-118.29253"><ele>4220.536120888777</ele></trkpt><trkpt lat="36.56964" lon="-118.29257000000001"><ele>4214.507978666341</ele></trkpt><trkpt lat="36.56945" lon="-118.29255"><ele>4212.835981731769</ele></trkpt><trkpt lat="36.56874" lon="-118.29271"><ele>4201.51041695399</ele></trkpt><trkpt lat="36.56836" lon="-118.29273999999998"><ele>4197.155536031974</ele></trkpt><trkpt lat="36.56771" lon="-118.29300999999998"><ele>4185.749749334063</ele></trkpt><trkpt lat="36.56759" lon="-118.29302000000001"><ele>4184.700465776958</ele></trkpt><trkpt lat="36.56708" lon="-118.29291999999998"><ele>4181.569992172532</ele></trkpt><trkpt lat="36.56703" lon="-118.29287999999997"><ele>4182.645666668349</ele></trkpt><trkpt lat="36.56702" lon="-118.29282"><ele>4183.468647366585</ele></trkpt><trkpt lat="36.56696" lon="-118.29275999999999"><ele>4182.01261070649</ele></trkpt><trkpt lat="36.56679" lon="-118.29272000000003"><ele>4187.547933157543</ele></trkpt><trkpt lat="36.56673" lon="-118.29264999999998"><ele>4191.568510430348</ele></trkpt><trkpt lat="36.56665" lon="-118.29269999999997"><ele>4190.236957793811</ele></trkpt><trkpt lat="36.56661" lon="-118.29268000000002"><ele>4193.500702707444</ele></trkpt><trkpt lat="36.56653" lon="-118.29251999999997"><ele>4194.544791822731</ele></trkpt><trkpt lat="36.56647" lon="-118.29251999999997"><ele>4191.002398524044</ele></trkpt><trkpt lat="36.56644" lon="-118.29255999999998"><ele>4188.497187690809</ele></trkpt><trkpt lat="36.5664" lon="-118.29255999999998"><ele>4191.189279320028</ele></trkpt><trkpt lat="36.56633" lon="-118.29245000000003"><ele>4192.158438647128</ele></trkpt><trkpt lat="36.56628" lon="-118.29248000000001"><ele>4191.209936690517</ele></trkpt><trkpt lat="36.56622" lon="-118.29246"><ele>4192.798357333057</ele></trkpt><trkpt lat="36.56615" lon="-118.29246999999998"><ele>4193.417109808374</ele></trkpt><trkpt lat="36.56597" lon="-118.29237999999998"><ele>4197.592838720607</ele></trkpt><trkpt lat="36.56573" lon="-118.29255999999998"><ele>4194.528698941693</ele></trkpt><trkpt lat="36.56564" lon="-118.2926"><ele>4194.62226500462</ele></trkpt><trkpt lat="36.56564" lon="-118.2926"><ele>4194.62226500462</ele></trkpt><trkpt lat="36.5656414926337" lon="-118.29259933660762"><ele>4194.608014167725</ele></trkpt><trkpt lat="36.56564" lon="-118.2926"><ele>4194.62226500462</ele></trkpt><trkpt lat="36.56548" lon="-118.29277000000002"><ele>4193.0813910623265</ele></trkpt><trkpt lat="36.56545" lon="-118.29277000000002"><ele>4194.66922286145</ele></trkpt><trkpt lat="36.56541" lon="-118.29271"><ele>4193.6273858713275</ele></trkpt><trkpt lat="36.56534" lon="-118.29269"><ele>4193.059194389157</ele></trkpt><trkpt lat="36.5653" lon="-118.29257000000001"><ele>4194.331049086992</ele></trkpt><trkpt lat="36.56518" lon="-118.29251"><ele>4193.164414037019</ele></trkpt><trkpt lat="36.56514" lon="-118.29253"><ele>4190.30340420439</ele></trkpt><trkpt lat="36.56501" lon="-118.29250000000002"><ele>4191.401333331363</ele></trkpt><trkpt lat="36.56494" lon="-118.29257999999999"><ele>4189.038345392328</ele></trkpt><trkpt lat="36.56484" lon="-118.29245000000003"><ele>4190.05457299767</ele></trkpt><trkpt lat="36.56479" lon="-118.29242999999997"><ele>4189.328226861078</ele></trkpt><trkpt lat="36.56455" lon="-118.29246"><ele>4190.056030957494</ele></trkpt><trkpt lat="36.5645" lon="-118.29255"><ele>4191.681851910194</ele></trkpt><trkpt lat="36.56442" lon="-118.29250000000002"><ele>4190.167696728371</ele></trkpt><trkpt lat="36.56437" lon="-118.29251999999997"><ele>4189.305715051458</ele></trkpt><trkpt lat="36.56428" lon="-118.29257000000001"><ele>4191.118747755464</ele></trkpt><trkpt lat="36.56415" lon="-118.29273999999998"><ele>4192.641877947519</ele></trkpt><trkpt lat="36.56411" lon="-118.29272000000003"><ele>4193.987179527525</ele></trkpt><trkpt lat="36.56408" lon="-118.2926"><ele>4193.313735239673</ele></trkpt><trkpt lat="36.56404" lon="-118.29255"><ele>4191.878956710454</ele></trkpt><trkpt lat="36.56394" lon="-118.29257000000001"><ele>4189.031504214175</ele></trkpt><trkpt lat="36.56385" lon="-118.29266999999999"><ele>4183.991973482305</ele></trkpt><trkpt lat="36.56382" lon="-118.29266999999999"><ele>4185.51872520506</ele></trkpt><trkpt lat="36.56373" lon="-118.29255"><ele>4189.970438100998</ele></trkpt><trkpt lat="36.56364" lon="-118.29257000000001"><ele>4189.003203225322</ele></trkpt><trkpt lat="36.56353" lon="-118.29266000000001"><ele>4188.488571110833</ele></trkpt><trkpt lat="36.56344" lon="-118.29264"><ele>4188.073021757649</ele></trkpt><trkpt lat="36.56335" lon="-118.29259000000002"><ele>4185.722237669002</ele></trkpt><trkpt lat="36.56327" lon="-118.29250000000002"><ele>4185.369400772263</ele></trkpt><trkpt lat="36.56315" lon="-118.29246999999998"><ele>4182.076021811692</ele></trkpt><trkpt lat="36.56295" lon="-118.29228999999998"><ele>4178.0131955249235</ele></trkpt><trkpt lat="36.5626" lon="-118.29209000000003"><ele>4172.029058729442</ele></trkpt><trkpt lat="36.5626" lon="-118.29209000000003"><ele>4172.029058729442</ele></trkpt><trkpt lat="36.56251" lon="-118.29203000000001"><ele>4169.678810167671</ele></trkpt><trkpt lat="36.5626" lon="-118.29223999999999"><ele>4166.04893127922</ele></trkpt><trkpt lat="36.5626" lon="-118.29223999999999"><ele>4166.04893127922</ele></trkpt><trkpt lat="36.56269" lon="-118.29232999999999"><ele>4165.648181925295</ele></trkpt><trkpt lat="36.5627" lon="-118.29239999999999"><ele>4163.07564863938</ele></trkpt><trkpt lat="36.56276" lon="-118.29244"><ele>4164.1465192474425</ele></trkpt><trkpt lat="36.56277" lon="-118.29254000000003"><ele>4161.931611801498</ele></trkpt><trkpt lat="36.56298" lon="-118.29302000000001"><ele>4155.563391031801</ele></trkpt><trkpt lat="36.56308" lon="-118.29317000000003"><ele>4152.217626155276</ele></trkpt><trkpt lat="36.56309" lon="-118.29323"><ele>4149.525821744629</ele></trkpt><trkpt lat="36.56289" lon="-118.29308000000003"><ele>4148.6446898404765</ele></trkpt><trkpt lat="36.56265" lon="-118.29278"><ele>4145.841553231934</ele></trkpt><trkpt lat="36.5626" lon="-118.29275000000001"><ele>4144.2812086110935</ele></trkpt><trkpt lat="36.5626" lon="-118.29275000000001"><ele>4144.2812086110935</ele></trkpt><trkpt lat="36.56234" lon="-118.29262"><ele>4138.612576868343</ele></trkpt><trkpt lat="36.56224" lon="-118.29254000000003"><ele>4137.180167307146</ele></trkpt><trkpt lat="36.56204" lon="-118.29246"><ele>4134.051265506074</ele></trkpt><trkpt lat="36.5618" lon="-118.29251"><ele>4127.702282666229</ele></trkpt><trkpt lat="36.56161" lon="-118.29248999999999"><ele>4127.333796987411</ele></trkpt><trkpt lat="36.56149" lon="-118.29251999999997"><ele>4125.002154668327</ele></trkpt><trkpt lat="36.56131" lon="-118.2926"><ele>4123.1986303320155</ele></trkpt><trkpt lat="36.56106" lon="-118.2928"><ele>4117.6154315281465</ele></trkpt><trkpt lat="36.56094" lon="-118.29293000000001"><ele>4114.894769777078</ele></trkpt><trkpt lat="36.56069" lon="-118.29291999999998"><ele>4110.753686354266</ele></trkpt><trkpt lat="36.56055" lon="-118.29305"><ele>4109.925820120231</ele></trkpt><trkpt lat="36.56057" lon="-118.29311000000001"><ele>4106.822283144109</ele></trkpt><trkpt lat="36.56057" lon="-118.29311000000001"><ele>4106.822283144109</ele></trkpt><trkpt lat="36.56052" lon="-118.29311999999999"><ele>4109.8459575870265</ele></trkpt><trkpt lat="36.56048" lon="-118.29309"><ele>4108.149132625871</ele></trkpt><trkpt lat="36.56038" lon="-118.29282999999998"><ele>4114.35331732614</ele></trkpt><trkpt lat="36.56031" lon="-118.29273999999998"><ele>4116.92838149033</ele></trkpt><trkpt lat="36.56021" lon="-118.29264999999998"><ele>4117.079671871383</ele></trkpt><trkpt lat="36.56006" lon="-118.29257999999999"><ele>4118.298913849836</ele></trkpt><trkpt lat="36.55998" lon="-118.29239999999999"><ele>4124.677909318857</ele></trkpt><trkpt lat="36.55986" lon="-118.29228999999998"><ele>4126.7247684666245</ele></trkpt><trkpt lat="36.55992" lon="-118.29226"><ele>4129.163743616941</ele></trkpt><trkpt lat="36.55984" lon="-118.29214000000002"><ele>4133.997605649987</ele></trkpt><trkpt lat="36.55968" lon="-118.29209000000003"><ele>4136.250776983212</ele></trkpt><trkpt lat="36.55965" lon="-118.29196000000002"><ele>4139.901778715591</ele></trkpt><trkpt lat="36.55958" lon="-118.29187000000002"><ele>4141.086674587518</ele></trkpt><trkpt lat="36.55944" lon="-118.29174"><ele>4145.86306311086</ele></trkpt><trkpt lat="36.55944" lon="-118.29165999999998"><ele>4148.593148822449</ele></trkpt><trkpt lat="36.55934" lon="-118.29158000000001"><ele>4149.802236583796</ele></trkpt><trkpt lat="36.55934" lon="-118.29158000000001"><ele>4149.802236583796</ele></trkpt><trkpt lat="36.55927" lon="-118.29147"><ele>4153.6931390055615</ele></trkpt><trkpt lat="36.55905" lon="-118.29134999999997"><ele>4155.823653092398</ele></trkpt><trkpt lat="36.55894" lon="-118.29119000000003"><ele>4155.374255063156</ele></trkpt><trkpt lat="36.55891" lon="-118.29109"><ele>4153.628901242572</ele></trkpt><trkpt lat="36.55887" lon="-118.29077000000001"><ele>4151.12663145829</ele></trkpt><trkpt lat="36.55888" lon="-118.29066"><ele>4149.598567112582</ele></trkpt><trkpt lat="36.55885" lon="-118.29061000000002"><ele>4152.003457010926</ele></trkpt><trkpt lat="36.55887" lon="-118.29050000000001"><ele>4148.5149387271385</ele></trkpt><trkpt lat="36.55885" lon="-118.29041999999998"><ele>4149.597029386119</ele></trkpt><trkpt lat="36.55889" lon="-118.29002000000003"><ele>4139.386065324768</ele></trkpt><trkpt lat="36.55892" lon="-118.28938"><ele>4128.348429741804</ele></trkpt><trkpt lat="36.55888" lon="-118.28915"><ele>4125.309796741931</ele></trkpt><trkpt lat="36.55889" lon="-118.28908000000001"><ele>4124.098489772296</ele></trkpt><trkpt lat="36.55882" lon="-118.28879999999998"><ele>4120.635336545063</ele></trkpt><trkpt lat="36.55881" lon="-118.28859"><ele>4116.322170100873</ele></trkpt><trkpt lat="36.55878" lon="-118.28854000000001"><ele>4116.897649874678</ele></trkpt><trkpt lat="36.55877" lon="-118.28829000000002"><ele>4112.040914728957</ele></trkpt><trkpt lat="36.55861" lon="-118.28769999999997"><ele>4103.8721978957765</ele></trkpt><trkpt lat="36.55858" lon="-118.28746000000001"><ele>4100.335570055293</ele></trkpt><trkpt lat="36.55853" lon="-118.28733999999997"><ele>4099.037666575679</ele></trkpt><trkpt lat="36.5586" lon="-118.28735"><ele>4096.612011210062</ele></trkpt><trkpt lat="36.55866" lon="-118.28746999999998"><ele>4094.9270928744227</ele></trkpt><trkpt lat="36.55893" lon="-118.28786000000002"><ele>4087.9180211026232</ele></trkpt><trkpt lat="36.55885" lon="-118.28736000000004"><ele>4080.3403394268826</ele></trkpt><trkpt lat="36.55887" lon="-118.28737000000001"><ele>4079.4129791946616</ele></trkpt><trkpt lat="36.55922" lon="-118.28791999999999"><ele>4069.0271739271257</ele></trkpt><trkpt lat="36.55948" lon="-118.28845999999999"><ele>4060.0312519099803</ele></trkpt><trkpt lat="36.55945" lon="-118.28795000000002"><ele>4054.2768915703055</ele></trkpt><trkpt lat="36.55947" lon="-118.28795000000002"><ele>4053.1165054363664</ele></trkpt><trkpt lat="36.55951" lon="-118.28802999999999"><ele>4051.4282917408273</ele></trkpt><trkpt lat="36.55955" lon="-118.28818000000001"><ele>4049.8343463472556</ele></trkpt><trkpt lat="36.55968" lon="-118.28845999999999"><ele>4044.816294246353</ele></trkpt><trkpt lat="36.55968" lon="-118.28809999999999"><ele>4039.427686246112</ele></trkpt><trkpt lat="36.55969" lon="-118.28807"><ele>4038.8420337103307</ele></trkpt><trkpt lat="36.55971" lon="-118.28807"><ele>4037.681643974036</ele></trkpt><trkpt lat="36.55983" lon="-118.28834999999998"><ele>4032.6955631897736</ele></trkpt><trkpt lat="36.55999" lon="-118.28865000000002"><ele>4028.25754278549</ele></trkpt><trkpt lat="36.56002" lon="-118.28865000000002"><ele>4025.981228401704</ele></trkpt><trkpt lat="36.55995" lon="-118.28831000000002"><ele>4023.655756147811</ele></trkpt><trkpt lat="36.55993" lon="-118.28807"><ele>4020.223744154442</ele></trkpt><trkpt lat="36.55994" lon="-118.28773999999999"><ele>4016.7495477912644</ele></trkpt><trkpt lat="36.55991" lon="-118.28764999999999"><ele>4016.597427861532</ele></trkpt><trkpt lat="36.55975" lon="-118.28739000000002"><ele>4012.2001552029155</ele></trkpt><trkpt lat="36.55971" lon="-118.28728000000001"><ele>4010.1717067656436</ele></trkpt><trkpt lat="36.55968" lon="-118.28706"><ele>4007.4704255668316</ele></trkpt><trkpt lat="36.55973" lon="-118.28676000000002"><ele>4003.229504808034</ele></trkpt><trkpt lat="36.5596" lon="-118.28661999999997"><ele>4003.3446287974957</ele></trkpt><trkpt lat="36.55955" lon="-118.28645"><ele>4000.0624724100344</ele></trkpt><trkpt lat="36.55965" lon="-118.28660000000002"><ele>3998.354375692877</ele></trkpt><trkpt lat="36.55977" lon="-118.28664000000003"><ele>3997.1704569621943</ele></trkpt><trkpt lat="36.55982" lon="-118.28674999999998"><ele>3994.0652413335565</ele></trkpt><trkpt lat="36.55985" lon="-118.28665999999998"><ele>3991.838361109607</ele></trkpt><trkpt lat="36.55984" lon="-118.28683000000001"><ele>3991.708655046299</ele></trkpt><trkpt lat="36.55987" lon="-118.28697999999997"><ele>3991.306081486866</ele></trkpt><trkpt lat="36.5599" lon="-118.28669000000002"><ele>3987.657926492393</ele></trkpt><trkpt lat="36.55991" lon="-118.28667000000002"><ele>3986.9320311124548</ele></trkpt><trkpt lat="36.55993" lon="-118.28673000000003"><ele>3985.8760055648163</ele></trkpt><trkpt lat="36.55993" lon="-118.28697"><ele>3986.5918863764964</ele></trkpt><trkpt lat="36.55995" lon="-118.28694999999999"><ele>3984.9654592580628</ele></trkpt><trkpt lat="36.55997" lon="-118.28667999999999"><ele>3981.513609615853</ele></trkpt><trkpt lat="36.56" lon="-118.28674000000001"><ele>3980.148421885619</ele></trkpt><trkpt lat="36.56" lon="-118.28682000000003"><ele>3979.843046051005</ele></trkpt><trkpt lat="36.56003" lon="-118.28681"><ele>3978.1184661483867</ele></trkpt><trkpt lat="36.56" lon="-118.28656999999998"><ele>3977.8094247132985</ele></trkpt><trkpt lat="36.56002" lon="-118.28658000000001"><ele>3976.42612743021</ele></trkpt><trkpt lat="36.56007" lon="-118.28676999999999"><ele>3974.690406332958</ele></trkpt><trkpt lat="36.56008" lon="-118.28674999999998"><ele>3973.821569491178</ele></trkpt><trkpt lat="36.56006" lon="-118.28661999999997"><ele>3973.171261859942</ele></trkpt><trkpt lat="36.56008" lon="-118.28654"><ele>3972.0787906685264</ele></trkpt><trkpt lat="36.56008" lon="-118.28661999999997"><ele>3971.529485815373</ele></trkpt><trkpt lat="36.56011" lon="-118.28674000000001"><ele>3971.1277582234875</ele></trkpt><trkpt lat="36.56011" lon="-118.28683000000001"><ele>3970.210679234937</ele></trkpt><trkpt lat="36.56015" lon="-118.28696000000002"><ele>3969.407535844954</ele></trkpt><trkpt lat="36.5602" lon="-118.28701999999998"><ele>3968.8052683486603</ele></trkpt><trkpt lat="36.56018" lon="-118.28688"><ele>3965.989796017995</ele></trkpt><trkpt lat="36.56021" lon="-118.28667999999999"><ele>3961.343605853617</ele></trkpt><trkpt lat="36.56019" lon="-118.28629999999998"><ele>3954.8581722178305</ele></trkpt><trkpt lat="36.56028" lon="-118.28661999999997"><ele>3953.415615300648</ele></trkpt><trkpt lat="36.56031" lon="-118.28681"><ele>3952.816091301618</ele></trkpt><trkpt lat="36.56046" lon="-118.28697999999997"><ele>3951.020451802947</ele></trkpt><trkpt lat="36.5605" lon="-118.28697999999997"><ele>3947.599584421143</ele></trkpt><trkpt lat="36.56036" lon="-118.28670999999997"><ele>3946.386993344282</ele></trkpt><trkpt lat="36.56039" lon="-118.28663"><ele>3943.594296400901</ele></trkpt><trkpt lat="36.56038" lon="-118.28654"><ele>3942.463237317046</ele></trkpt><trkpt lat="36.5604" lon="-118.28655000000003"><ele>3941.535854106536</ele></trkpt><trkpt lat="36.56043" lon="-118.28661"><ele>3939.334645752114</ele></trkpt><trkpt lat="36.56045" lon="-118.28660000000002"><ele>3937.4411006399896</ele></trkpt><trkpt lat="36.56043" lon="-118.28652"><ele>3938.9930683780976</ele></trkpt><trkpt lat="36.56047" lon="-118.28654"><ele>3935.417157321785</ele></trkpt><trkpt lat="36.56042" lon="-118.28646000000003"><ele>3937.122614006992</ele></trkpt><trkpt lat="36.56043" lon="-118.28643"><ele>3935.586920501839</ele></trkpt><trkpt lat="36.56046" lon="-118.28649000000001"><ele>3935.9422671473085</ele></trkpt><trkpt lat="36.56043" lon="-118.28637000000003"><ele>3933.1472426974215</ele></trkpt><trkpt lat="36.56045" lon="-118.28637000000003"><ele>3932.401782769374</ele></trkpt><trkpt lat="36.56049" lon="-118.28645"><ele>3931.9346709838023</ele></trkpt><trkpt lat="36.56047" lon="-118.28628000000003"><ele>3928.1829953908455</ele></trkpt><trkpt lat="36.56051" lon="-118.28638999999998"><ele>3927.8295484492664</ele></trkpt><trkpt lat="36.56048" lon="-118.28622000000001"><ele>3926.1995537979014</ele></trkpt><trkpt lat="36.56049" lon="-118.28620000000001"><ele>3924.87156379316</ele></trkpt><trkpt lat="36.56054" lon="-118.28629999999998"><ele>3923.7878074906766</ele></trkpt><trkpt lat="36.56054" lon="-118.28627"><ele>3923.6206261045327</ele></trkpt><trkpt lat="36.5605" lon="-118.28618"><ele>3923.535228761146</ele></trkpt><trkpt lat="36.56056" lon="-118.28624000000002"><ele>3920.5296530366795</ele></trkpt><trkpt lat="36.56052" lon="-118.28616"><ele>3921.1287734615617</ele></trkpt><trkpt lat="36.56053" lon="-118.28613999999999"><ele>3919.326404310763</ele></trkpt><trkpt lat="36.56057" lon="-118.28620999999998"><ele>3917.9131423416493</ele></trkpt><trkpt lat="36.56055" lon="-118.28613999999999"><ele>3917.576612353686</ele></trkpt><trkpt lat="36.56056" lon="-118.28611999999998"><ele>3916.047203733586</ele></trkpt><trkpt lat="36.56059" lon="-118.28618"><ele>3914.2766884841567</ele></trkpt><trkpt lat="36.56058" lon="-118.28598"><ele>3912.9527561406594</ele></trkpt><trkpt lat="36.56062" lon="-118.28602999999998"><ele>3909.9695629697326</ele></trkpt><trkpt lat="36.5606" lon="-118.28588000000002"><ele>3908.7099142127786</ele></trkpt><trkpt lat="36.56061" lon="-118.2858"><ele>3908.327340269677</ele></trkpt><trkpt lat="36.56063" lon="-118.28579000000002"><ele>3906.9550870452076</ele></trkpt><trkpt lat="36.56063" lon="-118.28593999999998"><ele>3907.0680157453667</ele></trkpt><trkpt lat="36.56068" lon="-118.28583000000003"><ele>3902.51520425371</ele></trkpt><trkpt lat="36.56066" lon="-118.28593000000001"><ele>3903.6886105646377</ele></trkpt><trkpt lat="36.56074" lon="-118.28643999999997"><ele>3902.2202270192565</ele></trkpt><trkpt lat="36.56076" lon="-118.28643999999997"><ele>3900.521521873772</ele></trkpt><trkpt lat="36.56077" lon="-118.28625"><ele>3897.6681704388466</ele></trkpt><trkpt lat="36.56082" lon="-118.28656000000001"><ele>3897.5570631350497</ele></trkpt><trkpt lat="36.56083" lon="-118.28656000000001"><ele>3896.651697375428</ele></trkpt><trkpt lat="36.56084" lon="-118.28643999999997"><ele>3893.741234050683</ele></trkpt><trkpt lat="36.5609" lon="-118.28661"><ele>3891.0947849396616</ele></trkpt><trkpt lat="36.56092" lon="-118.28685000000002"><ele>3891.682660360015</ele></trkpt><trkpt lat="36.56094" lon="-118.28685000000002"><ele>3889.473966364138</ele></trkpt><trkpt lat="36.56095" lon="-118.28674999999998"><ele>3886.6535182360094</ele></trkpt><trkpt lat="36.56097" lon="-118.28683000000001"><ele>3886.3647274645045</ele></trkpt><trkpt lat="36.56099" lon="-118.28640000000001"><ele>3877.808662682539</ele></trkpt><trkpt lat="36.56097" lon="-118.28636"><ele>3876.8438031794026</ele></trkpt><trkpt lat="36.56095" lon="-118.28616999999997"><ele>3872.1507704591954</ele></trkpt><trkpt lat="36.56101" lon="-118.286"><ele>3865.300814948919</ele></trkpt><trkpt lat="36.56102" lon="-118.28571999999997"><ele>3861.2229002329987</ele></trkpt><trkpt lat="36.56098" lon="-118.28566000000001"><ele>3861.3693450297683</ele></trkpt><trkpt lat="36.56095" lon="-118.28544999999997"><ele>3859.3613226797897</ele></trkpt><trkpt lat="36.56103" lon="-118.28566999999998"><ele>3858.859964745585</ele></trkpt><trkpt lat="36.56105" lon="-118.28568000000001"><ele>3857.8378568059634</ele></trkpt><trkpt lat="36.56106" lon="-118.28565000000003"><ele>3856.2709622839466</ele></trkpt><trkpt lat="36.56099" lon="-118.28530999999998"><ele>3852.2004826693787</ele></trkpt><trkpt lat="36.56108" lon="-118.28550000000001"><ele>3851.615298637189</ele></trkpt><trkpt lat="36.56111" lon="-118.28548"><ele>3849.147741451493</ele></trkpt><trkpt lat="36.56108" lon="-118.28541000000001"><ele>3849.5181466371287</ele></trkpt><trkpt lat="36.56105" lon="-118.28519"><ele>3846.5597599880803</ele></trkpt><trkpt lat="36.56084" lon="-118.2851"><ele>3844.804565637348</ele></trkpt><trkpt lat="36.56102" lon="-118.28511000000003"><ele>3844.666816001758</ele></trkpt><trkpt lat="36.56088" lon="-118.28505000000001"><ele>3842.2439510860986</ele></trkpt><trkpt lat="36.56101" lon="-118.28503"><ele>3841.1131934850014</ele></trkpt><trkpt lat="36.56102" lon="-118.28501"><ele>3840.0086233849006</ele></trkpt><trkpt lat="36.56086" lon="-118.28499"><ele>3839.0744106667116</ele></trkpt><trkpt lat="36.56085" lon="-118.28496999999999"><ele>3838.1423431108706</ele></trkpt><trkpt lat="36.56091" lon="-118.28496000000001"><ele>3838.233047022947</ele></trkpt><trkpt lat="36.56094" lon="-118.28490999999997"><ele>3836.9028907711127</ele></trkpt><trkpt lat="36.56087" lon="-118.28494"><ele>3836.9393472753572</ele></trkpt><trkpt lat="36.56085" lon="-118.28490999999997"><ele>3835.584973690276</ele></trkpt><trkpt lat="36.56101" lon="-118.28481999999997"><ele>3833.203751598252</ele></trkpt><trkpt lat="36.5611" lon="-118.28489000000002"><ele>3831.8549648820053</ele></trkpt><trkpt lat="36.56107" lon="-118.28480000000002"><ele>3829.9971030275337</ele></trkpt><trkpt lat="36.56101" lon="-118.28475000000003"><ele>3830.5726333772764</ele></trkpt><trkpt lat="36.56102" lon="-118.28472"><ele>3829.5834803390317</ele></trkpt><trkpt lat="36.56116" lon="-118.28485"><ele>3828.750259419576</ele></trkpt><trkpt lat="36.56126" lon="-118.28487000000001"><ele>3826.556141494403</ele></trkpt><trkpt lat="36.56126" lon="-118.28485"><ele>3826.206371198982</ele></trkpt><trkpt lat="36.56119" lon="-118.28481"><ele>3826.4821141101256</ele></trkpt><trkpt lat="36.56115" lon="-118.28472999999997"><ele>3824.523929197807</ele></trkpt><trkpt lat="36.56111" lon="-118.28456"><ele>3822.2442870798986</ele></trkpt><trkpt lat="36.56108" lon="-118.28453000000002"><ele>3822.415544429794</ele></trkpt><trkpt lat="36.56098" lon="-118.28451999999999"><ele>3821.5854115553666</ele></trkpt><trkpt lat="36.56098" lon="-118.28449"><ele>3820.886360889068</ele></trkpt><trkpt lat="36.56102" lon="-118.28447"><ele>3820.698696724743</ele></trkpt><trkpt lat="36.56116" lon="-118.28448000000003"><ele>3818.1101527903834</ele></trkpt><trkpt lat="36.56122" lon="-118.28456"><ele>3817.570633904543</ele></trkpt><trkpt lat="36.56138" lon="-118.28465"><ele>3814.402672332246</ele></trkpt><trkpt lat="36.56137" lon="-118.28458999999998"><ele>3813.5847784450743</ele></trkpt><trkpt lat="36.56115" lon="-118.28426000000002"><ele>3811.093369199196</ele></trkpt><trkpt lat="36.56116" lon="-118.28417000000002"><ele>3808.7061143009923</ele></trkpt><trkpt lat="36.56111" lon="-118.28412000000003"><ele>3808.9915439693723</ele></trkpt><trkpt lat="36.56113" lon="-118.28408999999999"><ele>3808.0829308478415</ele></trkpt><trkpt lat="36.56129" lon="-118.28422999999998"><ele>3806.332874549087</ele></trkpt><trkpt lat="36.56134" lon="-118.28424999999999"><ele>3805.34839083557</ele></trkpt><trkpt lat="36.56144" lon="-118.28438"><ele>3803.6795443187866</ele></trkpt><trkpt lat="36.56147" lon="-118.28436999999997"><ele>3801.7209647815653</ele></trkpt><trkpt lat="36.56141" lon="-118.28421000000003"><ele>3801.385597215267</ele></trkpt><trkpt lat="36.56137118821769" lon="-118.28395772341503"><ele>3798.782724901801</ele></trkpt><trkpt lat="36.5613746964653" lon="-118.28398052698782"><ele>3799.1098279208845</ele></trkpt><trkpt lat="36.56135" lon="-118.28381999999999"><ele>3797.5932905050668</ele></trkpt><trkpt lat="36.56128" lon="-118.28363999999999"><ele>3795.6864178517217</ele></trkpt><trkpt lat="36.56129" lon="-118.28363000000002"><ele>3794.932601538059</ele></trkpt><trkpt lat="36.56135" lon="-118.28368999999998"><ele>3793.9516003994195</ele></trkpt><trkpt lat="36.56141" lon="-118.28379999999999"><ele>3793.851066451016</ele></trkpt><trkpt lat="36.56144" lon="-118.28377999999998"><ele>3791.359281714471</ele></trkpt><trkpt lat="36.5613" lon="-118.28341999999998"><ele>3789.1219569044188</ele></trkpt><trkpt lat="36.56132" lon="-118.28341999999998"><ele>3788.1763923345134</ele></trkpt><trkpt lat="36.56147" lon="-118.28361000000001"><ele>3785.9470454822294</ele></trkpt><trkpt lat="36.56149" lon="-118.28359"><ele>3784.320595233701</ele></trkpt><trkpt lat="36.56134" lon="-118.28327999999999"><ele>3781.745752613293</ele></trkpt><trkpt lat="36.56122" lon="-118.28294"><ele>3777.8400944755413</ele></trkpt><trkpt lat="36.56153" lon="-118.28325999999998"><ele>3772.3102040549275</ele></trkpt><trkpt lat="36.56132" lon="-118.28269999999998"><ele>3765.9228915954363</ele></trkpt><trkpt lat="36.56133" lon="-118.28267"><ele>3764.8218259643763</ele></trkpt><trkpt lat="36.5614" lon="-118.28278"><ele>3764.3669868611105</ele></trkpt><trkpt lat="36.5616" lon="-118.28298999999998"><ele>3761.44555674633</ele></trkpt><trkpt lat="36.56146" lon="-118.28266000000002"><ele>3757.4949062659275</ele></trkpt><trkpt lat="36.56173" lon="-118.28285"><ele>3752.2375902735143</ele></trkpt><trkpt lat="36.56159" lon="-118.28257000000002"><ele>3749.06691631787</ele></trkpt><trkpt lat="36.56163" lon="-118.28258"><ele>3748.0215504267253</ele></trkpt><trkpt lat="36.56186" lon="-118.28277000000003"><ele>3743.93799543567</ele></trkpt><trkpt lat="36.56186" lon="-118.28273999999999"><ele>3743.93799543567</ele></trkpt><trkpt lat="36.56177" lon="-118.28259000000003"><ele>3744.1930981006008</ele></trkpt><trkpt lat="36.56167" lon="-118.28246000000001"><ele>3741.8648017852092</ele></trkpt><trkpt lat="36.56168" lon="-118.28242999999998"><ele>3740.791738637873</ele></trkpt><trkpt lat="36.56186" lon="-118.28253000000001"><ele>3740.1530461027287</ele></trkpt><trkpt lat="36.56188" lon="-118.28251"><ele>3738.429011135361</ele></trkpt><trkpt lat="36.56182" lon="-118.2824"><ele>3736.3393008944095</ele></trkpt><trkpt lat="36.56186" lon="-118.28239000000002"><ele>3734.921811940614</ele></trkpt><trkpt lat="36.56198" lon="-118.28246000000001"><ele>3733.071660920512</ele></trkpt><trkpt lat="36.56194" lon="-118.28230000000002"><ele>3730.55459931509</ele></trkpt><trkpt lat="36.56205" lon="-118.28231"><ele>3728.456985587254</ele></trkpt><trkpt lat="36.5621" lon="-118.28217999999998"><ele>3725.065913381288</ele></trkpt><trkpt lat="36.5621" lon="-118.28215"><ele>3725.002326016291</ele></trkpt><trkpt lat="36.56198" lon="-118.28212000000002"><ele>3724.49619298508</ele></trkpt><trkpt lat="36.56195" lon="-118.28208000000001"><ele>3722.729290666757</ele></trkpt><trkpt lat="36.56227" lon="-118.28186"><ele>3715.6029191107955</ele></trkpt><trkpt lat="36.56235" lon="-118.28178000000003"><ele>3713.295665298997</ele></trkpt><trkpt lat="36.5626" lon="-118.28163999999998"><ele>3709.953095110599</ele></trkpt><trkpt lat="36.5626" lon="-118.28163999999998"><ele>3709.953095110599</ele></trkpt><trkpt lat="36.56267" lon="-118.28159"><ele>3707.6229262221605</ele></trkpt><trkpt lat="36.56264" lon="-118.28156000000001"><ele>3706.480380361233</ele></trkpt><trkpt lat="36.5626" lon="-118.28156000000001"><ele>3706.224824889563</ele></trkpt><trkpt lat="36.5626" lon="-118.28156000000001"><ele>3706.224824889563</ele></trkpt><trkpt lat="36.56249" lon="-118.28156999999999"><ele>3704.9985847943462</ele></trkpt><trkpt lat="36.5626" lon="-118.28149000000002"><ele>3702.4615038624033</ele></trkpt><trkpt lat="36.56258555639637" lon="-118.28146830075252"><ele>3701.03122470947</ele></trkpt><trkpt lat="36.56243" lon="-118.28145"><ele>3698.0984533336014</ele></trkpt><trkpt lat="36.56248" lon="-118.28138000000001"><ele>3695.8435832234877</ele></trkpt><trkpt lat="36.5626" lon="-118.28132"><ele>3693.0600213333964</ele></trkpt><trkpt lat="36.5626" lon="-118.28132"><ele>3693.0600213333964</ele></trkpt><trkpt lat="36.5627" lon="-118.28127"><ele>3691.7678763441295</ele></trkpt><trkpt lat="36.56271" lon="-118.28123"><ele>3690.559725958898</ele></trkpt><trkpt lat="36.562613888559795" lon="-118.28123"><ele>3689.677972461197</ele></trkpt><trkpt lat="36.5626" lon="-118.28120999999999"><ele>3688.141557871699</ele></trkpt><trkpt lat="36.56269" lon="-118.28109"><ele>3684.3212373335846</ele></trkpt><trkpt lat="36.56264" lon="-118.28106000000002"><ele>3682.9615680007264</ele></trkpt><trkpt lat="36.56266" lon="-118.28100999999998"><ele>3681.7477279277127</ele></trkpt><trkpt lat="36.5626" lon="-118.28084000000001"><ele>3678.917776965497</ele></trkpt><trkpt lat="36.5626" lon="-118.28084000000001"><ele>3678.917776965497</ele></trkpt><trkpt lat="36.56257" lon="-118.28073999999998"><ele>3678.187571973992</ele></trkpt><trkpt lat="36.5626" lon="-118.28055"><ele>3676.0777066666633</ele></trkpt><trkpt lat="36.5626" lon="-118.28055"><ele>3676.0777066666633</ele></trkpt><trkpt lat="36.56273" lon="-118.28044"><ele>3674.375432105067</ele></trkpt><trkpt lat="36.5628" lon="-118.28041999999999"><ele>3673.0338881560247</ele></trkpt><trkpt lat="36.56295" lon="-118.28019999999998"><ele>3670.3472702531144</ele></trkpt><trkpt lat="36.56299" lon="-118.27987000000002"><ele>3668.043449178502</ele></trkpt><trkpt lat="36.56294" lon="-118.27975000000004"><ele>3669.0</ele></trkpt><trkpt lat="36.56292" lon="-118.27965"><ele>3669.0</ele></trkpt><trkpt lat="36.563" lon="-118.27947"><ele>3668.896721594967</ele></trkpt><trkpt lat="36.56297" lon="-118.27918"><ele>3667.0</ele></trkpt><trkpt lat="36.56308" lon="-118.27881000000002"><ele>3665.0</ele></trkpt><trkpt lat="36.56308" lon="-118.27881000000002"><ele>3665.0</ele></trkpt><trkpt lat="36.56325" lon="-118.27850000000001"><ele>3662.0</ele></trkpt><trkpt lat="36.56323" lon="-118.27825000000001"><ele>3662.0</ele></trkpt><trkpt lat="36.56331" lon="-118.27785"><ele>3660.2598477159627</ele></trkpt><trkpt lat="36.56344" lon="-118.27735000000001"><ele>3656.1318529089913</ele></trkpt><trkpt lat="36.56342" lon="-118.27719000000002"><ele>3655.0719562110025</ele></trkpt><trkpt lat="36.56346" lon="-118.27702999999997"><ele>3653.37587022933</ele></trkpt><trkpt lat="36.56339" lon="-118.27693"><ele>3650.7255928888917</ele></trkpt><trkpt lat="36.56338" lon="-118.27688"><ele>3650.0</ele></trkpt><trkpt lat="36.56342" lon="-118.27681999999999"><ele>3650.0</ele></trkpt><trkpt lat="36.56349" lon="-118.27679"><ele>3651.05385870221</ele></trkpt><trkpt lat="36.5635" lon="-118.27672999999999"><ele>3649.931433415292</ele></trkpt><trkpt lat="36.56336" lon="-118.27665999999999"><ele>3646.1965526684253</ele></trkpt><trkpt lat="36.56337" lon="-118.27659"><ele>3644.803018666804</ele></trkpt><trkpt lat="36.56348" lon="-118.27641"><ele>3641.6659012758173</ele></trkpt><trkpt lat="36.56346" lon="-118.27629999999999"><ele>3639.0455288887024</ele></trkpt><trkpt lat="36.56369" lon="-118.27564000000001"><ele>3632.615065798213</ele></trkpt><trkpt lat="36.56368" lon="-118.27543000000003"><ele>3630.0</ele></trkpt><trkpt lat="36.5638" lon="-118.27517999999998"><ele>3630.624369280413</ele></trkpt><trkpt lat="36.56387" lon="-118.27492999999998"><ele>3631.3429753715172</ele></trkpt><trkpt lat="36.563865108780455" lon="-118.27486152292641"><ele>3631.0239250743407</ele></trkpt><trkpt lat="36.56386511280899" lon="-118.27486157932344"><ele>3631.0252639044434</ele></trkpt><trkpt lat="36.56386" lon="-118.27479"><ele>3630.0983227443344</ele></trkpt><trkpt lat="36.564" lon="-118.27442000000002"><ele>3631.1144487522542</ele></trkpt><trkpt lat="36.56429" lon="-118.27375"><ele>3625.8027356385965</ele></trkpt><trkpt lat="36.56441" lon="-118.27366"><ele>3623.552178706827</ele></trkpt><trkpt lat="36.56463" lon="-118.27327000000002"><ele>3616.4414115562104</ele></trkpt><trkpt lat="36.56486" lon="-118.27307000000002"><ele>3614.899467031014</ele></trkpt><trkpt lat="36.56496" lon="-118.27278000000001"><ele>3617.0</ele></trkpt><trkpt lat="36.56509" lon="-118.27265999999997"><ele>3614.8324080879315</ele></trkpt><trkpt lat="36.56527" lon="-118.27224000000001"><ele>3605.0588133695405</ele></trkpt><trkpt lat="36.56527" lon="-118.27206999999999"><ele>3603.479384888662</ele></trkpt><trkpt lat="36.56533" lon="-118.27197000000001"><ele>3598.004772728192</ele></trkpt><trkpt lat="36.56535" lon="-118.27168"><ele>3594.330019029442</ele></trkpt><trkpt lat="36.5654" lon="-118.27190000000002"><ele>3591.5385636650026</ele></trkpt><trkpt lat="36.56544" lon="-118.27195"><ele>3591.6088477771073</ele></trkpt><trkpt lat="36.56551" lon="-118.27193"><ele>3592.6175821923475</ele></trkpt><trkpt lat="36.56557" lon="-118.27177"><ele>3594.9129676155035</ele></trkpt><trkpt lat="36.56561" lon="-118.27139999999997"><ele>3582.360386221036</ele></trkpt><trkpt lat="36.56556" lon="-118.27145999999999"><ele>3581.078202886188</ele></trkpt><trkpt lat="36.56554" lon="-118.27145000000002"><ele>3580.051247978942</ele></trkpt><trkpt lat="36.56573" lon="-118.27080999999998"><ele>3567.9174050420625</ele></trkpt><trkpt lat="36.56576" lon="-118.27055999999999"><ele>3560.762690044474</ele></trkpt><trkpt lat="36.56587" lon="-118.27039000000002"><ele>3558.5848501793203</ele></trkpt><trkpt lat="36.56587" lon="-118.27021000000002"><ele>3552.317954673435</ele></trkpt><trkpt lat="36.56599" lon="-118.27019999999999"><ele>3554.1272183463825</ele></trkpt><trkpt lat="36.56609" lon="-118.27013"><ele>3549.278627134765</ele></trkpt><trkpt lat="36.56644" lon="-118.27013999999997"><ele>3545.570424882523</ele></trkpt><trkpt lat="36.56653" lon="-118.27008999999998"><ele>3542.540509439539</ele></trkpt><trkpt lat="36.5667" lon="-118.27006"><ele>3542.448478994457</ele></trkpt><trkpt lat="36.56672" lon="-118.27001000000001"><ele>3541.688263239366</ele></trkpt><trkpt lat="36.56679" lon="-118.26974999999999"><ele>3535.7074648314156</ele></trkpt><trkpt lat="36.56679" lon="-118.26954999999998"><ele>3529.019378878373</ele></trkpt><trkpt lat="36.56707" lon="-118.26884000000001"><ele>3518.5381846302853</ele></trkpt><trkpt lat="36.56717" lon="-118.26866999999999"><ele>3516.3778858022847</ele></trkpt><trkpt lat="36.56715" lon="-118.26864999999998"><ele>3513.7917891375255</ele></trkpt><trkpt lat="36.56707" lon="-118.26871"><ele>3513.6709589015068</ele></trkpt><trkpt lat="36.56705" lon="-118.26869999999997"><ele>3512.1259454615247</ele></trkpt><trkpt lat="36.56706" lon="-118.26866999999999"><ele>3511.3705918194405</ele></trkpt><trkpt lat="36.56718" lon="-118.26853"><ele>3511.208008938644</ele></trkpt><trkpt lat="36.56748" lon="-118.26782000000003"><ele>3499.599705453962</ele></trkpt><trkpt lat="36.56749" lon="-118.26772"><ele>3498.409255818249</ele></trkpt><trkpt lat="36.56744" lon="-118.26778999999999"><ele>3497.663899309933</ele></trkpt><trkpt lat="36.56741" lon="-118.26778000000002"><ele>3496.560503087472</ele></trkpt><trkpt lat="36.56746" lon="-118.26756"><ele>3494.991991886869</ele></trkpt><trkpt lat="36.56747" lon="-118.26737000000003"><ele>3491.0</ele></trkpt><trkpt lat="36.56745" lon="-118.26734999999996"><ele>3491.0</ele></trkpt><trkpt lat="36.56735" lon="-118.26745"><ele>3488.4258949745713</ele></trkpt><trkpt lat="36.56734" lon="-118.26754"><ele>3488.014479732141</ele></trkpt><trkpt lat="36.56719" lon="-118.26778999999999"><ele>3487.0</ele></trkpt><trkpt lat="36.5671" lon="-118.26783999999998"><ele>3486.9177058191913</ele></trkpt><trkpt lat="36.56706" lon="-118.26773000000003"><ele>3485.890962937847</ele></trkpt><trkpt lat="36.567" lon="-118.26792"><ele>3484.194574455804</ele></trkpt><trkpt lat="36.56697" lon="-118.26776999999998"><ele>3481.559677587822</ele></trkpt><trkpt lat="36.56695" lon="-118.26776999999998"><ele>3480.699589396827</ele></trkpt><trkpt lat="36.56695" lon="-118.26792"><ele>3480.7094908076706</ele></trkpt><trkpt lat="36.56689" lon="-118.26812000000001"><ele>3478.337382622087</ele></trkpt><trkpt lat="36.56667" lon="-118.26855999999998"><ele>3472.533141018823</ele></trkpt><trkpt lat="36.56664" lon="-118.26837999999998"><ele>3467.2018958509434</ele></trkpt><trkpt lat="36.56668" lon="-118.26828"><ele>3467.042240020157</ele></trkpt><trkpt lat="36.56666" lon="-118.26819999999998"><ele>3464.571980059147</ele></trkpt><trkpt lat="36.56671" lon="-118.26796000000002"><ele>3464.78177246387</ele></trkpt><trkpt lat="36.56674" lon="-118.26758000000001"><ele>3460.518847415897</ele></trkpt><trkpt lat="36.5668" lon="-118.26731999999998"><ele>3462.054429710875</ele></trkpt><trkpt lat="36.56677" lon="-118.26716999999996"><ele>3457.778460921487</ele></trkpt><trkpt lat="36.56678" lon="-118.26702"><ele>3456.573331592139</ele></trkpt><trkpt lat="36.56687" lon="-118.26679000000001"><ele>3454.9203067630524</ele></trkpt><trkpt lat="36.56689" lon="-118.26654000000002"><ele>3449.958842109889</ele></trkpt><trkpt lat="36.56688" lon="-118.26605999999998"><ele>3444.8554831731167</ele></trkpt><trkpt lat="36.56692" lon="-118.26598000000001"><ele>3445.4013151412364</ele></trkpt><trkpt lat="36.56691" lon="-118.26589999999999"><ele>3443.9207483546606</ele></trkpt><trkpt lat="36.56707" lon="-118.26526999999999"><ele>3431.214040911876</ele></trkpt><trkpt lat="36.56706" lon="-118.2652"><ele>3428.750300476144</ele></trkpt><trkpt lat="36.56722" lon="-118.26504"><ele>3422.8288631959736</ele></trkpt><trkpt lat="36.5673" lon="-118.26501999999999"><ele>3422.866366640199</ele></trkpt><trkpt lat="36.56729" lon="-118.26497999999998"><ele>3419.375081571052</ele></trkpt><trkpt lat="36.56711" lon="-118.26483999999999"><ele>3414.0081742221955</ele></trkpt><trkpt lat="36.56708" lon="-118.26476000000002"><ele>3413.5473791475683</ele></trkpt><trkpt lat="36.5671" lon="-118.26463999999999"><ele>3411.3478364441544</ele></trkpt><trkpt lat="36.5674" lon="-118.26438000000002"><ele>3400.7789230095223</ele></trkpt><trkpt lat="36.56743" lon="-118.26422000000002"><ele>3398.374383616261</ele></trkpt><trkpt lat="36.56748" lon="-118.26411999999999"><ele>3395.847501657903</ele></trkpt><trkpt lat="36.56742" lon="-118.26414999999997"><ele>3396.8834990903006</ele></trkpt><trkpt lat="36.56739" lon="-118.26411999999999"><ele>3395.3383793925987</ele></trkpt><trkpt lat="36.56738" lon="-118.26405"><ele>3395.0</ele></trkpt><trkpt lat="36.56746" lon="-118.26396999999997"><ele>3393.370798248167</ele></trkpt><trkpt lat="36.56751" lon="-118.26382000000001"><ele>3391.012833069016</ele></trkpt><trkpt lat="36.56758" lon="-118.26373000000001"><ele>3387.0257041592604</ele></trkpt><trkpt lat="36.56757" lon="-118.26348000000002"><ele>3383.3178773336112</ele></trkpt><trkpt lat="36.56769" lon="-118.26328000000001"><ele>3377.662165729329</ele></trkpt><trkpt lat="36.56772" lon="-118.26319999999998"><ele>3375.9295198779137</ele></trkpt><trkpt lat="36.56777" lon="-118.26315"><ele>3373.830544385943</ele></trkpt><trkpt lat="36.56779" lon="-118.26303000000001"><ele>3371.8713974250254</ele></trkpt><trkpt lat="36.56787" lon="-118.26288999999997"><ele>3368.385835680661</ele></trkpt><trkpt lat="36.56798" lon="-118.26276999999999"><ele>3369.3189055718162</ele></trkpt><trkpt lat="36.56811" lon="-118.26249000000001"><ele>3366.2492053336464</ele></trkpt><trkpt lat="36.56824" lon="-118.26243"><ele>3365.0</ele></trkpt><trkpt lat="36.56849" lon="-118.26213000000001"><ele>3360.860597333871</ele></trkpt><trkpt lat="36.56858" lon="-118.26173"><ele>3353.5495136927348</ele></trkpt><trkpt lat="36.56866" lon="-118.26161000000002"><ele>3351.9201798937866</ele></trkpt><trkpt lat="36.56893" lon="-118.26146"><ele>3343.315893392314</ele></trkpt><trkpt lat="36.56894" lon="-118.26166999999998"><ele>3343.7066798168235</ele></trkpt><trkpt lat="36.56897" lon="-118.26168000000001"><ele>3343.3748373335693</ele></trkpt><trkpt lat="36.56902" lon="-118.26150999999999"><ele>3341.0</ele></trkpt><trkpt lat="36.56899" lon="-118.26137"><ele>3337.4168257801794</ele></trkpt><trkpt lat="36.56905" lon="-118.26126999999997"><ele>3334.4854735755043</ele></trkpt><trkpt lat="36.56908" lon="-118.26114000000001"><ele>3334.0</ele></trkpt><trkpt lat="36.56916" lon="-118.26098999999999"><ele>3331.181943297386</ele></trkpt><trkpt lat="36.5692" lon="-118.26099999999997"><ele>3330.4816523596187</ele></trkpt><trkpt lat="36.56918" lon="-118.26120000000003"><ele>3327.937635994136</ele></trkpt><trkpt lat="36.56929" lon="-118.26108999999997"><ele>3323.5632858185086</ele></trkpt><trkpt lat="36.56931" lon="-118.26108999999997"><ele>3322.659889280796</ele></trkpt><trkpt lat="36.5693" lon="-118.26130999999998"><ele>3319.3372319108494</ele></trkpt><trkpt lat="36.5694" lon="-118.26157"><ele>3316.21874138806</ele></trkpt><trkpt lat="36.56936" lon="-118.26171999999997"><ele>3314.809496936919</ele></trkpt><trkpt lat="36.5694" lon="-118.26184999999998"><ele>3313.0</ele></trkpt><trkpt lat="36.56939" lon="-118.26192000000003"><ele>3313.0</ele></trkpt><trkpt lat="36.56925" lon="-118.26216"><ele>3310.0110971170943</ele></trkpt><trkpt lat="36.56924" lon="-118.26222999999999"><ele>3308.5058856560354</ele></trkpt><trkpt lat="36.56938" lon="-118.26216"><ele>3306.792197229305</ele></trkpt><trkpt lat="36.56952" lon="-118.26202999999998"><ele>3304.6649712103886</ele></trkpt><trkpt lat="36.56958" lon="-118.26193999999998"><ele>3304.685964014563</ele></trkpt><trkpt lat="36.56956" lon="-118.26179000000002"><ele>3304.576594762504</ele></trkpt><trkpt lat="36.56959" lon="-118.26171999999997"><ele>3303.2167335308145</ele></trkpt><trkpt lat="36.56964" lon="-118.26171"><ele>3302.2005095456743</ele></trkpt><trkpt lat="36.56969" lon="-118.26175999999998"><ele>3299.8048435468227</ele></trkpt><trkpt lat="36.56985" lon="-118.26165000000003"><ele>3298.1626794906333</ele></trkpt><trkpt lat="36.56995" lon="-118.26166"><ele>3295.0</ele></trkpt><trkpt lat="36.57015" lon="-118.26143000000002"><ele>3288.2066364109237</ele></trkpt><trkpt lat="36.57017" lon="-118.26162"><ele>3286.8783225268126</ele></trkpt><trkpt lat="36.57021" lon="-118.26161000000002"><ele>3285.225654423875</ele></trkpt><trkpt lat="36.57028" lon="-118.26147000000003"><ele>3282.6868159342557</ele></trkpt><trkpt lat="36.5703" lon="-118.26148999999998"><ele>3282.106541520916</ele></trkpt><trkpt lat="36.5703" lon="-118.26157"><ele>3281.020066929705</ele></trkpt><trkpt lat="36.57028" lon="-118.26166"><ele>3279.4043805098627</ele></trkpt><trkpt lat="36.57016" lon="-118.26195999999999"><ele>3273.2861111676093</ele></trkpt><trkpt lat="36.5701" lon="-118.26204000000001"><ele>3273.9092788994312</ele></trkpt><trkpt lat="36.57017" lon="-118.26202999999998"><ele>3271.161675416813</ele></trkpt><trkpt lat="36.57031" lon="-118.26184999999998"><ele>3268.4802798137534</ele></trkpt><trkpt lat="36.57036" lon="-118.26183000000003"><ele>3268.129909332609</ele></trkpt><trkpt lat="36.57038" lon="-118.26184"><ele>3267.660212292172</ele></trkpt><trkpt lat="36.57029" lon="-118.26206000000002"><ele>3263.861550374913</ele></trkpt><trkpt lat="36.57042" lon="-118.26195000000001"><ele>3261.9585985473823</ele></trkpt><trkpt lat="36.5705" lon="-118.26195999999999"><ele>3259.505168672651</ele></trkpt><trkpt lat="36.57042" lon="-118.26207999999997"><ele>3258.6684864613217</ele></trkpt><trkpt lat="36.57043" lon="-118.26215000000002"><ele>3256.3347541671246</ele></trkpt><trkpt lat="36.57055" lon="-118.26207999999997"><ele>3254.8530986672267</ele></trkpt><trkpt lat="36.57065053016685" lon="-118.2619869180167"><ele>3253.0</ele></trkpt><trkpt lat="36.57065053016685" lon="-118.2619869180167"><ele>3253.0</ele></trkpt><trkpt lat="36.57082" lon="-118.26183000000003"><ele>3251.0</ele></trkpt><trkpt lat="36.57097" lon="-118.26162"><ele>3250.309474184178</ele></trkpt><trkpt lat="36.57114" lon="-118.26155"><ele>3248.4372478108335</ele></trkpt><trkpt lat="36.57127" lon="-118.26141999999999"><ele>3244.8774659282526</ele></trkpt><trkpt lat="36.57126" lon="-118.26135"><ele>3244.173508052642</ele></trkpt><trkpt lat="36.57105" lon="-118.26135999999997"><ele>3241.8365937764756</ele></trkpt><trkpt lat="36.57107" lon="-118.2613"><ele>3239.7543332341593</ele></trkpt><trkpt lat="36.57123" lon="-118.26112999999998"><ele>3235.558908444131</ele></trkpt><trkpt lat="36.57139" lon="-118.26107999999999"><ele>3233.189570605974</ele></trkpt><trkpt lat="36.57147" lon="-118.26111000000003"><ele>3231.3162140939135</ele></trkpt><trkpt lat="36.57153" lon="-118.26107999999999"><ele>3235.5419178300763</ele></trkpt><trkpt lat="36.57157542065991" lon="-118.26101320491188"><ele>3232.240581037881</ele></trkpt><trkpt lat="36.571590559108756" lon="-118.26099094255022"><ele>3231.7389027640475</ele></trkpt><trkpt lat="36.5717" lon="-118.26083"><ele>3228.7312870956957</ele></trkpt><trkpt lat="36.57178" lon="-118.26076"><ele>3231.4926422358512</ele></trkpt><trkpt lat="36.57188" lon="-118.26069000000001"><ele>3224.837549572957</ele></trkpt><trkpt lat="36.57212" lon="-118.26067"><ele>3222.4274332402993</ele></trkpt><trkpt lat="36.57212" lon="-118.26063999999997"><ele>3221.239704779566</ele></trkpt><trkpt lat="36.57182" lon="-118.26060999999999"><ele>3218.7658018369502</ele></trkpt><trkpt lat="36.57223" lon="-118.26042000000001"><ele>3209.9347743662074</ele></trkpt><trkpt lat="36.57233" lon="-118.26022999999998"><ele>3206.844748029814</ele></trkpt><trkpt lat="36.57252" lon="-118.26004999999998"><ele>3204.723771430885</ele></trkpt><trkpt lat="36.57252" lon="-118.26002"><ele>3202.905611728845</ele></trkpt><trkpt lat="36.57244" lon="-118.26003000000003"><ele>3201.8377903839573</ele></trkpt><trkpt lat="36.57213" lon="-118.26024000000001"><ele>3199.4523583222062</ele></trkpt><trkpt lat="36.57212" lon="-118.26021000000003"><ele>3197.3275434303987</ele></trkpt><trkpt lat="36.57215" lon="-118.26015999999998"><ele>3196.500858083792</ele></trkpt><trkpt lat="36.57236" lon="-118.25990000000002"><ele>3193.1896764607886</ele></trkpt><trkpt lat="36.57233" lon="-118.25990000000002"><ele>3191.9787583929083</ele></trkpt><trkpt lat="36.57213" lon="-118.26002"><ele>3190.377270846162</ele></trkpt><trkpt lat="36.57207" lon="-118.26002"><ele>3188.8663896051344</ele></trkpt><trkpt lat="36.57227" lon="-118.25979000000001"><ele>3186.038018558451</ele></trkpt><trkpt lat="36.57226" lon="-118.25977"><ele>3184.6610829005153</ele></trkpt><trkpt lat="36.57203" lon="-118.25981999999999"><ele>3182.0673919995315</ele></trkpt><trkpt lat="36.57218" lon="-118.25968"><ele>3181.3119244222953</ele></trkpt><trkpt lat="36.57206" lon="-118.25970999999998"><ele>3178.9410204440355</ele></trkpt><trkpt lat="36.57206" lon="-118.25967000000003"><ele>3177.5191474349717</ele></trkpt><trkpt lat="36.57222" lon="-118.25959"><ele>3177.702655070064</ele></trkpt><trkpt lat="36.57221" lon="-118.25954000000002"><ele>3173.8195805603173</ele></trkpt><trkpt lat="36.57203" lon="-118.25955999999996"><ele>3171.975256888196</ele></trkpt><trkpt lat="36.57203" lon="-118.25950999999998"><ele>3170.6203448879533</ele></trkpt><trkpt lat="36.57211" lon="-118.25945000000002"><ele>3168.233057348989</ele></trkpt><trkpt lat="36.57211" lon="-118.25941999999998"><ele>3167.291564844497</ele></trkpt><trkpt lat="36.57204" lon="-118.25936000000002"><ele>3165.692826846149</ele></trkpt><trkpt lat="36.57204" lon="-118.25923999999998"><ele>3163.7005972222523</ele></trkpt><trkpt lat="36.57193" lon="-118.25925999999998"><ele>3162.0</ele></trkpt><trkpt lat="36.57188" lon="-118.25923999999998"><ele>3162.137142382255</ele></trkpt><trkpt lat="36.57172" lon="-118.25898000000001"><ele>3160.4173215076744</ele></trkpt><trkpt lat="36.57147" lon="-118.25873000000001"><ele>3161.1602267762646</ele></trkpt><trkpt lat="36.5714" lon="-118.25869999999998"><ele>3162.0</ele></trkpt><trkpt lat="36.57132" lon="-118.25857000000002"><ele>3162.954445855049</ele></trkpt><trkpt lat="36.57106" lon="-118.25850000000003"><ele>3165.0</ele></trkpt><trkpt lat="36.57106" lon="-118.25846000000001"><ele>3164.3433991114143</ele></trkpt><trkpt lat="36.5711" lon="-118.25842999999998"><ele>3164.0</ele></trkpt><trkpt lat="36.57113" lon="-118.25831"><ele>3164.0</ele></trkpt><trkpt lat="36.57111" lon="-118.25815"><ele>3164.0</ele></trkpt><trkpt lat="36.57096" lon="-118.2579"><ele>3164.0</ele></trkpt><trkpt lat="36.57094" lon="-118.25747999999999"><ele>3164.029936930863</ele></trkpt><trkpt lat="36.57102" lon="-118.25734999999997"><ele>3161.9546006307937</ele></trkpt><trkpt lat="36.57107" lon="-118.25720000000001"><ele>3162.548453531461</ele></trkpt><trkpt lat="36.57113" lon="-118.25713999999999"><ele>3161.4398510442115</ele></trkpt><trkpt lat="36.5713" lon="-118.25684000000001"><ele>3157.632209154258</ele></trkpt><trkpt lat="36.5713" lon="-118.25684000000001"><ele>3157.632209154258</ele></trkpt><trkpt lat="36.57134" lon="-118.25668000000002"><ele>3156.0</ele></trkpt><trkpt lat="36.5715" lon="-118.25650000000002"><ele>3155.095029193105</ele></trkpt><trkpt lat="36.57157" lon="-118.25644"><ele>3155.187898189834</ele></trkpt><trkpt lat="36.57177" lon="-118.25637"><ele>3155.3571306662634</ele></trkpt><trkpt lat="36.57193" lon="-118.25619"><ele>3155.4486867208457</ele></trkpt><trkpt lat="36.57204" lon="-118.2561"><ele>3154.6220922656357</ele></trkpt><trkpt lat="36.57225" lon="-118.25574"><ele>3153.0</ele></trkpt><trkpt lat="36.57256" lon="-118.25560999999999"><ele>3152.035502707692</ele></trkpt><trkpt lat="36.57264" lon="-118.25554999999997"><ele>3152.099126574858</ele></trkpt><trkpt lat="36.57281" lon="-118.25526000000002"><ele>3152.062363454613</ele></trkpt><trkpt lat="36.5731" lon="-118.25490000000002"><ele>3153.5291821567334</ele></trkpt><trkpt lat="36.57318" lon="-118.25475"><ele>3155.6513237091713</ele></trkpt><trkpt lat="36.57318" lon="-118.25470000000001"><ele>3156.8164081536233</ele></trkpt><trkpt lat="36.57316" lon="-118.25467000000003"><ele>3157.9700017769355</ele></trkpt><trkpt lat="36.57311" lon="-118.25468999999998"><ele>3158.6569531501736</ele></trkpt><trkpt lat="36.57309" lon="-118.25467000000003"><ele>3160.126789880218</ele></trkpt><trkpt lat="36.57314" lon="-118.25436000000002"><ele>3160.8064746672753</ele></trkpt><trkpt lat="36.57324" lon="-118.25409000000002"><ele>3157.7104506876785</ele></trkpt><trkpt lat="36.57321" lon="-118.25383999999997"><ele>3154.364609124372</ele></trkpt><trkpt lat="36.57316" lon="-118.25374999999997"><ele>3152.3106419839896</ele></trkpt><trkpt lat="36.57302" lon="-118.25371000000001"><ele>3152.4447866024657</ele></trkpt><trkpt lat="36.57289" lon="-118.25355000000002"><ele>3148.9293729500914</ele></trkpt><trkpt lat="36.57273" lon="-118.25329999999997"><ele>3146.1066844440065</ele></trkpt><trkpt lat="36.57268" lon="-118.25317000000001"><ele>3144.1302781964187</ele></trkpt><trkpt lat="36.5728" lon="-118.25319999999999"><ele>3141.9041377710882</ele></trkpt><trkpt lat="36.57312" lon="-118.25335999999999"><ele>3138.009571554605</ele></trkpt><trkpt lat="36.57327" lon="-118.25335000000001"><ele>3135.477660718374</ele></trkpt><trkpt lat="36.57336" lon="-118.2534"><ele>3136.1695499497328</ele></trkpt><trkpt lat="36.57339" lon="-118.25338999999997"><ele>3136.5951973363863</ele></trkpt><trkpt lat="36.57348" lon="-118.25315999999998"><ele>3132.4839050052688</ele></trkpt><trkpt lat="36.57342" lon="-118.25319999999999"><ele>3130.194622882642</ele></trkpt><trkpt lat="36.57349" lon="-118.25310000000002"><ele>3130.641100480895</ele></trkpt><trkpt lat="36.57342" lon="-118.25308000000001"><ele>3126.7853846470452</ele></trkpt><trkpt lat="36.57351" lon="-118.25305000000003"><ele>3128.2851800718286</ele></trkpt><trkpt lat="36.57345" lon="-118.25302999999997"><ele>3125.263764225364</ele></trkpt><trkpt lat="36.57356" lon="-118.25297"><ele>3127.8691881342256</ele></trkpt><trkpt lat="36.57367" lon="-118.25279999999998"><ele>3128.064048501882</ele></trkpt><trkpt lat="36.57365" lon="-118.25279999999998"><ele>3121.4162275637113</ele></trkpt><trkpt lat="36.57359" lon="-118.25288"><ele>3120.9811908109114</ele></trkpt><trkpt lat="36.57331" lon="-118.25305000000003"><ele>3116.2330308812275</ele></trkpt><trkpt lat="36.57356" lon="-118.25274000000002"><ele>3111.0758704072796</ele></trkpt><trkpt lat="36.57332" lon="-118.25286"><ele>3108.295104113453</ele></trkpt><trkpt lat="36.5732" lon="-118.25283999999999"><ele>3105.7971398977215</ele></trkpt><trkpt lat="36.573" lon="-118.25265999999999"><ele>3103.9617196738254</ele></trkpt><trkpt lat="36.57294" lon="-118.25256000000002"><ele>3101.8119224904167</ele></trkpt><trkpt lat="36.57292" lon="-118.25247999999999"><ele>3100.1778250558095</ele></trkpt><trkpt lat="36.57282" lon="-118.25234"><ele>3100.7278261329047</ele></trkpt><trkpt lat="36.57274" lon="-118.25216"><ele>3096.8546946255956</ele></trkpt><trkpt lat="36.57293" lon="-118.25221999999997"><ele>3094.740007360233</ele></trkpt><trkpt lat="36.57313" lon="-118.25232"><ele>3092.2720600858843</ele></trkpt><trkpt lat="36.5733" lon="-118.25234999999998"><ele>3091.9102399989497</ele></trkpt><trkpt lat="36.57353" lon="-118.25227999999998"><ele>3089.5625284537064</ele></trkpt><trkpt lat="36.57369" lon="-118.25211000000002"><ele>3086.6070067357455</ele></trkpt><trkpt lat="36.57366" lon="-118.25211000000002"><ele>3084.903523909292</ele></trkpt><trkpt lat="36.57359" lon="-118.25218999999998"><ele>3085.592454960104</ele></trkpt><trkpt lat="36.57351" lon="-118.25220000000002"><ele>3083.9636367632083</ele></trkpt><trkpt lat="36.57345" lon="-118.25216999999998"><ele>3082.775775999762</ele></trkpt><trkpt lat="36.57357" lon="-118.25211999999999"><ele>3081.4704438257872</ele></trkpt><trkpt lat="36.5738" lon="-118.25173000000001"><ele>3074.721980424257</ele></trkpt><trkpt lat="36.57389" lon="-118.25153"><ele>3072.8335469545273</ele></trkpt><trkpt lat="36.57403" lon="-118.25134000000003"><ele>3068.5374818217506</ele></trkpt><trkpt lat="36.57405" lon="-118.25107000000003"><ele>3066.0</ele></trkpt><trkpt lat="36.57409" lon="-118.2509"><ele>3065.0</ele></trkpt><trkpt lat="36.57413" lon="-118.25085000000001"><ele>3064.0172171647723</ele></trkpt><trkpt lat="36.57447" lon="-118.25063999999998"><ele>3063.0</ele></trkpt><trkpt lat="36.57462" lon="-118.25058999999999"><ele>3062.0</ele></trkpt><trkpt lat="36.57481" lon="-118.25058000000001"><ele>3063.0</ele></trkpt><trkpt lat="36.57502" lon="-118.25047"><ele>3063.16290488909</ele></trkpt><trkpt lat="36.57511" lon="-118.25045999999998"><ele>3062.437774970682</ele></trkpt><trkpt lat="36.57511" lon="-118.25045999999998"><ele>3062.437774970682</ele></trkpt><trkpt lat="36.57511" lon="-118.25045999999998"><ele>3062.437774970682</ele></trkpt><trkpt lat="36.57519" lon="-118.25061"><ele>3064.0</ele></trkpt><trkpt lat="36.57519" lon="-118.25076000000001"><ele>3063.061699142774</ele></trkpt><trkpt lat="36.57524" lon="-118.25079"><ele>3062.294609634278</ele></trkpt><trkpt lat="36.57537" lon="-118.25096000000002"><ele>3061.0</ele></trkpt><trkpt lat="36.57543" lon="-118.25110999999998"><ele>3062.0</ele></trkpt><trkpt lat="36.57547" lon="-118.25132000000002"><ele>3059.128141337544</ele></trkpt><trkpt lat="36.57543" lon="-118.25151"><ele>3057.706943210572</ele></trkpt><trkpt lat="36.57546" lon="-118.25155999999998"><ele>3057.0</ele></trkpt><trkpt lat="36.57553" lon="-118.25157999999999"><ele>3056.0277795556467</ele></trkpt><trkpt lat="36.57572" lon="-118.25149999999996"><ele>3054.0353781061767</ele></trkpt><trkpt lat="36.57593" lon="-118.25155000000001"><ele>3053.0</ele></trkpt><trkpt lat="36.57593" lon="-118.25155000000001"><ele>3053.0</ele></trkpt><trkpt lat="36.57614" lon="-118.25164999999998"><ele>3053.0</ele></trkpt><trkpt lat="36.57614" lon="-118.25164999999998"><ele>3053.0</ele></trkpt><trkpt lat="36.57627" lon="-118.25166999999999"><ele>3053.124931555474</ele></trkpt><trkpt lat="36.57642" lon="-118.25164999999998"><ele>3054.0</ele></trkpt><trkpt lat="36.57656" lon="-118.25162"><ele>3050.946529816836</ele></trkpt><trkpt lat="36.5766" lon="-118.25157999999999"><ele>3049.312621546909</ele></trkpt><trkpt lat="36.57665" lon="-118.25164000000001"><ele>3048.2288476789004</ele></trkpt><trkpt lat="36.57675" lon="-118.25167999999996"><ele>3046.974448652948</ele></trkpt><trkpt lat="36.57706" lon="-118.25169"><ele>3042.570387734079</ele></trkpt><trkpt lat="36.57729" lon="-118.25173999999998"><ele>3038.756049777614</ele></trkpt><trkpt lat="36.5774" lon="-118.25173000000001"><ele>3037.575141646986</ele></trkpt><trkpt lat="36.57751" lon="-118.25166999999999"><ele>3035.9193385178</ele></trkpt><trkpt lat="36.5776" lon="-118.25167999999996"><ele>3034.6542905652896</ele></trkpt><trkpt lat="36.57774" lon="-118.25149999999996"><ele>3032.0</ele></trkpt><trkpt lat="36.57777" lon="-118.25133"><ele>3029.2023573333863</ele></trkpt><trkpt lat="36.57776" lon="-118.25110999999998"><ele>3027.0</ele></trkpt><trkpt lat="36.57795" lon="-118.25108"><ele>3025.0</ele></trkpt><trkpt lat="36.578" lon="-118.25115"><ele>3023.697778460337</ele></trkpt><trkpt lat="36.57831" lon="-118.25142"><ele>3018.4160517685837</ele></trkpt><trkpt lat="36.57839" lon="-118.25155999999998"><ele>3017.9349614405073</ele></trkpt><trkpt lat="36.57858" lon="-118.25176999999996"><ele>3016.3151241231244</ele></trkpt><trkpt lat="36.57866" lon="-118.2518"><ele>3015.2371885575503</ele></trkpt><trkpt lat="36.57885" lon="-118.25184999999999"><ele>3014.638471110724</ele></trkpt><trkpt lat="36.57906" lon="-118.25171"><ele>3010.1101165420487</ele></trkpt><trkpt lat="36.57914" lon="-118.25170000000003"><ele>3008.258501248434</ele></trkpt><trkpt lat="36.57921" lon="-118.25175999999999"><ele>3008.0235097669065</ele></trkpt><trkpt lat="36.57946" lon="-118.25173000000001"><ele>3004.724142939177</ele></trkpt><trkpt lat="36.57976" lon="-118.25180999999998"><ele>3001.1615039985627</ele></trkpt><trkpt lat="36.57993" lon="-118.25175999999999"><ele>2999.5136896758636</ele></trkpt><trkpt lat="36.58025" lon="-118.25175999999999"><ele>2993.9784939689307</ele></trkpt><trkpt lat="36.58025" lon="-118.25175999999999"><ele>2993.9784939689307</ele></trkpt><trkpt lat="36.58029" lon="-118.25176999999996"><ele>2994.019736867056</ele></trkpt><trkpt lat="36.58025" lon="-118.25171999999998"><ele>2992.4064238142632</ele></trkpt><trkpt lat="36.58025" lon="-118.25171999999998"><ele>2992.4064238142632</ele></trkpt><trkpt lat="36.57984" lon="-118.25157999999999"><ele>2989.036072099262</ele></trkpt><trkpt lat="36.57971" lon="-118.25144"><ele>2986.819712543759</ele></trkpt><trkpt lat="36.57963" lon="-118.25139000000001"><ele>2985.5930564361624</ele></trkpt><trkpt lat="36.57944" lon="-118.25114000000002"><ele>2981.753756257042</ele></trkpt><trkpt lat="36.57931" lon="-118.25105000000002"><ele>2979.677884444827</ele></trkpt><trkpt lat="36.57926" lon="-118.25089000000003"><ele>2977.128488565795</ele></trkpt><trkpt lat="36.57946" lon="-118.25098000000003"><ele>2975.061968182599</ele></trkpt><trkpt lat="36.57966" lon="-118.25099"><ele>2973.0811882484704</ele></trkpt><trkpt lat="36.57985" lon="-118.25103999999999"><ele>2969.453206909355</ele></trkpt><trkpt lat="36.57996" lon="-118.25112000000001"><ele>2969.6867178589796</ele></trkpt><trkpt lat="36.5802" lon="-118.25121999999999"><ele>2967.278343110811</ele></trkpt><trkpt lat="36.58025" lon="-118.25121999999999"><ele>2967.278343110811</ele></trkpt><trkpt lat="36.58025" lon="-118.25121999999999"><ele>2967.278343110811</ele></trkpt><trkpt lat="36.58043" lon="-118.25119999999998"><ele>2962.635929671472</ele></trkpt><trkpt lat="36.58059" lon="-118.25124"><ele>2961.3156159992795</ele></trkpt><trkpt lat="36.58078" lon="-118.25123000000002"><ele>2958.7664526822045</ele></trkpt><trkpt lat="36.58117" lon="-118.25098000000003"><ele>2952.093532445375</ele></trkpt><trkpt lat="36.58134" lon="-118.25096000000002"><ele>2949.7054036641143</ele></trkpt><trkpt lat="36.58133" lon="-118.25092999999998"><ele>2947.825668138452</ele></trkpt><trkpt lat="36.58122" lon="-118.2509"><ele>2947.3652622220106</ele></trkpt><trkpt lat="36.58092" lon="-118.2509"><ele>2944.58091555629</ele></trkpt><trkpt lat="36.58084" lon="-118.25085999999999"><ele>2943.320975764936</ele></trkpt><trkpt lat="36.5807" lon="-118.25069000000002"><ele>2940.632764032809</ele></trkpt><trkpt lat="36.58061" lon="-118.25067000000001"><ele>2940.6544265140956</ele></trkpt><trkpt lat="36.58025" lon="-118.25043"><ele>2938.6322214463726</ele></trkpt><trkpt lat="36.58025" lon="-118.25043"><ele>2938.6322214463726</ele></trkpt><trkpt lat="36.58014" lon="-118.25026000000003"><ele>2936.862853022525</ele></trkpt><trkpt lat="36.58012" lon="-118.25009999999997"><ele>2934.173651162535</ele></trkpt><trkpt lat="36.58015" lon="-118.25011"><ele>2933.1458425106175</ele></trkpt><trkpt lat="36.58019" lon="-118.25018"><ele>2932.6055901182335</ele></trkpt><trkpt lat="36.58025" lon="-118.25022000000001"><ele>2932.1354601810917</ele></trkpt><trkpt lat="36.58025" lon="-118.25022000000001"><ele>2932.1354601810917</ele></trkpt><trkpt lat="36.58032" lon="-118.25027"><ele>2931.1892643607316</ele></trkpt><trkpt lat="36.5805" lon="-118.25033000000002"><ele>2928.9006684448104</ele></trkpt><trkpt lat="36.58056" lon="-118.25031999999999"><ele>2928.5327338930083</ele></trkpt><trkpt lat="36.58068" lon="-118.25024000000002"><ele>2925.80351644475</ele></trkpt><trkpt lat="36.58086" lon="-118.25020999999998"><ele>2922.177660935526</ele></trkpt><trkpt lat="36.58067" lon="-118.24999000000003"><ele>2918.9780942227226</ele></trkpt><trkpt lat="36.58066" lon="-118.24993999999998"><ele>2917.813009777339</ele></trkpt><trkpt lat="36.58069" lon="-118.24991999999997"><ele>2917.1077497291026</ele></trkpt><trkpt lat="36.58077" lon="-118.24991999999997"><ele>2915.659228397999</ele></trkpt><trkpt lat="36.58091" lon="-118.24999000000003"><ele>2914.2223991700607</ele></trkpt><trkpt lat="36.58112" lon="-118.25002"><ele>2910.8331937158946</ele></trkpt><trkpt lat="36.58119" lon="-118.25009"><ele>2910.7413288108073</ele></trkpt><trkpt lat="36.58129" lon="-118.25011"><ele>2909.771612829063</ele></trkpt><trkpt lat="36.58162" lon="-118.25006000000002"><ele>2904.8241994289056</ele></trkpt><trkpt lat="36.58177" lon="-118.24998"><ele>2902.490154666826</ele></trkpt><trkpt lat="36.58202" lon="-118.24997000000002"><ele>2898.0640062480234</ele></trkpt><trkpt lat="36.58212" lon="-118.24993999999998"><ele>2897.5137667886556</ele></trkpt><trkpt lat="36.58176" lon="-118.24981000000002"><ele>2894.3513706685044</ele></trkpt><trkpt lat="36.58167" lon="-118.24975"><ele>2892.461363876426</ele></trkpt><trkpt lat="36.58155" lon="-118.24973999999997"><ele>2891.4580159985926</ele></trkpt><trkpt lat="36.5815" lon="-118.24964"><ele>2888.9517644997686</ele></trkpt><trkpt lat="36.58162" lon="-118.24964999999997"><ele>2887.16655999911</ele></trkpt><trkpt lat="36.58173" lon="-118.24959999999999"><ele>2884.2956966704846</ele></trkpt><trkpt lat="36.58183" lon="-118.24961000000002"><ele>2883.3703573350795</ele></trkpt><trkpt lat="36.58196" lon="-118.24955"><ele>2880.231674617622</ele></trkpt><trkpt lat="36.58196" lon="-118.24953"><ele>2879.2996070613153</ele></trkpt><trkpt lat="36.58182" lon="-118.24950999999999"><ele>2878.586567110382</ele></trkpt><trkpt lat="36.58165" lon="-118.24932999999999"><ele>2874.375546749914</ele></trkpt><trkpt lat="36.58157" lon="-118.24912"><ele>2871.8036300383974</ele></trkpt><trkpt lat="36.58155" lon="-118.24898999999999"><ele>2870.3547695963643</ele></trkpt><trkpt lat="36.58133" lon="-118.24887000000001"><ele>2866.9425072502345</ele></trkpt><trkpt lat="36.58112" lon="-118.24855000000002"><ele>2861.48977421553</ele></trkpt><trkpt lat="36.58094" lon="-118.24838999999997"><ele>2859.6218261131144</ele></trkpt><trkpt lat="36.58095" lon="-118.24835999999999"><ele>2858.1741509448116</ele></trkpt><trkpt lat="36.58114" lon="-118.24835999999999"><ele>2854.57203427935</ele></trkpt><trkpt lat="36.58153" lon="-118.24842000000001"><ele>2849.3944426670205</ele></trkpt><trkpt lat="36.58158" lon="-118.2484"><ele>2848.7362344267312</ele></trkpt><trkpt lat="36.5817" lon="-118.24844999999999"><ele>2846.419160583988</ele></trkpt><trkpt lat="36.58171" lon="-118.24841000000004"><ele>2845.196912927553</ele></trkpt><trkpt lat="36.58166" lon="-118.24829999999997"><ele>2843.5982399994973</ele></trkpt><trkpt lat="36.58166" lon="-118.24826000000002"><ele>2842.6661724450532</ele></trkpt><trkpt lat="36.5817" lon="-118.24826000000002"><ele>2841.9918396959547</ele></trkpt><trkpt lat="36.58184" lon="-118.24832000000004"><ele>2839.3274161866866</ele></trkpt><trkpt lat="36.58199" lon="-118.24846000000002"><ele>2837.2369392681867</ele></trkpt><trkpt lat="36.58222" lon="-118.24860999999999"><ele>2835.0580156843644</ele></trkpt><trkpt lat="36.58227" lon="-118.24860999999999"><ele>2834.643527110573</ele></trkpt><trkpt lat="36.58294" lon="-118.24810000000002"><ele>2823.5540589554353</ele></trkpt><trkpt lat="36.58294" lon="-118.24806999999998"><ele>2822.39576555985</ele></trkpt><trkpt lat="36.58267" lon="-118.24815000000001"><ele>2820.8682624875755</ele></trkpt><trkpt lat="36.58263" lon="-118.24813"><ele>2818.5139681367064</ele></trkpt><trkpt lat="36.58267" lon="-118.24806000000001"><ele>2816.8288509788</ele></trkpt><trkpt lat="36.58293" lon="-118.24790999999999"><ele>2812.395691704864</ele></trkpt><trkpt lat="36.5831" lon="-118.24766999999997"><ele>2805.1362647018395</ele></trkpt><trkpt lat="36.5832" lon="-118.24757999999997"><ele>2804.022792034317</ele></trkpt><trkpt lat="36.58329" lon="-118.24736000000001"><ele>2799.2597112566714</ele></trkpt><trkpt lat="36.58340930932728" lon="-118.24721315775105"><ele>2795.3482226461424</ele></trkpt><trkpt lat="36.583458241188865" lon="-118.2471529340445"><ele>2793.8696659698617</ele></trkpt><trkpt lat="36.58355" lon="-118.24703999999997"><ele>2791.681716756325</ele></trkpt><trkpt lat="36.58363" lon="-118.24679000000003"><ele>2786.2246264657797</ele></trkpt><trkpt lat="36.584" lon="-118.24631"><ele>2777.455758222379</ele></trkpt><trkpt lat="36.58417" lon="-118.24619999999999"><ele>2775.679346499499</ele></trkpt><trkpt lat="36.58433" lon="-118.24599999999998"><ele>2772.013005640041</ele></trkpt><trkpt lat="36.58499" lon="-118.24556000000001"><ele>2764.6126704538215</ele></trkpt><trkpt lat="36.58498" lon="-118.24554"><ele>2763.426579259336</ele></trkpt><trkpt lat="36.58493" lon="-118.24556999999999"><ele>2763.9601048247523</ele></trkpt><trkpt lat="36.58456" lon="-118.24554999999998"><ele>2758.6910940467737</ele></trkpt><trkpt lat="36.58454" lon="-118.24553000000003"><ele>2758.1005510938357</ele></trkpt><trkpt lat="36.58499" lon="-118.24538000000001"><ele>2754.260231248103</ele></trkpt><trkpt lat="36.58493" lon="-118.24535000000003"><ele>2751.120975890197</ele></trkpt><trkpt lat="36.58462" lon="-118.24531999999999"><ele>2747.821101569332</ele></trkpt><trkpt lat="36.58459" lon="-118.24529000000001"><ele>2746.67277337442</ele></trkpt><trkpt lat="36.5846" lon="-118.24527"><ele>2745.988245333545</ele></trkpt><trkpt lat="36.58529" lon="-118.24504999999999"><ele>2737.7355022220872</ele></trkpt><trkpt lat="36.58523" lon="-118.24502000000001"><ele>2735.5977471141628</ele></trkpt><trkpt lat="36.5848" lon="-118.24495999999999"><ele>2732.028189573502</ele></trkpt><trkpt lat="36.58505" lon="-118.24484999999999"><ele>2727.4148266664706</ele></trkpt><trkpt lat="36.58528" lon="-118.24478999999997"><ele>2723.5116077533576</ele></trkpt><trkpt lat="36.58544" lon="-118.24478999999997"><ele>2720.770352023165</ele></trkpt><trkpt lat="36.58542" lon="-118.24475000000001"><ele>2719.7544888900593</ele></trkpt><trkpt lat="36.58518" lon="-118.24468000000002"><ele>2718.492252445314</ele></trkpt><trkpt lat="36.58507" lon="-118.24462"><ele>2715.77702893121</ele></trkpt><trkpt lat="36.585" lon="-118.24453"><ele>2713.6423015934106</ele></trkpt><trkpt lat="36.58518" lon="-118.24455"><ele>2712.4338133335114</ele></trkpt><trkpt lat="36.58528" lon="-118.24448999999998"><ele>2710.176639593325</ele></trkpt><trkpt lat="36.58558" lon="-118.24450999999999"><ele>2704.3026438714005</ele></trkpt><trkpt lat="36.58565" lon="-118.24453"><ele>2702.45247493824</ele></trkpt><trkpt lat="36.58584" lon="-118.24472000000003"><ele>2701.3995664550157</ele></trkpt><trkpt lat="36.58584" lon="-118.24468000000002"><ele>2700.292371264572</ele></trkpt><trkpt lat="36.58562" lon="-118.24432000000002"><ele>2695.3481787231512</ele></trkpt><trkpt lat="36.58564" lon="-118.24428"><ele>2693.8344952575862</ele></trkpt><trkpt lat="36.58584" lon="-118.24441000000002"><ele>2690.1425617905334</ele></trkpt><trkpt lat="36.58597" lon="-118.24446"><ele>2688.654854329303</ele></trkpt><trkpt lat="36.58617" lon="-118.24464999999998"><ele>2685.1584903413896</ele></trkpt><trkpt lat="36.58647" lon="-118.24477000000002"><ele>2682.2487694993615</ele></trkpt><trkpt lat="36.5866" lon="-118.24486999999999"><ele>2680.2224244046783</ele></trkpt><trkpt lat="36.5866" lon="-118.24486999999999"><ele>2680.2224244046783</ele></trkpt><trkpt lat="36.5866" lon="-118.24486999999999"><ele>2680.2224244046783</ele></trkpt><trkpt lat="36.5867" lon="-118.24525"><ele>2677.98994289618</ele></trkpt><trkpt lat="36.58683" lon="-118.24534"><ele>2676.911812797187</ele></trkpt><trkpt lat="36.58692" lon="-118.24531000000002"><ele>2678.090974315763</ele></trkpt><trkpt lat="36.58692" lon="-118.24531000000002"><ele>2678.090974315763</ele></trkpt><trkpt lat="36.58713" lon="-118.24498"><ele>2674.66232093621</ele></trkpt><trkpt lat="36.58721" lon="-118.24493999999999"><ele>2674.705468845249</ele></trkpt><trkpt lat="36.58726" lon="-118.24486999999999"><ele>2674.387432571966</ele></trkpt><trkpt lat="36.58744" lon="-118.24454000000003"><ele>2669.9516033835635</ele></trkpt><trkpt lat="36.58758" lon="-118.24417"><ele>2665.337969637476</ele></trkpt><trkpt lat="36.58777" lon="-118.24385999999998"><ele>2662.918619229924</ele></trkpt><trkpt lat="36.58797" lon="-118.24331999999998"><ele>2657.429730859585</ele></trkpt><trkpt lat="36.58803" lon="-118.24297000000001"><ele>2652.497807553271</ele></trkpt><trkpt lat="36.58803" lon="-118.24275999999998"><ele>2648.2385964421555</ele></trkpt><trkpt lat="36.58813" lon="-118.24252000000001"><ele>2645.4273614242584</ele></trkpt><trkpt lat="36.58820377241568" lon="-118.24248838325042"><ele>2645.8694017591997</ele></trkpt><trkpt lat="36.5882145561824" lon="-118.24248376166554"><ele>2645.8813774331593</ele></trkpt><trkpt lat="36.58834" lon="-118.24243000000001"><ele>2643.451978667639</ele></trkpt><trkpt lat="36.58856" lon="-118.24246"><ele>2640.80241579446</ele></trkpt><trkpt lat="36.58887" lon="-118.24241"><ele>2637.3107623490505</ele></trkpt><trkpt lat="36.5891" lon="-118.24241"><ele>2633.635990529787</ele></trkpt><trkpt lat="36.58918" lon="-118.24245000000002"><ele>2632.9009695317036</ele></trkpt><trkpt lat="36.58922" lon="-118.2425"><ele>2633.0961201954633</ele></trkpt><trkpt lat="36.58929" lon="-118.2425"><ele>2634.3426962323115</ele></trkpt><trkpt lat="36.58932" lon="-118.24219"><ele>2632.812822411243</ele></trkpt><trkpt lat="36.58928" lon="-118.24180999999999"><ele>2628.5208543920885</ele></trkpt><trkpt lat="36.5893" lon="-118.24171000000001"><ele>2628.4842149908654</ele></trkpt><trkpt lat="36.58889" lon="-118.24086"><ele>2615.5714577079343</ele></trkpt><trkpt lat="36.58895" lon="-118.24036999999998"><ele>2610.9982365487963</ele></trkpt><trkpt lat="36.58914" lon="-118.23993000000002"><ele>2605.467701543846</ele></trkpt><trkpt lat="36.58938" lon="-118.23906999999997"><ele>2596.1548200356774</ele></trkpt><trkpt lat="36.58947" lon="-118.23883999999998"><ele>2594.6397361238487</ele></trkpt><trkpt lat="36.5898" lon="-118.23872"><ele>2592.8367134667933</ele></trkpt><trkpt lat="36.58995" lon="-118.23863"><ele>2590.898419722682</ele></trkpt><trkpt lat="36.58995" lon="-118.23860000000002"><ele>2589.2294099461287</ele></trkpt><trkpt lat="36.59004" lon="-118.23856999999998"><ele>2591.1792694927544</ele></trkpt><trkpt lat="36.59001" lon="-118.23856"><ele>2589.4044217813243</ele></trkpt><trkpt lat="36.58976" lon="-118.23865"><ele>2588.045574738644</ele></trkpt><trkpt lat="36.58936" lon="-118.23865"><ele>2582.410147334033</ele></trkpt><trkpt lat="36.58917" lon="-118.23906"><ele>2580.7987038074216</ele></trkpt><trkpt lat="36.58896" lon="-118.23937999999998"><ele>2577.294057661435</ele></trkpt><trkpt lat="36.5885" lon="-118.24002999999999"><ele>2568.7975064064376</ele></trkpt><trkpt lat="36.5882" lon="-118.24038000000002"><ele>2562.696383660659</ele></trkpt><trkpt lat="36.5881" lon="-118.24040000000002"><ele>2559.2045609176257</ele></trkpt><trkpt lat="36.58797" lon="-118.24029000000002"><ele>2560.9517120006494</ele></trkpt><trkpt lat="36.58782" lon="-118.24023999999997"><ele>2558.786627555033</ele></trkpt><trkpt lat="36.58768" lon="-118.24023"><ele>2558.553610666655</ele></trkpt><trkpt lat="36.58757" lon="-118.24029000000002"><ele>2557.015720151523</ele></trkpt><trkpt lat="36.58754924580961" lon="-118.24029115301056"><ele>2556.9874522066366</ele></trkpt><trkpt lat="36.587553269728986" lon="-118.24029092946046"><ele>2556.987510575883</ele></trkpt><trkpt lat="36.58739" lon="-118.24029999999999"><ele>2556.6240303974737</ele></trkpt><trkpt lat="36.58735" lon="-118.24020000000002"><ele>2554.486639559036</ele></trkpt><trkpt lat="36.58726" lon="-118.24018000000001"><ele>2552.02026917506</ele></trkpt><trkpt lat="36.58725" lon="-118.24005999999997"><ele>2549.5923235551454</ele></trkpt><trkpt lat="36.58718" lon="-118.24004000000002"><ele>2548.0882339325162</ele></trkpt><trkpt lat="36.58712" lon="-118.24007"><ele>2547.9574590763077</ele></trkpt><trkpt lat="36.58706" lon="-118.24027999999998"><ele>2547.1554228521345</ele></trkpt><trkpt lat="36.58698" lon="-118.24038000000002"><ele>2547.0</ele></trkpt><trkpt lat="36.58695" lon="-118.24034"><ele>2546.116796444403</ele></trkpt><trkpt lat="36.58696" lon="-118.24018000000001"><ele>2544.3142565600574</ele></trkpt><trkpt lat="36.58688" lon="-118.24014"><ele>2544.0</ele></trkpt><trkpt lat="36.58687110760282" lon="-118.24013795655532"><ele>2544.0</ele></trkpt><trkpt lat="36.58687102878702" lon="-118.2401384069313"><ele>2544.0</ele></trkpt></trkseg></trk></gpx>