<?xml version="1.0"?>
<gpx xmlns="http://www.topografix.com/GPX/1/1" xmlns:gpxx="http://www.garmin.com/xmlschemas/GpxExtensions/v3" creator="CALTOPO" version="1.1"><metadata><name><![CDATA[Olancha-Chicken Spring]]></name></metadata><wpt lat="36.29666988178455" lon="-118.1308484511463"><name>Camp</name><desc>Lovely camping next to a small creek. Met some thru-hikers that I would run into weeks later near Donner Pass - they were shocked I started that day at Olancha. </desc></wpt><wpt lat="36.22458798388564" lon="-118.04596057821615"><name>Starting Trailhead</name><desc>Olancha Pass Trailhead - final section of road was rough so Sasha dropped me off here.</desc></wpt><wpt lat="36.44836003709237" lon="-118.17057604406058"><name>Ending Trailhead</name><desc>pulled into cottonwood pass trailhead and caught a ride to Lone Pine in about 5 minutes flat</desc></wpt><trk><name>Olancha-Chicken Spring</name><trkseg><trkpt lat="36.22460476591306" lon="-118.0459557089319"><ele>1652.1140620484948</ele></trkpt><trkpt lat="36.22458495375669" lon="-118.0459664055254"><ele>1652.0</ele></trkpt><trkpt lat="36.22459447720522" lon="-118.0459935105074"><ele>1652.0</ele></trkpt><trkpt lat="36.22459447720522" lon="-118.0459935105074"><ele>1652.0</ele></trkpt><trkpt lat="36.224736712663784" lon="-118.04639833562385"><ele>1655.2923955340584</ele></trkpt><trkpt lat="36.22474644953891" lon="-118.04642604822465"><ele>1656.0</ele></trkpt><trkpt lat="36.22479" lon="-118.04655000000002"><ele>1656.0</ele></trkpt><trkpt lat="36.22503" lon="-118.04745000000003"><ele>1662.0</ele></trkpt><trkpt lat="36.22551" lon="-118.04957000000002"><ele>1677.0</ele></trkpt><trkpt lat="36.22599" lon="-118.05207000000001"><ele>1700.0</ele></trkpt><trkpt lat="36.22604" lon="-118.05318999999997"><ele>1708.9139376679168</ele></trkpt><trkpt lat="36.22607" lon="-118.05515000000003"><ele>1725.0</ele></trkpt><trkpt lat="36.2261" lon="-118.05581000000001"><ele>1731.0</ele></trkpt><trkpt lat="36.22608" lon="-118.05642"><ele>1736.0</ele></trkpt><trkpt lat="36.22609635411189" lon="-118.05729494498621"><ele>1743.0</ele></trkpt><trkpt lat="36.22609655575577" lon="-118.05730573291282"><ele>1743.0</ele></trkpt><trkpt lat="36.2261" lon="-118.05749000000003"><ele>1744.0</ele></trkpt><trkpt lat="36.22607" lon="-118.05827999999997"><ele>1751.0</ele></trkpt><trkpt lat="36.2261" lon="-118.05844000000002"><ele>1752.0</ele></trkpt><trkpt lat="36.2261" lon="-118.05844000000002"><ele>1752.0</ele></trkpt><trkpt lat="36.2262" lon="-118.05862000000002"><ele>1753.0</ele></trkpt><trkpt lat="36.22655" lon="-118.05905999999999"><ele>1756.0</ele></trkpt><trkpt lat="36.22657" lon="-118.05908"><ele>1756.0</ele></trkpt><trkpt lat="36.22669" lon="-118.05923999999999"><ele>1757.0</ele></trkpt><trkpt lat="36.22673" lon="-118.05935999999997"><ele>1758.0</ele></trkpt><trkpt lat="36.22674" lon="-118.05948999999998"><ele>1759.0</ele></trkpt><trkpt lat="36.22661" lon="-118.05984999999998"><ele>1761.0</ele></trkpt><trkpt lat="36.22661" lon="-118.05984999999998"><ele>1761.0</ele></trkpt><trkpt lat="36.22655" lon="-118.05991"><ele>1762.0</ele></trkpt><trkpt lat="36.22655" lon="-118.05991"><ele>1762.0</ele></trkpt><trkpt lat="36.22639" lon="-118.06006000000002"><ele>1764.0</ele></trkpt><trkpt lat="36.22630474993316" lon="-118.06023365754356"><ele>1765.114857723345</ele></trkpt><trkpt lat="36.22630474993316" lon="-118.06023365754356"><ele>1765.114857723345</ele></trkpt><trkpt lat="36.22612" lon="-118.06061"><ele>1769.2480726947047</ele></trkpt><trkpt lat="36.22612" lon="-118.06061"><ele>1769.2480726947047</ele></trkpt><trkpt lat="36.22604" lon="-118.06081"><ele>1771.029180444777</ele></trkpt><trkpt lat="36.22575" lon="-118.06117"><ele>1776.9468306652125</ele></trkpt><trkpt lat="36.2256" lon="-118.06142999999997"><ele>1779.9532724973037</ele></trkpt><trkpt lat="36.2256" lon="-118.06142999999997"><ele>1779.9532724973037</ele></trkpt><trkpt lat="36.2258" lon="-118.06171999999998"><ele>1782.0715096141912</ele></trkpt><trkpt lat="36.22593" lon="-118.06187"><ele>1785.6153389592496</ele></trkpt><trkpt lat="36.2261" lon="-118.06200000000001"><ele>1787.4872000012547</ele></trkpt><trkpt lat="36.22638" lon="-118.06204000000002"><ele>1793.2355210514331</ele></trkpt><trkpt lat="36.22646" lon="-118.06212"><ele>1795.731188493904</ele></trkpt><trkpt lat="36.22642" lon="-118.06238000000002"><ele>1801.9849019551107</ele></trkpt><trkpt lat="36.22629" lon="-118.06277"><ele>1810.371800889261</ele></trkpt><trkpt lat="36.22629" lon="-118.06286999999998"><ele>1812.4879550432759</ele></trkpt><trkpt lat="36.22642" lon="-118.06304"><ele>1814.9555638318734</ele></trkpt><trkpt lat="36.22655" lon="-118.06326999999999"><ele>1817.833963154274</ele></trkpt><trkpt lat="36.22655" lon="-118.06326999999999"><ele>1817.833963154274</ele></trkpt><trkpt lat="36.22678" lon="-118.06333000000001"><ele>1821.4696924448945</ele></trkpt><trkpt lat="36.22688" lon="-118.06342000000001"><ele>1824.0</ele></trkpt><trkpt lat="36.22703" lon="-118.06367"><ele>1828.3148408890702</ele></trkpt><trkpt lat="36.22708" lon="-118.06387000000001"><ele>1830.9597594925503</ele></trkpt><trkpt lat="36.22707" lon="-118.06393000000003"><ele>1832.0</ele></trkpt><trkpt lat="36.22702" lon="-118.06396999999998"><ele>1833.2958542220294</ele></trkpt><trkpt lat="36.22685" lon="-118.06389000000001"><ele>1835.0</ele></trkpt><trkpt lat="36.22675" lon="-118.06393000000003"><ele>1836.4119606718737</ele></trkpt><trkpt lat="36.22655" lon="-118.0641"><ele>1841.0</ele></trkpt><trkpt lat="36.22655" lon="-118.0641"><ele>1841.0</ele></trkpt><trkpt lat="36.22638" lon="-118.06423999999998"><ele>1843.87876622146</ele></trkpt><trkpt lat="36.22629" lon="-118.06421999999998"><ele>1845.5008488926183</ele></trkpt><trkpt lat="36.22626" lon="-118.06414999999998"><ele>1845.2621825095266</ele></trkpt><trkpt lat="36.22617" lon="-118.06407000000002"><ele>1846.4615825060755</ele></trkpt><trkpt lat="36.2261" lon="-118.06407000000002"><ele>1848.4834087406607</ele></trkpt><trkpt lat="36.22576" lon="-118.06423999999998"><ele>1855.9820983370578</ele></trkpt><trkpt lat="36.22545" lon="-118.06432000000001"><ele>1860.6070364448242</ele></trkpt><trkpt lat="36.22538" lon="-118.06438000000003"><ele>1862.403239112813</ele></trkpt><trkpt lat="36.22534" lon="-118.06448999999998"><ele>1864.3117697858534</ele></trkpt><trkpt lat="36.22539" lon="-118.06457999999998"><ele>1866.378461516846</ele></trkpt><trkpt lat="36.225494289479386" lon="-118.06465821489871"><ele>1869.36899313936</ele></trkpt><trkpt lat="36.225494289479386" lon="-118.06465821489871"><ele>1869.36899313936</ele></trkpt><trkpt lat="36.22555" lon="-118.06470000000002"><ele>1870.0</ele></trkpt><trkpt lat="36.22553" lon="-118.06489999999997"><ele>1872.3599527808822</ele></trkpt><trkpt lat="36.22557" lon="-118.06529"><ele>1877.7115079043358</ele></trkpt><trkpt lat="36.22557" lon="-118.06529"><ele>1877.7115079043358</ele></trkpt><trkpt lat="36.22582" lon="-118.06556"><ele>1884.0</ele></trkpt><trkpt lat="36.22583" lon="-118.06560999999999"><ele>1885.0</ele></trkpt><trkpt lat="36.22581" lon="-118.06583"><ele>1888.9943347725562</ele></trkpt><trkpt lat="36.22579578373071" lon="-118.06585221292079"><ele>1889.0122618653452</ele></trkpt><trkpt lat="36.22579419744252" lon="-118.06585469151878"><ele>1889.1066773828018</ele></trkpt><trkpt lat="36.22565" lon="-118.06608"><ele>1894.126538219396</ele></trkpt><trkpt lat="36.225409779729745" lon="-118.06669556637928"><ele>1902.7401749056805</ele></trkpt><trkpt lat="36.225409779729745" lon="-118.06669556637928"><ele>1902.7401749056805</ele></trkpt><trkpt lat="36.225397740226796" lon="-118.06672641731336"><ele>1902.9814081429315</ele></trkpt><trkpt lat="36.225397740226796" lon="-118.06672641731336"><ele>1902.9814081429315</ele></trkpt><trkpt lat="36.22533" lon="-118.06690000000003"><ele>1904.0202309434417</ele></trkpt><trkpt lat="36.22533" lon="-118.06690000000003"><ele>1904.0202309434417</ele></trkpt><trkpt lat="36.22533" lon="-118.06690000000003"><ele>1904.0202309434417</ele></trkpt><trkpt lat="36.22521" lon="-118.06761"><ele>1914.157046277076</ele></trkpt><trkpt lat="36.22518" lon="-118.06810000000002"><ele>1921.1132168564945</ele></trkpt><trkpt lat="36.22525" lon="-118.06830000000002"><ele>1926.7786769606173</ele></trkpt><trkpt lat="36.22526" lon="-118.06876"><ele>1927.9670424982905</ele></trkpt><trkpt lat="36.2253" lon="-118.06912"><ele>1931.2778593190014</ele></trkpt><trkpt lat="36.22539" lon="-118.06941"><ele>1934.4772014785558</ele></trkpt><trkpt lat="36.22549" lon="-118.06959"><ele>1937.254255341366</ele></trkpt><trkpt lat="36.2255" lon="-118.06970000000001"><ele>1939.0</ele></trkpt><trkpt lat="36.22546" lon="-118.06981000000002"><ele>1941.4402992967516</ele></trkpt><trkpt lat="36.22531" lon="-118.06997000000001"><ele>1944.6878054859117</ele></trkpt><trkpt lat="36.22515" lon="-118.07027"><ele>1945.5493173873308</ele></trkpt><trkpt lat="36.22513909266554" lon="-118.07034907817484"><ele>1946.5824442780577</ele></trkpt><trkpt lat="36.22513672862466" lon="-118.07036621748756"><ele>1947.322341865948</ele></trkpt><trkpt lat="36.22511" lon="-118.07056"><ele>1949.3014899585396</ele></trkpt><trkpt lat="36.22513" lon="-118.07067"><ele>1951.246031796863</ele></trkpt><trkpt lat="36.22502" lon="-118.07092999999998"><ele>1954.06695614319</ele></trkpt><trkpt lat="36.22485" lon="-118.07159000000001"><ele>1961.8597512618444</ele></trkpt><trkpt lat="36.22482" lon="-118.07193999999998"><ele>1964.5481355041265</ele></trkpt><trkpt lat="36.22484" lon="-118.07220000000001"><ele>1968.0</ele></trkpt><trkpt lat="36.22489" lon="-118.07236"><ele>1974.1840859241784</ele></trkpt><trkpt lat="36.22489" lon="-118.07249999999999"><ele>1974.0</ele></trkpt><trkpt lat="36.22492" lon="-118.07258999999999"><ele>1976.3251472655684</ele></trkpt><trkpt lat="36.22488" lon="-118.07292000000001"><ele>1982.014341674745</ele></trkpt><trkpt lat="36.22491" lon="-118.07303999999999"><ele>1983.9970932689257</ele></trkpt><trkpt lat="36.22479" lon="-118.07351"><ele>1997.6191517824582</ele></trkpt><trkpt lat="36.2247" lon="-118.07362999999998"><ele>1997.6157311424613</ele></trkpt><trkpt lat="36.22463" lon="-118.07398999999998"><ele>2004.2557179998048</ele></trkpt><trkpt lat="36.22464" lon="-118.07454999999999"><ele>2011.203303668954</ele></trkpt><trkpt lat="36.22459" lon="-118.07484999999997"><ele>2014.7737672299663</ele></trkpt><trkpt lat="36.2246" lon="-118.07504"><ele>2018.8727174876258</ele></trkpt><trkpt lat="36.2245" lon="-118.07544000000001"><ele>2021.1134053088088</ele></trkpt><trkpt lat="36.22449" lon="-118.07564000000002"><ele>2025.641321990639</ele></trkpt><trkpt lat="36.22441" lon="-118.07587999999998"><ele>2027.8624645080417</ele></trkpt><trkpt lat="36.2243" lon="-118.07652999999999"><ele>2037.1420725276694</ele></trkpt><trkpt lat="36.22415" lon="-118.07704999999999"><ele>2044.7311873511042</ele></trkpt><trkpt lat="36.22401" lon="-118.07742000000002"><ele>2049.86589779472</ele></trkpt><trkpt lat="36.22387" lon="-118.07772"><ele>2054.759190830402</ele></trkpt><trkpt lat="36.22371" lon="-118.07792"><ele>2057.175018879943</ele></trkpt><trkpt lat="36.22371" lon="-118.07792"><ele>2057.175018879943</ele></trkpt><trkpt lat="36.22371" lon="-118.07792"><ele>2057.175018879943</ele></trkpt><trkpt lat="36.2237" lon="-118.07799999999997"><ele>2059.1412444431335</ele></trkpt><trkpt lat="36.22405" lon="-118.07779"><ele>2064.354535111226</ele></trkpt><trkpt lat="36.22422" lon="-118.07772"><ele>2067.978518719785</ele></trkpt><trkpt lat="36.22444" lon="-118.07756"><ele>2071.378631009649</ele></trkpt><trkpt lat="36.2245" lon="-118.07758999999999"><ele>2076.063838251251</ele></trkpt><trkpt lat="36.22445" lon="-118.07772"><ele>2078.5151184420984</ele></trkpt><trkpt lat="36.22427" lon="-118.07796000000002"><ele>2078.0518121849746</ele></trkpt><trkpt lat="36.22416" lon="-118.07830999999999"><ele>2087.008334686514</ele></trkpt><trkpt lat="36.22402" lon="-118.07859000000002"><ele>2092.211758633303</ele></trkpt><trkpt lat="36.22392" lon="-118.07868000000002"><ele>2092.831541334279</ele></trkpt><trkpt lat="36.22383" lon="-118.07871"><ele>2094.1478628730697</ele></trkpt><trkpt lat="36.22348" lon="-118.07866000000001"><ele>2101.762583255768</ele></trkpt><trkpt lat="36.22349" lon="-118.07875000000001"><ele>2105.3791963094845</ele></trkpt><trkpt lat="36.22384" lon="-118.07904000000002"><ele>2110.6087573342957</ele></trkpt><trkpt lat="36.22388" lon="-118.07911000000001"><ele>2113.870993778575</ele></trkpt><trkpt lat="36.22383" lon="-118.07913000000002"><ele>2114.803061334882</ele></trkpt><trkpt lat="36.22359" lon="-118.07906000000003"><ele>2117.5408248906024</ele></trkpt><trkpt lat="36.22334" lon="-118.07904000000002"><ele>2123.6087573342957</ele></trkpt><trkpt lat="36.22301" lon="-118.07916"><ele>2129.2011626670137</ele></trkpt><trkpt lat="36.22288" lon="-118.07929999999999"><ele>2135.0707252510088</ele></trkpt><trkpt lat="36.22247" lon="-118.07999999999998"><ele>2150.138485359028</ele></trkpt><trkpt lat="36.22251" lon="-118.08004"><ele>2153.313354862388</ele></trkpt><trkpt lat="36.22275" lon="-118.07987000000003"><ele>2157.2552118049935</ele></trkpt><trkpt lat="36.22301" lon="-118.07979"><ele>2161.5549290962467</ele></trkpt><trkpt lat="36.22314" lon="-118.07979"><ele>2163.5612906673923</ele></trkpt><trkpt lat="36.2233" lon="-118.07983000000002"><ele>2165.0011221851746</ele></trkpt><trkpt lat="36.22366" lon="-118.08005000000003"><ele>2170.993287621579</ele></trkpt><trkpt lat="36.22375" lon="-118.08015"><ele>2174.603934666142</ele></trkpt><trkpt lat="36.22396" lon="-118.08019999999999"><ele>2175.6686755549163</ele></trkpt><trkpt lat="36.22473" lon="-118.07990999999998"><ele>2186.1536959996447</ele></trkpt><trkpt lat="36.22509" lon="-118.07972000000001"><ele>2191.445138431154</ele></trkpt><trkpt lat="36.22552" lon="-118.07934999999998"><ele>2194.988077584682</ele></trkpt><trkpt lat="36.22577" lon="-118.07909999999998"><ele>2201.835005449597</ele></trkpt><trkpt lat="36.22579" lon="-118.07918000000001"><ele>2205.2261515822966</ele></trkpt><trkpt lat="36.22561" lon="-118.07961999999998"><ele>2209.825446168892</ele></trkpt><trkpt lat="36.22518" lon="-118.08008999999998"><ele>2213.1873185318236</ele></trkpt><trkpt lat="36.22516" lon="-118.08020999999997"><ele>2217.324714958202</ele></trkpt><trkpt lat="36.22564" lon="-118.07995"><ele>2226.9376810933463</ele></trkpt><trkpt lat="36.22589" lon="-118.07978000000003"><ele>2229.457801544573</ele></trkpt><trkpt lat="36.22613" lon="-118.07947999999999"><ele>2231.0259989737465</ele></trkpt><trkpt lat="36.22621" lon="-118.07945999999998"><ele>2233.0</ele></trkpt><trkpt lat="36.22625" lon="-118.07954999999998"><ele>2233.839893916622</ele></trkpt><trkpt lat="36.22623" lon="-118.07983999999999"><ele>2233.995316505432</ele></trkpt><trkpt lat="36.22619" lon="-118.07999999999998"><ele>2235.6123216040432</ele></trkpt><trkpt lat="36.22596" lon="-118.08032000000003"><ele>2246.0</ele></trkpt><trkpt lat="36.22587" lon="-118.08035999999998"><ele>2248.1252159993164</ele></trkpt><trkpt lat="36.2255" lon="-118.08089000000001"><ele>2262.481973578222</ele></trkpt><trkpt lat="36.22543" lon="-118.08105"><ele>2267.0695688016713</ele></trkpt><trkpt lat="36.22543" lon="-118.08105"><ele>2267.0695688016713</ele></trkpt><trkpt lat="36.22533" lon="-118.08118000000002"><ele>2270.339985779021</ele></trkpt><trkpt lat="36.22508" lon="-118.08125999999999"><ele>2273.068256000057</ele></trkpt><trkpt lat="36.2249" lon="-118.08145000000002"><ele>2277.0</ele></trkpt><trkpt lat="36.22489" lon="-118.08163000000002"><ele>2281.903548740782</ele></trkpt><trkpt lat="36.2247" lon="-118.08182999999997"><ele>2285.2479124739766</ele></trkpt><trkpt lat="36.2244" lon="-118.08204999999998"><ele>2290.1369215180384</ele></trkpt><trkpt lat="36.22419" lon="-118.08217000000002"><ele>2293.630461038556</ele></trkpt><trkpt lat="36.22409" lon="-118.08226000000002"><ele>2296.6716337786056</ele></trkpt><trkpt lat="36.22377" lon="-118.08229"><ele>2299.139470222406</ele></trkpt><trkpt lat="36.22361" lon="-118.08226000000002"><ele>2301.024755189661</ele></trkpt><trkpt lat="36.2236" lon="-118.08231999999998"><ele>2304.398649687879</ele></trkpt><trkpt lat="36.2238" lon="-118.08242999999999"><ele>2308.1884159995243</ele></trkpt><trkpt lat="36.22389" lon="-118.08244000000002"><ele>2309.010706175503</ele></trkpt><trkpt lat="36.22403" lon="-118.08253000000002"><ele>2311.5761807539448</ele></trkpt><trkpt lat="36.22426" lon="-118.08254999999997"><ele>2313.1866133320145</ele></trkpt><trkpt lat="36.22428" lon="-118.08260000000001"><ele>2315.869181855116</ele></trkpt><trkpt lat="36.22421" lon="-118.08266000000003"><ele>2318.3129848903045</ele></trkpt><trkpt lat="36.22373" lon="-118.08269999999999"><ele>2325.8308408571597</ele></trkpt><trkpt lat="36.22338" lon="-118.08260999999999"><ele>2326.9828159995377</ele></trkpt><trkpt lat="36.22328" lon="-118.08260999999999"><ele>2327.992835768593</ele></trkpt><trkpt lat="36.22308" lon="-118.08284000000003"><ele>2333.4119330559215</ele></trkpt><trkpt lat="36.22302" lon="-118.08285999999998"><ele>2333.633660443593</ele></trkpt><trkpt lat="36.22285" lon="-118.08305000000001"><ele>2337.736485661939</ele></trkpt><trkpt lat="36.22259" lon="-118.08337"><ele>2342.401383111719</ele></trkpt><trkpt lat="36.22229" lon="-118.08357999999998"><ele>2345.1880924436264</ele></trkpt><trkpt lat="36.2222" lon="-118.08361000000002"><ele>2347.586193779018</ele></trkpt><trkpt lat="36.22193" lon="-118.08347000000003"><ele>2348.4660341641866</ele></trkpt><trkpt lat="36.22169" lon="-118.08329000000003"><ele>2352.268599094823</ele></trkpt><trkpt lat="36.22166" lon="-118.08335999999997"><ele>2355.938507499795</ele></trkpt><trkpt lat="36.22175" lon="-118.08344999999997"><ele>2355.932184957899</ele></trkpt><trkpt lat="36.22185" lon="-118.08364"><ele>2360.0096373703277</ele></trkpt><trkpt lat="36.22219" lon="-118.08406000000002"><ele>2366.5577137786895</ele></trkpt><trkpt lat="36.22213" lon="-118.08409"><ele>2369.768935878619</ele></trkpt><trkpt lat="36.22154" lon="-118.08364"><ele>2375.852847731227</ele></trkpt><trkpt lat="36.22143" lon="-118.08352000000002"><ele>2377.1129403103646</ele></trkpt><trkpt lat="36.22133" lon="-118.08352000000002"><ele>2379.9605044132068</ele></trkpt><trkpt lat="36.22122" lon="-118.08357000000001"><ele>2380.7220586673357</ele></trkpt><trkpt lat="36.22085" lon="-118.08384000000001"><ele>2388.304970666766</ele></trkpt><trkpt lat="36.22067" lon="-118.08404000000002"><ele>2393.5540176396526</ele></trkpt><trkpt lat="36.22051" lon="-118.08425999999997"><ele>2397.444336983841</ele></trkpt><trkpt lat="36.22042" lon="-118.08447000000001"><ele>2399.032028529793</ele></trkpt><trkpt lat="36.22011" lon="-118.08501000000001"><ele>2408.290170371998</ele></trkpt><trkpt lat="36.21998" lon="-118.08517"><ele>2410.524521883577</ele></trkpt><trkpt lat="36.21983" lon="-118.08544"><ele>2416.1550031504594</ele></trkpt><trkpt lat="36.21978" lon="-118.08555999999999"><ele>2416.3963091932237</ele></trkpt><trkpt lat="36.21982" lon="-118.0858"><ele>2420.7069641221315</ele></trkpt><trkpt lat="36.21977" lon="-118.08609999999999"><ele>2421.8186456430703</ele></trkpt><trkpt lat="36.21969" lon="-118.08640000000003"><ele>2424.6866557754147</ele></trkpt><trkpt lat="36.21967" lon="-118.08663999999999"><ele>2426.0420142263174</ele></trkpt><trkpt lat="36.21969900396977" lon="-118.08671734391942"><ele>2427.7174658961594</ele></trkpt><trkpt lat="36.219735423896346" lon="-118.08681446369616"><ele>2429.061576963404</ele></trkpt><trkpt lat="36.21976" lon="-118.08688000000001"><ele>2430.240982171148</ele></trkpt><trkpt lat="36.21983" lon="-118.08724000000001"><ele>2435.215308335097</ele></trkpt><trkpt lat="36.2199" lon="-118.08744999999999"><ele>2437.3282775301486</ele></trkpt><trkpt lat="36.22015" lon="-118.08785999999998"><ele>2442.769912382588</ele></trkpt><trkpt lat="36.22031" lon="-118.0883"><ele>2448.012582907453</ele></trkpt><trkpt lat="36.22028" lon="-118.08855"><ele>2450.086460743565</ele></trkpt><trkpt lat="36.22018" lon="-118.08866999999998"><ele>2450.5029116645455</ele></trkpt><trkpt lat="36.22014" lon="-118.08875"><ele>2450.1922461017966</ele></trkpt><trkpt lat="36.22008" lon="-118.08879999999999"><ele>2450.1253020792255</ele></trkpt><trkpt lat="36.21988" lon="-118.08870999999999"><ele>2453.353892153129</ele></trkpt><trkpt lat="36.21977" lon="-118.08870000000002"><ele>2454.7973866672255</ele></trkpt><trkpt lat="36.21946" lon="-118.08873"><ele>2459.2128644828117</ele></trkpt><trkpt lat="36.2191" lon="-118.08870999999999"><ele>2463.5268408879638</ele></trkpt><trkpt lat="36.21898" lon="-118.08875999999998"><ele>2467.593589332886</ele></trkpt><trkpt lat="36.21888" lon="-118.08875"><ele>2466.1275555561297</ele></trkpt><trkpt lat="36.21883" lon="-118.08877999999999"><ele>2467.5256568882614</ele></trkpt><trkpt lat="36.21885" lon="-118.08883000000003"><ele>2469.576753934345</ele></trkpt><trkpt lat="36.21893" lon="-118.08884999999998"><ele>2470.787893332541</ele></trkpt><trkpt lat="36.21895" lon="-118.08891"><ele>2473.584096000064</ele></trkpt><trkpt lat="36.2188" lon="-118.08897999999999"><ele>2475.8133911080886</ele></trkpt><trkpt lat="36.21873" lon="-118.08904000000001"><ele>2476.4767866421134</ele></trkpt><trkpt lat="36.21872" lon="-118.08909"><ele>2478.0</ele></trkpt><trkpt lat="36.21914" lon="-118.08913999999999"><ele>2483.302872888744</ele></trkpt><trkpt lat="36.21923" lon="-118.08916999999997"><ele>2483.7009742208757</ele></trkpt><trkpt lat="36.2193" lon="-118.08924000000002"><ele>2485.9632106674835</ele></trkpt><trkpt lat="36.2193" lon="-118.08929"><ele>2487.3906225039723</ele></trkpt><trkpt lat="36.21899" lon="-118.08929"><ele>2489.2933795563877</ele></trkpt><trkpt lat="36.21861" lon="-118.08952"><ele>2496.012156444136</ele></trkpt><trkpt lat="36.21776" lon="-118.09037999999998"><ele>2510.8272614614134</ele></trkpt><trkpt lat="36.2176" lon="-118.09072000000003"><ele>2518.966025473821</ele></trkpt><trkpt lat="36.21748" lon="-118.09087"><ele>2520.4623541827314</ele></trkpt><trkpt lat="36.21727" lon="-118.09118000000001"><ele>2523.3737635561265</ele></trkpt><trkpt lat="36.21706" lon="-118.09186"><ele>2533.2745455820113</ele></trkpt><trkpt lat="36.21706" lon="-118.09199000000001"><ele>2536.397045138292</ele></trkpt><trkpt lat="36.21701" lon="-118.09204"><ele>2537.0</ele></trkpt><trkpt lat="36.21661" lon="-118.09206"><ele>2544.276754917669</ele></trkpt><trkpt lat="36.21624" lon="-118.09198000000004"><ele>2550.6564657795243</ele></trkpt><trkpt lat="36.21552" lon="-118.09244999999999"><ele>2562.560053332709</ele></trkpt><trkpt lat="36.21544" lon="-118.09257000000002"><ele>2566.8497259281576</ele></trkpt><trkpt lat="36.21529" lon="-118.09271000000001"><ele>2567.699136577097</ele></trkpt><trkpt lat="36.21518" lon="-118.09273999999999"><ele>2569.39616072271</ele></trkpt><trkpt lat="36.21512" lon="-118.09271999999999"><ele>2571.1125000254387</ele></trkpt><trkpt lat="36.215" lon="-118.09258"><ele>2570.3369414932095</ele></trkpt><trkpt lat="36.21483" lon="-118.09251999999998"><ele>2576.360409121029</ele></trkpt><trkpt lat="36.21474" lon="-118.09242"><ele>2576.898711686954</ele></trkpt><trkpt lat="36.21453" lon="-118.09235000000001"><ele>2579.7799609223334</ele></trkpt><trkpt lat="36.2142" lon="-118.09186"><ele>2586.9330580110914</ele></trkpt><trkpt lat="36.21396" lon="-118.09154000000001"><ele>2594.061855760294</ele></trkpt><trkpt lat="36.21377" lon="-118.09147000000002"><ele>2598.8887431118637</ele></trkpt><trkpt lat="36.21327" lon="-118.09096"><ele>2605.7680592578836</ele></trkpt><trkpt lat="36.21307" lon="-118.0908"><ele>2611.8638144615106</ele></trkpt><trkpt lat="36.21289850488796" lon="-118.09061217202014"><ele>2616.105122126639</ele></trkpt><trkpt lat="36.21289850488796" lon="-118.09061217202014"><ele>2616.105122126639</ele></trkpt><trkpt lat="36.21286" lon="-118.09057000000001"><ele>2617.274916222319</ele></trkpt><trkpt lat="36.21283" lon="-118.09046000000001"><ele>2617.0112105240273</ele></trkpt><trkpt lat="36.21272" lon="-118.09045000000003"><ele>2622.4157807938755</ele></trkpt><trkpt lat="36.21255" lon="-118.09057999999999"><ele>2626.3149108014195</ele></trkpt><trkpt lat="36.2125" lon="-118.09073999999998"><ele>2626.0</ele></trkpt><trkpt lat="36.2125" lon="-118.09091000000001"><ele>2627.6676364950836</ele></trkpt><trkpt lat="36.21239" lon="-118.09123999999997"><ele>2629.5230812039226</ele></trkpt><trkpt lat="36.21233" lon="-118.09168999999997"><ele>2635.190789281734</ele></trkpt><trkpt lat="36.21235" lon="-118.09189000000003"><ele>2638.5765307617785</ele></trkpt><trkpt lat="36.21231" lon="-118.09224"><ele>2641.9022113699466</ele></trkpt><trkpt lat="36.21237" lon="-118.09255999999999"><ele>2648.620373826923</ele></trkpt><trkpt lat="36.21237" lon="-118.09273000000002"><ele>2651.7357266023755</ele></trkpt><trkpt lat="36.21226" lon="-118.09302000000002"><ele>2655.1399055846355</ele></trkpt><trkpt lat="36.21213" lon="-118.09316999999999"><ele>2656.5619106701142</ele></trkpt><trkpt lat="36.21163" lon="-118.09456"><ele>2675.0</ele></trkpt><trkpt lat="36.21163" lon="-118.09489000000002"><ele>2681.795195277964</ele></trkpt><trkpt lat="36.21152" lon="-118.09528999999998"><ele>2686.2479411300114</ele></trkpt><trkpt lat="36.21151" lon="-118.09572000000003"><ele>2693.693772856146</ele></trkpt><trkpt lat="36.21152" lon="-118.09593999999998"><ele>2697.42135680087</ele></trkpt><trkpt lat="36.21157" lon="-118.09618"><ele>2701.487775959194</ele></trkpt><trkpt lat="36.2116" lon="-118.09668999999997"><ele>2708.0</ele></trkpt><trkpt lat="36.21174" lon="-118.09753"><ele>2716.985166660967</ele></trkpt><trkpt lat="36.21188" lon="-118.09806000000003"><ele>2721.0651169493794</ele></trkpt><trkpt lat="36.2119" lon="-118.09935000000002"><ele>2733.220327615738</ele></trkpt><trkpt lat="36.21194" lon="-118.09960000000001"><ele>2735.0</ele></trkpt><trkpt lat="36.21203" lon="-118.09991000000002"><ele>2737.0</ele></trkpt><trkpt lat="36.21212" lon="-118.1001"><ele>2739.0</ele></trkpt><trkpt lat="36.21232" lon="-118.10025999999999"><ele>2741.723038512535</ele></trkpt><trkpt lat="36.2129" lon="-118.10039"><ele>2749.988913719342</ele></trkpt><trkpt lat="36.21302" lon="-118.10059999999999"><ele>2751.0</ele></trkpt><trkpt lat="36.21273" lon="-118.10135000000002"><ele>2763.0534228331626</ele></trkpt><trkpt lat="36.21277366136731" lon="-118.10169929093843"><ele>2768.0</ele></trkpt><trkpt lat="36.21277" lon="-118.1017"><ele>2768.0</ele></trkpt><trkpt lat="36.21262" lon="-118.10210000000001"><ele>2771.282648889348</ele></trkpt><trkpt lat="36.21239" lon="-118.10248999999999"><ele>2776.0</ele></trkpt><trkpt lat="36.21217" lon="-118.10297000000003"><ele>2786.8275875570253</ele></trkpt><trkpt lat="36.21217" lon="-118.10302999999999"><ele>2787.62379022222</ele></trkpt><trkpt lat="36.21217" lon="-118.10302999999999"><ele>2787.62379022222</ele></trkpt><trkpt lat="36.21213" lon="-118.10356999999999"><ele>2797.0</ele></trkpt><trkpt lat="36.21196" lon="-118.10414000000003"><ele>2806.0</ele></trkpt><trkpt lat="36.212" lon="-118.10435999999999"><ele>2808.0</ele></trkpt><trkpt lat="36.212006123094824" lon="-118.10436244607331"><ele>2808.0</ele></trkpt><trkpt lat="36.21196" lon="-118.10456999999997"><ele>2809.0</ele></trkpt><trkpt lat="36.21197" lon="-118.10465999999997"><ele>2809.2635672781616</ele></trkpt><trkpt lat="36.21197" lon="-118.10465999999997"><ele>2809.2635672781616</ele></trkpt><trkpt lat="36.21217" lon="-118.10516999999999"><ele>2810.0</ele></trkpt><trkpt lat="36.21229" lon="-118.10575"><ele>2811.0</ele></trkpt><trkpt lat="36.21259" lon="-118.10627999999997"><ele>2810.0752764567733</ele></trkpt><trkpt lat="36.21284" lon="-118.10687000000001"><ele>2809.0</ele></trkpt><trkpt lat="36.21328" lon="-118.10735999999997"><ele>2807.583584000822</ele></trkpt><trkpt lat="36.21378" lon="-118.1078"><ele>2806.826174172564</ele></trkpt><trkpt lat="36.21388" lon="-118.10834999999997"><ele>2805.0</ele></trkpt><trkpt lat="36.21399" lon="-118.10847000000001"><ele>2804.0</ele></trkpt><trkpt lat="36.21434" lon="-118.10872"><ele>2804.0</ele></trkpt><trkpt lat="36.21439" lon="-118.10879999999997"><ele>2803.0</ele></trkpt><trkpt lat="36.21447" lon="-118.10905000000002"><ele>2801.0</ele></trkpt><trkpt lat="36.21461" lon="-118.10930000000002"><ele>2803.0</ele></trkpt><trkpt lat="36.21466" lon="-118.10948000000002"><ele>2804.0</ele></trkpt><trkpt lat="36.21471" lon="-118.10989000000001"><ele>2803.0</ele></trkpt><trkpt lat="36.2148" lon="-118.11007999999998"><ele>2803.0</ele></trkpt><trkpt lat="36.21506" lon="-118.11040000000003"><ele>2803.7473220303655</ele></trkpt><trkpt lat="36.2151" lon="-118.11052000000001"><ele>2803.3564184682723</ele></trkpt><trkpt lat="36.21527" lon="-118.11070999999998"><ele>2803.8775417413563</ele></trkpt><trkpt lat="36.21533" lon="-118.11088000000001"><ele>2804.0</ele></trkpt><trkpt lat="36.21535" lon="-118.11113999999998"><ele>2803.0</ele></trkpt><trkpt lat="36.21546" lon="-118.11144999999999"><ele>2803.831872728097</ele></trkpt><trkpt lat="36.21586" lon="-118.11194"><ele>2803.0</ele></trkpt><trkpt lat="36.21602" lon="-118.11207999999999"><ele>2803.0</ele></trkpt><trkpt lat="36.21623" lon="-118.11241000000001"><ele>2800.0</ele></trkpt><trkpt lat="36.21635" lon="-118.11250999999999"><ele>2799.0</ele></trkpt><trkpt lat="36.21657" lon="-118.11262999999997"><ele>2797.954370629188</ele></trkpt><trkpt lat="36.2168" lon="-118.11266"><ele>2797.8940010274605</ele></trkpt><trkpt lat="36.21696" lon="-118.11283000000003"><ele>2797.0</ele></trkpt><trkpt lat="36.21744" lon="-118.11378000000002"><ele>2801.0</ele></trkpt><trkpt lat="36.2177" lon="-118.11441000000002"><ele>2802.0</ele></trkpt><trkpt lat="36.217722609034396" lon="-118.11454565420638"><ele>2802.549887901172</ele></trkpt><trkpt lat="36.21772741305635" lon="-118.11457447831447"><ele>2802.827391466126</ele></trkpt><trkpt lat="36.21775" lon="-118.11471"><ele>2803.0</ele></trkpt><trkpt lat="36.21786" lon="-118.11500999999998"><ele>2802.521064593846</ele></trkpt><trkpt lat="36.21795" lon="-118.11518000000001"><ele>2802.0</ele></trkpt><trkpt lat="36.21816" lon="-118.11543"><ele>2802.0</ele></trkpt><trkpt lat="36.21828" lon="-118.11581999999999"><ele>2801.0</ele></trkpt><trkpt lat="36.21845" lon="-118.11606"><ele>2802.0761845623374</ele></trkpt><trkpt lat="36.21862" lon="-118.11619000000002"><ele>2803.0</ele></trkpt><trkpt lat="36.21885" lon="-118.11630000000002"><ele>2804.0</ele></trkpt><trkpt lat="36.21896" lon="-118.11675000000002"><ele>2804.0</ele></trkpt><trkpt lat="36.2195" lon="-118.11745000000002"><ele>2806.0</ele></trkpt><trkpt lat="36.21952" lon="-118.11768999999998"><ele>2807.3770809434354</ele></trkpt><trkpt lat="36.21957" lon="-118.11784"><ele>2809.0</ele></trkpt><trkpt lat="36.21959" lon="-118.11799000000002"><ele>2808.0</ele></trkpt><trkpt lat="36.21977" lon="-118.11820999999998"><ele>2807.0</ele></trkpt><trkpt lat="36.22011" lon="-118.11840000000001"><ele>2808.0</ele></trkpt><trkpt lat="36.22034" lon="-118.11863"><ele>2808.0</ele></trkpt><trkpt lat="36.22041" lon="-118.11865999999998"><ele>2808.0</ele></trkpt><trkpt lat="36.22065" lon="-118.11858000000001"><ele>2810.893806999352</ele></trkpt><trkpt lat="36.22109" lon="-118.11864000000003"><ele>2810.8974826652557</ele></trkpt><trkpt lat="36.22127" lon="-118.11869999999999"><ele>2810.0</ele></trkpt><trkpt lat="36.22134" lon="-118.11876000000001"><ele>2810.0</ele></trkpt><trkpt lat="36.22134" lon="-118.11876000000001"><ele>2810.0</ele></trkpt><trkpt lat="36.22134" lon="-118.11876000000001"><ele>2810.0</ele></trkpt><trkpt lat="36.22149" lon="-118.11900000000003"><ele>2810.0</ele></trkpt><trkpt lat="36.22182" lon="-118.11964999999998"><ele>2810.0</ele></trkpt><trkpt lat="36.22186" lon="-118.11981000000003"><ele>2809.7184031904844</ele></trkpt><trkpt lat="36.22202" lon="-118.12007"><ele>2809.2023990049343</ele></trkpt><trkpt lat="36.22213" lon="-118.12053000000003"><ele>2809.844404140838</ele></trkpt><trkpt lat="36.22215" lon="-118.12139000000002"><ele>2809.0</ele></trkpt><trkpt lat="36.22195" lon="-118.12218000000001"><ele>2809.0</ele></trkpt><trkpt lat="36.22194" lon="-118.12248999999997"><ele>2809.173366226256</ele></trkpt><trkpt lat="36.22168" lon="-118.12315999999998"><ele>2812.0</ele></trkpt><trkpt lat="36.22167" lon="-118.12333999999998"><ele>2812.576045671478</ele></trkpt><trkpt lat="36.22167" lon="-118.12333999999998"><ele>2812.576045671478</ele></trkpt><trkpt lat="36.2216" lon="-118.12338999999997"><ele>2812.0</ele></trkpt><trkpt lat="36.22157" lon="-118.12364000000002"><ele>2811.0</ele></trkpt><trkpt lat="36.22159" lon="-118.12405999999999"><ele>2811.0</ele></trkpt><trkpt lat="36.22144" lon="-118.12482999999997"><ele>2809.0</ele></trkpt><trkpt lat="36.22137" lon="-118.125"><ele>2809.0</ele></trkpt><trkpt lat="36.22137" lon="-118.125"><ele>2809.0</ele></trkpt><trkpt lat="36.22136065061171" lon="-118.1250440756877"><ele>2809.0</ele></trkpt><trkpt lat="36.22135650443267" lon="-118.12506362198326"><ele>2809.0</ele></trkpt><trkpt lat="36.2213" lon="-118.12533000000002"><ele>2808.0</ele></trkpt><trkpt lat="36.2213" lon="-118.12549000000001"><ele>2808.0</ele></trkpt><trkpt lat="36.22132" lon="-118.12561"><ele>2807.0</ele></trkpt><trkpt lat="36.22149" lon="-118.12592999999998"><ele>2803.0</ele></trkpt><trkpt lat="36.22233" lon="-118.12687"><ele>2798.0</ele></trkpt><trkpt lat="36.2225" lon="-118.12696"><ele>2795.476463958621</ele></trkpt><trkpt lat="36.22266" lon="-118.12718000000001"><ele>2794.0</ele></trkpt><trkpt lat="36.22306" lon="-118.12752999999998"><ele>2788.4813581216044</ele></trkpt><trkpt lat="36.22316" lon="-118.12781000000001"><ele>2786.0</ele></trkpt><trkpt lat="36.22349" lon="-118.12799000000001"><ele>2779.285418530926</ele></trkpt><trkpt lat="36.22368101498941" lon="-118.12830039935778"><ele>2776.0</ele></trkpt><trkpt lat="36.22370271573734" lon="-118.12833566212907"><ele>2775.046737282926</ele></trkpt><trkpt lat="36.224084257516026" lon="-118.12895566846356"><ele>2768.0</ele></trkpt><trkpt lat="36.22418" lon="-118.12903"><ele>2767.867700306868</ele></trkpt><trkpt lat="36.22418" lon="-118.12903"><ele>2767.867700306868</ele></trkpt><trkpt lat="36.22418" lon="-118.12903"><ele>2767.867700306868</ele></trkpt><trkpt lat="36.22418" lon="-118.12903"><ele>2767.867700306868</ele></trkpt><trkpt lat="36.224" lon="-118.12844999999999"><ele>2773.7681761191798</ele></trkpt><trkpt lat="36.22399" lon="-118.12835999999999"><ele>2775.0</ele></trkpt><trkpt lat="36.22429" lon="-118.12788999999998"><ele>2781.759180304616</ele></trkpt><trkpt lat="36.22435" lon="-118.12783999999999"><ele>2783.0</ele></trkpt><trkpt lat="36.22449" lon="-118.12797999999998"><ele>2785.0</ele></trkpt><trkpt lat="36.22468" lon="-118.12801999999999"><ele>2787.0</ele></trkpt><trkpt lat="36.22513" lon="-118.12790999999999"><ele>2789.0</ele></trkpt><trkpt lat="36.22523" lon="-118.12783999999999"><ele>2790.0</ele></trkpt><trkpt lat="36.22527" lon="-118.12754999999999"><ele>2792.0</ele></trkpt><trkpt lat="36.22534" lon="-118.12741"><ele>2793.0</ele></trkpt><trkpt lat="36.22534" lon="-118.12741"><ele>2793.0</ele></trkpt><trkpt lat="36.22534" lon="-118.12741"><ele>2793.0</ele></trkpt><trkpt lat="36.22566" lon="-118.12743999999998"><ele>2793.787758223247</ele></trkpt><trkpt lat="36.22618" lon="-118.12741"><ele>2801.0</ele></trkpt><trkpt lat="36.22655" lon="-118.12742000000003"><ele>2805.0</ele></trkpt><trkpt lat="36.22655" lon="-118.12742000000003"><ele>2805.0</ele></trkpt><trkpt lat="36.22681" lon="-118.12741"><ele>2807.0</ele></trkpt><trkpt lat="36.22708" lon="-118.12745000000001"><ele>2811.3572441671236</ele></trkpt><trkpt lat="36.22753" lon="-118.12756000000002"><ele>2815.0210524954705</ele></trkpt><trkpt lat="36.2277" lon="-118.12783000000002"><ele>2818.9290311876684</ele></trkpt><trkpt lat="36.22774" lon="-118.12810999999999"><ele>2821.239920096472</ele></trkpt><trkpt lat="36.22771" lon="-118.12824"><ele>2821.494944000151</ele></trkpt><trkpt lat="36.22774" lon="-118.12824"><ele>2822.734864096623</ele></trkpt><trkpt lat="36.22792" lon="-118.12788"><ele>2826.0</ele></trkpt><trkpt lat="36.22793" lon="-118.12788"><ele>2826.2166585754603</ele></trkpt><trkpt lat="36.22799" lon="-118.12801000000002"><ele>2828.6830025836825</ele></trkpt><trkpt lat="36.22816" lon="-118.12806999999998"><ele>2832.288660412699</ele></trkpt><trkpt lat="36.22835" lon="-118.12806"><ele>2836.0</ele></trkpt><trkpt lat="36.22848" lon="-118.12799000000001"><ele>2838.0</ele></trkpt><trkpt lat="36.22859" lon="-118.12802999999997"><ele>2841.0</ele></trkpt><trkpt lat="36.22864" lon="-118.12799999999999"><ele>2842.0729536328504</ele></trkpt><trkpt lat="36.22877" lon="-118.12788999999998"><ele>2843.792444237746</ele></trkpt><trkpt lat="36.22889" lon="-118.12747000000002"><ele>2849.0</ele></trkpt><trkpt lat="36.22902" lon="-118.12739999999997"><ele>2852.0</ele></trkpt><trkpt lat="36.22918" lon="-118.12748999999997"><ele>2854.4327081628144</ele></trkpt><trkpt lat="36.22931" lon="-118.12743"><ele>2857.0</ele></trkpt><trkpt lat="36.22936" lon="-118.12736000000001"><ele>2857.918651342813</ele></trkpt><trkpt lat="36.22939" lon="-118.12724000000003"><ele>2859.0</ele></trkpt><trkpt lat="36.22942" lon="-118.12693999999999"><ele>2863.0</ele></trkpt><trkpt lat="36.22946" lon="-118.12689"><ele>2864.0</ele></trkpt><trkpt lat="36.22961" lon="-118.12698"><ele>2865.4385805581705</ele></trkpt><trkpt lat="36.22981" lon="-118.12741"><ele>2868.83003465645</ele></trkpt><trkpt lat="36.22994" lon="-118.12781000000001"><ele>2872.0</ele></trkpt><trkpt lat="36.22991" lon="-118.12796000000003"><ele>2875.2285054552804</ele></trkpt><trkpt lat="36.23009" lon="-118.12793999999997"><ele>2878.0034527558505</ele></trkpt><trkpt lat="36.23021" lon="-118.12779"><ele>2880.4314099463295</ele></trkpt><trkpt lat="36.23028" lon="-118.12752"><ele>2883.9837866686285</ele></trkpt><trkpt lat="36.23028" lon="-118.12739999999997"><ele>2884.6413239722706</ele></trkpt><trkpt lat="36.23018" lon="-118.12709000000001"><ele>2888.3053193991072</ele></trkpt><trkpt lat="36.2302" lon="-118.12700999999998"><ele>2890.2993343761564</ele></trkpt><trkpt lat="36.23018" lon="-118.12691000000001"><ele>2892.1006197384713</ele></trkpt><trkpt lat="36.23019" lon="-118.12688000000003"><ele>2892.784119395539</ele></trkpt><trkpt lat="36.2303" lon="-118.12682000000001"><ele>2896.0</ele></trkpt><trkpt lat="36.23032" lon="-118.12653999999998"><ele>2899.730798223056</ele></trkpt><trkpt lat="36.23043" lon="-118.12644"><ele>2899.8630680172582</ele></trkpt><trkpt lat="36.23051" lon="-118.12641000000002"><ele>2900.0</ele></trkpt><trkpt lat="36.23057" lon="-118.12634000000003"><ele>2899.986529869651</ele></trkpt><trkpt lat="36.23059" lon="-118.12617999999998"><ele>2897.4397356743934</ele></trkpt><trkpt lat="36.23074" lon="-118.12594000000001"><ele>2898.0</ele></trkpt><trkpt lat="36.23075" lon="-118.12589000000003"><ele>2897.1377018876374</ele></trkpt><trkpt lat="36.23074" lon="-118.12581999999998"><ele>2897.159716749142</ele></trkpt><trkpt lat="36.23063" lon="-118.12560000000002"><ele>2896.632583387849</ele></trkpt><trkpt lat="36.23059" lon="-118.12515000000002"><ele>2899.947906982104</ele></trkpt><trkpt lat="36.2306" lon="-118.125"><ele>2901.7357705021277</ele></trkpt><trkpt lat="36.2306" lon="-118.125"><ele>2901.7357705021277</ele></trkpt><trkpt lat="36.23061" lon="-118.12491"><ele>2903.0</ele></trkpt><trkpt lat="36.23059" lon="-118.12477000000001"><ele>2904.1955422435076</ele></trkpt><trkpt lat="36.23051" lon="-118.12464"><ele>2905.0</ele></trkpt><trkpt lat="36.23052" lon="-118.12423999999999"><ele>2907.0</ele></trkpt><trkpt lat="36.23045" lon="-118.12403"><ele>2908.0</ele></trkpt><trkpt lat="36.23046" lon="-118.12374999999997"><ele>2912.0</ele></trkpt><trkpt lat="36.23038" lon="-118.12308000000002"><ele>2918.0</ele></trkpt><trkpt lat="36.23053" lon="-118.12260000000003"><ele>2924.626685638727</ele></trkpt><trkpt lat="36.23057" lon="-118.12252999999998"><ele>2925.898031008094</ele></trkpt><trkpt lat="36.23065" lon="-118.12251000000003"><ele>2928.0</ele></trkpt><trkpt lat="36.23069" lon="-118.12252999999998"><ele>2928.6712355408818</ele></trkpt><trkpt lat="36.23071" lon="-118.12265000000002"><ele>2929.0</ele></trkpt><trkpt lat="36.23081" lon="-118.12265000000002"><ele>2931.0</ele></trkpt><trkpt lat="36.23102" lon="-118.12233000000003"><ele>2937.73683337681</ele></trkpt><trkpt lat="36.23121" lon="-118.12196"><ele>2942.0</ele></trkpt><trkpt lat="36.2313" lon="-118.12184000000002"><ele>2943.0</ele></trkpt><trkpt lat="36.23142" lon="-118.12176999999997"><ele>2945.8467568103224</ele></trkpt><trkpt lat="36.23148" lon="-118.12176999999997"><ele>2946.9801460636836</ele></trkpt><trkpt lat="36.23156" lon="-118.12187"><ele>2949.0</ele></trkpt><trkpt lat="36.23156" lon="-118.12203"><ele>2950.9409531692027</ele></trkpt><trkpt lat="36.23149" lon="-118.12212"><ele>2951.2515059224665</ele></trkpt><trkpt lat="36.23152" lon="-118.12216999999998"><ele>2953.2366970279254</ele></trkpt><trkpt lat="36.23163" lon="-118.12212999999997"><ele>2954.732975935462</ele></trkpt><trkpt lat="36.23172" lon="-118.12214"><ele>2956.3551903746556</ele></trkpt><trkpt lat="36.2319" lon="-118.12206000000003"><ele>2957.2813471264535</ele></trkpt><trkpt lat="36.23199" lon="-118.12205"><ele>2958.020035556052</ele></trkpt><trkpt lat="36.23204" lon="-118.12198000000001"><ele>2958.0</ele></trkpt><trkpt lat="36.23202" lon="-118.12184000000002"><ele>2959.0</ele></trkpt><trkpt lat="36.23204" lon="-118.12179000000003"><ele>2960.0</ele></trkpt><trkpt lat="36.23245" lon="-118.12188000000003"><ele>2965.0</ele></trkpt><trkpt lat="36.23263" lon="-118.12203"><ele>2967.9784473902437</ele></trkpt><trkpt lat="36.23268" lon="-118.12202000000002"><ele>2968.7784597729515</ele></trkpt><trkpt lat="36.23276" lon="-118.12162999999998"><ele>2971.2658616844565</ele></trkpt><trkpt lat="36.23273" lon="-118.12155000000001"><ele>2971.150003952058</ele></trkpt><trkpt lat="36.23274" lon="-118.12144999999998"><ele>2972.103942032224</ele></trkpt><trkpt lat="36.23267" lon="-118.12121000000002"><ele>2974.9423431625746</ele></trkpt><trkpt lat="36.23261" lon="-118.12115"><ele>2975.0</ele></trkpt><trkpt lat="36.23248" lon="-118.12116000000003"><ele>2976.4164713459245</ele></trkpt><trkpt lat="36.23251" lon="-118.12103000000002"><ele>2979.0</ele></trkpt><trkpt lat="36.23246" lon="-118.12081"><ele>2981.984491978276</ele></trkpt><trkpt lat="36.23261" lon="-118.12045999999998"><ele>2986.5994780287147</ele></trkpt><trkpt lat="36.23262" lon="-118.12031000000002"><ele>2986.0</ele></trkpt><trkpt lat="36.23282" lon="-118.11971"><ele>2990.0</ele></trkpt><trkpt lat="36.23287" lon="-118.11955999999998"><ele>2992.0</ele></trkpt><trkpt lat="36.23286" lon="-118.11950000000002"><ele>2993.0</ele></trkpt><trkpt lat="36.23295" lon="-118.11944"><ele>2994.5347986187526</ele></trkpt><trkpt lat="36.23307" lon="-118.11950999999999"><ele>2997.709659070364</ele></trkpt><trkpt lat="36.23311" lon="-118.11939000000001"><ele>2999.0</ele></trkpt><trkpt lat="36.23327" lon="-118.11921000000001"><ele>3002.4876297496708</ele></trkpt><trkpt lat="36.23359" lon="-118.11912000000001"><ele>3008.1039421610985</ele></trkpt><trkpt lat="36.23374365287375" lon="-118.1189582601329"><ele>3011.0</ele></trkpt><trkpt lat="36.23374578994926" lon="-118.11895601061559"><ele>3011.0</ele></trkpt><trkpt lat="36.23378" lon="-118.11892"><ele>3011.0</ele></trkpt><trkpt lat="36.23397" lon="-118.11888999999996"><ele>3014.0</ele></trkpt><trkpt lat="36.23423" lon="-118.11865"><ele>3019.085125447584</ele></trkpt><trkpt lat="36.23423" lon="-118.11858000000001"><ele>3019.1973013486713</ele></trkpt><trkpt lat="36.23427" lon="-118.11860000000001"><ele>3020.0</ele></trkpt><trkpt lat="36.23438" lon="-118.11874"><ele>3022.6590034989613</ele></trkpt><trkpt lat="36.23446" lon="-118.11856"><ele>3024.4860384147614</ele></trkpt><trkpt lat="36.23457" lon="-118.11847"><ele>3026.841535175219</ele></trkpt><trkpt lat="36.23466" lon="-118.11835000000002"><ele>3028.041493723169</ele></trkpt><trkpt lat="36.23481" lon="-118.11806999999999"><ele>3031.0</ele></trkpt><trkpt lat="36.23487" lon="-118.11788000000001"><ele>3033.0</ele></trkpt><trkpt lat="36.23501" lon="-118.11759"><ele>3037.0</ele></trkpt><trkpt lat="36.23505" lon="-118.11756000000003"><ele>3037.574716599658</ele></trkpt><trkpt lat="36.23514" lon="-118.11761999999999"><ele>3039.0</ele></trkpt><trkpt lat="36.23525" lon="-118.11763000000002"><ele>3041.130259109661</ele></trkpt><trkpt lat="36.23534" lon="-118.11752999999999"><ele>3043.0</ele></trkpt><trkpt lat="36.23546" lon="-118.1175"><ele>3044.9813448011887</ele></trkpt><trkpt lat="36.23555" lon="-118.11732999999998"><ele>3047.0</ele></trkpt><trkpt lat="36.23565" lon="-118.11725999999999"><ele>3049.0</ele></trkpt><trkpt lat="36.23586" lon="-118.11728"><ele>3053.0</ele></trkpt><trkpt lat="36.23596" lon="-118.11721"><ele>3054.070182158996</ele></trkpt><trkpt lat="36.23614" lon="-118.11714"><ele>3057.0</ele></trkpt><trkpt lat="36.23643" lon="-118.11721999999997"><ele>3060.308561624959</ele></trkpt><trkpt lat="36.23675" lon="-118.11737"><ele>3063.7309390250043</ele></trkpt><trkpt lat="36.23706" lon="-118.11737"><ele>3065.0</ele></trkpt><trkpt lat="36.23717" lon="-118.11743999999999"><ele>3065.8215360003524</ele></trkpt><trkpt lat="36.2373" lon="-118.11730999999997"><ele>3067.0</ele></trkpt><trkpt lat="36.23746" lon="-118.11728"><ele>3068.0</ele></trkpt><trkpt lat="36.23763" lon="-118.11732"><ele>3068.0</ele></trkpt><trkpt lat="36.23763" lon="-118.11732"><ele>3068.0</ele></trkpt><trkpt lat="36.23763" lon="-118.11732"><ele>3068.0</ele></trkpt><trkpt lat="36.23795" lon="-118.1175"><ele>3068.025333332829</ele></trkpt><trkpt lat="36.2382" lon="-118.11774000000003"><ele>3068.840522665065</ele></trkpt><trkpt lat="36.23899" lon="-118.11817000000002"><ele>3071.3786492232275</ele></trkpt><trkpt lat="36.2392" lon="-118.11815999999999"><ele>3074.0</ele></trkpt><trkpt lat="36.23946" lon="-118.11795000000001"><ele>3077.6392288824063</ele></trkpt><trkpt lat="36.23981" lon="-118.11777000000001"><ele>3077.0</ele></trkpt><trkpt lat="36.24009" lon="-118.11768000000001"><ele>3079.9213154281383</ele></trkpt><trkpt lat="36.24023" lon="-118.11770000000001"><ele>3079.831857639365</ele></trkpt><trkpt lat="36.24043" lon="-118.11764"><ele>3082.0</ele></trkpt><trkpt lat="36.24084" lon="-118.11770000000001"><ele>3083.0</ele></trkpt><trkpt lat="36.24129" lon="-118.11795999999998"><ele>3083.0</ele></trkpt><trkpt lat="36.2417" lon="-118.11835000000002"><ele>3082.8897517551086</ele></trkpt><trkpt lat="36.24214" lon="-118.11892999999998"><ele>3084.0905578758693</ele></trkpt><trkpt lat="36.24239" lon="-118.11914000000002"><ele>3084.8716619173974</ele></trkpt><trkpt lat="36.24253" lon="-118.11930000000001"><ele>3084.107521638648</ele></trkpt><trkpt lat="36.24271" lon="-118.11941999999999"><ele>3086.6415138575207</ele></trkpt><trkpt lat="36.24311" lon="-118.11973999999998"><ele>3087.6337671121582</ele></trkpt><trkpt lat="36.24318" lon="-118.11982999999998"><ele>3088.1456137605155</ele></trkpt><trkpt lat="36.24343" lon="-118.12"><ele>3089.0</ele></trkpt><trkpt lat="36.24376" lon="-118.12032999999997"><ele>3090.116554897192</ele></trkpt><trkpt lat="36.24427" lon="-118.12065999999999"><ele>3096.834913489879</ele></trkpt><trkpt lat="36.24427" lon="-118.12065999999999"><ele>3096.834913489879</ele></trkpt><trkpt lat="36.24465" lon="-118.12092999999999"><ele>3100.4498533788137</ele></trkpt><trkpt lat="36.24494" lon="-118.12119999999999"><ele>3103.0</ele></trkpt><trkpt lat="36.24507" lon="-118.12124"><ele>3104.396237856086</ele></trkpt><trkpt lat="36.24513" lon="-118.12130000000002"><ele>3104.9332310960167</ele></trkpt><trkpt lat="36.2453" lon="-118.12151"><ele>3108.0</ele></trkpt><trkpt lat="36.24562" lon="-118.12180000000001"><ele>3111.9564551599324</ele></trkpt><trkpt lat="36.24606" lon="-118.12225999999998"><ele>3117.0</ele></trkpt><trkpt lat="36.24668" lon="-118.12297999999998"><ele>3126.2174637294374</ele></trkpt><trkpt lat="36.2468" lon="-118.12320999999997"><ele>3127.5129942130297</ele></trkpt><trkpt lat="36.24685" lon="-118.12342000000001"><ele>3128.402311353013</ele></trkpt><trkpt lat="36.24718" lon="-118.12405999999999"><ele>3135.0</ele></trkpt><trkpt lat="36.24734" lon="-118.12421999999998"><ele>3136.717717161402</ele></trkpt><trkpt lat="36.2475" lon="-118.12453"><ele>3138.9782920225452</ele></trkpt><trkpt lat="36.24764" lon="-118.12466"><ele>3140.0185577774837</ele></trkpt><trkpt lat="36.24791" lon="-118.125"><ele>3143.6562697496265</ele></trkpt><trkpt lat="36.24791" lon="-118.125"><ele>3143.6562697496265</ele></trkpt><trkpt lat="36.24853" lon="-118.12583999999998"><ele>3155.4844418484718</ele></trkpt><trkpt lat="36.24873" lon="-118.12617999999998"><ele>3160.0</ele></trkpt><trkpt lat="36.24881" lon="-118.12642"><ele>3162.6649998389184</ele></trkpt><trkpt lat="36.24896" lon="-118.12662"><ele>3165.0</ele></trkpt><trkpt lat="36.24913" lon="-118.12673000000001"><ele>3167.0</ele></trkpt><trkpt lat="36.24924" lon="-118.12673000000001"><ele>3167.0</ele></trkpt><trkpt lat="36.24956" lon="-118.12657000000002"><ele>3167.0</ele></trkpt><trkpt lat="36.24991" lon="-118.12626999999998"><ele>3171.0</ele></trkpt><trkpt lat="36.25041" lon="-118.12625000000003"><ele>3174.0</ele></trkpt><trkpt lat="36.25062" lon="-118.12619999999998"><ele>3174.8888350661696</ele></trkpt><trkpt lat="36.25099" lon="-118.12616000000003"><ele>3175.0</ele></trkpt><trkpt lat="36.2513" lon="-118.12616000000003"><ele>3172.687038798529</ele></trkpt><trkpt lat="36.25217" lon="-118.12543"><ele>3177.075429336614</ele></trkpt><trkpt lat="36.25262" lon="-118.125"><ele>3177.579036988318</ele></trkpt><trkpt lat="36.25262" lon="-118.125"><ele>3177.579036988318</ele></trkpt><trkpt lat="36.25304" lon="-118.12462"><ele>3180.1854136820302</ele></trkpt><trkpt lat="36.25319" lon="-118.12437999999997"><ele>3185.0</ele></trkpt><trkpt lat="36.2538" lon="-118.12392999999997"><ele>3185.365614223294</ele></trkpt><trkpt lat="36.25395" lon="-118.12376999999998"><ele>3187.8221546672285</ele></trkpt><trkpt lat="36.25413" lon="-118.12367"><ele>3189.0</ele></trkpt><trkpt lat="36.25452" lon="-118.12347999999997"><ele>3189.5721499473493</ele></trkpt><trkpt lat="36.25479" lon="-118.12338999999997"><ele>3192.531438223552</ele></trkpt><trkpt lat="36.25511" lon="-118.1232"><ele>3196.5439288395633</ele></trkpt><trkpt lat="36.2553" lon="-118.12317999999999"><ele>3196.3181475554593</ele></trkpt><trkpt lat="36.2555" lon="-118.12324000000001"><ele>3195.521944887936</ele></trkpt><trkpt lat="36.25591" lon="-118.12317000000002"><ele>3198.0</ele></trkpt><trkpt lat="36.25621" lon="-118.1232"><ele>3200.386080000084</ele></trkpt><trkpt lat="36.25695" lon="-118.12347"><ele>3205.0</ele></trkpt><trkpt lat="36.25719" lon="-118.12365999999997"><ele>3204.9975715657583</ele></trkpt><trkpt lat="36.25869" lon="-118.125"><ele>3210.8223337754607</ele></trkpt><trkpt lat="36.25869" lon="-118.125"><ele>3210.8223337754607</ele></trkpt><trkpt lat="36.25911" lon="-118.12534"><ele>3214.0</ele></trkpt><trkpt lat="36.25921413284411" lon="-118.12544413284411"><ele>3214.7514604346097</ele></trkpt><trkpt lat="36.25927205121543" lon="-118.12550205111387"><ele>3215.0</ele></trkpt><trkpt lat="36.25937" lon="-118.12560000000002"><ele>3214.945519277826</ele></trkpt><trkpt lat="36.25952" lon="-118.12576999999999"><ele>3216.0</ele></trkpt><trkpt lat="36.25965" lon="-118.12597"><ele>3217.0</ele></trkpt><trkpt lat="36.25975" lon="-118.12642"><ele>3217.0</ele></trkpt><trkpt lat="36.25982" lon="-118.12688000000003"><ele>3217.0</ele></trkpt><trkpt lat="36.25991" lon="-118.12705"><ele>3216.8447371013463</ele></trkpt><trkpt lat="36.26" lon="-118.12716"><ele>3215.0</ele></trkpt><trkpt lat="36.26015" lon="-118.12712999999997"><ele>3212.0</ele></trkpt><trkpt lat="36.26029" lon="-118.12703999999997"><ele>3210.378558364543</ele></trkpt><trkpt lat="36.26032" lon="-118.12693000000002"><ele>3211.0</ele></trkpt><trkpt lat="36.26038" lon="-118.12689"><ele>3210.0</ele></trkpt><trkpt lat="36.26045" lon="-118.12693000000002"><ele>3208.352606896364</ele></trkpt><trkpt lat="36.26057" lon="-118.12792999999999"><ele>3196.665712304993</ele></trkpt><trkpt lat="36.26053" lon="-118.12810999999999"><ele>3195.006233208663</ele></trkpt><trkpt lat="36.2606" lon="-118.12808000000001"><ele>3193.9269027221017</ele></trkpt><trkpt lat="36.26079" lon="-118.12788999999998"><ele>3189.9839518740773</ele></trkpt><trkpt lat="36.2609" lon="-118.12772999999999"><ele>3187.728247156676</ele></trkpt><trkpt lat="36.26122" lon="-118.12741"><ele>3185.2927678622295</ele></trkpt><trkpt lat="36.26151" lon="-118.12743999999998"><ele>3182.787758223247</ele></trkpt><trkpt lat="36.26186" lon="-118.12757999999997"><ele>3180.0</ele></trkpt><trkpt lat="36.26192" lon="-118.12763999999999"><ele>3178.467082666699</ele></trkpt><trkpt lat="36.26192" lon="-118.12772999999999"><ele>3176.0891332582487</ele></trkpt><trkpt lat="36.26164" lon="-118.12778000000003"><ele>3173.0</ele></trkpt><trkpt lat="36.26141" lon="-118.12804"><ele>3169.0</ele></trkpt><trkpt lat="36.26103" lon="-118.12886000000003"><ele>3159.0688732226904</ele></trkpt><trkpt lat="36.26078" lon="-118.12921"><ele>3155.561918562278</ele></trkpt><trkpt lat="36.26089" lon="-118.12916999999999"><ele>3154.0334846415626</ele></trkpt><trkpt lat="36.26149" lon="-118.12878999999998"><ele>3146.8731982228346</ele></trkpt><trkpt lat="36.26186" lon="-118.12873000000002"><ele>3143.6694008880295</ele></trkpt><trkpt lat="36.26199" lon="-118.12874999999997"><ele>3142.0</ele></trkpt><trkpt lat="36.26199" lon="-118.12874999999997"><ele>3142.0</ele></trkpt><trkpt lat="36.26211" lon="-118.12880999999999"><ele>3141.9411306669936</ele></trkpt><trkpt lat="36.26243" lon="-118.12907999999999"><ele>3137.873945143718</ele></trkpt><trkpt lat="36.26258" lon="-118.12923999999998"><ele>3136.0</ele></trkpt><trkpt lat="36.2627" lon="-118.12943000000001"><ele>3135.0192398880026</ele></trkpt><trkpt lat="36.26298" lon="-118.12968999999998"><ele>3133.4813096846333</ele></trkpt><trkpt lat="36.26317" lon="-118.12997000000001"><ele>3129.4554366329685</ele></trkpt><trkpt lat="36.26337" lon="-118.1302"><ele>3126.274606960377</ele></trkpt><trkpt lat="36.26346" lon="-118.13042000000002"><ele>3124.9400178147534</ele></trkpt><trkpt lat="36.26362" lon="-118.13062000000002"><ele>3123.0</ele></trkpt><trkpt lat="36.26377" lon="-118.13065"><ele>3122.395951734601</ele></trkpt><trkpt lat="36.26383" lon="-118.13072"><ele>3123.9801265422198</ele></trkpt><trkpt lat="36.26394" lon="-118.13119"><ele>3120.1023407745324</ele></trkpt><trkpt lat="36.26433" lon="-118.13191999999998"><ele>3117.002872169136</ele></trkpt><trkpt lat="36.26437" lon="-118.13213000000002"><ele>3114.0</ele></trkpt><trkpt lat="36.26433" lon="-118.13389999999998"><ele>3102.2767157547514</ele></trkpt><trkpt lat="36.26439" lon="-118.13427999999999"><ele>3099.0</ele></trkpt><trkpt lat="36.26448" lon="-118.13446999999996"><ele>3096.166012446396</ele></trkpt><trkpt lat="36.26461" lon="-118.13463999999999"><ele>3094.0</ele></trkpt><trkpt lat="36.2647" lon="-118.13467000000003"><ele>3092.0</ele></trkpt><trkpt lat="36.26478" lon="-118.13473999999997"><ele>3090.0</ele></trkpt><trkpt lat="36.26485" lon="-118.13502"><ele>3086.172725904636</ele></trkpt><trkpt lat="36.26489" lon="-118.13549"><ele>3082.0071729691213</ele></trkpt><trkpt lat="36.26495" lon="-118.13554999999997"><ele>3080.9243694322777</ele></trkpt><trkpt lat="36.26511" lon="-118.13542999999999"><ele>3078.0</ele></trkpt><trkpt lat="36.26526" lon="-118.13524000000001"><ele>3075.0</ele></trkpt><trkpt lat="36.26535" lon="-118.13502"><ele>3075.0</ele></trkpt><trkpt lat="36.26575" lon="-118.13459999999998"><ele>3070.3033541962504</ele></trkpt><trkpt lat="36.26657" lon="-118.13434000000001"><ele>3061.203538093687</ele></trkpt><trkpt lat="36.26698" lon="-118.13407000000001"><ele>3057.168232383217</ele></trkpt><trkpt lat="36.26714" lon="-118.13391999999999"><ele>3055.9601625222713</ele></trkpt><trkpt lat="36.26722" lon="-118.13387"><ele>3056.1280391113833</ele></trkpt><trkpt lat="36.26729" lon="-118.13389999999998"><ele>3055.72993777832</ele></trkpt><trkpt lat="36.26741" lon="-118.13387999999998"><ele>3054.662005334627</ele></trkpt><trkpt lat="36.26824" lon="-118.13351999999998"><ele>3046.439221334178</ele></trkpt><trkpt lat="36.26863" lon="-118.13367"><ele>3043.448714666534</ele></trkpt><trkpt lat="36.26953" lon="-118.13425999999998"><ele>3033.961573676242</ele></trkpt><trkpt lat="36.26967" lon="-118.13432999999998"><ele>3035.7770494349434</ele></trkpt><trkpt lat="36.26976" lon="-118.13454000000002"><ele>3031.9501532628838</ele></trkpt><trkpt lat="36.26992" lon="-118.13476000000003"><ele>3029.475586777675</ele></trkpt><trkpt lat="36.2702" lon="-118.13504"><ele>3026.6020871107467</ele></trkpt><trkpt lat="36.27028" lon="-118.13522"><ele>3024.213479110971</ele></trkpt><trkpt lat="36.2704" lon="-118.13535999999999"><ele>3022.6890062219463</ele></trkpt><trkpt lat="36.27061" lon="-118.13553000000002"><ele>3019.910088870086</ele></trkpt><trkpt lat="36.27066" lon="-118.13567"><ele>3018.0</ele></trkpt><trkpt lat="36.27108" lon="-118.13621"><ele>3010.799509722241</ele></trkpt><trkpt lat="36.27127" lon="-118.13650000000001"><ele>3007.0</ele></trkpt><trkpt lat="36.27141" lon="-118.13657999999998"><ele>3006.8328853338026</ele></trkpt><trkpt lat="36.27163" lon="-118.13686999999999"><ele>3002.317905778531</ele></trkpt><trkpt lat="36.27202" lon="-118.13695000000001"><ele>2999.0</ele></trkpt><trkpt lat="36.27221" lon="-118.13695000000001"><ele>2995.5896355551668</ele></trkpt><trkpt lat="36.2723" lon="-118.13692000000003"><ele>2994.9962625703165</ele></trkpt><trkpt lat="36.27259" lon="-118.13668000000001"><ele>2993.1607613965884</ele></trkpt><trkpt lat="36.27277" lon="-118.13661000000002"><ele>2992.0</ele></trkpt><trkpt lat="36.2731" lon="-118.13653999999997"><ele>2989.0</ele></trkpt><trkpt lat="36.27355" lon="-118.13657999999998"><ele>2987.9061086626875</ele></trkpt><trkpt lat="36.27364" lon="-118.13661000000002"><ele>2987.332345118336</ele></trkpt><trkpt lat="36.27381" lon="-118.13693999999998"><ele>2987.032925807659</ele></trkpt><trkpt lat="36.27389" lon="-118.13722000000001"><ele>2984.2212318886295</ele></trkpt><trkpt lat="36.27397" lon="-118.13738000000001"><ele>2982.5501831104048</ele></trkpt><trkpt lat="36.2743" lon="-118.13773000000003"><ele>2980.2190762775076</ele></trkpt><trkpt lat="36.27477" lon="-118.13819000000001"><ele>2975.068805415535</ele></trkpt><trkpt lat="36.27519" lon="-118.13868000000002"><ele>2970.35238397399</ele></trkpt><trkpt lat="36.27552" lon="-118.13911000000002"><ele>2967.0</ele></trkpt><trkpt lat="36.27582" lon="-118.13968999999997"><ele>2961.0</ele></trkpt><trkpt lat="36.27593" lon="-118.13995999999997"><ele>2958.0446671024997</ele></trkpt><trkpt lat="36.27619" lon="-118.14030000000002"><ele>2954.0808164614655</ele></trkpt><trkpt lat="36.27655" lon="-118.14064000000002"><ele>2951.0</ele></trkpt><trkpt lat="36.27666" lon="-118.14069999999998"><ele>2950.0</ele></trkpt><trkpt lat="36.27681" lon="-118.14071000000001"><ele>2948.991236158935</ele></trkpt><trkpt lat="36.27692" lon="-118.14069999999998"><ele>2947.0</ele></trkpt><trkpt lat="36.27705" lon="-118.14064000000002"><ele>2946.0699309018246</ele></trkpt><trkpt lat="36.2776" lon="-118.14022"><ele>2940.4515250210634</ele></trkpt><trkpt lat="36.27774" lon="-118.14003000000002"><ele>2938.224032552913</ele></trkpt><trkpt lat="36.27782" lon="-118.14001000000002"><ele>2936.9899915464184</ele></trkpt><trkpt lat="36.2781" lon="-118.1402"><ele>2935.1286577782594</ele></trkpt><trkpt lat="36.27833" lon="-118.14031"><ele>2932.0</ele></trkpt><trkpt lat="36.27844" lon="-118.14040999999997"><ele>2930.0829575652915</ele></trkpt><trkpt lat="36.27947" lon="-118.14065"><ele>2921.1571377776563</ele></trkpt><trkpt lat="36.27971" lon="-118.14078999999998"><ele>2917.6326648900285</ele></trkpt><trkpt lat="36.27971" lon="-118.14078999999998"><ele>2917.6326648900285</ele></trkpt><trkpt lat="36.28034" lon="-118.14116000000001"><ele>2911.0</ele></trkpt><trkpt lat="36.28064" lon="-118.14123000000001"><ele>2909.127178666182</ele></trkpt><trkpt lat="36.28111" lon="-118.14129000000003"><ele>2904.3309759986587</ele></trkpt><trkpt lat="36.28126" lon="-118.14137"><ele>2901.6027057776228</ele></trkpt><trkpt lat="36.28144" lon="-118.14143999999999"><ele>2898.5547184831053</ele></trkpt><trkpt lat="36.28228" lon="-118.14143000000001"><ele>2892.8065031100996</ele></trkpt><trkpt lat="36.28285" lon="-118.14150999999998"><ele>2885.8241741109587</ele></trkpt><trkpt lat="36.28311" lon="-118.14148999999998"><ele>2882.0103004453704</ele></trkpt><trkpt lat="36.28329" lon="-118.14141999999998"><ele>2881.0</ele></trkpt><trkpt lat="36.28362" lon="-118.14139999999998"><ele>2877.204604445491</ele></trkpt><trkpt lat="36.28383" lon="-118.14134000000001"><ele>2875.1528357506945</ele></trkpt><trkpt lat="36.28414" lon="-118.14132000000001"><ele>2871.1627341615967</ele></trkpt><trkpt lat="36.28458" lon="-118.14121"><ele>2865.8039896914433</ele></trkpt><trkpt lat="36.28468" lon="-118.14116999999999"><ele>2864.0094306713604</ele></trkpt><trkpt lat="36.28485" lon="-118.14105"><ele>2863.6037979183384</ele></trkpt><trkpt lat="36.28537" lon="-118.14085"><ele>2858.0</ele></trkpt><trkpt lat="36.2856" lon="-118.14069"><ele>2857.8732273391956</ele></trkpt><trkpt lat="36.28617" lon="-118.14048000000003"><ele>2854.0</ele></trkpt><trkpt lat="36.28628" lon="-118.14038"><ele>2854.0</ele></trkpt><trkpt lat="36.28633" lon="-118.14039000000002"><ele>2853.720867145462</ele></trkpt><trkpt lat="36.28642" lon="-118.14047"><ele>2851.545745777432</ele></trkpt><trkpt lat="36.2865" lon="-118.14049"><ele>2851.6136782220565</ele></trkpt><trkpt lat="36.28663" lon="-118.14060999999998"><ele>2850.021272889804</ele></trkpt><trkpt lat="36.28677" lon="-118.14066000000003"><ele>2849.1765831205994</ele></trkpt><trkpt lat="36.28695" lon="-118.14060999999998"><ele>2847.0</ele></trkpt><trkpt lat="36.2875" lon="-118.14021000000002"><ele>2839.643257302925</ele></trkpt><trkpt lat="36.28761" lon="-118.14003000000002"><ele>2839.031300642685</ele></trkpt><trkpt lat="36.28791" lon="-118.13967000000002"><ele>2836.0</ele></trkpt><trkpt lat="36.28815" lon="-118.13925999999998"><ele>2832.3649039989973</ele></trkpt><trkpt lat="36.28821" lon="-118.13891999999998"><ele>2829.9209071435034</ele></trkpt><trkpt lat="36.28831" lon="-118.13871"><ele>2829.7068965933286</ele></trkpt><trkpt lat="36.28839" lon="-118.13864999999998"><ele>2829.8777329530567</ele></trkpt><trkpt lat="36.28848" lon="-118.13855000000001"><ele>2827.334527968429</ele></trkpt><trkpt lat="36.2885" lon="-118.13832000000002"><ele>2825.8573964608927</ele></trkpt><trkpt lat="36.28877" lon="-118.13808"><ele>2822.0</ele></trkpt><trkpt lat="36.28884" lon="-118.13799"><ele>2821.496065782383</ele></trkpt><trkpt lat="36.28887" lon="-118.13791000000003"><ele>2821.40915225156</ele></trkpt><trkpt lat="36.28886" lon="-118.13776999999999"><ele>2820.679433591664</ele></trkpt><trkpt lat="36.28889" lon="-118.13740000000001"><ele>2822.0</ele></trkpt><trkpt lat="36.28899" lon="-118.13702999999998"><ele>2819.823441160843</ele></trkpt><trkpt lat="36.28901" lon="-118.13668999999999"><ele>2820.0</ele></trkpt><trkpt lat="36.28913" lon="-118.13655"><ele>2821.7915792928748</ele></trkpt><trkpt lat="36.28937" lon="-118.13653999999997"><ele>2820.955376415014</ele></trkpt><trkpt lat="36.28943" lon="-118.13647000000003"><ele>2819.4087582684087</ele></trkpt><trkpt lat="36.28951" lon="-118.13583"><ele>2813.758213395253</ele></trkpt><trkpt lat="36.28965" lon="-118.13536999999997"><ele>2811.6636947616935</ele></trkpt><trkpt lat="36.28971" lon="-118.13508000000002"><ele>2809.1946109030396</ele></trkpt><trkpt lat="36.28986" lon="-118.13475"><ele>2807.0</ele></trkpt><trkpt lat="36.29015" lon="-118.13427999999999"><ele>2804.0</ele></trkpt><trkpt lat="36.29029" lon="-118.13396"><ele>2801.977469677036</ele></trkpt><trkpt lat="36.29033" lon="-118.13378999999998"><ele>2801.3472548183054</ele></trkpt><trkpt lat="36.29037" lon="-118.13375000000002"><ele>2801.0</ele></trkpt><trkpt lat="36.29043" lon="-118.13373000000001"><ele>2802.0</ele></trkpt><trkpt lat="36.29075" lon="-118.13385"><ele>2798.0</ele></trkpt><trkpt lat="36.29118" lon="-118.13389000000001"><ele>2793.0</ele></trkpt><trkpt lat="36.29208" lon="-118.13353999999998"><ele>2784.5071537788026</ele></trkpt><trkpt lat="36.29273" lon="-118.13333999999998"><ele>2781.0</ele></trkpt><trkpt lat="36.29286" lon="-118.13326999999998"><ele>2781.0</ele></trkpt><trkpt lat="36.29293" lon="-118.13319000000001"><ele>2781.0</ele></trkpt><trkpt lat="36.29318" lon="-118.13308"><ele>2778.944707554765</ele></trkpt><trkpt lat="36.29349" lon="-118.13305000000003"><ele>2779.1244569004334</ele></trkpt><trkpt lat="36.29352" lon="-118.13314000000003"><ele>2777.916828207466</ele></trkpt><trkpt lat="36.29365" lon="-118.13317999999998"><ele>2775.560315417977</ele></trkpt><trkpt lat="36.29409" lon="-118.13314000000003"><ele>2773.148504887242</ele></trkpt><trkpt lat="36.29422" lon="-118.13308"><ele>2772.4038663212</ele></trkpt><trkpt lat="36.29448" lon="-118.13310999999999"><ele>2769.0</ele></trkpt><trkpt lat="36.29462" lon="-118.13305000000003"><ele>2767.5392257346994</ele></trkpt><trkpt lat="36.2947" lon="-118.13297999999998"><ele>2766.605045334436</ele></trkpt><trkpt lat="36.29483" lon="-118.13294000000002"><ele>2765.0</ele></trkpt><trkpt lat="36.29491" lon="-118.13285000000002"><ele>2763.5305417627096</ele></trkpt><trkpt lat="36.29493" lon="-118.1327"><ele>2765.2446599126333</ele></trkpt><trkpt lat="36.29497" lon="-118.13265000000001"><ele>2764.0612240172923</ele></trkpt><trkpt lat="36.29515" lon="-118.13254999999998"><ele>2765.0</ele></trkpt><trkpt lat="36.29524" lon="-118.13254999999998"><ele>2765.3549499716246</ele></trkpt><trkpt lat="36.2954" lon="-118.13261999999997"><ele>2764.504389556613</ele></trkpt><trkpt lat="36.29603" lon="-118.13263"><ele>2759.9806907750135</ele></trkpt><trkpt lat="36.2962" lon="-118.13269000000003"><ele>2758.0</ele></trkpt><trkpt lat="36.29628" lon="-118.13279"><ele>2758.459687110968</ele></trkpt><trkpt lat="36.29646" lon="-118.13279"><ele>2757.416312913974</ele></trkpt><trkpt lat="36.29654" lon="-118.13272"><ele>2757.279794588685</ele></trkpt><trkpt lat="36.29661" lon="-118.13252"><ele>2757.2321723885834</ele></trkpt><trkpt lat="36.29678" lon="-118.13225999999997"><ele>2754.904667261384</ele></trkpt><trkpt lat="36.29711" lon="-118.13166000000001"><ele>2753.0</ele></trkpt><trkpt lat="36.29717" lon="-118.13135999999997"><ele>2751.984731479598</ele></trkpt><trkpt lat="36.29714" lon="-118.13120000000004"><ele>2751.0</ele></trkpt><trkpt lat="36.2971" lon="-118.13114000000002"><ele>2751.0</ele></trkpt><trkpt lat="36.29681" lon="-118.13090999999997"><ele>2751.0</ele></trkpt><trkpt lat="36.29666" lon="-118.13085000000001"><ele>2751.0</ele></trkpt><trkpt lat="36.29648" lon="-118.13060999999999"><ele>2751.0</ele></trkpt><trkpt lat="36.29648" lon="-118.13053000000002"><ele>2751.0</ele></trkpt><trkpt lat="36.29651" lon="-118.13048000000003"><ele>2752.0</ele></trkpt><trkpt lat="36.29658" lon="-118.13042999999999"><ele>2753.0</ele></trkpt><trkpt lat="36.29689" lon="-118.13027"><ele>2753.995843566702</ele></trkpt><trkpt lat="36.29705" lon="-118.13027"><ele>2753.0</ele></trkpt><trkpt lat="36.29716" lon="-118.13030000000003"><ele>2753.0</ele></trkpt><trkpt lat="36.29732" lon="-118.13042000000002"><ele>2750.161482571563</ele></trkpt><trkpt lat="36.29742" lon="-118.13045999999997"><ele>2749.0</ele></trkpt><trkpt lat="36.29742" lon="-118.13045999999997"><ele>2749.0</ele></trkpt><trkpt lat="36.29772" lon="-118.13044000000002"><ele>2746.977624888066</ele></trkpt><trkpt lat="36.298" lon="-118.13049000000001"><ele>2743.647455999162</ele></trkpt><trkpt lat="36.29809" lon="-118.13045999999997"><ele>2743.6688314662697</ele></trkpt><trkpt lat="36.29815" lon="-118.13039000000003"><ele>2744.0</ele></trkpt><trkpt lat="36.29822" lon="-118.13036999999997"><ele>2744.0</ele></trkpt><trkpt lat="36.29832" lon="-118.13040999999998"><ele>2743.0</ele></trkpt><trkpt lat="36.2984" lon="-118.13040000000001"><ele>2741.727456377819</ele></trkpt><trkpt lat="36.29849" lon="-118.13033999999999"><ele>2743.0</ele></trkpt><trkpt lat="36.29852" lon="-118.13036"><ele>2743.0</ele></trkpt><trkpt lat="36.29857" lon="-118.13058000000001"><ele>2742.0</ele></trkpt><trkpt lat="36.29861" lon="-118.13065"><ele>2742.0</ele></trkpt><trkpt lat="36.29865" lon="-118.13087000000002"><ele>2740.0</ele></trkpt><trkpt lat="36.29874" lon="-118.13099999999997"><ele>2738.0</ele></trkpt><trkpt lat="36.29894" lon="-118.13112999999998"><ele>2734.4123748153734</ele></trkpt><trkpt lat="36.29916" lon="-118.13112999999998"><ele>2732.6411036271343</ele></trkpt><trkpt lat="36.29935" lon="-118.13117"><ele>2731.0</ele></trkpt><trkpt lat="36.29949" lon="-118.13112999999998"><ele>2730.0</ele></trkpt><trkpt lat="36.29973" lon="-118.13112999999998"><ele>2729.0</ele></trkpt><trkpt lat="36.30001" lon="-118.13096999999999"><ele>2727.1747599154846</ele></trkpt><trkpt lat="36.30033" lon="-118.13062000000002"><ele>2729.0</ele></trkpt><trkpt lat="36.30039" lon="-118.13058000000001"><ele>2728.156256107224</ele></trkpt><trkpt lat="36.30049" lon="-118.13058999999998"><ele>2728.0</ele></trkpt><trkpt lat="36.30071" lon="-118.13063999999997"><ele>2728.656949334778</ele></trkpt><trkpt lat="36.30087" lon="-118.13075000000003"><ele>2730.0</ele></trkpt><trkpt lat="36.30106" lon="-118.13107000000002"><ele>2731.0545920023224</ele></trkpt><trkpt lat="36.30123" lon="-118.13121000000001"><ele>2731.0</ele></trkpt><trkpt lat="36.30149" lon="-118.13125000000002"><ele>2730.0</ele></trkpt><trkpt lat="36.30161" lon="-118.13121000000001"><ele>2730.0</ele></trkpt><trkpt lat="36.30178" lon="-118.13094000000001"><ele>2730.0</ele></trkpt><trkpt lat="36.3019" lon="-118.13063999999997"><ele>2732.0</ele></trkpt><trkpt lat="36.30211" lon="-118.13038"><ele>2734.80664136447</ele></trkpt><trkpt lat="36.30223" lon="-118.13017000000002"><ele>2736.0</ele></trkpt><trkpt lat="36.30231" lon="-118.12973"><ele>2735.041455137512</ele></trkpt><trkpt lat="36.30254" lon="-118.12919"><ele>2734.0</ele></trkpt><trkpt lat="36.30264" lon="-118.12904000000003"><ele>2733.544797340408</ele></trkpt><trkpt lat="36.30278" lon="-118.12892999999997"><ele>2733.0</ele></trkpt><trkpt lat="36.30302" lon="-118.12867"><ele>2733.77033189146</ele></trkpt><trkpt lat="36.30315" lon="-118.12844999999999"><ele>2733.0</ele></trkpt><trkpt lat="36.30318" lon="-118.12806"><ele>2731.0</ele></trkpt><trkpt lat="36.30317000195206" lon="-118.12764000591051"><ele>2729.0</ele></trkpt><trkpt lat="36.30317000195206" lon="-118.12764000591051"><ele>2729.0</ele></trkpt><trkpt lat="36.30317" lon="-118.12763999999999"><ele>2729.0</ele></trkpt><trkpt lat="36.30308" lon="-118.12729000000002"><ele>2729.2999900317113</ele></trkpt><trkpt lat="36.30304" lon="-118.12684999999999"><ele>2730.0</ele></trkpt><trkpt lat="36.30299" lon="-118.12671"><ele>2731.0</ele></trkpt><trkpt lat="36.30286" lon="-118.12649999999996"><ele>2733.0</ele></trkpt><trkpt lat="36.30273" lon="-118.12605000000002"><ele>2735.0</ele></trkpt><trkpt lat="36.30265" lon="-118.12554"><ele>2736.0</ele></trkpt><trkpt lat="36.30266" lon="-118.125"><ele>2736.0</ele></trkpt><trkpt lat="36.30266" lon="-118.125"><ele>2736.0</ele></trkpt><trkpt lat="36.30277" lon="-118.12457999999998"><ele>2737.0</ele></trkpt><trkpt lat="36.3028" lon="-118.12453"><ele>2736.1179930812586</ele></trkpt><trkpt lat="36.30296" lon="-118.12450000000001"><ele>2735.0319912192585</ele></trkpt><trkpt lat="36.30296" lon="-118.12450000000001"><ele>2735.0319912192585</ele></trkpt><trkpt lat="36.30321" lon="-118.12457"><ele>2736.0</ele></trkpt><trkpt lat="36.30321" lon="-118.12457"><ele>2736.0</ele></trkpt><trkpt lat="36.30332" lon="-118.12457"><ele>2736.0</ele></trkpt><trkpt lat="36.30345" lon="-118.12450999999999"><ele>2737.0</ele></trkpt><trkpt lat="36.30373" lon="-118.12446999999997"><ele>2739.0</ele></trkpt><trkpt lat="36.30388" lon="-118.12437999999997"><ele>2740.0</ele></trkpt><trkpt lat="36.30434" lon="-118.12428"><ele>2744.0</ele></trkpt><trkpt lat="36.30446" lon="-118.12421"><ele>2744.0</ele></trkpt><trkpt lat="36.30459" lon="-118.12391000000002"><ele>2745.0</ele></trkpt><trkpt lat="36.30467" lon="-118.12380999999999"><ele>2744.8533289487173</ele></trkpt><trkpt lat="36.30475" lon="-118.12376"><ele>2744.711811556015</ele></trkpt><trkpt lat="36.30531" lon="-118.12351000000001"><ele>2747.0</ele></trkpt><trkpt lat="36.30562" lon="-118.12329"><ele>2748.0</ele></trkpt><trkpt lat="36.30579" lon="-118.12304"><ele>2749.0</ele></trkpt><trkpt lat="36.30589" lon="-118.12259"><ele>2750.0</ele></trkpt><trkpt lat="36.30599" lon="-118.12232"><ele>2751.3970524445176</ele></trkpt><trkpt lat="36.30605" lon="-118.12203999999997"><ele>2754.0</ele></trkpt><trkpt lat="36.3062" lon="-118.12164000000001"><ele>2756.0</ele></trkpt><trkpt lat="36.3064" lon="-118.12137000000001"><ele>2757.0</ele></trkpt><trkpt lat="36.30658" lon="-118.12126999999998"><ele>2755.0</ele></trkpt><trkpt lat="36.30679" lon="-118.12124"><ele>2754.0</ele></trkpt><trkpt lat="36.30744" lon="-118.12125000000003"><ele>2753.0</ele></trkpt><trkpt lat="36.30765" lon="-118.12116000000003"><ele>2753.0</ele></trkpt><trkpt lat="36.30831" lon="-118.12098000000003"><ele>2750.845578664914</ele></trkpt><trkpt lat="36.30846" lon="-118.12090999999998"><ele>2751.0</ele></trkpt><trkpt lat="36.30857" lon="-118.12089000000003"><ele>2751.0</ele></trkpt><trkpt lat="36.30872" lon="-118.1209"><ele>2751.0</ele></trkpt><trkpt lat="36.30896" lon="-118.12099"><ele>2750.0</ele></trkpt><trkpt lat="36.30922" lon="-118.12116000000003"><ele>2750.0</ele></trkpt><trkpt lat="36.30986" lon="-118.12176"><ele>2751.0</ele></trkpt><trkpt lat="36.31002" lon="-118.12203999999997"><ele>2750.0</ele></trkpt><trkpt lat="36.31008" lon="-118.12227000000001"><ele>2750.0</ele></trkpt><trkpt lat="36.31017" lon="-118.12292000000002"><ele>2748.918585881591</ele></trkpt><trkpt lat="36.31027" lon="-118.12324999999998"><ele>2747.0</ele></trkpt><trkpt lat="36.3104" lon="-118.12423999999999"><ele>2743.2023181954096</ele></trkpt><trkpt lat="36.31091" lon="-118.125"><ele>2740.0</ele></trkpt><trkpt lat="36.31091" lon="-118.125"><ele>2740.0</ele></trkpt><trkpt lat="36.31114" lon="-118.12536999999998"><ele>2739.0</ele></trkpt><trkpt lat="36.31132" lon="-118.12574999999998"><ele>2738.0</ele></trkpt><trkpt lat="36.31143" lon="-118.12603999999999"><ele>2739.0</ele></trkpt><trkpt lat="36.3115" lon="-118.12635999999998"><ele>2739.0999992398233</ele></trkpt><trkpt lat="36.31154" lon="-118.12669"><ele>2738.779466282743</ele></trkpt><trkpt lat="36.31169" lon="-118.12716"><ele>2737.0</ele></trkpt><trkpt lat="36.31186" lon="-118.12745000000001"><ele>2737.0</ele></trkpt><trkpt lat="36.31197" lon="-118.12761"><ele>2738.0</ele></trkpt><trkpt lat="36.31205" lon="-118.12781000000001"><ele>2737.8389454315948</ele></trkpt><trkpt lat="36.31239" lon="-118.1284"><ele>2736.0</ele></trkpt><trkpt lat="36.31259" lon="-118.12856"><ele>2736.5193011382485</ele></trkpt><trkpt lat="36.31275" lon="-118.12862999999999"><ele>2736.329738666769</ele></trkpt><trkpt lat="36.313" lon="-118.12864000000002"><ele>2736.0</ele></trkpt><trkpt lat="36.31369" lon="-118.12905999999998"><ele>2737.0</ele></trkpt><trkpt lat="36.31408" lon="-118.12937999999997"><ele>2737.0</ele></trkpt><trkpt lat="36.31466" lon="-118.12995999999998"><ele>2740.0</ele></trkpt><trkpt lat="36.31492" lon="-118.13036999999997"><ele>2740.0</ele></trkpt><trkpt lat="36.31501" lon="-118.13063"><ele>2737.1229831115343</ele></trkpt><trkpt lat="36.31513" lon="-118.13078999999999"><ele>2736.666442667134</ele></trkpt><trkpt lat="36.31513" lon="-118.13078999999999"><ele>2736.666442667134</ele></trkpt><trkpt lat="36.31532" lon="-118.13094000000001"><ele>2734.0</ele></trkpt><trkpt lat="36.31541" lon="-118.13094999999998"><ele>2734.0</ele></trkpt><trkpt lat="36.31567" lon="-118.13084000000003"><ele>2732.0</ele></trkpt><trkpt lat="36.315814190517685" lon="-118.13081436613015"><ele>2731.0</ele></trkpt><trkpt lat="36.31597207881438" lon="-118.13078629715062"><ele>2731.0</ele></trkpt><trkpt lat="36.31612" lon="-118.13076000000001"><ele>2730.0</ele></trkpt><trkpt lat="36.31668" lon="-118.13087999999999"><ele>2727.269688268947</ele></trkpt><trkpt lat="36.31751" lon="-118.13096000000002"><ele>2725.0</ele></trkpt><trkpt lat="36.31761" lon="-118.13098000000002"><ele>2725.0</ele></trkpt><trkpt lat="36.31775" lon="-118.1311"><ele>2726.0</ele></trkpt><trkpt lat="36.31789" lon="-118.13134000000002"><ele>2726.0</ele></trkpt><trkpt lat="36.318" lon="-118.13144999999997"><ele>2725.9082133346237</ele></trkpt><trkpt lat="36.31872" lon="-118.13189"><ele>2726.0</ele></trkpt><trkpt lat="36.31897" lon="-118.13198"><ele>2725.0</ele></trkpt><trkpt lat="36.31937" lon="-118.13206000000002"><ele>2724.0</ele></trkpt><trkpt lat="36.32009" lon="-118.13213000000002"><ele>2724.0</ele></trkpt><trkpt lat="36.32027" lon="-118.13213000000002"><ele>2722.94345619203</ele></trkpt><trkpt lat="36.32039" lon="-118.13209"><ele>2722.0</ele></trkpt><trkpt lat="36.32046" lon="-118.13204000000002"><ele>2722.0</ele></trkpt><trkpt lat="36.32053" lon="-118.13180999999997"><ele>2723.0</ele></trkpt><trkpt lat="36.32058" lon="-118.13171"><ele>2723.0</ele></trkpt><trkpt lat="36.32068" lon="-118.13166000000001"><ele>2722.308563800155</ele></trkpt><trkpt lat="36.32089" lon="-118.13134000000002"><ele>2724.0</ele></trkpt><trkpt lat="36.32098" lon="-118.13114999999999"><ele>2724.0</ele></trkpt><trkpt lat="36.32112" lon="-118.13099999999997"><ele>2724.0</ele></trkpt><trkpt lat="36.32134" lon="-118.13096999999999"><ele>2725.0</ele></trkpt><trkpt lat="36.32156" lon="-118.13099"><ele>2723.0</ele></trkpt><trkpt lat="36.32169" lon="-118.13103999999998"><ele>2725.0</ele></trkpt><trkpt lat="36.32195" lon="-118.13128"><ele>2727.0</ele></trkpt><trkpt lat="36.32259" lon="-118.13125000000002"><ele>2730.771111112088</ele></trkpt><trkpt lat="36.32288" lon="-118.13128"><ele>2732.1692124442197</ele></trkpt><trkpt lat="36.32307" lon="-118.13137999999998"><ele>2733.0</ele></trkpt><trkpt lat="36.3233" lon="-118.13146"><ele>2733.0</ele></trkpt><trkpt lat="36.32344" lon="-118.13157000000001"><ele>2733.0</ele></trkpt><trkpt lat="36.32367" lon="-118.13171"><ele>2736.0</ele></trkpt><trkpt lat="36.32386" lon="-118.13175000000001"><ele>2738.0</ele></trkpt><trkpt lat="36.3247" lon="-118.13171"><ele>2745.2086648889817</ele></trkpt><trkpt lat="36.32483" lon="-118.13166000000001"><ele>2746.732514072552</ele></trkpt><trkpt lat="36.32496" lon="-118.13155999999998"><ele>2746.077134413641</ele></trkpt><trkpt lat="36.32508" lon="-118.13153"><ele>2747.0</ele></trkpt><trkpt lat="36.32556" lon="-118.13146999999998"><ele>2751.0</ele></trkpt><trkpt lat="36.32567" lon="-118.13148999999999"><ele>2752.0</ele></trkpt><trkpt lat="36.32576" lon="-118.13153999999997"><ele>2753.0</ele></trkpt><trkpt lat="36.32574" lon="-118.13157999999999"><ele>2753.5515703759024</ele></trkpt><trkpt lat="36.3256" lon="-118.13166000000001"><ele>2754.8784960005432</ele></trkpt><trkpt lat="36.32492" lon="-118.13229000000001"><ele>2761.0094978062507</ele></trkpt><trkpt lat="36.32442" lon="-118.13317"><ele>2766.029401315934</ele></trkpt><trkpt lat="36.32443" lon="-118.13323000000003"><ele>2767.0318868873105</ele></trkpt><trkpt lat="36.32476" lon="-118.13323000000003"><ele>2774.7945986877426</ele></trkpt><trkpt lat="36.32486" lon="-118.13314000000003"><ele>2774.9360169302972</ele></trkpt><trkpt lat="36.3252" lon="-118.13297999999998"><ele>2779.0</ele></trkpt><trkpt lat="36.32551" lon="-118.13308"><ele>2782.055292445235</ele></trkpt><trkpt lat="36.32584" lon="-118.13330000000002"><ele>2786.308035556227</ele></trkpt><trkpt lat="36.32612" lon="-118.13330000000002"><ele>2789.139656015782</ele></trkpt><trkpt lat="36.3262" lon="-118.13328000000001"><ele>2790.0</ele></trkpt><trkpt lat="36.32636" lon="-118.13317999999998"><ele>2791.8112408388815</ele></trkpt><trkpt lat="36.32637" lon="-118.13319000000001"><ele>2792.16616298475</ele></trkpt><trkpt lat="36.32636" lon="-118.13353000000001"><ele>2796.009014862346</ele></trkpt><trkpt lat="36.3264" lon="-118.13386000000003"><ele>2798.792092707725</ele></trkpt><trkpt lat="36.32608" lon="-118.13445000000002"><ele>2804.139573264867</ele></trkpt><trkpt lat="36.32608" lon="-118.13450999999998"><ele>2805.0</ele></trkpt><trkpt lat="36.32611" lon="-118.13458000000003"><ele>2805.0</ele></trkpt><trkpt lat="36.32633" lon="-118.13484"><ele>2810.6008616127074</ele></trkpt><trkpt lat="36.32633" lon="-118.13508999999999"><ele>2811.0</ele></trkpt><trkpt lat="36.32635" lon="-118.13515000000001"><ele>2811.0</ele></trkpt><trkpt lat="36.32641" lon="-118.13522"><ele>2812.228483684361</ele></trkpt><trkpt lat="36.32644" lon="-118.13522"><ele>2813.0</ele></trkpt><trkpt lat="36.32655" lon="-118.13508999999999"><ele>2815.326833738014</ele></trkpt><trkpt lat="36.32673" lon="-118.13481999999999"><ele>2817.7390194740146</ele></trkpt><trkpt lat="36.32683" lon="-118.13475"><ele>2817.944226805445</ele></trkpt><trkpt lat="36.3273" lon="-118.13467000000003"><ele>2822.0</ele></trkpt><trkpt lat="36.32737" lon="-118.13463000000002"><ele>2823.760319106281</ele></trkpt><trkpt lat="36.32747" lon="-118.13452000000001"><ele>2825.0</ele></trkpt><trkpt lat="36.32754" lon="-118.13425999999998"><ele>2826.594152931124</ele></trkpt><trkpt lat="36.32761" lon="-118.13364999999999"><ele>2832.7791775649016</ele></trkpt><trkpt lat="36.32767" lon="-118.13337999999999"><ele>2836.9678388169427</ele></trkpt><trkpt lat="36.32781" lon="-118.13341000000003"><ele>2839.1202670987486</ele></trkpt><trkpt lat="36.32816" lon="-118.13396"><ele>2842.428495864509</ele></trkpt><trkpt lat="36.32825" lon="-118.13398000000001"><ele>2843.0</ele></trkpt><trkpt lat="36.32832" lon="-118.13393000000002"><ele>2843.237054471422</ele></trkpt><trkpt lat="36.32836" lon="-118.13387"><ele>2844.1280391113833</ele></trkpt><trkpt lat="36.32835" lon="-118.13353999999998"><ele>2846.4497734606266</ele></trkpt><trkpt lat="36.32874" lon="-118.13308999999998"><ele>2854.0</ele></trkpt><trkpt lat="36.32876" lon="-118.13310999999999"><ele>2854.1670016236603</ele></trkpt><trkpt lat="36.32879" lon="-118.13321000000002"><ele>2856.1026328878434</ele></trkpt><trkpt lat="36.32879" lon="-118.13330000000002"><ele>2856.90241346322</ele></trkpt><trkpt lat="36.32885" lon="-118.13351999999998"><ele>2858.0</ele></trkpt><trkpt lat="36.32917" lon="-118.13405999999998"><ele>2864.72660266608</ele></trkpt><trkpt lat="36.3292" lon="-118.13402000000002"><ele>2865.0</ele></trkpt><trkpt lat="36.32924" lon="-118.13371000000001"><ele>2867.9336712304503</ele></trkpt><trkpt lat="36.32923" lon="-118.13355999999999"><ele>2868.3551972024143</ele></trkpt><trkpt lat="36.32926" lon="-118.13339000000002"><ele>2870.588279951364</ele></trkpt><trkpt lat="36.32922" lon="-118.13322"><ele>2869.7767232470214</ele></trkpt><trkpt lat="36.32922" lon="-118.13310999999999"><ele>2869.7767232470214</ele></trkpt><trkpt lat="36.32931" lon="-118.13283999999999"><ele>2870.997797090013</ele></trkpt><trkpt lat="36.32934" lon="-118.13267000000002"><ele>2871.7330840116583</ele></trkpt><trkpt lat="36.32937" lon="-118.13259"><ele>2872.5737973997166</ele></trkpt><trkpt lat="36.32958" lon="-118.13243"><ele>2875.459256401927</ele></trkpt><trkpt lat="36.32978" lon="-118.13240000000002"><ele>2878.0625525741243</ele></trkpt><trkpt lat="36.32989" lon="-118.13234"><ele>2878.7993344562346</ele></trkpt><trkpt lat="36.33008" lon="-118.13233000000002"><ele>2880.0540260808157</ele></trkpt><trkpt lat="36.33022" lon="-118.13234999999997"><ele>2881.0</ele></trkpt><trkpt lat="36.33034" lon="-118.13242000000002"><ele>2882.0</ele></trkpt><trkpt lat="36.33039" lon="-118.13242000000002"><ele>2882.136256813419</ele></trkpt><trkpt lat="36.33046" lon="-118.13236"><ele>2882.254467020135</ele></trkpt><trkpt lat="36.33053" lon="-118.13234"><ele>2883.5687928893603</ele></trkpt><trkpt lat="36.33067" lon="-118.13236"><ele>2884.0</ele></trkpt><trkpt lat="36.33105" lon="-118.13286"><ele>2885.0</ele></trkpt><trkpt lat="36.33117" lon="-118.13330000000002"><ele>2885.308035556227</ele></trkpt><trkpt lat="36.33129" lon="-118.13351999999998"><ele>2887.0</ele></trkpt><trkpt lat="36.33145" lon="-118.13355999999999"><ele>2888.330690331592</ele></trkpt><trkpt lat="36.33188" lon="-118.13351"><ele>2893.0</ele></trkpt><trkpt lat="36.33213" lon="-118.13357000000002"><ele>2895.0</ele></trkpt><trkpt lat="36.33221" lon="-118.13369999999998"><ele>2895.9493866655976</ele></trkpt><trkpt lat="36.33225" lon="-118.13389000000001"><ele>2898.0</ele></trkpt><trkpt lat="36.33228" lon="-118.13391999999999"><ele>2898.0</ele></trkpt><trkpt lat="36.33233" lon="-118.13394"><ele>2898.0</ele></trkpt><trkpt lat="36.33247" lon="-118.13394"><ele>2899.0</ele></trkpt><trkpt lat="36.33262" lon="-118.13411000000002"><ele>2900.0</ele></trkpt><trkpt lat="36.33271" lon="-118.13412"><ele>2901.0</ele></trkpt><trkpt lat="36.33283" lon="-118.13407000000001"><ele>2902.0</ele></trkpt><trkpt lat="36.33283" lon="-118.13407000000001"><ele>2902.0</ele></trkpt><trkpt lat="36.33321" lon="-118.13395000000003"><ele>2905.0</ele></trkpt><trkpt lat="36.33333" lon="-118.13387999999998"><ele>2906.0</ele></trkpt><trkpt lat="36.33355" lon="-118.13368000000003"><ele>2908.2628896534443</ele></trkpt><trkpt lat="36.3338" lon="-118.13331"><ele>2914.0</ele></trkpt><trkpt lat="36.33384" lon="-118.13331"><ele>2915.0</ele></trkpt><trkpt lat="36.3339" lon="-118.13362999999998"><ele>2918.3508915489947</ele></trkpt><trkpt lat="36.33394" lon="-118.13364999999999"><ele>2920.0</ele></trkpt><trkpt lat="36.33398" lon="-118.13362000000001"><ele>2921.3291625636202</ele></trkpt><trkpt lat="36.33398" lon="-118.13355000000001"><ele>2920.1741350843545</ele></trkpt><trkpt lat="36.33407" lon="-118.13333"><ele>2921.345305575058</ele></trkpt><trkpt lat="36.33412" lon="-118.13335999999998"><ele>2923.237856151536</ele></trkpt><trkpt lat="36.33412" lon="-118.13351"><ele>2924.0225356546907</ele></trkpt><trkpt lat="36.33417" lon="-118.13367"><ele>2924.058516243928</ele></trkpt><trkpt lat="36.33422" lon="-118.13371000000001"><ele>2924.0</ele></trkpt><trkpt lat="36.33431" lon="-118.13371999999998"><ele>2923.1185457785614</ele></trkpt><trkpt lat="36.33454" lon="-118.13368000000003"><ele>2924.0</ele></trkpt><trkpt lat="36.3348" lon="-118.1336"><ele>2925.7109511108138</ele></trkpt><trkpt lat="36.33488" lon="-118.13353999999998"><ele>2926.608115037148</ele></trkpt><trkpt lat="36.33496" lon="-118.13326"><ele>2930.0</ele></trkpt><trkpt lat="36.33514" lon="-118.13342"><ele>2933.2462931331247</ele></trkpt><trkpt lat="36.33532" lon="-118.13331"><ele>2933.0</ele></trkpt><trkpt lat="36.33547" lon="-118.13314000000003"><ele>2935.0</ele></trkpt><trkpt lat="36.336" lon="-118.13301999999999"><ele>2936.0006630657035</ele></trkpt><trkpt lat="36.33606" lon="-118.13297"><ele>2936.0</ele></trkpt><trkpt lat="36.33613" lon="-118.13276000000002"><ele>2936.0</ele></trkpt><trkpt lat="36.33621" lon="-118.13267000000002"><ele>2935.0443759398486</ele></trkpt><trkpt lat="36.33646" lon="-118.13251000000002"><ele>2935.0</ele></trkpt><trkpt lat="36.33661" lon="-118.13245999999998"><ele>2934.0</ele></trkpt><trkpt lat="36.33674" lon="-118.13238000000001"><ele>2934.0</ele></trkpt><trkpt lat="36.33687" lon="-118.13227999999998"><ele>2934.0</ele></trkpt><trkpt lat="36.33694" lon="-118.13218"><ele>2935.0</ele></trkpt><trkpt lat="36.33703" lon="-118.13216"><ele>2936.0</ele></trkpt><trkpt lat="36.33724" lon="-118.13222000000002"><ele>2936.0</ele></trkpt><trkpt lat="36.33739" lon="-118.13216999999997"><ele>2935.146711365802</ele></trkpt><trkpt lat="36.33792" lon="-118.13188000000002"><ele>2941.0</ele></trkpt><trkpt lat="36.338" lon="-118.13180999999997"><ele>2941.9614138165944</ele></trkpt><trkpt lat="36.3382" lon="-118.13148999999999"><ele>2944.0</ele></trkpt><trkpt lat="36.33828" lon="-118.13126999999997"><ele>2945.9328938172653</ele></trkpt><trkpt lat="36.33853" lon="-118.13098000000002"><ele>2950.3681205082685</ele></trkpt><trkpt lat="36.33888" lon="-118.13045999999997"><ele>2956.6171728838235</ele></trkpt><trkpt lat="36.339" lon="-118.13036999999997"><ele>2958.5597260706127</ele></trkpt><trkpt lat="36.33911" lon="-118.13022000000001"><ele>2960.0</ele></trkpt><trkpt lat="36.33931" lon="-118.12958000000003"><ele>2965.494704650715</ele></trkpt><trkpt lat="36.33951" lon="-118.12941000000001"><ele>2968.0</ele></trkpt><trkpt lat="36.33983" lon="-118.12925999999999"><ele>2971.017605912653</ele></trkpt><trkpt lat="36.33986" lon="-118.1293"><ele>2972.2817784302333</ele></trkpt><trkpt lat="36.33985" lon="-118.12937999999997"><ele>2973.4586575766234</ele></trkpt><trkpt lat="36.33974" lon="-118.12979000000001"><ele>2975.0</ele></trkpt><trkpt lat="36.33985" lon="-118.13024000000001"><ele>2980.0</ele></trkpt><trkpt lat="36.33987" lon="-118.13056"><ele>2982.0</ele></trkpt><trkpt lat="36.33986" lon="-118.13076999999998"><ele>2982.3150036111474</ele></trkpt><trkpt lat="36.33973" lon="-118.13112999999998"><ele>2985.0</ele></trkpt><trkpt lat="36.33977" lon="-118.13132999999999"><ele>2985.0</ele></trkpt><trkpt lat="36.33996" lon="-118.13126999999997"><ele>2981.9293047699566</ele></trkpt><trkpt lat="36.34003" lon="-118.13102000000003"><ele>2985.805123380378</ele></trkpt><trkpt lat="36.34015" lon="-118.13085000000001"><ele>2989.987923249279</ele></trkpt><trkpt lat="36.34036" lon="-118.13072"><ele>2991.0</ele></trkpt><trkpt lat="36.34043" lon="-118.13062000000002"><ele>2992.0</ele></trkpt><trkpt lat="36.3405" lon="-118.13042000000002"><ele>2992.401916747283</ele></trkpt><trkpt lat="36.34058" lon="-118.13035000000002"><ele>2992.828071112279</ele></trkpt><trkpt lat="36.34094" lon="-118.13027"><ele>2992.0</ele></trkpt><trkpt lat="36.34121" lon="-118.13015000000001"><ele>2991.0</ele></trkpt><trkpt lat="36.34142" lon="-118.12995000000001"><ele>2993.0</ele></trkpt><trkpt lat="36.34153" lon="-118.12970000000001"><ele>2993.0</ele></trkpt><trkpt lat="36.34178" lon="-118.12955999999997"><ele>2995.0045443721256</ele></trkpt><trkpt lat="36.34214" lon="-118.12946999999997"><ele>3001.0</ele></trkpt><trkpt lat="36.34245" lon="-118.12961999999999"><ele>3002.676204040914</ele></trkpt><trkpt lat="36.34274" lon="-118.12959999999998"><ele>3006.0</ele></trkpt><trkpt lat="36.34277" lon="-118.12967000000003"><ele>3007.721546275099</ele></trkpt><trkpt lat="36.34275" lon="-118.12977999999998"><ele>3009.1373303060527</ele></trkpt><trkpt lat="36.34281" lon="-118.12979000000001"><ele>3010.997666382546</ele></trkpt><trkpt lat="36.34308" lon="-118.12973"><ele>3013.974442400477</ele></trkpt><trkpt lat="36.34334" lon="-118.12961000000001"><ele>3017.0</ele></trkpt><trkpt lat="36.34365" lon="-118.12923999999998"><ele>3022.0</ele></trkpt><trkpt lat="36.34386" lon="-118.12903"><ele>3024.822478486238</ele></trkpt><trkpt lat="36.34421" lon="-118.12853000000001"><ele>3030.0</ele></trkpt><trkpt lat="36.34425" lon="-118.12837999999999"><ele>3031.0</ele></trkpt><trkpt lat="36.34421" lon="-118.12793999999997"><ele>3036.0</ele></trkpt><trkpt lat="36.34424" lon="-118.1277"><ele>3038.7283141147345</ele></trkpt><trkpt lat="36.34429" lon="-118.12766999999997"><ele>3039.578388275602</ele></trkpt><trkpt lat="36.34447" lon="-118.12788"><ele>3042.3079663962526</ele></trkpt><trkpt lat="36.34477" lon="-118.12820999999997"><ele>3047.9412599369634</ele></trkpt><trkpt lat="36.34479" lon="-118.12832000000003"><ele>3048.1229078839974</ele></trkpt><trkpt lat="36.34481" lon="-118.12833"><ele>3048.9092003601345</ele></trkpt><trkpt lat="36.34488" lon="-118.12828000000002"><ele>3050.2721591696163</ele></trkpt><trkpt lat="36.34502" lon="-118.12842999999998"><ele>3051.0</ele></trkpt><trkpt lat="36.34514" lon="-118.12837999999999"><ele>3052.0</ele></trkpt><trkpt lat="36.34517" lon="-118.12833"><ele>3053.1669000370557</ele></trkpt><trkpt lat="36.34517" lon="-118.12824"><ele>3054.505055999849</ele></trkpt><trkpt lat="36.34508" lon="-118.12811999999997"><ele>3056.0</ele></trkpt><trkpt lat="36.34507" lon="-118.12806999999998"><ele>3056.427630222868</ele></trkpt><trkpt lat="36.34513" lon="-118.12796000000003"><ele>3058.0</ele></trkpt><trkpt lat="36.3453" lon="-118.12787000000003"><ele>3061.0</ele></trkpt><trkpt lat="36.34539" lon="-118.12788"><ele>3062.075122387494</ele></trkpt><trkpt lat="36.34543" lon="-118.12786"><ele>3063.0</ele></trkpt><trkpt lat="36.34555" lon="-118.12770999999998"><ele>3063.2048462233506</ele></trkpt><trkpt lat="36.34581" lon="-118.1275"><ele>3066.991555555258</ele></trkpt><trkpt lat="36.34587" lon="-118.1275"><ele>3066.991555555258</ele></trkpt><trkpt lat="36.34582" lon="-118.12736999999998"><ele>3070.0</ele></trkpt><trkpt lat="36.34548" lon="-118.12705"><ele>3075.0</ele></trkpt><trkpt lat="36.34547" lon="-118.12700999999998"><ele>3076.0</ele></trkpt><trkpt lat="36.34549" lon="-118.12693000000002"><ele>3077.0</ele></trkpt><trkpt lat="36.34556" lon="-118.12678"><ele>3078.545987555757</ele></trkpt><trkpt lat="36.34576" lon="-118.12653"><ele>3082.6741642337292</ele></trkpt><trkpt lat="36.34583" lon="-118.12652000000003"><ele>3084.0</ele></trkpt><trkpt lat="36.34607" lon="-118.12670000000003"><ele>3087.0</ele></trkpt><trkpt lat="36.34632" lon="-118.12675000000002"><ele>3089.944088887889</ele></trkpt><trkpt lat="36.34631" lon="-118.12664000000001"><ele>3092.0704604443163</ele></trkpt><trkpt lat="36.34624" lon="-118.12655000000001"><ele>3092.5933372540007</ele></trkpt><trkpt lat="36.34614" lon="-118.12612000000001"><ele>3096.0</ele></trkpt><trkpt lat="36.34622" lon="-118.12610999999998"><ele>3097.0</ele></trkpt><trkpt lat="36.34626" lon="-118.12617999999998"><ele>3097.604095429182</ele></trkpt><trkpt lat="36.34634" lon="-118.12621999999999"><ele>3099.0</ele></trkpt><trkpt lat="36.34644" lon="-118.12621000000001"><ele>3100.0</ele></trkpt><trkpt lat="36.34646" lon="-118.12610999999998"><ele>3101.135656485729</ele></trkpt><trkpt lat="36.34643" lon="-118.12594999999999"><ele>3103.0</ele></trkpt><trkpt lat="36.34645" lon="-118.12574999999998"><ele>3105.0</ele></trkpt><trkpt lat="36.34675" lon="-118.12544000000003"><ele>3107.0</ele></trkpt><trkpt lat="36.34698" lon="-118.12527"><ele>3105.082911999896</ele></trkpt><trkpt lat="36.34725" lon="-118.12515000000002"><ele>3103.0</ele></trkpt><trkpt lat="36.34753" lon="-118.12516"><ele>3102.0</ele></trkpt><trkpt lat="36.34796" lon="-118.12562000000003"><ele>3105.0</ele></trkpt><trkpt lat="36.34806" lon="-118.12590999999998"><ele>3107.0</ele></trkpt><trkpt lat="36.34815" lon="-118.12601999999998"><ele>3107.0</ele></trkpt><trkpt lat="36.34826" lon="-118.12612999999999"><ele>3107.325677899644</ele></trkpt><trkpt lat="36.34847" lon="-118.12626"><ele>3110.0</ele></trkpt><trkpt lat="36.34861" lon="-118.12628000000001"><ele>3111.577260442078</ele></trkpt><trkpt lat="36.34876" lon="-118.12619000000001"><ele>3115.0</ele></trkpt><trkpt lat="36.34882" lon="-118.12610000000001"><ele>3115.935790567412</ele></trkpt><trkpt lat="36.34938" lon="-118.12572999999998"><ele>3123.1310624759644</ele></trkpt><trkpt lat="36.34991" lon="-118.12504000000001"><ele>3129.0</ele></trkpt><trkpt lat="36.35018" lon="-118.12502"><ele>3133.671277091772</ele></trkpt><trkpt lat="36.35022" lon="-118.125"><ele>3134.0</ele></trkpt><trkpt lat="36.35022" lon="-118.125"><ele>3134.0</ele></trkpt><trkpt lat="36.35053" lon="-118.12488000000002"><ele>3137.6110613438095</ele></trkpt><trkpt lat="36.35053" lon="-118.12488000000002"><ele>3137.6110613438095</ele></trkpt><trkpt lat="36.35058" lon="-118.12486000000001"><ele>3138.552575234626</ele></trkpt><trkpt lat="36.35114" lon="-118.1243"><ele>3144.969978908077</ele></trkpt><trkpt lat="36.35167" lon="-118.12398999999999"><ele>3149.430588444695</ele></trkpt><trkpt lat="36.35179" lon="-118.12401"><ele>3151.0</ele></trkpt><trkpt lat="36.35214" lon="-118.12387999999999"><ele>3155.8845175880483</ele></trkpt><trkpt lat="36.3527" lon="-118.12346000000002"><ele>3160.174087754401</ele></trkpt><trkpt lat="36.35281" lon="-118.12329"><ele>3163.0</ele></trkpt><trkpt lat="36.35298" lon="-118.12317999999999"><ele>3166.3002868771905</ele></trkpt><trkpt lat="36.35321" lon="-118.12308999999999"><ele>3167.3653580906307</ele></trkpt><trkpt lat="36.35339" lon="-118.12317000000002"><ele>3170.03563780549</ele></trkpt><trkpt lat="36.35384" lon="-118.12311999999997"><ele>3175.0</ele></trkpt><trkpt lat="36.35404" lon="-118.12304"><ele>3178.0</ele></trkpt><trkpt lat="36.35413" lon="-118.12319000000002"><ele>3180.145769803666</ele></trkpt><trkpt lat="36.35431" lon="-118.12329"><ele>3183.0</ele></trkpt><trkpt lat="36.35442" lon="-118.12344999999999"><ele>3181.2331696935</ele></trkpt><trkpt lat="36.35454" lon="-118.12347"><ele>3178.2892308086157</ele></trkpt><trkpt lat="36.35464" lon="-118.12344999999999"><ele>3176.868307990579</ele></trkpt><trkpt lat="36.3549" lon="-118.12351000000001"><ele>3172.966916192311</ele></trkpt><trkpt lat="36.35514" lon="-118.12351000000001"><ele>3169.973746087206</ele></trkpt><trkpt lat="36.35534" lon="-118.12356"><ele>3167.608864000067</ele></trkpt><trkpt lat="36.35549" lon="-118.12355000000002"><ele>3167.0</ele></trkpt><trkpt lat="36.35568" lon="-118.12344000000002"><ele>3166.4578835341795</ele></trkpt><trkpt lat="36.35578" lon="-118.12335999999999"><ele>3165.0</ele></trkpt><trkpt lat="36.35584" lon="-118.12347"><ele>3165.0</ele></trkpt><trkpt lat="36.35594" lon="-118.12356999999997"><ele>3166.103434858749</ele></trkpt><trkpt lat="36.35613" lon="-118.12391000000002"><ele>3169.718970006332</ele></trkpt><trkpt lat="36.35618" lon="-118.12414000000001"><ele>3169.612340133637</ele></trkpt><trkpt lat="36.35646" lon="-118.125"><ele>3177.815247196704</ele></trkpt><trkpt lat="36.35646" lon="-118.125"><ele>3177.815247196704</ele></trkpt><trkpt lat="36.35671" lon="-118.12581999999998"><ele>3190.282177755609</ele></trkpt><trkpt lat="36.35674" lon="-118.12601000000001"><ele>3193.010370433969</ele></trkpt><trkpt lat="36.35678" lon="-118.12601000000001"><ele>3194.3329266384244</ele></trkpt><trkpt lat="36.35682" lon="-118.12599999999998"><ele>3195.6840679161774</ele></trkpt><trkpt lat="36.35702" lon="-118.12538"><ele>3198.384218643665</ele></trkpt><trkpt lat="36.35719" lon="-118.125"><ele>3203.529407341033</ele></trkpt><trkpt lat="36.35719" lon="-118.125"><ele>3203.529407341033</ele></trkpt><trkpt lat="36.35747" lon="-118.12421"><ele>3209.0</ele></trkpt><trkpt lat="36.35751" lon="-118.12421999999998"><ele>3210.086134176625</ele></trkpt><trkpt lat="36.35755" lon="-118.12432999999999"><ele>3213.8914047870785</ele></trkpt><trkpt lat="36.35765" lon="-118.125"><ele>3221.3391262358055</ele></trkpt><trkpt lat="36.35765" lon="-118.125"><ele>3221.3391262358055</ele></trkpt><trkpt lat="36.35769" lon="-118.12520999999998"><ele>3224.0</ele></trkpt><trkpt lat="36.35769" lon="-118.12579"><ele>3227.9952123253356</ele></trkpt><trkpt lat="36.35772" lon="-118.12594999999999"><ele>3230.7290502749383</ele></trkpt><trkpt lat="36.35777" lon="-118.12596000000002"><ele>3232.0</ele></trkpt><trkpt lat="36.35783" lon="-118.12587000000002"><ele>3233.0945970397443</ele></trkpt><trkpt lat="36.3579" lon="-118.12571000000003"><ele>3233.145404212177</ele></trkpt><trkpt lat="36.35796" lon="-118.12544000000003"><ele>3235.0033878943304</ele></trkpt><trkpt lat="36.35797" lon="-118.12556999999998"><ele>3236.247597246339</ele></trkpt><trkpt lat="36.358" lon="-118.12561"><ele>3237.99512810365</ele></trkpt><trkpt lat="36.35802" lon="-118.12560000000002"><ele>3238.5516802212223</ele></trkpt><trkpt lat="36.35803" lon="-118.12544000000003"><ele>3238.9981804471095</ele></trkpt><trkpt lat="36.35806" lon="-118.12545"><ele>3240.213720330021</ele></trkpt><trkpt lat="36.35814" lon="-118.12574999999998"><ele>3245.0339135974646</ele></trkpt><trkpt lat="36.35817" lon="-118.12578000000002"><ele>3246.0</ele></trkpt><trkpt lat="36.35834" lon="-118.12579"><ele>3248.1924407235147</ele></trkpt><trkpt lat="36.35859" lon="-118.1259"><ele>3251.0</ele></trkpt><trkpt lat="36.35866" lon="-118.12588"><ele>3251.572507199066</ele></trkpt><trkpt lat="36.35871" lon="-118.12579"><ele>3253.006110126925</ele></trkpt><trkpt lat="36.35878" lon="-118.12572"><ele>3254.0</ele></trkpt><trkpt lat="36.35895" lon="-118.12567000000001"><ele>3253.275736888405</ele></trkpt><trkpt lat="36.35912" lon="-118.12578000000002"><ele>3253.0</ele></trkpt><trkpt lat="36.35942" lon="-118.1259"><ele>3252.0</ele></trkpt><trkpt lat="36.35965" lon="-118.12610000000001"><ele>3251.0</ele></trkpt><trkpt lat="36.35972" lon="-118.12623000000002"><ele>3249.0</ele></trkpt><trkpt lat="36.35998" lon="-118.12639999999999"><ele>3245.255271111615</ele></trkpt><trkpt lat="36.36017" lon="-118.12644999999998"><ele>3245.0</ele></trkpt><trkpt lat="36.36047" lon="-118.12642"><ele>3241.41090393186</ele></trkpt><trkpt lat="36.36056" lon="-118.12639000000001"><ele>3240.0</ele></trkpt><trkpt lat="36.36061" lon="-118.12641000000002"><ele>3240.0</ele></trkpt><trkpt lat="36.36071" lon="-118.12657999999999"><ele>3239.133336889092</ele></trkpt><trkpt lat="36.3608" lon="-118.12657999999999"><ele>3239.0042987236347</ele></trkpt><trkpt lat="36.36084" lon="-118.12661000000003"><ele>3239.3812562936278</ele></trkpt><trkpt lat="36.36091" lon="-118.12675000000002"><ele>3240.0</ele></trkpt><trkpt lat="36.36095" lon="-118.12676999999996"><ele>3241.0</ele></trkpt><trkpt lat="36.36143" lon="-118.12685999999997"><ele>3246.0</ele></trkpt><trkpt lat="36.36151" lon="-118.12691999999998"><ele>3246.9987896764533</ele></trkpt><trkpt lat="36.36157" lon="-118.12703999999997"><ele>3247.0</ele></trkpt><trkpt lat="36.36153" lon="-118.12739999999997"><ele>3251.2136835716665</ele></trkpt><trkpt lat="36.36155" lon="-118.12752"><ele>3250.1784639996476</ele></trkpt><trkpt lat="36.36153" lon="-118.12754000000001"><ele>3249.227613232497</ele></trkpt><trkpt lat="36.36147" lon="-118.12754000000001"><ele>3250.1274204440415</ele></trkpt><trkpt lat="36.36148" lon="-118.12759"><ele>3248.797251555603</ele></trkpt><trkpt lat="36.36192" lon="-118.12743999999998"><ele>3249.0</ele></trkpt><trkpt lat="36.36237" lon="-118.12748999999997"><ele>3246.0</ele></trkpt><trkpt lat="36.36253" lon="-118.12760000000003"><ele>3243.3029137605654</ele></trkpt><trkpt lat="36.36264" lon="-118.12806999999998"><ele>3243.0</ele></trkpt><trkpt lat="36.36268" lon="-118.12833"><ele>3243.0</ele></trkpt><trkpt lat="36.36265" lon="-118.12853000000001"><ele>3242.0301168709993</ele></trkpt><trkpt lat="36.3627" lon="-118.12878999999998"><ele>3243.923729393631</ele></trkpt><trkpt lat="36.36268" lon="-118.12898999999999"><ele>3243.3428947938783</ele></trkpt><trkpt lat="36.36269" lon="-118.12973999999997"><ele>3242.3450067415833</ele></trkpt><trkpt lat="36.36293" lon="-118.13053000000002"><ele>3239.834104177415</ele></trkpt><trkpt lat="36.36299" lon="-118.13087000000002"><ele>3236.9818671335665</ele></trkpt><trkpt lat="36.36299" lon="-118.13116000000002"><ele>3232.299078325777</ele></trkpt><trkpt lat="36.36323" lon="-118.13152000000002"><ele>3231.0</ele></trkpt><trkpt lat="36.36334" lon="-118.13164"><ele>3229.0</ele></trkpt><trkpt lat="36.3647" lon="-118.13191"><ele>3224.4706595554017</ele></trkpt><trkpt lat="36.36512" lon="-118.13204999999999"><ele>3220.9461866668426</ele></trkpt><trkpt lat="36.36546" lon="-118.13211999999999"><ele>3218.683950222563</ele></trkpt><trkpt lat="36.36564" lon="-118.13211000000001"><ele>3219.1499839993194</ele></trkpt><trkpt lat="36.36621" lon="-118.13222999999999"><ele>3212.557578667067</ele></trkpt><trkpt lat="36.36733" lon="-118.13236999999998"><ele>3202.033105778508</ele></trkpt><trkpt lat="36.36775" lon="-118.13251000000002"><ele>3199.0</ele></trkpt><trkpt lat="36.36822" lon="-118.13272999999998"><ele>3192.0</ele></trkpt><trkpt lat="36.36822" lon="-118.13272999999998"><ele>3192.0</ele></trkpt><trkpt lat="36.36868" lon="-118.13294000000002"><ele>3186.469180443324</ele></trkpt><trkpt lat="36.36914" lon="-118.13301000000001"><ele>3182.2069439990446</ele></trkpt><trkpt lat="36.36931" lon="-118.13314000000003"><ele>3181.0</ele></trkpt><trkpt lat="36.36955" lon="-118.13346000000001"><ele>3179.366221876815</ele></trkpt><trkpt lat="36.36971" lon="-118.13432"><ele>3175.685052373571</ele></trkpt><trkpt lat="36.36966" lon="-118.13463999999999"><ele>3172.0</ele></trkpt><trkpt lat="36.36956" lon="-118.13499999999999"><ele>3169.9706398501394</ele></trkpt><trkpt lat="36.36953" lon="-118.13518999999997"><ele>3168.1276213940796</ele></trkpt><trkpt lat="36.3694" lon="-118.13538"><ele>3167.0</ele></trkpt><trkpt lat="36.36924" lon="-118.13574"><ele>3164.0</ele></trkpt><trkpt lat="36.3692" lon="-118.13589999999999"><ele>3164.0</ele></trkpt><trkpt lat="36.36922" lon="-118.13601"><ele>3163.0</ele></trkpt><trkpt lat="36.36926" lon="-118.13608999999997"><ele>3162.6685404460877</ele></trkpt><trkpt lat="36.36939" lon="-118.13621999999998"><ele>3161.610101334285</ele></trkpt><trkpt lat="36.36942" lon="-118.1363"><ele>3161.0</ele></trkpt><trkpt lat="36.36951" lon="-118.13664"><ele>3158.0</ele></trkpt><trkpt lat="36.36958" lon="-118.13677999999999"><ele>3157.0</ele></trkpt><trkpt lat="36.36976" lon="-118.13698999999997"><ele>3156.0</ele></trkpt><trkpt lat="36.36982" lon="-118.13709"><ele>3156.0</ele></trkpt><trkpt lat="36.36993" lon="-118.13734"><ele>3156.0</ele></trkpt><trkpt lat="36.36998" lon="-118.13756999999998"><ele>3156.0771976856468</ele></trkpt><trkpt lat="36.36985" lon="-118.13817"><ele>3158.1943916091873</ele></trkpt><trkpt lat="36.36971" lon="-118.13857000000002"><ele>3160.0</ele></trkpt><trkpt lat="36.36961" lon="-118.13904000000002"><ele>3163.6806752421653</ele></trkpt><trkpt lat="36.36952" lon="-118.13929000000002"><ele>3164.2911834890533</ele></trkpt><trkpt lat="36.36928" lon="-118.14039000000002"><ele>3171.7393606975675</ele></trkpt><trkpt lat="36.36923" lon="-118.14067999999997"><ele>3174.203735520538</ele></trkpt><trkpt lat="36.36914" lon="-118.14103"><ele>3175.6365651376545</ele></trkpt><trkpt lat="36.36902" lon="-118.14127000000002"><ele>3173.691323408857</ele></trkpt><trkpt lat="36.36898" lon="-118.14168999999998"><ele>3173.8064020391366</ele></trkpt><trkpt lat="36.3691" lon="-118.14215999999999"><ele>3175.0</ele></trkpt><trkpt lat="36.36917" lon="-118.14231000000001"><ele>3175.372877245769</ele></trkpt><trkpt lat="36.36952" lon="-118.14287999999999"><ele>3177.6299012880772</ele></trkpt><trkpt lat="36.36976" lon="-118.14332999999999"><ele>3177.5204847306013</ele></trkpt><trkpt lat="36.37003" lon="-118.14360999999997"><ele>3179.031130906984</ele></trkpt><trkpt lat="36.37013" lon="-118.14366999999999"><ele>3179.96209853357</ele></trkpt><trkpt lat="36.37023" lon="-118.14377000000002"><ele>3181.477600541897</ele></trkpt><trkpt lat="36.37064" lon="-118.14429000000001"><ele>3183.0</ele></trkpt><trkpt lat="36.37140678264364" lon="-118.14507571554844"><ele>3191.0</ele></trkpt><trkpt lat="36.37151346233607" lon="-118.14520077016465"><ele>3190.0829741857774</ele></trkpt><trkpt lat="36.37167" lon="-118.1454"><ele>3190.0</ele></trkpt><trkpt lat="36.37197" lon="-118.14566000000002"><ele>3191.0</ele></trkpt><trkpt lat="36.37204" lon="-118.14582999999999"><ele>3190.3631663121846</ele></trkpt><trkpt lat="36.37224" lon="-118.14612"><ele>3192.0139684240535</ele></trkpt><trkpt lat="36.37248" lon="-118.14697000000001"><ele>3191.0</ele></trkpt><trkpt lat="36.37248" lon="-118.14697000000001"><ele>3191.0</ele></trkpt><trkpt lat="36.3725" lon="-118.14747"><ele>3189.1076829731464</ele></trkpt><trkpt lat="36.37255" lon="-118.14792999999997"><ele>3188.001661842689</ele></trkpt><trkpt lat="36.37257" lon="-118.14848"><ele>3187.159253913909</ele></trkpt><trkpt lat="36.37261" lon="-118.14861000000002"><ele>3187.0</ele></trkpt><trkpt lat="36.37272" lon="-118.14882"><ele>3188.0</ele></trkpt><trkpt lat="36.37273" lon="-118.14890000000003"><ele>3188.0</ele></trkpt><trkpt lat="36.37278" lon="-118.14899000000003"><ele>3188.646681564595</ele></trkpt><trkpt lat="36.37287" lon="-118.14906000000002"><ele>3189.1165261472</ele></trkpt><trkpt lat="36.37311" lon="-118.14909999999998"><ele>3191.0</ele></trkpt><trkpt lat="36.37329" lon="-118.14924000000002"><ele>3188.694629483435</ele></trkpt><trkpt lat="36.37335" lon="-118.14958000000001"><ele>3185.0</ele></trkpt><trkpt lat="36.37343" lon="-118.14961"><ele>3184.0</ele></trkpt><trkpt lat="36.37359" lon="-118.14954999999998"><ele>3182.507726080185</ele></trkpt><trkpt lat="36.37375" lon="-118.14958999999999"><ele>3181.52294044476</ele></trkpt><trkpt lat="36.37395" lon="-118.14958999999999"><ele>3181.52294044476</ele></trkpt><trkpt lat="36.37417" lon="-118.14965999999998"><ele>3180.2607040004805</ele></trkpt><trkpt lat="36.37437" lon="-118.14967000000001"><ele>3179.794670221396</ele></trkpt><trkpt lat="36.37478" lon="-118.14951000000002"><ele>3178.9438326134346</ele></trkpt><trkpt lat="36.37501" lon="-118.14938000000001"><ele>3179.3096497775987</ele></trkpt><trkpt lat="36.37538" lon="-118.14927999999998"><ele>3180.9699875563383</ele></trkpt><trkpt lat="36.37569" lon="-118.14920000000001"><ele>3183.6982577773742</ele></trkpt><trkpt lat="36.37615" lon="-118.14922000000001"><ele>3185.285811140134</ele></trkpt><trkpt lat="36.37656" lon="-118.14934"><ele>3187.173784888815</ele></trkpt><trkpt lat="36.37679" lon="-118.14945999999998"><ele>3187.0</ele></trkpt><trkpt lat="36.377" lon="-118.14949999999999"><ele>3188.717244444415</ele></trkpt><trkpt lat="36.37763" lon="-118.14976999999999"><ele>3191.0</ele></trkpt><trkpt lat="36.37792" lon="-118.14985999999999"><ele>3192.0</ele></trkpt><trkpt lat="36.37831" lon="-118.15008"><ele>3193.0</ele></trkpt><trkpt lat="36.37854" lon="-118.15025000000003"><ele>3193.0</ele></trkpt><trkpt lat="36.37876" lon="-118.15028999999998"><ele>3194.0</ele></trkpt><trkpt lat="36.37896" lon="-118.15022999999997"><ele>3195.0</ele></trkpt><trkpt lat="36.37929" lon="-118.15019999999998"><ele>3196.0</ele></trkpt><trkpt lat="36.37945" lon="-118.15021999999999"><ele>3195.0</ele></trkpt><trkpt lat="36.37963" lon="-118.15017999999998"><ele>3195.0</ele></trkpt><trkpt lat="36.38003" lon="-118.15004999999996"><ele>3193.1202730522155</ele></trkpt><trkpt lat="36.38022" lon="-118.14985999999999"><ele>3193.0</ele></trkpt><trkpt lat="36.38035" lon="-118.14976999999999"><ele>3192.0</ele></trkpt><trkpt lat="36.38052" lon="-118.14971000000003"><ele>3191.930535109248</ele></trkpt><trkpt lat="36.38079" lon="-118.14949999999999"><ele>3191.0</ele></trkpt><trkpt lat="36.38125" lon="-118.14927999999998"><ele>3188.0</ele></trkpt><trkpt lat="36.38175" lon="-118.14920000000001"><ele>3185.0</ele></trkpt><trkpt lat="36.38195" lon="-118.14924000000002"><ele>3183.0</ele></trkpt><trkpt lat="36.38214" lon="-118.14931000000001"><ele>3181.0</ele></trkpt><trkpt lat="36.38243" lon="-118.14931999999999"><ele>3179.1058524441905</ele></trkpt><trkpt lat="36.38246" lon="-118.14935000000003"><ele>3178.7077511097305</ele></trkpt><trkpt lat="36.38244" lon="-118.14938000000001"><ele>3178.0</ele></trkpt><trkpt lat="36.38205" lon="-118.14972999999998"><ele>3174.0</ele></trkpt><trkpt lat="36.38191" lon="-118.14989000000003"><ele>3171.5419271094725</ele></trkpt><trkpt lat="36.38174" lon="-118.15021999999999"><ele>3168.207541251866</ele></trkpt><trkpt lat="36.3817" lon="-118.15039000000002"><ele>3167.0</ele></trkpt><trkpt lat="36.3817" lon="-118.15052000000003"><ele>3165.0</ele></trkpt><trkpt lat="36.38179" lon="-118.15082000000001"><ele>3162.327944578181</ele></trkpt><trkpt lat="36.38192" lon="-118.15115000000003"><ele>3159.6338570769876</ele></trkpt><trkpt lat="36.3821" lon="-118.15136000000001"><ele>3156.0</ele></trkpt><trkpt lat="36.38222" lon="-118.15169000000003"><ele>3152.26785283722</ele></trkpt><trkpt lat="36.38237" lon="-118.15190000000001"><ele>3149.0</ele></trkpt><trkpt lat="36.38252" lon="-118.15226999999999"><ele>3145.0</ele></trkpt><trkpt lat="36.38258" lon="-118.15262000000001"><ele>3142.4285593144596</ele></trkpt><trkpt lat="36.3826" lon="-118.15285"><ele>3142.0</ele></trkpt><trkpt lat="36.38272" lon="-118.15319"><ele>3139.0</ele></trkpt><trkpt lat="36.38287" lon="-118.15349000000003"><ele>3136.0</ele></trkpt><trkpt lat="36.38315" lon="-118.15390000000002"><ele>3131.146125679941</ele></trkpt><trkpt lat="36.38338" lon="-118.15438"><ele>3128.0</ele></trkpt><trkpt lat="36.38354" lon="-118.15453000000002"><ele>3126.0</ele></trkpt><trkpt lat="36.38371" lon="-118.15478000000002"><ele>3124.0102308787077</ele></trkpt><trkpt lat="36.38393" lon="-118.15541999999999"><ele>3125.0</ele></trkpt><trkpt lat="36.38399" lon="-118.15570000000002"><ele>3124.1497765581953</ele></trkpt><trkpt lat="36.38409" lon="-118.15582"><ele>3123.0</ele></trkpt><trkpt lat="36.38435" lon="-118.15589"><ele>3122.0301417612004</ele></trkpt><trkpt lat="36.3845" lon="-118.156"><ele>3123.5694020685864</ele></trkpt><trkpt lat="36.38478" lon="-118.15661"><ele>3120.924775160849</ele></trkpt><trkpt lat="36.38487" lon="-118.15670999999998"><ele>3120.7068906677887</ele></trkpt><trkpt lat="36.38516" lon="-118.15685000000002"><ele>3120.0</ele></trkpt><trkpt lat="36.38528" lon="-118.15699999999998"><ele>3118.1668124623357</ele></trkpt><trkpt lat="36.38591" lon="-118.15821"><ele>3107.0</ele></trkpt><trkpt lat="36.38591" lon="-118.15821"><ele>3107.0</ele></trkpt><trkpt lat="36.38603" lon="-118.15849000000003"><ele>3103.0</ele></trkpt><trkpt lat="36.38642" lon="-118.15875"><ele>3098.6359999994747</ele></trkpt><trkpt lat="36.38667" lon="-118.15879999999999"><ele>3099.0</ele></trkpt><trkpt lat="36.38681" lon="-118.15886999999998"><ele>3098.0</ele></trkpt><trkpt lat="36.38768" lon="-118.15908000000002"><ele>3094.855189717516</ele></trkpt><trkpt lat="36.3881" lon="-118.15936999999997"><ele>3093.0</ele></trkpt><trkpt lat="36.38827" lon="-118.15960000000001"><ele>3090.022223764207</ele></trkpt><trkpt lat="36.38841" lon="-118.15969999999999"><ele>3089.0</ele></trkpt><trkpt lat="36.38855" lon="-118.15984000000003"><ele>3088.0</ele></trkpt><trkpt lat="36.38893" lon="-118.1601"><ele>3086.0</ele></trkpt><trkpt lat="36.38909" lon="-118.16037"><ele>3086.0</ele></trkpt><trkpt lat="36.3893" lon="-118.16056000000003"><ele>3086.0</ele></trkpt><trkpt lat="36.38964" lon="-118.16098999999997"><ele>3086.0</ele></trkpt><trkpt lat="36.3898" lon="-118.16107"><ele>3085.0</ele></trkpt><trkpt lat="36.39044" lon="-118.16172"><ele>3082.0</ele></trkpt><trkpt lat="36.39072" lon="-118.16188"><ele>3082.0</ele></trkpt><trkpt lat="36.39103" lon="-118.16197999999997"><ele>3083.8929102206603</ele></trkpt><trkpt lat="36.39229" lon="-118.16187000000002"><ele>3083.0</ele></trkpt><trkpt lat="36.39248" lon="-118.16176999999999"><ele>3083.0</ele></trkpt><trkpt lat="36.39273" lon="-118.16156000000001"><ele>3084.0</ele></trkpt><trkpt lat="36.39294" lon="-118.16145"><ele>3085.0</ele></trkpt><trkpt lat="36.39332" lon="-118.16134"><ele>3086.0</ele></trkpt><trkpt lat="36.3936" lon="-118.16118"><ele>3085.0</ele></trkpt><trkpt lat="36.39385" lon="-118.16115000000002"><ele>3084.0</ele></trkpt><trkpt lat="36.39433" lon="-118.16119000000003"><ele>3081.0</ele></trkpt><trkpt lat="36.39464" lon="-118.16127"><ele>3078.0</ele></trkpt><trkpt lat="36.39513" lon="-118.16127"><ele>3078.0</ele></trkpt><trkpt lat="36.39526" lon="-118.16124000000002"><ele>3078.0</ele></trkpt><trkpt lat="36.39559" lon="-118.16107"><ele>3080.0</ele></trkpt><trkpt lat="36.39609" lon="-118.16064"><ele>3082.0</ele></trkpt><trkpt lat="36.39622" lon="-118.16057999999998"><ele>3082.0</ele></trkpt><trkpt lat="36.39658" lon="-118.16053"><ele>3083.0</ele></trkpt><trkpt lat="36.39666" lon="-118.16048999999998"><ele>3083.4820070037104</ele></trkpt><trkpt lat="36.39691" lon="-118.16026"><ele>3083.0</ele></trkpt><trkpt lat="36.39704" lon="-118.16008999999997"><ele>3082.0</ele></trkpt><trkpt lat="36.3971" lon="-118.15993000000003"><ele>3082.0</ele></trkpt><trkpt lat="36.39715" lon="-118.15971000000002"><ele>3081.0</ele></trkpt><trkpt lat="36.39716" lon="-118.15945999999997"><ele>3080.0</ele></trkpt><trkpt lat="36.39724" lon="-118.15888999999999"><ele>3077.0</ele></trkpt><trkpt lat="36.39729" lon="-118.15870000000001"><ele>3076.0</ele></trkpt><trkpt lat="36.39779" lon="-118.15803"><ele>3078.0</ele></trkpt><trkpt lat="36.39786" lon="-118.15789000000001"><ele>3079.0</ele></trkpt><trkpt lat="36.39788" lon="-118.15759000000003"><ele>3079.0</ele></trkpt><trkpt lat="36.39794" lon="-118.15737000000001"><ele>3080.0</ele></trkpt><trkpt lat="36.398" lon="-118.15661999999998"><ele>3084.9287055577174</ele></trkpt><trkpt lat="36.39797" lon="-118.15564999999998"><ele>3082.0</ele></trkpt><trkpt lat="36.39801" lon="-118.15541000000002"><ele>3082.0</ele></trkpt><trkpt lat="36.39803" lon="-118.15507000000002"><ele>3082.0</ele></trkpt><trkpt lat="36.39806" lon="-118.1549"><ele>3081.0</ele></trkpt><trkpt lat="36.39808" lon="-118.15394000000003"><ele>3078.0</ele></trkpt><trkpt lat="36.39812" lon="-118.15372000000002"><ele>3076.0</ele></trkpt><trkpt lat="36.39817" lon="-118.15359999999998"><ele>3074.922021473098</ele></trkpt><trkpt lat="36.39855" lon="-118.15314999999998"><ele>3070.8772531617433</ele></trkpt><trkpt lat="36.39894" lon="-118.15303"><ele>3065.2966047693044</ele></trkpt><trkpt lat="36.3992" lon="-118.15280999999999"><ele>3062.70284022158</ele></trkpt><trkpt lat="36.39934" lon="-118.15251"><ele>3062.0</ele></trkpt><trkpt lat="36.3994" lon="-118.15233"><ele>3060.6628738399595</ele></trkpt><trkpt lat="36.39941" lon="-118.15220999999997"><ele>3060.083877939731</ele></trkpt><trkpt lat="36.39954" lon="-118.15190000000001"><ele>3057.8691377774812</ele></trkpt><trkpt lat="36.40004" lon="-118.15134"><ele>3052.9870420647653</ele></trkpt><trkpt lat="36.40011" lon="-118.15130999999997"><ele>3052.0</ele></trkpt><trkpt lat="36.40022" lon="-118.15130999999997"><ele>3051.0</ele></trkpt><trkpt lat="36.40041" lon="-118.15145000000001"><ele>3048.840657777153</ele></trkpt><trkpt lat="36.40049" lon="-118.15145999999999"><ele>3047.3746240003966</ele></trkpt><trkpt lat="36.40058" lon="-118.15141"><ele>3047.2402238469836</ele></trkpt><trkpt lat="36.40069" lon="-118.15125999999998"><ele>3047.0</ele></trkpt><trkpt lat="36.40072" lon="-118.15116"><ele>3047.0</ele></trkpt><trkpt lat="36.40074" lon="-118.15100000000001"><ele>3047.0767591502517</ele></trkpt><trkpt lat="36.40075" lon="-118.15055000000001"><ele>3043.4977532643825</ele></trkpt><trkpt lat="36.40073" lon="-118.15043000000003"><ele>3042.8705321307416</ele></trkpt><trkpt lat="36.40059" lon="-118.15010999999998"><ele>3039.0</ele></trkpt><trkpt lat="36.40059" lon="-118.14972999999998"><ele>3036.7606710102486</ele></trkpt><trkpt lat="36.40062" lon="-118.14969000000002"><ele>3036.0</ele></trkpt><trkpt lat="36.40126" lon="-118.14949999999999"><ele>3028.717244444415</ele></trkpt><trkpt lat="36.40154" lon="-118.14949999999999"><ele>3026.4732973519713</ele></trkpt><trkpt lat="36.40172" lon="-118.14947000000001"><ele>3025.115345777478</ele></trkpt><trkpt lat="36.40236" lon="-118.14920000000001"><ele>3022.6733496701345</ele></trkpt><trkpt lat="36.40269" lon="-118.14891999999998"><ele>3018.9164057970047</ele></trkpt><trkpt lat="36.40343" lon="-118.14809000000002"><ele>3011.1376001359986</ele></trkpt><trkpt lat="36.4036" lon="-118.14809000000002"><ele>3011.0</ele></trkpt><trkpt lat="36.4036" lon="-118.14809000000002"><ele>3011.0</ele></trkpt><trkpt lat="36.4039" lon="-118.14814999999999"><ele>3008.5640806262413</ele></trkpt><trkpt lat="36.40399" lon="-118.14821999999998"><ele>3009.0</ele></trkpt><trkpt lat="36.40409" lon="-118.14852000000002"><ele>3006.3885546657257</ele></trkpt><trkpt lat="36.40417" lon="-118.14868999999999"><ele>3004.0</ele></trkpt><trkpt lat="36.40429" lon="-118.14886999999999"><ele>3002.5156315283134</ele></trkpt><trkpt lat="36.40435" lon="-118.14926000000003"><ele>2999.8512621680275</ele></trkpt><trkpt lat="36.40442" lon="-118.14945999999998"><ele>2997.9989793560158</ele></trkpt><trkpt lat="36.40466" lon="-118.14949999999999"><ele>2994.7457297980563</ele></trkpt><trkpt lat="36.40523" lon="-118.14934"><ele>2988.173784888815</ele></trkpt><trkpt lat="36.40545" lon="-118.14931999999999"><ele>2987.0</ele></trkpt><trkpt lat="36.40557" lon="-118.14938000000001"><ele>2986.0</ele></trkpt><trkpt lat="36.40568" lon="-118.14954999999998"><ele>2984.0</ele></trkpt><trkpt lat="36.40571" lon="-118.14983000000001"><ele>2983.0</ele></trkpt><trkpt lat="36.40585" lon="-118.15015"><ele>2984.0</ele></trkpt><trkpt lat="36.406" lon="-118.15031999999997"><ele>2982.5093752536923</ele></trkpt><trkpt lat="36.40615" lon="-118.15033"><ele>2982.0</ele></trkpt><trkpt lat="36.4064" lon="-118.15021000000002"><ele>2979.0</ele></trkpt><trkpt lat="36.40658" lon="-118.15019999999998"><ele>2978.0</ele></trkpt><trkpt lat="36.4068" lon="-118.15026999999998"><ele>2976.968949806114</ele></trkpt><trkpt lat="36.40699" lon="-118.15040999999997"><ele>2975.3081706678495</ele></trkpt><trkpt lat="36.4073" lon="-118.15046999999998"><ele>2973.5119680003263</ele></trkpt><trkpt lat="36.40757" lon="-118.15057999999999"><ele>2971.0</ele></trkpt><trkpt lat="36.40781" lon="-118.1506"><ele>2972.4535288889892</ele></trkpt><trkpt lat="36.40792" lon="-118.15069"><ele>2973.0</ele></trkpt><trkpt lat="36.40807" lon="-118.15073999999998"><ele>2975.0</ele></trkpt><trkpt lat="36.4083" lon="-118.15066000000002"><ele>2976.0</ele></trkpt><trkpt lat="36.40837" lon="-118.15053999999998"><ele>2976.0</ele></trkpt><trkpt lat="36.40837" lon="-118.15037000000001"><ele>2975.0</ele></trkpt><trkpt lat="36.4083" lon="-118.15019999999998"><ele>2975.0</ele></trkpt><trkpt lat="36.40839" lon="-118.1499"><ele>2975.0</ele></trkpt><trkpt lat="36.40845" lon="-118.14956999999998"><ele>2973.9904987635045</ele></trkpt><trkpt lat="36.40853" lon="-118.14875999999998"><ele>2972.0</ele></trkpt><trkpt lat="36.40861" lon="-118.14846"><ele>2970.376080447808</ele></trkpt><trkpt lat="36.40868" lon="-118.14803"><ele>2970.0</ele></trkpt><trkpt lat="36.40874" lon="-118.14787000000001"><ele>2971.0</ele></trkpt><trkpt lat="36.40925" lon="-118.14724000000001"><ele>2968.012909345056</ele></trkpt><trkpt lat="36.40941" lon="-118.14697000000001"><ele>2967.6428573851063</ele></trkpt><trkpt lat="36.40941" lon="-118.14697000000001"><ele>2967.6428573851063</ele></trkpt><trkpt lat="36.40966" lon="-118.14639"><ele>2965.5738975033164</ele></trkpt><trkpt lat="36.40982" lon="-118.14567999999997"><ele>2964.3087308052927</ele></trkpt><trkpt lat="36.40996" lon="-118.14526999999998"><ele>2961.201694291085</ele></trkpt><trkpt lat="36.41027" lon="-118.14474000000001"><ele>2960.0</ele></trkpt><trkpt lat="36.41038" lon="-118.14429999999999"><ele>2959.8870469122253</ele></trkpt><trkpt lat="36.41052" lon="-118.14398"><ele>2959.7485680228697</ele></trkpt><trkpt lat="36.41055" lon="-118.14386999999999"><ele>2959.036165602505</ele></trkpt><trkpt lat="36.41051" lon="-118.14366999999999"><ele>2959.0</ele></trkpt><trkpt lat="36.41052" lon="-118.14348000000001"><ele>2958.0</ele></trkpt><trkpt lat="36.41054" lon="-118.14336000000003"><ele>2957.0</ele></trkpt><trkpt lat="36.41048" lon="-118.14299"><ele>2958.0</ele></trkpt><trkpt lat="36.41073" lon="-118.14231999999998"><ele>2957.0</ele></trkpt><trkpt lat="36.41099" lon="-118.14219000000003"><ele>2955.387935998384</ele></trkpt><trkpt lat="36.41148" lon="-118.14210000000003"><ele>2951.105676728339</ele></trkpt><trkpt lat="36.41163" lon="-118.14195999999998"><ele>2952.0</ele></trkpt><trkpt lat="36.41174" lon="-118.14190000000002"><ele>2950.9150746023915</ele></trkpt><trkpt lat="36.4121" lon="-118.14177999999998"><ele>2947.0</ele></trkpt><trkpt lat="36.41248" lon="-118.14134999999999"><ele>2945.2725386470556</ele></trkpt><trkpt lat="36.4127" lon="-118.14098000000001"><ele>2944.4142716605675</ele></trkpt><trkpt lat="36.41275" lon="-118.14084000000003"><ele>2944.0</ele></trkpt><trkpt lat="36.41282" lon="-118.14076999999997"><ele>2943.5833218637854</ele></trkpt><trkpt lat="36.41287" lon="-118.14064000000002"><ele>2943.0</ele></trkpt><trkpt lat="36.41301" lon="-118.14006999999998"><ele>2944.0</ele></trkpt><trkpt lat="36.41306" lon="-118.13914"><ele>2946.0</ele></trkpt><trkpt lat="36.41308322223376" lon="-118.13910284442596"><ele>2946.0</ele></trkpt><trkpt lat="36.41308322223376" lon="-118.13910284442596"><ele>2946.0</ele></trkpt><trkpt lat="36.41321" lon="-118.13890000000004"><ele>2947.0</ele></trkpt><trkpt lat="36.41336" lon="-118.13875999999999"><ele>2947.0</ele></trkpt><trkpt lat="36.41344" lon="-118.13872000000003"><ele>2947.0</ele></trkpt><trkpt lat="36.41379" lon="-118.13868000000002"><ele>2948.0140482311344</ele></trkpt><trkpt lat="36.41457" lon="-118.13871"><ele>2946.0</ele></trkpt><trkpt lat="36.41484" lon="-118.13864999999998"><ele>2947.0</ele></trkpt><trkpt lat="36.41497" lon="-118.13868000000002"><ele>2948.9240151569247</ele></trkpt><trkpt lat="36.41506" lon="-118.13882000000001"><ele>2950.0</ele></trkpt><trkpt lat="36.41517" lon="-118.13886000000002"><ele>2950.7912423062035</ele></trkpt><trkpt lat="36.41523" lon="-118.13882999999998"><ele>2951.9809499625117</ele></trkpt><trkpt lat="36.41529" lon="-118.13873999999998"><ele>2953.4556343853474</ele></trkpt><trkpt lat="36.41536" lon="-118.13871"><ele>2954.0</ele></trkpt><trkpt lat="36.41582" lon="-118.13873000000001"><ele>2954.0</ele></trkpt><trkpt lat="36.41632" lon="-118.13881000000003"><ele>2950.0</ele></trkpt><trkpt lat="36.41665" lon="-118.13893999999999"><ele>2948.0</ele></trkpt><trkpt lat="36.41703" lon="-118.13902999999999"><ele>2947.0</ele></trkpt><trkpt lat="36.41756" lon="-118.13902999999999"><ele>2948.0</ele></trkpt><trkpt lat="36.41804" lon="-118.13908000000004"><ele>2951.7148846220225</ele></trkpt><trkpt lat="36.41857" lon="-118.13927000000001"><ele>2955.0</ele></trkpt><trkpt lat="36.41915" lon="-118.14024"><ele>2958.0</ele></trkpt><trkpt lat="36.41948" lon="-118.14062999999999"><ele>2957.910794666037</ele></trkpt><trkpt lat="36.41974" lon="-118.14085999999998"><ele>2960.1063208308174</ele></trkpt><trkpt lat="36.42011" lon="-118.14165000000003"><ele>2966.553759998642</ele></trkpt><trkpt lat="36.42018" lon="-118.14175999999998"><ele>2965.0</ele></trkpt><trkpt lat="36.4203" lon="-118.14190000000002"><ele>2967.6012537088245</ele></trkpt><trkpt lat="36.42058" lon="-118.14192000000003"><ele>2971.8228486194726</ele></trkpt><trkpt lat="36.42061" lon="-118.14195000000001"><ele>2972.4272533338517</ele></trkpt><trkpt lat="36.42057" lon="-118.14206999999999"><ele>2974.0</ele></trkpt><trkpt lat="36.42065" lon="-118.14234999999996"><ele>2976.880415561023</ele></trkpt><trkpt lat="36.42063" lon="-118.14252999999997"><ele>2978.0</ele></trkpt><trkpt lat="36.42065" lon="-118.14261999999997"><ele>2978.87160724774</ele></trkpt><trkpt lat="36.42085" lon="-118.14309000000003"><ele>2984.2524099152797</ele></trkpt><trkpt lat="36.42098" lon="-118.14332999999999"><ele>2987.0</ele></trkpt><trkpt lat="36.42128" lon="-118.14364"><ele>2986.119940870539</ele></trkpt><trkpt lat="36.42128" lon="-118.14364"><ele>2986.119940870539</ele></trkpt><trkpt lat="36.42147" lon="-118.14381000000003"><ele>2985.677200045971</ele></trkpt><trkpt lat="36.42163" lon="-118.14389"><ele>2984.897966619822</ele></trkpt><trkpt lat="36.42171" lon="-118.14398"><ele>2984.0236852013118</ele></trkpt><trkpt lat="36.42179" lon="-118.14417000000003"><ele>2984.898566270087</ele></trkpt><trkpt lat="36.422" lon="-118.14436"><ele>2982.6983095834426</ele></trkpt><trkpt lat="36.42217" lon="-118.14485000000002"><ele>2986.0554446746874</ele></trkpt><trkpt lat="36.42233" lon="-118.14513999999997"><ele>2986.0</ele></trkpt><trkpt lat="36.42236" lon="-118.14526000000001"><ele>2986.7134416625277</ele></trkpt><trkpt lat="36.42267" lon="-118.14573999999999"><ele>2989.0</ele></trkpt><trkpt lat="36.42342" lon="-118.14621999999997"><ele>2996.0</ele></trkpt><trkpt lat="36.4236" lon="-118.14636999999999"><ele>2994.5750717046726</ele></trkpt><trkpt lat="36.42393" lon="-118.14645999999999"><ele>2997.0</ele></trkpt><trkpt lat="36.4241" lon="-118.14675999999997"><ele>2996.0</ele></trkpt><trkpt lat="36.42417" lon="-118.14697000000001"><ele>2998.0</ele></trkpt><trkpt lat="36.42417" lon="-118.14697000000001"><ele>2998.0</ele></trkpt><trkpt lat="36.42426" lon="-118.14733000000001"><ele>3003.0</ele></trkpt><trkpt lat="36.42427" lon="-118.14771000000002"><ele>3007.0</ele></trkpt><trkpt lat="36.42432" lon="-118.14782000000002"><ele>3009.9937351035287</ele></trkpt><trkpt lat="36.42432" lon="-118.14782000000002"><ele>3009.9937351035287</ele></trkpt><trkpt lat="36.42432" lon="-118.14782000000002"><ele>3009.9937351035287</ele></trkpt><trkpt lat="36.42436" lon="-118.14782000000002"><ele>3010.997193482035</ele></trkpt><trkpt lat="36.42443" lon="-118.14776999999998"><ele>3011.5253158009245</ele></trkpt><trkpt lat="36.42484" lon="-118.14771000000002"><ele>3016.937366725203</ele></trkpt><trkpt lat="36.42492" lon="-118.14762000000002"><ele>3017.118493052253</ele></trkpt><trkpt lat="36.42505" lon="-118.14755000000002"><ele>3018.0</ele></trkpt><trkpt lat="36.42526" lon="-118.14756999999997"><ele>3021.0</ele></trkpt><trkpt lat="36.42534" lon="-118.14762000000002"><ele>3021.668405334465</ele></trkpt><trkpt lat="36.42541" lon="-118.14771000000002"><ele>3022.9234623349926</ele></trkpt><trkpt lat="36.42556" lon="-118.14778000000001"><ele>3025.1249457788654</ele></trkpt><trkpt lat="36.426" lon="-118.14778000000001"><ele>3028.8547582034953</ele></trkpt><trkpt lat="36.42611" lon="-118.14762999999999"><ele>3029.2218199052163</ele></trkpt><trkpt lat="36.42628" lon="-118.14756"><ele>3030.872202666942</ele></trkpt><trkpt lat="36.42649" lon="-118.14735999999999"><ele>3032.6010458110745</ele></trkpt><trkpt lat="36.42693" lon="-118.14704"><ele>3037.0</ele></trkpt><trkpt lat="36.42699" lon="-118.14702"><ele>3037.727049823921</ele></trkpt><trkpt lat="36.42712" lon="-118.14702999999997"><ele>3038.0</ele></trkpt><trkpt lat="36.42719" lon="-118.14713"><ele>3038.0</ele></trkpt><trkpt lat="36.42723" lon="-118.14728000000002"><ele>3038.0</ele></trkpt><trkpt lat="36.42731" lon="-118.14742000000001"><ele>3039.0</ele></trkpt><trkpt lat="36.42733" lon="-118.14753000000002"><ele>3039.236703293398</ele></trkpt><trkpt lat="36.42745" lon="-118.14778000000001"><ele>3042.0</ele></trkpt><trkpt lat="36.42745" lon="-118.14778000000001"><ele>3042.0</ele></trkpt><trkpt lat="36.42745" lon="-118.14778000000001"><ele>3042.0</ele></trkpt><trkpt lat="36.42741" lon="-118.14782000000002"><ele>3043.0</ele></trkpt><trkpt lat="36.42706" lon="-118.14783"><ele>3047.0</ele></trkpt><trkpt lat="36.42667" lon="-118.14825000000002"><ele>3053.0</ele></trkpt><trkpt lat="36.42641" lon="-118.14841999999999"><ele>3056.4975851798936</ele></trkpt><trkpt lat="36.42642" lon="-118.14846999999997"><ele>3057.0</ele></trkpt><trkpt lat="36.42658" lon="-118.14855999999997"><ele>3058.6450726881944</ele></trkpt><trkpt lat="36.42671" lon="-118.14855"><ele>3059.0095466668718</ele></trkpt><trkpt lat="36.42702" lon="-118.14864"><ele>3062.0</ele></trkpt><trkpt lat="36.4271" lon="-118.14873999999998"><ele>3064.0</ele></trkpt><trkpt lat="36.42732" lon="-118.14891"><ele>3066.786762667354</ele></trkpt><trkpt lat="36.42758" lon="-118.14936999999998"><ele>3070.0</ele></trkpt><trkpt lat="36.4277" lon="-118.14954"><ele>3072.0</ele></trkpt><trkpt lat="36.42777" lon="-118.14971000000003"><ele>3074.768902600499</ele></trkpt><trkpt lat="36.42798" lon="-118.14999999999998"><ele>3078.3438168454936</ele></trkpt><trkpt lat="36.42825" lon="-118.15024"><ele>3080.988373038933</ele></trkpt><trkpt lat="36.42831" lon="-118.15037999999998"><ele>3082.0</ele></trkpt><trkpt lat="36.42835" lon="-118.15091000000001"><ele>3087.0</ele></trkpt><trkpt lat="36.42849" lon="-118.15159"><ele>3087.048526784405</ele></trkpt><trkpt lat="36.42846" lon="-118.15190999999999"><ele>3087.0</ele></trkpt><trkpt lat="36.4284" lon="-118.15201000000002"><ele>3085.742766221054</ele></trkpt><trkpt lat="36.42834" lon="-118.15206"><ele>3085.0</ele></trkpt><trkpt lat="36.42809" lon="-118.15211"><ele>3088.216976914555</ele></trkpt><trkpt lat="36.428" lon="-118.15215999999998"><ele>3090.0</ele></trkpt><trkpt lat="36.42793" lon="-118.15223000000003"><ele>3090.9743466516957</ele></trkpt><trkpt lat="36.42792" lon="-118.15229"><ele>3090.3697116281837</ele></trkpt><trkpt lat="36.42796" lon="-118.15237000000002"><ele>3091.7554237207496</ele></trkpt><trkpt lat="36.42797" lon="-118.15246000000002"><ele>3092.1674886755645</ele></trkpt><trkpt lat="36.42787" lon="-118.15265"><ele>3095.9595736041665</ele></trkpt><trkpt lat="36.42786" lon="-118.15303"><ele>3093.5387816857547</ele></trkpt><trkpt lat="36.42775" lon="-118.15343000000001"><ele>3096.0</ele></trkpt><trkpt lat="36.42758" lon="-118.15379000000001"><ele>3100.756577702239</ele></trkpt><trkpt lat="36.42721" lon="-118.15433000000002"><ele>3105.0</ele></trkpt><trkpt lat="36.4272" lon="-118.15440000000001"><ele>3105.4899327747103</ele></trkpt><trkpt lat="36.42726" lon="-118.15472999999997"><ele>3108.0</ele></trkpt><trkpt lat="36.42729" lon="-118.15480000000002"><ele>3109.0</ele></trkpt><trkpt lat="36.42766" lon="-118.15510999999998"><ele>3112.0</ele></trkpt><trkpt lat="36.42770340931622" lon="-118.15513257284442"><ele>3112.8659038092947</ele></trkpt><trkpt lat="36.4278016247058" lon="-118.15518364479561"><ele>3114.0</ele></trkpt><trkpt lat="36.42791" lon="-118.15523999999999"><ele>3114.8625460815306</ele></trkpt><trkpt lat="36.428" lon="-118.15532999999999"><ele>3116.5589909138716</ele></trkpt><trkpt lat="36.42825" lon="-118.156"><ele>3125.0</ele></trkpt><trkpt lat="36.42828" lon="-118.15652"><ele>3130.0</ele></trkpt><trkpt lat="36.42831" lon="-118.15651000000003"><ele>3130.98692412524</ele></trkpt><trkpt lat="36.42842" lon="-118.15625999999997"><ele>3131.0</ele></trkpt><trkpt lat="36.42878" lon="-118.15568000000002"><ele>3135.748674204573</ele></trkpt><trkpt lat="36.42885" lon="-118.15559999999999"><ele>3136.4524797082277</ele></trkpt><trkpt lat="36.429" lon="-118.15548999999999"><ele>3139.0</ele></trkpt><trkpt lat="36.42903" lon="-118.15552000000002"><ele>3139.872865803616</ele></trkpt><trkpt lat="36.429" lon="-118.15625"><ele>3147.0</ele></trkpt><trkpt lat="36.42894" lon="-118.15647999999999"><ele>3147.5811951845694</ele></trkpt><trkpt lat="36.42894" lon="-118.15658000000002"><ele>3149.0037834237814</ele></trkpt><trkpt lat="36.42904" lon="-118.15677"><ele>3151.8254093242485</ele></trkpt><trkpt lat="36.42904" lon="-118.15686"><ele>3152.8626599156596</ele></trkpt><trkpt lat="36.42889" lon="-118.15714000000003"><ele>3154.4126828768003</ele></trkpt><trkpt lat="36.42881" lon="-118.15750000000003"><ele>3157.0</ele></trkpt><trkpt lat="36.42886" lon="-118.1576"><ele>3158.0</ele></trkpt><trkpt lat="36.4289" lon="-118.15762000000001"><ele>3159.0</ele></trkpt><trkpt lat="36.42895" lon="-118.15759000000003"><ele>3160.181031572639</ele></trkpt><trkpt lat="36.42908" lon="-118.15744999999998"><ele>3161.0</ele></trkpt><trkpt lat="36.42922" lon="-118.15735999999998"><ele>3161.0</ele></trkpt><trkpt lat="36.42928" lon="-118.15726000000001"><ele>3160.924967111554</ele></trkpt><trkpt lat="36.42937" lon="-118.15721000000002"><ele>3160.0</ele></trkpt><trkpt lat="36.42958" lon="-118.15722"><ele>3157.994762019053</ele></trkpt><trkpt lat="36.42982" lon="-118.15728999999999"><ele>3154.680993092832</ele></trkpt><trkpt lat="36.43001" lon="-118.15726999999998"><ele>3153.004462490216</ele></trkpt><trkpt lat="36.43013" lon="-118.15722"><ele>3153.939168000128</ele></trkpt><trkpt lat="36.43028" lon="-118.15722"><ele>3153.0</ele></trkpt><trkpt lat="36.43047" lon="-118.15724"><ele>3153.0</ele></trkpt><trkpt lat="36.43052" lon="-118.15733"><ele>3151.0</ele></trkpt><trkpt lat="36.43056" lon="-118.15735000000001"><ele>3151.7487164561844</ele></trkpt><trkpt lat="36.43061" lon="-118.15733999999998"><ele>3152.8342422728274</ele></trkpt><trkpt lat="36.43068" lon="-118.15726999999998"><ele>3154.922133611661</ele></trkpt><trkpt lat="36.43074" lon="-118.15728000000001"><ele>3155.1429653321393</ele></trkpt><trkpt lat="36.43082" lon="-118.15737000000001"><ele>3155.0</ele></trkpt><trkpt lat="36.43083" lon="-118.15742"><ele>3155.0</ele></trkpt><trkpt lat="36.43076" lon="-118.15787"><ele>3153.4346887506545</ele></trkpt><trkpt lat="36.43064" lon="-118.15819999999997"><ele>3152.861768760781</ele></trkpt><trkpt lat="36.43022" lon="-118.15987000000001"><ele>3148.1563946846873</ele></trkpt><trkpt lat="36.43017" lon="-118.16028"><ele>3149.0</ele></trkpt><trkpt lat="36.43" lon="-118.16128000000003"><ele>3148.4134483691305</ele></trkpt><trkpt lat="36.42981" lon="-118.16170999999997"><ele>3149.408205613494</ele></trkpt><trkpt lat="36.42967" lon="-118.16226"><ele>3153.2817059354993</ele></trkpt><trkpt lat="36.4294" lon="-118.1628"><ele>3151.7312260568806</ele></trkpt><trkpt lat="36.42923" lon="-118.16338999999999"><ele>3151.4910399969503</ele></trkpt><trkpt lat="36.42921" lon="-118.16359"><ele>3151.654984271154</ele></trkpt><trkpt lat="36.42929" lon="-118.16413999999997"><ele>3153.0</ele></trkpt><trkpt lat="36.42935" lon="-118.16428000000002"><ele>3154.7640452254564</ele></trkpt><trkpt lat="36.42939" lon="-118.16453999999999"><ele>3155.0809224713594</ele></trkpt><trkpt lat="36.42955" lon="-118.16507000000001"><ele>3158.035768564968</ele></trkpt><trkpt lat="36.42966" lon="-118.16528"><ele>3158.719875095412</ele></trkpt><trkpt lat="36.42972" lon="-118.16565000000003"><ele>3158.0</ele></trkpt><trkpt lat="36.42972" lon="-118.16565000000003"><ele>3158.0</ele></trkpt><trkpt lat="36.42972" lon="-118.16565000000003"><ele>3158.0</ele></trkpt><trkpt lat="36.42965" lon="-118.16588000000002"><ele>3160.0</ele></trkpt><trkpt lat="36.42931" lon="-118.16643999999997"><ele>3163.7439751094207</ele></trkpt><trkpt lat="36.42864" lon="-118.16732999999999"><ele>3166.719298375493</ele></trkpt><trkpt lat="36.42851" lon="-118.1676"><ele>3167.8254452316073</ele></trkpt><trkpt lat="36.428" lon="-118.16826000000003"><ele>3170.3204876382315</ele></trkpt><trkpt lat="36.42771" lon="-118.16895"><ele>3175.4915593625046</ele></trkpt><trkpt lat="36.42771" lon="-118.16895"><ele>3175.4915593625046</ele></trkpt><trkpt lat="36.42734" lon="-118.16985"><ele>3183.7774321493603</ele></trkpt><trkpt lat="36.42702" lon="-118.17032"><ele>3184.9164980242667</ele></trkpt><trkpt lat="36.4268" lon="-118.17084"><ele>3190.0655846633017</ele></trkpt><trkpt lat="36.42665" lon="-118.17101000000002"><ele>3188.0990025578067</ele></trkpt><trkpt lat="36.42571" lon="-118.17311999999998"><ele>3194.93685537631</ele></trkpt><trkpt lat="36.42526" lon="-118.17385000000002"><ele>3198.0</ele></trkpt><trkpt lat="36.42522" lon="-118.17395999999997"><ele>3198.0</ele></trkpt><trkpt lat="36.42522" lon="-118.17413999999997"><ele>3199.0</ele></trkpt><trkpt lat="36.42544" lon="-118.17455000000001"><ele>3197.597687047906</ele></trkpt><trkpt lat="36.42569" lon="-118.17518999999999"><ele>3193.774829035625</ele></trkpt><trkpt lat="36.42577" lon="-118.17530999999997"><ele>3192.931408353238</ele></trkpt><trkpt lat="36.42599" lon="-118.17551000000003"><ele>3193.0</ele></trkpt><trkpt lat="36.42647" lon="-118.17572999999999"><ele>3190.3106453334913</ele></trkpt><trkpt lat="36.42691" lon="-118.17606999999998"><ele>3190.7665340205567</ele></trkpt><trkpt lat="36.42713" lon="-118.17633999999998"><ele>3191.0</ele></trkpt><trkpt lat="36.42713" lon="-118.17633999999998"><ele>3191.0</ele></trkpt><trkpt lat="36.42728" lon="-118.17650000000003"><ele>3192.0</ele></trkpt><trkpt lat="36.42743" lon="-118.17678000000001"><ele>3195.0</ele></trkpt><trkpt lat="36.42813" lon="-118.17743999999999"><ele>3203.0</ele></trkpt><trkpt lat="36.42842" lon="-118.17767000000003"><ele>3206.192629837734</ele></trkpt><trkpt lat="36.42895" lon="-118.17794000000004"><ele>3209.276310826309</ele></trkpt><trkpt lat="36.42915" lon="-118.17809999999997"><ele>3212.114320225127</ele></trkpt><trkpt lat="36.42942" lon="-118.17840000000001"><ele>3217.021837987288</ele></trkpt><trkpt lat="36.42979" lon="-118.17865"><ele>3220.0</ele></trkpt><trkpt lat="36.42977" lon="-118.17867999999999"><ele>3221.1538575946984</ele></trkpt><trkpt lat="36.42926" lon="-118.17858000000001"><ele>3225.5089813340455</ele></trkpt><trkpt lat="36.42908" lon="-118.17849999999999"><ele>3226.683001170894</ele></trkpt><trkpt lat="36.42898" lon="-118.17847999999998"><ele>3226.949600224829</ele></trkpt><trkpt lat="36.42848" lon="-118.17845"><ele>3231.450542222243</ele></trkpt><trkpt lat="36.42811" lon="-118.17849000000001"><ele>3235.314677333925</ele></trkpt><trkpt lat="36.42813" lon="-118.17854"><ele>3236.680312846472</ele></trkpt><trkpt lat="36.42861" lon="-118.17880000000002"><ele>3242.0</ele></trkpt><trkpt lat="36.42885" lon="-118.17896999999999"><ele>3244.881118270103</ele></trkpt><trkpt lat="36.42903" lon="-118.17916000000002"><ele>3246.53894044552</ele></trkpt><trkpt lat="36.4296" lon="-118.17991"><ele>3255.491473778151</ele></trkpt><trkpt lat="36.42965" lon="-118.18002000000001"><ele>3256.530943127785</ele></trkpt><trkpt lat="36.42965" lon="-118.18018999999998"><ele>3257.935358329001</ele></trkpt><trkpt lat="36.42961" lon="-118.18104"><ele>3263.0</ele></trkpt><trkpt lat="36.42992" lon="-118.18187999999998"><ele>3269.2203413378447</ele></trkpt><trkpt lat="36.43014" lon="-118.1823"><ele>3268.933916519466</ele></trkpt><trkpt lat="36.43028" lon="-118.18254000000002"><ele>3271.021490091508</ele></trkpt><trkpt lat="36.43112" lon="-118.18342000000001"><ele>3276.0494317386747</ele></trkpt><trkpt lat="36.43129" lon="-118.18367"><ele>3278.7201742231846</ele></trkpt><trkpt lat="36.43175" lon="-118.18421999999998"><ele>3282.4953670618374</ele></trkpt><trkpt lat="36.43183" lon="-118.18441999999999"><ele>3286.067794124884</ele></trkpt><trkpt lat="36.43198" lon="-118.18450999999999"><ele>3285.8670115554705</ele></trkpt><trkpt lat="36.43237" lon="-118.18504999999999"><ele>3285.331075466144</ele></trkpt><trkpt lat="36.43267" lon="-118.18537000000003"><ele>3281.8807246253564</ele></trkpt><trkpt lat="36.43274" lon="-118.18547999999998"><ele>3280.8763714078814</ele></trkpt><trkpt lat="36.43278" lon="-118.18565000000001"><ele>3280.559392981231</ele></trkpt><trkpt lat="36.43316" lon="-118.18664000000001"><ele>3275.0</ele></trkpt><trkpt lat="36.43319" lon="-118.18675000000002"><ele>3274.810295265168</ele></trkpt><trkpt lat="36.43322" lon="-118.18734"><ele>3276.3001745511715</ele></trkpt><trkpt lat="36.43347" lon="-118.18833000000001"><ele>3273.0</ele></trkpt><trkpt lat="36.43349" lon="-118.18887999999998"><ele>3272.0</ele></trkpt><trkpt lat="36.43345" lon="-118.18914999999998"><ele>3272.7498268336058</ele></trkpt><trkpt lat="36.43348" lon="-118.18973"><ele>3270.0</ele></trkpt><trkpt lat="36.43344" lon="-118.19009"><ele>3270.3290765527636</ele></trkpt><trkpt lat="36.43333" lon="-118.19061999999997"><ele>3270.700818531215</ele></trkpt><trkpt lat="36.4333" lon="-118.19092"><ele>3270.4385647773743</ele></trkpt><trkpt lat="36.4333" lon="-118.19092"><ele>3270.4385647773743</ele></trkpt><trkpt lat="36.43326" lon="-118.19109000000003"><ele>3270.755558727309</ele></trkpt><trkpt lat="36.43325" lon="-118.19153"><ele>3267.3120834715664</ele></trkpt><trkpt lat="36.4332" lon="-118.19187"><ele>3266.0305278323167</ele></trkpt><trkpt lat="36.43313" lon="-118.19211000000001"><ele>3265.2707251178326</ele></trkpt><trkpt lat="36.43308" lon="-118.19241"><ele>3262.1820167209953</ele></trkpt><trkpt lat="36.43298" lon="-118.19277999999997"><ele>3262.0</ele></trkpt><trkpt lat="36.43283" lon="-118.19317000000001"><ele>3262.8476634327308</ele></trkpt><trkpt lat="36.43272" lon="-118.19371999999998"><ele>3263.0319277045023</ele></trkpt><trkpt lat="36.43248" lon="-118.19427999999999"><ele>3265.0</ele></trkpt><trkpt lat="36.43246" lon="-118.19443999999999"><ele>3265.09518696554</ele></trkpt><trkpt lat="36.43247" lon="-118.19477999999998"><ele>3263.2663814883954</ele></trkpt><trkpt lat="36.43246" lon="-118.19493"><ele>3263.0</ele></trkpt><trkpt lat="36.43238" lon="-118.19524000000001"><ele>3264.0</ele></trkpt><trkpt lat="36.4322" lon="-118.19572"><ele>3267.7543441709527</ele></trkpt><trkpt lat="36.43218" lon="-118.19601999999998"><ele>3269.0</ele></trkpt><trkpt lat="36.4322" lon="-118.19637999999998"><ele>3269.1969349420483</ele></trkpt><trkpt lat="36.43235" lon="-118.19718999999998"><ele>3269.0</ele></trkpt><trkpt lat="36.43242" lon="-118.19735000000003"><ele>3268.850462895457</ele></trkpt><trkpt lat="36.4324" lon="-118.19763"><ele>3268.3975487916982</ele></trkpt><trkpt lat="36.43234" lon="-118.1979"><ele>3268.0</ele></trkpt><trkpt lat="36.43185" lon="-118.19898999999998"><ele>3277.0</ele></trkpt><trkpt lat="36.43184" lon="-118.19927999999999"><ele>3278.0016052047968</ele></trkpt><trkpt lat="36.43176" lon="-118.19981000000001"><ele>3280.065036971754</ele></trkpt><trkpt lat="36.43174" lon="-118.20017999999999"><ele>3282.0</ele></trkpt><trkpt lat="36.43181" lon="-118.20058"><ele>3283.0</ele></trkpt><trkpt lat="36.43185" lon="-118.20065"><ele>3283.0</ele></trkpt><trkpt lat="36.43186" lon="-118.20087999999998"><ele>3281.0</ele></trkpt><trkpt lat="36.4319" lon="-118.20116000000002"><ele>3278.532642563805</ele></trkpt><trkpt lat="36.43186" lon="-118.20157"><ele>3278.067426857863</ele></trkpt><trkpt lat="36.43176" lon="-118.20177000000001"><ele>3280.487054859651</ele></trkpt><trkpt lat="36.43171" lon="-118.20195999999999"><ele>3280.9556841978774</ele></trkpt><trkpt lat="36.43153" lon="-118.20226000000002"><ele>3281.0</ele></trkpt><trkpt lat="36.43141" lon="-118.20263"><ele>3280.0</ele></trkpt><trkpt lat="36.43141" lon="-118.20324"><ele>3277.0</ele></trkpt><trkpt lat="36.43138" lon="-118.20334000000003"><ele>3277.0</ele></trkpt><trkpt lat="36.43097" lon="-118.20375999999999"><ele>3276.5877752410242</ele></trkpt><trkpt lat="36.43078" lon="-118.20400999999998"><ele>3276.375390619103</ele></trkpt><trkpt lat="36.43053" lon="-118.20436999999998"><ele>3276.0461051665234</ele></trkpt><trkpt lat="36.43022" lon="-118.20493999999997"><ele>3279.152331481024</ele></trkpt><trkpt lat="36.42956" lon="-118.20537000000002"><ele>3278.92863858838</ele></trkpt><trkpt lat="36.42943" lon="-118.20547999999997"><ele>3277.5376444617286</ele></trkpt><trkpt lat="36.42884" lon="-118.20639"><ele>3276.7728823353536</ele></trkpt><trkpt lat="36.4285" lon="-118.20715000000001"><ele>3276.498170441948</ele></trkpt><trkpt lat="36.42844" lon="-118.20754999999997"><ele>3280.033735832954</ele></trkpt><trkpt lat="36.42841" lon="-118.2079"><ele>3282.292357396591</ele></trkpt><trkpt lat="36.42846" lon="-118.20839000000001"><ele>3286.0522457644156</ele></trkpt><trkpt lat="36.42852" lon="-118.20868000000002"><ele>3288.689111785963</ele></trkpt><trkpt lat="36.42852" lon="-118.20883000000003"><ele>3289.689111785963</ele></trkpt><trkpt lat="36.42845" lon="-118.20951000000002"><ele>3293.634622829035</ele></trkpt><trkpt lat="36.42839" lon="-118.20988999999997"><ele>3297.8200890463777</ele></trkpt><trkpt lat="36.42818" lon="-118.21044999999998"><ele>3301.7545450665057</ele></trkpt><trkpt lat="36.42781" lon="-118.21118000000001"><ele>3304.903946692961</ele></trkpt><trkpt lat="36.42766" lon="-118.21140000000003"><ele>3305.877072332427</ele></trkpt><trkpt lat="36.42761" lon="-118.21152999999998"><ele>3306.0</ele></trkpt><trkpt lat="36.42755" lon="-118.21181999999999"><ele>3307.505804764107</ele></trkpt><trkpt lat="36.4275" lon="-118.21222999999998"><ele>3311.6097770351917</ele></trkpt><trkpt lat="36.42752" lon="-118.21238"><ele>3313.0</ele></trkpt><trkpt lat="36.4276" lon="-118.21258"><ele>3314.0</ele></trkpt><trkpt lat="36.42766" lon="-118.21263999999996"><ele>3315.0</ele></trkpt><trkpt lat="36.4278" lon="-118.21289000000002"><ele>3317.521704190529</ele></trkpt><trkpt lat="36.4278" lon="-118.21289000000002"><ele>3317.521704190529</ele></trkpt><trkpt lat="36.42799" lon="-118.21320000000003"><ele>3321.0</ele></trkpt><trkpt lat="36.42815" lon="-118.21361000000002"><ele>3323.2517471721367</ele></trkpt><trkpt lat="36.42829" lon="-118.21368000000001"><ele>3325.0</ele></trkpt><trkpt lat="36.42832" lon="-118.21373"><ele>3326.104867324233</ele></trkpt><trkpt lat="36.42837" lon="-118.21389999999997"><ele>3328.0</ele></trkpt><trkpt lat="36.42845" lon="-118.21393"><ele>3329.634622829035</ele></trkpt><trkpt lat="36.42857" lon="-118.21413999999999"><ele>3330.0</ele></trkpt><trkpt lat="36.42872" lon="-118.21425999999997"><ele>3331.0</ele></trkpt><trkpt lat="36.42888" lon="-118.21447"><ele>3331.0</ele></trkpt><trkpt lat="36.42895" lon="-118.21452999999997"><ele>3332.0</ele></trkpt><trkpt lat="36.42936" lon="-118.21474"><ele>3330.548742683978</ele></trkpt><trkpt lat="36.42973" lon="-118.21503000000001"><ele>3330.0</ele></trkpt><trkpt lat="36.42985" lon="-118.21506999999997"><ele>3330.0</ele></trkpt><trkpt lat="36.43021" lon="-118.21524999999997"><ele>3331.0</ele></trkpt><trkpt lat="36.43045" lon="-118.21533999999997"><ele>3331.0</ele></trkpt><trkpt lat="36.43104" lon="-118.21530000000001"><ele>3324.0</ele></trkpt><trkpt lat="36.43142" lon="-118.21551999999997"><ele>3323.9622435569763</ele></trkpt><trkpt lat="36.43168" lon="-118.21586000000002"><ele>3319.084792706338</ele></trkpt><trkpt lat="36.43182" lon="-118.21626000000003"><ele>3315.3965108853854</ele></trkpt><trkpt lat="36.43187" lon="-118.21631000000002"><ele>3315.0</ele></trkpt><trkpt lat="36.43203" lon="-118.21636000000001"><ele>3317.0</ele></trkpt><trkpt lat="36.43208" lon="-118.21641"><ele>3317.0</ele></trkpt><trkpt lat="36.43236" lon="-118.21677999999997"><ele>3319.0</ele></trkpt><trkpt lat="36.43251" lon="-118.21733"><ele>3324.0</ele></trkpt><trkpt lat="36.43269" lon="-118.2176"><ele>3326.0</ele></trkpt><trkpt lat="36.43284" lon="-118.21793000000002"><ele>3329.0</ele></trkpt><trkpt lat="36.43292" lon="-118.21802000000002"><ele>3331.0</ele></trkpt><trkpt lat="36.43296" lon="-118.21818999999999"><ele>3331.0</ele></trkpt><trkpt lat="36.43308" lon="-118.21825000000001"><ele>3331.0</ele></trkpt><trkpt lat="36.4333" lon="-118.21846"><ele>3327.0</ele></trkpt><trkpt lat="36.43342" lon="-118.21850999999998"><ele>3325.0</ele></trkpt><trkpt lat="36.43376" lon="-118.21875"><ele>3323.089678965995</ele></trkpt><trkpt lat="36.43398" lon="-118.21910000000003"><ele>3325.950515044853</ele></trkpt><trkpt lat="36.434" lon="-118.21927"><ele>3326.0</ele></trkpt><trkpt lat="36.43421" lon="-118.21965999999998"><ele>3328.0</ele></trkpt><trkpt lat="36.43451" lon="-118.22003999999998"><ele>3331.2050703395876</ele></trkpt><trkpt lat="36.43483" lon="-118.22030999999998"><ele>3335.0</ele></trkpt><trkpt lat="36.43506" lon="-118.22059999999999"><ele>3338.0</ele></trkpt><trkpt lat="36.43544" lon="-118.22102000000001"><ele>3342.0</ele></trkpt><trkpt lat="36.43576" lon="-118.22131000000002"><ele>3341.179969962035</ele></trkpt><trkpt lat="36.43627" lon="-118.22145999999998"><ele>3342.0</ele></trkpt><trkpt lat="36.4364" lon="-118.22141999999997"><ele>3342.0</ele></trkpt><trkpt lat="36.43675" lon="-118.22147000000001"><ele>3342.273332307626</ele></trkpt><trkpt lat="36.43709" lon="-118.22140000000002"><ele>3343.0</ele></trkpt><trkpt lat="36.43728" lon="-118.22129999999999"><ele>3343.0</ele></trkpt><trkpt lat="36.43739" lon="-118.22127999999998"><ele>3343.0</ele></trkpt><trkpt lat="36.43763" lon="-118.22104000000002"><ele>3344.7115982212126</ele></trkpt><trkpt lat="36.43813" lon="-118.22077000000002"><ele>3343.0</ele></trkpt><trkpt lat="36.43832" lon="-118.22060999999997"><ele>3343.48543812313</ele></trkpt><trkpt lat="36.43862" lon="-118.22030000000001"><ele>3343.4127899908585</ele></trkpt><trkpt lat="36.43887391888173" lon="-118.21999380370141"><ele>3343.0</ele></trkpt><trkpt lat="36.43894647226787" lon="-118.21990631288782"><ele>3342.1938521963316</ele></trkpt><trkpt lat="36.43896" lon="-118.21989000000002"><ele>3342.0</ele></trkpt><trkpt lat="36.43896" lon="-118.21989000000002"><ele>3342.0</ele></trkpt><trkpt lat="36.4391" lon="-118.21967999999998"><ele>3342.5114197363123</ele></trkpt><trkpt lat="36.43916" lon="-118.21955000000003"><ele>3343.150631110184</ele></trkpt><trkpt lat="36.4392" lon="-118.21933000000001"><ele>3345.0</ele></trkpt><trkpt lat="36.43937" lon="-118.21913"><ele>3345.0</ele></trkpt><trkpt lat="36.43942" lon="-118.21895999999998"><ele>3345.0</ele></trkpt><trkpt lat="36.43958" lon="-118.21864"><ele>3344.84840804748</ele></trkpt><trkpt lat="36.43976" lon="-118.21848"><ele>3344.0037099873484</ele></trkpt><trkpt lat="36.43981" lon="-118.21825999999999"><ele>3345.511601896988</ele></trkpt><trkpt lat="36.43981251647264" lon="-118.21825396046563"><ele>3345.634116114273</ele></trkpt><trkpt lat="36.439830414448146" lon="-118.21821100533379"><ele>3345.6191389473533</ele></trkpt><trkpt lat="36.43986" lon="-118.21814"><ele>3346.0</ele></trkpt><trkpt lat="36.44018" lon="-118.21753999999999"><ele>3350.0</ele></trkpt><trkpt lat="36.44032" lon="-118.2174"><ele>3350.2740118101465</ele></trkpt><trkpt lat="36.44048" lon="-118.21719000000002"><ele>3352.0698326146826</ele></trkpt><trkpt lat="36.44049" lon="-118.21706"><ele>3354.0</ele></trkpt><trkpt lat="36.4406" lon="-118.21697"><ele>3353.0</ele></trkpt><trkpt lat="36.4407" lon="-118.21695"><ele>3352.0</ele></trkpt><trkpt lat="36.44092" lon="-118.21699999999998"><ele>3350.0</ele></trkpt><trkpt lat="36.44118" lon="-118.21699000000001"><ele>3349.0</ele></trkpt><trkpt lat="36.44164" lon="-118.21724"><ele>3350.0</ele></trkpt><trkpt lat="36.44177" lon="-118.21725000000004"><ele>3350.0</ele></trkpt><trkpt lat="36.44212" lon="-118.21767999999997"><ele>3351.487763753161</ele></trkpt><trkpt lat="36.44236" lon="-118.21785"><ele>3355.0</ele></trkpt><trkpt lat="36.44261" lon="-118.21818999999999"><ele>3356.0</ele></trkpt><trkpt lat="36.44274" lon="-118.21847000000002"><ele>3356.195518112693</ele></trkpt><trkpt lat="36.44293" lon="-118.21859"><ele>3359.0</ele></trkpt><trkpt lat="36.44298" lon="-118.21866"><ele>3359.3090843968093</ele></trkpt><trkpt lat="36.44314" lon="-118.21892000000003"><ele>3359.295335334792</ele></trkpt><trkpt lat="36.44325" lon="-118.21915000000001"><ele>3359.0</ele></trkpt><trkpt lat="36.44338" lon="-118.21926000000002"><ele>3361.161168910321</ele></trkpt><trkpt lat="36.44347" lon="-118.21929999999998"><ele>3363.0</ele></trkpt><trkpt lat="36.44367" lon="-118.21922999999998"><ele>3365.2824037000537</ele></trkpt><trkpt lat="36.44379" lon="-118.21931000000001"><ele>3368.234321607277</ele></trkpt><trkpt lat="36.44388" lon="-118.21946000000003"><ele>3370.448267089203</ele></trkpt><trkpt lat="36.44398" lon="-118.21969999999999"><ele>3373.2415469456464</ele></trkpt><trkpt lat="36.44402" lon="-118.21983999999998"><ele>3375.2036201269357</ele></trkpt><trkpt lat="36.44401" lon="-118.21998000000002"><ele>3376.9795323554426</ele></trkpt><trkpt lat="36.4441" lon="-118.22010999999998"><ele>3378.9574651587936</ele></trkpt><trkpt lat="36.4442" lon="-118.22016000000002"><ele>3380.0</ele></trkpt><trkpt lat="36.44435" lon="-118.22017"><ele>3381.0</ele></trkpt><trkpt lat="36.4447" lon="-118.22024999999996"><ele>3381.0</ele></trkpt><trkpt lat="36.44482" lon="-118.22030999999998"><ele>3380.0</ele></trkpt><trkpt lat="36.44492" lon="-118.22041000000002"><ele>3379.0</ele></trkpt><trkpt lat="36.44497" lon="-118.22041000000002"><ele>3378.375560665567</ele></trkpt><trkpt lat="36.44515" lon="-118.22033999999996"><ele>3376.0</ele></trkpt><trkpt lat="36.44527" lon="-118.22023000000002"><ele>3375.0244735069573</ele></trkpt><trkpt lat="36.44537" lon="-118.22010999999998"><ele>3375.0</ele></trkpt><trkpt lat="36.44541" lon="-118.21998000000002"><ele>3375.9233252186973</ele></trkpt><trkpt lat="36.44546" lon="-118.21996000000001"><ele>3375.059547585784</ele></trkpt><trkpt lat="36.4459" lon="-118.21947"><ele>3374.942603094271</ele></trkpt><trkpt lat="36.44626" lon="-118.21893999999998"><ele>3377.0</ele></trkpt><trkpt lat="36.44636" lon="-118.21886999999998"><ele>3376.736811783051</ele></trkpt><trkpt lat="36.44644" lon="-118.21884999999997"><ele>3375.186614634193</ele></trkpt><trkpt lat="36.44661" lon="-118.21859999999998"><ele>3373.649989894518</ele></trkpt><trkpt lat="36.44681" lon="-118.21854000000002"><ele>3373.1772526033737</ele></trkpt><trkpt lat="36.44703" lon="-118.21832999999998"><ele>3374.0661785896473</ele></trkpt><trkpt lat="36.44715" lon="-118.21829000000002"><ele>3374.870887109544</ele></trkpt><trkpt lat="36.44756" lon="-118.21803"><ele>3377.0</ele></trkpt><trkpt lat="36.44789" lon="-118.21787999999998"><ele>3376.213628919795</ele></trkpt><trkpt lat="36.44808" lon="-118.21766000000002"><ele>3381.0</ele></trkpt><trkpt lat="36.44818" lon="-118.2176"><ele>3381.4493628410537</ele></trkpt><trkpt lat="36.44828" lon="-118.21758999999997"><ele>3381.0</ele></trkpt><trkpt lat="36.44891" lon="-118.21731999999997"><ele>3384.0</ele></trkpt><trkpt lat="36.44926" lon="-118.21731999999997"><ele>3384.2030331852134</ele></trkpt><trkpt lat="36.4496" lon="-118.21724"><ele>3385.8044337774627</ele></trkpt><trkpt lat="36.44993" lon="-118.21722999999997"><ele>3384.3031954779635</ele></trkpt><trkpt lat="36.45013" lon="-118.21715"><ele>3384.9987377771176</ele></trkpt><trkpt lat="36.45043" lon="-118.21712000000002"><ele>3386.396839109715</ele></trkpt><trkpt lat="36.45079" lon="-118.21698000000004"><ele>3387.2013299171394</ele></trkpt><trkpt lat="36.45107" lon="-118.21692999999999"><ele>3387.251480889041</ele></trkpt><trkpt lat="36.45129" lon="-118.21676000000002"><ele>3388.380104511973</ele></trkpt><trkpt lat="36.45176" lon="-118.21623"><ele>3384.892235337291</ele></trkpt><trkpt lat="36.45213" lon="-118.21591000000001"><ele>3387.0</ele></trkpt><trkpt lat="36.4531964628715" lon="-118.21572238153186"><ele>3393.0</ele></trkpt><trkpt lat="36.4531964628715" lon="-118.21572238153186"><ele>3393.0</ele></trkpt><trkpt lat="36.45321" lon="-118.21572000000003"><ele>3393.0</ele></trkpt><trkpt lat="36.45321892833115" lon="-118.21573330890192"><ele>3393.0</ele></trkpt><trkpt lat="36.4533" lon="-118.21564000000001"><ele>3394.36983822193</ele></trkpt><trkpt lat="36.45337000000784" lon="-118.21558999999439"><ele>3395.0</ele></trkpt><trkpt lat="36.45337000000784" lon="-118.21558999999439"><ele>3395.0</ele></trkpt><trkpt lat="36.45344" lon="-118.21554000000003"><ele>3396.0</ele></trkpt><trkpt lat="36.45373" lon="-118.21542"><ele>3398.3774186661467</ele></trkpt><trkpt lat="36.45382" lon="-118.21533999999997"><ele>3397.8677853296</ele></trkpt><trkpt lat="36.45382" lon="-118.21533999999997"><ele>3397.8677853296</ele></trkpt><trkpt lat="36.45389" lon="-118.21527000000003"><ele>3396.3869120017625</ele></trkpt><trkpt lat="36.45402" lon="-118.21524"><ele>3396.9136682511307</ele></trkpt><trkpt lat="36.45413" lon="-118.21518000000003"><ele>3395.250062750992</ele></trkpt><trkpt lat="36.45442" lon="-118.2151"><ele>3389.982804775046</ele></trkpt><trkpt lat="36.45464" lon="-118.21497"><ele>3388.253907036502</ele></trkpt><trkpt lat="36.45463" lon="-118.21492"><ele>3385.3443302102387</ele></trkpt><trkpt lat="36.45427" lon="-118.21492999999998"><ele>3379.6735626300797</ele></trkpt><trkpt lat="36.45425" lon="-118.21488"><ele>3376.21159466682</ele></trkpt><trkpt lat="36.45446" lon="-118.21474999999998"><ele>3373.571832499467</ele></trkpt><trkpt lat="36.45468" lon="-118.21452999999997"><ele>3369.900412443094</ele></trkpt><trkpt lat="36.45477" lon="-118.21434999999997"><ele>3365.8921227790415</ele></trkpt><trkpt lat="36.45514" lon="-118.21380999999997"><ele>3357.881295733598</ele></trkpt><trkpt lat="36.45562" lon="-118.21319"><ele>3350.249275156328</ele></trkpt><trkpt lat="36.4558" lon="-118.21289000000002"><ele>3345.470872889273</ele></trkpt><trkpt lat="36.4558" lon="-118.21289000000002"><ele>3345.470872889273</ele></trkpt><trkpt lat="36.45594" lon="-118.21258"><ele>3342.0040903192844</ele></trkpt><trkpt lat="36.45591" lon="-118.21253000000002"><ele>3339.1270803827792</ele></trkpt><trkpt lat="36.45547" lon="-118.21289000000002"><ele>3333.4100003940985</ele></trkpt><trkpt lat="36.45547" lon="-118.21289000000002"><ele>3333.4100003940985</ele></trkpt><trkpt lat="36.45527" lon="-118.21294999999998"><ele>3329.617934515234</ele></trkpt><trkpt lat="36.45492" lon="-118.21312999999998"><ele>3326.655683554709</ele></trkpt><trkpt lat="36.45483" lon="-118.21321999999998"><ele>3327.7067609066144</ele></trkpt><trkpt lat="36.45475" lon="-118.21325000000002"><ele>3325.4695894876495</ele></trkpt><trkpt lat="36.45431" lon="-118.21334000000002"><ele>3319.442392889876</ele></trkpt><trkpt lat="36.45417" lon="-118.21339999999998"><ele>3317.7075568262785</ele></trkpt><trkpt lat="36.45417" lon="-118.21334999999999"><ele>3316.5595146277155</ele></trkpt><trkpt lat="36.45422" lon="-118.21325000000002"><ele>3315.0</ele></trkpt><trkpt lat="36.45436" lon="-118.21308999999997"><ele>3313.0</ele></trkpt><trkpt lat="36.45454" lon="-118.21296999999998"><ele>3312.199143110309</ele></trkpt><trkpt lat="36.45453" lon="-118.21294"><ele>3310.895452464143</ele></trkpt><trkpt lat="36.45442" lon="-118.21290999999997"><ele>3308.4029404427856</ele></trkpt><trkpt lat="36.45433" lon="-118.21292"><ele>3308.0</ele></trkpt><trkpt lat="36.45412" lon="-118.21303999999998"><ele>3306.8485909599567</ele></trkpt><trkpt lat="36.4541" lon="-118.21299999999997"><ele>3305.3345086764316</ele></trkpt><trkpt lat="36.45411" lon="-118.21294"><ele>3303.801041778177</ele></trkpt><trkpt lat="36.45417" lon="-118.21289000000002"><ele>3303.2900182029216</ele></trkpt><trkpt lat="36.45417" lon="-118.21289000000002"><ele>3303.2900182029216</ele></trkpt><trkpt lat="36.45426" lon="-118.21272999999997"><ele>3301.011903943944</ele></trkpt><trkpt lat="36.45446" lon="-118.21257000000003"><ele>3298.7429342953383</ele></trkpt><trkpt lat="36.45443" lon="-118.21249999999998"><ele>3296.20111296245</ele></trkpt><trkpt lat="36.45427" lon="-118.21260000000001"><ele>3295.97397550037</ele></trkpt><trkpt lat="36.45425" lon="-118.21257000000003"><ele>3294.6688544024805</ele></trkpt><trkpt lat="36.45436" lon="-118.2124"><ele>3292.635217777919</ele></trkpt><trkpt lat="36.45437" lon="-118.21233999999998"><ele>3291.839015110396</ele></trkpt><trkpt lat="36.45424" lon="-118.2124"><ele>3289.8802599392648</ele></trkpt><trkpt lat="36.4542" lon="-118.2124"><ele>3288.7643980484254</ele></trkpt><trkpt lat="36.45421" lon="-118.21235999999999"><ele>3288.0</ele></trkpt><trkpt lat="36.45432" lon="-118.21221000000003"><ele>3287.239630166152</ele></trkpt><trkpt lat="36.45433" lon="-118.21217000000001"><ele>3286.8123305312015</ele></trkpt><trkpt lat="36.45432" lon="-118.21215000000001"><ele>3285.984373333864</ele></trkpt><trkpt lat="36.45425" lon="-118.21215999999998"><ele>3284.5884396784554</ele></trkpt><trkpt lat="36.45411" lon="-118.21228000000002"><ele>3284.0059719375904</ele></trkpt><trkpt lat="36.45395" lon="-118.21235999999999"><ele>3280.7710826667026</ele></trkpt><trkpt lat="36.45346" lon="-118.21228000000002"><ele>3275.020480941769</ele></trkpt><trkpt lat="36.45316" lon="-118.21235000000001"><ele>3271.372074439868</ele></trkpt><trkpt lat="36.45295" lon="-118.21231999999998"><ele>3269.906947554555</ele></trkpt><trkpt lat="36.45295" lon="-118.21226000000001"><ele>3268.1107448898256</ele></trkpt><trkpt lat="36.45313" lon="-118.21208999999999"><ele>3265.4790134026825</ele></trkpt><trkpt lat="36.45309" lon="-118.21204"><ele>3264.034894788507</ele></trkpt><trkpt lat="36.45301" lon="-118.21204999999998"><ele>3264.0</ele></trkpt><trkpt lat="36.45279" lon="-118.21197000000001"><ele>3260.5957653340884</ele></trkpt><trkpt lat="36.45268" lon="-118.21195999999998"><ele>3261.0</ele></trkpt><trkpt lat="36.45237" lon="-118.21176000000003"><ele>3258.5466605091538</ele></trkpt><trkpt lat="36.45229" lon="-118.21154999999999"><ele>3256.0069454045906</ele></trkpt><trkpt lat="36.45221" lon="-118.21143999999998"><ele>3255.0</ele></trkpt><trkpt lat="36.45222" lon="-118.21138000000002"><ele>3254.0</ele></trkpt><trkpt lat="36.45243" lon="-118.2113"><ele>3250.3715022224933</ele></trkpt><trkpt lat="36.45256" lon="-118.21129000000002"><ele>3249.905468445737</ele></trkpt><trkpt lat="36.45259" lon="-118.21125999999998"><ele>3249.0</ele></trkpt><trkpt lat="36.45257" lon="-118.21123"><ele>3248.9217563893717</ele></trkpt><trkpt lat="36.45239" lon="-118.21113000000003"><ele>3246.733774245011</ele></trkpt><trkpt lat="36.45236" lon="-118.21105"><ele>3245.720657778438</ele></trkpt><trkpt lat="36.4524" lon="-118.21100000000001"><ele>3244.390488889534</ele></trkpt><trkpt lat="36.45274" lon="-118.21086000000003"><ele>3240.0</ele></trkpt><trkpt lat="36.45285" lon="-118.21069"><ele>3238.0</ele></trkpt><trkpt lat="36.45292" lon="-118.21062999999998"><ele>3237.0</ele></trkpt><trkpt lat="36.45295" lon="-118.21053999999998"><ele>3236.0</ele></trkpt><trkpt lat="36.45294" lon="-118.21026"><ele>3233.0</ele></trkpt><trkpt lat="36.45291" lon="-118.21019999999999"><ele>3232.0</ele></trkpt><trkpt lat="36.45283" lon="-118.21014000000002"><ele>3230.9837456843265</ele></trkpt><trkpt lat="36.4528" lon="-118.21006999999997"><ele>3229.275798476975</ele></trkpt><trkpt lat="36.45285" lon="-118.20994000000002"><ele>3228.0</ele></trkpt><trkpt lat="36.45308" lon="-118.20969000000002"><ele>3225.9845389736993</ele></trkpt><trkpt lat="36.4531" lon="-118.20960000000002"><ele>3225.675445406346</ele></trkpt><trkpt lat="36.45309" lon="-118.20929000000001"><ele>3220.7393827219494</ele></trkpt><trkpt lat="36.45317" lon="-118.20904000000002"><ele>3219.6913602521026</ele></trkpt><trkpt lat="36.45317" lon="-118.20889"><ele>3217.0</ele></trkpt><trkpt lat="36.45324" lon="-118.20883000000003"><ele>3217.9154777372005</ele></trkpt><trkpt lat="36.45332" lon="-118.20861000000002"><ele>3214.3752226685174</ele></trkpt><trkpt lat="36.45368" lon="-118.20812000000001"><ele>3211.359044495748</ele></trkpt><trkpt lat="36.45365" lon="-118.2081"><ele>3210.0</ele></trkpt><trkpt lat="36.45358" lon="-118.20814000000001"><ele>3209.490811067597</ele></trkpt><trkpt lat="36.45357" lon="-118.20811000000003"><ele>3208.6019780220636</ele></trkpt><trkpt lat="36.45361" lon="-118.20801"><ele>3206.2157726860605</ele></trkpt><trkpt lat="36.45372" lon="-118.20784000000003"><ele>3205.1238151127473</ele></trkpt><trkpt lat="36.45398" lon="-118.20763"><ele>3204.7396448573045</ele></trkpt><trkpt lat="36.454" lon="-118.20758999999998"><ele>3203.472970665898</ele></trkpt><trkpt lat="36.45397" lon="-118.20757000000003"><ele>3202.0150597217707</ele></trkpt><trkpt lat="36.45384" lon="-118.20765"><ele>3201.1334048698136</ele></trkpt><trkpt lat="36.45367" lon="-118.20767999999998"><ele>3198.3130610389635</ele></trkpt><trkpt lat="36.45365" lon="-118.20763"><ele>3196.1641654794225</ele></trkpt><trkpt lat="36.4538" lon="-118.20751999999999"><ele>3196.037511142718</ele></trkpt><trkpt lat="36.45376" lon="-118.20749"><ele>3194.699186041869</ele></trkpt><trkpt lat="36.45355" lon="-118.20756"><ele>3192.7159691802835</ele></trkpt><trkpt lat="36.45353" lon="-118.20751999999999"><ele>3192.0</ele></trkpt><trkpt lat="36.45354" lon="-118.20747"><ele>3190.8941311087624</ele></trkpt><trkpt lat="36.45368" lon="-118.2074"><ele>3190.7042763136105</ele></trkpt><trkpt lat="36.45389" lon="-118.20718"><ele>3188.1435364532754</ele></trkpt><trkpt lat="36.45387" lon="-118.20713999999998"><ele>3185.501450665761</ele></trkpt><trkpt lat="36.45372" lon="-118.20717000000002"><ele>3184.899552001152</ele></trkpt><trkpt lat="36.4537" lon="-118.20713999999998"><ele>3182.8854395565577</ele></trkpt><trkpt lat="36.4537" lon="-118.20709"><ele>3182.0</ele></trkpt><trkpt lat="36.45387" lon="-118.20704"><ele>3181.841112888884</ele></trkpt><trkpt lat="36.45386" lon="-118.20700999999997"><ele>3180.097425230313</ele></trkpt><trkpt lat="36.45382" lon="-118.20699000000002"><ele>3179.0</ele></trkpt><trkpt lat="36.45375" lon="-118.20700999999997"><ele>3179.4430115544237</ele></trkpt><trkpt lat="36.45372" lon="-118.20697999999999"><ele>3178.0243768613527</ele></trkpt><trkpt lat="36.45374" lon="-118.20695"><ele>3177.453796779661</ele></trkpt><trkpt lat="36.45408" lon="-118.20679999999999"><ele>3174.656302221585</ele></trkpt><trkpt lat="36.454" lon="-118.20672000000002"><ele>3169.928032000549</ele></trkpt><trkpt lat="36.45396" lon="-118.20675"><ele>3170.3261333336122</ele></trkpt><trkpt lat="36.4539" lon="-118.20672000000002"><ele>3168.928032000549</ele></trkpt><trkpt lat="36.4539" lon="-118.20664999999997"><ele>3165.6657955539413</ele></trkpt><trkpt lat="36.45422" lon="-118.20658000000003"><ele>3165.4035591129214</ele></trkpt><trkpt lat="36.45428" lon="-118.20652999999999"><ele>3164.073390221689</ele></trkpt><trkpt lat="36.45425" lon="-118.20649000000003"><ele>3162.0</ele></trkpt><trkpt lat="36.45379" lon="-118.20641"><ele>3156.4809848894365</ele></trkpt><trkpt lat="36.45336" lon="-118.20646999999997"><ele>3154.2771875541657</ele></trkpt><trkpt lat="36.45305" lon="-118.20645999999999"><ele>3150.586533006146</ele></trkpt><trkpt lat="36.45296" lon="-118.20641"><ele>3149.0</ele></trkpt><trkpt lat="36.45293" lon="-118.20634999999999"><ele>3147.5275131351127</ele></trkpt><trkpt lat="36.45296" lon="-118.20632"><ele>3146.6494200714696</ele></trkpt><trkpt lat="36.45311" lon="-118.20631000000003"><ele>3147.163688545804</ele></trkpt><trkpt lat="36.45322" lon="-118.20623"><ele>3145.0923768891953</ele></trkpt><trkpt lat="36.45341" lon="-118.20621"><ele>3144.1603093333542</ele></trkpt><trkpt lat="36.45342" lon="-118.20618000000002"><ele>3143.1225565916134</ele></trkpt><trkpt lat="36.45338" lon="-118.20614999999998"><ele>3142.0</ele></trkpt><trkpt lat="36.45321" lon="-118.20609000000002"><ele>3140.9971619702596</ele></trkpt><trkpt lat="36.45326" lon="-118.20601999999997"><ele>3138.3056675540283</ele></trkpt><trkpt lat="36.45342" lon="-118.20601999999997"><ele>3138.3056675540283</ele></trkpt><trkpt lat="36.45319" lon="-118.20591999999999"><ele>3135.6453297771513</ele></trkpt><trkpt lat="36.45317" lon="-118.20586000000003"><ele>3133.849127112888</ele></trkpt><trkpt lat="36.45324" lon="-118.20580999999999"><ele>3132.0</ele></trkpt><trkpt lat="36.45348" lon="-118.20583999999997"><ele>3130.3327220123792</ele></trkpt><trkpt lat="36.45381" lon="-118.20573000000002"><ele>3126.7906880006194</ele></trkpt><trkpt lat="36.45404" lon="-118.2056"><ele>3124.732248889748</ele></trkpt><trkpt lat="36.45432" lon="-118.20537000000002"><ele>3120.316327671596</ele></trkpt><trkpt lat="36.45452" lon="-118.20524999999998"><ele>3120.3769043781995</ele></trkpt><trkpt lat="36.45469" lon="-118.20510999999999"><ele>3119.973636497737</ele></trkpt><trkpt lat="36.45521" lon="-118.20436000000001"><ele>3110.0</ele></trkpt><trkpt lat="36.45527" lon="-118.20424000000003"><ele>3109.0</ele></trkpt><trkpt lat="36.45528" lon="-118.20416"><ele>3108.0</ele></trkpt><trkpt lat="36.45522" lon="-118.20395000000002"><ele>3107.0</ele></trkpt><trkpt lat="36.45507" lon="-118.20312999999999"><ele>3101.0</ele></trkpt><trkpt lat="36.45495" lon="-118.20283999999998"><ele>3099.0</ele></trkpt><trkpt lat="36.45488" lon="-118.20256"><ele>3096.0437068913384</ele></trkpt><trkpt lat="36.45487" lon="-118.20242999999999"><ele>3095.174411520362</ele></trkpt><trkpt lat="36.45476" lon="-118.20202999999998"><ele>3092.0</ele></trkpt><trkpt lat="36.45455" lon="-118.20155999999997"><ele>3087.0</ele></trkpt><trkpt lat="36.45454" lon="-118.20145000000002"><ele>3086.364461199921</ele></trkpt><trkpt lat="36.45441" lon="-118.20132000000001"><ele>3085.0</ele></trkpt><trkpt lat="36.45427" lon="-118.20132000000001"><ele>3084.0</ele></trkpt><trkpt lat="36.45417" lon="-118.20125999999999"><ele>3082.2916913045497</ele></trkpt><trkpt lat="36.45394" lon="-118.20101"><ele>3078.2896332405508</ele></trkpt><trkpt lat="36.45383" lon="-118.20095000000003"><ele>3076.9162075724453</ele></trkpt><trkpt lat="36.4538" lon="-118.20089999999999"><ele>3076.0</ele></trkpt><trkpt lat="36.45383" lon="-118.20064000000002"><ele>3075.0</ele></trkpt><trkpt lat="36.4538" lon="-118.20023000000003"><ele>3072.0</ele></trkpt><trkpt lat="36.45384" lon="-118.19972000000001"><ele>3068.0</ele></trkpt><trkpt lat="36.45397" lon="-118.19934999999998"><ele>3067.0</ele></trkpt><trkpt lat="36.45409" lon="-118.19888000000003"><ele>3064.0</ele></trkpt><trkpt lat="36.45409" lon="-118.19869"><ele>3063.0</ele></trkpt><trkpt lat="36.45404" lon="-118.19844999999998"><ele>3063.0</ele></trkpt><trkpt lat="36.45388" lon="-118.19803000000002"><ele>3060.0</ele></trkpt><trkpt lat="36.4537" lon="-118.19776000000002"><ele>3060.0</ele></trkpt><trkpt lat="36.45341" lon="-118.19741999999997"><ele>3058.0</ele></trkpt><trkpt lat="36.45332" lon="-118.19713999999999"><ele>3057.0</ele></trkpt><trkpt lat="36.45318" lon="-118.19695000000002"><ele>3055.7118012088736</ele></trkpt><trkpt lat="36.45312" lon="-118.19682"><ele>3054.0</ele></trkpt><trkpt lat="36.45311" lon="-118.19648000000001"><ele>3052.0</ele></trkpt><trkpt lat="36.45302" lon="-118.19614000000001"><ele>3050.0</ele></trkpt><trkpt lat="36.45303" lon="-118.19576999999998"><ele>3048.0</ele></trkpt><trkpt lat="36.45302482590523" lon="-118.1957286072419"><ele>3047.0</ele></trkpt><trkpt lat="36.45302606803054" lon="-118.19573854424118"><ele>3047.155100721866</ele></trkpt><trkpt lat="36.45301" lon="-118.19560999999999"><ele>3046.0</ele></trkpt><trkpt lat="36.45291" lon="-118.19537000000003"><ele>3044.0</ele></trkpt><trkpt lat="36.4529" lon="-118.19511"><ele>3043.0</ele></trkpt><trkpt lat="36.45282" lon="-118.19490000000002"><ele>3042.0</ele></trkpt><trkpt lat="36.45279" lon="-118.19459999999998"><ele>3041.0</ele></trkpt><trkpt lat="36.45267" lon="-118.19443000000001"><ele>3039.0</ele></trkpt><trkpt lat="36.45247" lon="-118.19430999999997"><ele>3038.0</ele></trkpt><trkpt lat="36.45222" lon="-118.19382999999999"><ele>3037.0</ele></trkpt><trkpt lat="36.4521" lon="-118.19348000000002"><ele>3035.0</ele></trkpt><trkpt lat="36.45209" lon="-118.19337000000002"><ele>3034.772938667331</ele></trkpt><trkpt lat="36.45219" lon="-118.19326000000001"><ele>3035.8952968325466</ele></trkpt><trkpt lat="36.45219" lon="-118.19319000000002"><ele>3035.8952968325466</ele></trkpt><trkpt lat="36.45218" lon="-118.19310999999999"><ele>3035.315907197073</ele></trkpt><trkpt lat="36.45209" lon="-118.19290000000001"><ele>3035.0</ele></trkpt><trkpt lat="36.45217" lon="-118.19252"><ele>3036.0</ele></trkpt><trkpt lat="36.45225" lon="-118.19234"><ele>3036.371636208147</ele></trkpt><trkpt lat="36.45227" lon="-118.19218999999998"><ele>3037.0</ele></trkpt><trkpt lat="36.45227" lon="-118.19186000000002"><ele>3036.530416596681</ele></trkpt><trkpt lat="36.45223" lon="-118.19160999999997"><ele>3036.212856117636</ele></trkpt><trkpt lat="36.4521" lon="-118.19132000000002"><ele>3035.0</ele></trkpt><trkpt lat="36.45206" lon="-118.19112999999999"><ele>3035.0</ele></trkpt><trkpt lat="36.45208" lon="-118.19092"><ele>3035.0</ele></trkpt><trkpt lat="36.45208" lon="-118.19092"><ele>3035.0</ele></trkpt><trkpt lat="36.45215" lon="-118.19078000000002"><ele>3036.0</ele></trkpt><trkpt lat="36.45244" lon="-118.19038999999998"><ele>3038.0</ele></trkpt><trkpt lat="36.45248" lon="-118.19009"><ele>3038.0</ele></trkpt><trkpt lat="36.45258" lon="-118.18986999999998"><ele>3039.0</ele></trkpt><trkpt lat="36.45263" lon="-118.18968999999998"><ele>3039.0</ele></trkpt><trkpt lat="36.45264" lon="-118.18937"><ele>3040.0</ele></trkpt><trkpt lat="36.45271" lon="-118.18917999999996"><ele>3042.0</ele></trkpt><trkpt lat="36.45267" lon="-118.18882000000002"><ele>3042.0</ele></trkpt><trkpt lat="36.45268" lon="-118.18858"><ele>3041.1549471056387</ele></trkpt><trkpt lat="36.45288" lon="-118.18824000000001"><ele>3040.6092666562536</ele></trkpt><trkpt lat="36.45301" lon="-118.18788"><ele>3040.0</ele></trkpt><trkpt lat="36.45306" lon="-118.18748"><ele>3039.084405368788</ele></trkpt><trkpt lat="36.45305" lon="-118.18684999999999"><ele>3038.0</ele></trkpt><trkpt lat="36.45268" lon="-118.18588999999997"><ele>3036.0</ele></trkpt><trkpt lat="36.45193" lon="-118.18493999999998"><ele>3033.0</ele></trkpt><trkpt lat="36.45163" lon="-118.18470000000002"><ele>3032.0</ele></trkpt><trkpt lat="36.45145" lon="-118.18444999999997"><ele>3031.930654422117</ele></trkpt><trkpt lat="36.45107" lon="-118.18385"><ele>3031.0</ele></trkpt><trkpt lat="36.45086" lon="-118.18322999999998"><ele>3032.0</ele></trkpt><trkpt lat="36.45073" lon="-118.18294000000003"><ele>3032.0</ele></trkpt><trkpt lat="36.45019" lon="-118.1823"><ele>3030.0</ele></trkpt><trkpt lat="36.44953" lon="-118.18123000000003"><ele>3028.0</ele></trkpt><trkpt lat="36.44917" lon="-118.18043"><ele>3026.2536185602853</ele></trkpt><trkpt lat="36.44885" lon="-118.17955999999998"><ele>3025.0</ele></trkpt><trkpt lat="36.44866" lon="-118.17935999999997"><ele>3023.0</ele></trkpt><trkpt lat="36.44837" lon="-118.17925000000002"><ele>3020.6875585290327</ele></trkpt><trkpt lat="36.44827" lon="-118.17917999999997"><ele>3020.0</ele></trkpt><trkpt lat="36.44813" lon="-118.17883"><ele>3019.0</ele></trkpt><trkpt lat="36.44818" lon="-118.17802"><ele>3022.5660436078906</ele></trkpt><trkpt lat="36.44808" lon="-118.17635999999999"><ele>3025.772450124845</ele></trkpt><trkpt lat="36.44815" lon="-118.17597"><ele>3026.7237781074064</ele></trkpt><trkpt lat="36.44815" lon="-118.17597"><ele>3026.7237781074064</ele></trkpt><trkpt lat="36.44815" lon="-118.17597"><ele>3026.7237781074064</ele></trkpt><trkpt lat="36.44818" lon="-118.17527000000001"><ele>3027.0</ele></trkpt><trkpt lat="36.44817" lon="-118.17496"><ele>3027.0</ele></trkpt><trkpt lat="36.44809" lon="-118.17457000000002"><ele>3027.0</ele></trkpt><trkpt lat="36.44808" lon="-118.17413999999997"><ele>3027.0</ele></trkpt><trkpt lat="36.44811" lon="-118.17362000000003"><ele>3027.0</ele></trkpt><trkpt lat="36.44808" lon="-118.17341999999996"><ele>3027.0</ele></trkpt><trkpt lat="36.44811" lon="-118.17302000000001"><ele>3027.0</ele></trkpt><trkpt lat="36.44802" lon="-118.17261000000002"><ele>3027.0</ele></trkpt><trkpt lat="36.44805" lon="-118.17203999999998"><ele>3027.7324158931106</ele></trkpt><trkpt lat="36.44816" lon="-118.17176999999998"><ele>3028.0</ele></trkpt><trkpt lat="36.44831" lon="-118.17147"><ele>3029.0</ele></trkpt><trkpt lat="36.44842" lon="-118.17106000000001"><ele>3029.4980000468477</ele></trkpt><trkpt lat="36.44834" lon="-118.17063999999999"><ele>3029.0</ele></trkpt><trkpt lat="36.44834" lon="-118.17063999999999"><ele>3029.0</ele></trkpt><trkpt lat="36.44834" lon="-118.17063999999999"><ele>3029.0</ele></trkpt><trkpt lat="36.44828434451147" lon="-118.17064654770456"><ele>3028.0</ele></trkpt></trkseg></trk></gpx>