<?xml version="1.0"?>
<gpx xmlns="http://www.topografix.com/GPX/1/1" xmlns:gpxx="http://www.garmin.com/xmlschemas/GpxExtensions/v3" creator="CALTOPO" version="1.1"><metadata><name><![CDATA[Sonora Pass-Disaster Creek]]></name></metadata><wpt lat="38.329394730030735" lon="-119.63520959457841"><name>Sonora Pass Trailhead</name></wpt><wpt lat="38.410715607733756" lon="-119.66528118961065"><name>Camp</name></wpt><trk><name>Sonora Pass-Disaster Creek</name><trkseg><trkpt lat="38.329397919892024" lon="-119.63522763276649"><ele>2931.0</ele></trkpt><trkpt lat="38.329528372798414" lon="-119.63528664136481"><ele>2931.0</ele></trkpt><trkpt lat="38.329633576584136" lon="-119.6353563787992"><ele>2931.0</ele></trkpt><trkpt lat="38.32963090712752" lon="-119.63536454434637"><ele>2931.0</ele></trkpt><trkpt lat="38.32966" lon="-119.63538"><ele>2930.926998634507</ele></trkpt><trkpt lat="38.32966" lon="-119.63538"><ele>2930.926998634507</ele></trkpt><trkpt lat="38.32977" lon="-119.63551000000001"><ele>2929.63183288835</ele></trkpt><trkpt lat="38.329784360807615" lon="-119.63553961916568"><ele>2929.0</ele></trkpt><trkpt lat="38.3297858661528" lon="-119.63554272390763"><ele>2929.0</ele></trkpt><trkpt lat="38.32993" lon="-119.63584000000003"><ele>2926.049368607708</ele></trkpt><trkpt lat="38.32993" lon="-119.63584000000003"><ele>2926.049368607708</ele></trkpt><trkpt lat="38.3301" lon="-119.63592"><ele>2928.954421444504</ele></trkpt><trkpt lat="38.33035054369223" lon="-119.63596518001009"><ele>2931.8772242898094</ele></trkpt><trkpt lat="38.33035054369223" lon="-119.63596518001009"><ele>2931.8772242898094</ele></trkpt><trkpt lat="38.33058541463076" lon="-119.63600753378591"><ele>2933.8569515529107</ele></trkpt><trkpt lat="38.33059027978513" lon="-119.63600841107313"><ele>2934.012632838798</ele></trkpt><trkpt lat="38.33071" lon="-119.63603"><ele>2935.398076443933</ele></trkpt><trkpt lat="38.33117" lon="-119.63605999999999"><ele>2942.9999751113355</ele></trkpt><trkpt lat="38.33137" lon="-119.63614000000001"><ele>2945.5296406614534</ele></trkpt><trkpt lat="38.33152" lon="-119.63628"><ele>2946.747231999412</ele></trkpt><trkpt lat="38.33165" lon="-119.63623999999999"><ele>2947.61136711156</ele></trkpt><trkpt lat="38.33175" lon="-119.63614000000001"><ele>2950.0</ele></trkpt><trkpt lat="38.33186" lon="-119.63608999999997"><ele>2950.321912163584</ele></trkpt><trkpt lat="38.33196" lon="-119.63598000000002"><ele>2951.889615474862</ele></trkpt><trkpt lat="38.33216" lon="-119.63585999999998"><ele>2955.3206506678835</ele></trkpt><trkpt lat="38.33237" lon="-119.63549999999998"><ele>2954.0</ele></trkpt><trkpt lat="38.33258" lon="-119.63558"><ele>2954.0890113430464</ele></trkpt><trkpt lat="38.33292" lon="-119.63558999999998"><ele>2952.903562667314</ele></trkpt><trkpt lat="38.33315" lon="-119.63562999999999"><ele>2951.039427555632</ele></trkpt><trkpt lat="38.33334" lon="-119.63562000000002"><ele>2950.5054613319226</ele></trkpt><trkpt lat="38.33346" lon="-119.63558"><ele>2950.0</ele></trkpt><trkpt lat="38.33359" lon="-119.63533999999999"><ele>2948.753671137616</ele></trkpt><trkpt lat="38.3337" lon="-119.63502"><ele>2947.10208475024</ele></trkpt><trkpt lat="38.33373" lon="-119.63479999999998"><ele>2946.436011776328</ele></trkpt><trkpt lat="38.3339" lon="-119.63479000000001"><ele>2944.1862648883834</ele></trkpt><trkpt lat="38.33408" lon="-119.63490999999999"><ele>2942.5938595556654</ele></trkpt><trkpt lat="38.33417" lon="-119.63491999999997"><ele>2942.127825778909</ele></trkpt><trkpt lat="38.33452" lon="-119.63486"><ele>2940.0</ele></trkpt><trkpt lat="38.33485" lon="-119.63457"><ele>2936.9406236561586</ele></trkpt><trkpt lat="38.33494" lon="-119.63441"><ele>2936.0</ele></trkpt><trkpt lat="38.33515" lon="-119.63437999999996"><ele>2936.0</ele></trkpt><trkpt lat="38.33529" lon="-119.63427000000001"><ele>2934.8564172736114</ele></trkpt><trkpt lat="38.33544" lon="-119.63407000000001"><ele>2934.6225163852127</ele></trkpt><trkpt lat="38.3355" lon="-119.63393000000002"><ele>2934.2756466735154</ele></trkpt><trkpt lat="38.33565" lon="-119.63376"><ele>2934.0682699612203</ele></trkpt><trkpt lat="38.33591" lon="-119.63367"><ele>2933.4338944121514</ele></trkpt><trkpt lat="38.33608" lon="-119.63380000000001"><ele>2935.0</ele></trkpt><trkpt lat="38.33642" lon="-119.63393000000002"><ele>2936.548074092144</ele></trkpt><trkpt lat="38.33644" lon="-119.63398999999998"><ele>2937.7998801200947</ele></trkpt><trkpt lat="38.33642" lon="-119.63409000000001"><ele>2938.0</ele></trkpt><trkpt lat="38.33644" lon="-119.63416000000001"><ele>2938.573275236413</ele></trkpt><trkpt lat="38.33654" lon="-119.63425999999998"><ele>2938.4300091462173</ele></trkpt><trkpt lat="38.33674" lon="-119.63428999999996"><ele>2939.691518662249</ele></trkpt><trkpt lat="38.33693" lon="-119.63427000000001"><ele>2939.4200213323347</ele></trkpt><trkpt lat="38.33708" lon="-119.63434999999998"><ele>2942.0</ele></trkpt><trkpt lat="38.33737" lon="-119.63443000000001"><ele>2944.8287727311254</ele></trkpt><trkpt lat="38.33746" lon="-119.63470999999998"><ele>2944.0</ele></trkpt><trkpt lat="38.33754" lon="-119.63477"><ele>2942.1806516252173</ele></trkpt><trkpt lat="38.33769" lon="-119.63467000000003"><ele>2942.841581042856</ele></trkpt><trkpt lat="38.3377" lon="-119.63497000000001"><ele>2944.435732655227</ele></trkpt><trkpt lat="38.33784" lon="-119.63524000000001"><ele>2947.1618884071518</ele></trkpt><trkpt lat="38.33806" lon="-119.6354"><ele>2949.625704679377</ele></trkpt><trkpt lat="38.3382" lon="-119.63544999999999"><ele>2950.0</ele></trkpt><trkpt lat="38.33836" lon="-119.63540999999998"><ele>2948.3500795811415</ele></trkpt><trkpt lat="38.33843" lon="-119.63544000000002"><ele>2947.0</ele></trkpt><trkpt lat="38.33898" lon="-119.63580999999999"><ele>2948.0</ele></trkpt><trkpt lat="38.33921" lon="-119.63589000000002"><ele>2950.0</ele></trkpt><trkpt lat="38.33931" lon="-119.63592"><ele>2951.0</ele></trkpt><trkpt lat="38.33939" lon="-119.63587999999999"><ele>2952.0</ele></trkpt><trkpt lat="38.33958" lon="-119.63569000000001"><ele>2957.104202521964</ele></trkpt><trkpt lat="38.33969" lon="-119.63554999999997"><ele>2960.0</ele></trkpt><trkpt lat="38.33998" lon="-119.63504"><ele>2968.0</ele></trkpt><trkpt lat="38.34006" lon="-119.63500999999997"><ele>2969.9335217787884</ele></trkpt><trkpt lat="38.34014" lon="-119.63490999999999"><ele>2972.4268637525097</ele></trkpt><trkpt lat="38.34046" lon="-119.63468999999998"><ele>2980.8466026675887</ele></trkpt><trkpt lat="38.34066" lon="-119.63440000000003"><ele>2984.361582220532</ele></trkpt><trkpt lat="38.34077" lon="-119.63428999999996"><ele>2985.0760450955827</ele></trkpt><trkpt lat="38.34083" lon="-119.6343"><ele>2986.409217592329</ele></trkpt><trkpt lat="38.34085" lon="-119.63441999999998"><ele>2986.0</ele></trkpt><trkpt lat="38.3409" lon="-119.63445999999999"><ele>2986.0</ele></trkpt><trkpt lat="38.34126" lon="-119.63457"><ele>2989.439007999841</ele></trkpt><trkpt lat="38.34134" lon="-119.63457"><ele>2990.0</ele></trkpt><trkpt lat="38.34146" lon="-119.63475"><ele>2993.0</ele></trkpt><trkpt lat="38.34166" lon="-119.63488999999998"><ele>2996.0</ele></trkpt><trkpt lat="38.34166" lon="-119.63488999999998"><ele>2996.0</ele></trkpt><trkpt lat="38.34188" lon="-119.63499999999999"><ele>2997.0</ele></trkpt><trkpt lat="38.34190324964328" lon="-119.63498309116852"><ele>2998.179750099778</ele></trkpt><trkpt lat="38.34191691261742" lon="-119.63497315447364"><ele>2998.991585144773</ele></trkpt><trkpt lat="38.34199" lon="-119.63491999999997"><ele>3001.3343390338123</ele></trkpt><trkpt lat="38.34209" lon="-119.63504"><ele>3001.0</ele></trkpt><trkpt lat="38.34229" lon="-119.63513"><ele>3005.0</ele></trkpt><trkpt lat="38.34236" lon="-119.63511"><ele>3006.273184000049</ele></trkpt><trkpt lat="38.34248" lon="-119.63504"><ele>3009.0</ele></trkpt><trkpt lat="38.34251" lon="-119.63504999999998"><ele>3010.0</ele></trkpt><trkpt lat="38.34252" lon="-119.63517000000002"><ele>3010.826356690377</ele></trkpt><trkpt lat="38.34248" lon="-119.63533999999999"><ele>3011.0</ele></trkpt><trkpt lat="38.3425" lon="-119.63553999999999"><ele>3011.0</ele></trkpt><trkpt lat="38.34252" lon="-119.63560000000001"><ele>3011.0</ele></trkpt><trkpt lat="38.34258" lon="-119.63566000000003"><ele>3012.0</ele></trkpt><trkpt lat="38.34272" lon="-119.63572999999997"><ele>3012.2692283550464</ele></trkpt><trkpt lat="38.34302" lon="-119.63566000000003"><ele>3017.3437627380135</ele></trkpt><trkpt lat="38.34313" lon="-119.63567999999998"><ele>3018.6580702947876</ele></trkpt><trkpt lat="38.3432" lon="-119.63562999999999"><ele>3018.039427555632</ele></trkpt><trkpt lat="38.34347" lon="-119.63569000000001"><ele>3018.066859973189</ele></trkpt><trkpt lat="38.34352" lon="-119.63571999999999"><ele>3018.0</ele></trkpt><trkpt lat="38.34353" lon="-119.63576"><ele>3018.84008487314</ele></trkpt><trkpt lat="38.34345" lon="-119.63598999999999"><ele>3019.022679131088</ele></trkpt><trkpt lat="38.34355" lon="-119.63623000000001"><ele>3022.0</ele></trkpt><trkpt lat="38.34361" lon="-119.63628"><ele>3021.8972961317972</ele></trkpt><trkpt lat="38.34375" lon="-119.63630999999998"><ele>3023.3491306672804</ele></trkpt><trkpt lat="38.34399" lon="-119.63623000000001"><ele>3027.1733473315835</ele></trkpt><trkpt lat="38.34401" lon="-119.63626"><ele>3028.2457393203877</ele></trkpt><trkpt lat="38.34401" lon="-119.63648"><ele>3027.426556444261</ele></trkpt><trkpt lat="38.34436" lon="-119.63662"><ele>3026.0</ele></trkpt><trkpt lat="38.34445" lon="-119.63675"><ele>3025.5067833699286</ele></trkpt><trkpt lat="38.34446" lon="-119.6368"><ele>3026.0</ele></trkpt><trkpt lat="38.34436" lon="-119.63692000000003"><ele>3028.225309509552</ele></trkpt><trkpt lat="38.34435" lon="-119.63702999999998"><ele>3028.770018623676</ele></trkpt><trkpt lat="38.34429" lon="-119.63716999999997"><ele>3030.9998599098626</ele></trkpt><trkpt lat="38.34392" lon="-119.63767999999999"><ele>3031.0069284545834</ele></trkpt><trkpt lat="38.34387" lon="-119.63787000000002"><ele>3031.6629731181088</ele></trkpt><trkpt lat="38.34391" lon="-119.63794999999999"><ele>3032.0</ele></trkpt><trkpt lat="38.34416" lon="-119.63799"><ele>3037.315030234952</ele></trkpt><trkpt lat="38.34429" lon="-119.63796000000002"><ele>3040.9997167138217</ele></trkpt><trkpt lat="38.34448" lon="-119.63800000000003"><ele>3045.1705816155036</ele></trkpt><trkpt lat="38.34478" lon="-119.63814000000002"><ele>3051.0075120161646</ele></trkpt><trkpt lat="38.34482" lon="-119.63815"><ele>3051.294965425411</ele></trkpt><trkpt lat="38.34489" lon="-119.63810999999998"><ele>3053.301895872738</ele></trkpt><trkpt lat="38.34497" lon="-119.63812999999999"><ele>3053.936642332934</ele></trkpt><trkpt lat="38.34554" lon="-119.63837000000001"><ele>3061.095486710805</ele></trkpt><trkpt lat="38.3456" lon="-119.63837000000001"><ele>3062.29117703684</ele></trkpt><trkpt lat="38.3458" lon="-119.63848000000002"><ele>3068.0</ele></trkpt><trkpt lat="38.34603" lon="-119.63846999999998"><ele>3068.6858346676454</ele></trkpt><trkpt lat="38.34611" lon="-119.63857999999999"><ele>3069.146278679371</ele></trkpt><trkpt lat="38.34617" lon="-119.63881000000003"><ele>3069.711603973061</ele></trkpt><trkpt lat="38.34614" lon="-119.63902999999999"><ele>3070.340997844003</ele></trkpt><trkpt lat="38.3461" lon="-119.63916"><ele>3072.022554084193</ele></trkpt><trkpt lat="38.34604" lon="-119.63923"><ele>3071.996455025759</ele></trkpt><trkpt lat="38.3461" lon="-119.63956000000002"><ele>3077.5520580839366</ele></trkpt><trkpt lat="38.34607" lon="-119.63995"><ele>3082.5484533876984</ele></trkpt><trkpt lat="38.34611" lon="-119.63997"><ele>3083.146278679371</ele></trkpt><trkpt lat="38.34618" lon="-119.63985000000002"><ele>3086.305825145915</ele></trkpt><trkpt lat="38.34632" lon="-119.63965000000002"><ele>3089.6249301321805</ele></trkpt><trkpt lat="38.34643" lon="-119.63934999999998"><ele>3091.48651882587</ele></trkpt><trkpt lat="38.34656" lon="-119.63927999999999"><ele>3096.886290386319</ele></trkpt><trkpt lat="38.34669" lon="-119.63907"><ele>3100.6112135872245</ele></trkpt><trkpt lat="38.34678" lon="-119.63882000000001"><ele>3102.959245463833</ele></trkpt><trkpt lat="38.34685" lon="-119.63869999999997"><ele>3103.1517726299353</ele></trkpt><trkpt lat="38.34701" lon="-119.63851999999997"><ele>3105.047989142805</ele></trkpt><trkpt lat="38.34711" lon="-119.63850000000002"><ele>3106.1173701417265</ele></trkpt><trkpt lat="38.34714" lon="-119.63846999999998"><ele>3106.110410085155</ele></trkpt><trkpt lat="38.34715" lon="-119.63839999999999"><ele>3106.049107517471</ele></trkpt><trkpt lat="38.34703" lon="-119.63814000000002"><ele>3105.81492443569</ele></trkpt><trkpt lat="38.34689" lon="-119.63814000000002"><ele>3105.569211438298</ele></trkpt><trkpt lat="38.34681" lon="-119.63801999999998"><ele>3109.3992789029144</ele></trkpt><trkpt lat="38.34644" lon="-119.63776999999999"><ele>3108.830926874092</ele></trkpt><trkpt lat="38.34639" lon="-119.63770999999997"><ele>3109.80698842502</ele></trkpt><trkpt lat="38.34633" lon="-119.63756999999998"><ele>3110.848027201835</ele></trkpt><trkpt lat="38.34635" lon="-119.63740999999999"><ele>3113.4075975809246</ele></trkpt><trkpt lat="38.34642" lon="-119.63715000000002"><ele>3115.364864496514</ele></trkpt><trkpt lat="38.34646" lon="-119.63682"><ele>3116.9440512042493</ele></trkpt><trkpt lat="38.34653" lon="-119.63668000000001"><ele>3117.9977368810214</ele></trkpt><trkpt lat="38.3465" lon="-119.63639999999998"><ele>3118.320945892483</ele></trkpt><trkpt lat="38.34641" lon="-119.63607999999999"><ele>3119.0408422471955</ele></trkpt><trkpt lat="38.34625" lon="-119.63567"><ele>3122.640668072272</ele></trkpt><trkpt lat="38.34622" lon="-119.63544999999999"><ele>3125.974935076462</ele></trkpt><trkpt lat="38.34614" lon="-119.63513999999998"><ele>3127.9289409555495</ele></trkpt><trkpt lat="38.34617" lon="-119.63455999999996"><ele>3136.711603973061</ele></trkpt><trkpt lat="38.34612" lon="-119.63391000000001"><ele>3142.0</ele></trkpt><trkpt lat="38.34612" lon="-119.63386000000003"><ele>3142.7404993567616</ele></trkpt><trkpt lat="38.34628" lon="-119.63371000000001"><ele>3146.8497060056425</ele></trkpt><trkpt lat="38.34637" lon="-119.63351"><ele>3145.692251178284</ele></trkpt><trkpt lat="38.34641" lon="-119.63337999999999"><ele>3146.9729346912354</ele></trkpt><trkpt lat="38.34652" lon="-119.63332000000003"><ele>3147.816163506359</ele></trkpt><trkpt lat="38.34648" lon="-119.63315999999998"><ele>3147.1523427549014</ele></trkpt><trkpt lat="38.34651" lon="-119.63286"><ele>3152.1196895634334</ele></trkpt><trkpt lat="38.34599" lon="-119.63254999999998"><ele>3158.5778311113827</ele></trkpt><trkpt lat="38.34589" lon="-119.63236"><ele>3160.0</ele></trkpt><trkpt lat="38.34577" lon="-119.63229000000001"><ele>3160.6549889513763</ele></trkpt><trkpt lat="38.34571" lon="-119.63216"><ele>3163.3775188531727</ele></trkpt><trkpt lat="38.34567" lon="-119.63213999999999"><ele>3161.685866089072</ele></trkpt><trkpt lat="38.34551" lon="-119.63216999999997"><ele>3162.935528058725</ele></trkpt><trkpt lat="38.34498" lon="-119.63200999999998"><ele>3168.7436551116407</ele></trkpt><trkpt lat="38.34465" lon="-119.632"><ele>3168.518653224276</ele></trkpt><trkpt lat="38.34437" lon="-119.63184999999999"><ele>3173.397643399723</ele></trkpt><trkpt lat="38.34433" lon="-119.6318"><ele>3175.5303644444793</ele></trkpt><trkpt lat="38.34435" lon="-119.63146999999998"><ele>3175.6158360016234</ele></trkpt><trkpt lat="38.34424" lon="-119.63111000000004"><ele>3170.028454080224</ele></trkpt><trkpt lat="38.344238543527524" lon="-119.6310721366325"><ele>3169.9419097136706</ele></trkpt><trkpt lat="38.344238543527524" lon="-119.6310721366325"><ele>3169.9419097136706</ele></trkpt><trkpt lat="38.34423" lon="-119.63085000000001"><ele>3167.868497647345</ele></trkpt><trkpt lat="38.34423" lon="-119.63063"><ele>3167.4342488236725</ele></trkpt><trkpt lat="38.34436" lon="-119.63024999999999"><ele>3169.514995382531</ele></trkpt><trkpt lat="38.34437" lon="-119.63013000000001"><ele>3169.7531298492104</ele></trkpt><trkpt lat="38.34448" lon="-119.62991999999997"><ele>3169.1446901247837</ele></trkpt><trkpt lat="38.34458" lon="-119.62982999999997"><ele>3169.970939431602</ele></trkpt><trkpt lat="38.3446" lon="-119.62975"><ele>3169.3526089824736</ele></trkpt><trkpt lat="38.344576311938596" lon="-119.62966946059123"><ele>3167.8330313335173</ele></trkpt><trkpt lat="38.34457932112948" lon="-119.62967969182591"><ele>3167.5350297898985</ele></trkpt><trkpt lat="38.34455" lon="-119.62958000000003"><ele>3169.4488576520234</ele></trkpt><trkpt lat="38.34455" lon="-119.62949000000003"><ele>3171.4488576520234</ele></trkpt><trkpt lat="38.34457" lon="-119.62936000000002"><ele>3172.637273494154</ele></trkpt><trkpt lat="38.34463" lon="-119.62927000000002"><ele>3172.765612764284</ele></trkpt><trkpt lat="38.34463" lon="-119.62898999999999"><ele>3171.4050459712744</ele></trkpt><trkpt lat="38.34466" lon="-119.62878"><ele>3175.98514883779</ele></trkpt><trkpt lat="38.34471" lon="-119.62869999999998"><ele>3177.955358011648</ele></trkpt><trkpt lat="38.34486" lon="-119.62865"><ele>3183.119920255414</ele></trkpt><trkpt lat="38.34501" lon="-119.62851999999998"><ele>3184.393061458599</ele></trkpt><trkpt lat="38.34506" lon="-119.62841000000003"><ele>3183.6264487375183</ele></trkpt><trkpt lat="38.34505" lon="-119.62828999999999"><ele>3183.0683768344225</ele></trkpt><trkpt lat="38.34513" lon="-119.62817000000001"><ele>3184.212424489204</ele></trkpt><trkpt lat="38.34523" lon="-119.62810000000002"><ele>3183.8923181132413</ele></trkpt><trkpt lat="38.34523" lon="-119.62802999999997"><ele>3181.6626803804343</ele></trkpt><trkpt lat="38.34519" lon="-119.62796000000003"><ele>3180.7114330210175</ele></trkpt><trkpt lat="38.34509" lon="-119.62787000000003"><ele>3177.217839646153</ele></trkpt><trkpt lat="38.34504" lon="-119.6277"><ele>3177.5651402175426</ele></trkpt><trkpt lat="38.34491" lon="-119.62743"><ele>3180.8403929956257</ele></trkpt><trkpt lat="38.34493" lon="-119.62732"><ele>3183.0288147442043</ele></trkpt><trkpt lat="38.34501" lon="-119.62720999999999"><ele>3184.3426365703344</ele></trkpt><trkpt lat="38.3451" lon="-119.62711000000002"><ele>3185.117344666581</ele></trkpt><trkpt lat="38.34519" lon="-119.62707999999998"><ele>3187.9800197663717</ele></trkpt><trkpt lat="38.3455" lon="-119.62666999999999"><ele>3193.8377808977425</ele></trkpt><trkpt lat="38.34554" lon="-119.62646999999998"><ele>3194.6049930229947</ele></trkpt><trkpt lat="38.34564" lon="-119.62615"><ele>3195.3785504912958</ele></trkpt><trkpt lat="38.3456" lon="-119.62590999999998"><ele>3194.861538426157</ele></trkpt><trkpt lat="38.34552" lon="-119.62571000000003"><ele>3195.030148680549</ele></trkpt><trkpt lat="38.34552" lon="-119.62551000000002"><ele>3197.1748078390956</ele></trkpt><trkpt lat="38.34558" lon="-119.62540000000001"><ele>3200.7884734150007</ele></trkpt><trkpt lat="38.34567" lon="-119.62529999999998"><ele>3204.5486241365093</ele></trkpt><trkpt lat="38.34575" lon="-119.62509"><ele>3203.754388930276</ele></trkpt><trkpt lat="38.34583" lon="-119.62481000000002"><ele>3207.869936378281</ele></trkpt><trkpt lat="38.34587" lon="-119.62475999999998"><ele>3207.3818559995852</ele></trkpt><trkpt lat="38.34587" lon="-119.62475999999998"><ele>3207.3818559995852</ele></trkpt><trkpt lat="38.34587" lon="-119.62475999999998"><ele>3207.3818559995852</ele></trkpt><trkpt lat="38.34596" lon="-119.62473999999997"><ele>3205.216810082551</ele></trkpt><trkpt lat="38.3466" lon="-119.62488000000002"><ele>3196.974261334166</ele></trkpt><trkpt lat="38.34663" lon="-119.62493999999998"><ele>3197.8057995549275</ele></trkpt><trkpt lat="38.34674" lon="-119.62491999999997"><ele>3197.8383964439854</ele></trkpt><trkpt lat="38.34696" lon="-119.62509"><ele>3197.604327776239</ele></trkpt><trkpt lat="38.34712" lon="-119.62508000000003"><ele>3196.2468676573917</ele></trkpt><trkpt lat="38.34715" lon="-119.62511"><ele>3196.03765376751</ele></trkpt><trkpt lat="38.3472" lon="-119.62538"><ele>3195.3591347960755</ele></trkpt><trkpt lat="38.34754" lon="-119.62520999999998"><ele>3199.784779176082</ele></trkpt><trkpt lat="38.34766" lon="-119.62520999999998"><ele>3202.353375999257</ele></trkpt><trkpt lat="38.34792" lon="-119.62531999999999"><ele>3202.4797475556843</ele></trkpt><trkpt lat="38.34797" lon="-119.62531999999999"><ele>3202.3094877926474</ele></trkpt><trkpt lat="38.34833" lon="-119.62502"><ele>3199.498734222725</ele></trkpt><trkpt lat="38.34856" lon="-119.62479000000002"><ele>3201.7799573340453</ele></trkpt><trkpt lat="38.34866" lon="-119.62463000000002"><ele>3199.2183738204844</ele></trkpt><trkpt lat="38.34897" lon="-119.62443999999999"><ele>3198.520163788415</ele></trkpt><trkpt lat="38.3491" lon="-119.62443000000002"><ele>3199.0032295210576</ele></trkpt><trkpt lat="38.3492" lon="-119.62450999999999"><ele>3202.6676304131</ele></trkpt><trkpt lat="38.34924" lon="-119.62450999999999"><ele>3202.73101155553</ele></trkpt><trkpt lat="38.34947" lon="-119.62445000000002"><ele>3201.9348088898696</ele></trkpt><trkpt lat="38.34978" lon="-119.62443999999999"><ele>3202.4687751112506</ele></trkpt><trkpt lat="38.34999" lon="-119.62454000000002"><ele>3201.12911288999</ele></trkpt><trkpt lat="38.35005" lon="-119.62453"><ele>3201.6630791109055</ele></trkpt><trkpt lat="38.3503" lon="-119.62439"><ele>3200.1386062223464</ele></trkpt><trkpt lat="38.35036" lon="-119.62439"><ele>3200.0419340551525</ele></trkpt><trkpt lat="38.35068" lon="-119.62448"><ele>3198.332910222467</ele></trkpt><trkpt lat="38.35119" lon="-119.62489"><ele>3198.0</ele></trkpt><trkpt lat="38.35138" lon="-119.62498"><ele>3198.6345991105773</ele></trkpt><trkpt lat="38.35152" lon="-119.62497000000002"><ele>3198.168565333821</ele></trkpt><trkpt lat="38.35161" lon="-119.62500999999997"><ele>3198.0327004436404</ele></trkpt><trkpt lat="38.35171" lon="-119.625"><ele>3198.5228635652134</ele></trkpt><trkpt lat="38.35188" lon="-119.62486000000001"><ele>3198.042193778325</ele></trkpt><trkpt lat="38.35253" lon="-119.62459999999999"><ele>3194.0</ele></trkpt><trkpt lat="38.35281" lon="-119.62475"><ele>3195.0</ele></trkpt><trkpt lat="38.35298" lon="-119.62490000000003"><ele>3195.0</ele></trkpt><trkpt lat="38.35347" lon="-119.62477999999999"><ele>3191.64674566968</ele></trkpt><trkpt lat="38.35355" lon="-119.62482999999997"><ele>3191.0</ele></trkpt><trkpt lat="38.35366" lon="-119.62493999999998"><ele>3190.770463999361</ele></trkpt><trkpt lat="38.35428" lon="-119.62504000000001"><ele>3189.5807538366676</ele></trkpt><trkpt lat="38.35486" lon="-119.625"><ele>3187.0</ele></trkpt><trkpt lat="38.35491" lon="-119.62497000000002"><ele>3186.0</ele></trkpt><trkpt lat="38.35508" lon="-119.62495000000001"><ele>3185.2364977784455</ele></trkpt><trkpt lat="38.35519" lon="-119.62486000000001"><ele>3185.0</ele></trkpt><trkpt lat="38.35527" lon="-119.62486000000001"><ele>3185.0</ele></trkpt><trkpt lat="38.35528620998083" lon="-119.62486166256213"><ele>3184.6037144602747</ele></trkpt><trkpt lat="38.3553489544577" lon="-119.62486809787572"><ele>3184.0</ele></trkpt><trkpt lat="38.35566" lon="-119.62490000000003"><ele>3180.9063288904727</ele></trkpt><trkpt lat="38.35585" lon="-119.62497000000002"><ele>3180.0</ele></trkpt><trkpt lat="38.3561" lon="-119.62495999999999"><ele>3177.1309237202236</ele></trkpt><trkpt lat="38.35617" lon="-119.625"><ele>3176.014869100358</ele></trkpt><trkpt lat="38.35649" lon="-119.62504000000001"><ele>3173.4308017781004</ele></trkpt><trkpt lat="38.3566" lon="-119.62511999999998"><ele>3174.0</ele></trkpt><trkpt lat="38.35667" lon="-119.62504999999999"><ele>3171.896835554857</ele></trkpt><trkpt lat="38.35683" lon="-119.62506000000002"><ele>3171.0</ele></trkpt><trkpt lat="38.35692" lon="-119.62499000000003"><ele>3169.4532694052905</ele></trkpt><trkpt lat="38.35711" lon="-119.62482"><ele>3165.3107010856775</ele></trkpt><trkpt lat="38.35719" lon="-119.62470000000002"><ele>3163.75424565106</ele></trkpt><trkpt lat="38.35728" lon="-119.62462"><ele>3160.0</ele></trkpt><trkpt lat="38.35742" lon="-119.62439999999998"><ele>3151.737699434161</ele></trkpt><trkpt lat="38.35765" lon="-119.62436000000002"><ele>3146.0</ele></trkpt><trkpt lat="38.35799" lon="-119.6241"><ele>3133.8616993371397</ele></trkpt><trkpt lat="38.35806" lon="-119.62409000000002"><ele>3132.0</ele></trkpt><trkpt lat="38.35815" lon="-119.62412"><ele>3130.915451363392</ele></trkpt><trkpt lat="38.3583" lon="-119.62403"><ele>3128.0</ele></trkpt><trkpt lat="38.35838" lon="-119.62389999999999"><ele>3124.77919569073</ele></trkpt><trkpt lat="38.35852" lon="-119.62389000000002"><ele>3122.836917334236</ele></trkpt><trkpt lat="38.35856" lon="-119.62385"><ele>3121.9586112451843</ele></trkpt><trkpt lat="38.35855" lon="-119.62380000000002"><ele>3120.8498101467144</ele></trkpt><trkpt lat="38.35859" lon="-119.62376"><ele>3119.1576136055482</ele></trkpt><trkpt lat="38.35874" lon="-119.62369000000001"><ele>3117.0</ele></trkpt><trkpt lat="38.35882" lon="-119.62360999999999"><ele>3115.3679734786697</ele></trkpt><trkpt lat="38.35889" lon="-119.62358999999998"><ele>3114.8559039989486</ele></trkpt><trkpt lat="38.35889" lon="-119.62358999999998"><ele>3114.8559039989486</ele></trkpt><trkpt lat="38.35904" lon="-119.62355000000002"><ele>3113.9917688900605</ele></trkpt><trkpt lat="38.35923" lon="-119.62362000000002"><ele>3115.25400533434</ele></trkpt><trkpt lat="38.35935" lon="-119.62362999999999"><ele>3115.7200391110964</ele></trkpt><trkpt lat="38.35951" lon="-119.62371999999999"><ele>3116.9592611671715</ele></trkpt><trkpt lat="38.35959" lon="-119.62365999999997"><ele>3114.0909383279145</ele></trkpt><trkpt lat="38.35966" lon="-119.62364000000002"><ele>3113.186072890181</ele></trkpt><trkpt lat="38.35972" lon="-119.62367"><ele>3114.0</ele></trkpt><trkpt lat="38.35982" lon="-119.62365999999997"><ele>3113.1063137793085</ele></trkpt><trkpt lat="38.35989" lon="-119.62369000000001"><ele>3114.4851499450297</ele></trkpt><trkpt lat="38.35992" lon="-119.62365999999997"><ele>3113.118140443228</ele></trkpt><trkpt lat="38.36005" lon="-119.62369000000001"><ele>3116.5162417786196</ele></trkpt><trkpt lat="38.36011" lon="-119.62367999999998"><ele>3116.0502079990692</ele></trkpt><trkpt lat="38.36021" lon="-119.62371999999999"><ele>3117.9143431107514</ele></trkpt><trkpt lat="38.36027" lon="-119.62369000000001"><ele>3117.8282504634462</ele></trkpt><trkpt lat="38.36033" lon="-119.62362999999999"><ele>3117.7200391110964</ele></trkpt><trkpt lat="38.3605" lon="-119.62360999999999"><ele>3118.7879715552554</ele></trkpt><trkpt lat="38.36055" lon="-119.62356999999997"><ele>3117.9238364435732</ele></trkpt><trkpt lat="38.36063" lon="-119.62360000000001"><ele>3119.3219377789646</ele></trkpt><trkpt lat="38.36069" lon="-119.62356999999997"><ele>3117.9238364435732</ele></trkpt><trkpt lat="38.36084" lon="-119.62346000000002"><ele>3116.416517471178</ele></trkpt><trkpt lat="38.36095" lon="-119.62335000000002"><ele>3114.6908486959032</ele></trkpt><trkpt lat="38.36106" lon="-119.62333999999998"><ele>3115.917532314753</ele></trkpt><trkpt lat="38.3612" lon="-119.62314000000003"><ele>3116.0</ele></trkpt><trkpt lat="38.36125" lon="-119.62310000000002"><ele>3116.8903736136854</ele></trkpt><trkpt lat="38.36139" lon="-119.62306999999998"><ele>3117.0</ele></trkpt><trkpt lat="38.36146" lon="-119.62311"><ele>3117.0</ele></trkpt><trkpt lat="38.36152" lon="-119.6232"><ele>3116.9377156831324</ele></trkpt><trkpt lat="38.36153" lon="-119.62333000000001"><ele>3116.0</ele></trkpt><trkpt lat="38.3615" lon="-119.62342999999998"><ele>3114.0</ele></trkpt><trkpt lat="38.36158" lon="-119.62367999999998"><ele>3111.0</ele></trkpt><trkpt lat="38.36156" lon="-119.62374999999997"><ele>3110.0</ele></trkpt><trkpt lat="38.36157" lon="-119.62380000000002"><ele>3109.3573866658844</ele></trkpt><trkpt lat="38.36156" lon="-119.62405000000001"><ele>3106.483907387319</ele></trkpt><trkpt lat="38.36164" lon="-119.62414999999999"><ele>3103.933342158313</ele></trkpt><trkpt lat="38.36162" lon="-119.62434000000002"><ele>3103.118809098378</ele></trkpt><trkpt lat="38.36167" lon="-119.62446999999997"><ele>3102.0</ele></trkpt><trkpt lat="38.36181" lon="-119.62459999999999"><ele>3098.0617030612816</ele></trkpt><trkpt lat="38.36186" lon="-119.62459999999999"><ele>3097.0</ele></trkpt><trkpt lat="38.36192" lon="-119.62450000000001"><ele>3094.8114243741675</ele></trkpt><trkpt lat="38.36198" lon="-119.62443999999999"><ele>3094.869788496461</ele></trkpt><trkpt lat="38.36212" lon="-119.62443000000002"><ele>3091.3974684036693</ele></trkpt><trkpt lat="38.36223" lon="-119.62434000000002"><ele>3090.1654014278183</ele></trkpt><trkpt lat="38.36236" lon="-119.62437"><ele>3087.793461333029</ele></trkpt><trkpt lat="38.36246" lon="-119.62434999999999"><ele>3087.72552888887</ele></trkpt><trkpt lat="38.36259" lon="-119.6243"><ele>3083.4963785222685</ele></trkpt><trkpt lat="38.36268" lon="-119.62421999999998"><ele>3084.7839680006728</ele></trkpt><trkpt lat="38.3627" lon="-119.62423000000001"><ele>3085.0</ele></trkpt><trkpt lat="38.36272" lon="-119.62430999999998"><ele>3082.589664001018</ele></trkpt><trkpt lat="38.36268" lon="-119.62445000000002"><ele>3079.0651911101304</ele></trkpt><trkpt lat="38.36255" lon="-119.62459000000001"><ele>3078.3848145687953</ele></trkpt><trkpt lat="38.36248" lon="-119.62472000000002"><ele>3076.4822791102342</ele></trkpt><trkpt lat="38.36242" lon="-119.62477999999999"><ele>3076.8652363194897</ele></trkpt><trkpt lat="38.3624" lon="-119.6252"><ele>3071.085554640317</ele></trkpt><trkpt lat="38.36248" lon="-119.62547"><ele>3069.004583310336</ele></trkpt><trkpt lat="38.36272" lon="-119.62590999999998"><ele>3061.0</ele></trkpt><trkpt lat="38.36272" lon="-119.62601000000001"><ele>3061.740039823577</ele></trkpt><trkpt lat="38.36288" lon="-119.62633"><ele>3055.2303178925067</ele></trkpt><trkpt lat="38.36292" lon="-119.62630999999999"><ele>3053.852884126827</ele></trkpt><trkpt lat="38.36295" lon="-119.62616000000003"><ele>3053.0</ele></trkpt><trkpt lat="38.36294" lon="-119.62589000000003"><ele>3052.6641667485237</ele></trkpt><trkpt lat="38.36296" lon="-119.62583000000001"><ele>3051.4754490442574</ele></trkpt><trkpt lat="38.3631" lon="-119.62574999999998"><ele>3048.154415914789</ele></trkpt><trkpt lat="38.36334" lon="-119.62553000000003"><ele>3041.97062319392</ele></trkpt><trkpt lat="38.36338" lon="-119.62540000000001"><ele>3041.0</ele></trkpt><trkpt lat="38.36343" lon="-119.62536"><ele>3040.0</ele></trkpt><trkpt lat="38.36369" lon="-119.62535000000003"><ele>3036.0</ele></trkpt><trkpt lat="38.36373" lon="-119.62538"><ele>3035.0</ele></trkpt><trkpt lat="38.36375" lon="-119.62543"><ele>3033.3938808888197</ele></trkpt><trkpt lat="38.3637" lon="-119.62551000000002"><ele>3031.8303519420106</ele></trkpt><trkpt lat="38.36364" lon="-119.62574999999998"><ele>3030.0</ele></trkpt><trkpt lat="38.36368" lon="-119.62596000000002"><ele>3025.9025351227588</ele></trkpt><trkpt lat="38.36361" lon="-119.62635999999998"><ele>3021.0</ele></trkpt><trkpt lat="38.36364" lon="-119.62682999999998"><ele>3016.05885165371</ele></trkpt><trkpt lat="38.36363" lon="-119.62693999999999"><ele>3016.630435688421</ele></trkpt><trkpt lat="38.36367" lon="-119.62700999999998"><ele>3015.275757730007</ele></trkpt><trkpt lat="38.36372" lon="-119.62721999999997"><ele>3014.3039328828454</ele></trkpt><trkpt lat="38.36372" lon="-119.62732"><ele>3014.7817851241807</ele></trkpt><trkpt lat="38.36378" lon="-119.62748999999997"><ele>3014.737740356475</ele></trkpt><trkpt lat="38.36398" lon="-119.62784999999997"><ele>3013.3862933320925</ele></trkpt><trkpt lat="38.3641" lon="-119.62790999999999"><ele>3011.900492942892</ele></trkpt><trkpt lat="38.36432" lon="-119.62808999999999"><ele>3008.8464014380916</ele></trkpt><trkpt lat="38.36478" lon="-119.62831"><ele>3002.0</ele></trkpt><trkpt lat="38.36483" lon="-119.62835000000001"><ele>3002.6879822229967</ele></trkpt><trkpt lat="38.36509" lon="-119.62835999999999"><ele>2996.1347845284263</ele></trkpt><trkpt lat="38.36524" lon="-119.62838999999997"><ele>2993.981850754278</ele></trkpt><trkpt lat="38.36544" lon="-119.62837999999999"><ele>2989.1518015668744</ele></trkpt><trkpt lat="38.36559" lon="-119.62846000000002"><ele>2986.1272097089964</ele></trkpt><trkpt lat="38.36571" lon="-119.62846000000002"><ele>2983.8379908869974</ele></trkpt><trkpt lat="38.36607" lon="-119.6286"><ele>2981.752621536546</ele></trkpt><trkpt lat="38.36618" lon="-119.62856"><ele>2979.0</ele></trkpt><trkpt lat="38.36629" lon="-119.62856999999997"><ele>2976.0</ele></trkpt><trkpt lat="38.36632" lon="-119.62860999999998"><ele>2976.804860443808</ele></trkpt><trkpt lat="38.36643" lon="-119.62864000000002"><ele>2976.2029617791995</ele></trkpt><trkpt lat="38.36651" lon="-119.62864000000002"><ele>2975.0</ele></trkpt><trkpt lat="38.36658" lon="-119.62859000000003"><ele>2971.9124986037386</ele></trkpt><trkpt lat="38.36668" lon="-119.62859000000003"><ele>2970.0</ele></trkpt><trkpt lat="38.36676" lon="-119.62865999999997"><ele>2970.0</ele></trkpt><trkpt lat="38.36686" lon="-119.62867"><ele>2967.2702827933244</ele></trkpt><trkpt lat="38.36696" lon="-119.62862999999999"><ele>2965.0</ele></trkpt><trkpt lat="38.36704" lon="-119.62869999999998"><ele>2965.0</ele></trkpt><trkpt lat="38.36729" lon="-119.62878999999998"><ele>2963.1934684435837</ele></trkpt><trkpt lat="38.36737" lon="-119.62880000000001"><ele>2962.234237964842</ele></trkpt><trkpt lat="38.36746" lon="-119.62871999999999"><ele>2959.931231999304</ele></trkpt><trkpt lat="38.36759" lon="-119.62873000000002"><ele>2959.0</ele></trkpt><trkpt lat="38.36779" lon="-119.62889999999999"><ele>2957.0</ele></trkpt><trkpt lat="38.36792" lon="-119.62905999999998"><ele>2954.0</ele></trkpt><trkpt lat="38.36796" lon="-119.62907999999999"><ele>2953.2024157343244</ele></trkpt><trkpt lat="38.36803" lon="-119.62905999999998"><ele>2951.0969816861157</ele></trkpt><trkpt lat="38.36811" lon="-119.62907999999999"><ele>2949.3697079718113</ele></trkpt><trkpt lat="38.36835" lon="-119.62923"><ele>2945.7302799026434</ele></trkpt><trkpt lat="38.36849" lon="-119.62925999999999"><ele>2943.0</ele></trkpt><trkpt lat="38.36887" lon="-119.62954000000002"><ele>2938.0</ele></trkpt><trkpt lat="38.36911" lon="-119.62954000000002"><ele>2934.7935134825766</ele></trkpt><trkpt lat="38.36934" lon="-119.62932999999998"><ele>2930.0</ele></trkpt><trkpt lat="38.3699" lon="-119.62946999999997"><ele>2928.0</ele></trkpt><trkpt lat="38.3699" lon="-119.62952999999999"><ele>2927.3200320005417</ele></trkpt><trkpt lat="38.36982" lon="-119.62970000000001"><ele>2925.0</ele></trkpt><trkpt lat="38.36983" lon="-119.62982999999997"><ele>2924.339018668048</ele></trkpt><trkpt lat="38.3698" lon="-119.62995999999998"><ele>2923.0</ele></trkpt><trkpt lat="38.36979" lon="-119.63013999999998"><ele>2921.5621693439025</ele></trkpt><trkpt lat="38.36981" lon="-119.63021000000003"><ele>2921.571976974135</ele></trkpt><trkpt lat="38.36992" lon="-119.63029"><ele>2920.0</ele></trkpt><trkpt lat="38.3701" lon="-119.63049000000001"><ele>2919.082237549126</ele></trkpt><trkpt lat="38.37022" lon="-119.63072999999997"><ele>2916.94922077097</ele></trkpt><trkpt lat="38.3704" lon="-119.63084000000003"><ele>2913.0</ele></trkpt><trkpt lat="38.37067" lon="-119.63093000000003"><ele>2907.0</ele></trkpt><trkpt lat="38.37077" lon="-119.63107000000002"><ele>2906.2560758776963</ele></trkpt><trkpt lat="38.37079" lon="-119.63114999999999"><ele>2906.8344892143764</ele></trkpt><trkpt lat="38.3708" lon="-119.63135999999997"><ele>2903.491706529211</ele></trkpt><trkpt lat="38.37088" lon="-119.63150000000002"><ele>2902.3505459296894</ele></trkpt><trkpt lat="38.37096" lon="-119.63157000000001"><ele>2901.0</ele></trkpt><trkpt lat="38.37113767574567" lon="-119.63166691404308"><ele>2899.0</ele></trkpt><trkpt lat="38.37120938948096" lon="-119.63172206123409"><ele>2898.0</ele></trkpt><trkpt lat="38.37129" lon="-119.63180999999997"><ele>2897.0</ele></trkpt><trkpt lat="38.37131" lon="-119.63189"><ele>2896.0</ele></trkpt><trkpt lat="38.37142" lon="-119.63195000000002"><ele>2893.8244108617537</ele></trkpt><trkpt lat="38.37146" lon="-119.632"><ele>2893.0</ele></trkpt><trkpt lat="38.37146" lon="-119.63207999999997"><ele>2893.0</ele></trkpt><trkpt lat="38.37156" lon="-119.63231999999999"><ele>2890.0</ele></trkpt><trkpt lat="38.37157" lon="-119.63256999999999"><ele>2889.7019670065492</ele></trkpt><trkpt lat="38.3718" lon="-119.63297999999998"><ele>2883.0300634037703</ele></trkpt><trkpt lat="38.37182" lon="-119.63317"><ele>2882.5751595851657</ele></trkpt><trkpt lat="38.37194" lon="-119.63342999999998"><ele>2881.0</ele></trkpt><trkpt lat="38.37214" lon="-119.63371000000001"><ele>2878.3949950372994</ele></trkpt><trkpt lat="38.37234" lon="-119.63385"><ele>2875.9310956834097</ele></trkpt><trkpt lat="38.37248" lon="-119.63409999999999"><ele>2875.865883784607</ele></trkpt><trkpt lat="38.37261" lon="-119.63414999999998"><ele>2874.0</ele></trkpt><trkpt lat="38.37275" lon="-119.63423999999998"><ele>2872.558696789667</ele></trkpt><trkpt lat="38.37284" lon="-119.63439"><ele>2872.035983333018</ele></trkpt><trkpt lat="38.37285" lon="-119.63449000000003"><ele>2873.0</ele></trkpt><trkpt lat="38.37288" lon="-119.63459"><ele>2873.9143161287793</ele></trkpt><trkpt lat="38.37298" lon="-119.63464999999997"><ele>2872.256451275754</ele></trkpt><trkpt lat="38.37312" lon="-119.63490000000002"><ele>2871.5643849726766</ele></trkpt><trkpt lat="38.37321" lon="-119.63499999999999"><ele>2870.6861092459635</ele></trkpt><trkpt lat="38.37338" lon="-119.63508999999999"><ele>2868.79474844411</ele></trkpt><trkpt lat="38.37364" lon="-119.63513"><ele>2866.4304289636684</ele></trkpt><trkpt lat="38.3738" lon="-119.63538"><ele>2865.0440164411243</ele></trkpt><trkpt lat="38.37395" lon="-119.63538"><ele>2864.0</ele></trkpt><trkpt lat="38.37422" lon="-119.63558"><ele>2862.695166526857</ele></trkpt><trkpt lat="38.37444" lon="-119.63560999999999"><ele>2860.0027728165983</ele></trkpt><trkpt lat="38.37458" lon="-119.63581999999997"><ele>2859.0</ele></trkpt><trkpt lat="38.37478" lon="-119.63594"><ele>2857.407619555481</ele></trkpt><trkpt lat="38.3749" lon="-119.63598000000002"><ele>2857.0</ele></trkpt><trkpt lat="38.37497" lon="-119.63605000000001"><ele>2856.8094670739947</ele></trkpt><trkpt lat="38.37515" lon="-119.63598999999999"><ele>2852.9713898701593</ele></trkpt><trkpt lat="38.3754" lon="-119.63603999999998"><ele>2851.0</ele></trkpt><trkpt lat="38.37554" lon="-119.63602000000003"><ele>2849.7467495251385</ele></trkpt><trkpt lat="38.37558" lon="-119.63605000000001"><ele>2849.175722435504</ele></trkpt><trkpt lat="38.37573" lon="-119.63605999999999"><ele>2847.000010257256</ele></trkpt><trkpt lat="38.37587" lon="-119.63611000000003"><ele>2845.390224520069</ele></trkpt><trkpt lat="38.37596" lon="-119.63617999999997"><ele>2845.0</ele></trkpt><trkpt lat="38.37602" lon="-119.63614999999999"><ele>2843.033548979006</ele></trkpt><trkpt lat="38.37612" lon="-119.63621999999998"><ele>2843.0</ele></trkpt><trkpt lat="38.37612" lon="-119.63621999999998"><ele>2843.0</ele></trkpt><trkpt lat="38.37626" lon="-119.63632000000001"><ele>2842.1058473047456</ele></trkpt><trkpt lat="38.37636" lon="-119.6363"><ele>2840.0</ele></trkpt><trkpt lat="38.37645" lon="-119.63635"><ele>2839.3144191766614</ele></trkpt><trkpt lat="38.37644" lon="-119.63619"><ele>2836.058463999536</ele></trkpt><trkpt lat="38.37645" lon="-119.63614000000001"><ele>2835.0</ele></trkpt><trkpt lat="38.37652" lon="-119.63612"><ele>2833.3576870940797</ele></trkpt><trkpt lat="38.37667" lon="-119.63614999999999"><ele>2831.532163273543</ele></trkpt><trkpt lat="38.37679" lon="-119.63621999999998"><ele>2831.1819407387043</ele></trkpt><trkpt lat="38.37686" lon="-119.63616999999999"><ele>2829.0</ele></trkpt><trkpt lat="38.37728" lon="-119.63628"><ele>2821.4539572907292</ele></trkpt><trkpt lat="38.37738" lon="-119.63635999999997"><ele>2821.3183237395315</ele></trkpt><trkpt lat="38.37749" lon="-119.63638000000003"><ele>2820.0</ele></trkpt><trkpt lat="38.37782" lon="-119.63628"><ele>2816.252768000588</ele></trkpt><trkpt lat="38.37834" lon="-119.63632000000001"><ele>2811.146627979423</ele></trkpt><trkpt lat="38.37843" lon="-119.63626999999997"><ele>2808.6906327335164</ele></trkpt><trkpt lat="38.37873" lon="-119.63632999999999"><ele>2805.6118315597832</ele></trkpt><trkpt lat="38.3793" lon="-119.63664"><ele>2804.0</ele></trkpt><trkpt lat="38.37955" lon="-119.63684"><ele>2803.1125442562816</ele></trkpt><trkpt lat="38.3798" lon="-119.63689999999997"><ele>2798.0673428240348</ele></trkpt><trkpt lat="38.37999" lon="-119.63704999999999"><ele>2796.2747377771884</ele></trkpt><trkpt lat="38.38016" lon="-119.63707999999997"><ele>2794.030301933734</ele></trkpt><trkpt lat="38.38034" lon="-119.63706000000002"><ele>2791.2145531136707</ele></trkpt><trkpt lat="38.38066" lon="-119.63713000000001"><ele>2785.331475429237</ele></trkpt><trkpt lat="38.38097" lon="-119.63740000000001"><ele>2782.0</ele></trkpt><trkpt lat="38.38108" lon="-119.63743"><ele>2780.0</ele></trkpt><trkpt lat="38.38127" lon="-119.63773000000003"><ele>2778.0665581654757</ele></trkpt><trkpt lat="38.38159" lon="-119.63801000000001"><ele>2774.8818206432748</ele></trkpt><trkpt lat="38.38175" lon="-119.63805000000002"><ele>2771.8781547786466</ele></trkpt><trkpt lat="38.38203" lon="-119.63826"><ele>2770.3496760635844</ele></trkpt><trkpt lat="38.38252" lon="-119.63905999999997"><ele>2757.0</ele></trkpt><trkpt lat="38.38285" lon="-119.63947999999999"><ele>2754.051037004246</ele></trkpt><trkpt lat="38.38332" lon="-119.63965000000002"><ele>2747.0</ele></trkpt><trkpt lat="38.38343" lon="-119.63979999999998"><ele>2747.0</ele></trkpt><trkpt lat="38.38372" lon="-119.63983999999999"><ele>2744.0</ele></trkpt><trkpt lat="38.38383" lon="-119.63979999999998"><ele>2744.0</ele></trkpt><trkpt lat="38.38392" lon="-119.63981000000001"><ele>2743.7626915560104</ele></trkpt><trkpt lat="38.384" lon="-119.63985000000002"><ele>2741.0</ele></trkpt><trkpt lat="38.38413" lon="-119.64004999999997"><ele>2738.033523550257</ele></trkpt><trkpt lat="38.38426" lon="-119.64013999999997"><ele>2736.40320304367</ele></trkpt><trkpt lat="38.3846" lon="-119.64031"><ele>2731.090388642624</ele></trkpt><trkpt lat="38.38474" lon="-119.64056"><ele>2726.0</ele></trkpt><trkpt lat="38.38484" lon="-119.6406"><ele>2724.0</ele></trkpt><trkpt lat="38.38496" lon="-119.64071000000001"><ele>2722.9078979698565</ele></trkpt><trkpt lat="38.38519" lon="-119.64111000000003"><ele>2719.0043660484307</ele></trkpt><trkpt lat="38.38519" lon="-119.64111000000003"><ele>2719.0043660484307</ele></trkpt><trkpt lat="38.38535" lon="-119.64141999999998"><ele>2716.0</ele></trkpt><trkpt lat="38.38532" lon="-119.64154000000002"><ele>2715.0</ele></trkpt><trkpt lat="38.38533" lon="-119.64168999999998"><ele>2712.0</ele></trkpt><trkpt lat="38.38531" lon="-119.64170999999999"><ele>2712.2714210400773</ele></trkpt><trkpt lat="38.38526" lon="-119.64163000000002"><ele>2713.788241743026</ele></trkpt><trkpt lat="38.38522" lon="-119.64161999999999"><ele>2714.0</ele></trkpt><trkpt lat="38.38516" lon="-119.64168000000001"><ele>2714.7962036058307</ele></trkpt><trkpt lat="38.38514" lon="-119.64182"><ele>2715.991693711644</ele></trkpt><trkpt lat="38.3853" lon="-119.64233000000002"><ele>2721.0960374691604</ele></trkpt><trkpt lat="38.38544" lon="-119.64249999999998"><ele>2720.2560494922027</ele></trkpt><trkpt lat="38.38552" lon="-119.64252999999997"><ele>2718.392662813887</ele></trkpt><trkpt lat="38.38572" lon="-119.64279999999997"><ele>2717.106791109778</ele></trkpt><trkpt lat="38.38622" lon="-119.64323999999999"><ele>2711.3866391908377</ele></trkpt><trkpt lat="38.38644" lon="-119.64350000000002"><ele>2708.7291555567645</ele></trkpt><trkpt lat="38.38657" lon="-119.64353"><ele>2706.0923172198236</ele></trkpt><trkpt lat="38.38683" lon="-119.64366000000001"><ele>2703.094084153384</ele></trkpt><trkpt lat="38.38734" lon="-119.64411000000001"><ele>2702.1572160008363</ele></trkpt><trkpt lat="38.38747" lon="-119.64417000000003"><ele>2701.4549654088914</ele></trkpt><trkpt lat="38.38758" lon="-119.64426000000003"><ele>2699.135136258021</ele></trkpt><trkpt lat="38.38772" lon="-119.64452"><ele>2695.0</ele></trkpt><trkpt lat="38.38776" lon="-119.64454999999998"><ele>2694.7344393408825</ele></trkpt><trkpt lat="38.38797" lon="-119.64461"><ele>2692.0</ele></trkpt><trkpt lat="38.38803" lon="-119.64459"><ele>2690.0</ele></trkpt><trkpt lat="38.38809" lon="-119.64465000000001"><ele>2688.4008064899153</ele></trkpt><trkpt lat="38.38813" lon="-119.64474000000001"><ele>2687.213805919513</ele></trkpt><trkpt lat="38.38842" lon="-119.64499"><ele>2680.0</ele></trkpt><trkpt lat="38.38859" lon="-119.64543000000003"><ele>2679.955520257719</ele></trkpt><trkpt lat="38.38878" lon="-119.64553000000001"><ele>2674.5668594278395</ele></trkpt><trkpt lat="38.38883" lon="-119.64561000000003"><ele>2673.5940030030906</ele></trkpt><trkpt lat="38.38883" lon="-119.64570000000003"><ele>2673.4415897514205</ele></trkpt><trkpt lat="38.38887" lon="-119.64580000000001"><ele>2672.1977956225737</ele></trkpt><trkpt lat="38.38893" lon="-119.64585999999997"><ele>2671.462308882804</ele></trkpt><trkpt lat="38.38905" lon="-119.64591999999999"><ele>2669.2614951584687</ele></trkpt><trkpt lat="38.38915" lon="-119.64606000000003"><ele>2668.5676732063293</ele></trkpt><trkpt lat="38.38942" lon="-119.64654999999999"><ele>2667.0</ele></trkpt><trkpt lat="38.38959" lon="-119.64675"><ele>2665.0</ele></trkpt><trkpt lat="38.38972" lon="-119.64681000000002"><ele>2662.9955839964687</ele></trkpt><trkpt lat="38.38997" lon="-119.64681000000002"><ele>2661.9863360007294</ele></trkpt><trkpt lat="38.39005" lon="-119.64683000000002"><ele>2660.9229459723997</ele></trkpt><trkpt lat="38.39016" lon="-119.64699999999999"><ele>2658.0</ele></trkpt><trkpt lat="38.39021" lon="-119.64737000000002"><ele>2656.0</ele></trkpt><trkpt lat="38.39025" lon="-119.64746000000002"><ele>2655.3968685481923</ele></trkpt><trkpt lat="38.39031" lon="-119.64751000000001"><ele>2654.8421192141295</ele></trkpt><trkpt lat="38.39041" lon="-119.64755000000002"><ele>2653.307665224177</ele></trkpt><trkpt lat="38.39051" lon="-119.64776999999998"><ele>2653.7255786657333</ele></trkpt><trkpt lat="38.39064" lon="-119.64778999999999"><ele>2650.0</ele></trkpt><trkpt lat="38.39082" lon="-119.64794"><ele>2648.272648394108</ele></trkpt><trkpt lat="38.39086" lon="-119.64805000000001"><ele>2649.0</ele></trkpt><trkpt lat="38.391" lon="-119.64823000000001"><ele>2649.0929942593266</ele></trkpt><trkpt lat="38.39106" lon="-119.64854000000003"><ele>2653.0</ele></trkpt><trkpt lat="38.39111" lon="-119.64861000000002"><ele>2652.0257939386197</ele></trkpt><trkpt lat="38.39127" lon="-119.64873999999998"><ele>2649.5161117836833</ele></trkpt><trkpt lat="38.39142" lon="-119.64920999999998"><ele>2648.59722924605</ele></trkpt><trkpt lat="38.39157" lon="-119.64940999999999"><ele>2649.105221064997</ele></trkpt><trkpt lat="38.39163" lon="-119.64956000000001"><ele>2649.0161297926725</ele></trkpt><trkpt lat="38.39171" lon="-119.64965999999998"><ele>2648.0</ele></trkpt><trkpt lat="38.3918" lon="-119.64995999999996"><ele>2647.002644011751</ele></trkpt><trkpt lat="38.39187" lon="-119.65008999999998"><ele>2647.0</ele></trkpt><trkpt lat="38.39208" lon="-119.65061000000003"><ele>2648.3539262805134</ele></trkpt><trkpt lat="38.39219" lon="-119.65116999999998"><ele>2649.9669495708167</ele></trkpt><trkpt lat="38.39238" lon="-119.65163999999999"><ele>2649.0</ele></trkpt><trkpt lat="38.39239" lon="-119.65183999999999"><ele>2647.9684325494636</ele></trkpt><trkpt lat="38.39273" lon="-119.65206"><ele>2645.654069333803</ele></trkpt><trkpt lat="38.39297" lon="-119.65206"><ele>2644.0</ele></trkpt><trkpt lat="38.39334" lon="-119.65235999999999"><ele>2646.0</ele></trkpt><trkpt lat="38.39334" lon="-119.65235999999999"><ele>2646.0</ele></trkpt><trkpt lat="38.39343" lon="-119.65238999999997"><ele>2646.0027349653833</ele></trkpt><trkpt lat="38.39352" lon="-119.65250000000003"><ele>2645.0</ele></trkpt><trkpt lat="38.39358" lon="-119.65260999999998"><ele>2644.1632692329586</ele></trkpt><trkpt lat="38.39365" lon="-119.65265"><ele>2644.0</ele></trkpt><trkpt lat="38.39374" lon="-119.65274"><ele>2643.0</ele></trkpt><trkpt lat="38.39376" lon="-119.65305000000001"><ele>2642.0</ele></trkpt><trkpt lat="38.3938" lon="-119.65318000000002"><ele>2643.0</ele></trkpt><trkpt lat="38.39394" lon="-119.65346"><ele>2639.898798222188</ele></trkpt><trkpt lat="38.39392" lon="-119.65359999999998"><ele>2640.5458525966214</ele></trkpt><trkpt lat="38.39395" lon="-119.65368000000001"><ele>2640.1626226715744</ele></trkpt><trkpt lat="38.39413" lon="-119.65381000000002"><ele>2638.0</ele></trkpt><trkpt lat="38.39436" lon="-119.65395000000001"><ele>2638.791971714146</ele></trkpt><trkpt lat="38.39477" lon="-119.65433000000002"><ele>2637.4437368898652</ele></trkpt><trkpt lat="38.39487" lon="-119.65435000000002"><ele>2637.0</ele></trkpt><trkpt lat="38.39505" lon="-119.65433999999999"><ele>2637.0</ele></trkpt><trkpt lat="38.39534" lon="-119.65442000000002"><ele>2633.8228351739353</ele></trkpt><trkpt lat="38.39556" lon="-119.65438"><ele>2631.773905777838</ele></trkpt><trkpt lat="38.39567" lon="-119.65442000000002"><ele>2631.0</ele></trkpt><trkpt lat="38.39576" lon="-119.65454"><ele>2630.643093006845</ele></trkpt><trkpt lat="38.39589" lon="-119.65463999999997"><ele>2630.0</ele></trkpt><trkpt lat="38.39589" lon="-119.65475000000004"><ele>2630.0</ele></trkpt><trkpt lat="38.39605" lon="-119.65501999999998"><ele>2629.6000675545074</ele></trkpt><trkpt lat="38.39612" lon="-119.6551"><ele>2630.0</ele></trkpt><trkpt lat="38.39627" lon="-119.6551"><ele>2627.0</ele></trkpt><trkpt lat="38.3965" lon="-119.65514999999999"><ele>2623.8406876353906</ele></trkpt><trkpt lat="38.39655" lon="-119.65519"><ele>2623.5226417779922</ele></trkpt><trkpt lat="38.3966" lon="-119.65516000000002"><ele>2622.638552080064</ele></trkpt><trkpt lat="38.3967" lon="-119.65496999999999"><ele>2619.0</ele></trkpt><trkpt lat="38.39675" lon="-119.65496999999999"><ele>2618.0</ele></trkpt><trkpt lat="38.39684" lon="-119.65523999999999"><ele>2617.8528106664307</ele></trkpt><trkpt lat="38.39702" lon="-119.65539999999999"><ele>2619.0</ele></trkpt><trkpt lat="38.39707" lon="-119.65553999999997"><ele>2619.0</ele></trkpt><trkpt lat="38.39709" lon="-119.65564999999998"><ele>2617.4499009083956</ele></trkpt><trkpt lat="38.39721" lon="-119.65587"><ele>2615.0</ele></trkpt><trkpt lat="38.39727" lon="-119.65593999999999"><ele>2615.0</ele></trkpt><trkpt lat="38.39752" lon="-119.65604000000002"><ele>2614.896546850132</ele></trkpt><trkpt lat="38.39785" lon="-119.65645"><ele>2610.8053733738416</ele></trkpt><trkpt lat="38.39796" lon="-119.65642000000003"><ele>2608.955916064332</ele></trkpt><trkpt lat="38.39801" lon="-119.65647999999999"><ele>2609.0</ele></trkpt><trkpt lat="38.3981" lon="-119.65652999999998"><ele>2607.3909004759043</ele></trkpt><trkpt lat="38.39814" lon="-119.65658000000002"><ele>2608.297627756228</ele></trkpt><trkpt lat="38.39834" lon="-119.65658000000002"><ele>2607.0</ele></trkpt><trkpt lat="38.39842" lon="-119.65661999999998"><ele>2607.0</ele></trkpt><trkpt lat="38.39854" lon="-119.65678000000003"><ele>2606.5187620751067</ele></trkpt><trkpt lat="38.3986" lon="-119.65681999999998"><ele>2606.0</ele></trkpt><trkpt lat="38.39869" lon="-119.65679999999998"><ele>2605.0</ele></trkpt><trkpt lat="38.39878" lon="-119.65672"><ele>2604.0</ele></trkpt><trkpt lat="38.39882" lon="-119.65672"><ele>2604.0</ele></trkpt><trkpt lat="38.39887" lon="-119.65688"><ele>2601.602782007307</ele></trkpt><trkpt lat="38.39902" lon="-119.65686"><ele>2598.0</ele></trkpt><trkpt lat="38.39916" lon="-119.65690000000001"><ele>2596.0</ele></trkpt><trkpt lat="38.39923" lon="-119.65685000000002"><ele>2595.0225926126386</ele></trkpt><trkpt lat="38.39928" lon="-119.65683999999999"><ele>2595.0</ele></trkpt><trkpt lat="38.39942" lon="-119.65695"><ele>2593.0</ele></trkpt><trkpt lat="38.3997" lon="-119.65696000000003"><ele>2588.0</ele></trkpt><trkpt lat="38.39989" lon="-119.65704"><ele>2582.947640379891</ele></trkpt><trkpt lat="38.39997" lon="-119.65699999999998"><ele>2581.0</ele></trkpt><trkpt lat="38.4002" lon="-119.65710000000001"><ele>2579.0</ele></trkpt><trkpt lat="38.40039" lon="-119.65731"><ele>2577.068999391588</ele></trkpt><trkpt lat="38.4006" lon="-119.65741000000003"><ele>2576.9821404460818</ele></trkpt><trkpt lat="38.40079" lon="-119.65744000000001"><ele>2576.0</ele></trkpt><trkpt lat="38.40093" lon="-119.65750000000003"><ele>2576.1764444457367</ele></trkpt><trkpt lat="38.40134" lon="-119.65776"><ele>2568.720720846206</ele></trkpt><trkpt lat="38.40146" lon="-119.65786000000003"><ele>2565.0</ele></trkpt><trkpt lat="38.40148" lon="-119.65794"><ele>2563.3952715378255</ele></trkpt><trkpt lat="38.40153" lon="-119.65794"><ele>2561.605771023592</ele></trkpt><trkpt lat="38.40157" lon="-119.65787"><ele>2560.043188465759</ele></trkpt><trkpt lat="38.40163" lon="-119.65760999999998"><ele>2555.4751293845475</ele></trkpt><trkpt lat="38.40161" lon="-119.65739000000002"><ele>2552.714555630926</ele></trkpt><trkpt lat="38.40164" lon="-119.65737999999999"><ele>2551.514218744442</ele></trkpt><trkpt lat="38.40171" lon="-119.65750000000003"><ele>2551.0</ele></trkpt><trkpt lat="38.40183" lon="-119.65757000000002"><ele>2549.2038124682767</ele></trkpt><trkpt lat="38.40191" lon="-119.65758"><ele>2546.745618639307</ele></trkpt><trkpt lat="38.40199" lon="-119.65769999999998"><ele>2545.06671269238</ele></trkpt><trkpt lat="38.402" lon="-119.65780999999998"><ele>2544.0</ele></trkpt><trkpt lat="38.40203" lon="-119.65787"><ele>2545.419694222044</ele></trkpt><trkpt lat="38.40218" lon="-119.65798000000001"><ele>2543.894588813167</ele></trkpt><trkpt lat="38.40258" lon="-119.65816000000001"><ele>2536.9164157568925</ele></trkpt><trkpt lat="38.40267" lon="-119.65827000000002"><ele>2533.6283013727516</ele></trkpt><trkpt lat="38.40273" lon="-119.65841999999998"><ele>2532.0031028112917</ele></trkpt><trkpt lat="38.4028" lon="-119.65852000000001"><ele>2531.970435656922</ele></trkpt><trkpt lat="38.40293" lon="-119.65858000000003"><ele>2529.0</ele></trkpt><trkpt lat="38.40319" lon="-119.65876000000003"><ele>2525.0</ele></trkpt><trkpt lat="38.40325" lon="-119.65886"><ele>2524.1364146210253</ele></trkpt><trkpt lat="38.40368" lon="-119.65922999999998"><ele>2517.4518944225465</ele></trkpt><trkpt lat="38.40381" lon="-119.65940999999998"><ele>2514.0</ele></trkpt><trkpt lat="38.40387" lon="-119.65957000000003"><ele>2514.2654709983617</ele></trkpt><trkpt lat="38.40402" lon="-119.65974"><ele>2513.0</ele></trkpt><trkpt lat="38.40447" lon="-119.66005000000001"><ele>2507.5836115144193</ele></trkpt><trkpt lat="38.4046" lon="-119.66017999999997"><ele>2506.0</ele></trkpt><trkpt lat="38.40477" lon="-119.66025000000002"><ele>2503.0</ele></trkpt><trkpt lat="38.40497488675708" lon="-119.66051225504907"><ele>2502.0</ele></trkpt><trkpt lat="38.40514689029985" lon="-119.66063344513543"><ele>2501.205571836792</ele></trkpt><trkpt lat="38.40518" lon="-119.66065000000003"><ele>2501.0</ele></trkpt><trkpt lat="38.4053" lon="-119.66066000000001"><ele>2499.0</ele></trkpt><trkpt lat="38.4054" lon="-119.66062"><ele>2497.6952443719215</ele></trkpt><trkpt lat="38.40543" lon="-119.66068000000001"><ele>2497.4920202307403</ele></trkpt><trkpt lat="38.40547" lon="-119.66084000000001"><ele>2498.0</ele></trkpt><trkpt lat="38.40554" lon="-119.66093000000001"><ele>2498.0</ele></trkpt><trkpt lat="38.40561" lon="-119.66101000000003"><ele>2498.0</ele></trkpt><trkpt lat="38.4057" lon="-119.66102999999998"><ele>2497.4348735492676</ele></trkpt><trkpt lat="38.40581" lon="-119.66111000000001"><ele>2496.0</ele></trkpt><trkpt lat="38.40588" lon="-119.66125"><ele>2495.9835646136407</ele></trkpt><trkpt lat="38.40613" lon="-119.66154"><ele>2494.0</ele></trkpt><trkpt lat="38.40617" lon="-119.66161999999997"><ele>2494.0</ele></trkpt><trkpt lat="38.40637" lon="-119.66167999999999"><ele>2491.9911918140715</ele></trkpt><trkpt lat="38.4066" lon="-119.66191000000003"><ele>2490.0</ele></trkpt><trkpt lat="38.40667" lon="-119.66206999999997"><ele>2491.0</ele></trkpt><trkpt lat="38.40681" lon="-119.66224"><ele>2490.4215291924775</ele></trkpt><trkpt lat="38.40709" lon="-119.66241000000002"><ele>2487.7686074830076</ele></trkpt><trkpt lat="38.40727" lon="-119.66244"><ele>2485.0255555987046</ele></trkpt><trkpt lat="38.40742" lon="-119.66251999999997"><ele>2483.143493849784</ele></trkpt><trkpt lat="38.4076" lon="-119.66309000000001"><ele>2482.0</ele></trkpt><trkpt lat="38.4076" lon="-119.66309000000001"><ele>2482.0</ele></trkpt><trkpt lat="38.40765" lon="-119.66325"><ele>2482.067800412114</ele></trkpt><trkpt lat="38.40787" lon="-119.66356999999999"><ele>2478.3808124940842</ele></trkpt><trkpt lat="38.40804" lon="-119.66399999999999"><ele>2479.2704228386283</ele></trkpt><trkpt lat="38.40852" lon="-119.66489000000001"><ele>2480.0</ele></trkpt><trkpt lat="38.40869" lon="-119.66512"><ele>2482.0</ele></trkpt><trkpt lat="38.40879" lon="-119.66514000000001"><ele>2483.0</ele></trkpt><trkpt lat="38.40914" lon="-119.66494999999998"><ele>2481.0</ele></trkpt><trkpt lat="38.40941" lon="-119.66502000000003"><ele>2480.0</ele></trkpt><trkpt lat="38.40965" lon="-119.66503999999998"><ele>2481.5659128883854</ele></trkpt><trkpt lat="38.40974" lon="-119.66502000000003"><ele>2481.0</ele></trkpt><trkpt lat="38.40985" lon="-119.66494"><ele>2479.0</ele></trkpt><trkpt lat="38.40996" lon="-119.66492"><ele>2478.0</ele></trkpt><trkpt lat="38.41002" lon="-119.66498000000001"><ele>2478.0</ele></trkpt><trkpt lat="38.41012" lon="-119.66502000000003"><ele>2477.0</ele></trkpt><trkpt lat="38.41022" lon="-119.66501"><ele>2477.0</ele></trkpt><trkpt lat="38.41038" lon="-119.66505999999998"><ele>2476.5489183638347</ele></trkpt><trkpt lat="38.41038" lon="-119.66505999999998"><ele>2476.5489183638347</ele></trkpt><trkpt lat="38.41056" lon="-119.66521999999998"><ele>2475.0</ele></trkpt><trkpt lat="38.41056" lon="-119.66521999999998"><ele>2475.0</ele></trkpt><trkpt lat="38.41079" lon="-119.66543999999999"><ele>2475.0</ele></trkpt><trkpt lat="38.41115" lon="-119.66566"><ele>2472.0</ele></trkpt><trkpt lat="38.41124" lon="-119.66584"><ele>2472.0</ele></trkpt><trkpt lat="38.41131" lon="-119.66611999999998"><ele>2473.0</ele></trkpt><trkpt lat="38.41162" lon="-119.66640000000001"><ele>2471.333157931964</ele></trkpt><trkpt lat="38.41165" lon="-119.66649000000001"><ele>2472.0</ele></trkpt><trkpt lat="38.41159" lon="-119.66661999999997"><ele>2473.0</ele></trkpt><trkpt lat="38.41159" lon="-119.66672"><ele>2473.0</ele></trkpt><trkpt lat="38.41172" lon="-119.66696000000002"><ele>2474.430836983718</ele></trkpt><trkpt lat="38.41197" lon="-119.66730999999999"><ele>2477.3555804444477</ele></trkpt><trkpt lat="38.41212" lon="-119.66762"><ele>2479.923801534863</ele></trkpt><trkpt lat="38.41234" lon="-119.66778999999997"><ele>2481.725201776251</ele></trkpt><trkpt lat="38.41246" lon="-119.66784000000001"><ele>2484.0</ele></trkpt><trkpt lat="38.41287" lon="-119.66786000000002"><ele>2485.993911183905</ele></trkpt><trkpt lat="38.41298" lon="-119.66791"><ele>2487.3176071112975</ele></trkpt><trkpt lat="38.41329" lon="-119.66798"><ele>2493.579843555577</ele></trkpt><trkpt lat="38.41377" lon="-119.66798"><ele>2498.579843555577</ele></trkpt><trkpt lat="38.4141" lon="-119.66823999999997"><ele>2505.6967217763886</ele></trkpt><trkpt lat="38.4142" lon="-119.66829000000001"><ele>2508.026890667621</ele></trkpt><trkpt lat="38.41429" lon="-119.66826000000003"><ele>2507.6287893354893</ele></trkpt><trkpt lat="38.41434" lon="-119.66832"><ele>2508.755335791405</ele></trkpt><trkpt lat="38.41436" lon="-119.66840000000002"><ele>2510.0</ele></trkpt><trkpt lat="38.41458" lon="-119.66854000000001"><ele>2514.677735111676</ele></trkpt><trkpt lat="38.41467" lon="-119.66854999999998"><ele>2515.1437688884325</ele></trkpt><trkpt lat="38.41511" lon="-119.66892000000001"><ele>2525.3870186679997</ele></trkpt><trkpt lat="38.41519" lon="-119.66892999999999"><ele>2525.8530524442904</ele></trkpt><trkpt lat="38.41538" lon="-119.66910000000001"><ele>2529.9364567255934</ele></trkpt><trkpt lat="38.41545" lon="-119.66922"><ele>2529.0</ele></trkpt><trkpt lat="38.4156" lon="-119.66922999999997"><ele>2535.6760392989913</ele></trkpt><trkpt lat="38.41575" lon="-119.66916000000003"><ele>2536.143658670597</ele></trkpt><trkpt lat="38.41583" lon="-119.66919999999999"><ele>2539.871928888373</ele></trkpt><trkpt lat="38.416" lon="-119.66917999999998"><ele>2538.343560411129</ele></trkpt><trkpt lat="38.4163" lon="-119.66931"><ele>2537.564711416159</ele></trkpt><trkpt lat="38.41658" lon="-119.66937000000001"><ele>2541.3585386672057</ele></trkpt><trkpt lat="38.41681" lon="-119.66953999999998"><ele>2547.2811128883623</ele></trkpt><trkpt lat="38.41701" lon="-119.66961000000003"><ele>2550.5023317619625</ele></trkpt><trkpt lat="38.41732" lon="-119.66962000000001"><ele>2552.6895391065627</ele></trkpt><trkpt lat="38.41744" lon="-119.66967999999997"><ele>2551.9939124989323</ele></trkpt><trkpt lat="38.41777" lon="-119.66971000000001"><ele>2555.407374222763</ele></trkpt><trkpt lat="38.41803" lon="-119.66991000000002"><ele>2557.569347320889</ele></trkpt><trkpt lat="38.41793" lon="-119.66997000000003"><ele>2562.3205653354526</ele></trkpt><trkpt lat="38.41775" lon="-119.66989000000001"><ele>2564.443791297641</ele></trkpt><trkpt lat="38.41766" lon="-119.66989000000001"><ele>2566.592295111157</ele></trkpt><trkpt lat="38.41742" lon="-119.66994999999997"><ele>2567.0105574610643</ele></trkpt><trkpt lat="38.41728" lon="-119.66993000000002"><ele>2569.1616564528085</ele></trkpt><trkpt lat="38.41709" lon="-119.67005"><ele>2577.042636798684</ele></trkpt><trkpt lat="38.41695" lon="-119.67020000000002"><ele>2581.4124493440613</ele></trkpt><trkpt lat="38.41677" lon="-119.67020000000002"><ele>2585.039342223201</ele></trkpt><trkpt lat="38.41647" lon="-119.67032"><ele>2589.631747555919</ele></trkpt><trkpt lat="38.41615" lon="-119.67032"><ele>2588.601451031519</ele></trkpt><trkpt lat="38.41583" lon="-119.67041999999998"><ele>2594.014263401835</ele></trkpt><trkpt lat="38.41559" lon="-119.67045000000002"><ele>2597.690186667256</ele></trkpt><trkpt lat="38.41549" lon="-119.67054999999999"><ele>2600.8869246226236</ele></trkpt><trkpt lat="38.4154" lon="-119.67068999999998"><ele>2604.8749973322265</ele></trkpt><trkpt lat="38.41532" lon="-119.67070999999999"><ele>2605.8070648880675</ele></trkpt><trkpt lat="38.41525" lon="-119.67079000000001"><ele>2608.5353351118974</ele></trkpt><trkpt lat="38.415" lon="-119.67119000000002"><ele>2615.737565338817</ele></trkpt><trkpt lat="38.41492" lon="-119.6712"><ele>2615.0495188803</ele></trkpt><trkpt lat="38.4149" lon="-119.67110000000002"><ele>2614.2536973431565</ele></trkpt><trkpt lat="38.41476" lon="-119.67099000000002"><ele>2617.0</ele></trkpt><trkpt lat="38.41466" lon="-119.67070000000001"><ele>2619.8824885035865</ele></trkpt><trkpt lat="38.41461" lon="-119.67068"><ele>2621.2107701309933</ele></trkpt><trkpt lat="38.41453" lon="-119.67050999999998"><ele>2623.0</ele></trkpt><trkpt lat="38.41439" lon="-119.67041999999998"><ele>2625.7172554407225</ele></trkpt><trkpt lat="38.41423" lon="-119.67045000000002"><ele>2626.690186667256</ele></trkpt><trkpt lat="38.41418" lon="-119.67052000000001"><ele>2628.956752328617</ele></trkpt><trkpt lat="38.4143" lon="-119.67070000000001"><ele>2631.0</ele></trkpt><trkpt lat="38.41431" lon="-119.67077"><ele>2631.3588466495275</ele></trkpt><trkpt lat="38.41427" lon="-119.67093999999997"><ele>2631.8757565248407</ele></trkpt><trkpt lat="38.41428" lon="-119.67104"><ele>2634.0266589778967</ele></trkpt><trkpt lat="38.41436" lon="-119.67122"><ele>2635.384940072894</ele></trkpt><trkpt lat="38.41439" lon="-119.67135000000002"><ele>2636.3803128586633</ele></trkpt><trkpt lat="38.41449" lon="-119.67158"><ele>2638.2297785365295</ele></trkpt><trkpt lat="38.41465" lon="-119.67178000000001"><ele>2640.672679111827</ele></trkpt><trkpt lat="38.41473" lon="-119.67192999999997"><ele>2641.790490586912</ele></trkpt><trkpt lat="38.41475" lon="-119.67203999999998"><ele>2642.0</ele></trkpt><trkpt lat="38.41478" lon="-119.67200000000003"><ele>2640.373910902638</ele></trkpt><trkpt lat="38.4148" lon="-119.67207000000002"><ele>2642.1876586675644</ele></trkpt><trkpt lat="38.41495" lon="-119.67207000000002"><ele>2648.762238218571</ele></trkpt><trkpt lat="38.41503" lon="-119.67196999999999"><ele>2647.527320888359</ele></trkpt><trkpt lat="38.41511" lon="-119.67194"><ele>2648.1292195562273</ele></trkpt><trkpt lat="38.41525" lon="-119.67198000000002"><ele>2650.997015855933</ele></trkpt><trkpt lat="38.41568" lon="-119.67192999999997"><ele>2656.663185776677</ele></trkpt><trkpt lat="38.41619" lon="-119.67199"><ele>2665.7088573015712</ele></trkpt><trkpt lat="38.4164" lon="-119.67196999999999"><ele>2668.527320888359</ele></trkpt><trkpt lat="38.41652" lon="-119.6719"><ele>2668.3310717381664</ele></trkpt><trkpt lat="38.41673" lon="-119.67189000000002"><ele>2670.463922799573</ele></trkpt><trkpt lat="38.41705" lon="-119.67201999999997"><ele>2674.0</ele></trkpt><trkpt lat="38.41708" lon="-119.67209000000003"><ele>2675.0477323344794</ele></trkpt><trkpt lat="38.417" lon="-119.67219"><ele>2676.7800640002824</ele></trkpt><trkpt lat="38.41677" lon="-119.67228"><ele>2679.974368000403</ele></trkpt><trkpt lat="38.41659" lon="-119.67241000000001"><ele>2683.032807112206</ele></trkpt><trkpt lat="38.41654" lon="-119.67248000000001"><ele>2685.0</ele></trkpt><trkpt lat="38.41656" lon="-119.67255999999998"><ele>2687.02331377659</ele></trkpt><trkpt lat="38.41665" lon="-119.67259000000001"><ele>2688.4214151119813</ele></trkpt><trkpt lat="38.41688" lon="-119.67257999999998"><ele>2692.457998546306</ele></trkpt><trkpt lat="38.41699" lon="-119.67252000000002"><ele>2693.0072342147514</ele></trkpt><trkpt lat="38.41709" lon="-119.67252000000002"><ele>2693.159178667702</ele></trkpt><trkpt lat="38.41733" lon="-119.67261000000002"><ele>2696.3534826678224</ele></trkpt><trkpt lat="38.41755" lon="-119.67275999999998"><ele>2700.0</ele></trkpt><trkpt lat="38.41806" lon="-119.67284999999998"><ele>2700.538293332793</ele></trkpt><trkpt lat="38.41826" lon="-119.67281000000003"><ele>2697.0</ele></trkpt><trkpt lat="38.41865" lon="-119.67293999999998"><ele>2696.158308260322</ele></trkpt><trkpt lat="38.4189" lon="-119.67291"><ele>2694.334496000316</ele></trkpt><trkpt lat="38.41902" lon="-119.67293000000001"><ele>2696.0</ele></trkpt><trkpt lat="38.41911" lon="-119.67304000000001"><ele>2698.0</ele></trkpt><trkpt lat="38.4193" lon="-119.67308000000003"><ele>2698.1421143863517</ele></trkpt><trkpt lat="38.41962" lon="-119.67322000000001"><ele>2697.405207358047</ele></trkpt><trkpt lat="38.42068" lon="-119.67389000000003"><ele>2701.0</ele></trkpt><trkpt lat="38.42086" lon="-119.67406"><ele>2701.75955924578</ele></trkpt><trkpt lat="38.42097" lon="-119.67412999999999"><ele>2701.0412435560434</ele></trkpt><trkpt lat="38.4211" lon="-119.67412999999999"><ele>2701.0</ele></trkpt><trkpt lat="38.42126" lon="-119.67417"><ele>2700.054752000142</ele></trkpt><trkpt lat="38.42162" lon="-119.67434000000003"><ele>2700.9773262236267</ele></trkpt><trkpt lat="38.42177" lon="-119.67435999999998"><ele>2699.909393776674</ele></trkpt><trkpt lat="38.422" lon="-119.67437000000001"><ele>2697.37542755669</ele></trkpt><trkpt lat="38.42223" lon="-119.67426999999998"><ele>2694.0</ele></trkpt><trkpt lat="38.42247" lon="-119.67431999999997"><ele>2692.0</ele></trkpt><trkpt lat="38.42266" lon="-119.67442"><ele>2691.0</ele></trkpt><trkpt lat="38.42274" lon="-119.67453"><ele>2691.772995452997</ele></trkpt><trkpt lat="38.4229" lon="-119.67491999999999"><ele>2690.4157853801235</ele></trkpt><trkpt lat="38.42296" lon="-119.67518999999999"><ele>2688.935409132648</ele></trkpt><trkpt lat="38.42297" lon="-119.67545000000001"><ele>2690.0</ele></trkpt><trkpt lat="38.42302" lon="-119.67563000000001"><ele>2689.026147441954</ele></trkpt><trkpt lat="38.42345" lon="-119.67613"><ele>2688.5814617192655</ele></trkpt><trkpt lat="38.42371" lon="-119.67617000000001"><ele>2692.0</ele></trkpt><trkpt lat="38.42409" lon="-119.67602999999997"><ele>2696.0</ele></trkpt><trkpt lat="38.42425" lon="-119.67608999999999"><ele>2695.533237332944</ele></trkpt><trkpt lat="38.42448" lon="-119.67605000000003"><ele>2693.66910222359</ele></trkpt><trkpt lat="38.42462" lon="-119.67596000000003"><ele>2692.0</ele></trkpt><trkpt lat="38.42479" lon="-119.67596000000003"><ele>2690.4667407405304</ele></trkpt><trkpt lat="38.42493" lon="-119.67590999999999"><ele>2689.1446293327026</ele></trkpt><trkpt lat="38.425" lon="-119.67584"><ele>2686.9401139925094</ele></trkpt><trkpt lat="38.42516" lon="-119.67583000000002"><ele>2683.984171285311</ele></trkpt><trkpt lat="38.42565" lon="-119.67597"><ele>2677.775366352241</ele></trkpt><trkpt lat="38.42598" lon="-119.67611999999997"><ele>2672.179958343918</ele></trkpt><trkpt lat="38.42634" lon="-119.67655000000002"><ele>2670.754880085999</ele></trkpt><trkpt lat="38.42654" lon="-119.67668000000003"><ele>2666.8834812459836</ele></trkpt><trkpt lat="38.42659" lon="-119.67719999999997"><ele>2664.6674117901016</ele></trkpt><trkpt lat="38.42663" lon="-119.67732999999998"><ele>2663.526033129543</ele></trkpt><trkpt lat="38.42691" lon="-119.67759999999998"><ele>2658.786131049751</ele></trkpt><trkpt lat="38.42759" lon="-119.67815999999999"><ele>2654.418227752702</ele></trkpt><trkpt lat="38.42771" lon="-119.67840999999999"><ele>2655.931310134474</ele></trkpt><trkpt lat="38.42777" lon="-119.67847999999998"><ele>2655.0</ele></trkpt><trkpt lat="38.42777" lon="-119.67847999999998"><ele>2655.0</ele></trkpt><trkpt lat="38.42793" lon="-119.67862000000002"><ele>2652.0</ele></trkpt><trkpt lat="38.42797" lon="-119.67878000000002"><ele>2650.726945898838</ele></trkpt><trkpt lat="38.42811" lon="-119.67899999999997"><ele>2649.0719264912786</ele></trkpt><trkpt lat="38.42825" lon="-119.67903999999999"><ele>2647.0</ele></trkpt><trkpt lat="38.42852" lon="-119.67942"><ele>2647.747949591135</ele></trkpt><trkpt lat="38.42873" lon="-119.67962999999997"><ele>2646.59887939319</ele></trkpt><trkpt lat="38.42906" lon="-119.68034999999998"><ele>2642.9979091788414</ele></trkpt><trkpt lat="38.42923774390943" lon="-119.68061138810208"><ele>2640.0</ele></trkpt><trkpt lat="38.42923774390943" lon="-119.68061138810208"><ele>2640.0</ele></trkpt><trkpt lat="38.4294" lon="-119.68085000000002"><ele>2640.0</ele></trkpt><trkpt lat="38.42983" lon="-119.68099999999998"><ele>2641.0</ele></trkpt><trkpt lat="38.43012" lon="-119.68101000000001"><ele>2644.8218560004607</ele></trkpt><trkpt lat="38.43064" lon="-119.68117999999998"><ele>2648.0212133771665</ele></trkpt><trkpt lat="38.43085" lon="-119.68115999999998"><ele>2651.423843512596</ele></trkpt><trkpt lat="38.43096" lon="-119.68108999999998"><ele>2652.0</ele></trkpt><trkpt lat="38.43125" lon="-119.68103000000002"><ele>2655.2401250889025</ele></trkpt><trkpt lat="38.43143" lon="-119.68094000000002"><ele>2659.015157330466</ele></trkpt><trkpt lat="38.43204" lon="-119.68018999999998"><ele>2669.3174865487963</ele></trkpt><trkpt lat="38.4322" lon="-119.68004000000002"><ele>2672.5156646803794</ele></trkpt><trkpt lat="38.4323" lon="-119.67980999999997"><ele>2675.4909511824535</ele></trkpt><trkpt lat="38.43243" lon="-119.67964999999998"><ele>2677.2293271455665</ele></trkpt><trkpt lat="38.43298" lon="-119.67935999999997"><ele>2685.223234631765</ele></trkpt><trkpt lat="38.43323" lon="-119.67937999999998"><ele>2686.885601883754</ele></trkpt><trkpt lat="38.43335" lon="-119.67944"><ele>2684.9123782944284</ele></trkpt><trkpt lat="38.43349" lon="-119.67942"><ele>2681.8382682781244</ele></trkpt><trkpt lat="38.43375" lon="-119.67952000000002"><ele>2678.363211080679</ele></trkpt><trkpt lat="38.43395" lon="-119.67946999999998"><ele>2671.0999544042747</ele></trkpt><trkpt lat="38.43427" lon="-119.67952000000002"><ele>2662.0044848827633</ele></trkpt><trkpt lat="38.43456" lon="-119.67971999999997"><ele>2656.928324086147</ele></trkpt><trkpt lat="38.43477" lon="-119.67989999999998"><ele>2651.0921066659503</ele></trkpt><trkpt lat="38.43521" lon="-119.68020999999999"><ele>2638.5790050085866</ele></trkpt><trkpt lat="38.43539" lon="-119.68020000000001"><ele>2634.0</ele></trkpt><trkpt lat="38.4357" lon="-119.67989999999998"><ele>2632.0</ele></trkpt><trkpt lat="38.43591" lon="-119.67980999999997"><ele>2632.5604552272707</ele></trkpt><trkpt lat="38.43601" lon="-119.67962"><ele>2637.0</ele></trkpt><trkpt lat="38.43605" lon="-119.67925000000002"><ele>2640.0</ele></trkpt><trkpt lat="38.43614" lon="-119.67923000000002"><ele>2642.2445344049484</ele></trkpt><trkpt lat="38.43621" lon="-119.67923000000002"><ele>2643.921930274022</ele></trkpt><trkpt lat="38.43629" lon="-119.67932000000002"><ele>2643.9894997130978</ele></trkpt><trkpt lat="38.43636" lon="-119.67933"><ele>2643.0</ele></trkpt><trkpt lat="38.43646" lon="-119.67943000000002"><ele>2642.0</ele></trkpt><trkpt lat="38.43663" lon="-119.67948000000001"><ele>2640.0</ele></trkpt><trkpt lat="38.43669" lon="-119.67955"><ele>2639.0</ele></trkpt><trkpt lat="38.43675" lon="-119.67955"><ele>2639.0</ele></trkpt><trkpt lat="38.43688" lon="-119.67944"><ele>2637.7281324695796</ele></trkpt><trkpt lat="38.43707" lon="-119.67935999999997"><ele>2633.4237443953753</ele></trkpt><trkpt lat="38.43714" lon="-119.67941000000002"><ele>2631.7435484430753</ele></trkpt><trkpt lat="38.43722" lon="-119.67964999999998"><ele>2627.0</ele></trkpt><trkpt lat="38.43757" lon="-119.67986000000002"><ele>2623.1539292597713</ele></trkpt><trkpt lat="38.43768" lon="-119.67980999999997"><ele>2621.0</ele></trkpt><trkpt lat="38.43783" lon="-119.67986000000002"><ele>2617.8189665546683</ele></trkpt><trkpt lat="38.43801" lon="-119.67970000000003"><ele>2616.388543526623</ele></trkpt><trkpt lat="38.43811" lon="-119.67959000000002"><ele>2615.6450595567003</ele></trkpt><trkpt lat="38.43821" lon="-119.67955"><ele>2613.9116668029483</ele></trkpt><trkpt lat="38.43835" lon="-119.67955"><ele>2610.2085782780932</ele></trkpt><trkpt lat="38.43849" lon="-119.67964999999998"><ele>2610.0</ele></trkpt><trkpt lat="38.43849" lon="-119.67964999999998"><ele>2610.0</ele></trkpt><trkpt lat="38.43849" lon="-119.67964999999998"><ele>2610.0</ele></trkpt><trkpt lat="38.43849" lon="-119.67964999999998"><ele>2610.0</ele></trkpt><trkpt lat="38.43849" lon="-119.67964999999998"><ele>2610.0</ele></trkpt><trkpt lat="38.43849" lon="-119.67964999999998"><ele>2610.0</ele></trkpt><trkpt lat="38.43835" lon="-119.67955"><ele>2610.2085782780932</ele></trkpt><trkpt lat="38.43821" lon="-119.67955"><ele>2613.9116668029483</ele></trkpt><trkpt lat="38.43811" lon="-119.67959000000002"><ele>2615.6450595567003</ele></trkpt><trkpt lat="38.43801" lon="-119.67970000000003"><ele>2616.388543526623</ele></trkpt><trkpt lat="38.43783" lon="-119.67986000000002"><ele>2617.8189665546683</ele></trkpt><trkpt lat="38.43768" lon="-119.67980999999997"><ele>2621.0</ele></trkpt><trkpt lat="38.43757" lon="-119.67986000000002"><ele>2623.1539292597713</ele></trkpt><trkpt lat="38.43722" lon="-119.67964999999998"><ele>2627.0</ele></trkpt><trkpt lat="38.43714" lon="-119.67941000000002"><ele>2631.7435484430753</ele></trkpt><trkpt lat="38.43707" lon="-119.67935999999997"><ele>2633.4237443953753</ele></trkpt><trkpt lat="38.43688" lon="-119.67944"><ele>2637.7281324695796</ele></trkpt><trkpt lat="38.43675" lon="-119.67955"><ele>2639.0</ele></trkpt><trkpt lat="38.43669" lon="-119.67955"><ele>2639.0</ele></trkpt><trkpt lat="38.43663" lon="-119.67948000000001"><ele>2640.0</ele></trkpt><trkpt lat="38.43646" lon="-119.67943000000002"><ele>2642.0</ele></trkpt><trkpt lat="38.43636" lon="-119.67933"><ele>2643.0</ele></trkpt><trkpt lat="38.43629" lon="-119.67932000000002"><ele>2643.9894997130978</ele></trkpt><trkpt lat="38.43621" lon="-119.67923000000002"><ele>2643.921930274022</ele></trkpt><trkpt lat="38.43614" lon="-119.67923000000002"><ele>2642.2445344049484</ele></trkpt><trkpt lat="38.43605" lon="-119.67925000000002"><ele>2640.0</ele></trkpt><trkpt lat="38.43601" lon="-119.67962"><ele>2637.0</ele></trkpt><trkpt lat="38.43591" lon="-119.67980999999997"><ele>2632.5604552272707</ele></trkpt><trkpt lat="38.4357" lon="-119.67989999999998"><ele>2632.0</ele></trkpt><trkpt lat="38.43539" lon="-119.68020000000001"><ele>2634.0</ele></trkpt><trkpt lat="38.43521" lon="-119.68020999999999"><ele>2638.5790050085866</ele></trkpt><trkpt lat="38.43477" lon="-119.67989999999998"><ele>2651.0921066659503</ele></trkpt><trkpt lat="38.43456" lon="-119.67971999999997"><ele>2656.928324086147</ele></trkpt><trkpt lat="38.43427" lon="-119.67952000000002"><ele>2662.0044848827633</ele></trkpt><trkpt lat="38.43395" lon="-119.67946999999998"><ele>2671.0999544042747</ele></trkpt><trkpt lat="38.43375" lon="-119.67952000000002"><ele>2678.363211080679</ele></trkpt><trkpt lat="38.43349" lon="-119.67942"><ele>2681.8382682781244</ele></trkpt><trkpt lat="38.43335" lon="-119.67944"><ele>2684.9123782944284</ele></trkpt><trkpt lat="38.43323" lon="-119.67937999999998"><ele>2686.885601883754</ele></trkpt><trkpt lat="38.43298" lon="-119.67935999999997"><ele>2685.223234631765</ele></trkpt><trkpt lat="38.43243" lon="-119.67964999999998"><ele>2677.2293271455665</ele></trkpt><trkpt lat="38.4323" lon="-119.67980999999997"><ele>2675.4909511824535</ele></trkpt><trkpt lat="38.4322" lon="-119.68004000000002"><ele>2672.5156646803794</ele></trkpt><trkpt lat="38.43204" lon="-119.68018999999998"><ele>2669.3174865487963</ele></trkpt><trkpt lat="38.43143" lon="-119.68094000000002"><ele>2659.015157330466</ele></trkpt><trkpt lat="38.43125" lon="-119.68103000000002"><ele>2655.2401250889025</ele></trkpt><trkpt lat="38.43096" lon="-119.68108999999998"><ele>2652.0</ele></trkpt><trkpt lat="38.43085" lon="-119.68115999999998"><ele>2651.423843512596</ele></trkpt><trkpt lat="38.43064" lon="-119.68117999999998"><ele>2648.0212133771665</ele></trkpt><trkpt lat="38.43012" lon="-119.68101000000001"><ele>2644.8218560004607</ele></trkpt><trkpt lat="38.42983" lon="-119.68099999999998"><ele>2641.0</ele></trkpt><trkpt lat="38.4294" lon="-119.68085000000002"><ele>2640.0</ele></trkpt><trkpt lat="38.42923774390943" lon="-119.68061138810208"><ele>2640.0</ele></trkpt><trkpt lat="38.42923774390943" lon="-119.68061138810208"><ele>2640.0</ele></trkpt><trkpt lat="38.42906" lon="-119.68034999999998"><ele>2642.9979091788414</ele></trkpt><trkpt lat="38.42873" lon="-119.67962999999997"><ele>2646.59887939319</ele></trkpt><trkpt lat="38.42852" lon="-119.67942"><ele>2647.747949591135</ele></trkpt><trkpt lat="38.42825" lon="-119.67903999999999"><ele>2647.0</ele></trkpt><trkpt lat="38.42811" lon="-119.67899999999997"><ele>2649.0719264912786</ele></trkpt><trkpt lat="38.42797" lon="-119.67878000000002"><ele>2650.726945898838</ele></trkpt><trkpt lat="38.42793" lon="-119.67862000000002"><ele>2652.0</ele></trkpt><trkpt lat="38.42777" lon="-119.67847999999998"><ele>2655.0</ele></trkpt><trkpt lat="38.42777" lon="-119.67847999999998"><ele>2655.0</ele></trkpt><trkpt lat="38.42771" lon="-119.67840999999999"><ele>2655.931310134474</ele></trkpt><trkpt lat="38.42759" lon="-119.67815999999999"><ele>2654.418227752702</ele></trkpt><trkpt lat="38.42691" lon="-119.67759999999998"><ele>2658.786131049751</ele></trkpt><trkpt lat="38.42663" lon="-119.67732999999998"><ele>2663.526033129543</ele></trkpt><trkpt lat="38.42659" lon="-119.67719999999997"><ele>2664.6674117901016</ele></trkpt><trkpt lat="38.42654" lon="-119.67668000000003"><ele>2666.8834812459836</ele></trkpt><trkpt lat="38.42634" lon="-119.67655000000002"><ele>2670.754880085999</ele></trkpt><trkpt lat="38.42598" lon="-119.67611999999997"><ele>2672.179958343918</ele></trkpt><trkpt lat="38.42565" lon="-119.67597"><ele>2677.775366352241</ele></trkpt><trkpt lat="38.42516" lon="-119.67583000000002"><ele>2683.984171285311</ele></trkpt><trkpt lat="38.425" lon="-119.67584"><ele>2686.9401139925094</ele></trkpt><trkpt lat="38.42493" lon="-119.67590999999999"><ele>2689.1446293327026</ele></trkpt><trkpt lat="38.42479" lon="-119.67596000000003"><ele>2690.4667407405304</ele></trkpt><trkpt lat="38.42462" lon="-119.67596000000003"><ele>2692.0</ele></trkpt><trkpt lat="38.42448" lon="-119.67605000000003"><ele>2693.66910222359</ele></trkpt><trkpt lat="38.42425" lon="-119.67608999999999"><ele>2695.533237332944</ele></trkpt><trkpt lat="38.42409" lon="-119.67602999999997"><ele>2696.0</ele></trkpt><trkpt lat="38.42371" lon="-119.67617000000001"><ele>2692.0</ele></trkpt><trkpt lat="38.42345" lon="-119.67613"><ele>2688.5814617192655</ele></trkpt><trkpt lat="38.42302" lon="-119.67563000000001"><ele>2689.026147441954</ele></trkpt><trkpt lat="38.42297" lon="-119.67545000000001"><ele>2690.0</ele></trkpt><trkpt lat="38.42296" lon="-119.67518999999999"><ele>2688.935409132648</ele></trkpt><trkpt lat="38.4229" lon="-119.67491999999999"><ele>2690.4157853801235</ele></trkpt><trkpt lat="38.42274" lon="-119.67453"><ele>2691.772995452997</ele></trkpt><trkpt lat="38.42266" lon="-119.67442"><ele>2691.0</ele></trkpt><trkpt lat="38.42247" lon="-119.67431999999997"><ele>2692.0</ele></trkpt><trkpt lat="38.42223" lon="-119.67426999999998"><ele>2694.0</ele></trkpt><trkpt lat="38.422" lon="-119.67437000000001"><ele>2697.37542755669</ele></trkpt><trkpt lat="38.42177" lon="-119.67435999999998"><ele>2699.909393776674</ele></trkpt><trkpt lat="38.42162" lon="-119.67434000000003"><ele>2700.9773262236267</ele></trkpt><trkpt lat="38.42126" lon="-119.67417"><ele>2700.054752000142</ele></trkpt><trkpt lat="38.4211" lon="-119.67412999999999"><ele>2701.0</ele></trkpt><trkpt lat="38.42097" lon="-119.67412999999999"><ele>2701.0412435560434</ele></trkpt><trkpt lat="38.42086" lon="-119.67406"><ele>2701.75955924578</ele></trkpt><trkpt lat="38.42068" lon="-119.67389000000003"><ele>2701.0</ele></trkpt><trkpt lat="38.41962" lon="-119.67322000000001"><ele>2697.405207358047</ele></trkpt><trkpt lat="38.4193" lon="-119.67308000000003"><ele>2698.1421143863517</ele></trkpt><trkpt lat="38.41911" lon="-119.67304000000001"><ele>2698.0</ele></trkpt><trkpt lat="38.41902" lon="-119.67293000000001"><ele>2696.0</ele></trkpt><trkpt lat="38.4189" lon="-119.67291"><ele>2694.334496000316</ele></trkpt><trkpt lat="38.41865" lon="-119.67293999999998"><ele>2696.158308260322</ele></trkpt><trkpt lat="38.41826" lon="-119.67281000000003"><ele>2697.0</ele></trkpt><trkpt lat="38.41806" lon="-119.67284999999998"><ele>2700.538293332793</ele></trkpt><trkpt lat="38.41755" lon="-119.67275999999998"><ele>2700.0</ele></trkpt><trkpt lat="38.41733" lon="-119.67261000000002"><ele>2696.3534826678224</ele></trkpt><trkpt lat="38.41709" lon="-119.67252000000002"><ele>2693.159178667702</ele></trkpt><trkpt lat="38.41699" lon="-119.67252000000002"><ele>2693.0072342147514</ele></trkpt><trkpt lat="38.41688" lon="-119.67257999999998"><ele>2692.457998546306</ele></trkpt><trkpt lat="38.41665" lon="-119.67259000000001"><ele>2688.4214151119813</ele></trkpt><trkpt lat="38.41656" lon="-119.67255999999998"><ele>2687.02331377659</ele></trkpt><trkpt lat="38.41654" lon="-119.67248000000001"><ele>2685.0</ele></trkpt><trkpt lat="38.41659" lon="-119.67241000000001"><ele>2683.032807112206</ele></trkpt><trkpt lat="38.41677" lon="-119.67228"><ele>2679.974368000403</ele></trkpt><trkpt lat="38.417" lon="-119.67219"><ele>2676.7800640002824</ele></trkpt><trkpt lat="38.41708" lon="-119.67209000000003"><ele>2675.0477323344794</ele></trkpt><trkpt lat="38.41705" lon="-119.67201999999997"><ele>2674.0</ele></trkpt><trkpt lat="38.41673" lon="-119.67189000000002"><ele>2670.463922799573</ele></trkpt><trkpt lat="38.41652" lon="-119.6719"><ele>2668.3310717381664</ele></trkpt><trkpt lat="38.4164" lon="-119.67196999999999"><ele>2668.527320888359</ele></trkpt><trkpt lat="38.41619" lon="-119.67199"><ele>2665.7088573015712</ele></trkpt><trkpt lat="38.41568" lon="-119.67192999999997"><ele>2656.663185776677</ele></trkpt><trkpt lat="38.41525" lon="-119.67198000000002"><ele>2650.997015855933</ele></trkpt><trkpt lat="38.41511" lon="-119.67194"><ele>2648.1292195562273</ele></trkpt><trkpt lat="38.41503" lon="-119.67196999999999"><ele>2647.527320888359</ele></trkpt><trkpt lat="38.41495" lon="-119.67207000000002"><ele>2648.762238218571</ele></trkpt><trkpt lat="38.4148" lon="-119.67207000000002"><ele>2642.1876586675644</ele></trkpt><trkpt lat="38.41478" lon="-119.67200000000003"><ele>2640.373910902638</ele></trkpt><trkpt lat="38.41475" lon="-119.67203999999998"><ele>2642.0</ele></trkpt><trkpt lat="38.41473" lon="-119.67192999999997"><ele>2641.790490586912</ele></trkpt><trkpt lat="38.41465" lon="-119.67178000000001"><ele>2640.672679111827</ele></trkpt><trkpt lat="38.41449" lon="-119.67158"><ele>2638.2297785365295</ele></trkpt><trkpt lat="38.41439" lon="-119.67135000000002"><ele>2636.3803128586633</ele></trkpt><trkpt lat="38.41436" lon="-119.67122"><ele>2635.384940072894</ele></trkpt><trkpt lat="38.41428" lon="-119.67104"><ele>2634.0266589778967</ele></trkpt><trkpt lat="38.41427" lon="-119.67093999999997"><ele>2631.8757565248407</ele></trkpt><trkpt lat="38.41431" lon="-119.67077"><ele>2631.3588466495275</ele></trkpt><trkpt lat="38.4143" lon="-119.67070000000001"><ele>2631.0</ele></trkpt><trkpt lat="38.41418" lon="-119.67052000000001"><ele>2628.956752328617</ele></trkpt><trkpt lat="38.41423" lon="-119.67045000000002"><ele>2626.690186667256</ele></trkpt><trkpt lat="38.41439" lon="-119.67041999999998"><ele>2625.7172554407225</ele></trkpt><trkpt lat="38.41453" lon="-119.67050999999998"><ele>2623.0</ele></trkpt><trkpt lat="38.41461" lon="-119.67068"><ele>2621.2107701309933</ele></trkpt><trkpt lat="38.41466" lon="-119.67070000000001"><ele>2619.8824885035865</ele></trkpt><trkpt lat="38.41476" lon="-119.67099000000002"><ele>2617.0</ele></trkpt><trkpt lat="38.4149" lon="-119.67110000000002"><ele>2614.2536973431565</ele></trkpt><trkpt lat="38.41492" lon="-119.6712"><ele>2615.0495188803</ele></trkpt><trkpt lat="38.415" lon="-119.67119000000002"><ele>2615.737565338817</ele></trkpt><trkpt lat="38.41525" lon="-119.67079000000001"><ele>2608.5353351118974</ele></trkpt><trkpt lat="38.41532" lon="-119.67070999999999"><ele>2605.8070648880675</ele></trkpt><trkpt lat="38.4154" lon="-119.67068999999998"><ele>2604.8749973322265</ele></trkpt><trkpt lat="38.41549" lon="-119.67054999999999"><ele>2600.8869246226236</ele></trkpt><trkpt lat="38.41559" lon="-119.67045000000002"><ele>2597.690186667256</ele></trkpt><trkpt lat="38.41583" lon="-119.67041999999998"><ele>2594.014263401835</ele></trkpt><trkpt lat="38.41615" lon="-119.67032"><ele>2588.601451031519</ele></trkpt><trkpt lat="38.41647" lon="-119.67032"><ele>2589.631747555919</ele></trkpt><trkpt lat="38.41677" lon="-119.67020000000002"><ele>2585.039342223201</ele></trkpt><trkpt lat="38.41695" lon="-119.67020000000002"><ele>2581.4124493440613</ele></trkpt><trkpt lat="38.41709" lon="-119.67005"><ele>2577.042636798684</ele></trkpt><trkpt lat="38.41728" lon="-119.66993000000002"><ele>2569.1616564528085</ele></trkpt><trkpt lat="38.41742" lon="-119.66994999999997"><ele>2567.0105574610643</ele></trkpt><trkpt lat="38.41766" lon="-119.66989000000001"><ele>2566.592295111157</ele></trkpt><trkpt lat="38.41775" lon="-119.66989000000001"><ele>2564.443791297641</ele></trkpt><trkpt lat="38.41793" lon="-119.66997000000003"><ele>2562.3205653354526</ele></trkpt><trkpt lat="38.41803" lon="-119.66991000000002"><ele>2557.569347320889</ele></trkpt><trkpt lat="38.41777" lon="-119.66971000000001"><ele>2555.407374222763</ele></trkpt><trkpt lat="38.41744" lon="-119.66967999999997"><ele>2551.9939124989323</ele></trkpt><trkpt lat="38.41732" lon="-119.66962000000001"><ele>2552.6895391065627</ele></trkpt><trkpt lat="38.41701" lon="-119.66961000000003"><ele>2550.5023317619625</ele></trkpt><trkpt lat="38.41681" lon="-119.66953999999998"><ele>2547.2811128883623</ele></trkpt><trkpt lat="38.41658" lon="-119.66937000000001"><ele>2541.3585386672057</ele></trkpt><trkpt lat="38.4163" lon="-119.66931"><ele>2537.564711416159</ele></trkpt><trkpt lat="38.416" lon="-119.66917999999998"><ele>2538.343560411129</ele></trkpt><trkpt lat="38.41583" lon="-119.66919999999999"><ele>2539.871928888373</ele></trkpt><trkpt lat="38.41575" lon="-119.66916000000003"><ele>2536.143658670597</ele></trkpt><trkpt lat="38.4156" lon="-119.66922999999997"><ele>2535.6760392989913</ele></trkpt><trkpt lat="38.41545" lon="-119.66922"><ele>2529.0</ele></trkpt><trkpt lat="38.41538" lon="-119.66910000000001"><ele>2529.9364567255934</ele></trkpt><trkpt lat="38.41519" lon="-119.66892999999999"><ele>2525.8530524442904</ele></trkpt><trkpt lat="38.41511" lon="-119.66892000000001"><ele>2525.3870186679997</ele></trkpt><trkpt lat="38.41467" lon="-119.66854999999998"><ele>2515.1437688884325</ele></trkpt><trkpt lat="38.41458" lon="-119.66854000000001"><ele>2514.677735111676</ele></trkpt><trkpt lat="38.41436" lon="-119.66840000000002"><ele>2510.0</ele></trkpt><trkpt lat="38.41434" lon="-119.66832"><ele>2508.755335791405</ele></trkpt><trkpt lat="38.41429" lon="-119.66826000000003"><ele>2507.6287893354893</ele></trkpt><trkpt lat="38.4142" lon="-119.66829000000001"><ele>2508.026890667621</ele></trkpt><trkpt lat="38.4141" lon="-119.66823999999997"><ele>2505.6967217763886</ele></trkpt><trkpt lat="38.41377" lon="-119.66798"><ele>2498.579843555577</ele></trkpt><trkpt lat="38.41329" lon="-119.66798"><ele>2493.579843555577</ele></trkpt><trkpt lat="38.41298" lon="-119.66791"><ele>2487.3176071112975</ele></trkpt><trkpt lat="38.41287" lon="-119.66786000000002"><ele>2485.993911183905</ele></trkpt><trkpt lat="38.41246" lon="-119.66784000000001"><ele>2484.0</ele></trkpt><trkpt lat="38.41234" lon="-119.66778999999997"><ele>2481.725201776251</ele></trkpt><trkpt lat="38.41212" lon="-119.66762"><ele>2479.923801534863</ele></trkpt><trkpt lat="38.41197" lon="-119.66730999999999"><ele>2477.3555804444477</ele></trkpt><trkpt lat="38.41172" lon="-119.66696000000002"><ele>2474.430836983718</ele></trkpt><trkpt lat="38.41159" lon="-119.66672"><ele>2473.0</ele></trkpt><trkpt lat="38.41159" lon="-119.66661999999997"><ele>2473.0</ele></trkpt><trkpt lat="38.41165" lon="-119.66649000000001"><ele>2472.0</ele></trkpt><trkpt lat="38.41162" lon="-119.66640000000001"><ele>2471.333157931964</ele></trkpt><trkpt lat="38.41131" lon="-119.66611999999998"><ele>2473.0</ele></trkpt><trkpt lat="38.41124" lon="-119.66584"><ele>2472.0</ele></trkpt><trkpt lat="38.41115" lon="-119.66566"><ele>2472.0</ele></trkpt><trkpt lat="38.41079" lon="-119.66543999999999"><ele>2475.0</ele></trkpt><trkpt lat="38.41056" lon="-119.66521999999998"><ele>2475.0</ele></trkpt><trkpt lat="38.41056" lon="-119.66521999999998"><ele>2475.0</ele></trkpt><trkpt lat="38.41038" lon="-119.66505999999998"><ele>2476.5489183638347</ele></trkpt><trkpt lat="38.41038" lon="-119.66505999999998"><ele>2476.5489183638347</ele></trkpt><trkpt lat="38.41022" lon="-119.66501"><ele>2477.0</ele></trkpt><trkpt lat="38.41012" lon="-119.66502000000003"><ele>2477.0</ele></trkpt><trkpt lat="38.41002" lon="-119.66498000000001"><ele>2478.0</ele></trkpt><trkpt lat="38.40996" lon="-119.66492"><ele>2478.0</ele></trkpt><trkpt lat="38.40985" lon="-119.66494"><ele>2479.0</ele></trkpt><trkpt lat="38.40974" lon="-119.66502000000003"><ele>2481.0</ele></trkpt><trkpt lat="38.40965" lon="-119.66503999999998"><ele>2481.5659128883854</ele></trkpt><trkpt lat="38.40941" lon="-119.66502000000003"><ele>2480.0</ele></trkpt><trkpt lat="38.40914" lon="-119.66494999999998"><ele>2481.0</ele></trkpt><trkpt lat="38.40879" lon="-119.66514000000001"><ele>2483.0</ele></trkpt><trkpt lat="38.40869" lon="-119.66512"><ele>2482.0</ele></trkpt><trkpt lat="38.40852" lon="-119.66489000000001"><ele>2480.0</ele></trkpt><trkpt lat="38.40804" lon="-119.66399999999999"><ele>2479.2704228386283</ele></trkpt><trkpt lat="38.40787" lon="-119.66356999999999"><ele>2478.3808124940842</ele></trkpt><trkpt lat="38.40765" lon="-119.66325"><ele>2482.067800412114</ele></trkpt><trkpt lat="38.4076" lon="-119.66309000000001"><ele>2482.0</ele></trkpt><trkpt lat="38.4076" lon="-119.66309000000001"><ele>2482.0</ele></trkpt><trkpt lat="38.40742" lon="-119.66251999999997"><ele>2483.143493849784</ele></trkpt><trkpt lat="38.40727" lon="-119.66244"><ele>2485.0255555987046</ele></trkpt><trkpt lat="38.40709" lon="-119.66241000000002"><ele>2487.7686074830076</ele></trkpt><trkpt lat="38.40681" lon="-119.66224"><ele>2490.4215291924775</ele></trkpt><trkpt lat="38.40667" lon="-119.66206999999997"><ele>2491.0</ele></trkpt><trkpt lat="38.4066" lon="-119.66191000000003"><ele>2490.0</ele></trkpt><trkpt lat="38.40646809057495" lon="-119.66177809057496"><ele>2491.755497256294</ele></trkpt><trkpt lat="38.40643375105022" lon="-119.66174375097688"><ele>2492.0</ele></trkpt><trkpt lat="38.40637" lon="-119.66167999999999"><ele>2491.9911918140715</ele></trkpt><trkpt lat="38.40617" lon="-119.66161999999997"><ele>2494.0</ele></trkpt><trkpt lat="38.40613" lon="-119.66154"><ele>2494.0</ele></trkpt><trkpt lat="38.40588" lon="-119.66125"><ele>2495.9835646136407</ele></trkpt><trkpt lat="38.40581" lon="-119.66111000000001"><ele>2496.0</ele></trkpt><trkpt lat="38.4057" lon="-119.66102999999998"><ele>2497.4348735492676</ele></trkpt><trkpt lat="38.40561" lon="-119.66101000000003"><ele>2498.0</ele></trkpt><trkpt lat="38.40554" lon="-119.66093000000001"><ele>2498.0</ele></trkpt><trkpt lat="38.40547" lon="-119.66084000000001"><ele>2498.0</ele></trkpt><trkpt lat="38.40543" lon="-119.66068000000001"><ele>2497.4920202307403</ele></trkpt><trkpt lat="38.4054" lon="-119.66062"><ele>2497.6952443719215</ele></trkpt><trkpt lat="38.4053" lon="-119.66066000000001"><ele>2499.0</ele></trkpt><trkpt lat="38.40518" lon="-119.66065000000003"><ele>2501.0</ele></trkpt><trkpt lat="38.40502" lon="-119.66057"><ele>2502.21770749719</ele></trkpt><trkpt lat="38.40477" lon="-119.66025000000002"><ele>2503.0</ele></trkpt><trkpt lat="38.4046" lon="-119.66017999999997"><ele>2506.0</ele></trkpt><trkpt lat="38.40447" lon="-119.66005000000001"><ele>2507.5836115144193</ele></trkpt><trkpt lat="38.40402" lon="-119.65974"><ele>2513.0</ele></trkpt><trkpt lat="38.40387" lon="-119.65957000000003"><ele>2514.2654709983617</ele></trkpt><trkpt lat="38.40381" lon="-119.65940999999998"><ele>2514.0</ele></trkpt><trkpt lat="38.40368" lon="-119.65922999999998"><ele>2517.4518944225465</ele></trkpt><trkpt lat="38.40325" lon="-119.65886"><ele>2524.1364146210253</ele></trkpt><trkpt lat="38.40319" lon="-119.65876000000003"><ele>2525.0</ele></trkpt><trkpt lat="38.40293" lon="-119.65858000000003"><ele>2529.0</ele></trkpt><trkpt lat="38.4028" lon="-119.65852000000001"><ele>2531.970435656922</ele></trkpt><trkpt lat="38.40273" lon="-119.65841999999998"><ele>2532.0031028112917</ele></trkpt><trkpt lat="38.40267" lon="-119.65827000000002"><ele>2533.6283013727516</ele></trkpt><trkpt lat="38.40258" lon="-119.65816000000001"><ele>2536.9164157568925</ele></trkpt><trkpt lat="38.40218" lon="-119.65798000000001"><ele>2543.894588813167</ele></trkpt><trkpt lat="38.40203" lon="-119.65787"><ele>2545.419694222044</ele></trkpt><trkpt lat="38.402" lon="-119.65780999999998"><ele>2544.0</ele></trkpt><trkpt lat="38.40199" lon="-119.65769999999998"><ele>2545.06671269238</ele></trkpt><trkpt lat="38.40191" lon="-119.65758"><ele>2546.745618639307</ele></trkpt><trkpt lat="38.40183" lon="-119.65757000000002"><ele>2549.2038124682767</ele></trkpt><trkpt lat="38.40171" lon="-119.65750000000003"><ele>2551.0</ele></trkpt><trkpt lat="38.40164" lon="-119.65737999999999"><ele>2551.514218744442</ele></trkpt><trkpt lat="38.40161" lon="-119.65739000000002"><ele>2552.714555630926</ele></trkpt><trkpt lat="38.40163" lon="-119.65760999999998"><ele>2555.4751293845475</ele></trkpt><trkpt lat="38.40157" lon="-119.65787"><ele>2560.043188465759</ele></trkpt><trkpt lat="38.40153" lon="-119.65794"><ele>2561.605771023592</ele></trkpt><trkpt lat="38.40148" lon="-119.65794"><ele>2563.3952715378255</ele></trkpt><trkpt lat="38.40146" lon="-119.65786000000003"><ele>2565.0</ele></trkpt><trkpt lat="38.40134" lon="-119.65776"><ele>2568.720720846206</ele></trkpt><trkpt lat="38.40093" lon="-119.65750000000003"><ele>2576.1764444457367</ele></trkpt><trkpt lat="38.40079" lon="-119.65744000000001"><ele>2576.0</ele></trkpt><trkpt lat="38.4006" lon="-119.65741000000003"><ele>2576.9821404460818</ele></trkpt><trkpt lat="38.40039" lon="-119.65731"><ele>2577.068999391588</ele></trkpt><trkpt lat="38.4002" lon="-119.65710000000001"><ele>2579.0</ele></trkpt><trkpt lat="38.39997" lon="-119.65699999999998"><ele>2581.0</ele></trkpt><trkpt lat="38.39989" lon="-119.65704"><ele>2582.947640379891</ele></trkpt><trkpt lat="38.3997" lon="-119.65696000000003"><ele>2588.0</ele></trkpt><trkpt lat="38.39942" lon="-119.65695"><ele>2593.0</ele></trkpt><trkpt lat="38.39928" lon="-119.65683999999999"><ele>2595.0</ele></trkpt><trkpt lat="38.39923" lon="-119.65685000000002"><ele>2595.0225926126386</ele></trkpt><trkpt lat="38.39916" lon="-119.65690000000001"><ele>2596.0</ele></trkpt><trkpt lat="38.39902" lon="-119.65686"><ele>2598.0</ele></trkpt><trkpt lat="38.39887" lon="-119.65688"><ele>2601.602782007307</ele></trkpt><trkpt lat="38.39882" lon="-119.65672"><ele>2604.0</ele></trkpt><trkpt lat="38.39878" lon="-119.65672"><ele>2604.0</ele></trkpt><trkpt lat="38.39869" lon="-119.65679999999998"><ele>2605.0</ele></trkpt><trkpt lat="38.3986" lon="-119.65681999999998"><ele>2606.0</ele></trkpt><trkpt lat="38.39854" lon="-119.65678000000003"><ele>2606.5187620751067</ele></trkpt><trkpt lat="38.39842" lon="-119.65661999999998"><ele>2607.0</ele></trkpt><trkpt lat="38.39834" lon="-119.65658000000002"><ele>2607.0</ele></trkpt><trkpt lat="38.39814" lon="-119.65658000000002"><ele>2608.297627756228</ele></trkpt><trkpt lat="38.3981" lon="-119.65652999999998"><ele>2607.3909004759043</ele></trkpt><trkpt lat="38.39801" lon="-119.65647999999999"><ele>2609.0</ele></trkpt><trkpt lat="38.39796" lon="-119.65642000000003"><ele>2608.955916064332</ele></trkpt><trkpt lat="38.39785" lon="-119.65645"><ele>2610.8053733738416</ele></trkpt><trkpt lat="38.39752" lon="-119.65604000000002"><ele>2614.896546850132</ele></trkpt><trkpt lat="38.39727" lon="-119.65593999999999"><ele>2615.0</ele></trkpt><trkpt lat="38.39721" lon="-119.65587"><ele>2615.0</ele></trkpt><trkpt lat="38.39709" lon="-119.65564999999998"><ele>2617.4499009083956</ele></trkpt><trkpt lat="38.39707" lon="-119.65553999999997"><ele>2619.0</ele></trkpt><trkpt lat="38.39702" lon="-119.65539999999999"><ele>2619.0</ele></trkpt><trkpt lat="38.39684" lon="-119.65523999999999"><ele>2617.8528106664307</ele></trkpt><trkpt lat="38.39675" lon="-119.65496999999999"><ele>2618.0</ele></trkpt><trkpt lat="38.3967" lon="-119.65496999999999"><ele>2619.0</ele></trkpt><trkpt lat="38.3966" lon="-119.65516000000002"><ele>2622.638552080064</ele></trkpt><trkpt lat="38.39655" lon="-119.65519"><ele>2623.5226417779922</ele></trkpt><trkpt lat="38.3965" lon="-119.65514999999999"><ele>2623.8406876353906</ele></trkpt><trkpt lat="38.39627" lon="-119.6551"><ele>2627.0</ele></trkpt><trkpt lat="38.39612" lon="-119.6551"><ele>2630.0</ele></trkpt><trkpt lat="38.39605" lon="-119.65501999999998"><ele>2629.6000675545074</ele></trkpt><trkpt lat="38.39589" lon="-119.65475000000004"><ele>2630.0</ele></trkpt><trkpt lat="38.39589" lon="-119.65463999999997"><ele>2630.0</ele></trkpt><trkpt lat="38.39576" lon="-119.65454"><ele>2630.643093006845</ele></trkpt><trkpt lat="38.39567" lon="-119.65442000000002"><ele>2631.0</ele></trkpt><trkpt lat="38.39556" lon="-119.65438"><ele>2631.773905777838</ele></trkpt><trkpt lat="38.39534" lon="-119.65442000000002"><ele>2633.8228351739353</ele></trkpt><trkpt lat="38.39505" lon="-119.65433999999999"><ele>2637.0</ele></trkpt><trkpt lat="38.39487" lon="-119.65435000000002"><ele>2637.0</ele></trkpt><trkpt lat="38.39477" lon="-119.65433000000002"><ele>2637.4437368898652</ele></trkpt><trkpt lat="38.39436" lon="-119.65395000000001"><ele>2638.791971714146</ele></trkpt><trkpt lat="38.39413" lon="-119.65381000000002"><ele>2638.0</ele></trkpt><trkpt lat="38.39395" lon="-119.65368000000001"><ele>2640.1626226715744</ele></trkpt><trkpt lat="38.39392" lon="-119.65359999999998"><ele>2640.5458525966214</ele></trkpt><trkpt lat="38.39394" lon="-119.65346"><ele>2639.898798222188</ele></trkpt><trkpt lat="38.3938" lon="-119.65318000000002"><ele>2643.0</ele></trkpt><trkpt lat="38.39376" lon="-119.65305000000001"><ele>2642.0</ele></trkpt><trkpt lat="38.39374" lon="-119.65274"><ele>2643.0</ele></trkpt><trkpt lat="38.39365" lon="-119.65265"><ele>2644.0</ele></trkpt><trkpt lat="38.39358" lon="-119.65260999999998"><ele>2644.1632692329586</ele></trkpt><trkpt lat="38.39352" lon="-119.65250000000003"><ele>2645.0</ele></trkpt><trkpt lat="38.39343" lon="-119.65238999999997"><ele>2646.0027349653833</ele></trkpt><trkpt lat="38.39334" lon="-119.65235999999999"><ele>2646.0</ele></trkpt><trkpt lat="38.39334" lon="-119.65235999999999"><ele>2646.0</ele></trkpt><trkpt lat="38.39297" lon="-119.65206"><ele>2644.0</ele></trkpt><trkpt lat="38.39273" lon="-119.65206"><ele>2645.654069333803</ele></trkpt><trkpt lat="38.39239" lon="-119.65183999999999"><ele>2647.9684325494636</ele></trkpt><trkpt lat="38.39238" lon="-119.65163999999999"><ele>2649.0</ele></trkpt><trkpt lat="38.39219" lon="-119.65116999999998"><ele>2649.9669495708167</ele></trkpt><trkpt lat="38.39208" lon="-119.65061000000003"><ele>2648.3539262805134</ele></trkpt><trkpt lat="38.39187" lon="-119.65008999999998"><ele>2647.0</ele></trkpt><trkpt lat="38.3918" lon="-119.64995999999996"><ele>2647.002644011751</ele></trkpt><trkpt lat="38.39171" lon="-119.64965999999998"><ele>2648.0</ele></trkpt><trkpt lat="38.39163" lon="-119.64956000000001"><ele>2649.0161297926725</ele></trkpt><trkpt lat="38.39157" lon="-119.64940999999999"><ele>2649.105221064997</ele></trkpt><trkpt lat="38.39142" lon="-119.64920999999998"><ele>2648.59722924605</ele></trkpt><trkpt lat="38.39127" lon="-119.64873999999998"><ele>2649.5161117836833</ele></trkpt><trkpt lat="38.39111" lon="-119.64861000000002"><ele>2652.0257939386197</ele></trkpt><trkpt lat="38.39106" lon="-119.64854000000003"><ele>2653.0</ele></trkpt><trkpt lat="38.391" lon="-119.64823000000001"><ele>2649.0929942593266</ele></trkpt><trkpt lat="38.39086" lon="-119.64805000000001"><ele>2649.0</ele></trkpt><trkpt lat="38.39082" lon="-119.64794"><ele>2648.272648394108</ele></trkpt><trkpt lat="38.39064" lon="-119.64778999999999"><ele>2650.0</ele></trkpt><trkpt lat="38.39051" lon="-119.64776999999998"><ele>2653.7255786657333</ele></trkpt><trkpt lat="38.39041" lon="-119.64755000000002"><ele>2653.307665224177</ele></trkpt><trkpt lat="38.39031" lon="-119.64751000000001"><ele>2654.8421192141295</ele></trkpt><trkpt lat="38.39025" lon="-119.64746000000002"><ele>2655.3968685481923</ele></trkpt><trkpt lat="38.39021" lon="-119.64737000000002"><ele>2656.0</ele></trkpt><trkpt lat="38.39016" lon="-119.64699999999999"><ele>2658.0</ele></trkpt><trkpt lat="38.39005" lon="-119.64683000000002"><ele>2660.9229459723997</ele></trkpt><trkpt lat="38.38997" lon="-119.64681000000002"><ele>2661.9863360007294</ele></trkpt><trkpt lat="38.38972" lon="-119.64681000000002"><ele>2662.9955839964687</ele></trkpt><trkpt lat="38.38959" lon="-119.64675"><ele>2665.0</ele></trkpt><trkpt lat="38.38942" lon="-119.64654999999999"><ele>2667.0</ele></trkpt><trkpt lat="38.38915" lon="-119.64606000000003"><ele>2668.5676732063293</ele></trkpt><trkpt lat="38.38905" lon="-119.64591999999999"><ele>2669.2614951584687</ele></trkpt><trkpt lat="38.38893" lon="-119.64585999999997"><ele>2671.462308882804</ele></trkpt><trkpt lat="38.38887" lon="-119.64580000000001"><ele>2672.1977956225737</ele></trkpt><trkpt lat="38.38883" lon="-119.64570000000003"><ele>2673.4415897514205</ele></trkpt><trkpt lat="38.38883" lon="-119.64561000000003"><ele>2673.5940030030906</ele></trkpt><trkpt lat="38.38878" lon="-119.64553000000001"><ele>2674.5668594278395</ele></trkpt><trkpt lat="38.38859" lon="-119.64543000000003"><ele>2679.955520257719</ele></trkpt><trkpt lat="38.38842" lon="-119.64499"><ele>2680.0</ele></trkpt><trkpt lat="38.38813" lon="-119.64474000000001"><ele>2687.213805919513</ele></trkpt><trkpt lat="38.38809" lon="-119.64465000000001"><ele>2688.4008064899153</ele></trkpt><trkpt lat="38.38803" lon="-119.64459"><ele>2690.0</ele></trkpt><trkpt lat="38.38797" lon="-119.64461"><ele>2692.0</ele></trkpt><trkpt lat="38.38776" lon="-119.64454999999998"><ele>2694.7344393408825</ele></trkpt><trkpt lat="38.38772" lon="-119.64452"><ele>2695.0</ele></trkpt><trkpt lat="38.38758" lon="-119.64426000000003"><ele>2699.135136258021</ele></trkpt><trkpt lat="38.38747" lon="-119.64417000000003"><ele>2701.4549654088914</ele></trkpt><trkpt lat="38.38734" lon="-119.64411000000001"><ele>2702.1572160008363</ele></trkpt><trkpt lat="38.38683" lon="-119.64366000000001"><ele>2703.094084153384</ele></trkpt><trkpt lat="38.38657" lon="-119.64353"><ele>2706.0923172198236</ele></trkpt><trkpt lat="38.38644" lon="-119.64350000000002"><ele>2708.7291555567645</ele></trkpt><trkpt lat="38.38622" lon="-119.64323999999999"><ele>2711.3866391908377</ele></trkpt><trkpt lat="38.38572" lon="-119.64279999999997"><ele>2717.106791109778</ele></trkpt><trkpt lat="38.38552" lon="-119.64252999999997"><ele>2718.392662813887</ele></trkpt><trkpt lat="38.38544" lon="-119.64249999999998"><ele>2720.2560494922027</ele></trkpt><trkpt lat="38.3853" lon="-119.64233000000002"><ele>2721.0960374691604</ele></trkpt><trkpt lat="38.38514" lon="-119.64182"><ele>2715.991693711644</ele></trkpt><trkpt lat="38.38516" lon="-119.64168000000001"><ele>2714.7962036058307</ele></trkpt><trkpt lat="38.38522" lon="-119.64161999999999"><ele>2714.0</ele></trkpt><trkpt lat="38.38526" lon="-119.64163000000002"><ele>2713.788241743026</ele></trkpt><trkpt lat="38.38531" lon="-119.64170999999999"><ele>2712.2714210400773</ele></trkpt><trkpt lat="38.38533" lon="-119.64168999999998"><ele>2712.0</ele></trkpt><trkpt lat="38.38532" lon="-119.64154000000002"><ele>2715.0</ele></trkpt><trkpt lat="38.38535" lon="-119.64141999999998"><ele>2716.0</ele></trkpt><trkpt lat="38.38519" lon="-119.64111000000003"><ele>2719.0043660484307</ele></trkpt><trkpt lat="38.38519" lon="-119.64111000000003"><ele>2719.0043660484307</ele></trkpt><trkpt lat="38.38496" lon="-119.64071000000001"><ele>2722.9078979698565</ele></trkpt><trkpt lat="38.38484" lon="-119.6406"><ele>2724.0</ele></trkpt><trkpt lat="38.38474" lon="-119.64056"><ele>2726.0</ele></trkpt><trkpt lat="38.3846" lon="-119.64031"><ele>2731.090388642624</ele></trkpt><trkpt lat="38.38426" lon="-119.64013999999997"><ele>2736.40320304367</ele></trkpt><trkpt lat="38.38413" lon="-119.64004999999997"><ele>2738.033523550257</ele></trkpt><trkpt lat="38.384" lon="-119.63985000000002"><ele>2741.0</ele></trkpt><trkpt lat="38.38392" lon="-119.63981000000001"><ele>2743.7626915560104</ele></trkpt><trkpt lat="38.38383" lon="-119.63979999999998"><ele>2744.0</ele></trkpt><trkpt lat="38.38372" lon="-119.63983999999999"><ele>2744.0</ele></trkpt><trkpt lat="38.38343" lon="-119.63979999999998"><ele>2747.0</ele></trkpt><trkpt lat="38.38332" lon="-119.63965000000002"><ele>2747.0</ele></trkpt><trkpt lat="38.38285" lon="-119.63947999999999"><ele>2754.051037004246</ele></trkpt><trkpt lat="38.38252" lon="-119.63905999999997"><ele>2757.0</ele></trkpt><trkpt lat="38.38224746791313" lon="-119.6386150496541"><ele>2763.996655444643</ele></trkpt><trkpt lat="38.38226500290792" lon="-119.63864367754076"><ele>2763.3723321370176</ele></trkpt><trkpt lat="38.38203" lon="-119.63826"><ele>2770.3496760635844</ele></trkpt><trkpt lat="38.38175" lon="-119.63805000000002"><ele>2771.8781547786466</ele></trkpt><trkpt lat="38.38159" lon="-119.63801000000001"><ele>2774.8818206432748</ele></trkpt><trkpt lat="38.38127" lon="-119.63773000000003"><ele>2778.0665581654757</ele></trkpt><trkpt lat="38.38108" lon="-119.63743"><ele>2780.0</ele></trkpt><trkpt lat="38.38097" lon="-119.63740000000001"><ele>2782.0</ele></trkpt><trkpt lat="38.38066" lon="-119.63713000000001"><ele>2785.331475429237</ele></trkpt><trkpt lat="38.38034" lon="-119.63706000000002"><ele>2791.2145531136707</ele></trkpt><trkpt lat="38.38016" lon="-119.63707999999997"><ele>2794.030301933734</ele></trkpt><trkpt lat="38.37999" lon="-119.63704999999999"><ele>2796.2747377771884</ele></trkpt><trkpt lat="38.3798" lon="-119.63689999999997"><ele>2798.0673428240348</ele></trkpt><trkpt lat="38.37955" lon="-119.63684"><ele>2803.1125442562816</ele></trkpt><trkpt lat="38.3793" lon="-119.63664"><ele>2804.0</ele></trkpt><trkpt lat="38.37873" lon="-119.63632999999999"><ele>2805.6118315597832</ele></trkpt><trkpt lat="38.37843" lon="-119.63626999999997"><ele>2808.6906327335164</ele></trkpt><trkpt lat="38.37834" lon="-119.63632000000001"><ele>2811.146627979423</ele></trkpt><trkpt lat="38.37782" lon="-119.63628"><ele>2816.252768000588</ele></trkpt><trkpt lat="38.37749" lon="-119.63638000000003"><ele>2820.0</ele></trkpt><trkpt lat="38.37738" lon="-119.63635999999997"><ele>2821.3183237395315</ele></trkpt><trkpt lat="38.37728" lon="-119.63628"><ele>2821.4539572907292</ele></trkpt><trkpt lat="38.37686" lon="-119.63616999999999"><ele>2829.0</ele></trkpt><trkpt lat="38.37679" lon="-119.63621999999998"><ele>2831.1819407387043</ele></trkpt><trkpt lat="38.37667" lon="-119.63614999999999"><ele>2831.532163273543</ele></trkpt><trkpt lat="38.37652" lon="-119.63612"><ele>2833.3576870940797</ele></trkpt><trkpt lat="38.37645" lon="-119.63614000000001"><ele>2835.0</ele></trkpt><trkpt lat="38.37644" lon="-119.63619"><ele>2836.058463999536</ele></trkpt><trkpt lat="38.37645" lon="-119.63635"><ele>2839.3144191766614</ele></trkpt><trkpt lat="38.37636" lon="-119.6363"><ele>2840.0</ele></trkpt><trkpt lat="38.37626" lon="-119.63632000000001"><ele>2842.1058473047456</ele></trkpt><trkpt lat="38.37612" lon="-119.63621999999998"><ele>2843.0</ele></trkpt><trkpt lat="38.37612" lon="-119.63621999999998"><ele>2843.0</ele></trkpt><trkpt lat="38.37602" lon="-119.63614999999999"><ele>2843.033548979006</ele></trkpt><trkpt lat="38.37596" lon="-119.63617999999997"><ele>2845.0</ele></trkpt><trkpt lat="38.37587" lon="-119.63611000000003"><ele>2845.390224520069</ele></trkpt><trkpt lat="38.37573" lon="-119.63605999999999"><ele>2847.000010257256</ele></trkpt><trkpt lat="38.37558" lon="-119.63605000000001"><ele>2849.175722435504</ele></trkpt><trkpt lat="38.37554" lon="-119.63602000000003"><ele>2849.7467495251385</ele></trkpt><trkpt lat="38.3754" lon="-119.63603999999998"><ele>2851.0</ele></trkpt><trkpt lat="38.37515" lon="-119.63598999999999"><ele>2852.9713898701593</ele></trkpt><trkpt lat="38.37497" lon="-119.63605000000001"><ele>2856.8094670739947</ele></trkpt><trkpt lat="38.3749" lon="-119.63598000000002"><ele>2857.0</ele></trkpt><trkpt lat="38.37478" lon="-119.63594"><ele>2857.407619555481</ele></trkpt><trkpt lat="38.37458" lon="-119.63581999999997"><ele>2859.0</ele></trkpt><trkpt lat="38.37444" lon="-119.63560999999999"><ele>2860.0027728165983</ele></trkpt><trkpt lat="38.37422" lon="-119.63558"><ele>2862.695166526857</ele></trkpt><trkpt lat="38.37395" lon="-119.63538"><ele>2864.0</ele></trkpt><trkpt lat="38.3738" lon="-119.63538"><ele>2865.0440164411243</ele></trkpt><trkpt lat="38.37364" lon="-119.63513"><ele>2866.4304289636684</ele></trkpt><trkpt lat="38.37338" lon="-119.63508999999999"><ele>2868.79474844411</ele></trkpt><trkpt lat="38.37321" lon="-119.63499999999999"><ele>2870.6861092459635</ele></trkpt><trkpt lat="38.37312" lon="-119.63490000000002"><ele>2871.5643849726766</ele></trkpt><trkpt lat="38.37298" lon="-119.63464999999997"><ele>2872.256451275754</ele></trkpt><trkpt lat="38.37288" lon="-119.63459"><ele>2873.9143161287793</ele></trkpt><trkpt lat="38.37285" lon="-119.63449000000003"><ele>2873.0</ele></trkpt><trkpt lat="38.37284" lon="-119.63439"><ele>2872.035983333018</ele></trkpt><trkpt lat="38.37275" lon="-119.63423999999998"><ele>2872.558696789667</ele></trkpt><trkpt lat="38.37261" lon="-119.63414999999998"><ele>2874.0</ele></trkpt><trkpt lat="38.37248" lon="-119.63409999999999"><ele>2875.865883784607</ele></trkpt><trkpt lat="38.37234" lon="-119.63385"><ele>2875.9310956834097</ele></trkpt><trkpt lat="38.37214" lon="-119.63371000000001"><ele>2878.3949950372994</ele></trkpt><trkpt lat="38.37194" lon="-119.63342999999998"><ele>2881.0</ele></trkpt><trkpt lat="38.37182" lon="-119.63317"><ele>2882.5751595851657</ele></trkpt><trkpt lat="38.3718" lon="-119.63297999999998"><ele>2883.0300634037703</ele></trkpt><trkpt lat="38.37157" lon="-119.63256999999999"><ele>2889.7019670065492</ele></trkpt><trkpt lat="38.37156" lon="-119.63231999999999"><ele>2890.0</ele></trkpt><trkpt lat="38.37146" lon="-119.63207999999997"><ele>2893.0</ele></trkpt><trkpt lat="38.37146" lon="-119.632"><ele>2893.0</ele></trkpt><trkpt lat="38.37142" lon="-119.63195000000002"><ele>2893.8244108617537</ele></trkpt><trkpt lat="38.37131" lon="-119.63189"><ele>2896.0</ele></trkpt><trkpt lat="38.37129" lon="-119.63180999999997"><ele>2897.0</ele></trkpt><trkpt lat="38.37118" lon="-119.63168999999999"><ele>2897.92425256512</ele></trkpt><trkpt lat="38.37096" lon="-119.63157000000001"><ele>2901.0</ele></trkpt><trkpt lat="38.37088" lon="-119.63150000000002"><ele>2902.3505459296894</ele></trkpt><trkpt lat="38.3708" lon="-119.63135999999997"><ele>2903.491706529211</ele></trkpt><trkpt lat="38.37079" lon="-119.63114999999999"><ele>2906.8344892143764</ele></trkpt><trkpt lat="38.37077" lon="-119.63107000000002"><ele>2906.2560758776963</ele></trkpt><trkpt lat="38.37067" lon="-119.63093000000003"><ele>2907.0</ele></trkpt><trkpt lat="38.3704" lon="-119.63084000000003"><ele>2913.0</ele></trkpt><trkpt lat="38.37022" lon="-119.63072999999997"><ele>2916.94922077097</ele></trkpt><trkpt lat="38.3701" lon="-119.63049000000001"><ele>2919.082237549126</ele></trkpt><trkpt lat="38.36992" lon="-119.63029"><ele>2920.0</ele></trkpt><trkpt lat="38.36981" lon="-119.63021000000003"><ele>2921.571976974135</ele></trkpt><trkpt lat="38.36979" lon="-119.63013999999998"><ele>2921.5621693439025</ele></trkpt><trkpt lat="38.3698" lon="-119.62995999999998"><ele>2923.0</ele></trkpt><trkpt lat="38.36983" lon="-119.62982999999997"><ele>2924.339018668048</ele></trkpt><trkpt lat="38.36982" lon="-119.62970000000001"><ele>2925.0</ele></trkpt><trkpt lat="38.3699" lon="-119.62952999999999"><ele>2927.3200320005417</ele></trkpt><trkpt lat="38.3699" lon="-119.62946999999997"><ele>2928.0</ele></trkpt><trkpt lat="38.36934" lon="-119.62932999999998"><ele>2930.0</ele></trkpt><trkpt lat="38.36911" lon="-119.62954000000002"><ele>2934.7935134825766</ele></trkpt><trkpt lat="38.36887" lon="-119.62954000000002"><ele>2938.0</ele></trkpt><trkpt lat="38.36849" lon="-119.62925999999999"><ele>2943.0</ele></trkpt><trkpt lat="38.36835" lon="-119.62923"><ele>2945.7302799026434</ele></trkpt><trkpt lat="38.36811" lon="-119.62907999999999"><ele>2949.3697079718113</ele></trkpt><trkpt lat="38.36803" lon="-119.62905999999998"><ele>2951.0969816861157</ele></trkpt><trkpt lat="38.36796" lon="-119.62907999999999"><ele>2953.2024157343244</ele></trkpt><trkpt lat="38.36792" lon="-119.62905999999998"><ele>2954.0</ele></trkpt><trkpt lat="38.36779" lon="-119.62889999999999"><ele>2957.0</ele></trkpt><trkpt lat="38.36759" lon="-119.62873000000002"><ele>2959.0</ele></trkpt><trkpt lat="38.36746" lon="-119.62871999999999"><ele>2959.931231999304</ele></trkpt><trkpt lat="38.36737" lon="-119.62880000000001"><ele>2962.234237964842</ele></trkpt><trkpt lat="38.36729" lon="-119.62878999999998"><ele>2963.1934684435837</ele></trkpt><trkpt lat="38.36704" lon="-119.62869999999998"><ele>2965.0</ele></trkpt><trkpt lat="38.36696" lon="-119.62862999999999"><ele>2965.0</ele></trkpt><trkpt lat="38.36686" lon="-119.62867"><ele>2967.2702827933244</ele></trkpt><trkpt lat="38.36676" lon="-119.62865999999997"><ele>2970.0</ele></trkpt><trkpt lat="38.36668" lon="-119.62859000000003"><ele>2970.0</ele></trkpt><trkpt lat="38.36658" lon="-119.62859000000003"><ele>2971.9124986037386</ele></trkpt><trkpt lat="38.36651" lon="-119.62864000000002"><ele>2975.0</ele></trkpt><trkpt lat="38.36643" lon="-119.62864000000002"><ele>2976.2029617791995</ele></trkpt><trkpt lat="38.36632" lon="-119.62860999999998"><ele>2976.804860443808</ele></trkpt><trkpt lat="38.36629" lon="-119.62856999999997"><ele>2976.0</ele></trkpt><trkpt lat="38.36618" lon="-119.62856"><ele>2979.0</ele></trkpt><trkpt lat="38.36607" lon="-119.6286"><ele>2981.752621536546</ele></trkpt><trkpt lat="38.36571" lon="-119.62846000000002"><ele>2983.8379908869974</ele></trkpt><trkpt lat="38.36559" lon="-119.62846000000002"><ele>2986.1272097089964</ele></trkpt><trkpt lat="38.36544" lon="-119.62837999999999"><ele>2989.1518015668744</ele></trkpt><trkpt lat="38.36524" lon="-119.62838999999997"><ele>2993.981850754278</ele></trkpt><trkpt lat="38.36509" lon="-119.62835999999999"><ele>2996.1347845284263</ele></trkpt><trkpt lat="38.36483" lon="-119.62835000000001"><ele>3002.6879822229967</ele></trkpt><trkpt lat="38.36478" lon="-119.62831"><ele>3002.0</ele></trkpt><trkpt lat="38.36432" lon="-119.62808999999999"><ele>3008.8464014380916</ele></trkpt><trkpt lat="38.3641" lon="-119.62790999999999"><ele>3011.900492942892</ele></trkpt><trkpt lat="38.36398" lon="-119.62784999999997"><ele>3013.3862933320925</ele></trkpt><trkpt lat="38.36378" lon="-119.62748999999997"><ele>3014.737740356475</ele></trkpt><trkpt lat="38.36372" lon="-119.62732"><ele>3014.7817851241807</ele></trkpt><trkpt lat="38.36372" lon="-119.62721999999997"><ele>3014.3039328828454</ele></trkpt><trkpt lat="38.36367" lon="-119.62700999999998"><ele>3015.275757730007</ele></trkpt><trkpt lat="38.36363" lon="-119.62693999999999"><ele>3016.630435688421</ele></trkpt><trkpt lat="38.36364" lon="-119.62682999999998"><ele>3016.05885165371</ele></trkpt><trkpt lat="38.36361" lon="-119.62635999999998"><ele>3021.0</ele></trkpt><trkpt lat="38.36368" lon="-119.62596000000002"><ele>3025.9025351227588</ele></trkpt><trkpt lat="38.36364" lon="-119.62574999999998"><ele>3030.0</ele></trkpt><trkpt lat="38.3637" lon="-119.62551000000002"><ele>3031.8303519420106</ele></trkpt><trkpt lat="38.36375" lon="-119.62543"><ele>3033.3938808888197</ele></trkpt><trkpt lat="38.36373" lon="-119.62538"><ele>3035.0</ele></trkpt><trkpt lat="38.36369" lon="-119.62535000000003"><ele>3036.0</ele></trkpt><trkpt lat="38.36343" lon="-119.62536"><ele>3040.0</ele></trkpt><trkpt lat="38.36338" lon="-119.62540000000001"><ele>3041.0</ele></trkpt><trkpt lat="38.36334" lon="-119.62553000000003"><ele>3041.97062319392</ele></trkpt><trkpt lat="38.3631" lon="-119.62574999999998"><ele>3048.154415914789</ele></trkpt><trkpt lat="38.36296" lon="-119.62583000000001"><ele>3051.4754490442574</ele></trkpt><trkpt lat="38.36294" lon="-119.62589000000003"><ele>3052.6641667485237</ele></trkpt><trkpt lat="38.36295" lon="-119.62616000000003"><ele>3053.0</ele></trkpt><trkpt lat="38.36292" lon="-119.62630999999999"><ele>3053.852884126827</ele></trkpt><trkpt lat="38.36288" lon="-119.62633"><ele>3055.2303178925067</ele></trkpt><trkpt lat="38.36272" lon="-119.62601000000001"><ele>3061.740039823577</ele></trkpt><trkpt lat="38.36272" lon="-119.62590999999998"><ele>3061.0</ele></trkpt><trkpt lat="38.36248" lon="-119.62547"><ele>3069.004583310336</ele></trkpt><trkpt lat="38.3624" lon="-119.6252"><ele>3071.085554640317</ele></trkpt><trkpt lat="38.36242" lon="-119.62477999999999"><ele>3076.8652363194897</ele></trkpt><trkpt lat="38.36248" lon="-119.62472000000002"><ele>3076.4822791102342</ele></trkpt><trkpt lat="38.36255" lon="-119.62459000000001"><ele>3078.3848145687953</ele></trkpt><trkpt lat="38.36268" lon="-119.62445000000002"><ele>3079.0651911101304</ele></trkpt><trkpt lat="38.36272" lon="-119.62430999999998"><ele>3082.589664001018</ele></trkpt><trkpt lat="38.3627" lon="-119.62423000000001"><ele>3085.0</ele></trkpt><trkpt lat="38.36268" lon="-119.62421999999998"><ele>3084.7839680006728</ele></trkpt><trkpt lat="38.36259" lon="-119.6243"><ele>3083.4963785222685</ele></trkpt><trkpt lat="38.36246" lon="-119.62434999999999"><ele>3087.72552888887</ele></trkpt><trkpt lat="38.36236" lon="-119.62437"><ele>3087.793461333029</ele></trkpt><trkpt lat="38.36223" lon="-119.62434000000002"><ele>3090.1654014278183</ele></trkpt><trkpt lat="38.36212" lon="-119.62443000000002"><ele>3091.3974684036693</ele></trkpt><trkpt lat="38.36198" lon="-119.62443999999999"><ele>3094.869788496461</ele></trkpt><trkpt lat="38.36192" lon="-119.62450000000001"><ele>3094.8114243741675</ele></trkpt><trkpt lat="38.36186" lon="-119.62459999999999"><ele>3097.0</ele></trkpt><trkpt lat="38.36181" lon="-119.62459999999999"><ele>3098.0617030612816</ele></trkpt><trkpt lat="38.36167" lon="-119.62446999999997"><ele>3102.0</ele></trkpt><trkpt lat="38.36162" lon="-119.62434000000002"><ele>3103.118809098378</ele></trkpt><trkpt lat="38.36164" lon="-119.62414999999999"><ele>3103.933342158313</ele></trkpt><trkpt lat="38.36156" lon="-119.62405000000001"><ele>3106.483907387319</ele></trkpt><trkpt lat="38.36157" lon="-119.62380000000002"><ele>3109.3573866658844</ele></trkpt><trkpt lat="38.36156" lon="-119.62374999999997"><ele>3110.0</ele></trkpt><trkpt lat="38.36158" lon="-119.62367999999998"><ele>3111.0</ele></trkpt><trkpt lat="38.3615" lon="-119.62342999999998"><ele>3114.0</ele></trkpt><trkpt lat="38.36153" lon="-119.62333000000001"><ele>3116.0</ele></trkpt><trkpt lat="38.36152" lon="-119.6232"><ele>3116.9377156831324</ele></trkpt><trkpt lat="38.36146" lon="-119.62311"><ele>3117.0</ele></trkpt><trkpt lat="38.36139" lon="-119.62306999999998"><ele>3117.0</ele></trkpt><trkpt lat="38.36125" lon="-119.62310000000002"><ele>3116.8903736136854</ele></trkpt><trkpt lat="38.3612" lon="-119.62314000000003"><ele>3116.0</ele></trkpt><trkpt lat="38.36106" lon="-119.62333999999998"><ele>3115.917532314753</ele></trkpt><trkpt lat="38.36095" lon="-119.62335000000002"><ele>3114.6908486959032</ele></trkpt><trkpt lat="38.36084" lon="-119.62346000000002"><ele>3116.416517471178</ele></trkpt><trkpt lat="38.36069" lon="-119.62356999999997"><ele>3117.9238364435732</ele></trkpt><trkpt lat="38.36063" lon="-119.62360000000001"><ele>3119.3219377789646</ele></trkpt><trkpt lat="38.36055" lon="-119.62356999999997"><ele>3117.9238364435732</ele></trkpt><trkpt lat="38.3605" lon="-119.62360999999999"><ele>3118.7879715552554</ele></trkpt><trkpt lat="38.36033" lon="-119.62362999999999"><ele>3117.7200391110964</ele></trkpt><trkpt lat="38.36027" lon="-119.62369000000001"><ele>3117.8282504634462</ele></trkpt><trkpt lat="38.36021" lon="-119.62371999999999"><ele>3117.9143431107514</ele></trkpt><trkpt lat="38.36011" lon="-119.62367999999998"><ele>3116.0502079990692</ele></trkpt><trkpt lat="38.36005" lon="-119.62369000000001"><ele>3116.5162417786196</ele></trkpt><trkpt lat="38.35992" lon="-119.62365999999997"><ele>3113.118140443228</ele></trkpt><trkpt lat="38.35989" lon="-119.62369000000001"><ele>3114.4851499450297</ele></trkpt><trkpt lat="38.35982" lon="-119.62365999999997"><ele>3113.1063137793085</ele></trkpt><trkpt lat="38.35972" lon="-119.62367"><ele>3114.0</ele></trkpt><trkpt lat="38.35966" lon="-119.62364000000002"><ele>3113.186072890181</ele></trkpt><trkpt lat="38.35959" lon="-119.62365999999997"><ele>3114.0909383279145</ele></trkpt><trkpt lat="38.35951" lon="-119.62371999999999"><ele>3116.9592611671715</ele></trkpt><trkpt lat="38.35935" lon="-119.62362999999999"><ele>3115.7200391110964</ele></trkpt><trkpt lat="38.35923" lon="-119.62362000000002"><ele>3115.25400533434</ele></trkpt><trkpt lat="38.35904" lon="-119.62355000000002"><ele>3113.9917688900605</ele></trkpt><trkpt lat="38.35889" lon="-119.62358999999998"><ele>3114.8559039989486</ele></trkpt><trkpt lat="38.35889" lon="-119.62358999999998"><ele>3114.8559039989486</ele></trkpt><trkpt lat="38.35882" lon="-119.62360999999999"><ele>3115.3679734786697</ele></trkpt><trkpt lat="38.35874" lon="-119.62369000000001"><ele>3117.0</ele></trkpt><trkpt lat="38.35859" lon="-119.62376"><ele>3119.1576136055482</ele></trkpt><trkpt lat="38.35855" lon="-119.62380000000002"><ele>3120.8498101467144</ele></trkpt><trkpt lat="38.35856" lon="-119.62385"><ele>3121.9586112451843</ele></trkpt><trkpt lat="38.35852" lon="-119.62389000000002"><ele>3122.836917334236</ele></trkpt><trkpt lat="38.35838" lon="-119.62389999999999"><ele>3124.77919569073</ele></trkpt><trkpt lat="38.3583" lon="-119.62403"><ele>3128.0</ele></trkpt><trkpt lat="38.35815" lon="-119.62412"><ele>3130.915451363392</ele></trkpt><trkpt lat="38.35806" lon="-119.62409000000002"><ele>3132.0</ele></trkpt><trkpt lat="38.35799" lon="-119.6241"><ele>3133.8616993371397</ele></trkpt><trkpt lat="38.35765" lon="-119.62436000000002"><ele>3146.0</ele></trkpt><trkpt lat="38.35742" lon="-119.62439999999998"><ele>3151.737699434161</ele></trkpt><trkpt lat="38.35728" lon="-119.62462"><ele>3160.0</ele></trkpt><trkpt lat="38.35719" lon="-119.62470000000002"><ele>3163.75424565106</ele></trkpt><trkpt lat="38.35711" lon="-119.62482"><ele>3165.3107010856775</ele></trkpt><trkpt lat="38.35692" lon="-119.62499000000003"><ele>3169.4532694052905</ele></trkpt><trkpt lat="38.35683" lon="-119.62506000000002"><ele>3171.0</ele></trkpt><trkpt lat="38.35667" lon="-119.62504999999999"><ele>3171.896835554857</ele></trkpt><trkpt lat="38.3566" lon="-119.62511999999998"><ele>3174.0</ele></trkpt><trkpt lat="38.35649" lon="-119.62504000000001"><ele>3173.4308017781004</ele></trkpt><trkpt lat="38.35617" lon="-119.625"><ele>3176.014869100358</ele></trkpt><trkpt lat="38.3561" lon="-119.62495999999999"><ele>3177.1309237202236</ele></trkpt><trkpt lat="38.35585" lon="-119.62497000000002"><ele>3180.0</ele></trkpt><trkpt lat="38.35566" lon="-119.62490000000003"><ele>3180.9063288904727</ele></trkpt><trkpt lat="38.35527" lon="-119.62486000000001"><ele>3185.0</ele></trkpt><trkpt lat="38.35519" lon="-119.62486000000001"><ele>3185.0</ele></trkpt><trkpt lat="38.35508" lon="-119.62495000000001"><ele>3185.2364977784455</ele></trkpt><trkpt lat="38.35491" lon="-119.62497000000002"><ele>3186.0</ele></trkpt><trkpt lat="38.35486" lon="-119.625"><ele>3187.0</ele></trkpt><trkpt lat="38.35428" lon="-119.62504000000001"><ele>3189.5807538366676</ele></trkpt><trkpt lat="38.35366" lon="-119.62493999999998"><ele>3190.770463999361</ele></trkpt><trkpt lat="38.35355" lon="-119.62482999999997"><ele>3191.0</ele></trkpt><trkpt lat="38.35347" lon="-119.62477999999999"><ele>3191.64674566968</ele></trkpt><trkpt lat="38.3530965667482" lon="-119.62487145304124"><ele>3194.7127098584856</ele></trkpt><trkpt lat="38.35309950220785" lon="-119.62487073422807"><ele>3194.769834307005</ele></trkpt><trkpt lat="38.35298" lon="-119.62490000000003"><ele>3195.0</ele></trkpt><trkpt lat="38.35281" lon="-119.62475"><ele>3195.0</ele></trkpt><trkpt lat="38.35253" lon="-119.62459999999999"><ele>3194.0</ele></trkpt><trkpt lat="38.35188" lon="-119.62486000000001"><ele>3198.042193778325</ele></trkpt><trkpt lat="38.35171" lon="-119.625"><ele>3198.5228635652134</ele></trkpt><trkpt lat="38.35161" lon="-119.62500999999997"><ele>3198.0327004436404</ele></trkpt><trkpt lat="38.35152" lon="-119.62497000000002"><ele>3198.168565333821</ele></trkpt><trkpt lat="38.35138" lon="-119.62498"><ele>3198.6345991105773</ele></trkpt><trkpt lat="38.35119" lon="-119.62489"><ele>3198.0</ele></trkpt><trkpt lat="38.35068" lon="-119.62448"><ele>3198.332910222467</ele></trkpt><trkpt lat="38.35036" lon="-119.62439"><ele>3200.0419340551525</ele></trkpt><trkpt lat="38.3503" lon="-119.62439"><ele>3200.1386062223464</ele></trkpt><trkpt lat="38.35005" lon="-119.62453"><ele>3201.6630791109055</ele></trkpt><trkpt lat="38.34999" lon="-119.62454000000002"><ele>3201.12911288999</ele></trkpt><trkpt lat="38.34978" lon="-119.62443999999999"><ele>3202.4687751112506</ele></trkpt><trkpt lat="38.34947" lon="-119.62445000000002"><ele>3201.9348088898696</ele></trkpt><trkpt lat="38.34924" lon="-119.62450999999999"><ele>3202.73101155553</ele></trkpt><trkpt lat="38.3492" lon="-119.62450999999999"><ele>3202.6676304131</ele></trkpt><trkpt lat="38.3491" lon="-119.62443000000002"><ele>3199.0032295210576</ele></trkpt><trkpt lat="38.34897" lon="-119.62443999999999"><ele>3198.520163788415</ele></trkpt><trkpt lat="38.34866" lon="-119.62463000000002"><ele>3199.2183738204844</ele></trkpt><trkpt lat="38.34856" lon="-119.62479000000002"><ele>3201.7799573340453</ele></trkpt><trkpt lat="38.34833" lon="-119.62502"><ele>3199.498734222725</ele></trkpt><trkpt lat="38.34797" lon="-119.62531999999999"><ele>3202.3094877926474</ele></trkpt><trkpt lat="38.34792" lon="-119.62531999999999"><ele>3202.4797475556843</ele></trkpt><trkpt lat="38.34766" lon="-119.62520999999998"><ele>3202.353375999257</ele></trkpt><trkpt lat="38.34754" lon="-119.62520999999998"><ele>3199.784779176082</ele></trkpt><trkpt lat="38.3472" lon="-119.62538"><ele>3195.3591347960755</ele></trkpt><trkpt lat="38.34715" lon="-119.62511"><ele>3196.03765376751</ele></trkpt><trkpt lat="38.34712" lon="-119.62508000000003"><ele>3196.2468676573917</ele></trkpt><trkpt lat="38.34696" lon="-119.62509"><ele>3197.604327776239</ele></trkpt><trkpt lat="38.34674" lon="-119.62491999999997"><ele>3197.8383964439854</ele></trkpt><trkpt lat="38.34663" lon="-119.62493999999998"><ele>3197.8057995549275</ele></trkpt><trkpt lat="38.3466" lon="-119.62488000000002"><ele>3196.974261334166</ele></trkpt><trkpt lat="38.34596" lon="-119.62473999999997"><ele>3205.216810082551</ele></trkpt><trkpt lat="38.34587" lon="-119.62475999999998"><ele>3207.3818559995852</ele></trkpt><trkpt lat="38.34587" lon="-119.62475999999998"><ele>3207.3818559995852</ele></trkpt><trkpt lat="38.34587" lon="-119.62475999999998"><ele>3207.3818559995852</ele></trkpt><trkpt lat="38.34583" lon="-119.62481000000002"><ele>3207.869936378281</ele></trkpt><trkpt lat="38.34575" lon="-119.62509"><ele>3203.754388930276</ele></trkpt><trkpt lat="38.34567" lon="-119.62529999999998"><ele>3204.5486241365093</ele></trkpt><trkpt lat="38.34558" lon="-119.62540000000001"><ele>3200.7884734150007</ele></trkpt><trkpt lat="38.34552" lon="-119.62551000000002"><ele>3197.1748078390956</ele></trkpt><trkpt lat="38.34552" lon="-119.62571000000003"><ele>3195.030148680549</ele></trkpt><trkpt lat="38.3456" lon="-119.62590999999998"><ele>3194.861538426157</ele></trkpt><trkpt lat="38.34564" lon="-119.62615"><ele>3195.3785504912958</ele></trkpt><trkpt lat="38.34554" lon="-119.62646999999998"><ele>3194.6049930229947</ele></trkpt><trkpt lat="38.3455" lon="-119.62666999999999"><ele>3193.8377808977425</ele></trkpt><trkpt lat="38.34519" lon="-119.62707999999998"><ele>3187.9800197663717</ele></trkpt><trkpt lat="38.3451" lon="-119.62711000000002"><ele>3185.117344666581</ele></trkpt><trkpt lat="38.34501" lon="-119.62720999999999"><ele>3184.3426365703344</ele></trkpt><trkpt lat="38.34493" lon="-119.62732"><ele>3183.0288147442043</ele></trkpt><trkpt lat="38.34491" lon="-119.62743"><ele>3180.8403929956257</ele></trkpt><trkpt lat="38.34504" lon="-119.6277"><ele>3177.5651402175426</ele></trkpt><trkpt lat="38.34509" lon="-119.62787000000003"><ele>3177.217839646153</ele></trkpt><trkpt lat="38.34519" lon="-119.62796000000003"><ele>3180.7114330210175</ele></trkpt><trkpt lat="38.34523" lon="-119.62802999999997"><ele>3181.6626803804343</ele></trkpt><trkpt lat="38.34523" lon="-119.62810000000002"><ele>3183.8923181132413</ele></trkpt><trkpt lat="38.34513" lon="-119.62817000000001"><ele>3184.212424489204</ele></trkpt><trkpt lat="38.34505" lon="-119.62828999999999"><ele>3183.0683768344225</ele></trkpt><trkpt lat="38.34506" lon="-119.62841000000003"><ele>3183.6264487375183</ele></trkpt><trkpt lat="38.34501" lon="-119.62851999999998"><ele>3184.393061458599</ele></trkpt><trkpt lat="38.34486" lon="-119.62865"><ele>3183.119920255414</ele></trkpt><trkpt lat="38.34471" lon="-119.62869999999998"><ele>3177.955358011648</ele></trkpt><trkpt lat="38.34466" lon="-119.62878"><ele>3175.98514883779</ele></trkpt><trkpt lat="38.34463" lon="-119.62898999999999"><ele>3171.4050459712744</ele></trkpt><trkpt lat="38.34463" lon="-119.62927000000002"><ele>3172.765612764284</ele></trkpt><trkpt lat="38.34457" lon="-119.62936000000002"><ele>3172.637273494154</ele></trkpt><trkpt lat="38.34455" lon="-119.62949000000003"><ele>3171.4488576520234</ele></trkpt><trkpt lat="38.34455" lon="-119.62958000000003"><ele>3169.4488576520234</ele></trkpt><trkpt lat="38.3446" lon="-119.62975"><ele>3169.3526089824736</ele></trkpt><trkpt lat="38.34458" lon="-119.62982999999997"><ele>3169.970939431602</ele></trkpt><trkpt lat="38.34448" lon="-119.62991999999997"><ele>3169.1446901247837</ele></trkpt><trkpt lat="38.34437" lon="-119.63013000000001"><ele>3169.7531298492104</ele></trkpt><trkpt lat="38.34436" lon="-119.63024999999999"><ele>3169.514995382531</ele></trkpt><trkpt lat="38.34423" lon="-119.63063"><ele>3167.4342488236725</ele></trkpt><trkpt lat="38.34423" lon="-119.63085000000001"><ele>3167.868497647345</ele></trkpt><trkpt lat="38.344238543527524" lon="-119.6310721366325"><ele>3169.9419097136706</ele></trkpt><trkpt lat="38.344238543527524" lon="-119.6310721366325"><ele>3169.9419097136706</ele></trkpt><trkpt lat="38.34424" lon="-119.63111000000004"><ele>3170.028454080224</ele></trkpt><trkpt lat="38.34435" lon="-119.63146999999998"><ele>3175.6158360016234</ele></trkpt><trkpt lat="38.34433" lon="-119.6318"><ele>3175.5303644444793</ele></trkpt><trkpt lat="38.34437" lon="-119.63184999999999"><ele>3173.397643399723</ele></trkpt><trkpt lat="38.34465" lon="-119.632"><ele>3168.518653224276</ele></trkpt><trkpt lat="38.34498" lon="-119.63200999999998"><ele>3168.7436551116407</ele></trkpt><trkpt lat="38.34551" lon="-119.63216999999997"><ele>3162.935528058725</ele></trkpt><trkpt lat="38.34567" lon="-119.63213999999999"><ele>3161.685866089072</ele></trkpt><trkpt lat="38.34571" lon="-119.63216"><ele>3163.3775188531727</ele></trkpt><trkpt lat="38.34577" lon="-119.63229000000001"><ele>3160.6549889513763</ele></trkpt><trkpt lat="38.34589" lon="-119.63236"><ele>3160.0</ele></trkpt><trkpt lat="38.34599" lon="-119.63254999999998"><ele>3158.5778311113827</ele></trkpt><trkpt lat="38.34651" lon="-119.63286"><ele>3152.1196895634334</ele></trkpt><trkpt lat="38.34648" lon="-119.63315999999998"><ele>3147.1523427549014</ele></trkpt><trkpt lat="38.34652" lon="-119.63332000000003"><ele>3147.816163506359</ele></trkpt><trkpt lat="38.34641" lon="-119.63337999999999"><ele>3146.9729346912354</ele></trkpt><trkpt lat="38.34637" lon="-119.63351"><ele>3145.692251178284</ele></trkpt><trkpt lat="38.34628" lon="-119.63371000000001"><ele>3146.8497060056425</ele></trkpt><trkpt lat="38.34612" lon="-119.63386000000003"><ele>3142.7404993567616</ele></trkpt><trkpt lat="38.34612" lon="-119.63391000000001"><ele>3142.0</ele></trkpt><trkpt lat="38.34617" lon="-119.63455999999996"><ele>3136.711603973061</ele></trkpt><trkpt lat="38.34614" lon="-119.63513999999998"><ele>3127.9289409555495</ele></trkpt><trkpt lat="38.34622" lon="-119.63544999999999"><ele>3125.974935076462</ele></trkpt><trkpt lat="38.34625" lon="-119.63567"><ele>3122.640668072272</ele></trkpt><trkpt lat="38.34641" lon="-119.63607999999999"><ele>3119.0408422471955</ele></trkpt><trkpt lat="38.3465" lon="-119.63639999999998"><ele>3118.320945892483</ele></trkpt><trkpt lat="38.34653" lon="-119.63668000000001"><ele>3117.9977368810214</ele></trkpt><trkpt lat="38.34646" lon="-119.63682"><ele>3116.9440512042493</ele></trkpt><trkpt lat="38.34642" lon="-119.63715000000002"><ele>3115.364864496514</ele></trkpt><trkpt lat="38.34635" lon="-119.63740999999999"><ele>3113.4075975809246</ele></trkpt><trkpt lat="38.34633" lon="-119.63756999999998"><ele>3110.848027201835</ele></trkpt><trkpt lat="38.34639" lon="-119.63770999999997"><ele>3109.80698842502</ele></trkpt><trkpt lat="38.34644" lon="-119.63776999999999"><ele>3108.830926874092</ele></trkpt><trkpt lat="38.34681" lon="-119.63801999999998"><ele>3109.3992789029144</ele></trkpt><trkpt lat="38.34689" lon="-119.63814000000002"><ele>3105.569211438298</ele></trkpt><trkpt lat="38.34703" lon="-119.63814000000002"><ele>3105.81492443569</ele></trkpt><trkpt lat="38.34715" lon="-119.63839999999999"><ele>3106.049107517471</ele></trkpt><trkpt lat="38.34714" lon="-119.63846999999998"><ele>3106.110410085155</ele></trkpt><trkpt lat="38.34711" lon="-119.63850000000002"><ele>3106.1173701417265</ele></trkpt><trkpt lat="38.34701" lon="-119.63851999999997"><ele>3105.047989142805</ele></trkpt><trkpt lat="38.34685" lon="-119.63869999999997"><ele>3103.1517726299353</ele></trkpt><trkpt lat="38.34678" lon="-119.63882000000001"><ele>3102.959245463833</ele></trkpt><trkpt lat="38.34669" lon="-119.63907"><ele>3100.6112135872245</ele></trkpt><trkpt lat="38.34656" lon="-119.63927999999999"><ele>3096.886290386319</ele></trkpt><trkpt lat="38.34643" lon="-119.63934999999998"><ele>3091.48651882587</ele></trkpt><trkpt lat="38.34632" lon="-119.63965000000002"><ele>3089.6249301321805</ele></trkpt><trkpt lat="38.34618" lon="-119.63985000000002"><ele>3086.305825145915</ele></trkpt><trkpt lat="38.34611" lon="-119.63997"><ele>3083.146278679371</ele></trkpt><trkpt lat="38.34607" lon="-119.63995"><ele>3082.5484533876984</ele></trkpt><trkpt lat="38.3461" lon="-119.63956000000002"><ele>3077.5520580839366</ele></trkpt><trkpt lat="38.34604" lon="-119.63923"><ele>3071.996455025759</ele></trkpt><trkpt lat="38.3461" lon="-119.63916"><ele>3072.022554084193</ele></trkpt><trkpt lat="38.34614" lon="-119.63902999999999"><ele>3070.340997844003</ele></trkpt><trkpt lat="38.34617" lon="-119.63881000000003"><ele>3069.711603973061</ele></trkpt><trkpt lat="38.34611" lon="-119.63857999999999"><ele>3069.146278679371</ele></trkpt><trkpt lat="38.34603" lon="-119.63846999999998"><ele>3068.6858346676454</ele></trkpt><trkpt lat="38.3458" lon="-119.63848000000002"><ele>3068.0</ele></trkpt><trkpt lat="38.3456" lon="-119.63837000000001"><ele>3062.29117703684</ele></trkpt><trkpt lat="38.34554" lon="-119.63837000000001"><ele>3061.095486710805</ele></trkpt><trkpt lat="38.34497" lon="-119.63812999999999"><ele>3053.936642332934</ele></trkpt><trkpt lat="38.34489" lon="-119.63810999999998"><ele>3053.301895872738</ele></trkpt><trkpt lat="38.34482" lon="-119.63815"><ele>3051.294965425411</ele></trkpt><trkpt lat="38.34478" lon="-119.63814000000002"><ele>3051.0075120161646</ele></trkpt><trkpt lat="38.34448" lon="-119.63800000000003"><ele>3045.1705816155036</ele></trkpt><trkpt lat="38.34429" lon="-119.63796000000002"><ele>3040.9997167138217</ele></trkpt><trkpt lat="38.34416" lon="-119.63799"><ele>3037.315030234952</ele></trkpt><trkpt lat="38.34391" lon="-119.63794999999999"><ele>3032.0</ele></trkpt><trkpt lat="38.34387" lon="-119.63787000000002"><ele>3031.6629731181088</ele></trkpt><trkpt lat="38.34392" lon="-119.63767999999999"><ele>3031.0069284545834</ele></trkpt><trkpt lat="38.34429" lon="-119.63716999999997"><ele>3030.9998599098626</ele></trkpt><trkpt lat="38.34435" lon="-119.63702999999998"><ele>3028.770018623676</ele></trkpt><trkpt lat="38.34436" lon="-119.63692000000003"><ele>3028.225309509552</ele></trkpt><trkpt lat="38.34446" lon="-119.6368"><ele>3026.0</ele></trkpt><trkpt lat="38.34445" lon="-119.63675"><ele>3025.5067833699286</ele></trkpt><trkpt lat="38.34436" lon="-119.63662"><ele>3026.0</ele></trkpt><trkpt lat="38.34401" lon="-119.63648"><ele>3027.426556444261</ele></trkpt><trkpt lat="38.34401" lon="-119.63626"><ele>3028.2457393203877</ele></trkpt><trkpt lat="38.34399" lon="-119.63623000000001"><ele>3027.1733473315835</ele></trkpt><trkpt lat="38.34375" lon="-119.63630999999998"><ele>3023.3491306672804</ele></trkpt><trkpt lat="38.34361" lon="-119.63628"><ele>3021.8972961317972</ele></trkpt><trkpt lat="38.34355" lon="-119.63623000000001"><ele>3022.0</ele></trkpt><trkpt lat="38.34345" lon="-119.63598999999999"><ele>3019.022679131088</ele></trkpt><trkpt lat="38.34353" lon="-119.63576"><ele>3018.84008487314</ele></trkpt><trkpt lat="38.34352" lon="-119.63571999999999"><ele>3018.0</ele></trkpt><trkpt lat="38.34347" lon="-119.63569000000001"><ele>3018.066859973189</ele></trkpt><trkpt lat="38.3432" lon="-119.63562999999999"><ele>3018.039427555632</ele></trkpt><trkpt lat="38.34313" lon="-119.63567999999998"><ele>3018.6580702947876</ele></trkpt><trkpt lat="38.34302" lon="-119.63566000000003"><ele>3017.3437627380135</ele></trkpt><trkpt lat="38.34272" lon="-119.63572999999997"><ele>3012.2692283550464</ele></trkpt><trkpt lat="38.34258" lon="-119.63566000000003"><ele>3012.0</ele></trkpt><trkpt lat="38.34252" lon="-119.63560000000001"><ele>3011.0</ele></trkpt><trkpt lat="38.3425" lon="-119.63553999999999"><ele>3011.0</ele></trkpt><trkpt lat="38.34248" lon="-119.63533999999999"><ele>3011.0</ele></trkpt><trkpt lat="38.34252" lon="-119.63517000000002"><ele>3010.826356690377</ele></trkpt><trkpt lat="38.34251" lon="-119.63504999999998"><ele>3010.0</ele></trkpt><trkpt lat="38.34248" lon="-119.63504"><ele>3009.0</ele></trkpt><trkpt lat="38.34236" lon="-119.63511"><ele>3006.273184000049</ele></trkpt><trkpt lat="38.34229" lon="-119.63513"><ele>3005.0</ele></trkpt><trkpt lat="38.34209" lon="-119.63504"><ele>3001.0</ele></trkpt><trkpt lat="38.34199" lon="-119.63491999999997"><ele>3001.3343390338123</ele></trkpt><trkpt lat="38.34188" lon="-119.63499999999999"><ele>2997.0</ele></trkpt><trkpt lat="38.34166" lon="-119.63488999999998"><ele>2996.0</ele></trkpt><trkpt lat="38.34166" lon="-119.63488999999998"><ele>2996.0</ele></trkpt><trkpt lat="38.34146" lon="-119.63475"><ele>2993.0</ele></trkpt><trkpt lat="38.34134" lon="-119.63457"><ele>2990.0</ele></trkpt><trkpt lat="38.34126" lon="-119.63457"><ele>2989.439007999841</ele></trkpt><trkpt lat="38.3409" lon="-119.63445999999999"><ele>2986.0</ele></trkpt><trkpt lat="38.34085" lon="-119.63441999999998"><ele>2986.0</ele></trkpt><trkpt lat="38.34083" lon="-119.6343"><ele>2986.409217592329</ele></trkpt><trkpt lat="38.34077" lon="-119.63428999999996"><ele>2985.0760450955827</ele></trkpt><trkpt lat="38.34066" lon="-119.63440000000003"><ele>2984.361582220532</ele></trkpt><trkpt lat="38.34046" lon="-119.63468999999998"><ele>2980.8466026675887</ele></trkpt><trkpt lat="38.34014" lon="-119.63490999999999"><ele>2972.4268637525097</ele></trkpt><trkpt lat="38.340137106929355" lon="-119.63491361633828"><ele>2972.287818309589</ele></trkpt><trkpt lat="38.34010982864587" lon="-119.63494771420562"><ele>2971.836250182707</ele></trkpt><trkpt lat="38.34006" lon="-119.63500999999997"><ele>2969.9335217787884</ele></trkpt><trkpt lat="38.33998" lon="-119.63504"><ele>2968.0</ele></trkpt><trkpt lat="38.33969" lon="-119.63554999999997"><ele>2960.0</ele></trkpt><trkpt lat="38.33958" lon="-119.63569000000001"><ele>2957.104202521964</ele></trkpt><trkpt lat="38.33939" lon="-119.63587999999999"><ele>2952.0</ele></trkpt><trkpt lat="38.33931" lon="-119.63592"><ele>2951.0</ele></trkpt><trkpt lat="38.33921" lon="-119.63589000000002"><ele>2950.0</ele></trkpt><trkpt lat="38.33898" lon="-119.63580999999999"><ele>2948.0</ele></trkpt><trkpt lat="38.33843" lon="-119.63544000000002"><ele>2947.0</ele></trkpt><trkpt lat="38.33836" lon="-119.63540999999998"><ele>2948.3500795811415</ele></trkpt><trkpt lat="38.3382" lon="-119.63544999999999"><ele>2950.0</ele></trkpt><trkpt lat="38.33806" lon="-119.6354"><ele>2949.625704679377</ele></trkpt><trkpt lat="38.33784" lon="-119.63524000000001"><ele>2947.1618884071518</ele></trkpt><trkpt lat="38.3377" lon="-119.63497000000001"><ele>2944.435732655227</ele></trkpt><trkpt lat="38.33769" lon="-119.63467000000003"><ele>2942.841581042856</ele></trkpt><trkpt lat="38.33754" lon="-119.63477"><ele>2942.1806516252173</ele></trkpt><trkpt lat="38.33746" lon="-119.63470999999998"><ele>2944.0</ele></trkpt><trkpt lat="38.33737" lon="-119.63443000000001"><ele>2944.8287727311254</ele></trkpt><trkpt lat="38.33708" lon="-119.63434999999998"><ele>2942.0</ele></trkpt><trkpt lat="38.33693" lon="-119.63427000000001"><ele>2939.4200213323347</ele></trkpt><trkpt lat="38.33674" lon="-119.63428999999996"><ele>2939.691518662249</ele></trkpt><trkpt lat="38.33654" lon="-119.63425999999998"><ele>2938.4300091462173</ele></trkpt><trkpt lat="38.33644" lon="-119.63416000000001"><ele>2938.573275236413</ele></trkpt><trkpt lat="38.33642" lon="-119.63409000000001"><ele>2938.0</ele></trkpt><trkpt lat="38.33644" lon="-119.63398999999998"><ele>2937.7998801200947</ele></trkpt><trkpt lat="38.33642" lon="-119.63393000000002"><ele>2936.548074092144</ele></trkpt><trkpt lat="38.33608" lon="-119.63380000000001"><ele>2935.0</ele></trkpt><trkpt lat="38.33591" lon="-119.63367"><ele>2933.4338944121514</ele></trkpt><trkpt lat="38.33565" lon="-119.63376"><ele>2934.0682699612203</ele></trkpt><trkpt lat="38.3355" lon="-119.63393000000002"><ele>2934.2756466735154</ele></trkpt><trkpt lat="38.33544" lon="-119.63407000000001"><ele>2934.6225163852127</ele></trkpt><trkpt lat="38.33529" lon="-119.63427000000001"><ele>2934.8564172736114</ele></trkpt><trkpt lat="38.33515" lon="-119.63437999999996"><ele>2936.0</ele></trkpt><trkpt lat="38.33494" lon="-119.63441"><ele>2936.0</ele></trkpt><trkpt lat="38.33485" lon="-119.63457"><ele>2936.9406236561586</ele></trkpt><trkpt lat="38.33452" lon="-119.63486"><ele>2940.0</ele></trkpt><trkpt lat="38.33417" lon="-119.63491999999997"><ele>2942.127825778909</ele></trkpt><trkpt lat="38.33408" lon="-119.63490999999999"><ele>2942.5938595556654</ele></trkpt><trkpt lat="38.3339" lon="-119.63479000000001"><ele>2944.1862648883834</ele></trkpt><trkpt lat="38.33373" lon="-119.63479999999998"><ele>2946.436011776328</ele></trkpt><trkpt lat="38.3337" lon="-119.63502"><ele>2947.10208475024</ele></trkpt><trkpt lat="38.33359" lon="-119.63533999999999"><ele>2948.753671137616</ele></trkpt><trkpt lat="38.33346" lon="-119.63558"><ele>2950.0</ele></trkpt><trkpt lat="38.33334" lon="-119.63562000000002"><ele>2950.5054613319226</ele></trkpt><trkpt lat="38.33315" lon="-119.63562999999999"><ele>2951.039427555632</ele></trkpt><trkpt lat="38.33292" lon="-119.63558999999998"><ele>2952.903562667314</ele></trkpt><trkpt lat="38.33258" lon="-119.63558"><ele>2954.0890113430464</ele></trkpt><trkpt lat="38.33237" lon="-119.63549999999998"><ele>2954.0</ele></trkpt><trkpt lat="38.33216" lon="-119.63585999999998"><ele>2955.3206506678835</ele></trkpt><trkpt lat="38.33196" lon="-119.63598000000002"><ele>2951.889615474862</ele></trkpt><trkpt lat="38.33186" lon="-119.63608999999997"><ele>2950.321912163584</ele></trkpt><trkpt lat="38.33175" lon="-119.63614000000001"><ele>2950.0</ele></trkpt><trkpt lat="38.33165" lon="-119.63623999999999"><ele>2947.61136711156</ele></trkpt><trkpt lat="38.33152" lon="-119.63628"><ele>2946.747231999412</ele></trkpt><trkpt lat="38.33137" lon="-119.63614000000001"><ele>2945.5296406614534</ele></trkpt><trkpt lat="38.33117" lon="-119.63605999999999"><ele>2942.9999751113355</ele></trkpt><trkpt lat="38.33071" lon="-119.63603"><ele>2935.398076443933</ele></trkpt><trkpt lat="38.33035054369223" lon="-119.63596518001009"><ele>2931.8772242898094</ele></trkpt><trkpt lat="38.33035054369223" lon="-119.63596518001009"><ele>2931.8772242898094</ele></trkpt><trkpt lat="38.3301" lon="-119.63592"><ele>2928.954421444504</ele></trkpt><trkpt lat="38.32993" lon="-119.63584000000003"><ele>2926.049368607708</ele></trkpt><trkpt lat="38.32993" lon="-119.63584000000003"><ele>2926.049368607708</ele></trkpt><trkpt lat="38.32977" lon="-119.63551000000001"><ele>2929.63183288835</ele></trkpt><trkpt lat="38.32966" lon="-119.63538"><ele>2930.926998634507</ele></trkpt><trkpt lat="38.32966" lon="-119.63538"><ele>2930.926998634507</ele></trkpt><trkpt lat="38.329425965787685" lon="-119.63525566932469"><ele>2931.0</ele></trkpt></trkseg></trk></gpx>