<?xml version="1.0"?>
<gpx xmlns="http://www.topografix.com/GPX/1/1" xmlns:gpxx="http://www.garmin.com/xmlschemas/GpxExtensions/v3" creator="CALTOPO" version="1.1"><metadata><name><![CDATA[Thousand Island-Devils Postpile]]></name></metadata><wpt lat="37.68108763205446" lon="-119.0806220334938"><name>Agnew Meadows Shuttle Stop</name></wpt><wpt lat="37.62998367221355" lon="-119.08460511446444"><name>Devils Postpile Shuttle Stop</name></wpt><wpt lat="37.726550672152285" lon="-119.15554992080459"><name>Camp 1</name></wpt><trk><name>Thousand Island-Devils Postpile</name><trkseg><trkpt lat="37.68112" lon="-119.0806"><ele>2544.0</ele></trkpt><trkpt lat="37.681288522702474" lon="-119.0807541803448"><ele>2544.0</ele></trkpt><trkpt lat="37.681295981798506" lon="-119.08076100430515"><ele>2544.0</ele></trkpt><trkpt lat="37.68159" lon="-119.08103"><ele>2544.0</ele></trkpt><trkpt lat="37.68165" lon="-119.08116000000001"><ele>2544.0</ele></trkpt><trkpt lat="37.68169" lon="-119.08137999999997"><ele>2544.0500924426633</ele></trkpt><trkpt lat="37.68171" lon="-119.08231999999998"><ele>2544.0</ele></trkpt><trkpt lat="37.68189" lon="-119.08311000000003"><ele>2545.0</ele></trkpt><trkpt lat="37.68198" lon="-119.08341000000001"><ele>2545.0</ele></trkpt><trkpt lat="37.68203" lon="-119.08362999999997"><ele>2544.073330698535</ele></trkpt><trkpt lat="37.68204" lon="-119.08391"><ele>2544.0</ele></trkpt><trkpt lat="37.68245" lon="-119.08442000000002"><ele>2543.0</ele></trkpt><trkpt lat="37.68284869669124" lon="-119.08468255635762"><ele>2542.3202135604524</ele></trkpt><trkpt lat="37.68285" lon="-119.08467999999999"><ele>2542.4692460012093</ele></trkpt><trkpt lat="37.682848059658156" lon="-119.0846945525638"><ele>2542.1210641604976</ele></trkpt><trkpt lat="37.68284638692965" lon="-119.08470709802765"><ele>2542.0</ele></trkpt><trkpt lat="37.68283" lon="-119.08483000000001"><ele>2541.0</ele></trkpt><trkpt lat="37.68255" lon="-119.08521999999999"><ele>2539.0</ele></trkpt><trkpt lat="37.68237" lon="-119.08571999999998"><ele>2537.0</ele></trkpt><trkpt lat="37.68223" lon="-119.08594"><ele>2536.0</ele></trkpt><trkpt lat="37.682" lon="-119.08612"><ele>2534.0</ele></trkpt><trkpt lat="37.681861379487145" lon="-119.08611306823178"><ele>2534.0</ele></trkpt><trkpt lat="37.681861379487145" lon="-119.08611306823178"><ele>2534.0</ele></trkpt><trkpt lat="37.6818" lon="-119.08611000000002"><ele>2533.5295435171574</ele></trkpt><trkpt lat="37.68166" lon="-119.08613000000003"><ele>2534.0</ele></trkpt><trkpt lat="37.68166" lon="-119.08613000000003"><ele>2534.0</ele></trkpt><trkpt lat="37.6816" lon="-119.08609999999999"><ele>2534.0</ele></trkpt><trkpt lat="37.6816" lon="-119.08609999999999"><ele>2534.0</ele></trkpt><trkpt lat="37.68143" lon="-119.08600999999999"><ele>2535.0</ele></trkpt><trkpt lat="37.68134" lon="-119.08600999999999"><ele>2535.0</ele></trkpt><trkpt lat="37.68127" lon="-119.08605999999997"><ele>2534.0</ele></trkpt><trkpt lat="37.68099" lon="-119.08605999999997"><ele>2532.713815581813</ele></trkpt><trkpt lat="37.6809" lon="-119.08613000000003"><ele>2532.0</ele></trkpt><trkpt lat="37.68075" lon="-119.08645999999999"><ele>2531.0649758982217</ele></trkpt><trkpt lat="37.68078" lon="-119.08672000000001"><ele>2531.0</ele></trkpt><trkpt lat="37.68071" lon="-119.08688999999998"><ele>2531.0</ele></trkpt><trkpt lat="37.68065" lon="-119.0872"><ele>2530.780886559825</ele></trkpt><trkpt lat="37.6805" lon="-119.08765"><ele>2530.0</ele></trkpt><trkpt lat="37.68050884294004" lon="-119.08774137704711"><ele>2530.0</ele></trkpt><trkpt lat="37.680510291940216" lon="-119.08775635003485"><ele>2530.0</ele></trkpt><trkpt lat="37.68053" lon="-119.08796000000001"><ele>2529.1755820378817</ele></trkpt><trkpt lat="37.6804" lon="-119.08823999999998"><ele>2529.909994482994</ele></trkpt><trkpt lat="37.68043" lon="-119.08857"><ele>2529.1434492673725</ele></trkpt><trkpt lat="37.68042" lon="-119.08865000000003"><ele>2528.155004443135</ele></trkpt><trkpt lat="37.68035" lon="-119.08879999999999"><ele>2528.0</ele></trkpt><trkpt lat="37.68028" lon="-119.08907999999997"><ele>2528.0</ele></trkpt><trkpt lat="37.68028" lon="-119.08907999999997"><ele>2528.0</ele></trkpt><trkpt lat="37.68028" lon="-119.08907999999997"><ele>2528.0</ele></trkpt><trkpt lat="37.68018" lon="-119.08976999999999"><ele>2526.170621189327</ele></trkpt><trkpt lat="37.68006" lon="-119.08992999999998"><ele>2527.0</ele></trkpt><trkpt lat="37.67993" lon="-119.09003000000001"><ele>2526.506575390386</ele></trkpt><trkpt lat="37.67986" lon="-119.09015"><ele>2526.2923137769103</ele></trkpt><trkpt lat="37.67983" lon="-119.09033999999997"><ele>2526.5257821362466</ele></trkpt><trkpt lat="37.6799" lon="-119.09145999999998"><ele>2526.6476904153824</ele></trkpt><trkpt lat="37.67992" lon="-119.09162000000003"><ele>2526.825379209593</ele></trkpt><trkpt lat="37.67997" lon="-119.09180000000003"><ele>2527.0</ele></trkpt><trkpt lat="37.67997" lon="-119.09180000000003"><ele>2527.0</ele></trkpt><trkpt lat="37.68003" lon="-119.09190000000001"><ele>2527.2100633069567</ele></trkpt><trkpt lat="37.68029" lon="-119.09309999999999"><ele>2530.0</ele></trkpt><trkpt lat="37.68065" lon="-119.09402999999998"><ele>2532.8112374786288</ele></trkpt><trkpt lat="37.68071" lon="-119.09431000000001"><ele>2532.1308102247417</ele></trkpt><trkpt lat="37.68142" lon="-119.09553"><ele>2528.0801065819087</ele></trkpt><trkpt lat="37.68153" lon="-119.09566000000001"><ele>2528.8023678186164</ele></trkpt><trkpt lat="37.68169" lon="-119.09613000000002"><ele>2527.052094925195</ele></trkpt><trkpt lat="37.68189" lon="-119.09658000000002"><ele>2527.0</ele></trkpt><trkpt lat="37.68211" lon="-119.09683999999999"><ele>2526.0</ele></trkpt><trkpt lat="37.68223" lon="-119.09694000000002"><ele>2526.0</ele></trkpt><trkpt lat="37.6823" lon="-119.09694000000002"><ele>2525.9948786509544</ele></trkpt><trkpt lat="37.68238" lon="-119.09699"><ele>2525.33002760835</ele></trkpt><trkpt lat="37.68244" lon="-119.09719999999999"><ele>2524.0</ele></trkpt><trkpt lat="37.68255" lon="-119.09730000000002"><ele>2523.024843881154</ele></trkpt><trkpt lat="37.68259" lon="-119.09743000000003"><ele>2522.978473013465</ele></trkpt><trkpt lat="37.68256" lon="-119.09753"><ele>2521.283087130636</ele></trkpt><trkpt lat="37.6825" lon="-119.09761000000003"><ele>2520.0</ele></trkpt><trkpt lat="37.6825" lon="-119.09761000000003"><ele>2520.0</ele></trkpt><trkpt lat="37.68266" lon="-119.09782999999999"><ele>2518.0577058528675</ele></trkpt><trkpt lat="37.68269" lon="-119.09793000000002"><ele>2516.980002561114</ele></trkpt><trkpt lat="37.68263" lon="-119.09805"><ele>2515.4051471035928</ele></trkpt><trkpt lat="37.68273" lon="-119.09839999999997"><ele>2513.772071112413</ele></trkpt><trkpt lat="37.68303" lon="-119.09883000000002"><ele>2512.0</ele></trkpt><trkpt lat="37.68318" lon="-119.09914000000003"><ele>2511.2264286937707</ele></trkpt><trkpt lat="37.68333" lon="-119.09956999999997"><ele>2506.246119112242</ele></trkpt><trkpt lat="37.68351" lon="-119.09986000000004"><ele>2501.956801007036</ele></trkpt><trkpt lat="37.68367" lon="-119.10023000000001"><ele>2496.819552434068</ele></trkpt><trkpt lat="37.68382" lon="-119.10043000000002"><ele>2495.2155618359575</ele></trkpt><trkpt lat="37.68382" lon="-119.10043000000002"><ele>2495.2155618359575</ele></trkpt><trkpt lat="37.68412" lon="-119.10084999999998"><ele>2493.74085614644</ele></trkpt><trkpt lat="37.68420458033815" lon="-119.10092988143049"><ele>2493.8875322827535</ele></trkpt><trkpt lat="37.68421434482301" lon="-119.10093910339248"><ele>2493.833959368297</ele></trkpt><trkpt lat="37.6843" lon="-119.10102"><ele>2494.0</ele></trkpt><trkpt lat="37.68437" lon="-119.10115000000002"><ele>2492.949286407284</ele></trkpt><trkpt lat="37.68453" lon="-119.10127999999997"><ele>2493.684081772636</ele></trkpt><trkpt lat="37.68479" lon="-119.10158000000001"><ele>2491.3451746410633</ele></trkpt><trkpt lat="37.68498" lon="-119.10192"><ele>2488.519027781673</ele></trkpt><trkpt lat="37.68507" lon="-119.10214000000002"><ele>2486.5230744459027</ele></trkpt><trkpt lat="37.68515" lon="-119.10223000000002"><ele>2486.0830311025493</ele></trkpt><trkpt lat="37.68526" lon="-119.10244"><ele>2485.4179123694666</ele></trkpt><trkpt lat="37.68529" lon="-119.10259000000002"><ele>2483.0233357404513</ele></trkpt><trkpt lat="37.68543" lon="-119.10277000000002"><ele>2482.033524815338</ele></trkpt><trkpt lat="37.68557" lon="-119.10312999999996"><ele>2476.8732729037292</ele></trkpt><trkpt lat="37.68571" lon="-119.10325"><ele>2477.943959257903</ele></trkpt><trkpt lat="37.68578" lon="-119.10339999999997"><ele>2476.681077776942</ele></trkpt><trkpt lat="37.68594" lon="-119.10365999999999"><ele>2474.7555434918745</ele></trkpt><trkpt lat="37.68613" lon="-119.10381999999998"><ele>2474.783368818774</ele></trkpt><trkpt lat="37.68633" lon="-119.10419999999999"><ele>2470.0</ele></trkpt><trkpt lat="37.68668" lon="-119.10464000000002"><ele>2466.8725990780094</ele></trkpt><trkpt lat="37.68681" lon="-119.10485"><ele>2464.100610602004</ele></trkpt><trkpt lat="37.68684" lon="-119.10495000000003"><ele>2463.0006143896526</ele></trkpt><trkpt lat="37.68685" lon="-119.10513000000003"><ele>2459.9250025917154</ele></trkpt><trkpt lat="37.68698" lon="-119.10561000000001"><ele>2452.761717332527</ele></trkpt><trkpt lat="37.68724" lon="-119.10604999999998"><ele>2448.344885521003</ele></trkpt><trkpt lat="37.68724" lon="-119.10604999999998"><ele>2448.344885521003</ele></trkpt><trkpt lat="37.68735" lon="-119.10613000000001"><ele>2449.1893991600036</ele></trkpt><trkpt lat="37.68743" lon="-119.10626000000002"><ele>2449.0328511909856</ele></trkpt><trkpt lat="37.68753" lon="-119.10658999999998"><ele>2447.0</ele></trkpt><trkpt lat="37.68764" lon="-119.10678999999999"><ele>2447.0</ele></trkpt><trkpt lat="37.68786" lon="-119.10699"><ele>2447.449055999983</ele></trkpt><trkpt lat="37.68794" lon="-119.10705000000002"><ele>2448.0</ele></trkpt><trkpt lat="37.68806" lon="-119.10723000000002"><ele>2448.3901204997983</ele></trkpt><trkpt lat="37.68819" lon="-119.10735999999997"><ele>2449.8625314743304</ele></trkpt><trkpt lat="37.68828" lon="-119.10750000000002"><ele>2450.0</ele></trkpt><trkpt lat="37.68844" lon="-119.10766000000001"><ele>2450.0</ele></trkpt><trkpt lat="37.68863" lon="-119.1078"><ele>2451.0</ele></trkpt><trkpt lat="37.68906" lon="-119.10849999999999"><ele>2450.0</ele></trkpt><trkpt lat="37.68925" lon="-119.10869000000002"><ele>2452.0</ele></trkpt><trkpt lat="37.68944" lon="-119.10876999999999"><ele>2452.0</ele></trkpt><trkpt lat="37.68962" lon="-119.10899"><ele>2452.0</ele></trkpt><trkpt lat="37.68985" lon="-119.10913"><ele>2452.0</ele></trkpt><trkpt lat="37.69" lon="-119.10932000000003"><ele>2452.0</ele></trkpt><trkpt lat="37.69017" lon="-119.10948000000002"><ele>2452.0</ele></trkpt><trkpt lat="37.69069" lon="-119.10991000000001"><ele>2454.403214002466</ele></trkpt><trkpt lat="37.69096" lon="-119.11020000000002"><ele>2453.0</ele></trkpt><trkpt lat="37.69104" lon="-119.11038000000002"><ele>2452.3103934444107</ele></trkpt><trkpt lat="37.69107" lon="-119.11052999999998"><ele>2452.0</ele></trkpt><trkpt lat="37.69123" lon="-119.11072000000001"><ele>2452.0</ele></trkpt><trkpt lat="37.6914" lon="-119.11079000000001"><ele>2455.0</ele></trkpt><trkpt lat="37.69161" lon="-119.11095"><ele>2458.0</ele></trkpt><trkpt lat="37.69173" lon="-119.11108000000002"><ele>2459.0</ele></trkpt><trkpt lat="37.69192" lon="-119.11133999999998"><ele>2459.138945556155</ele></trkpt><trkpt lat="37.69224" lon="-119.11162000000002"><ele>2459.213567741774</ele></trkpt><trkpt lat="37.69258" lon="-119.11187000000001"><ele>2462.0</ele></trkpt><trkpt lat="37.69302" lon="-119.11212"><ele>2464.0</ele></trkpt><trkpt lat="37.69323" lon="-119.1123"><ele>2463.0</ele></trkpt><trkpt lat="37.69338" lon="-119.11232000000001"><ele>2463.0</ele></trkpt><trkpt lat="37.69352" lon="-119.11238000000003"><ele>2463.186804000004</ele></trkpt><trkpt lat="37.6939" lon="-119.11270999999999"><ele>2462.0</ele></trkpt><trkpt lat="37.69407" lon="-119.11280999999997"><ele>2463.0</ele></trkpt><trkpt lat="37.69419" lon="-119.11286000000001"><ele>2463.0</ele></trkpt><trkpt lat="37.6944" lon="-119.11288000000002"><ele>2465.0</ele></trkpt><trkpt lat="37.69457" lon="-119.11295000000001"><ele>2465.0</ele></trkpt><trkpt lat="37.6948" lon="-119.11322000000001"><ele>2464.0</ele></trkpt><trkpt lat="37.69516" lon="-119.11376999999999"><ele>2462.0</ele></trkpt><trkpt lat="37.69516" lon="-119.11376999999999"><ele>2462.0</ele></trkpt><trkpt lat="37.69529" lon="-119.11397"><ele>2463.0</ele></trkpt><trkpt lat="37.69553" lon="-119.11421999999999"><ele>2463.0</ele></trkpt><trkpt lat="37.69592" lon="-119.11446000000001"><ele>2464.0</ele></trkpt><trkpt lat="37.695993101617695" lon="-119.11457818094857"><ele>2464.0</ele></trkpt><trkpt lat="37.69601032054632" lon="-119.11460601771466"><ele>2464.0</ele></trkpt><trkpt lat="37.69652" lon="-119.11543"><ele>2465.484595525563</ele></trkpt><trkpt lat="37.69662" lon="-119.11552"><ele>2466.0</ele></trkpt><trkpt lat="37.69673" lon="-119.11556999999999"><ele>2466.464850580816</ele></trkpt><trkpt lat="37.697" lon="-119.11588999999998"><ele>2467.0</ele></trkpt><trkpt lat="37.69718" lon="-119.11615"><ele>2468.0</ele></trkpt><trkpt lat="37.69718" lon="-119.11642999999998"><ele>2468.0</ele></trkpt><trkpt lat="37.69729" lon="-119.11664999999999"><ele>2469.0</ele></trkpt><trkpt lat="37.6973" lon="-119.11682000000002"><ele>2469.0</ele></trkpt><trkpt lat="37.6973" lon="-119.11682000000002"><ele>2469.0</ele></trkpt><trkpt lat="37.69778" lon="-119.11732"><ele>2473.0</ele></trkpt><trkpt lat="37.69798" lon="-119.11759"><ele>2476.4079872127622</ele></trkpt><trkpt lat="37.69798" lon="-119.11774000000003"><ele>2477.0</ele></trkpt><trkpt lat="37.69791" lon="-119.11797999999999"><ele>2480.0</ele></trkpt><trkpt lat="37.69791" lon="-119.11811999999998"><ele>2482.0702817451556</ele></trkpt><trkpt lat="37.69794" lon="-119.11813000000001"><ele>2483.7646087324247</ele></trkpt><trkpt lat="37.69799" lon="-119.11810000000003"><ele>2484.313519882264</ele></trkpt><trkpt lat="37.69835" lon="-119.11802"><ele>2488.1175881128684</ele></trkpt><trkpt lat="37.6984" lon="-119.118"><ele>2489.7044737719552</ele></trkpt><trkpt lat="37.69847" lon="-119.11791"><ele>2491.123459220382</ele></trkpt><trkpt lat="37.69868" lon="-119.11779999999999"><ele>2494.3334577777423</ele></trkpt><trkpt lat="37.69872" lon="-119.11775"><ele>2494.996575518981</ele></trkpt><trkpt lat="37.69875" lon="-119.11732999999998"><ele>2496.760290302336</ele></trkpt><trkpt lat="37.69872" lon="-119.11703"><ele>2498.993308637291</ele></trkpt><trkpt lat="37.6986" lon="-119.11684000000002"><ele>2499.9556650866684</ele></trkpt><trkpt lat="37.69846" lon="-119.11651999999998"><ele>2502.3188657783903</ele></trkpt><trkpt lat="37.69831" lon="-119.11635000000001"><ele>2504.0</ele></trkpt><trkpt lat="37.69833" lon="-119.11633999999998"><ele>2504.7140883930474</ele></trkpt><trkpt lat="37.6984" lon="-119.11637000000002"><ele>2506.145548686385</ele></trkpt><trkpt lat="37.69874" lon="-119.11671000000001"><ele>2510.635520331096</ele></trkpt><trkpt lat="37.69887" lon="-119.11678999999998"><ele>2513.9546432272114</ele></trkpt><trkpt lat="37.69912" lon="-119.11705999999998"><ele>2518.6215138310326</ele></trkpt><trkpt lat="37.69921" lon="-119.1173"><ele>2522.8540987242013</ele></trkpt><trkpt lat="37.69921" lon="-119.11770999999999"><ele>2523.735247660267</ele></trkpt><trkpt lat="37.69938" lon="-119.11797000000001"><ele>2525.8670704681426</ele></trkpt><trkpt lat="37.69941" lon="-119.11811999999998"><ele>2527.4777456194274</ele></trkpt><trkpt lat="37.69946" lon="-119.11815999999999"><ele>2529.0640873237</ele></trkpt><trkpt lat="37.69953" lon="-119.11813000000001"><ele>2530.0</ele></trkpt><trkpt lat="37.69965" lon="-119.11817000000002"><ele>2533.0</ele></trkpt><trkpt lat="37.69988" lon="-119.11815999999999"><ele>2538.282023529945</ele></trkpt><trkpt lat="37.70007" lon="-119.11838999999998"><ele>2542.0838776093087</ele></trkpt><trkpt lat="37.70022" lon="-119.11838999999998"><ele>2541.7152762218316</ele></trkpt><trkpt lat="37.70029" lon="-119.11847999999998"><ele>2543.4663096461445</ele></trkpt><trkpt lat="37.7003" lon="-119.11856999999998"><ele>2544.0</ele></trkpt><trkpt lat="37.70039" lon="-119.11860999999999"><ele>2545.0</ele></trkpt><trkpt lat="37.70047" lon="-119.11894000000001"><ele>2543.036865302531</ele></trkpt><trkpt lat="37.70053" lon="-119.11899"><ele>2544.0</ele></trkpt><trkpt lat="37.70066" lon="-119.11928"><ele>2541.180040351796</ele></trkpt><trkpt lat="37.70121" lon="-119.11966000000001"><ele>2543.655220299959</ele></trkpt><trkpt lat="37.70121" lon="-119.11966000000001"><ele>2543.655220299959</ele></trkpt><trkpt lat="37.7017" lon="-119.11999000000003"><ele>2551.5169798098505</ele></trkpt><trkpt lat="37.70187" lon="-119.12004000000002"><ele>2555.0</ele></trkpt><trkpt lat="37.70202" lon="-119.12017000000003"><ele>2556.0</ele></trkpt><trkpt lat="37.70246" lon="-119.12031000000002"><ele>2563.2825352586806</ele></trkpt><trkpt lat="37.70296" lon="-119.12058999999999"><ele>2571.9050012422294</ele></trkpt><trkpt lat="37.70324" lon="-119.12071000000003"><ele>2575.2658297906446</ele></trkpt><trkpt lat="37.70333" lon="-119.12085000000002"><ele>2578.0</ele></trkpt><trkpt lat="37.70353" lon="-119.12103000000002"><ele>2579.0</ele></trkpt><trkpt lat="37.70372" lon="-119.12131"><ele>2578.0</ele></trkpt><trkpt lat="37.70387" lon="-119.12148000000002"><ele>2577.055753284096</ele></trkpt><trkpt lat="37.70468" lon="-119.12225000000001"><ele>2576.0134301488015</ele></trkpt><trkpt lat="37.70475" lon="-119.12234999999998"><ele>2573.792170525063</ele></trkpt><trkpt lat="37.70484" lon="-119.12239"><ele>2575.357606357592</ele></trkpt><trkpt lat="37.70504" lon="-119.12257"><ele>2574.528368603421</ele></trkpt><trkpt lat="37.70511" lon="-119.12270999999998"><ele>2573.90271509342</ele></trkpt><trkpt lat="37.70509" lon="-119.12290000000002"><ele>2571.0</ele></trkpt><trkpt lat="37.70514" lon="-119.12301000000002"><ele>2572.143683306873</ele></trkpt><trkpt lat="37.70514" lon="-119.12315000000001"><ele>2572.143683306873</ele></trkpt><trkpt lat="37.7052" lon="-119.12373000000002"><ele>2573.209156770623</ele></trkpt><trkpt lat="37.70531" lon="-119.12396000000001"><ele>2573.654333825135</ele></trkpt><trkpt lat="37.70617" lon="-119.12491"><ele>2564.132243804168</ele></trkpt><trkpt lat="37.7064" lon="-119.12509"><ele>2562.9279182218015</ele></trkpt><trkpt lat="37.70662" lon="-119.12513000000001"><ele>2565.0</ele></trkpt><trkpt lat="37.70671" lon="-119.1252"><ele>2567.0</ele></trkpt><trkpt lat="37.70705" lon="-119.12558000000001"><ele>2571.0</ele></trkpt><trkpt lat="37.70746" lon="-119.12590999999998"><ele>2570.9438378949685</ele></trkpt><trkpt lat="37.70798" lon="-119.12621000000001"><ele>2574.0</ele></trkpt><trkpt lat="37.70821" lon="-119.12641000000002"><ele>2575.0</ele></trkpt><trkpt lat="37.70866" lon="-119.12661000000003"><ele>2578.9539154036356</ele></trkpt><trkpt lat="37.70876" lon="-119.12670000000003"><ele>2579.383102511987</ele></trkpt><trkpt lat="37.709" lon="-119.12720999999999"><ele>2580.0</ele></trkpt><trkpt lat="37.70931" lon="-119.12756999999999"><ele>2580.0</ele></trkpt><trkpt lat="37.70957" lon="-119.12765999999999"><ele>2581.0</ele></trkpt><trkpt lat="37.7097" lon="-119.12781999999999"><ele>2582.0</ele></trkpt><trkpt lat="37.70976" lon="-119.12799000000001"><ele>2583.2908555101603</ele></trkpt><trkpt lat="37.70981" lon="-119.12826000000001"><ele>2586.85091059188</ele></trkpt><trkpt lat="37.70992" lon="-119.12853000000001"><ele>2589.0</ele></trkpt><trkpt lat="37.71014" lon="-119.12876"><ele>2593.676010074094</ele></trkpt><trkpt lat="37.71018" lon="-119.12892"><ele>2594.0</ele></trkpt><trkpt lat="37.71038" lon="-119.12921"><ele>2597.0</ele></trkpt><trkpt lat="37.71053" lon="-119.12955"><ele>2599.0</ele></trkpt><trkpt lat="37.7106" lon="-119.13006999999999"><ele>2604.15690311091</ele></trkpt><trkpt lat="37.71055" lon="-119.13017000000002"><ele>2606.0</ele></trkpt><trkpt lat="37.71063" lon="-119.1302"><ele>2607.640036079955</ele></trkpt><trkpt lat="37.71076" lon="-119.13015999999999"><ele>2609.0</ele></trkpt><trkpt lat="37.71079" lon="-119.13022000000001"><ele>2610.0</ele></trkpt><trkpt lat="37.71058" lon="-119.13040000000001"><ele>2612.5360177783296</ele></trkpt><trkpt lat="37.71043" lon="-119.13042000000002"><ele>2613.3555083447022</ele></trkpt><trkpt lat="37.71032" lon="-119.13058999999998"><ele>2613.5609972662946</ele></trkpt><trkpt lat="37.71022" lon="-119.13080000000002"><ele>2615.0</ele></trkpt><trkpt lat="37.71027" lon="-119.13108999999997"><ele>2619.0</ele></trkpt><trkpt lat="37.71037" lon="-119.13116000000002"><ele>2621.224975178018</ele></trkpt><trkpt lat="37.71064" lon="-119.13171"><ele>2621.0</ele></trkpt><trkpt lat="37.71078" lon="-119.13184999999999"><ele>2622.0</ele></trkpt><trkpt lat="37.71095" lon="-119.13195000000002"><ele>2622.0896955464486</ele></trkpt><trkpt lat="37.71121" lon="-119.13216999999997"><ele>2621.993005260782</ele></trkpt><trkpt lat="37.71159" lon="-119.13241"><ele>2626.074452770494</ele></trkpt><trkpt lat="37.7117" lon="-119.13252"><ele>2626.0</ele></trkpt><trkpt lat="37.7118" lon="-119.13256999999999"><ele>2626.155659081259</ele></trkpt><trkpt lat="37.71204" lon="-119.13290999999998"><ele>2625.797590767262</ele></trkpt><trkpt lat="37.71208" lon="-119.13299999999998"><ele>2625.283363636051</ele></trkpt><trkpt lat="37.71209" lon="-119.13319000000001"><ele>2624.0</ele></trkpt><trkpt lat="37.71215" lon="-119.13333"><ele>2625.0</ele></trkpt><trkpt lat="37.71217" lon="-119.13355000000001"><ele>2625.0</ele></trkpt><trkpt lat="37.71242" lon="-119.13380000000001"><ele>2625.0123646518673</ele></trkpt><trkpt lat="37.71268" lon="-119.13443000000001"><ele>2625.1996537740624</ele></trkpt><trkpt lat="37.71299" lon="-119.13481999999999"><ele>2627.0</ele></trkpt><trkpt lat="37.71321" lon="-119.13497999999998"><ele>2629.5287055820227</ele></trkpt><trkpt lat="37.71336" lon="-119.13504999999998"><ele>2631.3653484974056</ele></trkpt><trkpt lat="37.71361" lon="-119.13535000000002"><ele>2636.0</ele></trkpt><trkpt lat="37.71367" lon="-119.13539000000003"><ele>2636.6278005465865</ele></trkpt><trkpt lat="37.71387" lon="-119.13539000000003"><ele>2637.374444411359</ele></trkpt><trkpt lat="37.71389750770466" lon="-119.1354106307785"><ele>2637.9531415975543</ele></trkpt><trkpt lat="37.71390817456874" lon="-119.13541863091848"><ele>2637.8563753240287</ele></trkpt><trkpt lat="37.71395" lon="-119.13544999999999"><ele>2638.0</ele></trkpt><trkpt lat="37.7143" lon="-119.13549"><ele>2641.742051422596</ele></trkpt><trkpt lat="37.71445" lon="-119.13562000000002"><ele>2643.1124946375853</ele></trkpt><trkpt lat="37.71454" lon="-119.13574"><ele>2644.0</ele></trkpt><trkpt lat="37.71454" lon="-119.13574"><ele>2644.0</ele></trkpt><trkpt lat="37.71473" lon="-119.13599999999997"><ele>2644.0</ele></trkpt><trkpt lat="37.71498" lon="-119.13605000000001"><ele>2645.0</ele></trkpt><trkpt lat="37.71522" lon="-119.13605000000001"><ele>2647.154897776898</ele></trkpt><trkpt lat="37.71542" lon="-119.13614999999999"><ele>2649.7237210720778</ele></trkpt><trkpt lat="37.71568" lon="-119.13644"><ele>2653.0</ele></trkpt><trkpt lat="37.71614" lon="-119.13688000000002"><ele>2658.4740942209028</ele></trkpt><trkpt lat="37.71661" lon="-119.13727"><ele>2664.248085790329</ele></trkpt><trkpt lat="37.71699" lon="-119.13731000000001"><ele>2669.434641777072</ele></trkpt><trkpt lat="37.7173" lon="-119.13746000000003"><ele>2674.0</ele></trkpt><trkpt lat="37.71741" lon="-119.13760000000002"><ele>2675.9227576623985</ele></trkpt><trkpt lat="37.71752" lon="-119.13760000000002"><ele>2677.406527558448</ele></trkpt><trkpt lat="37.71757" lon="-119.13764000000003"><ele>2679.387757079676</ele></trkpt><trkpt lat="37.71769" lon="-119.1379"><ele>2681.9482558329373</ele></trkpt><trkpt lat="37.71773" lon="-119.13812000000001"><ele>2686.6281297020614</ele></trkpt><trkpt lat="37.71776" lon="-119.13851"><ele>2688.878406914953</ele></trkpt><trkpt lat="37.71778" lon="-119.13863000000003"><ele>2688.7597902044654</ele></trkpt><trkpt lat="37.71783" lon="-119.13871"><ele>2691.7055175453424</ele></trkpt><trkpt lat="37.71787" lon="-119.13896"><ele>2690.6011692965403</ele></trkpt><trkpt lat="37.71791" lon="-119.13905"><ele>2691.418685428798</ele></trkpt><trkpt lat="37.71803" lon="-119.13916"><ele>2695.595120100793</ele></trkpt><trkpt lat="37.71806" lon="-119.13923"><ele>2695.2446698472645</ele></trkpt><trkpt lat="37.71814" lon="-119.13929999999999"><ele>2695.6844533870376</ele></trkpt><trkpt lat="37.71832" lon="-119.13936999999999"><ele>2700.573750708252</ele></trkpt><trkpt lat="37.71834" lon="-119.13967000000002"><ele>2702.863793677937</ele></trkpt><trkpt lat="37.71848" lon="-119.14004"><ele>2707.000153908506</ele></trkpt><trkpt lat="37.71855" lon="-119.14037000000002"><ele>2711.0</ele></trkpt><trkpt lat="37.71859" lon="-119.14044000000001"><ele>2712.0</ele></trkpt><trkpt lat="37.71859" lon="-119.14044000000001"><ele>2712.0</ele></trkpt><trkpt lat="37.71865" lon="-119.14053999999999"><ele>2712.0</ele></trkpt><trkpt lat="37.71874020635556" lon="-119.14063970176142"><ele>2714.3302600290626</ele></trkpt><trkpt lat="37.71874020635556" lon="-119.14063970176142"><ele>2714.3302600290626</ele></trkpt><trkpt lat="37.71884" lon="-119.14075000000003"><ele>2714.119022220373</ele></trkpt><trkpt lat="37.71892" lon="-119.14089999999999"><ele>2714.0</ele></trkpt><trkpt lat="37.71893" lon="-119.14096999999998"><ele>2715.645742949564</ele></trkpt><trkpt lat="37.71889" lon="-119.14114999999998"><ele>2718.081172540231</ele></trkpt><trkpt lat="37.71891" lon="-119.14116000000001"><ele>2718.992246201256</ele></trkpt><trkpt lat="37.71904" lon="-119.14103999999998"><ele>2720.9956058538673</ele></trkpt><trkpt lat="37.71915" lon="-119.14084000000003"><ele>2724.5130789275922</ele></trkpt><trkpt lat="37.71916" lon="-119.14085"><ele>2725.0625946428627</ele></trkpt><trkpt lat="37.71918" lon="-119.14098000000001"><ele>2726.385392563103</ele></trkpt><trkpt lat="37.71911" lon="-119.14125999999999"><ele>2728.7655148585327</ele></trkpt><trkpt lat="37.71896" lon="-119.14150999999998"><ele>2730.0</ele></trkpt><trkpt lat="37.71897" lon="-119.14156000000003"><ele>2729.3702862206846</ele></trkpt><trkpt lat="37.71928" lon="-119.14159000000001"><ele>2736.0</ele></trkpt><trkpt lat="37.71943" lon="-119.14166999999998"><ele>2740.0</ele></trkpt><trkpt lat="37.71954" lon="-119.14161000000001"><ele>2740.45058934018</ele></trkpt><trkpt lat="37.71961" lon="-119.14150999999998"><ele>2741.0</ele></trkpt><trkpt lat="37.71987" lon="-119.14141999999998"><ele>2745.0</ele></trkpt><trkpt lat="37.71999" lon="-119.14166"><ele>2749.0</ele></trkpt><trkpt lat="37.72001" lon="-119.14179999999999"><ele>2751.0</ele></trkpt><trkpt lat="37.72006" lon="-119.14181000000002"><ele>2752.3431343423017</ele></trkpt><trkpt lat="37.72016" lon="-119.14168000000001"><ele>2753.21736947353</ele></trkpt><trkpt lat="37.72025" lon="-119.14164"><ele>2754.538453222268</ele></trkpt><trkpt lat="37.72041" lon="-119.14146"><ele>2755.0</ele></trkpt><trkpt lat="37.72044" lon="-119.14148999999998"><ele>2755.300603492581</ele></trkpt><trkpt lat="37.72058" lon="-119.14183000000003"><ele>2754.723583139479</ele></trkpt><trkpt lat="37.72068" lon="-119.14229"><ele>2756.615262493491</ele></trkpt><trkpt lat="37.72078" lon="-119.14246000000003"><ele>2755.934196019545</ele></trkpt><trkpt lat="37.72088" lon="-119.14252999999997"><ele>2757.0657803331205</ele></trkpt><trkpt lat="37.72098" lon="-119.14256"><ele>2758.222670542088</ele></trkpt><trkpt lat="37.72114" lon="-119.14255000000003"><ele>2761.0</ele></trkpt><trkpt lat="37.7212" lon="-119.14258000000001"><ele>2762.0</ele></trkpt><trkpt lat="37.72127" lon="-119.14267000000001"><ele>2763.241054893345</ele></trkpt><trkpt lat="37.72128" lon="-119.14276000000001"><ele>2763.5346652669477</ele></trkpt><trkpt lat="37.72126" lon="-119.14283999999998"><ele>2764.282037332654</ele></trkpt><trkpt lat="37.72111" lon="-119.14296000000002"><ele>2765.993668688902</ele></trkpt><trkpt lat="37.72108" lon="-119.14303000000001"><ele>2767.0248837229456</ele></trkpt><trkpt lat="37.72104" lon="-119.14323000000002"><ele>2765.8253740202636</ele></trkpt><trkpt lat="37.721" lon="-119.14328999999998"><ele>2765.0</ele></trkpt><trkpt lat="37.7209" lon="-119.14333999999997"><ele>2765.3368013124555</ele></trkpt><trkpt lat="37.72085" lon="-119.14339999999999"><ele>2765.239786663732</ele></trkpt><trkpt lat="37.72083" lon="-119.14346"><ele>2766.07975174077</ele></trkpt><trkpt lat="37.72083" lon="-119.14371"><ele>2764.547475784436</ele></trkpt><trkpt lat="37.72111" lon="-119.14434"><ele>2766.0</ele></trkpt><trkpt lat="37.72124" lon="-119.14454"><ele>2768.0</ele></trkpt><trkpt lat="37.72141" lon="-119.14477"><ele>2771.6247627213597</ele></trkpt><trkpt lat="37.72173" lon="-119.14507000000003"><ele>2776.0</ele></trkpt><trkpt lat="37.72173" lon="-119.14522"><ele>2776.0</ele></trkpt><trkpt lat="37.72171" lon="-119.14528999999999"><ele>2776.0</ele></trkpt><trkpt lat="37.72141" lon="-119.14562999999998"><ele>2776.0</ele></trkpt><trkpt lat="37.72129" lon="-119.14611000000002"><ele>2778.0</ele></trkpt><trkpt lat="37.72129" lon="-119.14611000000002"><ele>2778.0</ele></trkpt><trkpt lat="37.72129" lon="-119.14611000000002"><ele>2778.0</ele></trkpt><trkpt lat="37.72138" lon="-119.14634999999998"><ele>2780.0</ele></trkpt><trkpt lat="37.72139" lon="-119.14661999999998"><ele>2782.0</ele></trkpt><trkpt lat="37.72141" lon="-119.14672000000002"><ele>2783.0</ele></trkpt><trkpt lat="37.72144" lon="-119.14679999999998"><ele>2784.8314133328386</ele></trkpt><trkpt lat="37.72156" lon="-119.14693999999997"><ele>2786.0</ele></trkpt><trkpt lat="37.72152" lon="-119.14702999999997"><ele>2788.0</ele></trkpt><trkpt lat="37.72145" lon="-119.14706000000001"><ele>2788.9307101505306</ele></trkpt><trkpt lat="37.72136" lon="-119.14738999999997"><ele>2790.3274062210694</ele></trkpt><trkpt lat="37.72123" lon="-119.14760999999999"><ele>2794.0196411050856</ele></trkpt><trkpt lat="37.72132" lon="-119.14785"><ele>2799.3221986908466</ele></trkpt><trkpt lat="37.72141" lon="-119.14801"><ele>2803.138385220608</ele></trkpt><trkpt lat="37.72141" lon="-119.14807000000002"><ele>2804.0</ele></trkpt><trkpt lat="37.72135" lon="-119.14828999999997"><ele>2804.024264251461</ele></trkpt><trkpt lat="37.72137" lon="-119.14837999999997"><ele>2805.2680668029934</ele></trkpt><trkpt lat="37.72144" lon="-119.14848999999998"><ele>2807.7515187745325</ele></trkpt><trkpt lat="37.72145" lon="-119.14855"><ele>2808.981459915638</ele></trkpt><trkpt lat="37.72145" lon="-119.14897000000002"><ele>2814.9992721739936</ele></trkpt><trkpt lat="37.72168" lon="-119.14949999999999"><ele>2820.1807637836837</ele></trkpt><trkpt lat="37.72204" lon="-119.15007000000003"><ele>2829.0</ele></trkpt><trkpt lat="37.7221" lon="-119.15021999999999"><ele>2829.0</ele></trkpt><trkpt lat="37.72218" lon="-119.15026999999998"><ele>2828.4548657783307</ele></trkpt><trkpt lat="37.72222" lon="-119.15035"><ele>2827.0</ele></trkpt><trkpt lat="37.72244" lon="-119.15061000000003"><ele>2827.0</ele></trkpt><trkpt lat="37.72253" lon="-119.15069"><ele>2827.0</ele></trkpt><trkpt lat="37.72269" lon="-119.15075999999999"><ele>2828.6343295718216</ele></trkpt><trkpt lat="37.72286" lon="-119.15087"><ele>2829.0275246003685</ele></trkpt><trkpt lat="37.72318" lon="-119.15134"><ele>2829.0</ele></trkpt><trkpt lat="37.72337" lon="-119.15143"><ele>2831.4581282229988</ele></trkpt><trkpt lat="37.72351" lon="-119.15170999999998"><ele>2831.576919269415</ele></trkpt><trkpt lat="37.72384" lon="-119.15204"><ele>2835.9932591077622</ele></trkpt><trkpt lat="37.72396" lon="-119.15222"><ele>2836.8667542785406</ele></trkpt><trkpt lat="37.7241" lon="-119.15223000000003"><ele>2840.012962538736</ele></trkpt><trkpt lat="37.7242" lon="-119.15229999999997"><ele>2842.0</ele></trkpt><trkpt lat="37.72448" lon="-119.15258"><ele>2847.0</ele></trkpt><trkpt lat="37.7247" lon="-119.15274999999997"><ele>2851.4673593509942</ele></trkpt><trkpt lat="37.7248" lon="-119.15287000000001"><ele>2853.359366418794</ele></trkpt><trkpt lat="37.72531" lon="-119.15357"><ele>2862.801165926132</ele></trkpt><trkpt lat="37.72535" lon="-119.15372000000002"><ele>2862.923383839489</ele></trkpt><trkpt lat="37.72547" lon="-119.15388999999999"><ele>2863.8360189851373</ele></trkpt><trkpt lat="37.72557" lon="-119.15397000000002"><ele>2865.0162858565245</ele></trkpt><trkpt lat="37.72585" lon="-119.15431999999998"><ele>2869.0</ele></trkpt><trkpt lat="37.72595" lon="-119.15462000000002"><ele>2867.0861745845414</ele></trkpt><trkpt lat="37.72623" lon="-119.15499"><ele>2866.2999140628517</ele></trkpt><trkpt lat="37.7263" lon="-119.15517"><ele>2865.765946915668</ele></trkpt><trkpt lat="37.72655" lon="-119.15555999999998"><ele>2865.4345267422887</ele></trkpt><trkpt lat="37.72662" lon="-119.15562999999997"><ele>2865.862704853893</ele></trkpt><trkpt lat="37.72671" lon="-119.15564999999998"><ele>2867.0</ele></trkpt><trkpt lat="37.72697" lon="-119.15564999999998"><ele>2870.7878054098387</ele></trkpt><trkpt lat="37.72717780161561" lon="-119.15570195040391"><ele>2873.0</ele></trkpt><trkpt lat="37.727222501055785" lon="-119.15571312521814"><ele>2874.0</ele></trkpt><trkpt lat="37.72733" lon="-119.15573999999998"><ele>2875.0</ele></trkpt><trkpt lat="37.72741" lon="-119.15580999999997"><ele>2874.376645824097</ele></trkpt><trkpt lat="37.72743" lon="-119.15598"><ele>2875.0</ele></trkpt><trkpt lat="37.72746" lon="-119.15605"><ele>2875.0</ele></trkpt><trkpt lat="37.72769" lon="-119.15618999999998"><ele>2878.717684587449</ele></trkpt><trkpt lat="37.72784" lon="-119.15623"><ele>2879.0</ele></trkpt><trkpt lat="37.72819" lon="-119.15659"><ele>2882.103112200275</ele></trkpt><trkpt lat="37.72819" lon="-119.15667000000002"><ele>2883.0</ele></trkpt><trkpt lat="37.72813" lon="-119.15686"><ele>2882.1922420513984</ele></trkpt><trkpt lat="37.72814" lon="-119.15704"><ele>2883.0</ele></trkpt><trkpt lat="37.72811" lon="-119.15712000000002"><ele>2882.0</ele></trkpt><trkpt lat="37.72811" lon="-119.15726999999998"><ele>2882.0</ele></trkpt><trkpt lat="37.72815" lon="-119.15737000000001"><ele>2882.0</ele></trkpt><trkpt lat="37.72825" lon="-119.15746999999999"><ele>2883.63848207891</ele></trkpt><trkpt lat="37.72835" lon="-119.15749"><ele>2886.0114231482703</ele></trkpt><trkpt lat="37.72839" lon="-119.15744999999998"><ele>2887.8876896053553</ele></trkpt><trkpt lat="37.72835" lon="-119.15733999999998"><ele>2887.514309640313</ele></trkpt><trkpt lat="37.72836" lon="-119.15731"><ele>2889.0440507019375</ele></trkpt><trkpt lat="37.72838" lon="-119.15731"><ele>2889.555985656204</ele></trkpt><trkpt lat="37.72843" lon="-119.15733999999998"><ele>2890.244608907029</ele></trkpt><trkpt lat="37.72853" lon="-119.15751"><ele>2893.006354211007</ele></trkpt><trkpt lat="37.72872" lon="-119.15771000000001"><ele>2896.332311907783</ele></trkpt><trkpt lat="37.72872" lon="-119.15771000000001"><ele>2896.332311907783</ele></trkpt><trkpt lat="37.7289" lon="-119.15780000000001"><ele>2900.0</ele></trkpt><trkpt lat="37.72913" lon="-119.15810999999997"><ele>2904.5338624077394</ele></trkpt><trkpt lat="37.72922" lon="-119.15814"><ele>2907.544926247157</ele></trkpt><trkpt lat="37.72927" lon="-119.15832"><ele>2908.0</ele></trkpt><trkpt lat="37.72932" lon="-119.15832"><ele>2909.6863926313818</ele></trkpt><trkpt lat="37.72943" lon="-119.15840000000003"><ele>2912.263668060682</ele></trkpt><trkpt lat="37.72959" lon="-119.15868999999998"><ele>2917.0</ele></trkpt><trkpt lat="37.7296" lon="-119.15888999999999"><ele>2918.266250666231</ele></trkpt><trkpt lat="37.72966" lon="-119.15893"><ele>2919.0</ele></trkpt><trkpt lat="37.72983" lon="-119.15917000000002"><ele>2921.23248463172</ele></trkpt><trkpt lat="37.72989" lon="-119.15921000000003"><ele>2922.403402471402</ele></trkpt><trkpt lat="37.72989" lon="-119.15921000000003"><ele>2922.403402471402</ele></trkpt><trkpt lat="37.72989" lon="-119.15921000000003"><ele>2922.403402471402</ele></trkpt><trkpt lat="37.72977" lon="-119.15958"><ele>2925.0</ele></trkpt><trkpt lat="37.72979" lon="-119.15999999999997"><ele>2925.38062261045</ele></trkpt><trkpt lat="37.72986" lon="-119.16034000000002"><ele>2926.0802693100313</ele></trkpt><trkpt lat="37.73037" lon="-119.16106000000002"><ele>2936.336494369042</ele></trkpt><trkpt lat="37.73049" lon="-119.16129999999998"><ele>2938.0</ele></trkpt><trkpt lat="37.73064" lon="-119.16145"><ele>2941.46637853235</ele></trkpt><trkpt lat="37.73074" lon="-119.16160000000002"><ele>2945.3588582016528</ele></trkpt><trkpt lat="37.73079" lon="-119.16160000000002"><ele>2947.3051010221243</ele></trkpt><trkpt lat="37.73082" lon="-119.16147000000001"><ele>2949.0728476680815</ele></trkpt><trkpt lat="37.73086" lon="-119.16151000000002"><ele>2950.42984431237</ele></trkpt><trkpt lat="37.73094" lon="-119.16173000000003"><ele>2953.1438414175063</ele></trkpt><trkpt lat="37.73098" lon="-119.16196000000002"><ele>2955.0</ele></trkpt><trkpt lat="37.73105" lon="-119.16203000000002"><ele>2957.0</ele></trkpt><trkpt lat="37.73114" lon="-119.16203999999999"><ele>2959.0</ele></trkpt><trkpt lat="37.73124" lon="-119.16209000000003"><ele>2961.821375919506</ele></trkpt><trkpt lat="37.73144" lon="-119.16226"><ele>2966.8742045173335</ele></trkpt><trkpt lat="37.7316" lon="-119.16228000000001"><ele>2970.0</ele></trkpt><trkpt lat="37.73177" lon="-119.16254000000004"><ele>2973.0</ele></trkpt><trkpt lat="37.73226" lon="-119.16291999999999"><ele>2980.0778631102294</ele></trkpt><trkpt lat="37.73227" lon="-119.16311999999999"><ele>2981.0</ele></trkpt><trkpt lat="37.73241" lon="-119.16338000000002"><ele>2984.7644448056817</ele></trkpt><trkpt lat="37.73268" lon="-119.16356000000002"><ele>2989.0</ele></trkpt><trkpt lat="37.73282" lon="-119.16374000000002"><ele>2993.0</ele></trkpt><trkpt lat="37.73285" lon="-119.16383000000002"><ele>2994.4869368900545</ele></trkpt><trkpt lat="37.73297" lon="-119.16402"><ele>2995.763222238049</ele></trkpt><trkpt lat="37.73305" lon="-119.16438"><ele>2998.4773536715657</ele></trkpt><trkpt lat="37.73305" lon="-119.16474"><ele>3001.0</ele></trkpt><trkpt lat="37.73299" lon="-119.16494999999998"><ele>3003.0</ele></trkpt><trkpt lat="37.73298" lon="-119.16514999999998"><ele>3005.0033955550753</ele></trkpt><trkpt lat="37.73283" lon="-119.16525999999999"><ele>3005.0</ele></trkpt><trkpt lat="37.73262" lon="-119.16556000000003"><ele>3003.0</ele></trkpt><trkpt lat="37.73251" lon="-119.16559000000001"><ele>3003.0</ele></trkpt><trkpt lat="37.7323" lon="-119.16552999999999"><ele>3002.0</ele></trkpt><trkpt lat="37.73179" lon="-119.16580999999996"><ele>3001.230375183746</ele></trkpt><trkpt lat="37.73177" lon="-119.16583000000003"><ele>3001.0</ele></trkpt><trkpt lat="37.73181" lon="-119.16588999999999"><ele>3000.0</ele></trkpt><trkpt lat="37.73178" lon="-119.16593"><ele>2999.7730246736182</ele></trkpt><trkpt lat="37.73147" lon="-119.16584"><ele>2996.0</ele></trkpt><trkpt lat="37.73126" lon="-119.16586999999998"><ele>2995.0</ele></trkpt><trkpt lat="37.7312" lon="-119.16593"><ele>2994.3540302230977</ele></trkpt><trkpt lat="37.73095" lon="-119.16588000000002"><ele>2993.0</ele></trkpt><trkpt lat="37.73093" lon="-119.16593"><ele>2993.0</ele></trkpt><trkpt lat="37.73069" lon="-119.16613000000001"><ele>2995.08732315246</ele></trkpt><trkpt lat="37.73059" lon="-119.16628000000003"><ele>2995.330424891785</ele></trkpt><trkpt lat="37.73046" lon="-119.16631999999998"><ele>2993.544795417512</ele></trkpt><trkpt lat="37.73037" lon="-119.16651000000002"><ele>2997.383989334572</ele></trkpt><trkpt lat="37.73027" lon="-119.16658999999999"><ele>2998.7765324953943</ele></trkpt><trkpt lat="37.73012" lon="-119.16687999999999"><ele>2996.0</ele></trkpt><trkpt lat="37.73012" lon="-119.16692999999998"><ele>2995.0351644889697</ele></trkpt><trkpt lat="37.73021" lon="-119.16715999999997"><ele>2996.087097091623</ele></trkpt><trkpt lat="37.73019" lon="-119.16719999999998"><ele>2997.053796082552</ele></trkpt><trkpt lat="37.73012" lon="-119.16723999999999"><ele>2996.89614442701</ele></trkpt><trkpt lat="37.72978" lon="-119.16733999999997"><ele>2995.0512759148437</ele></trkpt><trkpt lat="37.72974" lon="-119.16742999999997"><ele>2994.434419574216</ele></trkpt><trkpt lat="37.72977" lon="-119.16762"><ele>2995.0</ele></trkpt><trkpt lat="37.72975" lon="-119.16778999999997"><ele>2997.0591137464667</ele></trkpt><trkpt lat="37.72947" lon="-119.16799000000003"><ele>3000.3569884458557</ele></trkpt><trkpt lat="37.72938" lon="-119.16802999999999"><ele>3001.221123554744</ele></trkpt><trkpt lat="37.72923" lon="-119.16820000000001"><ele>3003.471886106367</ele></trkpt><trkpt lat="37.72921" lon="-119.16825"><ele>3004.097043023975</ele></trkpt><trkpt lat="37.72908" lon="-119.16832999999997"><ele>3003.312246100192</ele></trkpt><trkpt lat="37.72892" lon="-119.16854999999998"><ele>3003.053208977126</ele></trkpt><trkpt lat="37.72885" lon="-119.16868999999997"><ele>3000.020488923295</ele></trkpt><trkpt lat="37.72881" lon="-119.16892000000001"><ele>3000.635405758396</ele></trkpt><trkpt lat="37.72882" lon="-119.16904"><ele>3001.0</ele></trkpt><trkpt lat="37.72877" lon="-119.16906"><ele>3000.0</ele></trkpt><trkpt lat="37.72874" lon="-119.16915"><ele>2998.7960395246046</ele></trkpt><trkpt lat="37.72892" lon="-119.16964999999999"><ele>3002.116973657161</ele></trkpt><trkpt lat="37.72883" lon="-119.17002000000002"><ele>3002.8138719312847</ele></trkpt><trkpt lat="37.72896" lon="-119.17052000000001"><ele>3001.0</ele></trkpt><trkpt lat="37.72893" lon="-119.17059"><ele>3000.525770667009</ele></trkpt><trkpt lat="37.72887" lon="-119.17061999999999"><ele>3000.0</ele></trkpt><trkpt lat="37.7288" lon="-119.17086999999998"><ele>3000.0</ele></trkpt><trkpt lat="37.72869" lon="-119.17106000000001"><ele>2998.7515513542103</ele></trkpt><trkpt lat="37.7285" lon="-119.17129"><ele>2998.4626613012215</ele></trkpt><trkpt lat="37.7285" lon="-119.17129"><ele>2998.4626613012215</ele></trkpt><trkpt lat="37.7284" lon="-119.17108000000002"><ele>2997.0</ele></trkpt><trkpt lat="37.72834" lon="-119.17106000000001"><ele>2997.0</ele></trkpt><trkpt lat="37.72828" lon="-119.17095999999998"><ele>2997.0</ele></trkpt><trkpt lat="37.72819" lon="-119.17088000000001"><ele>2997.0</ele></trkpt><trkpt lat="37.72808" lon="-119.17066"><ele>2999.0</ele></trkpt><trkpt lat="37.72797" lon="-119.17057999999997"><ele>2999.0</ele></trkpt><trkpt lat="37.72778" lon="-119.17030999999997"><ele>2998.0</ele></trkpt><trkpt lat="37.72779" lon="-119.17007999999998"><ele>2999.0</ele></trkpt><trkpt lat="37.72774" lon="-119.16985"><ele>2998.4351592464786</ele></trkpt><trkpt lat="37.72752" lon="-119.16961000000003"><ele>2997.854460446164</ele></trkpt><trkpt lat="37.7274" lon="-119.16958999999997"><ele>2997.0</ele></trkpt><trkpt lat="37.7274" lon="-119.16958999999997"><ele>2997.0</ele></trkpt><trkpt lat="37.72728" lon="-119.16952000000003"><ele>2996.6806910219784</ele></trkpt><trkpt lat="37.72728" lon="-119.16952000000003"><ele>2996.6806910219784</ele></trkpt><trkpt lat="37.72716" lon="-119.16935000000001"><ele>2998.0</ele></trkpt><trkpt lat="37.72714" lon="-119.16924"><ele>2998.0</ele></trkpt><trkpt lat="37.727125024205385" lon="-119.16921413271842"><ele>2998.0</ele></trkpt><trkpt lat="37.72703" lon="-119.16904999999997"><ele>2998.0</ele></trkpt><trkpt lat="37.72696" lon="-119.16886999999997"><ele>2998.0</ele></trkpt><trkpt lat="37.72666" lon="-119.16847000000001"><ele>3002.965230272774</ele></trkpt><trkpt lat="37.72656" lon="-119.16826000000003"><ele>3005.059992963448</ele></trkpt><trkpt lat="37.726518848247984" lon="-119.1682353089488"><ele>3005.3647297564894</ele></trkpt><trkpt lat="37.726518848247984" lon="-119.1682353089488"><ele>3005.3647297564894</ele></trkpt><trkpt lat="37.72651" lon="-119.16823"><ele>3005.8860815744847</ele></trkpt><trkpt lat="37.72649" lon="-119.16838999999999"><ele>3007.0645108316094</ele></trkpt><trkpt lat="37.72644" lon="-119.16843"><ele>3008.010582583025</ele></trkpt><trkpt lat="37.72642" lon="-119.16840000000002"><ele>3009.1890107300133</ele></trkpt><trkpt lat="37.72642" lon="-119.16817000000003"><ele>3010.1890107300133</ele></trkpt><trkpt lat="37.7264" lon="-119.16816"><ele>3011.0</ele></trkpt><trkpt lat="37.7263" lon="-119.16827"><ele>3013.2595729082823</ele></trkpt><trkpt lat="37.72629" lon="-119.16818"><ele>3013.84878590703</ele></trkpt><trkpt lat="37.72611" lon="-119.16795000000002"><ele>3017.0</ele></trkpt><trkpt lat="37.72609" lon="-119.16795000000002"><ele>3017.0</ele></trkpt><trkpt lat="37.72605" lon="-119.16807"><ele>3019.0</ele></trkpt><trkpt lat="37.72593" lon="-119.16793999999999"><ele>3021.0</ele></trkpt><trkpt lat="37.72592999753142" lon="-119.16793999761222"><ele>3021.0</ele></trkpt><trkpt lat="37.72592999753142" lon="-119.16793999761222"><ele>3021.0</ele></trkpt><trkpt lat="37.7259" lon="-119.16786000000002"><ele>3021.0</ele></trkpt><trkpt lat="37.72571" lon="-119.16773999999998"><ele>3025.0</ele></trkpt><trkpt lat="37.72571" lon="-119.16773999999998"><ele>3025.0</ele></trkpt><trkpt lat="37.72571" lon="-119.16773999999998"><ele>3025.0</ele></trkpt><trkpt lat="37.72573" lon="-119.16766000000001"><ele>3026.0</ele></trkpt><trkpt lat="37.72561" lon="-119.16741999999999"><ele>3027.0</ele></trkpt><trkpt lat="37.72547" lon="-119.16726"><ele>3023.891202313553</ele></trkpt><trkpt lat="37.72513" lon="-119.16667000000001"><ele>3021.0</ele></trkpt><trkpt lat="37.72482" lon="-119.16654"><ele>3017.782090666704</ele></trkpt><trkpt lat="37.7247" lon="-119.16642000000002"><ele>3017.101034119649</ele></trkpt><trkpt lat="37.72465" lon="-119.16622999999998"><ele>3015.160365650173</ele></trkpt><trkpt lat="37.72463" lon="-119.16601000000003"><ele>3013.657040866092</ele></trkpt><trkpt lat="37.72457" lon="-119.16583000000003"><ele>3013.192237947136</ele></trkpt><trkpt lat="37.72445" lon="-119.16566"><ele>3011.2025137823066</ele></trkpt><trkpt lat="37.72436" lon="-119.16543999999999"><ele>3010.5654051806778</ele></trkpt><trkpt lat="37.72424" lon="-119.1653"><ele>3011.9977790108887</ele></trkpt><trkpt lat="37.72419" lon="-119.16521"><ele>3011.9161825504652</ele></trkpt><trkpt lat="37.72407" lon="-119.16485"><ele>3012.6598889844113</ele></trkpt><trkpt lat="37.72399" lon="-119.16476"><ele>3013.3656620960683</ele></trkpt><trkpt lat="37.72388" lon="-119.16449999999998"><ele>3014.846798554063</ele></trkpt><trkpt lat="37.72386739185831" lon="-119.16439598283108"><ele>3015.5896623656154</ele></trkpt><trkpt lat="37.72387063287474" lon="-119.16442272120037"><ele>3015.398703718558</ele></trkpt><trkpt lat="37.72384" lon="-119.16417000000001"><ele>3017.0</ele></trkpt><trkpt lat="37.72389" lon="-119.16394000000003"><ele>3014.544682711737</ele></trkpt><trkpt lat="37.72384" lon="-119.16385000000002"><ele>3017.0</ele></trkpt><trkpt lat="37.72378" lon="-119.16381000000001"><ele>3018.7387324385345</ele></trkpt><trkpt lat="37.72372" lon="-119.1637"><ele>3019.6888630288113</ele></trkpt><trkpt lat="37.72372" lon="-119.16358000000002"><ele>3019.0</ele></trkpt><trkpt lat="37.72365" lon="-119.16334999999998"><ele>3021.0467191127022</ele></trkpt><trkpt lat="37.72364" lon="-119.16320000000002"><ele>3023.0</ele></trkpt><trkpt lat="37.72374" lon="-119.16309999999999"><ele>3025.0</ele></trkpt><trkpt lat="37.72374" lon="-119.16305999999997"><ele>3025.3976640012115</ele></trkpt><trkpt lat="37.72359" lon="-119.16293999999999"><ele>3027.990730865762</ele></trkpt><trkpt lat="37.72355" lon="-119.16287999999997"><ele>3028.5581350350817</ele></trkpt><trkpt lat="37.72347" lon="-119.16284999999999"><ele>3029.0006779275814</ele></trkpt><trkpt lat="37.72301" lon="-119.16210999999998"><ele>3032.0</ele></trkpt><trkpt lat="37.7226" lon="-119.16182000000003"><ele>3030.0</ele></trkpt><trkpt lat="37.72247" lon="-119.16181"><ele>3030.0</ele></trkpt><trkpt lat="37.72236" lon="-119.16174999999998"><ele>3030.0</ele></trkpt><trkpt lat="37.72231" lon="-119.16156999999998"><ele>3029.6507573779672</ele></trkpt><trkpt lat="37.72219" lon="-119.16134999999997"><ele>3029.618099783969</ele></trkpt><trkpt lat="37.72199" lon="-119.16075999999998"><ele>3029.7969965767115</ele></trkpt><trkpt lat="37.72177" lon="-119.16021"><ele>3026.181455800756</ele></trkpt><trkpt lat="37.72175" lon="-119.16014999999999"><ele>3025.670222760178</ele></trkpt><trkpt lat="37.72176" lon="-119.15999"><ele>3027.245906310156</ele></trkpt><trkpt lat="37.72165" lon="-119.15978999999999"><ele>3025.6048649414397</ele></trkpt><trkpt lat="37.72165" lon="-119.15951000000001"><ele>3023.0</ele></trkpt><trkpt lat="37.72153" lon="-119.15948000000003"><ele>3023.0</ele></trkpt><trkpt lat="37.72119" lon="-119.15951999999999"><ele>3027.0</ele></trkpt><trkpt lat="37.72118" lon="-119.15949999999998"><ele>3027.305688889697</ele></trkpt><trkpt lat="37.72132" lon="-119.15931"><ele>3030.1086723354674</ele></trkpt><trkpt lat="37.72134" lon="-119.15922"><ele>3030.4994543027133</ele></trkpt><trkpt lat="37.72131" lon="-119.1592"><ele>3032.0765422371405</ele></trkpt><trkpt lat="37.72124" lon="-119.15933999999999"><ele>3031.8552419249822</ele></trkpt><trkpt lat="37.7211" lon="-119.15933000000001"><ele>3035.2282631108537</ele></trkpt><trkpt lat="37.72091" lon="-119.15942000000001"><ele>3037.0283166282616</ele></trkpt><trkpt lat="37.72091" lon="-119.15936999999997"><ele>3038.0</ele></trkpt><trkpt lat="37.72097" lon="-119.15927999999997"><ele>3039.5584320016205</ele></trkpt><trkpt lat="37.72109" lon="-119.15922"><ele>3040.3546346663497</ele></trkpt><trkpt lat="37.72112" lon="-119.15917000000002"><ele>3040.830189133866</ele></trkpt><trkpt lat="37.72096" lon="-119.15922"><ele>3041.3546346663497</ele></trkpt><trkpt lat="37.72074" lon="-119.15899999999999"><ele>3047.607377778273</ele></trkpt><trkpt lat="37.72045" lon="-119.15881000000002"><ele>3052.4620195543393</ele></trkpt><trkpt lat="37.72026" lon="-119.15873999999997"><ele>3054.8539933469146</ele></trkpt><trkpt lat="37.72027" lon="-119.15868999999998"><ele>3056.5949972015806</ele></trkpt><trkpt lat="37.72047" lon="-119.15867000000003"><ele>3057.986492443364</ele></trkpt><trkpt lat="37.72053" lon="-119.15861999999998"><ele>3060.5629435614733</ele></trkpt><trkpt lat="37.72049" lon="-119.15855999999997"><ele>3062.5339425234124</ele></trkpt><trkpt lat="37.72004" lon="-119.15854999999999"><ele>3065.578897777479</ele></trkpt><trkpt lat="37.71994" lon="-119.15841"><ele>3069.103370666504</ele></trkpt><trkpt lat="37.71972" lon="-119.15825999999998"><ele>3072.0</ele></trkpt><trkpt lat="37.71972" lon="-119.15819999999997"><ele>3073.890080001671</ele></trkpt><trkpt lat="37.72012" lon="-119.15816000000001"><ele>3078.0</ele></trkpt><trkpt lat="37.72016" lon="-119.15810999999997"><ele>3079.084384001326</ele></trkpt><trkpt lat="37.7198" lon="-119.15795000000003"><ele>3082.41583953022</ele></trkpt><trkpt lat="37.7197" lon="-119.15794"><ele>3082.0069582224824</ele></trkpt><trkpt lat="37.7194" lon="-119.15771000000001"><ele>3088.0</ele></trkpt><trkpt lat="37.7194" lon="-119.15771000000001"><ele>3088.0</ele></trkpt><trkpt lat="37.71911" lon="-119.15755999999999"><ele>3091.0836673636472</ele></trkpt><trkpt lat="37.71899" lon="-119.15735000000001"><ele>3093.0</ele></trkpt><trkpt lat="37.71887" lon="-119.15722"><ele>3093.5485327048614</ele></trkpt><trkpt lat="37.71879" lon="-119.15699999999998"><ele>3094.263868045062</ele></trkpt><trkpt lat="37.71879" lon="-119.15688"><ele>3094.263868045062</ele></trkpt><trkpt lat="37.71872" lon="-119.15656000000001"><ele>3093.139796882868</ele></trkpt><trkpt lat="37.71869" lon="-119.15651000000003"><ele>3092.7801858655503</ele></trkpt><trkpt lat="37.71859" lon="-119.15651000000003"><ele>3090.818176435255</ele></trkpt><trkpt lat="37.71859" lon="-119.15651000000003"><ele>3090.818176435255</ele></trkpt><trkpt lat="37.71839" lon="-119.15647000000001"><ele>3088.211723155342</ele></trkpt><trkpt lat="37.71837" lon="-119.15649000000002"><ele>3086.7990816068905</ele></trkpt><trkpt lat="37.71842" lon="-119.15651000000003"><ele>3087.81272448287</ele></trkpt><trkpt lat="37.71841" lon="-119.15654999999998"><ele>3086.6617533378303</ele></trkpt><trkpt lat="37.71825" lon="-119.15652"><ele>3084.1837546662427</ele></trkpt><trkpt lat="37.71819" lon="-119.15656000000001"><ele>3083.2344326488674</ele></trkpt><trkpt lat="37.71809" lon="-119.1565"><ele>3082.1158222225495</ele></trkpt><trkpt lat="37.71784" lon="-119.15643999999998"><ele>3078.2687402219944</ele></trkpt><trkpt lat="37.71768" lon="-119.15631000000002"><ele>3079.0</ele></trkpt><trkpt lat="37.71758" lon="-119.15616999999997"><ele>3076.0</ele></trkpt><trkpt lat="37.71741" lon="-119.15613000000002"><ele>3073.6656231716292</ele></trkpt><trkpt lat="37.71727" lon="-119.15598999999997"><ele>3069.7134848777205</ele></trkpt><trkpt lat="37.71712" lon="-119.15593999999999"><ele>3066.0</ele></trkpt><trkpt lat="37.71708" lon="-119.15584000000001"><ele>3066.51981616579</ele></trkpt><trkpt lat="37.71697" lon="-119.15570000000002"><ele>3065.4378086868674</ele></trkpt><trkpt lat="37.71691" lon="-119.15575000000001"><ele>3062.538326115825</ele></trkpt><trkpt lat="37.71697" lon="-119.15593999999999"><ele>3061.0392842441797</ele></trkpt><trkpt lat="37.71691" lon="-119.15606000000002"><ele>3058.0</ele></trkpt><trkpt lat="37.7169" lon="-119.15625"><ele>3057.2135733588857</ele></trkpt><trkpt lat="37.71677" lon="-119.15627999999998"><ele>3054.88795824768</ele></trkpt><trkpt lat="37.71665" lon="-119.15634999999997"><ele>3053.0</ele></trkpt><trkpt lat="37.71655" lon="-119.15645999999998"><ele>3051.295523595065</ele></trkpt><trkpt lat="37.71646" lon="-119.15667000000002"><ele>3049.0</ele></trkpt><trkpt lat="37.71634" lon="-119.15678000000003"><ele>3046.923695867881</ele></trkpt><trkpt lat="37.71626" lon="-119.15672"><ele>3045.2106278650463</ele></trkpt><trkpt lat="37.71616" lon="-119.15676000000002"><ele>3043.0</ele></trkpt><trkpt lat="37.71613" lon="-119.15681999999998"><ele>3041.202741334215</ele></trkpt><trkpt lat="37.71616" lon="-119.15696000000003"><ele>3038.3193000145257</ele></trkpt><trkpt lat="37.71615" lon="-119.15699999999998"><ele>3037.73016766645</ele></trkpt><trkpt lat="37.71601" lon="-119.15690000000001"><ele>3036.72794586065</ele></trkpt><trkpt lat="37.71581" lon="-119.15683000000001"><ele>3032.736707554199</ele></trkpt><trkpt lat="37.71572" lon="-119.15683000000001"><ele>3031.8413799789746</ele></trkpt><trkpt lat="37.71561" lon="-119.15672"><ele>3029.9171389807016</ele></trkpt><trkpt lat="37.715380459154346" lon="-119.15662818366172"><ele>3026.4802984929247</ele></trkpt><trkpt lat="37.715380459154346" lon="-119.15662818366172"><ele>3026.4802984929247</ele></trkpt><trkpt lat="37.71526" lon="-119.15658000000002"><ele>3026.4301178224564</ele></trkpt><trkpt lat="37.7152" lon="-119.15638999999999"><ele>3023.1847834976807</ele></trkpt><trkpt lat="37.71512" lon="-119.15625"><ele>3022.0383040150596</ele></trkpt><trkpt lat="37.71503" lon="-119.15623"><ele>3018.5225469337856</ele></trkpt><trkpt lat="37.71493" lon="-119.15615000000003"><ele>3017.917842677584</ele></trkpt><trkpt lat="37.71495" lon="-119.15634"><ele>3013.587271492749</ele></trkpt><trkpt lat="37.71491" lon="-119.15633000000003"><ele>3012.0383964432403</ele></trkpt><trkpt lat="37.71464" lon="-119.15597000000002"><ele>3010.772095706314</ele></trkpt><trkpt lat="37.71461" lon="-119.15589999999997"><ele>3011.0003686268524</ele></trkpt><trkpt lat="37.71455" lon="-119.15589999999997"><ele>3009.470016213134</ele></trkpt><trkpt lat="37.71461" lon="-119.15607999999997"><ele>3009.0047351587564</ele></trkpt><trkpt lat="37.71462" lon="-119.15614"><ele>3009.4868934839033</ele></trkpt><trkpt lat="37.7146" lon="-119.15616"><ele>3007.977191848375</ele></trkpt><trkpt lat="37.71452" lon="-119.15605"><ele>3005.7026578169316</ele></trkpt><trkpt lat="37.71445" lon="-119.15600999999998"><ele>3004.9795634339794</ele></trkpt><trkpt lat="37.71436" lon="-119.15602000000001"><ele>3001.485443554353</ele></trkpt><trkpt lat="37.71432" lon="-119.15607999999997"><ele>3001.4032533899835</ele></trkpt><trkpt lat="37.71423" lon="-119.15602000000001"><ele>3000.618230186403</ele></trkpt><trkpt lat="37.7142" lon="-119.15591"><ele>2999.330298533958</ele></trkpt><trkpt lat="37.71427" lon="-119.15571999999997"><ele>2998.0</ele></trkpt><trkpt lat="37.71428" lon="-119.15564"><ele>2997.0</ele></trkpt><trkpt lat="37.71415" lon="-119.15550999999999"><ele>2995.9052964001894</ele></trkpt><trkpt lat="37.71409" lon="-119.15550999999999"><ele>2993.253166222479</ele></trkpt><trkpt lat="37.71406" lon="-119.15555"><ele>2992.234683784931</ele></trkpt><trkpt lat="37.7141" lon="-119.15571"><ele>2992.984220485261</ele></trkpt><trkpt lat="37.71406" lon="-119.15571"><ele>2989.603251973167</ele></trkpt><trkpt lat="37.71382" lon="-119.15519"><ele>2986.0</ele></trkpt><trkpt lat="37.71379" lon="-119.15501"><ele>2984.310336026242</ele></trkpt><trkpt lat="37.7138" lon="-119.15480000000002"><ele>2983.286270916462</ele></trkpt><trkpt lat="37.71377" lon="-119.15478999999999"><ele>2982.0</ele></trkpt><trkpt lat="37.71371" lon="-119.15492"><ele>2980.246890530683</ele></trkpt><trkpt lat="37.71369" lon="-119.15492"><ele>2980.0</ele></trkpt><trkpt lat="37.71369" lon="-119.15465"><ele>2978.806025883183</ele></trkpt><trkpt lat="37.71367" lon="-119.15460999999999"><ele>2978.3286289418647</ele></trkpt><trkpt lat="37.71364" lon="-119.15460999999999"><ele>2976.056669360958</ele></trkpt><trkpt lat="37.71359" lon="-119.15478999999999"><ele>2973.352057688894</ele></trkpt><trkpt lat="37.71357" lon="-119.15475000000004"><ele>2972.7366786319762</ele></trkpt><trkpt lat="37.71356" lon="-119.15457000000004"><ele>2971.286229379954</ele></trkpt><trkpt lat="37.71353" lon="-119.15454999999997"><ele>2970.0</ele></trkpt><trkpt lat="37.7135" lon="-119.15467999999998"><ele>2968.6128980256617</ele></trkpt><trkpt lat="37.71347794205218" lon="-119.1545807392348"><ele>2967.3134397268295</ele></trkpt><trkpt lat="37.71347794205218" lon="-119.1545807392348"><ele>2967.3134397268295</ele></trkpt><trkpt lat="37.71346" lon="-119.15449999999998"><ele>2966.7601484902425</ele></trkpt><trkpt lat="37.71347" lon="-119.15439000000003"><ele>2965.8455646727234</ele></trkpt><trkpt lat="37.71352" lon="-119.15415999999999"><ele>2964.0</ele></trkpt><trkpt lat="37.71359" lon="-119.15412000000003"><ele>2961.9681386682205</ele></trkpt><trkpt lat="37.71408" lon="-119.15402"><ele>2955.307800889481</ele></trkpt><trkpt lat="37.71435" lon="-119.15399000000002"><ele>2956.9096995568834</ele></trkpt><trkpt lat="37.71454" lon="-119.15384"><ele>2956.800089558121</ele></trkpt><trkpt lat="37.71469" lon="-119.15361000000001"><ele>2956.1438382038687</ele></trkpt><trkpt lat="37.71501" lon="-119.15337"><ele>2957.569601273164</ele></trkpt><trkpt lat="37.71505" lon="-119.15296000000001"><ele>2954.993217021195</ele></trkpt><trkpt lat="37.71505" lon="-119.15274"><ele>2955.9260948821902</ele></trkpt><trkpt lat="37.715" lon="-119.15255000000002"><ele>2955.0</ele></trkpt><trkpt lat="37.71502" lon="-119.15250000000003"><ele>2955.1587245557457</ele></trkpt><trkpt lat="37.715" lon="-119.15233999999998"><ele>2954.9804780706763</ele></trkpt><trkpt lat="37.71505" lon="-119.15223000000003"><ele>2954.9917044955505</ele></trkpt><trkpt lat="37.71517" lon="-119.15219000000002"><ele>2956.0</ele></trkpt><trkpt lat="37.71532" lon="-119.15217999999999"><ele>2957.3900457932614</ele></trkpt><trkpt lat="37.71542" lon="-119.15181000000001"><ele>2957.227491587594</ele></trkpt><trkpt lat="37.71541" lon="-119.15172999999999"><ele>2957.0</ele></trkpt><trkpt lat="37.71535" lon="-119.15174000000002"><ele>2957.0208482890057</ele></trkpt><trkpt lat="37.71533" lon="-119.15169000000003"><ele>2956.41757497645</ele></trkpt><trkpt lat="37.71534" lon="-119.15159"><ele>2955.0615928890184</ele></trkpt><trkpt lat="37.71531" lon="-119.15152999999998"><ele>2955.0</ele></trkpt><trkpt lat="37.7152" lon="-119.15139999999997"><ele>2954.0</ele></trkpt><trkpt lat="37.71513" lon="-119.15139999999997"><ele>2953.1322595393735</ele></trkpt><trkpt lat="37.71513" lon="-119.15139999999997"><ele>2953.1322595393735</ele></trkpt><trkpt lat="37.71505" lon="-119.15133000000003"><ele>2952.0040858689595</ele></trkpt><trkpt lat="37.71505" lon="-119.15133000000003"><ele>2952.0040858689595</ele></trkpt><trkpt lat="37.71493" lon="-119.15121999999997"><ele>2954.8443894610436</ele></trkpt><trkpt lat="37.71482986146156" lon="-119.15121284724728"><ele>2953.979258547373</ele></trkpt><trkpt lat="37.71482986146156" lon="-119.15121284724728"><ele>2953.979258547373</ele></trkpt><trkpt lat="37.71465" lon="-119.15120000000002"><ele>2954.0</ele></trkpt><trkpt lat="37.71441" lon="-119.15136999999999"><ele>2953.820152406163</ele></trkpt><trkpt lat="37.71378" lon="-119.15165999999999"><ele>2954.676170666702</ele></trkpt><trkpt lat="37.71325" lon="-119.15161999999998"><ele>2955.0</ele></trkpt><trkpt lat="37.71302" lon="-119.15147999999999"><ele>2954.378685925497</ele></trkpt><trkpt lat="37.71291" lon="-119.15143"><ele>2954.0</ele></trkpt><trkpt lat="37.7128" lon="-119.15142000000003"><ele>2954.0</ele></trkpt><trkpt lat="37.712750575237095" lon="-119.15138854787813"><ele>2955.0</ele></trkpt><trkpt lat="37.712750575237095" lon="-119.15138854787813"><ele>2955.0</ele></trkpt><trkpt lat="37.71269" lon="-119.15134999999998"><ele>2955.0</ele></trkpt><trkpt lat="37.71259" lon="-119.15134"><ele>2955.5892515550368</ele></trkpt><trkpt lat="37.71205" lon="-119.15145000000001"><ele>2959.8965483084594</ele></trkpt><trkpt lat="37.71191" lon="-119.15154999999999"><ele>2961.0</ele></trkpt><trkpt lat="37.71184" lon="-119.15163000000001"><ele>2961.2394884646474</ele></trkpt><trkpt lat="37.71174" lon="-119.15165000000002"><ele>2963.0098758642253</ele></trkpt><trkpt lat="37.71158" lon="-119.15184999999997"><ele>2965.909871034927</ele></trkpt><trkpt lat="37.71149" lon="-119.15190999999999"><ele>2968.0</ele></trkpt><trkpt lat="37.71145" lon="-119.15199000000001"><ele>2968.2970559992827</ele></trkpt><trkpt lat="37.71133" lon="-119.15202"><ele>2969.1213232316077</ele></trkpt><trkpt lat="37.71122" lon="-119.15219000000002"><ele>2971.9929707631677</ele></trkpt><trkpt lat="37.71118" lon="-119.15217999999999"><ele>2973.0</ele></trkpt><trkpt lat="37.71117" lon="-119.15206"><ele>2974.647862151265</ele></trkpt><trkpt lat="37.7112" lon="-119.15193999999997"><ele>2974.955484558896</ele></trkpt><trkpt lat="37.71117" lon="-119.15192000000002"><ele>2975.844810189155</ele></trkpt><trkpt lat="37.71105" lon="-119.15208999999999"><ele>2977.716968987137</ele></trkpt><trkpt lat="37.71091" lon="-119.1522"><ele>2978.4745924929157</ele></trkpt><trkpt lat="37.71074" lon="-119.15238"><ele>2980.1217386666685</ele></trkpt><trkpt lat="37.71065" lon="-119.15238"><ele>2980.368157507491</ele></trkpt><trkpt lat="37.71058" lon="-119.15244000000001"><ele>2981.131579655136</ele></trkpt><trkpt lat="37.71004" lon="-119.15256999999997"><ele>2986.0</ele></trkpt><trkpt lat="37.70992" lon="-119.15280000000001"><ele>2986.5483199991286</ele></trkpt><trkpt lat="37.7098" lon="-119.15286000000003"><ele>2988.352817837149</ele></trkpt><trkpt lat="37.70971" lon="-119.15295000000003"><ele>2989.0</ele></trkpt><trkpt lat="37.70964" lon="-119.15319"><ele>2991.2902396488616</ele></trkpt><trkpt lat="37.70962" lon="-119.15319"><ele>2991.9725862754503</ele></trkpt><trkpt lat="37.7096" lon="-119.15307999999999"><ele>2993.5666775454256</ele></trkpt><trkpt lat="37.70952" lon="-119.15328999999997"><ele>2994.45076024728</ele></trkpt><trkpt lat="37.70942" lon="-119.15334999999999"><ele>2995.978102217101</ele></trkpt><trkpt lat="37.70932" lon="-119.15346999999997"><ele>2994.324056889862</ele></trkpt><trkpt lat="37.70929" lon="-119.15345000000002"><ele>2996.2561244433746</ele></trkpt><trkpt lat="37.70933" lon="-119.15334000000001"><ele>3000.4220716929995</ele></trkpt><trkpt lat="37.7093" lon="-119.15331000000003"><ele>3002.0</ele></trkpt><trkpt lat="37.70924" lon="-119.15332000000001"><ele>3002.5484860508896</ele></trkpt><trkpt lat="37.7092" lon="-119.15337999999997"><ele>3000.879961204931</ele></trkpt><trkpt lat="37.70918" lon="-119.15331000000003"><ele>3005.6835987815566</ele></trkpt><trkpt lat="37.7093" lon="-119.15313000000003"><ele>3007.8068095948547</ele></trkpt><trkpt lat="37.70926" lon="-119.15310999999997"><ele>3009.016519669494</ele></trkpt><trkpt lat="37.70923" lon="-119.15318000000002"><ele>3007.7805997242335</ele></trkpt><trkpt lat="37.70897" lon="-119.15312"><ele>3013.910146519082</ele></trkpt><trkpt lat="37.70896" lon="-119.15305000000001"><ele>3015.914350004308</ele></trkpt><trkpt lat="37.70898" lon="-119.15301999999997"><ele>3017.1013060149708</ele></trkpt><trkpt lat="37.70902" lon="-119.15305999999998"><ele>3016.301595847201</ele></trkpt><trkpt lat="37.70906" lon="-119.15303"><ele>3016.9905660725362</ele></trkpt><trkpt lat="37.70906" lon="-119.15285"><ele>3019.0</ele></trkpt><trkpt lat="37.70909" lon="-119.15278999999998"><ele>3018.189233908679</ele></trkpt><trkpt lat="37.70908" lon="-119.15276"><ele>3019.0</ele></trkpt><trkpt lat="37.70902" lon="-119.15283"><ele>3020.0</ele></trkpt><trkpt lat="37.70896" lon="-119.15277000000003"><ele>3021.0</ele></trkpt><trkpt lat="37.70897" lon="-119.15269"><ele>3022.6746915546246</ele></trkpt><trkpt lat="37.70912" lon="-119.15244000000001"><ele>3028.589802019298</ele></trkpt><trkpt lat="37.7091" lon="-119.15241000000003"><ele>3028.0</ele></trkpt><trkpt lat="37.70887" lon="-119.15258"><ele>3030.938146678731</ele></trkpt><trkpt lat="37.70866" lon="-119.15265"><ele>3034.5388266667724</ele></trkpt><trkpt lat="37.70847" lon="-119.15282000000002"><ele>3035.8848746485105</ele></trkpt><trkpt lat="37.70846" lon="-119.15301"><ele>3037.0506790494546</ele></trkpt><trkpt lat="37.70844" lon="-119.15301"><ele>3038.2288212338462</ele></trkpt><trkpt lat="37.70844" lon="-119.15271000000001"><ele>3038.8628727863957</ele></trkpt><trkpt lat="37.70853" lon="-119.15256999999997"><ele>3041.0</ele></trkpt><trkpt lat="37.70852" lon="-119.15253999999999"><ele>3041.6651982222684</ele></trkpt><trkpt lat="37.70844" lon="-119.15253000000001"><ele>3043.0613129766234</ele></trkpt><trkpt lat="37.70833" lon="-119.15264000000002"><ele>3043.9518473329954</ele></trkpt><trkpt lat="37.70831" lon="-119.15280000000001"><ele>3045.1251270044595</ele></trkpt><trkpt lat="37.70825" lon="-119.15295000000003"><ele>3047.2173587772995</ele></trkpt><trkpt lat="37.70819" lon="-119.15268000000003"><ele>3050.1939610242844</ele></trkpt><trkpt lat="37.70813" lon="-119.15256"><ele>3051.728373741731</ele></trkpt><trkpt lat="37.70805" lon="-119.15247999999997"><ele>3053.698879784223</ele></trkpt><trkpt lat="37.70804" lon="-119.15242"><ele>3054.2798661349902</ele></trkpt><trkpt lat="37.70813" lon="-119.15235000000001"><ele>3055.5198399997316</ele></trkpt><trkpt lat="37.70817" lon="-119.15235000000001"><ele>3054.5198399997316</ele></trkpt><trkpt lat="37.70818" lon="-119.15232000000003"><ele>3055.9179413318634</ele></trkpt><trkpt lat="37.70795" lon="-119.15226000000001"><ele>3059.7141439993866</ele></trkpt><trkpt lat="37.70794" lon="-119.15220999999997"><ele>3060.044312890619</ele></trkpt><trkpt lat="37.7079" lon="-119.1522"><ele>3061.0</ele></trkpt><trkpt lat="37.7079" lon="-119.15217999999999"><ele>3061.442414222751</ele></trkpt><trkpt lat="37.70804" lon="-119.15215"><ele>3063.8405155548826</ele></trkpt><trkpt lat="37.70812" lon="-119.15215999999998"><ele>3064.1188763381956</ele></trkpt><trkpt lat="37.70813" lon="-119.15213"><ele>3064.7725831107236</ele></trkpt><trkpt lat="37.70812" lon="-119.15208000000001"><ele>3066.102751999162</ele></trkpt><trkpt lat="37.708" lon="-119.15197999999998"><ele>3067.0</ele></trkpt><trkpt lat="37.70796" lon="-119.15175999999997"><ele>3066.2574724294245</ele></trkpt><trkpt lat="37.7079" lon="-119.15163999999999"><ele>3066.8915096771952</ele></trkpt><trkpt lat="37.70773" lon="-119.15147999999999"><ele>3067.0</ele></trkpt><trkpt lat="37.7077" lon="-119.15129000000002"><ele>3069.8658662112634</ele></trkpt><trkpt lat="37.70764" lon="-119.15123"><ele>3070.715623111464</ele></trkpt><trkpt lat="37.70765" lon="-119.15116"><ele>3071.0</ele></trkpt><trkpt lat="37.707689198998935" lon="-119.15112080100107"><ele>3072.8643406286083</ele></trkpt><trkpt lat="37.70769210106602" lon="-119.15111789894473"><ele>3072.968540585176</ele></trkpt><trkpt lat="37.70773" lon="-119.15107999999998"><ele>3074.708947930485</ele></trkpt><trkpt lat="37.70772" lon="-119.15098999999998"><ele>3075.9123700364603</ele></trkpt><trkpt lat="37.7075" lon="-119.15071999999998"><ele>3078.917094831986</ele></trkpt><trkpt lat="37.70747" lon="-119.15073999999998"><ele>3079.0</ele></trkpt><trkpt lat="37.70732" lon="-119.15064000000001"><ele>3079.3489902953397</ele></trkpt><trkpt lat="37.70722" lon="-119.15042"><ele>3076.666717506945</ele></trkpt><trkpt lat="37.70719" lon="-119.15058999999997"><ele>3076.9164302190766</ele></trkpt><trkpt lat="37.70714" lon="-119.15049999999997"><ele>3073.0</ele></trkpt><trkpt lat="37.70714" lon="-119.15039999999999"><ele>3072.3782820335805</ele></trkpt><trkpt lat="37.7071" lon="-119.15037000000001"><ele>3071.5979874506593</ele></trkpt><trkpt lat="37.70706" lon="-119.15048000000002"><ele>3071.3318435563706</ele></trkpt><trkpt lat="37.70704" lon="-119.15048999999999"><ele>3071.050766314379</ele></trkpt><trkpt lat="37.70693" lon="-119.15033"><ele>3067.0</ele></trkpt><trkpt lat="37.70687" lon="-119.15048999999999"><ele>3066.0395908090027</ele></trkpt><trkpt lat="37.70685" lon="-119.15049999999997"><ele>3065.871503263712</ele></trkpt><trkpt lat="37.70681" lon="-119.15030999999999"><ele>3063.0</ele></trkpt><trkpt lat="37.70658" lon="-119.14992999999998"><ele>3057.9669561348855</ele></trkpt><trkpt lat="37.70631" lon="-119.14958999999999"><ele>3053.1985617426376</ele></trkpt><trkpt lat="37.706" lon="-119.14936999999998"><ele>3049.319052228762</ele></trkpt><trkpt lat="37.70613" lon="-119.14967000000001"><ele>3044.4168924437836</ele></trkpt><trkpt lat="37.70627" lon="-119.14983000000001"><ele>3043.7062512524426</ele></trkpt><trkpt lat="37.70631" lon="-119.14998000000003"><ele>3043.060583273703</ele></trkpt><trkpt lat="37.7063" lon="-119.15012999999999"><ele>3042.0</ele></trkpt><trkpt lat="37.70627" lon="-119.15024"><ele>3041.853284141049</ele></trkpt><trkpt lat="37.70623" lon="-119.15025000000003"><ele>3040.35003682971</ele></trkpt><trkpt lat="37.70624" lon="-119.15016000000003"><ele>3040.0</ele></trkpt><trkpt lat="37.7062" lon="-119.14999999999998"><ele>3038.5828768499196</ele></trkpt><trkpt lat="37.70613" lon="-119.14985000000001"><ele>3037.4747939024755</ele></trkpt><trkpt lat="37.70591" lon="-119.14967999999999"><ele>3037.0</ele></trkpt><trkpt lat="37.70582" lon="-119.14954999999998"><ele>3037.0018494427754</ele></trkpt><trkpt lat="37.70549" lon="-119.14920000000001"><ele>3037.0</ele></trkpt><trkpt lat="37.70543" lon="-119.14911000000001"><ele>3036.624450311803</ele></trkpt><trkpt lat="37.70538" lon="-119.14908000000003"><ele>3036.9128853320144</ele></trkpt><trkpt lat="37.70528" lon="-119.14889"><ele>3036.0</ele></trkpt><trkpt lat="37.70496" lon="-119.14848"><ele>3033.5408900789917</ele></trkpt><trkpt lat="37.70493" lon="-119.14846"><ele>3032.956331127699</ele></trkpt><trkpt lat="37.70492" lon="-119.14848999999998"><ele>3032.1847173050046</ele></trkpt><trkpt lat="37.70494" lon="-119.14861000000002"><ele>3032.0</ele></trkpt><trkpt lat="37.70492" lon="-119.14861000000002"><ele>3032.149626478482</ele></trkpt><trkpt lat="37.70462" lon="-119.14835"><ele>3030.0</ele></trkpt><trkpt lat="37.70457" lon="-119.14823000000001"><ele>3029.0</ele></trkpt><trkpt lat="37.70447" lon="-119.14812999999998"><ele>3028.0</ele></trkpt><trkpt lat="37.70431" lon="-119.14808"><ele>3028.0</ele></trkpt><trkpt lat="37.70403" lon="-119.14765"><ele>3024.8934614465365</ele></trkpt><trkpt lat="37.70399" lon="-119.14751000000001"><ele>3023.3716578758967</ele></trkpt><trkpt lat="37.70396" lon="-119.14726000000002"><ele>3020.4656329606105</ele></trkpt><trkpt lat="37.70377" lon="-119.14704999999998"><ele>3018.2305473869865</ele></trkpt><trkpt lat="37.70369" lon="-119.14688000000001"><ele>3015.0</ele></trkpt><trkpt lat="37.70365" lon="-119.14688000000001"><ele>3014.0</ele></trkpt><trkpt lat="37.70353" lon="-119.14679000000001"><ele>3011.0</ele></trkpt><trkpt lat="37.7035" lon="-119.14672000000002"><ele>3010.4855650869777</ele></trkpt><trkpt lat="37.70331" lon="-119.14648999999997"><ele>3007.215360166296</ele></trkpt><trkpt lat="37.70317" lon="-119.14634999999998"><ele>3005.0</ele></trkpt><trkpt lat="37.70305" lon="-119.14629000000002"><ele>3003.0</ele></trkpt><trkpt lat="37.70284" lon="-119.14600999999999"><ele>3001.0</ele></trkpt><trkpt lat="37.70275" lon="-119.14594"><ele>2999.364249765873</ele></trkpt><trkpt lat="37.7027" lon="-119.14593000000002"><ele>2999.0</ele></trkpt><trkpt lat="37.70263" lon="-119.14580999999998"><ele>2998.0</ele></trkpt><trkpt lat="37.70259" lon="-119.14578"><ele>2998.338317430907</ele></trkpt><trkpt lat="37.70242" lon="-119.14576999999997"><ele>2998.0</ele></trkpt><trkpt lat="37.70224" lon="-119.14564999999999"><ele>2995.2375288889743</ele></trkpt><trkpt lat="37.70204" lon="-119.14543000000003"><ele>2991.0</ele></trkpt><trkpt lat="37.70181" lon="-119.14522"><ele>2987.0</ele></trkpt><trkpt lat="37.70165" lon="-119.14503000000002"><ele>2984.228458899539</ele></trkpt><trkpt lat="37.70154" lon="-119.14480000000003"><ele>2982.433254760317</ele></trkpt><trkpt lat="37.70153" lon="-119.14472999999998"><ele>2982.5036946926266</ele></trkpt><trkpt lat="37.70155" lon="-119.14458000000002"><ele>2980.3719146680087</ele></trkpt><trkpt lat="37.70148" lon="-119.14449000000002"><ele>2980.6189954620786</ele></trkpt><trkpt lat="37.70121" lon="-119.14423999999997"><ele>2978.0</ele></trkpt><trkpt lat="37.70121" lon="-119.14423999999997"><ele>2978.0</ele></trkpt><trkpt lat="37.70112" lon="-119.14423999999997"><ele>2977.0</ele></trkpt><trkpt lat="37.701" lon="-119.14432"><ele>2976.285953199491</ele></trkpt><trkpt lat="37.70096" lon="-119.14441"><ele>2975.92990629375</ele></trkpt><trkpt lat="37.70095" lon="-119.14458000000002"><ele>2974.2141110047123</ele></trkpt><trkpt lat="37.7009" lon="-119.14459"><ele>2973.064146216023</ele></trkpt><trkpt lat="37.70072" lon="-119.14454"><ele>2969.7936515696347</ele></trkpt><trkpt lat="37.70057" lon="-119.14441"><ele>2967.958515610546</ele></trkpt><trkpt lat="37.70051" lon="-119.14438999999999"><ele>2965.424466229975</ele></trkpt><trkpt lat="37.70032" lon="-119.14422000000002"><ele>2961.0</ele></trkpt><trkpt lat="37.70024" lon="-119.14418999999998"><ele>2958.5212794225663</ele></trkpt><trkpt lat="37.70018" lon="-119.14422000000002"><ele>2956.400132028394</ele></trkpt><trkpt lat="37.70007" lon="-119.14435000000003"><ele>2954.3319190786406</ele></trkpt><trkpt lat="37.69992" lon="-119.14436999999998"><ele>2950.0</ele></trkpt><trkpt lat="37.69984" lon="-119.14432"><ele>2947.961109139025</ele></trkpt><trkpt lat="37.69977" lon="-119.14408000000003"><ele>2945.0</ele></trkpt><trkpt lat="37.69974" lon="-119.14408000000003"><ele>2944.1363201086047</ele></trkpt><trkpt lat="37.69968" lon="-119.14413000000002"><ele>2943.0</ele></trkpt><trkpt lat="37.69959" lon="-119.14407"><ele>2940.697629312043</ele></trkpt><trkpt lat="37.69944" lon="-119.14417000000003"><ele>2938.0</ele></trkpt><trkpt lat="37.69944" lon="-119.14417000000003"><ele>2938.0</ele></trkpt><trkpt lat="37.69944" lon="-119.14417000000003"><ele>2938.0</ele></trkpt><trkpt lat="37.69931" lon="-119.14444000000003"><ele>2933.0</ele></trkpt><trkpt lat="37.69914" lon="-119.14450999999997"><ele>2931.0</ele></trkpt><trkpt lat="37.69911" lon="-119.14454999999998"><ele>2931.9388788204124</ele></trkpt><trkpt lat="37.69911" lon="-119.14472"><ele>2928.135769389595</ele></trkpt><trkpt lat="37.699" lon="-119.1449"><ele>2926.7150044436567</ele></trkpt><trkpt lat="37.69891" lon="-119.14497"><ele>2925.0</ele></trkpt><trkpt lat="37.69885" lon="-119.14497"><ele>2925.0</ele></trkpt><trkpt lat="37.69881" lon="-119.14501000000001"><ele>2924.5886328881606</ele></trkpt><trkpt lat="37.69879" lon="-119.14508000000001"><ele>2923.326396443881</ele></trkpt><trkpt lat="37.6987" lon="-119.14515"><ele>2922.0</ele></trkpt><trkpt lat="37.69868" lon="-119.14519999999999"><ele>2921.6373341921717</ele></trkpt><trkpt lat="37.69869" lon="-119.14531999999997"><ele>2919.0</ele></trkpt><trkpt lat="37.69865" lon="-119.14540999999997"><ele>2918.0</ele></trkpt><trkpt lat="37.69869" lon="-119.14549999999997"><ele>2918.2263276837766</ele></trkpt><trkpt lat="37.69856" lon="-119.14578"><ele>2911.5694184917957</ele></trkpt><trkpt lat="37.69851" lon="-119.14603"><ele>2907.624456992373</ele></trkpt><trkpt lat="37.69842" lon="-119.14630999999997"><ele>2905.3235312998295</ele></trkpt><trkpt lat="37.69802" lon="-119.14679999999998"><ele>2899.3648505886727</ele></trkpt><trkpt lat="37.69783" lon="-119.14684999999997"><ele>2898.0</ele></trkpt><trkpt lat="37.6977" lon="-119.14683000000002"><ele>2896.9808028011676</ele></trkpt><trkpt lat="37.69767" lon="-119.14688000000001"><ele>2895.5239336036343</ele></trkpt><trkpt lat="37.69772" lon="-119.14704"><ele>2894.0</ele></trkpt><trkpt lat="37.6977" lon="-119.14706000000001"><ele>2893.047383416376</ele></trkpt><trkpt lat="37.69764" lon="-119.14702"><ele>2892.382444852963</ele></trkpt><trkpt lat="37.69764" lon="-119.14699999999999"><ele>2892.906076724127</ele></trkpt><trkpt lat="37.6976" lon="-119.14704"><ele>2890.984206012196</ele></trkpt><trkpt lat="37.69761" lon="-119.14724999999999"><ele>2890.0</ele></trkpt><trkpt lat="37.6975" lon="-119.14744999999999"><ele>2888.243376488354</ele></trkpt><trkpt lat="37.69739" lon="-119.14785"><ele>2884.919578701113</ele></trkpt><trkpt lat="37.69727" lon="-119.14783999999997"><ele>2882.0</ele></trkpt><trkpt lat="37.69718" lon="-119.14789000000002"><ele>2881.0</ele></trkpt><trkpt lat="37.69708" lon="-119.14805999999999"><ele>2876.0</ele></trkpt><trkpt lat="37.69705" lon="-119.14803999999998"><ele>2875.6324569508433</ele></trkpt><trkpt lat="37.69705" lon="-119.14783999999997"><ele>2875.0</ele></trkpt><trkpt lat="37.69701" lon="-119.14780999999999"><ele>2873.9282503351833</ele></trkpt><trkpt lat="37.6969" lon="-119.14794"><ele>2871.797758353874</ele></trkpt><trkpt lat="37.69684" lon="-119.14805999999999"><ele>2868.593907333596</ele></trkpt><trkpt lat="37.69684" lon="-119.14826"><ele>2867.0</ele></trkpt><trkpt lat="37.69655" lon="-119.14855"><ele>2863.6126755559817</ele></trkpt><trkpt lat="37.69653" lon="-119.14868999999999"><ele>2863.9122893483927</ele></trkpt><trkpt lat="37.69648" lon="-119.14877000000001"><ele>2861.0218469531424</ele></trkpt><trkpt lat="37.6965" lon="-119.14889"><ele>2860.238649480045</ele></trkpt><trkpt lat="37.69645" lon="-119.14904999999999"><ele>2857.7803718266487</ele></trkpt><trkpt lat="37.69617" lon="-119.14940999999999"><ele>2852.907910541519</ele></trkpt><trkpt lat="37.69611" lon="-119.14936"><ele>2851.268640704453</ele></trkpt><trkpt lat="37.69599" lon="-119.14908000000003"><ele>2849.2705772362474</ele></trkpt><trkpt lat="37.69607" lon="-119.14886000000001"><ele>2847.9127492010593</ele></trkpt><trkpt lat="37.696" lon="-119.14868999999999"><ele>2846.7899421248585</ele></trkpt><trkpt lat="37.69594" lon="-119.14859999999999"><ele>2846.2561105899513</ele></trkpt><trkpt lat="37.69585" lon="-119.14855"><ele>2843.585331016043</ele></trkpt><trkpt lat="37.69574" lon="-119.14854000000003"><ele>2843.0</ele></trkpt><trkpt lat="37.69566" lon="-119.14861000000002"><ele>2841.816472887993</ele></trkpt><trkpt lat="37.69552" lon="-119.14861000000002"><ele>2839.5193699020892</ele></trkpt><trkpt lat="37.69544" lon="-119.14857999999998"><ele>2838.8489042350434</ele></trkpt><trkpt lat="37.69533" lon="-119.14859999999999"><ele>2837.0</ele></trkpt><trkpt lat="37.69532" lon="-119.14864"><ele>2836.0</ele></trkpt><trkpt lat="37.69533" lon="-119.14868999999999"><ele>2836.0</ele></trkpt><trkpt lat="37.69543" lon="-119.1488"><ele>2835.0</ele></trkpt><trkpt lat="37.69543" lon="-119.14893000000001"><ele>2833.197533876291</ele></trkpt><trkpt lat="37.6955" lon="-119.149"><ele>2832.0</ele></trkpt><trkpt lat="37.69543" lon="-119.14913000000001"><ele>2829.127415604656</ele></trkpt><trkpt lat="37.69533" lon="-119.14916"><ele>2828.0</ele></trkpt><trkpt lat="37.69523" lon="-119.14926000000003"><ele>2826.4393212087452</ele></trkpt><trkpt lat="37.69507" lon="-119.14906000000002"><ele>2823.0158746652305</ele></trkpt><trkpt lat="37.69505" lon="-119.14916"><ele>2821.8678630275663</ele></trkpt><trkpt lat="37.695" lon="-119.14917000000003"><ele>2819.893123196438</ele></trkpt><trkpt lat="37.69492" lon="-119.14893000000001"><ele>2817.1814119983464</ele></trkpt><trkpt lat="37.69487" lon="-119.14884"><ele>2816.0</ele></trkpt><trkpt lat="37.69484" lon="-119.14881000000003"><ele>2815.0</ele></trkpt><trkpt lat="37.69479" lon="-119.14888000000002"><ele>2813.5248921420425</ele></trkpt><trkpt lat="37.69475" lon="-119.14888000000002"><ele>2813.0</ele></trkpt><trkpt lat="37.69472" lon="-119.14879000000002"><ele>2811.4021562431008</ele></trkpt><trkpt lat="37.69447" lon="-119.14841000000001"><ele>2805.678131228313</ele></trkpt><trkpt lat="37.69416" lon="-119.14819"><ele>2800.2564951784857</ele></trkpt><trkpt lat="37.69408" lon="-119.14798000000002"><ele>2796.0</ele></trkpt><trkpt lat="37.69385" lon="-119.14780000000002"><ele>2791.0</ele></trkpt><trkpt lat="37.6939" lon="-119.14769999999999"><ele>2791.798708583072</ele></trkpt><trkpt lat="37.69393" lon="-119.14744000000002"><ele>2790.0</ele></trkpt><trkpt lat="37.69405" lon="-119.14711999999997"><ele>2789.701224937313</ele></trkpt><trkpt lat="37.69402" lon="-119.14688000000001"><ele>2786.0</ele></trkpt><trkpt lat="37.69393" lon="-119.14670000000001"><ele>2786.978514043736</ele></trkpt><trkpt lat="37.6938" lon="-119.14669000000004"><ele>2785.064297647362</ele></trkpt><trkpt lat="37.69368" lon="-119.14663999999999"><ele>2784.625127111096</ele></trkpt><trkpt lat="37.6936" lon="-119.14669000000004"><ele>2784.0</ele></trkpt><trkpt lat="37.6935" lon="-119.14679000000001"><ele>2784.0</ele></trkpt><trkpt lat="37.69344" lon="-119.14692000000002"><ele>2783.0</ele></trkpt><trkpt lat="37.69334" lon="-119.14704999999998"><ele>2780.0653170576834</ele></trkpt><trkpt lat="37.69328" lon="-119.14704"><ele>2780.0</ele></trkpt><trkpt lat="37.69306" lon="-119.14690999999999"><ele>2777.0</ele></trkpt><trkpt lat="37.69285" lon="-119.14665000000002"><ele>2774.0</ele></trkpt><trkpt lat="37.69268" lon="-119.14654999999999"><ele>2772.255562359467</ele></trkpt><trkpt lat="37.69258" lon="-119.14641"><ele>2772.0</ele></trkpt><trkpt lat="37.69202" lon="-119.14582000000001"><ele>2770.0</ele></trkpt><trkpt lat="37.69195" lon="-119.14571000000001"><ele>2769.0</ele></trkpt><trkpt lat="37.6919" lon="-119.14567"><ele>2768.2640951899366</ele></trkpt><trkpt lat="37.69175" lon="-119.14567"><ele>2767.8304035556503</ele></trkpt><trkpt lat="37.69148" lon="-119.14537999999999"><ele>2762.5826394017786</ele></trkpt><trkpt lat="37.69134" lon="-119.14526999999998"><ele>2761.1592358598455</ele></trkpt><trkpt lat="37.69086" lon="-119.14481999999998"><ele>2754.030472458901</ele></trkpt><trkpt lat="37.69071" lon="-119.14465000000001"><ele>2751.514736705232</ele></trkpt><trkpt lat="37.69055" lon="-119.14441"><ele>2751.0</ele></trkpt><trkpt lat="37.6905" lon="-119.14429999999999"><ele>2751.587166980227</ele></trkpt><trkpt lat="37.69047" lon="-119.14414999999997"><ele>2751.0</ele></trkpt><trkpt lat="37.69045" lon="-119.14359000000002"><ele>2747.0</ele></trkpt><trkpt lat="37.69045" lon="-119.14359000000002"><ele>2747.0</ele></trkpt><trkpt lat="37.69048" lon="-119.14339999999999"><ele>2746.0</ele></trkpt><trkpt lat="37.69068" lon="-119.14323999999999"><ele>2745.0</ele></trkpt><trkpt lat="37.6909" lon="-119.14321999999999"><ele>2744.0</ele></trkpt><trkpt lat="37.69108" lon="-119.14312000000001"><ele>2744.3226249399195</ele></trkpt><trkpt lat="37.69123" lon="-119.14310999999998"><ele>2741.8649493320845</ele></trkpt><trkpt lat="37.69127" lon="-119.14306999999997"><ele>2740.0001750537967</ele></trkpt><trkpt lat="37.69127" lon="-119.14296999999999"><ele>2739.0</ele></trkpt><trkpt lat="37.69114" lon="-119.14285999999998"><ele>2738.2141048880294</ele></trkpt><trkpt lat="37.69118" lon="-119.14283999999998"><ele>2737.282037332654</ele></trkpt><trkpt lat="37.69134" lon="-119.14281"><ele>2734.6624604463577</ele></trkpt><trkpt lat="37.69137" lon="-119.14282000000003"><ele>2733.8956546466798</ele></trkpt><trkpt lat="37.6914" lon="-119.14292999999998"><ele>2732.543813772338</ele></trkpt><trkpt lat="37.69148" lon="-119.14301"><ele>2731.826583709568</ele></trkpt><trkpt lat="37.69158" lon="-119.14305000000002"><ele>2731.206240003463</ele></trkpt><trkpt lat="37.69178" lon="-119.14305999999999"><ele>2729.0</ele></trkpt><trkpt lat="37.69192" lon="-119.14292999999998"><ele>2728.0</ele></trkpt><trkpt lat="37.69225" lon="-119.14292999999998"><ele>2724.476341332309</ele></trkpt><trkpt lat="37.69231" lon="-119.1429"><ele>2724.078240000177</ele></trkpt><trkpt lat="37.69244" lon="-119.14276999999998"><ele>2722.0198008883744</ele></trkpt><trkpt lat="37.6926" lon="-119.14287000000002"><ele>2721.6801386680454</ele></trkpt><trkpt lat="37.69277" lon="-119.14283999999998"><ele>2720.282037332654</ele></trkpt><trkpt lat="37.69283" lon="-119.14278000000002"><ele>2720.0436076175147</ele></trkpt><trkpt lat="37.69286" lon="-119.14267999999998"><ele>2718.825496888254</ele></trkpt><trkpt lat="37.69281" lon="-119.14234999999996"><ele>2719.960657809322</ele></trkpt><trkpt lat="37.69289" lon="-119.14192000000003"><ele>2719.0</ele></trkpt><trkpt lat="37.69297" lon="-119.14179999999999"><ele>2717.876663144568</ele></trkpt><trkpt lat="37.69302" lon="-119.14152000000001"><ele>2714.831161581071</ele></trkpt><trkpt lat="37.69308" lon="-119.14134999999999"><ele>2713.685748287786</ele></trkpt><trkpt lat="37.69329" lon="-119.1411"><ele>2713.0348584620424</ele></trkpt><trkpt lat="37.69332" lon="-119.14096999999998"><ele>2713.8145346934907</ele></trkpt><trkpt lat="37.69303" lon="-119.14033999999998"><ele>2702.8984378183422</ele></trkpt><trkpt lat="37.69293" lon="-119.13995"><ele>2699.979231927544</ele></trkpt><trkpt lat="37.69293" lon="-119.13977999999997"><ele>2698.979231927544</ele></trkpt><trkpt lat="37.69288" lon="-119.13954999999999"><ele>2697.034494044259</ele></trkpt><trkpt lat="37.69293" lon="-119.13941999999997"><ele>2697.0</ele></trkpt><trkpt lat="37.6929" lon="-119.13914999999997"><ele>2695.0670242914803</ele></trkpt><trkpt lat="37.69293" lon="-119.13902999999999"><ele>2695.979231927544</ele></trkpt><trkpt lat="37.69309" lon="-119.13877000000002"><ele>2694.0</ele></trkpt><trkpt lat="37.69314" lon="-119.13853"><ele>2694.0</ele></trkpt><trkpt lat="37.69324" lon="-119.13839999999999"><ele>2694.44895382872</ele></trkpt><trkpt lat="37.69335" lon="-119.13839000000002"><ele>2693.897006223444</ele></trkpt><trkpt lat="37.69349" lon="-119.13841000000002"><ele>2693.829073779285</ele></trkpt><trkpt lat="37.69385" lon="-119.13832000000002"><ele>2693.694215899855</ele></trkpt><trkpt lat="37.69408" lon="-119.13818000000003"><ele>2695.0</ele></trkpt><trkpt lat="37.69415" lon="-119.13805000000002"><ele>2693.84019219549</ele></trkpt><trkpt lat="37.69414" lon="-119.13785000000001"><ele>2693.0651867590905</ele></trkpt><trkpt lat="37.69395" lon="-119.13736"><ele>2687.1567911095917</ele></trkpt><trkpt lat="37.69375" lon="-119.13716"><ele>2683.0</ele></trkpt><trkpt lat="37.69362" lon="-119.13698"><ele>2682.0</ele></trkpt><trkpt lat="37.69352" lon="-119.13670000000002"><ele>2679.099855155152</ele></trkpt><trkpt lat="37.69352" lon="-119.13670000000002"><ele>2679.099855155152</ele></trkpt><trkpt lat="37.69348" lon="-119.13668000000001"><ele>2679.0</ele></trkpt><trkpt lat="37.69348" lon="-119.13668000000001"><ele>2679.0</ele></trkpt><trkpt lat="37.69321" lon="-119.13665000000003"><ele>2680.0</ele></trkpt><trkpt lat="37.69321" lon="-119.13665000000003"><ele>2680.0</ele></trkpt><trkpt lat="37.69308" lon="-119.13668000000001"><ele>2679.7947697774507</ele></trkpt><trkpt lat="37.69299" lon="-119.13664"><ele>2680.658904888667</ele></trkpt><trkpt lat="37.69261" lon="-119.13626"><ele>2682.0</ele></trkpt><trkpt lat="37.69239" lon="-119.13612999999998"><ele>2683.0</ele></trkpt><trkpt lat="37.69214" lon="-119.13580999999999"><ele>2686.1537539098845</ele></trkpt><trkpt lat="37.692" lon="-119.13574"><ele>2686.0</ele></trkpt><trkpt lat="37.692" lon="-119.13574"><ele>2686.0</ele></trkpt><trkpt lat="37.69189" lon="-119.13567999999998"><ele>2686.290286511959</ele></trkpt><trkpt lat="37.6918" lon="-119.13554999999997"><ele>2688.1957114764145</ele></trkpt><trkpt lat="37.69177" lon="-119.13544999999999"><ele>2689.7013653215117</ele></trkpt><trkpt lat="37.69177" lon="-119.13526999999999"><ele>2690.661824317649</ele></trkpt><trkpt lat="37.6918" lon="-119.13504999999998"><ele>2689.241724443622</ele></trkpt><trkpt lat="37.69182" lon="-119.13503000000003"><ele>2687.7031387649477</ele></trkpt><trkpt lat="37.69205" lon="-119.13508999999999"><ele>2683.105859555304</ele></trkpt><trkpt lat="37.69209" lon="-119.13504"><ele>2682.7756906668656</ele></trkpt><trkpt lat="37.69204" lon="-119.13466"><ele>2678.0</ele></trkpt><trkpt lat="37.69208" lon="-119.13437999999996"><ele>2675.001415102654</ele></trkpt><trkpt lat="37.69215" lon="-119.13414999999998"><ele>2673.9584529604763</ele></trkpt><trkpt lat="37.69214" lon="-119.13400999999999"><ele>2673.0</ele></trkpt><trkpt lat="37.69206" lon="-119.13377000000003"><ele>2673.6957148414967</ele></trkpt><trkpt lat="37.69205" lon="-119.13362999999998"><ele>2673.0</ele></trkpt><trkpt lat="37.69195" lon="-119.1334"><ele>2673.9090552638186</ele></trkpt><trkpt lat="37.69193" lon="-119.13301999999999"><ele>2675.9151485133916</ele></trkpt><trkpt lat="37.69190383796932" lon="-119.13282378476993"><ele>2673.9485095022246</ele></trkpt><trkpt lat="37.691904624001104" lon="-119.13282967998964"><ele>2674.176954128314</ele></trkpt><trkpt lat="37.69189" lon="-119.13272"><ele>2672.2709072120488</ele></trkpt><trkpt lat="37.69185" lon="-119.13259"><ele>2673.0</ele></trkpt><trkpt lat="37.69179" lon="-119.1325"><ele>2672.403111110907</ele></trkpt><trkpt lat="37.6918" lon="-119.13234999999997"><ele>2671.0</ele></trkpt><trkpt lat="37.69188" lon="-119.13177999999999"><ele>2675.0</ele></trkpt><trkpt lat="37.69198" lon="-119.13134000000002"><ele>2675.0</ele></trkpt><trkpt lat="37.69213" lon="-119.13101"><ele>2675.004897430159</ele></trkpt><trkpt lat="37.69209" lon="-119.13060999999999"><ele>2679.492101015523</ele></trkpt><trkpt lat="37.69225" lon="-119.13031000000001"><ele>2684.658286221791</ele></trkpt><trkpt lat="37.69225" lon="-119.13022999999998"><ele>2686.0</ele></trkpt><trkpt lat="37.69219" lon="-119.13009"><ele>2687.6380352955985</ele></trkpt><trkpt lat="37.69203" lon="-119.12991"><ele>2691.0</ele></trkpt><trkpt lat="37.69206" lon="-119.12984"><ele>2691.0</ele></trkpt><trkpt lat="37.6922" lon="-119.12963000000002"><ele>2694.004790949105</ele></trkpt><trkpt lat="37.69226" lon="-119.12949000000003"><ele>2693.9340006416637</ele></trkpt><trkpt lat="37.69226" lon="-119.12941000000001"><ele>2695.480090769008</ele></trkpt><trkpt lat="37.69218" lon="-119.12940000000003"><ele>2699.2460798060865</ele></trkpt><trkpt lat="37.69182" lon="-119.12961000000001"><ele>2709.3934818748385</ele></trkpt><trkpt lat="37.6918" lon="-119.12955999999997"><ele>2710.833181552721</ele></trkpt><trkpt lat="37.69199" lon="-119.12916000000001"><ele>2716.5374736021704</ele></trkpt><trkpt lat="37.69191" lon="-119.12914999999998"><ele>2718.744419328167</ele></trkpt><trkpt lat="37.69166" lon="-119.12934999999999"><ele>2722.8894435766238</ele></trkpt><trkpt lat="37.69163" lon="-119.12934000000001"><ele>2724.4468704387546</ele></trkpt><trkpt lat="37.69165" lon="-119.12928"><ele>2725.659765333403</ele></trkpt><trkpt lat="37.69187" lon="-119.12887"><ele>2730.215936305467</ele></trkpt><trkpt lat="37.69228" lon="-119.12850000000003"><ele>2734.3126057004556</ele></trkpt><trkpt lat="37.69245" lon="-119.12828999999999"><ele>2737.7971093333326</ele></trkpt><trkpt lat="37.69242" lon="-119.12826000000001"><ele>2740.19521066593</ele></trkpt><trkpt lat="37.69191" lon="-119.12849"><ele>2748.0443216910994</ele></trkpt><trkpt lat="37.69187" lon="-119.12849"><ele>2749.4764337781817</ele></trkpt><trkpt lat="37.69222" lon="-119.12808000000001"><ele>2756.0718093068003</ele></trkpt><trkpt lat="37.69223" lon="-119.12802999999997"><ele>2758.160905331373</ele></trkpt><trkpt lat="37.69221" lon="-119.12799000000001"><ele>2760.778122666292</ele></trkpt><trkpt lat="37.69205" lon="-119.12806999999998"><ele>2763.049852445256</ele></trkpt><trkpt lat="37.69153" lon="-119.12823000000003"><ele>2770.593311998062</ele></trkpt><trkpt lat="37.69153" lon="-119.12817999999999"><ele>2772.4365093852084</ele></trkpt><trkpt lat="37.69201" lon="-119.12781000000001"><ele>2779.2006815819664</ele></trkpt><trkpt lat="37.69205" lon="-119.12777"><ele>2779.9095963519067</ele></trkpt><trkpt lat="37.69204" lon="-119.12772000000001"><ele>2783.157701942574</ele></trkpt><trkpt lat="37.69197" lon="-119.12777"><ele>2782.5902543216944</ele></trkpt><trkpt lat="37.69158" lon="-119.12783999999999"><ele>2790.7686293339357</ele></trkpt><trkpt lat="37.69121" lon="-119.12783999999999"><ele>2793.7686293339357</ele></trkpt><trkpt lat="37.69117" lon="-119.12779"><ele>2796.0987982219085</ele></trkpt><trkpt lat="37.69119" lon="-119.12772999999999"><ele>2799.8950008894317</ele></trkpt><trkpt lat="37.69128" lon="-119.12774999999999"><ele>2798.9629333335906</ele></trkpt><trkpt lat="37.69166" lon="-119.12756999999999"><ele>2803.351541333832</ele></trkpt><trkpt lat="37.6917" lon="-119.12754999999999"><ele>2803.2836088892072</ele></trkpt><trkpt lat="37.69169" lon="-119.12751000000003"><ele>2806.1477439980954</ele></trkpt><trkpt lat="37.69163" lon="-119.12754000000001"><ele>2805.1869150598986</ele></trkpt><trkpt lat="37.6912" lon="-119.12751000000003"><ele>2811.1477439980954</ele></trkpt><trkpt lat="37.69103" lon="-119.12743999999998"><ele>2813.4099804456346</ele></trkpt><trkpt lat="37.69086" lon="-119.12747999999999"><ele>2814.545845333487</ele></trkpt><trkpt lat="37.69082" lon="-119.12741"><ele>2816.8631586113415</ele></trkpt><trkpt lat="37.69094" lon="-119.12736999999998"><ele>2817.672216888983</ele></trkpt><trkpt lat="37.69144" lon="-119.12730999999997"><ele>2820.8305570581965</ele></trkpt><trkpt lat="37.69142" lon="-119.12725999999998"><ele>2823.0391494219252</ele></trkpt><trkpt lat="37.69124" lon="-119.12725"><ele>2824.2646222221665</ele></trkpt><trkpt lat="37.69116" lon="-119.12720000000002"><ele>2825.5947911101393</ele></trkpt><trkpt lat="37.69106" lon="-119.12707"><ele>2829.653230221942</ele></trkpt><trkpt lat="37.69052" lon="-119.12707"><ele>2835.653230221942</ele></trkpt><trkpt lat="37.69074" lon="-119.12693000000002"><ele>2838.177703110501</ele></trkpt><trkpt lat="37.69074" lon="-119.12689999999998"><ele>2839.5758044449612</ele></trkpt><trkpt lat="37.69044" lon="-119.12689"><ele>2843.0418382217176</ele></trkpt><trkpt lat="37.69043" lon="-119.12685999999997"><ele>2844.1122857896567</ele></trkpt><trkpt lat="37.69046" lon="-119.12682000000001"><ele>2845.304074665997</ele></trkpt><trkpt lat="37.69062" lon="-119.12669"><ele>2848.3387382345463</ele></trkpt><trkpt lat="37.69029" lon="-119.12671"><ele>2852.430446221493</ele></trkpt><trkpt lat="37.69047" lon="-119.12657000000002"><ele>2853.9549191100523</ele></trkpt><trkpt lat="37.69061" lon="-119.12653999999998"><ele>2854.3530204454437</ele></trkpt><trkpt lat="37.69063" lon="-119.12651"><ele>2855.751121778041</ele></trkpt><trkpt lat="37.69062" lon="-119.12648999999999"><ele>2856.703967428396</ele></trkpt><trkpt lat="37.69057" lon="-119.12646000000001"><ele>2858.0915220300667</ele></trkpt><trkpt lat="37.69019" lon="-119.12644999999998"><ele>2861.5473244455643</ele></trkpt><trkpt lat="37.69018" lon="-119.12639000000001"><ele>2864.3435271102935</ele></trkpt><trkpt lat="37.6904" lon="-119.12633"><ele>2865.1397297778167</ele></trkpt><trkpt lat="37.6904" lon="-119.12626999999998"><ele>2867.020603093411</ele></trkpt><trkpt lat="37.69034" lon="-119.12628000000001"><ele>2867.469898666255</ele></trkpt><trkpt lat="37.69021" lon="-119.12625000000003"><ele>2869.8679999988526</ele></trkpt><trkpt lat="37.6899" lon="-119.12601999999998"><ele>2873.274786611685</ele></trkpt><trkpt lat="37.6897" lon="-119.12590999999998"><ele>2877.0</ele></trkpt><trkpt lat="37.68961" lon="-119.12579"><ele>2879.0</ele></trkpt><trkpt lat="37.68953" lon="-119.12574000000001"><ele>2880.0</ele></trkpt><trkpt lat="37.68897" lon="-119.12522000000001"><ele>2874.0</ele></trkpt><trkpt lat="37.68868" lon="-119.12486999999999"><ele>2868.6835998948663</ele></trkpt><trkpt lat="37.68863" lon="-119.12473"><ele>2868.521115887923</ele></trkpt><trkpt lat="37.6886" lon="-119.1241"><ele>2865.9981916000957</ele></trkpt><trkpt lat="37.68853" lon="-119.12401"><ele>2865.0</ele></trkpt><trkpt lat="37.68854" lon="-119.12376999999998"><ele>2863.7506207332362</ele></trkpt><trkpt lat="37.68849" lon="-119.12347"><ele>2861.494247784838</ele></trkpt><trkpt lat="37.68839" lon="-119.12302999999997"><ele>2859.605126608163</ele></trkpt><trkpt lat="37.68834" lon="-119.12292000000002"><ele>2858.6605689991266</ele></trkpt><trkpt lat="37.68829" lon="-119.12263000000002"><ele>2858.432026743889</ele></trkpt><trkpt lat="37.68832" lon="-119.12216000000001"><ele>2857.0</ele></trkpt><trkpt lat="37.68827" lon="-119.12189000000001"><ele>2855.538191679865</ele></trkpt><trkpt lat="37.68833" lon="-119.12167999999997"><ele>2855.0</ele></trkpt><trkpt lat="37.68833" lon="-119.12158"><ele>2854.0</ele></trkpt><trkpt lat="37.68826" lon="-119.12153"><ele>2852.164056889713</ele></trkpt><trkpt lat="37.68821" lon="-119.12152000000003"><ele>2852.0</ele></trkpt><trkpt lat="37.68805" lon="-119.12137000000001"><ele>2852.0</ele></trkpt><trkpt lat="37.68787" lon="-119.12133"><ele>2853.0</ele></trkpt><trkpt lat="37.68774" lon="-119.12125000000003"><ele>2853.2885025547935</ele></trkpt><trkpt lat="37.68765" lon="-119.12110000000001"><ele>2854.0</ele></trkpt><trkpt lat="37.6874" lon="-119.12099"><ele>2853.0</ele></trkpt><trkpt lat="37.68709" lon="-119.1209"><ele>2853.0</ele></trkpt><trkpt lat="37.68692" lon="-119.12097"><ele>2853.0</ele></trkpt><trkpt lat="37.68681" lon="-119.12098000000003"><ele>2854.0</ele></trkpt><trkpt lat="37.68673" lon="-119.12103000000002"><ele>2853.0</ele></trkpt><trkpt lat="37.68651" lon="-119.12099999999998"><ele>2855.0</ele></trkpt><trkpt lat="37.68636" lon="-119.12115"><ele>2858.4875432248227</ele></trkpt><trkpt lat="37.68617" lon="-119.12126"><ele>2861.4188551101834</ele></trkpt><trkpt lat="37.68593" lon="-119.12122"><ele>2864.282990222331</ele></trkpt><trkpt lat="37.68544" lon="-119.12137000000001"><ele>2870.412859444972</ele></trkpt><trkpt lat="37.68557" lon="-119.12104"><ele>2876.824246370006</ele></trkpt><trkpt lat="37.68567" lon="-119.12086999999997"><ele>2878.1700965054333</ele></trkpt><trkpt lat="37.68591" lon="-119.12036999999998"><ele>2884.396452895803</ele></trkpt><trkpt lat="37.68602" lon="-119.12002000000001"><ele>2888.0</ele></trkpt><trkpt lat="37.68599" lon="-119.11995999999999"><ele>2889.0032462226227</ele></trkpt><trkpt lat="37.68581" lon="-119.11999000000003"><ele>2893.0</ele></trkpt><trkpt lat="37.68506" lon="-119.12047000000001"><ele>2900.1173081243905</ele></trkpt><trkpt lat="37.68495" lon="-119.12056999999999"><ele>2901.0</ele></trkpt><trkpt lat="37.68465" lon="-119.12071000000003"><ele>2907.0</ele></trkpt><trkpt lat="37.68459" lon="-119.12081999999998"><ele>2906.9376265659316</ele></trkpt><trkpt lat="37.68436" lon="-119.12083000000001"><ele>2909.4583075549453</ele></trkpt><trkpt lat="37.68396" lon="-119.12099"><ele>2914.0</ele></trkpt><trkpt lat="37.6839" lon="-119.12099"><ele>2915.0</ele></trkpt><trkpt lat="37.68382" lon="-119.12106"><ele>2916.0</ele></trkpt><trkpt lat="37.68382" lon="-119.12106"><ele>2916.0</ele></trkpt><trkpt lat="37.68365" lon="-119.12110999999999"><ele>2918.217006414311</ele></trkpt><trkpt lat="37.68364" lon="-119.12104999999997"><ele>2919.300088907497</ele></trkpt><trkpt lat="37.68368" lon="-119.12098000000003"><ele>2920.7634865120053</ele></trkpt><trkpt lat="37.68365" lon="-119.12081"><ele>2923.0</ele></trkpt><trkpt lat="37.68368" lon="-119.12067000000002"><ele>2923.0</ele></trkpt><trkpt lat="37.68365" lon="-119.12031000000002"><ele>2928.6920639988966</ele></trkpt><trkpt lat="37.68352" lon="-119.12027999999998"><ele>2930.0</ele></trkpt><trkpt lat="37.68347" lon="-119.12029999999999"><ele>2930.109304003172</ele></trkpt><trkpt lat="37.68333" lon="-119.12017000000003"><ele>2929.0</ele></trkpt><trkpt lat="37.68312" lon="-119.11966000000001"><ele>2924.2555884192157</ele></trkpt><trkpt lat="37.68303" lon="-119.11960999999997"><ele>2923.0</ele></trkpt><trkpt lat="37.68285" lon="-119.11959999999999"><ele>2922.0</ele></trkpt><trkpt lat="37.68265" lon="-119.11973"><ele>2922.0</ele></trkpt><trkpt lat="37.68254" lon="-119.11975000000001"><ele>2923.2100444450043</ele></trkpt><trkpt lat="37.68247" lon="-119.11975000000001"><ele>2923.0</ele></trkpt><trkpt lat="37.68231" lon="-119.11968999999999"><ele>2924.0</ele></trkpt><trkpt lat="37.6821" lon="-119.11975999999999"><ele>2924.6760782217607</ele></trkpt><trkpt lat="37.68201" lon="-119.11973999999998"><ele>2924.0</ele></trkpt><trkpt lat="37.68181" lon="-119.11945000000003"><ele>2924.0</ele></trkpt><trkpt lat="37.68173" lon="-119.11919"><ele>2922.638175965948</ele></trkpt><trkpt lat="37.68142" lon="-119.11883999999998"><ele>2922.0</ele></trkpt><trkpt lat="37.68137" lon="-119.11872"><ele>2922.0</ele></trkpt><trkpt lat="37.68106" lon="-119.11849000000001"><ele>2924.0224493062533</ele></trkpt><trkpt lat="37.681" lon="-119.11838999999998"><ele>2924.5789544228464</ele></trkpt><trkpt lat="37.68101" lon="-119.11791"><ele>2929.0</ele></trkpt><trkpt lat="37.68098" lon="-119.11784"><ele>2930.0</ele></trkpt><trkpt lat="37.68091" lon="-119.11781000000002"><ele>2931.0</ele></trkpt><trkpt lat="37.68085" lon="-119.11784"><ele>2932.0</ele></trkpt><trkpt lat="37.68077" lon="-119.11777000000001"><ele>2933.0</ele></trkpt><trkpt lat="37.68073" lon="-119.11759"><ele>2935.216635122267</ele></trkpt><trkpt lat="37.68054" lon="-119.11752999999999"><ele>2938.0</ele></trkpt><trkpt lat="37.6803" lon="-119.11788000000001"><ele>2944.0</ele></trkpt><trkpt lat="37.68011" lon="-119.11752999999999"><ele>2948.0</ele></trkpt><trkpt lat="37.68006" lon="-119.11729000000003"><ele>2951.0</ele></trkpt><trkpt lat="37.67985" lon="-119.11739"><ele>2953.0</ele></trkpt><trkpt lat="37.67967" lon="-119.11736000000002"><ele>2954.0</ele></trkpt><trkpt lat="37.67941" lon="-119.11752999999999"><ele>2955.0</ele></trkpt><trkpt lat="37.67931" lon="-119.11775"><ele>2955.0</ele></trkpt><trkpt lat="37.67924" lon="-119.11782"><ele>2955.0</ele></trkpt><trkpt lat="37.67916" lon="-119.11786000000001"><ele>2955.0</ele></trkpt><trkpt lat="37.67903" lon="-119.11786000000001"><ele>2955.0</ele></trkpt><trkpt lat="37.67896" lon="-119.11791"><ele>2954.29667522572</ele></trkpt><trkpt lat="37.67874" lon="-119.11817000000002"><ele>2953.197397531727</ele></trkpt><trkpt lat="37.67867" lon="-119.11811999999998"><ele>2950.0543469243844</ele></trkpt><trkpt lat="37.6786" lon="-119.11779000000001"><ele>2945.0</ele></trkpt><trkpt lat="37.67854" lon="-119.11770999999999"><ele>2943.0</ele></trkpt><trkpt lat="37.67811" lon="-119.11793"><ele>2936.0963396732077</ele></trkpt><trkpt lat="37.67775" lon="-119.11795000000001"><ele>2932.3239644449204</ele></trkpt><trkpt lat="37.67752" lon="-119.11806000000001"><ele>2931.0</ele></trkpt><trkpt lat="37.67735" lon="-119.11808000000002"><ele>2930.3056916883925</ele></trkpt><trkpt lat="37.67724" lon="-119.11806000000001"><ele>2929.0098444279265</ele></trkpt><trkpt lat="37.67702" lon="-119.11784"><ele>2927.8150172096457</ele></trkpt><trkpt lat="37.67677" lon="-119.11775999999998"><ele>2925.0</ele></trkpt><trkpt lat="37.67667" lon="-119.11782"><ele>2922.455116111785</ele></trkpt><trkpt lat="37.67662" lon="-119.11788999999999"><ele>2921.5277617773972</ele></trkpt><trkpt lat="37.67644" lon="-119.11793"><ele>2919.912307422608</ele></trkpt><trkpt lat="37.67639" lon="-119.11802"><ele>2918.968224130571</ele></trkpt><trkpt lat="37.67627" lon="-119.11835000000002"><ele>2914.996615919608</ele></trkpt><trkpt lat="37.6762" lon="-119.11840000000001"><ele>2914.230692305578</ele></trkpt><trkpt lat="37.67615" lon="-119.11842999999999"><ele>2914.5802898966967</ele></trkpt><trkpt lat="37.67601" lon="-119.11831999999998"><ele>2911.0</ele></trkpt><trkpt lat="37.67594" lon="-119.11831000000001"><ele>2911.101180444937</ele></trkpt><trkpt lat="37.67587" lon="-119.11836"><ele>2911.150918572711</ele></trkpt><trkpt lat="37.67569" lon="-119.11833999999999"><ele>2907.0</ele></trkpt><trkpt lat="37.67567" lon="-119.11827"><ele>2905.2370453337207</ele></trkpt><trkpt lat="37.67577" lon="-119.11811"><ele>2903.0</ele></trkpt><trkpt lat="37.67576" lon="-119.11797999999999"><ele>2901.0</ele></trkpt><trkpt lat="37.67589" lon="-119.11766"><ele>2898.808984889183</ele></trkpt><trkpt lat="37.6759" lon="-119.1175"><ele>2898.0</ele></trkpt><trkpt lat="37.67586" lon="-119.11723999999998"><ele>2895.0</ele></trkpt><trkpt lat="37.67578" lon="-119.11714999999998"><ele>2893.0</ele></trkpt><trkpt lat="37.67567" lon="-119.11669"><ele>2889.742605724934</ele></trkpt><trkpt lat="37.67558" lon="-119.11655000000002"><ele>2889.274351231754</ele></trkpt><trkpt lat="37.67547" lon="-119.11646999999999"><ele>2887.8685352261327</ele></trkpt><trkpt lat="37.67532" lon="-119.11639000000002"><ele>2886.0</ele></trkpt><trkpt lat="37.67519" lon="-119.11639000000002"><ele>2886.0</ele></trkpt><trkpt lat="37.67508" lon="-119.11631999999997"><ele>2885.3006040874143</ele></trkpt><trkpt lat="37.67498" lon="-119.11633999999998"><ele>2885.0</ele></trkpt><trkpt lat="37.67469" lon="-119.11657000000002"><ele>2885.0</ele></trkpt><trkpt lat="37.67459" lon="-119.11655000000002"><ele>2886.0</ele></trkpt><trkpt lat="37.67451" lon="-119.11640999999997"><ele>2885.0</ele></trkpt><trkpt lat="37.67446" lon="-119.11626000000001"><ele>2885.0</ele></trkpt><trkpt lat="37.67442" lon="-119.11597999999998"><ele>2884.0</ele></trkpt><trkpt lat="37.67433" lon="-119.11577"><ele>2882.0</ele></trkpt><trkpt lat="37.67432" lon="-119.11561"><ele>2881.0</ele></trkpt><trkpt lat="37.67401" lon="-119.11500999999998"><ele>2881.0</ele></trkpt><trkpt lat="37.674" lon="-119.11487"><ele>2880.756643258035</ele></trkpt><trkpt lat="37.67401" lon="-119.11471"><ele>2879.3290204447694</ele></trkpt><trkpt lat="37.674006832715456" lon="-119.11468624536587"><ele>2879.0</ele></trkpt><trkpt lat="37.67401" lon="-119.11471"><ele>2879.3290204447694</ele></trkpt><trkpt lat="37.67401" lon="-119.11471"><ele>2879.3290204447694</ele></trkpt><trkpt lat="37.67399" lon="-119.11455999999998"><ele>2879.0</ele></trkpt><trkpt lat="37.67394" lon="-119.11446999999998"><ele>2880.0</ele></trkpt><trkpt lat="37.67394" lon="-119.11410000000001"><ele>2878.0</ele></trkpt><trkpt lat="37.6739" lon="-119.11401000000001"><ele>2878.0</ele></trkpt><trkpt lat="37.67371" lon="-119.11376999999999"><ele>2875.434038179729</ele></trkpt><trkpt lat="37.67371" lon="-119.11376999999999"><ele>2875.434038179729</ele></trkpt><trkpt lat="37.67323" lon="-119.11256000000003"><ele>2875.9185458632114</ele></trkpt><trkpt lat="37.67323" lon="-119.11241000000001"><ele>2873.128000036167</ele></trkpt><trkpt lat="37.67316" lon="-119.11234999999999"><ele>2871.8589544567617</ele></trkpt><trkpt lat="37.67311" lon="-119.11234999999999"><ele>2870.8956624040757</ele></trkpt><trkpt lat="37.67304" lon="-119.11244999999997"><ele>2871.0038738904377</ele></trkpt><trkpt lat="37.67284" lon="-119.11235999999997"><ele>2867.0</ele></trkpt><trkpt lat="37.6722" lon="-119.11135999999999"><ele>2855.0</ele></trkpt><trkpt lat="37.67199" lon="-119.11117000000002"><ele>2851.353063111659</ele></trkpt><trkpt lat="37.67176" lon="-119.11084"><ele>2847.0</ele></trkpt><trkpt lat="37.67161" lon="-119.11075"><ele>2848.0</ele></trkpt><trkpt lat="37.67155" lon="-119.11061000000001"><ele>2847.0</ele></trkpt><trkpt lat="37.67144" lon="-119.11052999999998"><ele>2846.2561802617493</ele></trkpt><trkpt lat="37.67144" lon="-119.11036999999999"><ele>2843.034209575217</ele></trkpt><trkpt lat="37.6713" lon="-119.11016999999998"><ele>2843.0</ele></trkpt><trkpt lat="37.67104" lon="-119.11003"><ele>2843.0</ele></trkpt><trkpt lat="37.67054" lon="-119.10989000000001"><ele>2839.0</ele></trkpt><trkpt lat="37.67013" lon="-119.10987"><ele>2836.0</ele></trkpt><trkpt lat="37.66966" lon="-119.10975000000002"><ele>2837.050638406578</ele></trkpt><trkpt lat="37.66922" lon="-119.10955000000001"><ele>2839.0</ele></trkpt><trkpt lat="37.66899" lon="-119.10933999999997"><ele>2838.0</ele></trkpt><trkpt lat="37.66896" lon="-119.10923000000003"><ele>2837.500502711162</ele></trkpt><trkpt lat="37.66888" lon="-119.10915999999997"><ele>2838.0</ele></trkpt><trkpt lat="37.66864" lon="-119.10910999999999"><ele>2836.0</ele></trkpt><trkpt lat="37.66844" lon="-119.10887000000002"><ele>2835.165294223465</ele></trkpt><trkpt lat="37.66834" lon="-119.10881999999998"><ele>2835.0</ele></trkpt><trkpt lat="37.66805" lon="-119.10852999999997"><ele>2834.0</ele></trkpt><trkpt lat="37.66799" lon="-119.10845"><ele>2834.0</ele></trkpt><trkpt lat="37.66796" lon="-119.10831999999999"><ele>2833.2912025455043</ele></trkpt><trkpt lat="37.6679" lon="-119.10827"><ele>2834.0</ele></trkpt><trkpt lat="37.66782" lon="-119.10822000000002"><ele>2834.0</ele></trkpt><trkpt lat="37.66766" lon="-119.10820999999999"><ele>2834.0</ele></trkpt><trkpt lat="37.66759" lon="-119.10815000000002"><ele>2834.0</ele></trkpt><trkpt lat="37.66746" lon="-119.10798999999997"><ele>2834.0</ele></trkpt><trkpt lat="37.66739" lon="-119.1078"><ele>2832.299680000171</ele></trkpt><trkpt lat="37.66719" lon="-119.10762999999997"><ele>2830.0</ele></trkpt><trkpt lat="37.66693" lon="-119.10729000000003"><ele>2829.0</ele></trkpt><trkpt lat="37.66668" lon="-119.10723000000002"><ele>2829.0</ele></trkpt><trkpt lat="37.66661" lon="-119.10725000000002"><ele>2829.8563261236995</ele></trkpt><trkpt lat="37.6665" lon="-119.10725000000002"><ele>2830.0</ele></trkpt><trkpt lat="37.66643" lon="-119.10717999999997"><ele>2829.6752196916104</ele></trkpt><trkpt lat="37.66643" lon="-119.10717999999997"><ele>2829.6752196916104</ele></trkpt><trkpt lat="37.66625" lon="-119.10693000000003"><ele>2827.0</ele></trkpt><trkpt lat="37.66618" lon="-119.10692"><ele>2827.0</ele></trkpt><trkpt lat="37.66592" lon="-119.10674"><ele>2825.0</ele></trkpt><trkpt lat="37.66553" lon="-119.10638"><ele>2825.0</ele></trkpt><trkpt lat="37.66546" lon="-119.10636"><ele>2825.190816000104</ele></trkpt><trkpt lat="37.66539" lon="-119.10627"><ele>2826.6818772312254</ele></trkpt><trkpt lat="37.66523" lon="-119.10613999999998"><ele>2827.9380728881806</ele></trkpt><trkpt lat="37.66516" lon="-119.10606000000001"><ele>2826.3857223695495</ele></trkpt><trkpt lat="37.66494" lon="-119.10570000000001"><ele>2831.0</ele></trkpt><trkpt lat="37.66494" lon="-119.10570000000001"><ele>2831.0</ele></trkpt><trkpt lat="37.66494" lon="-119.10570000000001"><ele>2831.0</ele></trkpt><trkpt lat="37.66481" lon="-119.10557"><ele>2830.374147555325</ele></trkpt><trkpt lat="37.66439" lon="-119.10532"><ele>2824.8465994219823</ele></trkpt><trkpt lat="37.6644" lon="-119.10519"><ele>2823.6648640003987</ele></trkpt><trkpt lat="37.66445" lon="-119.10505"><ele>2821.9810280892275</ele></trkpt><trkpt lat="37.66443" lon="-119.10500000000002"><ele>2819.8102222229354</ele></trkpt><trkpt lat="37.66433" lon="-119.10495000000003"><ele>2818.0</ele></trkpt><trkpt lat="37.66409" lon="-119.10495000000003"><ele>2814.3763611734844</ele></trkpt><trkpt lat="37.66394" lon="-119.10489000000001"><ele>2812.0</ele></trkpt><trkpt lat="37.66374" lon="-119.10480000000001"><ele>2811.0</ele></trkpt><trkpt lat="37.66363" lon="-119.10469"><ele>2810.0</ele></trkpt><trkpt lat="37.66339" lon="-119.10422"><ele>2805.0</ele></trkpt><trkpt lat="37.66335" lon="-119.10392000000002"><ele>2801.0</ele></trkpt><trkpt lat="37.66318" lon="-119.10366999999997"><ele>2800.6531538521617</ele></trkpt><trkpt lat="37.66315" lon="-119.10339999999997"><ele>2801.419296277956</ele></trkpt><trkpt lat="37.66306" lon="-119.10316"><ele>2801.0</ele></trkpt><trkpt lat="37.66299" lon="-119.10307999999998"><ele>2800.0</ele></trkpt><trkpt lat="37.66292" lon="-119.10302999999999"><ele>2799.0015679998323</ele></trkpt><trkpt lat="37.66265" lon="-119.10296"><ele>2796.0</ele></trkpt><trkpt lat="37.66252" lon="-119.10296"><ele>2794.8321588636545</ele></trkpt><trkpt lat="37.66242" lon="-119.10293000000001"><ele>2793.3412302229553</ele></trkpt><trkpt lat="37.66219" lon="-119.10297000000003"><ele>2790.94345676349</ele></trkpt><trkpt lat="37.66208" lon="-119.10296"><ele>2789.0</ele></trkpt><trkpt lat="37.6617" lon="-119.10284000000001"><ele>2783.0</ele></trkpt><trkpt lat="37.66157" lon="-119.10286000000002"><ele>2781.4744370857297</ele></trkpt><trkpt lat="37.66131" lon="-119.1028"><ele>2777.0348443124935</ele></trkpt><trkpt lat="37.66117" lon="-119.10280999999998"><ele>2774.66006509671</ele></trkpt><trkpt lat="37.66097" lon="-119.10288000000003"><ele>2773.0</ele></trkpt><trkpt lat="37.6609" lon="-119.10284000000001"><ele>2771.144973925302</ele></trkpt><trkpt lat="37.66064" lon="-119.10293999999999"><ele>2767.8072639997117</ele></trkpt><trkpt lat="37.66058" lon="-119.10291000000001"><ele>2767.0</ele></trkpt><trkpt lat="37.66055" lon="-119.10279000000003"><ele>2764.8868450422938</ele></trkpt><trkpt lat="37.66074" lon="-119.10255999999998"><ele>2761.055616179113</ele></trkpt><trkpt lat="37.66091" lon="-119.10223000000002"><ele>2757.413639690342</ele></trkpt><trkpt lat="37.66099" lon="-119.10214000000002"><ele>2756.809519582428</ele></trkpt><trkpt lat="37.66103" lon="-119.10201999999998"><ele>2754.596333663455</ele></trkpt><trkpt lat="37.66101" lon="-119.10187000000002"><ele>2752.4623465444893</ele></trkpt><trkpt lat="37.66103" lon="-119.10171000000003"><ele>2752.0</ele></trkpt><trkpt lat="37.66118" lon="-119.10154999999997"><ele>2751.013432052774</ele></trkpt><trkpt lat="37.6612" lon="-119.10145999999997"><ele>2750.0</ele></trkpt><trkpt lat="37.66119" lon="-119.10136"><ele>2749.8260728889145</ele></trkpt><trkpt lat="37.66111" lon="-119.10120999999998"><ele>2749.0</ele></trkpt><trkpt lat="37.6611" lon="-119.10113000000001"><ele>2747.455150223337</ele></trkpt><trkpt lat="37.66127" lon="-119.10106000000002"><ele>2746.1929137790576</ele></trkpt><trkpt lat="37.66136" lon="-119.10091999999997"><ele>2745.0445855838875</ele></trkpt><trkpt lat="37.66136" lon="-119.10075"><ele>2746.0</ele></trkpt><trkpt lat="37.66131" lon="-119.10066999999998"><ele>2746.121047568902</ele></trkpt><trkpt lat="37.66104" lon="-119.10061000000002"><ele>2744.0</ele></trkpt><trkpt lat="37.66072" lon="-119.10066"><ele>2740.0</ele></trkpt><trkpt lat="37.66064" lon="-119.10064"><ele>2740.0</ele></trkpt><trkpt lat="37.66051" lon="-119.10068999999999"><ele>2737.0277231726795</ele></trkpt><trkpt lat="37.66045" lon="-119.10075"><ele>2736.0</ele></trkpt><trkpt lat="37.66039" lon="-119.10077000000001"><ele>2735.0</ele></trkpt><trkpt lat="37.66029" lon="-119.10063000000002"><ele>2734.0</ele></trkpt><trkpt lat="37.66028" lon="-119.10052999999999"><ele>2733.4878629930317</ele></trkpt><trkpt lat="37.66009" lon="-119.10037"><ele>2729.011077100637</ele></trkpt><trkpt lat="37.66011" lon="-119.10021"><ele>2729.0</ele></trkpt><trkpt lat="37.65986" lon="-119.09974"><ele>2722.0</ele></trkpt><trkpt lat="37.65986" lon="-119.09965999999997"><ele>2722.0</ele></trkpt><trkpt lat="37.65982" lon="-119.09960000000001"><ele>2721.062049550893</ele></trkpt><trkpt lat="37.65965" lon="-119.09956"><ele>2719.573160273</ele></trkpt><trkpt lat="37.65949" lon="-119.09960000000001"><ele>2718.0</ele></trkpt><trkpt lat="37.6594" lon="-119.09956"><ele>2717.0</ele></trkpt><trkpt lat="37.65897" lon="-119.09899999999999"><ele>2708.0</ele></trkpt><trkpt lat="37.65882" lon="-119.09884999999997"><ele>2707.0</ele></trkpt><trkpt lat="37.65875" lon="-119.09875"><ele>2706.0</ele></trkpt><trkpt lat="37.65852" lon="-119.09857"><ele>2702.7474610584286</ele></trkpt><trkpt lat="37.65843" lon="-119.09852000000001"><ele>2701.924866937387</ele></trkpt><trkpt lat="37.65835" lon="-119.09852000000001"><ele>2700.0</ele></trkpt><trkpt lat="37.6582" lon="-119.09841"><ele>2698.3354174745987</ele></trkpt><trkpt lat="37.65814" lon="-119.09821999999997"><ele>2697.0</ele></trkpt><trkpt lat="37.65797" lon="-119.09794"><ele>2696.0</ele></trkpt><trkpt lat="37.65792" lon="-119.09789999999998"><ele>2695.481725051057</ele></trkpt><trkpt lat="37.65765" lon="-119.09791000000001"><ele>2693.6077262214385</ele></trkpt><trkpt lat="37.65732" lon="-119.09815000000003"><ele>2689.5611232260812</ele></trkpt><trkpt lat="37.6572" lon="-119.09818000000001"><ele>2688.0</ele></trkpt><trkpt lat="37.65709" lon="-119.09816000000001"><ele>2686.0</ele></trkpt><trkpt lat="37.65687" lon="-119.09807999999998"><ele>2683.9211745478965</ele></trkpt><trkpt lat="37.65673" lon="-119.09806000000003"><ele>2682.508384708315</ele></trkpt><trkpt lat="37.65664" lon="-119.09809999999999"><ele>2681.8050461694197</ele></trkpt><trkpt lat="37.65625" lon="-119.09791000000001"><ele>2675.7068818179796</ele></trkpt><trkpt lat="37.65619" lon="-119.09784000000002"><ele>2675.0</ele></trkpt><trkpt lat="37.65608" lon="-119.09776999999997"><ele>2674.0</ele></trkpt><trkpt lat="37.6559" lon="-119.09775000000002"><ele>2672.0</ele></trkpt><trkpt lat="37.65585" lon="-119.09778"><ele>2671.0</ele></trkpt><trkpt lat="37.65561" lon="-119.09776"><ele>2668.8308176738956</ele></trkpt><trkpt lat="37.65556" lon="-119.09771"><ele>2668.6356473136693</ele></trkpt><trkpt lat="37.6554" lon="-119.09770000000003"><ele>2666.525986959737</ele></trkpt><trkpt lat="37.65514" lon="-119.09789999999998"><ele>2660.9123652707785</ele></trkpt><trkpt lat="37.65494" lon="-119.09825999999998"><ele>2656.139422973618</ele></trkpt><trkpt lat="37.65492" lon="-119.09878000000003"><ele>2651.0</ele></trkpt><trkpt lat="37.65484" lon="-119.09910000000002"><ele>2649.0</ele></trkpt><trkpt lat="37.65479" lon="-119.09919000000002"><ele>2647.0</ele></trkpt><trkpt lat="37.65474" lon="-119.09922"><ele>2646.0</ele></trkpt><trkpt lat="37.65448" lon="-119.09902999999997"><ele>2641.0617760326713</ele></trkpt><trkpt lat="37.65401" lon="-119.09843000000001"><ele>2633.3956578448415</ele></trkpt><trkpt lat="37.65392" lon="-119.09843000000001"><ele>2633.0</ele></trkpt><trkpt lat="37.6537" lon="-119.09829000000002"><ele>2632.0</ele></trkpt><trkpt lat="37.65347" lon="-119.09827000000001"><ele>2627.830510220956</ele></trkpt><trkpt lat="37.65339" lon="-119.09820000000002"><ele>2626.9094518806633</ele></trkpt><trkpt lat="37.65323" lon="-119.09794999999997"><ele>2625.22565203486</ele></trkpt><trkpt lat="37.65311" lon="-119.09787"><ele>2626.0</ele></trkpt><trkpt lat="37.65278" lon="-119.09771999999998"><ele>2621.0</ele></trkpt><trkpt lat="37.65255" lon="-119.09753999999998"><ele>2616.918814119981</ele></trkpt><trkpt lat="37.65224" lon="-119.09737000000001"><ele>2613.1607479872755</ele></trkpt><trkpt lat="37.65203" lon="-119.09728000000001"><ele>2611.0</ele></trkpt><trkpt lat="37.65182109758766" lon="-119.09726741551731"><ele>2608.0</ele></trkpt><trkpt lat="37.65180183566919" lon="-119.09726625510507"><ele>2608.0</ele></trkpt><trkpt lat="37.6512" lon="-119.09722999999997"><ele>2601.0</ele></trkpt><trkpt lat="37.65106" lon="-119.09717"><ele>2598.7741152085746</ele></trkpt><trkpt lat="37.65093" lon="-119.09704999999997"><ele>2597.0986212305725</ele></trkpt><trkpt lat="37.65075" lon="-119.09681999999998"><ele>2594.0</ele></trkpt><trkpt lat="37.65066" lon="-119.09676999999999"><ele>2592.151571254077</ele></trkpt><trkpt lat="37.6505" lon="-119.09674999999999"><ele>2589.9296301857134</ele></trkpt><trkpt lat="37.65029" lon="-119.09663999999998"><ele>2588.0</ele></trkpt><trkpt lat="37.65011" lon="-119.09662000000003"><ele>2584.6044615007954</ele></trkpt><trkpt lat="37.64995" lon="-119.09647000000001"><ele>2584.0</ele></trkpt><trkpt lat="37.64978" lon="-119.09644000000003"><ele>2581.0468484884095</ele></trkpt><trkpt lat="37.64962" lon="-119.09635000000003"><ele>2579.684645238695</ele></trkpt><trkpt lat="37.64932" lon="-119.09623999999997"><ele>2575.6232251254523</ele></trkpt><trkpt lat="37.64916" lon="-119.09622000000002"><ele>2572.9462888635157</ele></trkpt><trkpt lat="37.64903" lon="-119.09614999999997"><ele>2572.0</ele></trkpt><trkpt lat="37.64903" lon="-119.09614999999997"><ele>2572.0</ele></trkpt><trkpt lat="37.64877" lon="-119.09602000000001"><ele>2570.660400349373</ele></trkpt><trkpt lat="37.64855" lon="-119.09602000000001"><ele>2566.007298440645</ele></trkpt><trkpt lat="37.64837" lon="-119.09595999999999"><ele>2565.2014243880035</ele></trkpt><trkpt lat="37.64816" lon="-119.09584000000001"><ele>2565.0767182214186</ele></trkpt><trkpt lat="37.64769" lon="-119.09575999999998"><ele>2557.8049884452485</ele></trkpt><trkpt lat="37.64735" lon="-119.09557000000001"><ele>2554.7888673920143</ele></trkpt><trkpt lat="37.64693" lon="-119.09544"><ele>2550.3772167596035</ele></trkpt><trkpt lat="37.64639" lon="-119.09521000000001"><ele>2545.382585508224</ele></trkpt><trkpt lat="37.64601" lon="-119.09517"><ele>2540.657384394123</ele></trkpt><trkpt lat="37.64585" lon="-119.09519"><ele>2538.0</ele></trkpt><trkpt lat="37.64575" lon="-119.09514999999999"><ele>2538.0</ele></trkpt><trkpt lat="37.64536" lon="-119.09512000000001"><ele>2533.159440555523</ele></trkpt><trkpt lat="37.64511" lon="-119.09512999999998"><ele>2530.0</ele></trkpt><trkpt lat="37.64506" lon="-119.09519999999998"><ele>2527.0</ele></trkpt><trkpt lat="37.64527" lon="-119.09542999999996"><ele>2526.0</ele></trkpt><trkpt lat="37.64552" lon="-119.09564"><ele>2522.397393777501</ele></trkpt><trkpt lat="37.64571" lon="-119.09573999999998"><ele>2520.0</ele></trkpt><trkpt lat="37.64578" lon="-119.09593999999998"><ele>2517.4163804445416</ele></trkpt><trkpt lat="37.64595" lon="-119.09602999999998"><ele>2516.0</ele></trkpt><trkpt lat="37.64604" lon="-119.09629000000001"><ele>2513.3517957460685</ele></trkpt><trkpt lat="37.64626" lon="-119.09663"><ele>2511.0</ele></trkpt><trkpt lat="37.64632" lon="-119.09699999999998"><ele>2506.0041035352565</ele></trkpt><trkpt lat="37.64655" lon="-119.09726"><ele>2501.2637283111235</ele></trkpt><trkpt lat="37.64661" lon="-119.09762"><ele>2498.9472430734895</ele></trkpt><trkpt lat="37.64668" lon="-119.09782999999999"><ele>2497.0</ele></trkpt><trkpt lat="37.64671" lon="-119.09833000000003"><ele>2491.024370173697</ele></trkpt><trkpt lat="37.64694" lon="-119.09865000000002"><ele>2488.0</ele></trkpt><trkpt lat="37.6473" lon="-119.09886"><ele>2483.0</ele></trkpt><trkpt lat="37.64748" lon="-119.09908000000001"><ele>2480.0</ele></trkpt><trkpt lat="37.64746" lon="-119.09926999999999"><ele>2478.0</ele></trkpt><trkpt lat="37.64736" lon="-119.09946000000002"><ele>2478.0</ele></trkpt><trkpt lat="37.64709" lon="-119.09974"><ele>2477.0</ele></trkpt><trkpt lat="37.647" lon="-119.09976"><ele>2476.0</ele></trkpt><trkpt lat="37.647" lon="-119.09976"><ele>2476.0</ele></trkpt><trkpt lat="37.647" lon="-119.09976"><ele>2476.0</ele></trkpt><trkpt lat="37.64676" lon="-119.09962000000002"><ele>2476.0</ele></trkpt><trkpt lat="37.6465" lon="-119.09938"><ele>2475.58436262028</ele></trkpt><trkpt lat="37.64616" lon="-119.09896000000003"><ele>2475.2282125320057</ele></trkpt><trkpt lat="37.64568" lon="-119.09857"><ele>2477.0</ele></trkpt><trkpt lat="37.64547" lon="-119.09848999999997"><ele>2476.6930796940505</ele></trkpt><trkpt lat="37.64529" lon="-119.09836999999999"><ele>2477.719769007622</ele></trkpt><trkpt lat="37.64509" lon="-119.09830999999997"><ele>2478.0</ele></trkpt><trkpt lat="37.64501" lon="-119.09830999999997"><ele>2477.966375112068</ele></trkpt><trkpt lat="37.64452" lon="-119.09794"><ele>2482.0</ele></trkpt><trkpt lat="37.64427" lon="-119.09764999999999"><ele>2483.0</ele></trkpt><trkpt lat="37.64415" lon="-119.09746000000001"><ele>2482.0</ele></trkpt><trkpt lat="37.64408" lon="-119.09726999999998"><ele>2481.95259250969</ele></trkpt><trkpt lat="37.64395" lon="-119.09716000000003"><ele>2481.0</ele></trkpt><trkpt lat="37.64377" lon="-119.09704999999997"><ele>2480.0</ele></trkpt><trkpt lat="37.64362" lon="-119.0969"><ele>2481.0</ele></trkpt><trkpt lat="37.643433293635226" lon="-119.09648769011108"><ele>2482.0</ele></trkpt><trkpt lat="37.643433293635226" lon="-119.09648769011108"><ele>2482.0</ele></trkpt><trkpt lat="37.64338" lon="-119.09636999999998"><ele>2483.0</ele></trkpt><trkpt lat="37.64327" lon="-119.09627"><ele>2484.0</ele></trkpt><trkpt lat="37.64283" lon="-119.09607"><ele>2480.1241502782373</ele></trkpt><trkpt lat="37.64268" lon="-119.09590000000003"><ele>2479.1454750932426</ele></trkpt><trkpt lat="37.64256" lon="-119.09550000000002"><ele>2474.4985181969314</ele></trkpt><trkpt lat="37.64244" lon="-119.09546"><ele>2473.0</ele></trkpt><trkpt lat="37.64231" lon="-119.09546"><ele>2471.797474358003</ele></trkpt><trkpt lat="37.64219" lon="-119.09563000000003"><ele>2470.0</ele></trkpt><trkpt lat="37.6421" lon="-119.09584999999998"><ele>2469.7597459965336</ele></trkpt><trkpt lat="37.64197" lon="-119.09599000000003"><ele>2468.063090340977</ele></trkpt><trkpt lat="37.6418" lon="-119.09600999999998"><ele>2466.0</ele></trkpt><trkpt lat="37.64173786910914" lon="-119.09595369388018"><ele>2466.9300837200135</ele></trkpt><trkpt lat="37.64173786910914" lon="-119.09595369388018"><ele>2466.9300837200135</ele></trkpt><trkpt lat="37.64148" lon="-119.09572000000003"><ele>2469.0</ele></trkpt><trkpt lat="37.64125" lon="-119.09564999999998"><ele>2469.0</ele></trkpt><trkpt lat="37.64098" lon="-119.09537999999998"><ele>2469.0</ele></trkpt><trkpt lat="37.64084" lon="-119.09499"><ele>2469.0</ele></trkpt><trkpt lat="37.64074" lon="-119.09482000000003"><ele>2469.0</ele></trkpt><trkpt lat="37.64069" lon="-119.09451999999999"><ele>2469.8377243374953</ele></trkpt><trkpt lat="37.64069" lon="-119.09438"><ele>2470.0</ele></trkpt><trkpt lat="37.64067" lon="-119.09424000000001"><ele>2470.0</ele></trkpt><trkpt lat="37.64036" lon="-119.09384999999997"><ele>2473.0</ele></trkpt><trkpt lat="37.64036" lon="-119.09384999999997"><ele>2473.0</ele></trkpt><trkpt lat="37.64033" lon="-119.09374000000003"><ele>2472.056188446004</ele></trkpt><trkpt lat="37.64034" lon="-119.09364"><ele>2472.0</ele></trkpt><trkpt lat="37.64029" lon="-119.09348999999997"><ele>2471.0</ele></trkpt><trkpt lat="37.64028" lon="-119.09334999999999"><ele>2469.0</ele></trkpt><trkpt lat="37.64031" lon="-119.09321999999997"><ele>2468.0</ele></trkpt><trkpt lat="37.64049" lon="-119.09314"><ele>2466.035006238239</ele></trkpt><trkpt lat="37.64047" lon="-119.09291000000002"><ele>2463.0</ele></trkpt><trkpt lat="37.64023" lon="-119.0926"><ele>2460.0</ele></trkpt><trkpt lat="37.64017" lon="-119.09246999999999"><ele>2458.896536172557</ele></trkpt><trkpt lat="37.6399" lon="-119.09222"><ele>2453.219054222107</ele></trkpt><trkpt lat="37.63981" lon="-119.09219999999999"><ele>2452.2869866667315</ele></trkpt><trkpt lat="37.63973" lon="-119.09210999999999"><ele>2449.092682666611</ele></trkpt><trkpt lat="37.63971" lon="-119.09204"><ele>2448.0</ele></trkpt><trkpt lat="37.63989" lon="-119.09199000000001"><ele>2445.15832130718</ele></trkpt><trkpt lat="37.63992" lon="-119.09190999999998"><ele>2443.0</ele></trkpt><trkpt lat="37.63938" lon="-119.09186999999997"><ele>2443.0</ele></trkpt><trkpt lat="37.63909" lon="-119.09180000000003"><ele>2441.0</ele></trkpt><trkpt lat="37.63909" lon="-119.09180000000003"><ele>2441.0</ele></trkpt><trkpt lat="37.63893" lon="-119.09180000000003"><ele>2440.0</ele></trkpt><trkpt lat="37.63893" lon="-119.09180000000003"><ele>2440.0</ele></trkpt><trkpt lat="37.63861" lon="-119.09183999999999"><ele>2435.0</ele></trkpt><trkpt lat="37.63858" lon="-119.09180000000003"><ele>2434.142105965499</ele></trkpt><trkpt lat="37.63858" lon="-119.09180000000003"><ele>2434.142105965499</ele></trkpt><trkpt lat="37.6385" lon="-119.0917"><ele>2430.4808533476275</ele></trkpt><trkpt lat="37.63837" lon="-119.09171000000003"><ele>2429.861269654706</ele></trkpt><trkpt lat="37.63829" lon="-119.09180000000003"><ele>2429.0</ele></trkpt><trkpt lat="37.63829" lon="-119.09180000000003"><ele>2429.0</ele></trkpt><trkpt lat="37.63818" lon="-119.09201999999999"><ele>2426.577877323609</ele></trkpt><trkpt lat="37.63811" lon="-119.09208000000001"><ele>2423.559906024486</ele></trkpt><trkpt lat="37.63801" lon="-119.09210000000002"><ele>2422.0</ele></trkpt><trkpt lat="37.63787" lon="-119.09199000000001"><ele>2418.0</ele></trkpt><trkpt lat="37.63764" lon="-119.09197"><ele>2414.3885613615935</ele></trkpt><trkpt lat="37.63766" lon="-119.09180000000003"><ele>2413.0496514414535</ele></trkpt><trkpt lat="37.63766" lon="-119.09180000000003"><ele>2413.0496514414535</ele></trkpt><trkpt lat="37.63764" lon="-119.09168999999997"><ele>2410.951870912273</ele></trkpt><trkpt lat="37.63757" lon="-119.09163999999998"><ele>2409.0</ele></trkpt><trkpt lat="37.63745" lon="-119.09162000000003"><ele>2408.0</ele></trkpt><trkpt lat="37.63739" lon="-119.09165000000002"><ele>2408.0</ele></trkpt><trkpt lat="37.63732" lon="-119.09174999999999"><ele>2408.0213349061673</ele></trkpt><trkpt lat="37.63693" lon="-119.09172000000001"><ele>2404.10634893489</ele></trkpt><trkpt lat="37.63679" lon="-119.09163999999998"><ele>2402.0</ele></trkpt><trkpt lat="37.63661" lon="-119.09162000000003"><ele>2401.0</ele></trkpt><trkpt lat="37.63645" lon="-119.09163999999998"><ele>2400.0</ele></trkpt><trkpt lat="37.63625" lon="-119.09158000000002"><ele>2397.0978663321584</ele></trkpt><trkpt lat="37.63589" lon="-119.09135000000003"><ele>2392.0</ele></trkpt><trkpt lat="37.63585" lon="-119.09127999999998"><ele>2391.2298288511847</ele></trkpt><trkpt lat="37.63584" lon="-119.09116"><ele>2390.0</ele></trkpt><trkpt lat="37.63587" lon="-119.09099000000003"><ele>2387.896899557207</ele></trkpt><trkpt lat="37.63613" lon="-119.09071"><ele>2384.0</ele></trkpt><trkpt lat="37.63656" lon="-119.09048999999999"><ele>2377.8618254354074</ele></trkpt><trkpt lat="37.63654" lon="-119.09037999999998"><ele>2376.8356518782675</ele></trkpt><trkpt lat="37.63634" lon="-119.09032000000002"><ele>2376.0</ele></trkpt><trkpt lat="37.63609" lon="-119.09019"><ele>2372.614197333809</ele></trkpt><trkpt lat="37.63595" lon="-119.09019"><ele>2371.614197333809</ele></trkpt><trkpt lat="37.63563" lon="-119.09026"><ele>2368.8764337780885</ele></trkpt><trkpt lat="37.63545" lon="-119.09024"><ele>2368.944366222713</ele></trkpt><trkpt lat="37.63531" lon="-119.09027000000003"><ele>2368.2669134680173</ele></trkpt><trkpt lat="37.6352050981252" lon="-119.09024139039775"><ele>2366.0</ele></trkpt><trkpt lat="37.63519171566968" lon="-119.09024473390502"><ele>2366.0</ele></trkpt><trkpt lat="37.63513" lon="-119.09028"><ele>2365.6576656810894</ele></trkpt><trkpt lat="37.63496" lon="-119.09019999999998"><ele>2361.0</ele></trkpt><trkpt lat="37.63465" lon="-119.09015999999997"><ele>2354.2160959984176</ele></trkpt><trkpt lat="37.63458" lon="-119.09012000000001"><ele>2352.3519608895294</ele></trkpt><trkpt lat="37.6341" lon="-119.08967000000001"><ele>2347.4274212475866</ele></trkpt><trkpt lat="37.63402" lon="-119.08963"><ele>2348.0</ele></trkpt><trkpt lat="37.63336" lon="-119.08956999999998"><ele>2348.0</ele></trkpt><trkpt lat="37.63328" lon="-119.08943999999997"><ele>2348.1073834245044</ele></trkpt><trkpt lat="37.63301" lon="-119.08918"><ele>2342.2334945491575</ele></trkpt><trkpt lat="37.63291" lon="-119.08893"><ele>2338.0</ele></trkpt><trkpt lat="37.63291" lon="-119.08893"><ele>2338.0</ele></trkpt><trkpt lat="37.63275" lon="-119.08850000000001"><ele>2337.0</ele></trkpt><trkpt lat="37.63272" lon="-119.08820000000003"><ele>2336.0</ele></trkpt><trkpt lat="37.63238" lon="-119.08774"><ele>2334.0</ele></trkpt><trkpt lat="37.63219" lon="-119.08763999999996"><ele>2330.0</ele></trkpt><trkpt lat="37.63188" lon="-119.08756"><ele>2329.0</ele></trkpt><trkpt lat="37.63163" lon="-119.08742000000001"><ele>2327.5228408896364</ele></trkpt><trkpt lat="37.63163" lon="-119.08742000000001"><ele>2327.5228408896364</ele></trkpt><trkpt lat="37.63133" lon="-119.08722999999998"><ele>2329.0</ele></trkpt><trkpt lat="37.63082" lon="-119.08744999999999"><ele>2328.0</ele></trkpt><trkpt lat="37.63048" lon="-119.08733999999998"><ele>2320.0</ele></trkpt><trkpt lat="37.63025" lon="-119.08737000000002"><ele>2317.0</ele></trkpt><trkpt lat="37.62975" lon="-119.08726999999999"><ele>2311.5323342219926</ele></trkpt><trkpt lat="37.62936" lon="-119.08704"><ele>2306.0</ele></trkpt><trkpt lat="37.62929" lon="-119.08686999999998"><ele>2306.0</ele></trkpt><trkpt lat="37.62915" lon="-119.08683000000002"><ele>2305.0</ele></trkpt><trkpt lat="37.62861" lon="-119.08697999999998"><ele>2306.0173546657898</ele></trkpt><trkpt lat="37.62845" lon="-119.08690999999999"><ele>2305.0</ele></trkpt><trkpt lat="37.62804" lon="-119.08688999999998"><ele>2306.0267376063757</ele></trkpt><trkpt lat="37.62793" lon="-119.08681999999999"><ele>2308.0</ele></trkpt><trkpt lat="37.6276" lon="-119.08677"><ele>2309.0</ele></trkpt><trkpt lat="37.62749" lon="-119.08650999999998"><ele>2311.0</ele></trkpt><trkpt lat="37.62746" lon="-119.08640000000003"><ele>2311.0</ele></trkpt><trkpt lat="37.62739" lon="-119.08632999999998"><ele>2312.0</ele></trkpt><trkpt lat="37.62739" lon="-119.08632999999998"><ele>2312.0</ele></trkpt><trkpt lat="37.62739" lon="-119.08632999999998"><ele>2312.0</ele></trkpt><trkpt lat="37.62742" lon="-119.08618000000001"><ele>2309.0</ele></trkpt><trkpt lat="37.62724" lon="-119.08584000000002"><ele>2302.9963935529813</ele></trkpt><trkpt lat="37.62721" lon="-119.08584000000002"><ele>2304.761673831381</ele></trkpt><trkpt lat="37.62721" lon="-119.08584000000002"><ele>2304.761673831381</ele></trkpt><trkpt lat="37.62716812515347" lon="-119.08563760490841"><ele>2301.0</ele></trkpt><trkpt lat="37.627168202777405" lon="-119.08563798006605"><ele>2301.0</ele></trkpt><trkpt lat="37.62715" lon="-119.08555000000001"><ele>2302.2518966745647</ele></trkpt><trkpt lat="37.62715" lon="-119.08555000000001"><ele>2302.2518966745647</ele></trkpt><trkpt lat="37.62717" lon="-119.08542"><ele>2305.15447974346</ele></trkpt><trkpt lat="37.62711" lon="-119.08517999999998"><ele>2306.211593452265</ele></trkpt><trkpt lat="37.62711" lon="-119.08517999999998"><ele>2306.211593452265</ele></trkpt><trkpt lat="37.62711" lon="-119.08517999999998"><ele>2306.211593452265</ele></trkpt><trkpt lat="37.62728" lon="-119.08492999999999"><ele>2309.0</ele></trkpt><trkpt lat="37.62728" lon="-119.08492999999999"><ele>2309.0</ele></trkpt><trkpt lat="37.62743" lon="-119.08472999999998"><ele>2308.0</ele></trkpt><trkpt lat="37.62805" lon="-119.08428000000004"><ele>2308.811765331775</ele></trkpt><trkpt lat="37.62877" lon="-119.08391"><ele>2307.0550151104107</ele></trkpt><trkpt lat="37.62894" lon="-119.08393999999998"><ele>2304.0</ele></trkpt><trkpt lat="37.62907" lon="-119.08406000000002"><ele>2303.0</ele></trkpt><trkpt lat="37.62919" lon="-119.08434"><ele>2303.0</ele></trkpt><trkpt lat="37.62959" lon="-119.08460000000002"><ele>2304.0</ele></trkpt><trkpt lat="37.62998" lon="-119.08460000000002"><ele>2305.0</ele></trkpt><trkpt lat="37.62998" lon="-119.08460000000002"><ele>2305.0</ele></trkpt><trkpt lat="37.62998275156779" lon="-119.08460412735167"><ele>2305.0</ele></trkpt></trkseg></trk></gpx>