<?xml version="1.0"?>
<gpx xmlns="http://www.topografix.com/GPX/1/1" xmlns:gpxx="http://www.garmin.com/xmlschemas/GpxExtensions/v3" creator="CALTOPO" version="1.1"><metadata><name><![CDATA[Thousand Island-Agnew Meadows]]></name></metadata><wpt lat="37.654239391285266" lon="-119.05780832166539"><name>Minaret Summit Parking</name></wpt><wpt lat="37.68131311146727" lon="-119.09531145323885"><name>Camp 1</name></wpt><wpt lat="37.728185578705684" lon="-119.15016584527369"><name>Camp 2</name></wpt><trk><name>Thousand Island-Agnew Meadows</name><trkseg><trkpt lat="37.65426337689437" lon="-119.05779630425639"><ele>2798.0</ele></trkpt><trkpt lat="37.65423994418439" lon="-119.05779483426363"><ele>2798.0</ele></trkpt><trkpt lat="37.654140204355485" lon="-119.05779649659405"><ele>2798.0</ele></trkpt><trkpt lat="37.654144572139494" lon="-119.05779642379923"><ele>2798.0</ele></trkpt><trkpt lat="37.653999992129656" lon="-119.05779883346452"><ele>2797.0</ele></trkpt><trkpt lat="37.654" lon="-119.05779999999999"><ele>2797.0</ele></trkpt><trkpt lat="37.65405" lon="-119.05799999999999"><ele>2797.0</ele></trkpt><trkpt lat="37.65405" lon="-119.05799999999999"><ele>2797.0</ele></trkpt><trkpt lat="37.65404" lon="-119.05824999999999"><ele>2796.1615750510246</ele></trkpt><trkpt lat="37.65404" lon="-119.05824999999999"><ele>2796.1615750510246</ele></trkpt><trkpt lat="37.65404" lon="-119.05824999999999"><ele>2796.1615750510246</ele></trkpt><trkpt lat="37.65398" lon="-119.05845"><ele>2795.0</ele></trkpt><trkpt lat="37.65383" lon="-119.05865"><ele>2793.0</ele></trkpt><trkpt lat="37.65383" lon="-119.05865"><ele>2793.0</ele></trkpt><trkpt lat="37.65359" lon="-119.05885999999998"><ele>2791.0</ele></trkpt><trkpt lat="37.653574774651446" lon="-119.05888827564729"><ele>2791.0</ele></trkpt><trkpt lat="37.653566183599885" lon="-119.05890423047111"><ele>2791.0</ele></trkpt><trkpt lat="37.65352" lon="-119.05899"><ele>2790.0</ele></trkpt><trkpt lat="37.65327" lon="-119.05965000000003"><ele>2785.0</ele></trkpt><trkpt lat="37.6532" lon="-119.05993000000001"><ele>2783.0</ele></trkpt><trkpt lat="37.65318" lon="-119.06024000000002"><ele>2781.0</ele></trkpt><trkpt lat="37.65323" lon="-119.06142"><ele>2774.0</ele></trkpt><trkpt lat="37.65322" lon="-119.06193999999999"><ele>2770.099242317045</ele></trkpt><trkpt lat="37.65326" lon="-119.06212"><ele>2769.0</ele></trkpt><trkpt lat="37.6534" lon="-119.06239"><ele>2767.0</ele></trkpt><trkpt lat="37.65363" lon="-119.06272999999999"><ele>2764.0</ele></trkpt><trkpt lat="37.65376" lon="-119.06281000000001"><ele>2763.0</ele></trkpt><trkpt lat="37.65446" lon="-119.06311"><ele>2757.0</ele></trkpt><trkpt lat="37.6554" lon="-119.06344000000001"><ele>2748.0</ele></trkpt><trkpt lat="37.65554" lon="-119.06353999999999"><ele>2747.0</ele></trkpt><trkpt lat="37.65568" lon="-119.06360999999998"><ele>2745.0</ele></trkpt><trkpt lat="37.656" lon="-119.06371000000001"><ele>2742.0</ele></trkpt><trkpt lat="37.65648" lon="-119.06401"><ele>2738.0</ele></trkpt><trkpt lat="37.65707" lon="-119.06421999999998"><ele>2732.0</ele></trkpt><trkpt lat="37.65712" lon="-119.06429000000003"><ele>2732.0</ele></trkpt><trkpt lat="37.65723" lon="-119.06453999999997"><ele>2730.0</ele></trkpt><trkpt lat="37.65735" lon="-119.06468000000001"><ele>2729.0</ele></trkpt><trkpt lat="37.65767780932498" lon="-119.06495960207133"><ele>2726.0</ele></trkpt><trkpt lat="37.65769" lon="-119.06497000000002"><ele>2726.0</ele></trkpt><trkpt lat="37.65769" lon="-119.06497000000002"><ele>2726.0</ele></trkpt><trkpt lat="37.65788" lon="-119.06502"><ele>2725.0</ele></trkpt><trkpt lat="37.65843" lon="-119.06504999999999"><ele>2719.0</ele></trkpt><trkpt lat="37.65922" lon="-119.06495000000001"><ele>2711.0</ele></trkpt><trkpt lat="37.65944" lon="-119.06488999999999"><ele>2708.0</ele></trkpt><trkpt lat="37.6598" lon="-119.06474000000003"><ele>2705.0</ele></trkpt><trkpt lat="37.66027" lon="-119.06443999999999"><ele>2700.058198525418</ele></trkpt><trkpt lat="37.66058" lon="-119.06432000000001"><ele>2696.9977440235048</ele></trkpt><trkpt lat="37.661" lon="-119.06398999999999"><ele>2693.0</ele></trkpt><trkpt lat="37.66139" lon="-119.06393000000003"><ele>2689.0</ele></trkpt><trkpt lat="37.66153" lon="-119.06394"><ele>2687.0</ele></trkpt><trkpt lat="37.66174" lon="-119.06401"><ele>2685.0</ele></trkpt><trkpt lat="37.66195" lon="-119.0641"><ele>2682.2000248134136</ele></trkpt><trkpt lat="37.66254" lon="-119.06443000000002"><ele>2677.0</ele></trkpt><trkpt lat="37.66326" lon="-119.06466999999998"><ele>2669.0</ele></trkpt><trkpt lat="37.66386" lon="-119.06502"><ele>2664.0</ele></trkpt><trkpt lat="37.66433" lon="-119.06513000000001"><ele>2661.0</ele></trkpt><trkpt lat="37.66463" lon="-119.06527"><ele>2658.0</ele></trkpt><trkpt lat="37.66496" lon="-119.06561999999997"><ele>2654.0</ele></trkpt><trkpt lat="37.66519" lon="-119.06591000000003"><ele>2650.0</ele></trkpt><trkpt lat="37.66533" lon="-119.06612000000001"><ele>2648.0</ele></trkpt><trkpt lat="37.66568" lon="-119.06690000000003"><ele>2642.0</ele></trkpt><trkpt lat="37.66577" lon="-119.06704000000002"><ele>2641.0</ele></trkpt><trkpt lat="37.6661" lon="-119.06725"><ele>2638.0</ele></trkpt><trkpt lat="37.66643" lon="-119.06736999999998"><ele>2634.0</ele></trkpt><trkpt lat="37.66643" lon="-119.06736999999998"><ele>2634.0</ele></trkpt><trkpt lat="37.66655" lon="-119.06754999999998"><ele>2632.0</ele></trkpt><trkpt lat="37.66663" lon="-119.06777999999997"><ele>2630.0</ele></trkpt><trkpt lat="37.66669" lon="-119.06785000000002"><ele>2629.0</ele></trkpt><trkpt lat="37.66715" lon="-119.06817999999998"><ele>2623.0</ele></trkpt><trkpt lat="37.66772" lon="-119.06879000000004"><ele>2616.50582353957</ele></trkpt><trkpt lat="37.66803" lon="-119.06900999999999"><ele>2616.0</ele></trkpt><trkpt lat="37.66835" lon="-119.06914999999998"><ele>2617.0</ele></trkpt><trkpt lat="37.66847" lon="-119.0693"><ele>2617.0</ele></trkpt><trkpt lat="37.66862" lon="-119.06939999999997"><ele>2616.0</ele></trkpt><trkpt lat="37.66943" lon="-119.06981999999999"><ele>2614.0</ele></trkpt><trkpt lat="37.66943" lon="-119.06981999999999"><ele>2614.0</ele></trkpt><trkpt lat="37.66962" lon="-119.06986999999998"><ele>2613.0</ele></trkpt><trkpt lat="37.66973" lon="-119.06981999999999"><ele>2613.0</ele></trkpt><trkpt lat="37.66973" lon="-119.06981999999999"><ele>2613.0</ele></trkpt><trkpt lat="37.67007" lon="-119.06961000000001"><ele>2612.0</ele></trkpt><trkpt lat="37.67024" lon="-119.06959"><ele>2611.0</ele></trkpt><trkpt lat="37.67059" lon="-119.06945999999999"><ele>2609.0</ele></trkpt><trkpt lat="37.67076" lon="-119.06948"><ele>2608.0</ele></trkpt><trkpt lat="37.67094" lon="-119.06956000000002"><ele>2607.0</ele></trkpt><trkpt lat="37.67100736267739" lon="-119.06956748474192"><ele>2606.9588256552815</ele></trkpt><trkpt lat="37.671016002775325" lon="-119.06956844475201"><ele>2606.4501193407923</ele></trkpt><trkpt lat="37.67103" lon="-119.06957"><ele>2606.0</ele></trkpt><trkpt lat="37.67112" lon="-119.06954999999999"><ele>2606.0</ele></trkpt><trkpt lat="37.67131" lon="-119.06943000000001"><ele>2604.017968649393</ele></trkpt><trkpt lat="37.6715" lon="-119.06943999999999"><ele>2604.0</ele></trkpt><trkpt lat="37.67168" lon="-119.06939"><ele>2603.0</ele></trkpt><trkpt lat="37.67183" lon="-119.06939"><ele>2602.0</ele></trkpt><trkpt lat="37.67193" lon="-119.06941999999998"><ele>2601.0</ele></trkpt><trkpt lat="37.67215" lon="-119.06963999999999"><ele>2600.0</ele></trkpt><trkpt lat="37.67234" lon="-119.06974000000002"><ele>2599.0</ele></trkpt><trkpt lat="37.67243" lon="-119.06975999999997"><ele>2598.0</ele></trkpt><trkpt lat="37.67287" lon="-119.06968999999998"><ele>2594.0</ele></trkpt><trkpt lat="37.67314" lon="-119.06972999999999"><ele>2592.0</ele></trkpt><trkpt lat="37.67334" lon="-119.06981999999999"><ele>2590.0</ele></trkpt><trkpt lat="37.67334" lon="-119.06981999999999"><ele>2590.0</ele></trkpt><trkpt lat="37.67345" lon="-119.06992000000002"><ele>2589.0</ele></trkpt><trkpt lat="37.67352" lon="-119.07008000000002"><ele>2588.0</ele></trkpt><trkpt lat="37.67368" lon="-119.07067999999998"><ele>2584.0</ele></trkpt><trkpt lat="37.67383" lon="-119.07087999999999"><ele>2582.0</ele></trkpt><trkpt lat="37.67422" lon="-119.07114000000001"><ele>2578.8385543454274</ele></trkpt><trkpt lat="37.67426" lon="-119.07119999999998"><ele>2578.0</ele></trkpt><trkpt lat="37.6745" lon="-119.07159000000001"><ele>2575.0</ele></trkpt><trkpt lat="37.67474" lon="-119.07189"><ele>2572.0</ele></trkpt><trkpt lat="37.67488" lon="-119.07226000000003"><ele>2569.0</ele></trkpt><trkpt lat="37.67528" lon="-119.07267999999999"><ele>2564.160234207869</ele></trkpt><trkpt lat="37.67561" lon="-119.07346999999999"><ele>2558.0</ele></trkpt><trkpt lat="37.67613" lon="-119.07423"><ele>2553.175712000113</ele></trkpt><trkpt lat="37.67618" lon="-119.07436999999999"><ele>2552.651239111554</ele></trkpt><trkpt lat="37.67624" lon="-119.07468"><ele>2551.0</ele></trkpt><trkpt lat="37.67633" lon="-119.07488000000001"><ele>2549.0</ele></trkpt><trkpt lat="37.67664" lon="-119.07532000000003"><ele>2546.0</ele></trkpt><trkpt lat="37.67716" lon="-119.07589999999999"><ele>2543.0</ele></trkpt><trkpt lat="37.67729" lon="-119.07610999999997"><ele>2542.0</ele></trkpt><trkpt lat="37.67783" lon="-119.07673"><ele>2537.0</ele></trkpt><trkpt lat="37.67826" lon="-119.07749000000001"><ele>2536.0</ele></trkpt><trkpt lat="37.67843" lon="-119.07760999999999"><ele>2536.6866900686573</ele></trkpt><trkpt lat="37.67861" lon="-119.07769000000002"><ele>2537.0</ele></trkpt><trkpt lat="37.67876" lon="-119.07771000000002"><ele>2538.5199539680034</ele></trkpt><trkpt lat="37.67906" lon="-119.0777"><ele>2542.0</ele></trkpt><trkpt lat="37.67915" lon="-119.07772999999997"><ele>2542.0309603371006</ele></trkpt><trkpt lat="37.67938" lon="-119.07807000000003"><ele>2544.0</ele></trkpt><trkpt lat="37.68043" lon="-119.07909999999998"><ele>2547.0</ele></trkpt><trkpt lat="37.68092" lon="-119.07938000000001"><ele>2548.0</ele></trkpt><trkpt lat="37.68097877224943" lon="-119.07951517617369"><ele>2548.0</ele></trkpt><trkpt lat="37.68099036433383" lon="-119.07954183782641"><ele>2548.0</ele></trkpt><trkpt lat="37.68112" lon="-119.07983999999999"><ele>2547.0</ele></trkpt><trkpt lat="37.68118" lon="-119.08022"><ele>2545.021040651224</ele></trkpt><trkpt lat="37.68118" lon="-119.08042"><ele>2544.0</ele></trkpt><trkpt lat="37.68118" lon="-119.08042"><ele>2544.0</ele></trkpt><trkpt lat="37.68118" lon="-119.08042"><ele>2544.0</ele></trkpt><trkpt lat="37.68112" lon="-119.0806"><ele>2544.0</ele></trkpt><trkpt lat="37.68112" lon="-119.0806"><ele>2544.0</ele></trkpt><trkpt lat="37.68159" lon="-119.08103"><ele>2544.0</ele></trkpt><trkpt lat="37.68165" lon="-119.08116000000001"><ele>2544.0</ele></trkpt><trkpt lat="37.68169" lon="-119.08137999999997"><ele>2544.0500924426633</ele></trkpt><trkpt lat="37.68171" lon="-119.08231999999998"><ele>2544.0</ele></trkpt><trkpt lat="37.68189" lon="-119.08311000000003"><ele>2545.0</ele></trkpt><trkpt lat="37.68198" lon="-119.08341000000001"><ele>2545.0</ele></trkpt><trkpt lat="37.68203" lon="-119.08362999999997"><ele>2544.073330698535</ele></trkpt><trkpt lat="37.68204" lon="-119.08391"><ele>2544.0</ele></trkpt><trkpt lat="37.68245" lon="-119.08442000000002"><ele>2543.0</ele></trkpt><trkpt lat="37.68284869669124" lon="-119.08468255635762"><ele>2542.3202135604524</ele></trkpt><trkpt lat="37.68285" lon="-119.08467999999999"><ele>2542.4692460012093</ele></trkpt><trkpt lat="37.682848059658156" lon="-119.0846945525638"><ele>2542.1210641604976</ele></trkpt><trkpt lat="37.68284638692965" lon="-119.08470709802765"><ele>2542.0</ele></trkpt><trkpt lat="37.68283" lon="-119.08483000000001"><ele>2541.0</ele></trkpt><trkpt lat="37.68255" lon="-119.08521999999999"><ele>2539.0</ele></trkpt><trkpt lat="37.68237" lon="-119.08571999999998"><ele>2537.0</ele></trkpt><trkpt lat="37.68223" lon="-119.08594"><ele>2536.0</ele></trkpt><trkpt lat="37.682" lon="-119.08612"><ele>2534.0</ele></trkpt><trkpt lat="37.681861379487145" lon="-119.08611306823178"><ele>2534.0</ele></trkpt><trkpt lat="37.681861379487145" lon="-119.08611306823178"><ele>2534.0</ele></trkpt><trkpt lat="37.6818" lon="-119.08611000000002"><ele>2533.5295435171574</ele></trkpt><trkpt lat="37.68166" lon="-119.08613000000003"><ele>2534.0</ele></trkpt><trkpt lat="37.68166" lon="-119.08613000000003"><ele>2534.0</ele></trkpt><trkpt lat="37.6816" lon="-119.08609999999999"><ele>2534.0</ele></trkpt><trkpt lat="37.6816" lon="-119.08609999999999"><ele>2534.0</ele></trkpt><trkpt lat="37.68143" lon="-119.08600999999999"><ele>2535.0</ele></trkpt><trkpt lat="37.68134" lon="-119.08600999999999"><ele>2535.0</ele></trkpt><trkpt lat="37.68127" lon="-119.08605999999997"><ele>2534.0</ele></trkpt><trkpt lat="37.68122210856258" lon="-119.08605999999997"><ele>2533.0</ele></trkpt><trkpt lat="37.68122056388673" lon="-119.08605999999997"><ele>2533.0</ele></trkpt><trkpt lat="37.68099" lon="-119.08605999999997"><ele>2532.713815581813</ele></trkpt><trkpt lat="37.6809" lon="-119.08613000000003"><ele>2532.0</ele></trkpt><trkpt lat="37.68075" lon="-119.08645999999999"><ele>2531.0649758982217</ele></trkpt><trkpt lat="37.68078" lon="-119.08672000000001"><ele>2531.0</ele></trkpt><trkpt lat="37.68071" lon="-119.08688999999998"><ele>2531.0</ele></trkpt><trkpt lat="37.68065" lon="-119.0872"><ele>2530.780886559825</ele></trkpt><trkpt lat="37.6805" lon="-119.08765"><ele>2530.0</ele></trkpt><trkpt lat="37.68053" lon="-119.08796000000001"><ele>2529.1755820378817</ele></trkpt><trkpt lat="37.6804" lon="-119.08823999999998"><ele>2529.909994482994</ele></trkpt><trkpt lat="37.68043" lon="-119.08857"><ele>2529.1434492673725</ele></trkpt><trkpt lat="37.68042" lon="-119.08865000000003"><ele>2528.155004443135</ele></trkpt><trkpt lat="37.68035" lon="-119.08879999999999"><ele>2528.0</ele></trkpt><trkpt lat="37.68028" lon="-119.08907999999997"><ele>2528.0</ele></trkpt><trkpt lat="37.68028" lon="-119.08907999999997"><ele>2528.0</ele></trkpt><trkpt lat="37.68028" lon="-119.08907999999997"><ele>2528.0</ele></trkpt><trkpt lat="37.68018" lon="-119.08976999999999"><ele>2526.170621189327</ele></trkpt><trkpt lat="37.68006" lon="-119.08992999999998"><ele>2527.0</ele></trkpt><trkpt lat="37.67993" lon="-119.09003000000001"><ele>2526.506575390386</ele></trkpt><trkpt lat="37.67986" lon="-119.09015"><ele>2526.2923137769103</ele></trkpt><trkpt lat="37.67983" lon="-119.09033999999997"><ele>2526.5257821362466</ele></trkpt><trkpt lat="37.6799" lon="-119.09145999999998"><ele>2526.6476904153824</ele></trkpt><trkpt lat="37.67992" lon="-119.09162000000003"><ele>2526.825379209593</ele></trkpt><trkpt lat="37.67997" lon="-119.09180000000003"><ele>2527.0</ele></trkpt><trkpt lat="37.67997" lon="-119.09180000000003"><ele>2527.0</ele></trkpt><trkpt lat="37.68003" lon="-119.09190000000001"><ele>2527.2100633069567</ele></trkpt><trkpt lat="37.68029" lon="-119.09309999999999"><ele>2530.0</ele></trkpt><trkpt lat="37.68065" lon="-119.09402999999998"><ele>2532.8112374786288</ele></trkpt><trkpt lat="37.68071" lon="-119.09431000000001"><ele>2532.1308102247417</ele></trkpt><trkpt lat="37.68142" lon="-119.09553"><ele>2528.0801065819087</ele></trkpt><trkpt lat="37.68153" lon="-119.09566000000001"><ele>2528.8023678186164</ele></trkpt><trkpt lat="37.68169" lon="-119.09613000000002"><ele>2527.052094925195</ele></trkpt><trkpt lat="37.68189" lon="-119.09658000000002"><ele>2527.0</ele></trkpt><trkpt lat="37.68211" lon="-119.09683999999999"><ele>2526.0</ele></trkpt><trkpt lat="37.68223" lon="-119.09694000000002"><ele>2526.0</ele></trkpt><trkpt lat="37.6823" lon="-119.09694000000002"><ele>2525.9948786509544</ele></trkpt><trkpt lat="37.68238" lon="-119.09699"><ele>2525.33002760835</ele></trkpt><trkpt lat="37.68244" lon="-119.09719999999999"><ele>2524.0</ele></trkpt><trkpt lat="37.68255" lon="-119.09730000000002"><ele>2523.024843881154</ele></trkpt><trkpt lat="37.68259" lon="-119.09743000000003"><ele>2522.978473013465</ele></trkpt><trkpt lat="37.68256" lon="-119.09753"><ele>2521.283087130636</ele></trkpt><trkpt lat="37.6825" lon="-119.09761000000003"><ele>2520.0</ele></trkpt><trkpt lat="37.6825" lon="-119.09761000000003"><ele>2520.0</ele></trkpt><trkpt lat="37.68266" lon="-119.09782999999999"><ele>2518.0577058528675</ele></trkpt><trkpt lat="37.68269" lon="-119.09793000000002"><ele>2516.980002561114</ele></trkpt><trkpt lat="37.68263" lon="-119.09805"><ele>2515.4051471035928</ele></trkpt><trkpt lat="37.68273" lon="-119.09839999999997"><ele>2513.772071112413</ele></trkpt><trkpt lat="37.68303" lon="-119.09883000000002"><ele>2512.0</ele></trkpt><trkpt lat="37.68318" lon="-119.09914000000003"><ele>2511.2264286937707</ele></trkpt><trkpt lat="37.68329119799264" lon="-119.09945876757888"><ele>2508.6243333040456</ele></trkpt><trkpt lat="37.68330285086764" lon="-119.09949217242286"><ele>2508.0237722303796</ele></trkpt><trkpt lat="37.68333" lon="-119.09956999999997"><ele>2506.246119112242</ele></trkpt><trkpt lat="37.68351" lon="-119.09986000000004"><ele>2501.956801007036</ele></trkpt><trkpt lat="37.68367" lon="-119.10023000000001"><ele>2496.819552434068</ele></trkpt><trkpt lat="37.68382" lon="-119.10043000000002"><ele>2495.2155618359575</ele></trkpt><trkpt lat="37.68382" lon="-119.10043000000002"><ele>2495.2155618359575</ele></trkpt><trkpt lat="37.68412" lon="-119.10084999999998"><ele>2493.74085614644</ele></trkpt><trkpt lat="37.6843" lon="-119.10102"><ele>2494.0</ele></trkpt><trkpt lat="37.68437" lon="-119.10115000000002"><ele>2492.949286407284</ele></trkpt><trkpt lat="37.68453" lon="-119.10127999999997"><ele>2493.684081772636</ele></trkpt><trkpt lat="37.68479" lon="-119.10158000000001"><ele>2491.3451746410633</ele></trkpt><trkpt lat="37.68498" lon="-119.10192"><ele>2488.519027781673</ele></trkpt><trkpt lat="37.68507" lon="-119.10214000000002"><ele>2486.5230744459027</ele></trkpt><trkpt lat="37.68515" lon="-119.10223000000002"><ele>2486.0830311025493</ele></trkpt><trkpt lat="37.68526" lon="-119.10244"><ele>2485.4179123694666</ele></trkpt><trkpt lat="37.68529" lon="-119.10259000000002"><ele>2483.0233357404513</ele></trkpt><trkpt lat="37.68543" lon="-119.10277000000002"><ele>2482.033524815338</ele></trkpt><trkpt lat="37.68557" lon="-119.10312999999996"><ele>2476.8732729037292</ele></trkpt><trkpt lat="37.68571" lon="-119.10325"><ele>2477.943959257903</ele></trkpt><trkpt lat="37.68578" lon="-119.10339999999997"><ele>2476.681077776942</ele></trkpt><trkpt lat="37.68594" lon="-119.10365999999999"><ele>2474.7555434918745</ele></trkpt><trkpt lat="37.68613" lon="-119.10381999999998"><ele>2474.783368818774</ele></trkpt><trkpt lat="37.68633" lon="-119.10419999999999"><ele>2470.0</ele></trkpt><trkpt lat="37.68668" lon="-119.10464000000002"><ele>2466.8725990780094</ele></trkpt><trkpt lat="37.68681" lon="-119.10485"><ele>2464.100610602004</ele></trkpt><trkpt lat="37.68684" lon="-119.10495000000003"><ele>2463.0006143896526</ele></trkpt><trkpt lat="37.68685" lon="-119.10513000000003"><ele>2459.9250025917154</ele></trkpt><trkpt lat="37.68698" lon="-119.10561000000001"><ele>2452.761717332527</ele></trkpt><trkpt lat="37.68724" lon="-119.10604999999998"><ele>2448.344885521003</ele></trkpt><trkpt lat="37.68724" lon="-119.10604999999998"><ele>2448.344885521003</ele></trkpt><trkpt lat="37.68735" lon="-119.10613000000001"><ele>2449.1893991600036</ele></trkpt><trkpt lat="37.68743" lon="-119.10626000000002"><ele>2449.0328511909856</ele></trkpt><trkpt lat="37.68753" lon="-119.10658999999998"><ele>2447.0</ele></trkpt><trkpt lat="37.68764" lon="-119.10678999999999"><ele>2447.0</ele></trkpt><trkpt lat="37.68786" lon="-119.10699"><ele>2447.449055999983</ele></trkpt><trkpt lat="37.68794" lon="-119.10705000000002"><ele>2448.0</ele></trkpt><trkpt lat="37.68806" lon="-119.10723000000002"><ele>2448.3901204997983</ele></trkpt><trkpt lat="37.68819" lon="-119.10735999999997"><ele>2449.8625314743304</ele></trkpt><trkpt lat="37.68828" lon="-119.10750000000002"><ele>2450.0</ele></trkpt><trkpt lat="37.68844" lon="-119.10766000000001"><ele>2450.0</ele></trkpt><trkpt lat="37.68863" lon="-119.1078"><ele>2451.0</ele></trkpt><trkpt lat="37.68906" lon="-119.10849999999999"><ele>2450.0</ele></trkpt><trkpt lat="37.68925" lon="-119.10869000000002"><ele>2452.0</ele></trkpt><trkpt lat="37.68944" lon="-119.10876999999999"><ele>2452.0</ele></trkpt><trkpt lat="37.68962" lon="-119.10899"><ele>2452.0</ele></trkpt><trkpt lat="37.68985" lon="-119.10913"><ele>2452.0</ele></trkpt><trkpt lat="37.69" lon="-119.10932000000003"><ele>2452.0</ele></trkpt><trkpt lat="37.69017" lon="-119.10948000000002"><ele>2452.0</ele></trkpt><trkpt lat="37.69069" lon="-119.10991000000001"><ele>2454.403214002466</ele></trkpt><trkpt lat="37.69096" lon="-119.11020000000002"><ele>2453.0</ele></trkpt><trkpt lat="37.69104" lon="-119.11038000000002"><ele>2452.3103934444107</ele></trkpt><trkpt lat="37.69107" lon="-119.11052999999998"><ele>2452.0</ele></trkpt><trkpt lat="37.69123" lon="-119.11072000000001"><ele>2452.0</ele></trkpt><trkpt lat="37.6914" lon="-119.11079000000001"><ele>2455.0</ele></trkpt><trkpt lat="37.69161" lon="-119.11095"><ele>2458.0</ele></trkpt><trkpt lat="37.69173" lon="-119.11108000000002"><ele>2459.0</ele></trkpt><trkpt lat="37.69192" lon="-119.11133999999998"><ele>2459.138945556155</ele></trkpt><trkpt lat="37.69224" lon="-119.11162000000002"><ele>2459.213567741774</ele></trkpt><trkpt lat="37.69258" lon="-119.11187000000001"><ele>2462.0</ele></trkpt><trkpt lat="37.69302" lon="-119.11212"><ele>2464.0</ele></trkpt><trkpt lat="37.69323" lon="-119.1123"><ele>2463.0</ele></trkpt><trkpt lat="37.69338" lon="-119.11232000000001"><ele>2463.0</ele></trkpt><trkpt lat="37.69352" lon="-119.11238000000003"><ele>2463.186804000004</ele></trkpt><trkpt lat="37.6939" lon="-119.11270999999999"><ele>2462.0</ele></trkpt><trkpt lat="37.69407" lon="-119.11280999999997"><ele>2463.0</ele></trkpt><trkpt lat="37.69419" lon="-119.11286000000001"><ele>2463.0</ele></trkpt><trkpt lat="37.6944" lon="-119.11288000000002"><ele>2465.0</ele></trkpt><trkpt lat="37.69457" lon="-119.11295000000001"><ele>2465.0</ele></trkpt><trkpt lat="37.6948" lon="-119.11322000000001"><ele>2464.0</ele></trkpt><trkpt lat="37.69516" lon="-119.11376999999999"><ele>2462.0</ele></trkpt><trkpt lat="37.69516" lon="-119.11376999999999"><ele>2462.0</ele></trkpt><trkpt lat="37.69529" lon="-119.11397"><ele>2463.0</ele></trkpt><trkpt lat="37.69553" lon="-119.11421999999999"><ele>2463.0</ele></trkpt><trkpt lat="37.69592" lon="-119.11446000000001"><ele>2464.0</ele></trkpt><trkpt lat="37.696166140671664" lon="-119.11485792741917"><ele>2465.0</ele></trkpt><trkpt lat="37.696197861099606" lon="-119.11490920780182"><ele>2465.0</ele></trkpt><trkpt lat="37.69652" lon="-119.11543"><ele>2465.484595525563</ele></trkpt><trkpt lat="37.69662" lon="-119.11552"><ele>2466.0</ele></trkpt><trkpt lat="37.69673" lon="-119.11556999999999"><ele>2466.464850580816</ele></trkpt><trkpt lat="37.697" lon="-119.11588999999998"><ele>2467.0</ele></trkpt><trkpt lat="37.69718" lon="-119.11615"><ele>2468.0</ele></trkpt><trkpt lat="37.69718" lon="-119.11642999999998"><ele>2468.0</ele></trkpt><trkpt lat="37.69729" lon="-119.11664999999999"><ele>2469.0</ele></trkpt><trkpt lat="37.6973" lon="-119.11682000000002"><ele>2469.0</ele></trkpt><trkpt lat="37.6973" lon="-119.11682000000002"><ele>2469.0</ele></trkpt><trkpt lat="37.69778" lon="-119.11732"><ele>2473.0</ele></trkpt><trkpt lat="37.69798" lon="-119.11759"><ele>2476.4079872127622</ele></trkpt><trkpt lat="37.69798" lon="-119.11774000000003"><ele>2477.0</ele></trkpt><trkpt lat="37.69791" lon="-119.11797999999999"><ele>2480.0</ele></trkpt><trkpt lat="37.69791" lon="-119.11811999999998"><ele>2482.0702817451556</ele></trkpt><trkpt lat="37.69794" lon="-119.11813000000001"><ele>2483.7646087324247</ele></trkpt><trkpt lat="37.69799" lon="-119.11810000000003"><ele>2484.313519882264</ele></trkpt><trkpt lat="37.69835" lon="-119.11802"><ele>2488.1175881128684</ele></trkpt><trkpt lat="37.6984" lon="-119.118"><ele>2489.7044737719552</ele></trkpt><trkpt lat="37.69847" lon="-119.11791"><ele>2491.123459220382</ele></trkpt><trkpt lat="37.69868" lon="-119.11779999999999"><ele>2494.3334577777423</ele></trkpt><trkpt lat="37.69872" lon="-119.11775"><ele>2494.996575518981</ele></trkpt><trkpt lat="37.69875" lon="-119.11732999999998"><ele>2496.760290302336</ele></trkpt><trkpt lat="37.69872" lon="-119.11703"><ele>2498.993308637291</ele></trkpt><trkpt lat="37.6986" lon="-119.11684000000002"><ele>2499.9556650866684</ele></trkpt><trkpt lat="37.69846" lon="-119.11651999999998"><ele>2502.3188657783903</ele></trkpt><trkpt lat="37.69831" lon="-119.11635000000001"><ele>2504.0</ele></trkpt><trkpt lat="37.69833" lon="-119.11633999999998"><ele>2504.7140883930474</ele></trkpt><trkpt lat="37.6984" lon="-119.11637000000002"><ele>2506.145548686385</ele></trkpt><trkpt lat="37.69874" lon="-119.11671000000001"><ele>2510.635520331096</ele></trkpt><trkpt lat="37.69887" lon="-119.11678999999998"><ele>2513.9546432272114</ele></trkpt><trkpt lat="37.69912" lon="-119.11705999999998"><ele>2518.6215138310326</ele></trkpt><trkpt lat="37.69921" lon="-119.1173"><ele>2522.8540987242013</ele></trkpt><trkpt lat="37.69921" lon="-119.11770999999999"><ele>2523.735247660267</ele></trkpt><trkpt lat="37.69938" lon="-119.11797000000001"><ele>2525.8670704681426</ele></trkpt><trkpt lat="37.69941" lon="-119.11811999999998"><ele>2527.4777456194274</ele></trkpt><trkpt lat="37.69946" lon="-119.11815999999999"><ele>2529.0640873237</ele></trkpt><trkpt lat="37.69953" lon="-119.11813000000001"><ele>2530.0</ele></trkpt><trkpt lat="37.69965" lon="-119.11817000000002"><ele>2533.0</ele></trkpt><trkpt lat="37.69988" lon="-119.11815999999999"><ele>2538.282023529945</ele></trkpt><trkpt lat="37.70007" lon="-119.11838999999998"><ele>2542.0838776093087</ele></trkpt><trkpt lat="37.70022" lon="-119.11838999999998"><ele>2541.7152762218316</ele></trkpt><trkpt lat="37.70029" lon="-119.11847999999998"><ele>2543.4663096461445</ele></trkpt><trkpt lat="37.7003" lon="-119.11856999999998"><ele>2544.0</ele></trkpt><trkpt lat="37.70039" lon="-119.11860999999999"><ele>2545.0</ele></trkpt><trkpt lat="37.70047" lon="-119.11894000000001"><ele>2543.036865302531</ele></trkpt><trkpt lat="37.70053" lon="-119.11899"><ele>2544.0</ele></trkpt><trkpt lat="37.70066" lon="-119.11928"><ele>2541.180040351796</ele></trkpt><trkpt lat="37.70121" lon="-119.11966000000001"><ele>2543.655220299959</ele></trkpt><trkpt lat="37.70121" lon="-119.11966000000001"><ele>2543.655220299959</ele></trkpt><trkpt lat="37.7017" lon="-119.11999000000003"><ele>2551.5169798098505</ele></trkpt><trkpt lat="37.70187" lon="-119.12004000000002"><ele>2555.0</ele></trkpt><trkpt lat="37.70202" lon="-119.12017000000003"><ele>2556.0</ele></trkpt><trkpt lat="37.70246" lon="-119.12031000000002"><ele>2563.2825352586806</ele></trkpt><trkpt lat="37.70296" lon="-119.12058999999999"><ele>2571.9050012422294</ele></trkpt><trkpt lat="37.70324" lon="-119.12071000000003"><ele>2575.2658297906446</ele></trkpt><trkpt lat="37.70333" lon="-119.12085000000002"><ele>2578.0</ele></trkpt><trkpt lat="37.70353" lon="-119.12103000000002"><ele>2579.0</ele></trkpt><trkpt lat="37.70372" lon="-119.12131"><ele>2578.0</ele></trkpt><trkpt lat="37.70387" lon="-119.12148000000002"><ele>2577.055753284096</ele></trkpt><trkpt lat="37.70468" lon="-119.12225000000001"><ele>2576.0134301488015</ele></trkpt><trkpt lat="37.70475" lon="-119.12234999999998"><ele>2573.792170525063</ele></trkpt><trkpt lat="37.70484" lon="-119.12239"><ele>2575.357606357592</ele></trkpt><trkpt lat="37.70504" lon="-119.12257"><ele>2574.528368603421</ele></trkpt><trkpt lat="37.70511" lon="-119.12270999999998"><ele>2573.90271509342</ele></trkpt><trkpt lat="37.70509" lon="-119.12290000000002"><ele>2571.0</ele></trkpt><trkpt lat="37.70514" lon="-119.12301000000002"><ele>2572.143683306873</ele></trkpt><trkpt lat="37.70514" lon="-119.12315000000001"><ele>2572.143683306873</ele></trkpt><trkpt lat="37.7052" lon="-119.12373000000002"><ele>2573.209156770623</ele></trkpt><trkpt lat="37.70531" lon="-119.12396000000001"><ele>2573.654333825135</ele></trkpt><trkpt lat="37.70617" lon="-119.12491"><ele>2564.132243804168</ele></trkpt><trkpt lat="37.7064" lon="-119.12509"><ele>2562.9279182218015</ele></trkpt><trkpt lat="37.70662" lon="-119.12513000000001"><ele>2565.0</ele></trkpt><trkpt lat="37.70671" lon="-119.1252"><ele>2567.0</ele></trkpt><trkpt lat="37.70705" lon="-119.12558000000001"><ele>2571.0</ele></trkpt><trkpt lat="37.70746" lon="-119.12590999999998"><ele>2570.9438378949685</ele></trkpt><trkpt lat="37.70798" lon="-119.12621000000001"><ele>2574.0</ele></trkpt><trkpt lat="37.70821" lon="-119.12641000000002"><ele>2575.0</ele></trkpt><trkpt lat="37.70866" lon="-119.12661000000003"><ele>2578.9539154036356</ele></trkpt><trkpt lat="37.70876" lon="-119.12670000000003"><ele>2579.383102511987</ele></trkpt><trkpt lat="37.709" lon="-119.12720999999999"><ele>2580.0</ele></trkpt><trkpt lat="37.70931" lon="-119.12756999999999"><ele>2580.0</ele></trkpt><trkpt lat="37.70957" lon="-119.12765999999999"><ele>2581.0</ele></trkpt><trkpt lat="37.7097" lon="-119.12781999999999"><ele>2582.0</ele></trkpt><trkpt lat="37.70976" lon="-119.12799000000001"><ele>2583.2908555101603</ele></trkpt><trkpt lat="37.70981" lon="-119.12826000000001"><ele>2586.85091059188</ele></trkpt><trkpt lat="37.70992" lon="-119.12853000000001"><ele>2589.0</ele></trkpt><trkpt lat="37.71014" lon="-119.12876"><ele>2593.676010074094</ele></trkpt><trkpt lat="37.71018" lon="-119.12892"><ele>2594.0</ele></trkpt><trkpt lat="37.71038" lon="-119.12921"><ele>2597.0</ele></trkpt><trkpt lat="37.71053" lon="-119.12955"><ele>2599.0</ele></trkpt><trkpt lat="37.7106" lon="-119.13006999999999"><ele>2604.15690311091</ele></trkpt><trkpt lat="37.71055" lon="-119.13017000000002"><ele>2606.0</ele></trkpt><trkpt lat="37.71063" lon="-119.1302"><ele>2607.640036079955</ele></trkpt><trkpt lat="37.71076" lon="-119.13015999999999"><ele>2609.0</ele></trkpt><trkpt lat="37.71079" lon="-119.13022000000001"><ele>2610.0</ele></trkpt><trkpt lat="37.71058" lon="-119.13040000000001"><ele>2612.5360177783296</ele></trkpt><trkpt lat="37.71043" lon="-119.13042000000002"><ele>2613.3555083447022</ele></trkpt><trkpt lat="37.71032" lon="-119.13058999999998"><ele>2613.5609972662946</ele></trkpt><trkpt lat="37.71022" lon="-119.13080000000002"><ele>2615.0</ele></trkpt><trkpt lat="37.71027" lon="-119.13108999999997"><ele>2619.0</ele></trkpt><trkpt lat="37.71037" lon="-119.13116000000002"><ele>2621.224975178018</ele></trkpt><trkpt lat="37.71064" lon="-119.13171"><ele>2621.0</ele></trkpt><trkpt lat="37.71078" lon="-119.13184999999999"><ele>2622.0</ele></trkpt><trkpt lat="37.71095" lon="-119.13195000000002"><ele>2622.0896955464486</ele></trkpt><trkpt lat="37.71121" lon="-119.13216999999997"><ele>2621.993005260782</ele></trkpt><trkpt lat="37.71159" lon="-119.13241"><ele>2626.074452770494</ele></trkpt><trkpt lat="37.7117" lon="-119.13252"><ele>2626.0</ele></trkpt><trkpt lat="37.7118" lon="-119.13256999999999"><ele>2626.155659081259</ele></trkpt><trkpt lat="37.71204" lon="-119.13290999999998"><ele>2625.797590767262</ele></trkpt><trkpt lat="37.71208" lon="-119.13299999999998"><ele>2625.283363636051</ele></trkpt><trkpt lat="37.71209" lon="-119.13319000000001"><ele>2624.0</ele></trkpt><trkpt lat="37.71215" lon="-119.13333"><ele>2625.0</ele></trkpt><trkpt lat="37.71217" lon="-119.13355000000001"><ele>2625.0</ele></trkpt><trkpt lat="37.71242" lon="-119.13380000000001"><ele>2625.0123646518673</ele></trkpt><trkpt lat="37.71268" lon="-119.13443000000001"><ele>2625.1996537740624</ele></trkpt><trkpt lat="37.71299" lon="-119.13481999999999"><ele>2627.0</ele></trkpt><trkpt lat="37.71321" lon="-119.13497999999998"><ele>2629.5287055820227</ele></trkpt><trkpt lat="37.71336" lon="-119.13504999999998"><ele>2631.3653484974056</ele></trkpt><trkpt lat="37.71361" lon="-119.13535000000002"><ele>2636.0</ele></trkpt><trkpt lat="37.71367" lon="-119.13539000000003"><ele>2636.6278005465865</ele></trkpt><trkpt lat="37.71387" lon="-119.13539000000003"><ele>2637.374444411359</ele></trkpt><trkpt lat="37.71395" lon="-119.13544999999999"><ele>2638.0</ele></trkpt><trkpt lat="37.7143" lon="-119.13549"><ele>2641.742051422596</ele></trkpt><trkpt lat="37.71445" lon="-119.13562000000002"><ele>2643.1124946375853</ele></trkpt><trkpt lat="37.71454" lon="-119.13574"><ele>2644.0</ele></trkpt><trkpt lat="37.71454" lon="-119.13574"><ele>2644.0</ele></trkpt><trkpt lat="37.71473" lon="-119.13599999999997"><ele>2644.0</ele></trkpt><trkpt lat="37.71498" lon="-119.13605000000001"><ele>2645.0</ele></trkpt><trkpt lat="37.71522" lon="-119.13605000000001"><ele>2647.154897776898</ele></trkpt><trkpt lat="37.71542" lon="-119.13614999999999"><ele>2649.7237210720778</ele></trkpt><trkpt lat="37.71568" lon="-119.13644"><ele>2653.0</ele></trkpt><trkpt lat="37.71614" lon="-119.13688000000002"><ele>2658.4740942209028</ele></trkpt><trkpt lat="37.71648254085119" lon="-119.13716423602546"><ele>2663.0731639764017</ele></trkpt><trkpt lat="37.71653616737739" lon="-119.13720873446852"><ele>2663.634552377742</ele></trkpt><trkpt lat="37.71661" lon="-119.13727"><ele>2664.248085790329</ele></trkpt><trkpt lat="37.71699" lon="-119.13731000000001"><ele>2669.434641777072</ele></trkpt><trkpt lat="37.7173" lon="-119.13746000000003"><ele>2674.0</ele></trkpt><trkpt lat="37.71741" lon="-119.13760000000002"><ele>2675.9227576623985</ele></trkpt><trkpt lat="37.71752" lon="-119.13760000000002"><ele>2677.406527558448</ele></trkpt><trkpt lat="37.71757" lon="-119.13764000000003"><ele>2679.387757079676</ele></trkpt><trkpt lat="37.71769" lon="-119.1379"><ele>2681.9482558329373</ele></trkpt><trkpt lat="37.71773" lon="-119.13812000000001"><ele>2686.6281297020614</ele></trkpt><trkpt lat="37.71776" lon="-119.13851"><ele>2688.878406914953</ele></trkpt><trkpt lat="37.71778" lon="-119.13863000000003"><ele>2688.7597902044654</ele></trkpt><trkpt lat="37.71783" lon="-119.13871"><ele>2691.7055175453424</ele></trkpt><trkpt lat="37.71787" lon="-119.13896"><ele>2690.6011692965403</ele></trkpt><trkpt lat="37.71791" lon="-119.13905"><ele>2691.418685428798</ele></trkpt><trkpt lat="37.71803" lon="-119.13916"><ele>2695.595120100793</ele></trkpt><trkpt lat="37.71806" lon="-119.13923"><ele>2695.2446698472645</ele></trkpt><trkpt lat="37.71814" lon="-119.13929999999999"><ele>2695.6844533870376</ele></trkpt><trkpt lat="37.71832" lon="-119.13936999999999"><ele>2700.573750708252</ele></trkpt><trkpt lat="37.71834" lon="-119.13967000000002"><ele>2702.863793677937</ele></trkpt><trkpt lat="37.71848" lon="-119.14004"><ele>2707.000153908506</ele></trkpt><trkpt lat="37.71855" lon="-119.14037000000002"><ele>2711.0</ele></trkpt><trkpt lat="37.71859" lon="-119.14044000000001"><ele>2712.0</ele></trkpt><trkpt lat="37.71859" lon="-119.14044000000001"><ele>2712.0</ele></trkpt><trkpt lat="37.71865" lon="-119.14053999999999"><ele>2712.0</ele></trkpt><trkpt lat="37.718740206355555" lon="-119.14063970176142"><ele>2714.3302600290626</ele></trkpt><trkpt lat="37.718740206355555" lon="-119.14063970176142"><ele>2714.3302600290626</ele></trkpt><trkpt lat="37.71884" lon="-119.14075000000003"><ele>2714.119022220373</ele></trkpt><trkpt lat="37.71892" lon="-119.14089999999999"><ele>2714.0</ele></trkpt><trkpt lat="37.71893" lon="-119.14096999999998"><ele>2715.645742949564</ele></trkpt><trkpt lat="37.71889" lon="-119.14114999999998"><ele>2718.081172540231</ele></trkpt><trkpt lat="37.71891" lon="-119.14116000000001"><ele>2718.992246201256</ele></trkpt><trkpt lat="37.71904" lon="-119.14103999999998"><ele>2720.9956058538673</ele></trkpt><trkpt lat="37.71915" lon="-119.14084000000003"><ele>2724.5130789275922</ele></trkpt><trkpt lat="37.71916" lon="-119.14085"><ele>2725.0625946428627</ele></trkpt><trkpt lat="37.71918" lon="-119.14098000000001"><ele>2726.385392563103</ele></trkpt><trkpt lat="37.71911" lon="-119.14125999999999"><ele>2728.7655148585327</ele></trkpt><trkpt lat="37.71896" lon="-119.14150999999998"><ele>2730.0</ele></trkpt><trkpt lat="37.71897" lon="-119.14156000000003"><ele>2729.3702862206846</ele></trkpt><trkpt lat="37.71928" lon="-119.14159000000001"><ele>2736.0</ele></trkpt><trkpt lat="37.71943" lon="-119.14166999999998"><ele>2740.0</ele></trkpt><trkpt lat="37.71954" lon="-119.14161000000001"><ele>2740.45058934018</ele></trkpt><trkpt lat="37.71961" lon="-119.14150999999998"><ele>2741.0</ele></trkpt><trkpt lat="37.71987" lon="-119.14141999999998"><ele>2745.0</ele></trkpt><trkpt lat="37.71999" lon="-119.14166"><ele>2749.0</ele></trkpt><trkpt lat="37.72001" lon="-119.14179999999999"><ele>2751.0</ele></trkpt><trkpt lat="37.72006" lon="-119.14181000000002"><ele>2752.3431343423017</ele></trkpt><trkpt lat="37.72016" lon="-119.14168000000001"><ele>2753.21736947353</ele></trkpt><trkpt lat="37.72025" lon="-119.14164"><ele>2754.538453222268</ele></trkpt><trkpt lat="37.72041" lon="-119.14146"><ele>2755.0</ele></trkpt><trkpt lat="37.72044" lon="-119.14148999999998"><ele>2755.300603492581</ele></trkpt><trkpt lat="37.72058" lon="-119.14183000000003"><ele>2754.723583139479</ele></trkpt><trkpt lat="37.72068" lon="-119.14229"><ele>2756.615262493491</ele></trkpt><trkpt lat="37.72078" lon="-119.14246000000003"><ele>2755.934196019545</ele></trkpt><trkpt lat="37.72088" lon="-119.14252999999997"><ele>2757.0657803331205</ele></trkpt><trkpt lat="37.72098" lon="-119.14256"><ele>2758.222670542088</ele></trkpt><trkpt lat="37.72114" lon="-119.14255000000003"><ele>2761.0</ele></trkpt><trkpt lat="37.7212" lon="-119.14258000000001"><ele>2762.0</ele></trkpt><trkpt lat="37.72127" lon="-119.14267000000001"><ele>2763.241054893345</ele></trkpt><trkpt lat="37.72128" lon="-119.14276000000001"><ele>2763.5346652669477</ele></trkpt><trkpt lat="37.72126" lon="-119.14283999999998"><ele>2764.282037332654</ele></trkpt><trkpt lat="37.72111" lon="-119.14296000000002"><ele>2765.993668688902</ele></trkpt><trkpt lat="37.72108" lon="-119.14303000000001"><ele>2767.0248837229456</ele></trkpt><trkpt lat="37.72104" lon="-119.14323000000002"><ele>2765.8253740202636</ele></trkpt><trkpt lat="37.721" lon="-119.14328999999998"><ele>2765.0</ele></trkpt><trkpt lat="37.7209" lon="-119.14333999999997"><ele>2765.3368013124555</ele></trkpt><trkpt lat="37.72085" lon="-119.14339999999999"><ele>2765.239786663732</ele></trkpt><trkpt lat="37.72083" lon="-119.14346"><ele>2766.07975174077</ele></trkpt><trkpt lat="37.72083" lon="-119.14371"><ele>2764.547475784436</ele></trkpt><trkpt lat="37.72111" lon="-119.14434"><ele>2766.0</ele></trkpt><trkpt lat="37.72124" lon="-119.14454"><ele>2768.0</ele></trkpt><trkpt lat="37.72141" lon="-119.14477"><ele>2771.6247627213597</ele></trkpt><trkpt lat="37.72173" lon="-119.14507000000003"><ele>2776.0</ele></trkpt><trkpt lat="37.72173" lon="-119.14522"><ele>2776.0</ele></trkpt><trkpt lat="37.72171" lon="-119.14528999999999"><ele>2776.0</ele></trkpt><trkpt lat="37.72141" lon="-119.14562999999998"><ele>2776.0</ele></trkpt><trkpt lat="37.72129" lon="-119.14611000000002"><ele>2778.0</ele></trkpt><trkpt lat="37.72129" lon="-119.14611000000002"><ele>2778.0</ele></trkpt><trkpt lat="37.72129" lon="-119.14611000000002"><ele>2778.0</ele></trkpt><trkpt lat="37.72138" lon="-119.14634999999998"><ele>2780.0</ele></trkpt><trkpt lat="37.72139" lon="-119.14661999999998"><ele>2782.0</ele></trkpt><trkpt lat="37.72141" lon="-119.14672000000002"><ele>2783.0</ele></trkpt><trkpt lat="37.72144" lon="-119.14679999999998"><ele>2784.8314133328386</ele></trkpt><trkpt lat="37.72156" lon="-119.14693999999997"><ele>2786.0</ele></trkpt><trkpt lat="37.72152" lon="-119.14702999999997"><ele>2788.0</ele></trkpt><trkpt lat="37.72145" lon="-119.14706000000001"><ele>2788.9307101505306</ele></trkpt><trkpt lat="37.72136" lon="-119.14738999999997"><ele>2790.3274062210694</ele></trkpt><trkpt lat="37.72123" lon="-119.14760999999999"><ele>2794.0196411050856</ele></trkpt><trkpt lat="37.72132" lon="-119.14785"><ele>2799.3221986908466</ele></trkpt><trkpt lat="37.72141" lon="-119.14801"><ele>2803.138385220608</ele></trkpt><trkpt lat="37.72141" lon="-119.14807000000002"><ele>2804.0</ele></trkpt><trkpt lat="37.72135" lon="-119.14828999999997"><ele>2804.024264251461</ele></trkpt><trkpt lat="37.72137" lon="-119.14837999999997"><ele>2805.2680668029934</ele></trkpt><trkpt lat="37.72144" lon="-119.14848999999998"><ele>2807.7515187745325</ele></trkpt><trkpt lat="37.72145" lon="-119.14855"><ele>2808.981459915638</ele></trkpt><trkpt lat="37.72145" lon="-119.14897000000002"><ele>2814.9992721739936</ele></trkpt><trkpt lat="37.72168" lon="-119.14949999999999"><ele>2820.1807637836837</ele></trkpt><trkpt lat="37.72204" lon="-119.15007000000003"><ele>2829.0</ele></trkpt><trkpt lat="37.7221" lon="-119.15021999999999"><ele>2829.0</ele></trkpt><trkpt lat="37.72218" lon="-119.15026999999998"><ele>2828.4548657783307</ele></trkpt><trkpt lat="37.72222" lon="-119.15035"><ele>2827.0</ele></trkpt><trkpt lat="37.72244" lon="-119.15061000000003"><ele>2827.0</ele></trkpt><trkpt lat="37.72253" lon="-119.15069"><ele>2827.0</ele></trkpt><trkpt lat="37.72269" lon="-119.15075999999999"><ele>2828.6343295718216</ele></trkpt><trkpt lat="37.72286" lon="-119.15087"><ele>2829.0275246003685</ele></trkpt><trkpt lat="37.72318" lon="-119.15134"><ele>2829.0</ele></trkpt><trkpt lat="37.72337" lon="-119.15143"><ele>2831.4581282229988</ele></trkpt><trkpt lat="37.72351" lon="-119.15170999999998"><ele>2831.576919269415</ele></trkpt><trkpt lat="37.72384" lon="-119.15204"><ele>2835.9932591077622</ele></trkpt><trkpt lat="37.72396" lon="-119.15222"><ele>2836.8667542785406</ele></trkpt><trkpt lat="37.7241" lon="-119.15223000000003"><ele>2840.012962538736</ele></trkpt><trkpt lat="37.7242" lon="-119.15229999999997"><ele>2842.0</ele></trkpt><trkpt lat="37.72448" lon="-119.15258"><ele>2847.0</ele></trkpt><trkpt lat="37.7247" lon="-119.15274999999997"><ele>2851.4673593509942</ele></trkpt><trkpt lat="37.7248" lon="-119.15287000000001"><ele>2853.359366418794</ele></trkpt><trkpt lat="37.72531" lon="-119.15357"><ele>2862.801165926132</ele></trkpt><trkpt lat="37.72535" lon="-119.15372000000002"><ele>2862.923383839489</ele></trkpt><trkpt lat="37.72547" lon="-119.15388999999999"><ele>2863.8360189851373</ele></trkpt><trkpt lat="37.72557" lon="-119.15397000000002"><ele>2865.0162858565245</ele></trkpt><trkpt lat="37.72585" lon="-119.15431999999998"><ele>2869.0</ele></trkpt><trkpt lat="37.72595" lon="-119.15462000000002"><ele>2867.0861745845414</ele></trkpt><trkpt lat="37.72598822732203" lon="-119.15467051467556"><ele>2867.0</ele></trkpt><trkpt lat="37.726027209554516" lon="-119.15472202677165"><ele>2866.6672879867256</ele></trkpt><trkpt lat="37.72623" lon="-119.15499"><ele>2866.2999140628517</ele></trkpt><trkpt lat="37.7263" lon="-119.15517"><ele>2865.765946915668</ele></trkpt><trkpt lat="37.72655" lon="-119.15555999999998"><ele>2865.4345267422887</ele></trkpt><trkpt lat="37.72662" lon="-119.15562999999997"><ele>2865.862704853893</ele></trkpt><trkpt lat="37.72671" lon="-119.15564999999998"><ele>2867.0</ele></trkpt><trkpt lat="37.72697" lon="-119.15564999999998"><ele>2870.7878054098387</ele></trkpt><trkpt lat="37.72733" lon="-119.15573999999998"><ele>2875.0</ele></trkpt><trkpt lat="37.72741" lon="-119.15580999999997"><ele>2874.376645824097</ele></trkpt><trkpt lat="37.72743" lon="-119.15598"><ele>2875.0</ele></trkpt><trkpt lat="37.72746" lon="-119.15605"><ele>2875.0</ele></trkpt><trkpt lat="37.72769" lon="-119.15618999999998"><ele>2878.717684587449</ele></trkpt><trkpt lat="37.72784" lon="-119.15623"><ele>2879.0</ele></trkpt><trkpt lat="37.72819" lon="-119.15659"><ele>2882.103112200275</ele></trkpt><trkpt lat="37.72819" lon="-119.15667000000002"><ele>2883.0</ele></trkpt><trkpt lat="37.72813" lon="-119.15686"><ele>2882.1922420513984</ele></trkpt><trkpt lat="37.72814" lon="-119.15704"><ele>2883.0</ele></trkpt><trkpt lat="37.72811" lon="-119.15712000000002"><ele>2882.0</ele></trkpt><trkpt lat="37.72811" lon="-119.15726999999998"><ele>2882.0</ele></trkpt><trkpt lat="37.72815" lon="-119.15737000000001"><ele>2882.0</ele></trkpt><trkpt lat="37.72825" lon="-119.15746999999999"><ele>2883.63848207891</ele></trkpt><trkpt lat="37.72835" lon="-119.15749"><ele>2886.0114231482703</ele></trkpt><trkpt lat="37.72839" lon="-119.15744999999998"><ele>2887.8876896053553</ele></trkpt><trkpt lat="37.72835" lon="-119.15733999999998"><ele>2887.514309640313</ele></trkpt><trkpt lat="37.72836" lon="-119.15731"><ele>2889.0440507019375</ele></trkpt><trkpt lat="37.72838" lon="-119.15731"><ele>2889.555985656204</ele></trkpt><trkpt lat="37.72843" lon="-119.15733999999998"><ele>2890.244608907029</ele></trkpt><trkpt lat="37.72853" lon="-119.15751"><ele>2893.006354211007</ele></trkpt><trkpt lat="37.72872" lon="-119.15771000000001"><ele>2896.332311907783</ele></trkpt><trkpt lat="37.72872" lon="-119.15771000000001"><ele>2896.332311907783</ele></trkpt><trkpt lat="37.7289" lon="-119.15780000000001"><ele>2900.0</ele></trkpt><trkpt lat="37.72913" lon="-119.15810999999997"><ele>2904.5338624077394</ele></trkpt><trkpt lat="37.72922" lon="-119.15814"><ele>2907.544926247157</ele></trkpt><trkpt lat="37.72927" lon="-119.15832"><ele>2908.0</ele></trkpt><trkpt lat="37.72932" lon="-119.15832"><ele>2909.6863926313818</ele></trkpt><trkpt lat="37.72943" lon="-119.15840000000003"><ele>2912.263668060682</ele></trkpt><trkpt lat="37.72959" lon="-119.15868999999998"><ele>2917.0</ele></trkpt><trkpt lat="37.7296" lon="-119.15888999999999"><ele>2918.266250666231</ele></trkpt><trkpt lat="37.72966" lon="-119.15893"><ele>2919.0</ele></trkpt><trkpt lat="37.72983" lon="-119.15917000000002"><ele>2921.23248463172</ele></trkpt><trkpt lat="37.72989" lon="-119.15921000000003"><ele>2922.403402471402</ele></trkpt><trkpt lat="37.72989" lon="-119.15921000000003"><ele>2922.403402471402</ele></trkpt><trkpt lat="37.72989" lon="-119.15921000000003"><ele>2922.403402471402</ele></trkpt><trkpt lat="37.72977" lon="-119.15958"><ele>2925.0</ele></trkpt><trkpt lat="37.72979" lon="-119.15999999999997"><ele>2925.38062261045</ele></trkpt><trkpt lat="37.72986" lon="-119.16034000000002"><ele>2926.0802693100313</ele></trkpt><trkpt lat="37.73037" lon="-119.16106000000002"><ele>2936.336494369042</ele></trkpt><trkpt lat="37.73049" lon="-119.16129999999998"><ele>2938.0</ele></trkpt><trkpt lat="37.73064" lon="-119.16145"><ele>2941.46637853235</ele></trkpt><trkpt lat="37.73074" lon="-119.16160000000002"><ele>2945.3588582016528</ele></trkpt><trkpt lat="37.73079" lon="-119.16160000000002"><ele>2947.3051010221243</ele></trkpt><trkpt lat="37.73082" lon="-119.16147000000001"><ele>2949.0728476680815</ele></trkpt><trkpt lat="37.73086" lon="-119.16151000000002"><ele>2950.42984431237</ele></trkpt><trkpt lat="37.73094" lon="-119.16173000000003"><ele>2953.1438414175063</ele></trkpt><trkpt lat="37.73098" lon="-119.16196000000002"><ele>2955.0</ele></trkpt><trkpt lat="37.73105" lon="-119.16203000000002"><ele>2957.0</ele></trkpt><trkpt lat="37.73114" lon="-119.16203999999999"><ele>2959.0</ele></trkpt><trkpt lat="37.73124" lon="-119.16209000000003"><ele>2961.821375919506</ele></trkpt><trkpt lat="37.73144" lon="-119.16226"><ele>2966.8742045173335</ele></trkpt><trkpt lat="37.7316" lon="-119.16228000000001"><ele>2970.0</ele></trkpt><trkpt lat="37.73177" lon="-119.16254000000004"><ele>2973.0</ele></trkpt><trkpt lat="37.73226" lon="-119.16291999999999"><ele>2980.0778631102294</ele></trkpt><trkpt lat="37.73227" lon="-119.16311999999999"><ele>2981.0</ele></trkpt><trkpt lat="37.73241" lon="-119.16338000000002"><ele>2984.7644448056817</ele></trkpt><trkpt lat="37.73268" lon="-119.16356000000002"><ele>2989.0</ele></trkpt><trkpt lat="37.73282" lon="-119.16374000000002"><ele>2993.0</ele></trkpt><trkpt lat="37.73285" lon="-119.16383000000002"><ele>2994.4869368900545</ele></trkpt><trkpt lat="37.73297" lon="-119.16402"><ele>2995.763222238049</ele></trkpt><trkpt lat="37.73305" lon="-119.16438"><ele>2998.4773536715657</ele></trkpt><trkpt lat="37.73305" lon="-119.16474"><ele>3001.0</ele></trkpt><trkpt lat="37.73299" lon="-119.16494999999998"><ele>3003.0</ele></trkpt><trkpt lat="37.73298" lon="-119.16514999999998"><ele>3005.0033955550753</ele></trkpt><trkpt lat="37.73283" lon="-119.16525999999999"><ele>3005.0</ele></trkpt><trkpt lat="37.73262" lon="-119.16556000000003"><ele>3003.0</ele></trkpt><trkpt lat="37.73251" lon="-119.16559000000001"><ele>3003.0</ele></trkpt><trkpt lat="37.7323" lon="-119.16552999999999"><ele>3002.0</ele></trkpt><trkpt lat="37.73179" lon="-119.16580999999996"><ele>3001.230375183746</ele></trkpt><trkpt lat="37.73177" lon="-119.16583000000003"><ele>3001.0</ele></trkpt><trkpt lat="37.73181" lon="-119.16588999999999"><ele>3000.0</ele></trkpt><trkpt lat="37.73178" lon="-119.16593"><ele>2999.7730246736182</ele></trkpt><trkpt lat="37.73147" lon="-119.16584"><ele>2996.0</ele></trkpt><trkpt lat="37.73126" lon="-119.16586999999998"><ele>2995.0</ele></trkpt><trkpt lat="37.7312" lon="-119.16593"><ele>2994.3540302230977</ele></trkpt><trkpt lat="37.73095" lon="-119.16588000000002"><ele>2993.0</ele></trkpt><trkpt lat="37.73093" lon="-119.16593"><ele>2993.0</ele></trkpt><trkpt lat="37.73069" lon="-119.16613000000001"><ele>2995.08732315246</ele></trkpt><trkpt lat="37.73059" lon="-119.16628000000003"><ele>2995.330424891785</ele></trkpt><trkpt lat="37.73046" lon="-119.16631999999998"><ele>2993.544795417512</ele></trkpt><trkpt lat="37.73037" lon="-119.16651000000002"><ele>2997.383989334572</ele></trkpt><trkpt lat="37.73027" lon="-119.16658999999999"><ele>2998.7765324953943</ele></trkpt><trkpt lat="37.73012" lon="-119.16687999999999"><ele>2996.0</ele></trkpt><trkpt lat="37.73012" lon="-119.16692999999998"><ele>2995.0351644889697</ele></trkpt><trkpt lat="37.73021" lon="-119.16715999999997"><ele>2996.087097091623</ele></trkpt><trkpt lat="37.73019" lon="-119.16719999999998"><ele>2997.053796082552</ele></trkpt><trkpt lat="37.73012" lon="-119.16723999999999"><ele>2996.89614442701</ele></trkpt><trkpt lat="37.72978" lon="-119.16733999999997"><ele>2995.0512759148437</ele></trkpt><trkpt lat="37.72974" lon="-119.16742999999997"><ele>2994.434419574216</ele></trkpt><trkpt lat="37.72977" lon="-119.16762"><ele>2995.0</ele></trkpt><trkpt lat="37.72975" lon="-119.16778999999997"><ele>2997.0591137464667</ele></trkpt><trkpt lat="37.72947" lon="-119.16799000000003"><ele>3000.3569884458557</ele></trkpt><trkpt lat="37.72938" lon="-119.16802999999999"><ele>3001.221123554744</ele></trkpt><trkpt lat="37.72923" lon="-119.16820000000001"><ele>3003.471886106367</ele></trkpt><trkpt lat="37.72921" lon="-119.16825"><ele>3004.097043023975</ele></trkpt><trkpt lat="37.72908" lon="-119.16832999999997"><ele>3003.312246100192</ele></trkpt><trkpt lat="37.72892" lon="-119.16854999999998"><ele>3003.053208977126</ele></trkpt><trkpt lat="37.72885" lon="-119.16868999999997"><ele>3000.020488923295</ele></trkpt><trkpt lat="37.72881" lon="-119.16892000000001"><ele>3000.635405758396</ele></trkpt><trkpt lat="37.72882" lon="-119.16904"><ele>3001.0</ele></trkpt><trkpt lat="37.72877" lon="-119.16906"><ele>3000.0</ele></trkpt><trkpt lat="37.72874" lon="-119.16915"><ele>2998.7960395246046</ele></trkpt><trkpt lat="37.72892" lon="-119.16964999999999"><ele>3002.116973657161</ele></trkpt><trkpt lat="37.72883" lon="-119.17002000000002"><ele>3002.8138719312847</ele></trkpt><trkpt lat="37.72896" lon="-119.17052000000001"><ele>3001.0</ele></trkpt><trkpt lat="37.72893" lon="-119.17059"><ele>3000.525770667009</ele></trkpt><trkpt lat="37.72887" lon="-119.17061999999999"><ele>3000.0</ele></trkpt><trkpt lat="37.7288" lon="-119.17086999999998"><ele>3000.0</ele></trkpt><trkpt lat="37.72869" lon="-119.17106000000001"><ele>2998.7515513542103</ele></trkpt><trkpt lat="37.728610645700535" lon="-119.17115606046775"><ele>2998.8888082187623</ele></trkpt><trkpt lat="37.72857338653126" lon="-119.17120116374264"><ele>2998.695854459971</ele></trkpt><trkpt lat="37.72869" lon="-119.17106000000001"><ele>2998.7515513542103</ele></trkpt><trkpt lat="37.7288" lon="-119.17086999999998"><ele>3000.0</ele></trkpt><trkpt lat="37.72887" lon="-119.17061999999999"><ele>3000.0</ele></trkpt><trkpt lat="37.72893" lon="-119.17059"><ele>3000.525770667009</ele></trkpt><trkpt lat="37.72896" lon="-119.17052000000001"><ele>3001.0</ele></trkpt><trkpt lat="37.72883" lon="-119.17002000000002"><ele>3002.8138719312847</ele></trkpt><trkpt lat="37.72892" lon="-119.16964999999999"><ele>3002.116973657161</ele></trkpt><trkpt lat="37.72889476772306" lon="-119.16957991034184"><ele>3001.3452371549224</ele></trkpt><trkpt lat="37.728902687903066" lon="-119.16960191078903"><ele>3001.1937727332115</ele></trkpt><trkpt lat="37.72874" lon="-119.16915"><ele>2998.7960395246046</ele></trkpt><trkpt lat="37.72877" lon="-119.16906"><ele>3000.0</ele></trkpt><trkpt lat="37.72882" lon="-119.16904"><ele>3001.0</ele></trkpt><trkpt lat="37.72881" lon="-119.16892000000001"><ele>3000.635405758396</ele></trkpt><trkpt lat="37.72885" lon="-119.16868999999997"><ele>3000.020488923295</ele></trkpt><trkpt lat="37.72892" lon="-119.16854999999998"><ele>3003.053208977126</ele></trkpt><trkpt lat="37.72908" lon="-119.16832999999997"><ele>3003.312246100192</ele></trkpt><trkpt lat="37.72921" lon="-119.16825"><ele>3004.097043023975</ele></trkpt><trkpt lat="37.72923" lon="-119.16820000000001"><ele>3003.471886106367</ele></trkpt><trkpt lat="37.72938" lon="-119.16802999999999"><ele>3001.221123554744</ele></trkpt><trkpt lat="37.72947" lon="-119.16799000000003"><ele>3000.3569884458557</ele></trkpt><trkpt lat="37.72975" lon="-119.16778999999997"><ele>2997.0591137464667</ele></trkpt><trkpt lat="37.72977" lon="-119.16762"><ele>2995.0</ele></trkpt><trkpt lat="37.72974" lon="-119.16742999999997"><ele>2994.434419574216</ele></trkpt><trkpt lat="37.72978" lon="-119.16733999999997"><ele>2995.0512759148437</ele></trkpt><trkpt lat="37.73012" lon="-119.16723999999999"><ele>2996.89614442701</ele></trkpt><trkpt lat="37.73019" lon="-119.16719999999998"><ele>2997.053796082552</ele></trkpt><trkpt lat="37.73021" lon="-119.16715999999997"><ele>2996.087097091623</ele></trkpt><trkpt lat="37.73012" lon="-119.16692999999998"><ele>2995.0351644889697</ele></trkpt><trkpt lat="37.73012" lon="-119.16687999999999"><ele>2996.0</ele></trkpt><trkpt lat="37.73027" lon="-119.16658999999999"><ele>2998.7765324953943</ele></trkpt><trkpt lat="37.73037" lon="-119.16651000000002"><ele>2997.383989334572</ele></trkpt><trkpt lat="37.73046" lon="-119.16631999999998"><ele>2993.544795417512</ele></trkpt><trkpt lat="37.73059" lon="-119.16628000000003"><ele>2995.330424891785</ele></trkpt><trkpt lat="37.73069" lon="-119.16613000000001"><ele>2995.08732315246</ele></trkpt><trkpt lat="37.73093" lon="-119.16593"><ele>2993.0</ele></trkpt><trkpt lat="37.73095" lon="-119.16588000000002"><ele>2993.0</ele></trkpt><trkpt lat="37.7312" lon="-119.16593"><ele>2994.3540302230977</ele></trkpt><trkpt lat="37.73126" lon="-119.16586999999998"><ele>2995.0</ele></trkpt><trkpt lat="37.73147" lon="-119.16584"><ele>2996.0</ele></trkpt><trkpt lat="37.73178" lon="-119.16593"><ele>2999.7730246736182</ele></trkpt><trkpt lat="37.73181" lon="-119.16588999999999"><ele>3000.0</ele></trkpt><trkpt lat="37.73177" lon="-119.16583000000003"><ele>3001.0</ele></trkpt><trkpt lat="37.73179" lon="-119.16580999999996"><ele>3001.230375183746</ele></trkpt><trkpt lat="37.7323" lon="-119.16552999999999"><ele>3002.0</ele></trkpt><trkpt lat="37.73251" lon="-119.16559000000001"><ele>3003.0</ele></trkpt><trkpt lat="37.73262" lon="-119.16556000000003"><ele>3003.0</ele></trkpt><trkpt lat="37.73283" lon="-119.16525999999999"><ele>3005.0</ele></trkpt><trkpt lat="37.73298" lon="-119.16514999999998"><ele>3005.0033955550753</ele></trkpt><trkpt lat="37.73299" lon="-119.16494999999998"><ele>3003.0</ele></trkpt><trkpt lat="37.73305" lon="-119.16474"><ele>3001.0</ele></trkpt><trkpt lat="37.73305" lon="-119.16438"><ele>2998.4773536715657</ele></trkpt><trkpt lat="37.73297" lon="-119.16402"><ele>2995.763222238049</ele></trkpt><trkpt lat="37.73285" lon="-119.16383000000002"><ele>2994.4869368900545</ele></trkpt><trkpt lat="37.73282" lon="-119.16374000000002"><ele>2993.0</ele></trkpt><trkpt lat="37.73268" lon="-119.16356000000002"><ele>2989.0</ele></trkpt><trkpt lat="37.73241" lon="-119.16338000000002"><ele>2984.7644448056817</ele></trkpt><trkpt lat="37.73227" lon="-119.16311999999999"><ele>2981.0</ele></trkpt><trkpt lat="37.73226" lon="-119.16291999999999"><ele>2980.0778631102294</ele></trkpt><trkpt lat="37.73177" lon="-119.16254000000004"><ele>2973.0</ele></trkpt><trkpt lat="37.7316" lon="-119.16228000000001"><ele>2970.0</ele></trkpt><trkpt lat="37.73144" lon="-119.16226"><ele>2966.8742045173335</ele></trkpt><trkpt lat="37.73124" lon="-119.16209000000003"><ele>2961.821375919506</ele></trkpt><trkpt lat="37.73114" lon="-119.16203999999999"><ele>2959.0</ele></trkpt><trkpt lat="37.73105" lon="-119.16203000000002"><ele>2957.0</ele></trkpt><trkpt lat="37.73098" lon="-119.16196000000002"><ele>2955.0</ele></trkpt><trkpt lat="37.73094" lon="-119.16173000000003"><ele>2953.1438414175063</ele></trkpt><trkpt lat="37.73086" lon="-119.16151000000002"><ele>2950.42984431237</ele></trkpt><trkpt lat="37.73082" lon="-119.16147000000001"><ele>2949.0728476680815</ele></trkpt><trkpt lat="37.73079" lon="-119.16160000000002"><ele>2947.3051010221243</ele></trkpt><trkpt lat="37.73074" lon="-119.16160000000002"><ele>2945.3588582016528</ele></trkpt><trkpt lat="37.73064" lon="-119.16145"><ele>2941.46637853235</ele></trkpt><trkpt lat="37.73049" lon="-119.16129999999998"><ele>2938.0</ele></trkpt><trkpt lat="37.73037" lon="-119.16106000000002"><ele>2936.336494369042</ele></trkpt><trkpt lat="37.72986" lon="-119.16034000000002"><ele>2926.0802693100313</ele></trkpt><trkpt lat="37.72979" lon="-119.15999999999997"><ele>2925.38062261045</ele></trkpt><trkpt lat="37.72977" lon="-119.15958"><ele>2925.0</ele></trkpt><trkpt lat="37.72989" lon="-119.15921000000003"><ele>2922.403402471402</ele></trkpt><trkpt lat="37.72989" lon="-119.15921000000003"><ele>2922.403402471402</ele></trkpt><trkpt lat="37.72989" lon="-119.15921000000003"><ele>2922.403402471402</ele></trkpt><trkpt lat="37.73005" lon="-119.15900999999997"><ele>2925.099069487307</ele></trkpt><trkpt lat="37.72994" lon="-119.15837999999997"><ele>2929.0</ele></trkpt><trkpt lat="37.72998" lon="-119.15798999999998"><ele>2932.5762122757733</ele></trkpt><trkpt lat="37.73" lon="-119.15795000000003"><ele>2933.0</ele></trkpt><trkpt lat="37.73005" lon="-119.15796"><ele>2934.7009104471654</ele></trkpt><trkpt lat="37.73021" lon="-119.15809999999999"><ele>2939.0</ele></trkpt><trkpt lat="37.73027" lon="-119.15809999999999"><ele>2940.0</ele></trkpt><trkpt lat="37.73028" lon="-119.15805999999998"><ele>2940.5629740384757</ele></trkpt><trkpt lat="37.73017" lon="-119.15771000000001"><ele>2943.0</ele></trkpt><trkpt lat="37.73017" lon="-119.15771000000001"><ele>2943.0</ele></trkpt><trkpt lat="37.73013" lon="-119.15728999999999"><ele>2950.0</ele></trkpt><trkpt lat="37.73018" lon="-119.15719000000001"><ele>2951.0</ele></trkpt><trkpt lat="37.73017" lon="-119.15701999999999"><ele>2948.3191945806507</ele></trkpt><trkpt lat="37.73023" lon="-119.15688999999998"><ele>2946.041212555552</ele></trkpt><trkpt lat="37.73029" lon="-119.15683999999999"><ele>2945.0</ele></trkpt><trkpt lat="37.73032" lon="-119.15672999999998"><ele>2945.0</ele></trkpt><trkpt lat="37.7303" lon="-119.15663999999998"><ele>2943.176540018999</ele></trkpt><trkpt lat="37.73035" lon="-119.15659"><ele>2943.0</ele></trkpt><trkpt lat="37.73036" lon="-119.15645"><ele>2939.985495382235</ele></trkpt><trkpt lat="37.7304" lon="-119.15636"><ele>2939.5674549051814</ele></trkpt><trkpt lat="37.73037" lon="-119.15611000000001"><ele>2938.0</ele></trkpt><trkpt lat="37.73038" lon="-119.15598999999997"><ele>2938.9830012072107</ele></trkpt><trkpt lat="37.73055" lon="-119.1558"><ele>2941.0</ele></trkpt><trkpt lat="37.73063" lon="-119.15564999999998"><ele>2941.0</ele></trkpt><trkpt lat="37.73066" lon="-119.15553"><ele>2942.0</ele></trkpt><trkpt lat="37.73066" lon="-119.15553"><ele>2942.0</ele></trkpt><trkpt lat="37.7307" lon="-119.15548000000001"><ele>2943.0</ele></trkpt><trkpt lat="37.73077" lon="-119.15544999999997"><ele>2944.0</ele></trkpt><trkpt lat="37.73084" lon="-119.15517999999997"><ele>2946.0</ele></trkpt><trkpt lat="37.73071" lon="-119.15507000000002"><ele>2948.0</ele></trkpt><trkpt lat="37.73063" lon="-119.15489000000002"><ele>2948.8952247450775</ele></trkpt><trkpt lat="37.73057" lon="-119.15487000000002"><ele>2947.3416474983096</ele></trkpt><trkpt lat="37.73045" lon="-119.15492999999998"><ele>2944.7168746660464</ele></trkpt><trkpt lat="37.73039" lon="-119.15476999999998"><ele>2942.7352141700685</ele></trkpt><trkpt lat="37.7301910439572" lon="-119.15455114835288"><ele>2937.011833038181</ele></trkpt><trkpt lat="37.73019379615339" lon="-119.15455417561748"><ele>2937.1740045491606</ele></trkpt><trkpt lat="37.73009" lon="-119.15444000000002"><ele>2935.169787705723</ele></trkpt><trkpt lat="37.72998" lon="-119.15435000000002"><ele>2932.1804030994676</ele></trkpt><trkpt lat="37.72992" lon="-119.15424000000002"><ele>2930.0407598037273</ele></trkpt><trkpt lat="37.72976" lon="-119.15408000000002"><ele>2925.0</ele></trkpt><trkpt lat="37.72958" lon="-119.15376000000003"><ele>2922.0053263471423</ele></trkpt><trkpt lat="37.72954" lon="-119.15343999999999"><ele>2922.6496273353696</ele></trkpt><trkpt lat="37.72954" lon="-119.15318000000002"><ele>2920.0</ele></trkpt><trkpt lat="37.72959" lon="-119.15296999999998"><ele>2919.0</ele></trkpt><trkpt lat="37.72965" lon="-119.15287000000001"><ele>2919.0</ele></trkpt><trkpt lat="37.72968" lon="-119.15276"><ele>2919.0</ele></trkpt><trkpt lat="37.72969" lon="-119.15268000000003"><ele>2918.511781467125</ele></trkpt><trkpt lat="37.72965" lon="-119.15253000000001"><ele>2918.1312591265887</ele></trkpt><trkpt lat="37.72965" lon="-119.15233"><ele>2918.451907555107</ele></trkpt><trkpt lat="37.72968" lon="-119.15220999999997"><ele>2920.0</ele></trkpt><trkpt lat="37.72976" lon="-119.15206999999998"><ele>2920.0</ele></trkpt><trkpt lat="37.7299" lon="-119.15161"><ele>2919.0008731070916</ele></trkpt><trkpt lat="37.7299" lon="-119.15161"><ele>2919.0008731070916</ele></trkpt><trkpt lat="37.7299" lon="-119.15161"><ele>2919.0008731070916</ele></trkpt><trkpt lat="37.72975" lon="-119.15151000000003"><ele>2921.0</ele></trkpt><trkpt lat="37.72966" lon="-119.1515"><ele>2921.0</ele></trkpt><trkpt lat="37.72954" lon="-119.15142000000003"><ele>2921.0</ele></trkpt><trkpt lat="37.7292" lon="-119.15106000000003"><ele>2917.0</ele></trkpt><trkpt lat="37.72902" lon="-119.15098999999998"><ele>2918.0</ele></trkpt><trkpt lat="37.72891" lon="-119.15084000000002"><ele>2917.0515044866534</ele></trkpt><trkpt lat="37.728559219359035" lon="-119.15053636315531"><ele>2916.0</ele></trkpt><trkpt lat="37.728570891500155" lon="-119.15051678655448"><ele>2916.0</ele></trkpt><trkpt lat="37.72827" lon="-119.15022999999997"><ele>2911.6809991095215</ele></trkpt><trkpt lat="37.72818" lon="-119.15017999999998"><ele>2911.1705441260783</ele></trkpt><trkpt lat="37.72818" lon="-119.15017999999998"><ele>2911.1705441260783</ele></trkpt><trkpt lat="37.72818" lon="-119.15017999999998"><ele>2911.1705441260783</ele></trkpt><trkpt lat="37.72818057281777" lon="-119.1501774223209"><ele>2911.104361085917</ele></trkpt><trkpt lat="37.72818" lon="-119.15017999999998"><ele>2911.1705441260783</ele></trkpt><trkpt lat="37.72818" lon="-119.15017999999998"><ele>2911.1705441260783</ele></trkpt><trkpt lat="37.72827" lon="-119.15022999999997"><ele>2911.6809991095215</ele></trkpt><trkpt lat="37.72891" lon="-119.15084000000002"><ele>2917.0515044866534</ele></trkpt><trkpt lat="37.72902" lon="-119.15098999999998"><ele>2918.0</ele></trkpt><trkpt lat="37.7292" lon="-119.15106000000003"><ele>2917.0</ele></trkpt><trkpt lat="37.72954" lon="-119.15142000000003"><ele>2921.0</ele></trkpt><trkpt lat="37.72966" lon="-119.1515"><ele>2921.0</ele></trkpt><trkpt lat="37.72975" lon="-119.15151000000003"><ele>2921.0</ele></trkpt><trkpt lat="37.7299" lon="-119.15161"><ele>2919.0008731070916</ele></trkpt><trkpt lat="37.7299" lon="-119.15161"><ele>2919.0008731070916</ele></trkpt><trkpt lat="37.72998" lon="-119.15147999999999"><ele>2920.0</ele></trkpt><trkpt lat="37.73014" lon="-119.15133000000003"><ele>2922.0</ele></trkpt><trkpt lat="37.73019" lon="-119.15123"><ele>2921.0</ele></trkpt><trkpt lat="37.73024" lon="-119.15096"><ele>2922.0</ele></trkpt><trkpt lat="37.73026413095505" lon="-119.15069455949441"><ele>2922.0</ele></trkpt><trkpt lat="37.73026367304566" lon="-119.15069959650884"><ele>2922.0</ele></trkpt><trkpt lat="37.73027" lon="-119.15062999999998"><ele>2922.0</ele></trkpt><trkpt lat="37.73023" lon="-119.15017999999998"><ele>2922.0</ele></trkpt><trkpt lat="37.72997" lon="-119.14908000000003"><ele>2920.9869699981064</ele></trkpt><trkpt lat="37.72997" lon="-119.14908000000003"><ele>2920.9869699981064</ele></trkpt><trkpt lat="37.72997" lon="-119.14908000000003"><ele>2920.9869699981064</ele></trkpt><trkpt lat="37.72998" lon="-119.14897000000002"><ele>2921.0</ele></trkpt><trkpt lat="37.73003" lon="-119.14884"><ele>2922.0</ele></trkpt><trkpt lat="37.73002" lon="-119.14872000000003"><ele>2921.0</ele></trkpt><trkpt lat="37.72997" lon="-119.14852000000002"><ele>2917.0</ele></trkpt><trkpt lat="37.72995" lon="-119.14823999999999"><ele>2913.808485681191</ele></trkpt><trkpt lat="37.72996" lon="-119.14792"><ele>2909.424924245104</ele></trkpt><trkpt lat="37.73007" lon="-119.14769000000001"><ele>2909.0</ele></trkpt><trkpt lat="37.73021" lon="-119.14695"><ele>2901.128806622699</ele></trkpt><trkpt lat="37.73019" lon="-119.14652000000001"><ele>2899.743593383389</ele></trkpt><trkpt lat="37.73013" lon="-119.14627000000002"><ele>2899.3602513507603</ele></trkpt><trkpt lat="37.73006" lon="-119.14609999999999"><ele>2899.229497124159</ele></trkpt><trkpt lat="37.72997" lon="-119.14596"><ele>2897.9910799734166</ele></trkpt><trkpt lat="37.7298" lon="-119.14585"><ele>2894.983177646025</ele></trkpt><trkpt lat="37.72979" lon="-119.14578"><ele>2895.0</ele></trkpt><trkpt lat="37.72979" lon="-119.14578"><ele>2895.0</ele></trkpt><trkpt lat="37.72979" lon="-119.14578"><ele>2895.0</ele></trkpt><trkpt lat="37.72972" lon="-119.14573999999999"><ele>2894.0</ele></trkpt><trkpt lat="37.72968" lon="-119.14564000000001"><ele>2893.0</ele></trkpt><trkpt lat="37.72946" lon="-119.14530000000002"><ele>2888.8668005041477</ele></trkpt><trkpt lat="37.72943" lon="-119.14449000000002"><ele>2882.0</ele></trkpt><trkpt lat="37.72929896655414" lon="-119.14422169342038"><ele>2879.0</ele></trkpt><trkpt lat="37.72930511890022" lon="-119.14423429093443"><ele>2879.0</ele></trkpt><trkpt lat="37.72922" lon="-119.14405999999997"><ele>2877.7940259519964</ele></trkpt><trkpt lat="37.72908" lon="-119.14348999999999"><ele>2875.5447259712964</ele></trkpt><trkpt lat="37.72886" lon="-119.14296000000002"><ele>2871.0</ele></trkpt><trkpt lat="37.72888" lon="-119.14269000000002"><ele>2873.7600387595594</ele></trkpt><trkpt lat="37.72886" lon="-119.14256"><ele>2874.0</ele></trkpt><trkpt lat="37.72888" lon="-119.14240000000001"><ele>2875.7600387595594</ele></trkpt><trkpt lat="37.72881" lon="-119.14201000000003"><ele>2879.2533783530853</ele></trkpt><trkpt lat="37.72879" lon="-119.14172000000002"><ele>2883.4569399021566</ele></trkpt><trkpt lat="37.7288" lon="-119.14159000000001"><ele>2886.0</ele></trkpt><trkpt lat="37.72872" lon="-119.14143000000001"><ele>2886.0</ele></trkpt><trkpt lat="37.72872" lon="-119.14125000000001"><ele>2889.271609598939</ele></trkpt><trkpt lat="37.72868" lon="-119.14112999999998"><ele>2889.399652286103</ele></trkpt><trkpt lat="37.72859" lon="-119.14096"><ele>2891.0</ele></trkpt><trkpt lat="37.72859" lon="-119.14069"><ele>2895.6722988411784</ele></trkpt><trkpt lat="37.72852" lon="-119.14058999999997"><ele>2896.0</ele></trkpt><trkpt lat="37.72847" lon="-119.14042"><ele>2898.0</ele></trkpt><trkpt lat="37.72848" lon="-119.1402"><ele>2901.7984020868075</ele></trkpt><trkpt lat="37.72843" lon="-119.13997"><ele>2904.114882258149</ele></trkpt><trkpt lat="37.72814" lon="-119.13941999999997"><ele>2908.0</ele></trkpt><trkpt lat="37.72804" lon="-119.13932999999997"><ele>2911.0</ele></trkpt><trkpt lat="37.72795" lon="-119.13929000000002"><ele>2911.9677937352476</ele></trkpt><trkpt lat="37.72785" lon="-119.13914999999997"><ele>2914.706328607055</ele></trkpt><trkpt lat="37.72786" lon="-119.13911000000002"><ele>2916.0</ele></trkpt><trkpt lat="37.72798" lon="-119.13911000000002"><ele>2915.6707479690335</ele></trkpt><trkpt lat="37.72802" lon="-119.13907"><ele>2915.9493472060485</ele></trkpt><trkpt lat="37.72803" lon="-119.13899000000004"><ele>2917.0</ele></trkpt><trkpt lat="37.72787" lon="-119.13869"><ele>2920.0</ele></trkpt><trkpt lat="37.72784" lon="-119.13855999999998"><ele>2920.0</ele></trkpt><trkpt lat="37.72794" lon="-119.13818000000003"><ele>2923.0</ele></trkpt><trkpt lat="37.72805" lon="-119.13805000000002"><ele>2925.0</ele></trkpt><trkpt lat="37.72806" lon="-119.13800000000003"><ele>2926.0</ele></trkpt><trkpt lat="37.72802" lon="-119.1379"><ele>2925.943940202866</ele></trkpt><trkpt lat="37.72777" lon="-119.13776000000001"><ele>2928.4631217769347</ele></trkpt><trkpt lat="37.72752" lon="-119.13740000000001"><ele>2936.150213459331</ele></trkpt><trkpt lat="37.72737" lon="-119.13727"><ele>2939.063735814317</ele></trkpt><trkpt lat="37.72699" lon="-119.13704000000001"><ele>2943.0175537769683</ele></trkpt><trkpt lat="37.7268" lon="-119.13686000000001"><ele>2948.0</ele></trkpt><trkpt lat="37.72671" lon="-119.13668999999999"><ele>2951.2952800472617</ele></trkpt><trkpt lat="37.72664" lon="-119.13664"><ele>2951.658904888667</ele></trkpt><trkpt lat="37.72658" lon="-119.13664"><ele>2951.658904888667</ele></trkpt><trkpt lat="37.72653" lon="-119.13659999999999"><ele>2952.0</ele></trkpt><trkpt lat="37.7261" lon="-119.13574"><ele>2959.0</ele></trkpt><trkpt lat="37.7261" lon="-119.13574"><ele>2959.0</ele></trkpt><trkpt lat="37.72556" lon="-119.13479000000001"><ele>2963.0</ele></trkpt><trkpt lat="37.72556" lon="-119.13479000000001"><ele>2963.0</ele></trkpt><trkpt lat="37.72556" lon="-119.13479000000001"><ele>2963.0</ele></trkpt><trkpt lat="37.72541" lon="-119.13463000000002"><ele>2963.0</ele></trkpt><trkpt lat="37.72498" lon="-119.13437999999996"><ele>2960.0</ele></trkpt><trkpt lat="37.72469" lon="-119.13414"><ele>2957.0</ele></trkpt><trkpt lat="37.72455" lon="-119.13395000000003"><ele>2957.0</ele></trkpt><trkpt lat="37.72395" lon="-119.13360999999998"><ele>2947.904016287801</ele></trkpt><trkpt lat="37.72369" lon="-119.13335999999998"><ele>2946.4620286591876</ele></trkpt><trkpt lat="37.7235" lon="-119.13324"><ele>2946.1103893332183</ele></trkpt><trkpt lat="37.72344" lon="-119.13308999999998"><ele>2948.0</ele></trkpt><trkpt lat="37.72344" lon="-119.13308999999998"><ele>2948.0</ele></trkpt><trkpt lat="37.72344" lon="-119.13308999999998"><ele>2948.0</ele></trkpt><trkpt lat="37.72323" lon="-119.13276000000002"><ele>2949.480010665953</ele></trkpt><trkpt lat="37.7231" lon="-119.13218"><ele>2951.0</ele></trkpt><trkpt lat="37.72283" lon="-119.13177000000002"><ele>2946.0</ele></trkpt><trkpt lat="37.72271" lon="-119.13148999999999"><ele>2945.739071281344</ele></trkpt><trkpt lat="37.72267605841625" lon="-119.1314409732679"><ele>2945.9893282870507</ele></trkpt><trkpt lat="37.72268959065785" lon="-119.13146051982528"><ele>2945.055136285645</ele></trkpt><trkpt lat="37.72262" lon="-119.13135999999997"><ele>2946.97671732254</ele></trkpt><trkpt lat="37.72256" lon="-119.13096000000002"><ele>2950.607175688766</ele></trkpt><trkpt lat="37.72246" lon="-119.13078999999999"><ele>2951.1410086971414</ele></trkpt><trkpt lat="37.72212" lon="-119.13040000000001"><ele>2952.4639822216704</ele></trkpt><trkpt lat="37.72205" lon="-119.13015000000001"><ele>2954.038130550828</ele></trkpt><trkpt lat="37.72166" lon="-119.12964"><ele>2953.3541410565376</ele></trkpt><trkpt lat="37.72161" lon="-119.12955999999997"><ele>2953.0</ele></trkpt><trkpt lat="37.72157" lon="-119.12940000000003"><ele>2954.0</ele></trkpt><trkpt lat="37.72135" lon="-119.12909000000002"><ele>2950.557974174595</ele></trkpt><trkpt lat="37.72118" lon="-119.12878999999998"><ele>2950.0365514072337</ele></trkpt><trkpt lat="37.72115" lon="-119.12864000000002"><ele>2950.1488210030698</ele></trkpt><trkpt lat="37.72106" lon="-119.12849"><ele>2950.001770699198</ele></trkpt><trkpt lat="37.72105" lon="-119.1284"><ele>2950.8072318702266</ele></trkpt><trkpt lat="37.72097" lon="-119.12826000000001"><ele>2950.0</ele></trkpt><trkpt lat="37.72083" lon="-119.12806999999998"><ele>2948.0</ele></trkpt><trkpt lat="37.72072" lon="-119.12786"><ele>2947.9954133450046</ele></trkpt><trkpt lat="37.72053" lon="-119.12757999999997"><ele>2947.0</ele></trkpt><trkpt lat="37.72041" lon="-119.1275"><ele>2945.8871252010554</ele></trkpt><trkpt lat="37.72034" lon="-119.12752"><ele>2945.0</ele></trkpt><trkpt lat="37.72027" lon="-119.12745999999999"><ele>2943.459427688271</ele></trkpt><trkpt lat="37.72019" lon="-119.12729999999999"><ele>2940.746109658852</ele></trkpt><trkpt lat="37.7202" lon="-119.12723"><ele>2941.335274135694</ele></trkpt><trkpt lat="37.72018" lon="-119.12712999999997"><ele>2941.1569452621043</ele></trkpt><trkpt lat="37.72008" lon="-119.12689999999998"><ele>2938.265305675566</ele></trkpt><trkpt lat="37.71982" lon="-119.12666999999999"><ele>2932.9626692240245</ele></trkpt><trkpt lat="37.71963" lon="-119.12633"><ele>2931.7875355862857</ele></trkpt><trkpt lat="37.71915" lon="-119.12592999999998"><ele>2930.0</ele></trkpt><trkpt lat="37.71867" lon="-119.12567000000001"><ele>2925.194034151733</ele></trkpt><trkpt lat="37.71859" lon="-119.12558999999999"><ele>2925.0</ele></trkpt><trkpt lat="37.71859" lon="-119.12558999999999"><ele>2925.0</ele></trkpt><trkpt lat="37.71841" lon="-119.12549000000001"><ele>2924.0</ele></trkpt><trkpt lat="37.71839" lon="-119.12545"><ele>2924.0</ele></trkpt><trkpt lat="37.71807" lon="-119.12511"><ele>2921.9958506659605</ele></trkpt><trkpt lat="37.71803" lon="-119.125"><ele>2922.550969963864</ele></trkpt><trkpt lat="37.71802" lon="-119.12488000000002"><ele>2923.8992995768785</ele></trkpt><trkpt lat="37.71804" lon="-119.12479000000002"><ele>2925.0</ele></trkpt><trkpt lat="37.71801" lon="-119.12475"><ele>2924.0</ele></trkpt><trkpt lat="37.71802" lon="-119.12464999999997"><ele>2925.5095391422897</ele></trkpt><trkpt lat="37.71767" lon="-119.12434999999999"><ele>2922.0</ele></trkpt><trkpt lat="37.71727" lon="-119.12369999999999"><ele>2922.0</ele></trkpt><trkpt lat="37.71717" lon="-119.12356999999997"><ele>2921.0</ele></trkpt><trkpt lat="37.71709" lon="-119.12353999999999"><ele>2919.163153778296</ele></trkpt><trkpt lat="37.71696" lon="-119.12338"><ele>2920.0</ele></trkpt><trkpt lat="37.71688" lon="-119.12319000000002"><ele>2920.349603661289</ele></trkpt><trkpt lat="37.71686" lon="-119.12308999999999"><ele>2919.5587619431317</ele></trkpt><trkpt lat="37.71673" lon="-119.12293"><ele>2921.0</ele></trkpt><trkpt lat="37.71658" lon="-119.12265000000002"><ele>2921.0402855340253</ele></trkpt><trkpt lat="37.71593" lon="-119.12216999999998"><ele>2916.771532925459</ele></trkpt><trkpt lat="37.71572" lon="-119.12207999999998"><ele>2915.0</ele></trkpt><trkpt lat="37.7155" lon="-119.12184000000002"><ele>2912.780948743927</ele></trkpt><trkpt lat="37.71531" lon="-119.12176"><ele>2910.91134434411</ele></trkpt><trkpt lat="37.7151" lon="-119.12178"><ele>2908.0</ele></trkpt><trkpt lat="37.71503" lon="-119.12170000000003"><ele>2909.0</ele></trkpt><trkpt lat="37.71496" lon="-119.12152000000003"><ele>2911.3019768870436</ele></trkpt><trkpt lat="37.71485" lon="-119.12143000000003"><ele>2911.568634879293</ele></trkpt><trkpt lat="37.71479" lon="-119.12131999999997"><ele>2912.3791387835527</ele></trkpt><trkpt lat="37.71469" lon="-119.12110000000001"><ele>2911.0</ele></trkpt><trkpt lat="37.71469" lon="-119.12099999999998"><ele>2911.7176982034</ele></trkpt><trkpt lat="37.71461" lon="-119.12092000000001"><ele>2911.0</ele></trkpt><trkpt lat="37.71421" lon="-119.12089000000003"><ele>2909.0</ele></trkpt><trkpt lat="37.7138" lon="-119.12068999999997"><ele>2905.987709903385</ele></trkpt><trkpt lat="37.71314" lon="-119.12027"><ele>2906.5561991110444</ele></trkpt><trkpt lat="37.71287" lon="-119.11996999999997"><ele>2907.0</ele></trkpt><trkpt lat="37.71283" lon="-119.11991"><ele>2907.0</ele></trkpt><trkpt lat="37.71271" lon="-119.11946999999998"><ele>2911.850719272656</ele></trkpt><trkpt lat="37.71266" lon="-119.11917"><ele>2914.0</ele></trkpt><trkpt lat="37.71241" lon="-119.11892999999998"><ele>2917.0</ele></trkpt><trkpt lat="37.71247" lon="-119.11888999999996"><ele>2918.0</ele></trkpt><trkpt lat="37.71267" lon="-119.11885999999998"><ele>2920.7925056115246</ele></trkpt><trkpt lat="37.71283" lon="-119.11894000000001"><ele>2922.0</ele></trkpt><trkpt lat="37.71301" lon="-119.11897999999997"><ele>2923.0</ele></trkpt><trkpt lat="37.71305" lon="-119.11897999999997"><ele>2923.6745564462617</ele></trkpt><trkpt lat="37.71308" lon="-119.11892999999998"><ele>2924.870909081503</ele></trkpt><trkpt lat="37.71282" lon="-119.11882000000003"><ele>2924.6120501535097</ele></trkpt><trkpt lat="37.71261" lon="-119.11851000000001"><ele>2926.760456798598</ele></trkpt><trkpt lat="37.71247" lon="-119.11844000000002"><ele>2925.84038044326</ele></trkpt><trkpt lat="37.71227" lon="-119.11813999999998"><ele>2928.125523154658</ele></trkpt><trkpt lat="37.71223" lon="-119.11806000000001"><ele>2928.908317028</ele></trkpt><trkpt lat="37.71222" lon="-119.11791"><ele>2931.6354983331275</ele></trkpt><trkpt lat="37.71216" lon="-119.11788000000001"><ele>2931.938271999359</ele></trkpt><trkpt lat="37.71204" lon="-119.11775999999998"><ele>2933.134182096459</ele></trkpt><trkpt lat="37.71165" lon="-119.11757999999998"><ele>2931.9700290030823</ele></trkpt><trkpt lat="37.71141" lon="-119.11694"><ele>2934.870276249075</ele></trkpt><trkpt lat="37.71145" lon="-119.11671999999999"><ele>2937.999722678825</ele></trkpt><trkpt lat="37.71151" lon="-119.11655000000002"><ele>2940.4303562310592</ele></trkpt><trkpt lat="37.71155" lon="-119.11651999999998"><ele>2942.73771834746</ele></trkpt><trkpt lat="37.71159" lon="-119.11682000000002"><ele>2943.094101920724</ele></trkpt><trkpt lat="37.71161" lon="-119.11682000000002"><ele>2944.0</ele></trkpt><trkpt lat="37.71165" lon="-119.11671999999999"><ele>2945.628679662943</ele></trkpt><trkpt lat="37.71166" lon="-119.11662000000001"><ele>2947.0</ele></trkpt><trkpt lat="37.71175" lon="-119.11657000000002"><ele>2949.0</ele></trkpt><trkpt lat="37.71192" lon="-119.11676"><ele>2952.0</ele></trkpt><trkpt lat="37.71198" lon="-119.11676999999997"><ele>2953.0460322893373</ele></trkpt><trkpt lat="37.71198" lon="-119.11662999999999"><ele>2955.0132644712207</ele></trkpt><trkpt lat="37.71225" lon="-119.11696"><ele>2957.0</ele></trkpt><trkpt lat="37.71231" lon="-119.11698999999999"><ele>2958.5092237386853</ele></trkpt><trkpt lat="37.71232" lon="-119.11696"><ele>2959.0983255542815</ele></trkpt><trkpt lat="37.71216" lon="-119.11666000000002"><ele>2961.5343928917764</ele></trkpt><trkpt lat="37.71171" lon="-119.11601999999999"><ele>2961.101311921267</ele></trkpt><trkpt lat="37.71162" lon="-119.11565000000002"><ele>2962.861390436068</ele></trkpt><trkpt lat="37.71155" lon="-119.11556999999999"><ele>2962.5920746671036</ele></trkpt><trkpt lat="37.71144" lon="-119.11559"><ele>2959.830071197257</ele></trkpt><trkpt lat="37.71125" lon="-119.11545000000001"><ele>2960.2373926477676</ele></trkpt><trkpt lat="37.7112" lon="-119.11545000000001"><ele>2960.184479999356</ele></trkpt><trkpt lat="37.71097" lon="-119.11525"><ele>2961.2880899513166</ele></trkpt><trkpt lat="37.71084" lon="-119.11518999999998"><ele>2961.3013582224958</ele></trkpt><trkpt lat="37.71077" lon="-119.11518999999998"><ele>2961.0</ele></trkpt><trkpt lat="37.71074" lon="-119.11509999999998"><ele>2960.0212246757</ele></trkpt><trkpt lat="37.71074" lon="-119.11491999999998"><ele>2960.0212246757</ele></trkpt><trkpt lat="37.71059" lon="-119.11493999999999"><ele>2956.0</ele></trkpt><trkpt lat="37.71054" lon="-119.11487"><ele>2954.453893788159</ele></trkpt><trkpt lat="37.71018" lon="-119.11455999999998"><ele>2954.0</ele></trkpt><trkpt lat="37.70993" lon="-119.11450000000002"><ele>2949.4576888880692</ele></trkpt><trkpt lat="37.70979" lon="-119.11433"><ele>2947.0581003800035</ele></trkpt><trkpt lat="37.70957" lon="-119.11433999999997"><ele>2945.9142293347977</ele></trkpt><trkpt lat="37.70935600480241" lon="-119.11425083533436"><ele>2942.0</ele></trkpt><trkpt lat="37.70937888621892" lon="-119.11426036916714"><ele>2942.5253762644074</ele></trkpt><trkpt lat="37.70921" lon="-119.11419000000001"><ele>2942.8065658038745</ele></trkpt><trkpt lat="37.709" lon="-119.11403999999999"><ele>2941.4663236141414</ele></trkpt><trkpt lat="37.70861" lon="-119.11385000000001"><ele>2940.7498844438232</ele></trkpt><trkpt lat="37.7085" lon="-119.11376999999999"><ele>2941.0</ele></trkpt><trkpt lat="37.7085" lon="-119.11376999999999"><ele>2941.0</ele></trkpt><trkpt lat="37.70838" lon="-119.11367999999999"><ele>2940.999464402165</ele></trkpt><trkpt lat="37.70827" lon="-119.11351000000002"><ele>2941.0</ele></trkpt><trkpt lat="37.70825" lon="-119.11345"><ele>2941.0</ele></trkpt><trkpt lat="37.70823" lon="-119.11331999999999"><ele>2940.539001113773</ele></trkpt><trkpt lat="37.70822" lon="-119.11306000000002"><ele>2942.8150248871743</ele></trkpt><trkpt lat="37.70825" lon="-119.11293999999998"><ele>2944.3404545541853</ele></trkpt><trkpt lat="37.70822" lon="-119.11253999999997"><ele>2947.0</ele></trkpt><trkpt lat="37.7082" lon="-119.11241000000001"><ele>2947.3951080385596</ele></trkpt><trkpt lat="37.70813" lon="-119.11225000000002"><ele>2948.0856407408737</ele></trkpt><trkpt lat="37.70807" lon="-119.11205000000001"><ele>2948.468843419039</ele></trkpt><trkpt lat="37.70808" lon="-119.11171999999999"><ele>2950.326284511015</ele></trkpt><trkpt lat="37.70815" lon="-119.11157000000003"><ele>2953.449763512239</ele></trkpt><trkpt lat="37.70802" lon="-119.11115000000001"><ele>2953.791877038777</ele></trkpt><trkpt lat="37.70768" lon="-119.11079999999998"><ele>2951.6797661966907</ele></trkpt><trkpt lat="37.70746" lon="-119.11048"><ele>2953.607479510829</ele></trkpt><trkpt lat="37.70722" lon="-119.10991000000001"><ele>2954.033910395112</ele></trkpt><trkpt lat="37.70718" lon="-119.10976"><ele>2954.8675893096156</ele></trkpt><trkpt lat="37.70706" lon="-119.10973999999999"><ele>2953.289767111186</ele></trkpt><trkpt lat="37.70695" lon="-119.10986000000003"><ele>2951.935270799324</ele></trkpt><trkpt lat="37.7068" lon="-119.11011000000002"><ele>2950.1203049472533</ele></trkpt><trkpt lat="37.70673" lon="-119.11014999999998"><ele>2949.8387727201807</ele></trkpt><trkpt lat="37.70656" lon="-119.10998000000001"><ele>2950.0827942438755</ele></trkpt><trkpt lat="37.70632" lon="-119.10986000000003"><ele>2948.348882842809</ele></trkpt><trkpt lat="37.7061" lon="-119.10968000000003"><ele>2947.6923487428576</ele></trkpt><trkpt lat="37.70595" lon="-119.10944999999998"><ele>2946.9719951050565</ele></trkpt><trkpt lat="37.70556" lon="-119.10897999999997"><ele>2946.8836343120784</ele></trkpt><trkpt lat="37.70552" lon="-119.10896000000002"><ele>2945.8300691490604</ele></trkpt><trkpt lat="37.70513" lon="-119.10904"><ele>2943.3574929912575</ele></trkpt><trkpt lat="37.70465" lon="-119.10905000000002"><ele>2941.2906814958055</ele></trkpt><trkpt lat="37.70435" lon="-119.10897999999997"><ele>2941.276680017936</ele></trkpt><trkpt lat="37.70404" lon="-119.10906999999997"><ele>2938.0</ele></trkpt><trkpt lat="37.70398" lon="-119.10904"><ele>2936.831276740906</ele></trkpt><trkpt lat="37.70391" lon="-119.10897999999997"><ele>2936.0</ele></trkpt><trkpt lat="37.70379" lon="-119.10876999999999"><ele>2934.623361721635</ele></trkpt><trkpt lat="37.70374" lon="-119.10872999999998"><ele>2934.0</ele></trkpt><trkpt lat="37.70357" lon="-119.10872999999998"><ele>2932.0</ele></trkpt><trkpt lat="37.70352" lon="-119.10870999999997"><ele>2931.209543271211</ele></trkpt><trkpt lat="37.70308" lon="-119.10822999999999"><ele>2926.0</ele></trkpt><trkpt lat="37.70281" lon="-119.10813999999999"><ele>2921.9131196491007</ele></trkpt><trkpt lat="37.7026" lon="-119.10800999999998"><ele>2917.5695722956716</ele></trkpt><trkpt lat="37.7026" lon="-119.10800999999998"><ele>2917.5695722956716</ele></trkpt><trkpt lat="37.7026" lon="-119.10800999999998"><ele>2917.5695722956716</ele></trkpt><trkpt lat="37.7025" lon="-119.10774000000004"><ele>2915.0</ele></trkpt><trkpt lat="37.70245" lon="-119.10766999999998"><ele>2914.0</ele></trkpt><trkpt lat="37.70225" lon="-119.10757000000001"><ele>2912.0</ele></trkpt><trkpt lat="37.70202" lon="-119.10732000000002"><ele>2911.0</ele></trkpt><trkpt lat="37.70197" lon="-119.10720000000003"><ele>2911.0</ele></trkpt><trkpt lat="37.70196" lon="-119.10699999999997"><ele>2911.0</ele></trkpt><trkpt lat="37.70188964281409" lon="-119.10687898564026"><ele>2909.0</ele></trkpt><trkpt lat="37.70188964281409" lon="-119.10687898564026"><ele>2909.0</ele></trkpt><trkpt lat="37.70171" lon="-119.10657000000003"><ele>2906.0</ele></trkpt><trkpt lat="37.70162" lon="-119.10618"><ele>2904.0</ele></trkpt><trkpt lat="37.70145" lon="-119.10588000000001"><ele>2901.7915684673935</ele></trkpt><trkpt lat="37.70133" lon="-119.10573999999997"><ele>2900.0</ele></trkpt><trkpt lat="37.70121" lon="-119.10564999999997"><ele>2899.655220299959</ele></trkpt><trkpt lat="37.70121" lon="-119.10564999999997"><ele>2899.655220299959</ele></trkpt><trkpt lat="37.70095" lon="-119.10537999999997"><ele>2893.0</ele></trkpt><trkpt lat="37.70073" lon="-119.1053"><ele>2888.3826612699777</ele></trkpt><trkpt lat="37.70068" lon="-119.10525999999999"><ele>2888.0</ele></trkpt><trkpt lat="37.70051" lon="-119.10496999999998"><ele>2884.424466229975</ele></trkpt><trkpt lat="37.70048" lon="-119.10496999999998"><ele>2883.657442614436</ele></trkpt><trkpt lat="37.70047" lon="-119.10513000000003"><ele>2883.0</ele></trkpt><trkpt lat="37.70046" lon="-119.10552999999999"><ele>2879.4794272650033</ele></trkpt><trkpt lat="37.70039" lon="-119.10566"><ele>2878.2025825220867</ele></trkpt><trkpt lat="37.70035" lon="-119.10570000000001"><ele>2876.0003485362977</ele></trkpt><trkpt lat="37.7003" lon="-119.10570999999999"><ele>2875.0553159303963</ele></trkpt><trkpt lat="37.70024" lon="-119.10557"><ele>2873.7003915562973</ele></trkpt><trkpt lat="37.70015" lon="-119.10552000000001"><ele>2872.0</ele></trkpt><trkpt lat="37.70006" lon="-119.10541999999998"><ele>2870.9191870614886</ele></trkpt><trkpt lat="37.69992" lon="-119.10523"><ele>2868.673133023083</ele></trkpt><trkpt lat="37.69986" lon="-119.10512"><ele>2868.0831032484807</ele></trkpt><trkpt lat="37.69982" lon="-119.10491000000002"><ele>2867.0</ele></trkpt><trkpt lat="37.69982" lon="-119.10471999999999"><ele>2867.0</ele></trkpt><trkpt lat="37.69986" lon="-119.10450000000003"><ele>2866.0</ele></trkpt><trkpt lat="37.69979" lon="-119.10429999999997"><ele>2864.187857775949</ele></trkpt><trkpt lat="37.6994" lon="-119.10386"><ele>2860.0</ele></trkpt><trkpt lat="37.6991" lon="-119.10368"><ele>2857.0</ele></trkpt><trkpt lat="37.6989" lon="-119.10361999999998"><ele>2856.0</ele></trkpt><trkpt lat="37.69884" lon="-119.10354999999998"><ele>2855.0</ele></trkpt><trkpt lat="37.69856" lon="-119.10298999999998"><ele>2851.0</ele></trkpt><trkpt lat="37.69807" lon="-119.10248000000001"><ele>2847.0</ele></trkpt><trkpt lat="37.69802" lon="-119.10234000000003"><ele>2845.0</ele></trkpt><trkpt lat="37.69809" lon="-119.10217999999998"><ele>2843.3886968875304</ele></trkpt><trkpt lat="37.69808" lon="-119.10214000000002"><ele>2843.0</ele></trkpt><trkpt lat="37.69799" lon="-119.10201"><ele>2842.4677375701544</ele></trkpt><trkpt lat="37.69795" lon="-119.10183"><ele>2840.0</ele></trkpt><trkpt lat="37.69787" lon="-119.10169000000002"><ele>2839.5530417789705</ele></trkpt><trkpt lat="37.69778" lon="-119.10156999999998"><ele>2837.9853664126413</ele></trkpt><trkpt lat="37.69758" lon="-119.10152"><ele>2836.534973880377</ele></trkpt><trkpt lat="37.69737" lon="-119.10136999999997"><ele>2834.0</ele></trkpt><trkpt lat="37.69713" lon="-119.10104000000001"><ele>2829.0</ele></trkpt><trkpt lat="37.69702" lon="-119.101"><ele>2828.3967111110687</ele></trkpt><trkpt lat="37.69684" lon="-119.10097999999999"><ele>2826.1226119630587</ele></trkpt><trkpt lat="37.69677" lon="-119.10090000000002"><ele>2825.0</ele></trkpt><trkpt lat="37.69674" lon="-119.10075"><ele>2823.3740995507687</ele></trkpt><trkpt lat="37.69668" lon="-119.10068000000001"><ele>2822.0</ele></trkpt><trkpt lat="37.69667" lon="-119.10063000000002"><ele>2821.2512552198023</ele></trkpt><trkpt lat="37.69675" lon="-119.10052000000002"><ele>2819.027089778334</ele></trkpt><trkpt lat="37.69675" lon="-119.10048"><ele>2818.969094303222</ele></trkpt><trkpt lat="37.69671" lon="-119.10041000000001"><ele>2817.900718222838</ele></trkpt><trkpt lat="37.69664" lon="-119.10041000000001"><ele>2817.0</ele></trkpt><trkpt lat="37.69664" lon="-119.10025000000002"><ele>2815.0</ele></trkpt><trkpt lat="37.69661" lon="-119.10021"><ele>2814.0</ele></trkpt><trkpt lat="37.6964" lon="-119.10016999999999"><ele>2811.249774503904</ele></trkpt><trkpt lat="37.69633" lon="-119.10007000000002"><ele>2810.0</ele></trkpt><trkpt lat="37.69649" lon="-119.09985"><ele>2807.521575120384</ele></trkpt><trkpt lat="37.6966" lon="-119.09986000000004"><ele>2807.2688604458235</ele></trkpt><trkpt lat="37.69663" lon="-119.09982000000002"><ele>2806.0</ele></trkpt><trkpt lat="37.69662" lon="-119.09973000000002"><ele>2807.8540451961226</ele></trkpt><trkpt lat="37.69634" lon="-119.09931"><ele>2802.2958578979797</ele></trkpt><trkpt lat="37.69624" lon="-119.09917999999999"><ele>2801.9252968709916</ele></trkpt><trkpt lat="37.69604" lon="-119.09908000000001"><ele>2798.1458314061165</ele></trkpt><trkpt lat="37.69598" lon="-119.09902"><ele>2797.0</ele></trkpt><trkpt lat="37.69594" lon="-119.09887000000003"><ele>2796.0336827546653</ele></trkpt><trkpt lat="37.69584" lon="-119.09879000000001"><ele>2793.7445022728893</ele></trkpt><trkpt lat="37.69573" lon="-119.09875"><ele>2793.0</ele></trkpt><trkpt lat="37.69554" lon="-119.09852000000001"><ele>2792.0</ele></trkpt><trkpt lat="37.69519" lon="-119.09818000000001"><ele>2788.002070937048</ele></trkpt><trkpt lat="37.69509" lon="-119.09815000000003"><ele>2786.0</ele></trkpt><trkpt lat="37.694238188231694" lon="-119.09747801516056"><ele>2773.746282321604</ele></trkpt><trkpt lat="37.694208938136555" lon="-119.09745493999674"><ele>2773.0</ele></trkpt><trkpt lat="37.69419" lon="-119.09744"><ele>2772.187282152474</ele></trkpt><trkpt lat="37.69412" lon="-119.09728000000001"><ele>2771.969930183748</ele></trkpt><trkpt lat="37.69403" lon="-119.09716000000003"><ele>2770.8962070873167</ele></trkpt><trkpt lat="37.69387" lon="-119.09701000000001"><ele>2768.0</ele></trkpt><trkpt lat="37.69361" lon="-119.09663"><ele>2765.0072461068803</ele></trkpt><trkpt lat="37.69322" lon="-119.09618999999998"><ele>2758.0</ele></trkpt><trkpt lat="37.69292" lon="-119.09590000000003"><ele>2751.0</ele></trkpt><trkpt lat="37.69254" lon="-119.09532999999999"><ele>2746.008722299706</ele></trkpt><trkpt lat="37.69231" lon="-119.09492"><ele>2744.442239666453</ele></trkpt><trkpt lat="37.69167" lon="-119.09402"><ele>2735.6912325061844</ele></trkpt><trkpt lat="37.69147" lon="-119.09370999999999"><ele>2731.9958561457543</ele></trkpt><trkpt lat="37.69128" lon="-119.0935"><ele>2728.829149046205</ele></trkpt><trkpt lat="37.69122" lon="-119.09339"><ele>2729.0689308109568</ele></trkpt><trkpt lat="37.69118" lon="-119.09325000000001"><ele>2729.9811636661025</ele></trkpt><trkpt lat="37.69109" lon="-119.09305"><ele>2731.6528219880065</ele></trkpt><trkpt lat="37.69084" lon="-119.09269"><ele>2727.986617507516</ele></trkpt><trkpt lat="37.69079" lon="-119.09253000000001"><ele>2728.0</ele></trkpt><trkpt lat="37.69068" lon="-119.09233999999998"><ele>2727.088235569894</ele></trkpt><trkpt lat="37.69052" lon="-119.09228999999999"><ele>2726.0</ele></trkpt><trkpt lat="37.69042" lon="-119.09231999999997"><ele>2723.0</ele></trkpt><trkpt lat="37.69026" lon="-119.09219999999999"><ele>2721.0</ele></trkpt><trkpt lat="37.69001" lon="-119.09210000000002"><ele>2720.0</ele></trkpt><trkpt lat="37.68988" lon="-119.09215"><ele>2719.3538544513285</ele></trkpt><trkpt lat="37.68983" lon="-119.09213"><ele>2719.0</ele></trkpt><trkpt lat="37.68965" lon="-119.09195"><ele>2720.0</ele></trkpt><trkpt lat="37.68955" lon="-119.09180000000003"><ele>2720.0</ele></trkpt><trkpt lat="37.68955" lon="-119.09180000000003"><ele>2720.0</ele></trkpt><trkpt lat="37.68946" lon="-119.09158000000002"><ele>2719.0</ele></trkpt><trkpt lat="37.68894" lon="-119.09081000000003"><ele>2714.0</ele></trkpt><trkpt lat="37.68872" lon="-119.09039999999999"><ele>2712.385168423876</ele></trkpt><trkpt lat="37.68848" lon="-119.09006999999997"><ele>2707.004125865571</ele></trkpt><trkpt lat="37.68832" lon="-119.08994000000001"><ele>2705.4982976444853</ele></trkpt><trkpt lat="37.68819" lon="-119.08967999999999"><ele>2704.8730486613526</ele></trkpt><trkpt lat="37.6878" lon="-119.08938999999998"><ele>2704.0</ele></trkpt><trkpt lat="37.68775" lon="-119.08931000000001"><ele>2703.3630250707165</ele></trkpt><trkpt lat="37.68772" lon="-119.08918"><ele>2704.067471652302</ele></trkpt><trkpt lat="37.6876" lon="-119.08909"><ele>2702.0</ele></trkpt><trkpt lat="37.68758" lon="-119.08886000000001"><ele>2699.0</ele></trkpt><trkpt lat="37.68751" lon="-119.08882"><ele>2698.7675697780214</ele></trkpt><trkpt lat="37.68747" lon="-119.08883000000003"><ele>2698.2336035566404</ele></trkpt><trkpt lat="37.68741" lon="-119.08892000000003"><ele>2694.9538541518023</ele></trkpt><trkpt lat="37.68739" lon="-119.08891"><ele>2694.7252422801066</ele></trkpt><trkpt lat="37.68722" lon="-119.08874000000003"><ele>2691.988327984497</ele></trkpt><trkpt lat="37.6869" lon="-119.08821"><ele>2684.2913539049605</ele></trkpt><trkpt lat="37.68668" lon="-119.08780000000002"><ele>2677.9250425563355</ele></trkpt><trkpt lat="37.68663" lon="-119.08766000000003"><ele>2675.987690266797</ele></trkpt><trkpt lat="37.6865" lon="-119.08751000000001"><ele>2672.0</ele></trkpt><trkpt lat="37.68648" lon="-119.08744000000002"><ele>2672.0</ele></trkpt><trkpt lat="37.6865" lon="-119.08728000000002"><ele>2670.301736406276</ele></trkpt><trkpt lat="37.68659" lon="-119.08722999999998"><ele>2670.0</ele></trkpt><trkpt lat="37.68663" lon="-119.08688000000001"><ele>2670.9729263119625</ele></trkpt><trkpt lat="37.68667" lon="-119.08676000000003"><ele>2670.3134852405638</ele></trkpt><trkpt lat="37.68672" lon="-119.08668"><ele>2671.2579765487462</ele></trkpt><trkpt lat="37.68688" lon="-119.08657"><ele>2671.619108924716</ele></trkpt><trkpt lat="37.68692" lon="-119.08647000000002"><ele>2673.0269844562135</ele></trkpt><trkpt lat="37.68692" lon="-119.08632"><ele>2674.035961629823</ele></trkpt><trkpt lat="37.68669" lon="-119.08573999999999"><ele>2670.491281528026</ele></trkpt><trkpt lat="37.68662" lon="-119.08564000000001"><ele>2667.641066931096</ele></trkpt><trkpt lat="37.6866" lon="-119.08519000000001"><ele>2668.6743033713947</ele></trkpt><trkpt lat="37.68654" lon="-119.08501000000001"><ele>2667.657817132771</ele></trkpt><trkpt lat="37.68643" lon="-119.08481"><ele>2666.020150435984</ele></trkpt><trkpt lat="37.68628" lon="-119.08442000000002"><ele>2663.53426069891</ele></trkpt><trkpt lat="37.68625" lon="-119.08395000000002"><ele>2662.5798366274685</ele></trkpt><trkpt lat="37.68612" lon="-119.08305999999999"><ele>2656.974829718164</ele></trkpt><trkpt lat="37.68609089404334" lon="-119.08298238411555"><ele>2658.0599117346787</ele></trkpt><trkpt lat="37.6860946868292" lon="-119.08299249818174"><ele>2657.8944670652318</ele></trkpt><trkpt lat="37.68603" lon="-119.08281999999997"><ele>2658.0</ele></trkpt><trkpt lat="37.68594" lon="-119.08266000000003"><ele>2656.1002356333183</ele></trkpt><trkpt lat="37.68587" lon="-119.08248000000003"><ele>2655.2018942832947</ele></trkpt><trkpt lat="37.68591" lon="-119.08231999999998"><ele>2657.0288593573187</ele></trkpt><trkpt lat="37.68592" lon="-119.0822"><ele>2656.2927076630294</ele></trkpt><trkpt lat="37.6859" lon="-119.08215999999999"><ele>2654.9877713225887</ele></trkpt><trkpt lat="37.68569" lon="-119.08206999999999"><ele>2652.484632918933</ele></trkpt><trkpt lat="37.68563" lon="-119.082"><ele>2651.1359827499837</ele></trkpt><trkpt lat="37.68548" lon="-119.08164999999997"><ele>2648.613826822024</ele></trkpt><trkpt lat="37.68546" lon="-119.08152999999999"><ele>2648.11480172351</ele></trkpt><trkpt lat="37.68543" lon="-119.08155999999997"><ele>2647.166577946838</ele></trkpt><trkpt lat="37.68544" lon="-119.08175"><ele>2645.879624109715</ele></trkpt><trkpt lat="37.68548" lon="-119.08212000000003"><ele>2642.235177932307</ele></trkpt><trkpt lat="37.68551" lon="-119.08222"><ele>2642.001502458039</ele></trkpt><trkpt lat="37.68547" lon="-119.08222999999998"><ele>2640.2253544928917</ele></trkpt><trkpt lat="37.68522" lon="-119.08175"><ele>2635.92410078831</ele></trkpt><trkpt lat="37.68522" lon="-119.08161000000001"><ele>2635.681316788774</ele></trkpt><trkpt lat="37.6852" lon="-119.08159"><ele>2634.0</ele></trkpt><trkpt lat="37.68516" lon="-119.08164999999997"><ele>2633.3907829150558</ele></trkpt><trkpt lat="37.68515" lon="-119.08177999999998"><ele>2632.1221066601574</ele></trkpt><trkpt lat="37.68517" lon="-119.08208000000002"><ele>2629.9865652232174</ele></trkpt><trkpt lat="37.68523" lon="-119.08236999999997"><ele>2627.4228128624313</ele></trkpt><trkpt lat="37.68522" lon="-119.08240999999998"><ele>2626.887212328323</ele></trkpt><trkpt lat="37.6849" lon="-119.08182"><ele>2621.0797718316317</ele></trkpt><trkpt lat="37.6848" lon="-119.08150999999998"><ele>2619.0</ele></trkpt><trkpt lat="37.68476" lon="-119.08166"><ele>2616.835403474048</ele></trkpt><trkpt lat="37.68479" lon="-119.08206000000001"><ele>2613.312053876296</ele></trkpt><trkpt lat="37.68476" lon="-119.08213999999998"><ele>2611.4536188888305</ele></trkpt><trkpt lat="37.68479" lon="-119.08229"><ele>2611.6020525265485</ele></trkpt><trkpt lat="37.68479" lon="-119.08258000000001"><ele>2608.0225815185217</ele></trkpt><trkpt lat="37.68483" lon="-119.08269000000001"><ele>2606.91113599902</ele></trkpt><trkpt lat="37.6848" lon="-119.08269999999999"><ele>2605.6360379252583</ele></trkpt><trkpt lat="37.68474" lon="-119.08263"><ele>2605.4651726715933</ele></trkpt><trkpt lat="37.68435" lon="-119.08172000000002"><ele>2596.0</ele></trkpt><trkpt lat="37.6843" lon="-119.08182999999997"><ele>2593.0</ele></trkpt><trkpt lat="37.6843" lon="-119.08290999999997"><ele>2585.7468741610646</ele></trkpt><trkpt lat="37.68424" lon="-119.08302000000003"><ele>2583.0</ele></trkpt><trkpt lat="37.68418" lon="-119.08303999999998"><ele>2581.6803289204836</ele></trkpt><trkpt lat="37.68413" lon="-119.08294999999998"><ele>2580.790267057283</ele></trkpt><trkpt lat="37.68409" lon="-119.08266000000003"><ele>2578.380427494645</ele></trkpt><trkpt lat="37.68388" lon="-119.08245"><ele>2575.0</ele></trkpt><trkpt lat="37.68382" lon="-119.08242000000001"><ele>2574.480761801824</ele></trkpt><trkpt lat="37.68382" lon="-119.08242000000001"><ele>2574.480761801824</ele></trkpt><trkpt lat="37.68358" lon="-119.08224999999999"><ele>2571.1448904680788</ele></trkpt><trkpt lat="37.68354" lon="-119.08229"><ele>2570.0</ele></trkpt><trkpt lat="37.68348" lon="-119.08248000000003"><ele>2568.0</ele></trkpt><trkpt lat="37.68334" lon="-119.08257000000003"><ele>2565.21483236365</ele></trkpt><trkpt lat="37.6833" lon="-119.08301"><ele>2563.0</ele></trkpt><trkpt lat="37.68326" lon="-119.08314999999999"><ele>2561.738824087273</ele></trkpt><trkpt lat="37.6831" lon="-119.08335999999997"><ele>2558.0819362346083</ele></trkpt><trkpt lat="37.68298" lon="-119.08339999999998"><ele>2556.0</ele></trkpt><trkpt lat="37.682974766646" lon="-119.08343925015504"><ele>2555.707329455763</ele></trkpt><trkpt lat="37.682974766646" lon="-119.08343925015504"><ele>2555.707329455763</ele></trkpt><trkpt lat="37.68296" lon="-119.08355"><ele>2555.0</ele></trkpt><trkpt lat="37.68301072681923" lon="-119.08387972432502"><ele>2552.0</ele></trkpt><trkpt lat="37.683015658991046" lon="-119.08391178328492"><ele>2552.0</ele></trkpt><trkpt lat="37.68308" lon="-119.08433000000002"><ele>2547.950335359904</ele></trkpt><trkpt lat="37.68302" lon="-119.08447000000001"><ele>2545.0</ele></trkpt><trkpt lat="37.68285" lon="-119.08467999999999"><ele>2542.4692460012093</ele></trkpt><trkpt lat="37.68284869669124" lon="-119.08468255635762"><ele>2542.3202135604524</ele></trkpt><trkpt lat="37.68245" lon="-119.08442000000002"><ele>2543.0</ele></trkpt><trkpt lat="37.6823771029407" lon="-119.0843293231701"><ele>2543.0</ele></trkpt><trkpt lat="37.68238083087156" lon="-119.08433396015477"><ele>2543.0</ele></trkpt><trkpt lat="37.68204" lon="-119.08391"><ele>2544.0</ele></trkpt><trkpt lat="37.68203" lon="-119.08362999999997"><ele>2544.073330698535</ele></trkpt><trkpt lat="37.68198" lon="-119.08341000000001"><ele>2545.0</ele></trkpt><trkpt lat="37.68189" lon="-119.08311000000003"><ele>2545.0</ele></trkpt><trkpt lat="37.68171" lon="-119.08231999999998"><ele>2544.0</ele></trkpt><trkpt lat="37.68169" lon="-119.08137999999997"><ele>2544.0500924426633</ele></trkpt><trkpt lat="37.68165" lon="-119.08116000000001"><ele>2544.0</ele></trkpt><trkpt lat="37.68159" lon="-119.08103"><ele>2544.0</ele></trkpt><trkpt lat="37.68112" lon="-119.0806"><ele>2544.0</ele></trkpt><trkpt lat="37.68112" lon="-119.0806"><ele>2544.0</ele></trkpt><trkpt lat="37.68118" lon="-119.08042"><ele>2544.0</ele></trkpt><trkpt lat="37.68118" lon="-119.08042"><ele>2544.0</ele></trkpt><trkpt lat="37.68118" lon="-119.08042"><ele>2544.0</ele></trkpt><trkpt lat="37.68118" lon="-119.08022"><ele>2545.021040651224</ele></trkpt><trkpt lat="37.68112" lon="-119.07983999999999"><ele>2547.0</ele></trkpt><trkpt lat="37.68092" lon="-119.07938000000001"><ele>2548.0</ele></trkpt><trkpt lat="37.68043" lon="-119.07909999999998"><ele>2547.0</ele></trkpt><trkpt lat="37.67938" lon="-119.07807000000003"><ele>2544.0</ele></trkpt><trkpt lat="37.67915" lon="-119.07772999999997"><ele>2542.0309603371006</ele></trkpt><trkpt lat="37.67906" lon="-119.0777"><ele>2542.0</ele></trkpt><trkpt lat="37.67876" lon="-119.07771000000002"><ele>2538.5199539680034</ele></trkpt><trkpt lat="37.67861" lon="-119.07769000000002"><ele>2537.0</ele></trkpt><trkpt lat="37.67843" lon="-119.07760999999999"><ele>2536.6866900686573</ele></trkpt><trkpt lat="37.67826" lon="-119.07749000000001"><ele>2536.0</ele></trkpt><trkpt lat="37.67783" lon="-119.07673"><ele>2537.0</ele></trkpt><trkpt lat="37.67729" lon="-119.07610999999997"><ele>2542.0</ele></trkpt><trkpt lat="37.67716" lon="-119.07589999999999"><ele>2543.0</ele></trkpt><trkpt lat="37.67664" lon="-119.07532000000003"><ele>2546.0</ele></trkpt><trkpt lat="37.67633" lon="-119.07488000000001"><ele>2549.0</ele></trkpt><trkpt lat="37.67624" lon="-119.07468"><ele>2551.0</ele></trkpt><trkpt lat="37.67618" lon="-119.07436999999999"><ele>2552.651239111554</ele></trkpt><trkpt lat="37.67613" lon="-119.07423"><ele>2553.175712000113</ele></trkpt><trkpt lat="37.67561" lon="-119.07346999999999"><ele>2558.0</ele></trkpt><trkpt lat="37.67528" lon="-119.07267999999999"><ele>2564.160234207869</ele></trkpt><trkpt lat="37.67488" lon="-119.07226000000003"><ele>2569.0</ele></trkpt><trkpt lat="37.67474" lon="-119.07189"><ele>2572.0</ele></trkpt><trkpt lat="37.6745" lon="-119.07159000000001"><ele>2575.0</ele></trkpt><trkpt lat="37.67426" lon="-119.07119999999998"><ele>2578.0</ele></trkpt><trkpt lat="37.67422" lon="-119.07114000000001"><ele>2578.8385543454274</ele></trkpt><trkpt lat="37.67383" lon="-119.07087999999999"><ele>2582.0</ele></trkpt><trkpt lat="37.67368" lon="-119.07067999999998"><ele>2584.0</ele></trkpt><trkpt lat="37.67352" lon="-119.07008000000002"><ele>2588.0</ele></trkpt><trkpt lat="37.67345" lon="-119.06992000000002"><ele>2589.0</ele></trkpt><trkpt lat="37.67334" lon="-119.06981999999999"><ele>2590.0</ele></trkpt><trkpt lat="37.67334" lon="-119.06981999999999"><ele>2590.0</ele></trkpt><trkpt lat="37.67314" lon="-119.06972999999999"><ele>2592.0</ele></trkpt><trkpt lat="37.67287" lon="-119.06968999999998"><ele>2594.0</ele></trkpt><trkpt lat="37.67243" lon="-119.06975999999997"><ele>2598.0</ele></trkpt><trkpt lat="37.67234" lon="-119.06974000000002"><ele>2599.0</ele></trkpt><trkpt lat="37.67215" lon="-119.06963999999999"><ele>2600.0</ele></trkpt><trkpt lat="37.67193" lon="-119.06941999999998"><ele>2601.0</ele></trkpt><trkpt lat="37.67183" lon="-119.06939"><ele>2602.0</ele></trkpt><trkpt lat="37.67168" lon="-119.06939"><ele>2603.0</ele></trkpt><trkpt lat="37.6715" lon="-119.06943999999999"><ele>2604.0</ele></trkpt><trkpt lat="37.67131" lon="-119.06943000000001"><ele>2604.017968649393</ele></trkpt><trkpt lat="37.67112" lon="-119.06954999999999"><ele>2606.0</ele></trkpt><trkpt lat="37.67103" lon="-119.06957"><ele>2606.0</ele></trkpt><trkpt lat="37.67094" lon="-119.06956000000002"><ele>2607.0</ele></trkpt><trkpt lat="37.67076" lon="-119.06948"><ele>2608.0</ele></trkpt><trkpt lat="37.67059" lon="-119.06945999999999"><ele>2609.0</ele></trkpt><trkpt lat="37.670270606404316" lon="-119.069578631907"><ele>2611.0</ele></trkpt><trkpt lat="37.670274461515085" lon="-119.0695772000359"><ele>2611.0</ele></trkpt><trkpt lat="37.67024" lon="-119.06959"><ele>2611.0</ele></trkpt><trkpt lat="37.67007" lon="-119.06961000000001"><ele>2612.0</ele></trkpt><trkpt lat="37.66973" lon="-119.06981999999999"><ele>2613.0</ele></trkpt><trkpt lat="37.66973" lon="-119.06981999999999"><ele>2613.0</ele></trkpt><trkpt lat="37.66962" lon="-119.06986999999998"><ele>2613.0</ele></trkpt><trkpt lat="37.66943" lon="-119.06981999999999"><ele>2614.0</ele></trkpt><trkpt lat="37.66943" lon="-119.06981999999999"><ele>2614.0</ele></trkpt><trkpt lat="37.66862" lon="-119.06939999999997"><ele>2616.0</ele></trkpt><trkpt lat="37.66847" lon="-119.0693"><ele>2617.0</ele></trkpt><trkpt lat="37.66835" lon="-119.06914999999998"><ele>2617.0</ele></trkpt><trkpt lat="37.66803" lon="-119.06900999999999"><ele>2616.0</ele></trkpt><trkpt lat="37.66772" lon="-119.06879000000004"><ele>2616.50582353957</ele></trkpt><trkpt lat="37.66715" lon="-119.06817999999998"><ele>2623.0</ele></trkpt><trkpt lat="37.66669" lon="-119.06785000000002"><ele>2629.0</ele></trkpt><trkpt lat="37.66663" lon="-119.06777999999997"><ele>2630.0</ele></trkpt><trkpt lat="37.66655" lon="-119.06754999999998"><ele>2632.0</ele></trkpt><trkpt lat="37.66643" lon="-119.06736999999998"><ele>2634.0</ele></trkpt><trkpt lat="37.66643" lon="-119.06736999999998"><ele>2634.0</ele></trkpt><trkpt lat="37.6661" lon="-119.06725"><ele>2638.0</ele></trkpt><trkpt lat="37.66577" lon="-119.06704000000002"><ele>2641.0</ele></trkpt><trkpt lat="37.66568" lon="-119.06690000000003"><ele>2642.0</ele></trkpt><trkpt lat="37.66533" lon="-119.06612000000001"><ele>2648.0</ele></trkpt><trkpt lat="37.66519" lon="-119.06591000000003"><ele>2650.0</ele></trkpt><trkpt lat="37.66496" lon="-119.06561999999997"><ele>2654.0</ele></trkpt><trkpt lat="37.66463" lon="-119.06527"><ele>2658.0</ele></trkpt><trkpt lat="37.66433" lon="-119.06513000000001"><ele>2661.0</ele></trkpt><trkpt lat="37.66386" lon="-119.06502"><ele>2664.0</ele></trkpt><trkpt lat="37.66326" lon="-119.06466999999998"><ele>2669.0</ele></trkpt><trkpt lat="37.66254" lon="-119.06443000000002"><ele>2677.0</ele></trkpt><trkpt lat="37.66195" lon="-119.0641"><ele>2682.2000248134136</ele></trkpt><trkpt lat="37.66174" lon="-119.06401"><ele>2685.0</ele></trkpt><trkpt lat="37.66153" lon="-119.06394"><ele>2687.0</ele></trkpt><trkpt lat="37.66139" lon="-119.06393000000003"><ele>2689.0</ele></trkpt><trkpt lat="37.661" lon="-119.06398999999999"><ele>2693.0</ele></trkpt><trkpt lat="37.66058" lon="-119.06432000000001"><ele>2696.9977440235048</ele></trkpt><trkpt lat="37.66027" lon="-119.06443999999999"><ele>2700.058198525418</ele></trkpt><trkpt lat="37.6598" lon="-119.06474000000003"><ele>2705.0</ele></trkpt><trkpt lat="37.65944" lon="-119.06488999999999"><ele>2708.0</ele></trkpt><trkpt lat="37.65922" lon="-119.06495000000001"><ele>2711.0</ele></trkpt><trkpt lat="37.65843" lon="-119.06504999999999"><ele>2719.0</ele></trkpt><trkpt lat="37.65788" lon="-119.06502"><ele>2725.0</ele></trkpt><trkpt lat="37.65769" lon="-119.06497000000002"><ele>2726.0</ele></trkpt><trkpt lat="37.65735" lon="-119.06468000000001"><ele>2729.0</ele></trkpt><trkpt lat="37.65723" lon="-119.06453999999997"><ele>2730.0</ele></trkpt><trkpt lat="37.65712" lon="-119.06429000000003"><ele>2732.0</ele></trkpt><trkpt lat="37.65707" lon="-119.06421999999998"><ele>2732.0</ele></trkpt><trkpt lat="37.65648" lon="-119.06401"><ele>2738.0</ele></trkpt><trkpt lat="37.656" lon="-119.06371000000001"><ele>2742.0</ele></trkpt><trkpt lat="37.65568" lon="-119.06360999999998"><ele>2745.0</ele></trkpt><trkpt lat="37.65554" lon="-119.06353999999999"><ele>2747.0</ele></trkpt><trkpt lat="37.6554" lon="-119.06344000000001"><ele>2748.0</ele></trkpt><trkpt lat="37.65521328178903" lon="-119.06337444998974"><ele>2750.0</ele></trkpt><trkpt lat="37.65523184982945" lon="-119.06338096825033"><ele>2750.0</ele></trkpt><trkpt lat="37.65446" lon="-119.06311"><ele>2757.0</ele></trkpt><trkpt lat="37.65376" lon="-119.06281000000001"><ele>2763.0</ele></trkpt><trkpt lat="37.65363" lon="-119.06272999999999"><ele>2764.0</ele></trkpt><trkpt lat="37.6534" lon="-119.06239"><ele>2767.0</ele></trkpt><trkpt lat="37.65326" lon="-119.06212"><ele>2769.0</ele></trkpt><trkpt lat="37.65322" lon="-119.06193999999999"><ele>2770.099242317045</ele></trkpt><trkpt lat="37.65323" lon="-119.06142"><ele>2774.0</ele></trkpt><trkpt lat="37.65318" lon="-119.06024000000002"><ele>2781.0</ele></trkpt><trkpt lat="37.6532" lon="-119.05993000000001"><ele>2783.0</ele></trkpt><trkpt lat="37.65327" lon="-119.05965000000003"><ele>2785.0</ele></trkpt><trkpt lat="37.65352" lon="-119.05899"><ele>2790.0</ele></trkpt><trkpt lat="37.65359" lon="-119.05885999999998"><ele>2791.0</ele></trkpt><trkpt lat="37.65383" lon="-119.05865"><ele>2793.0</ele></trkpt><trkpt lat="37.65383" lon="-119.05865"><ele>2793.0</ele></trkpt><trkpt lat="37.65397" lon="-119.05827"><ele>2796.0</ele></trkpt><trkpt lat="37.65398672187354" lon="-119.05815294688523"><ele>2797.0</ele></trkpt><trkpt lat="37.65398672187354" lon="-119.05815294688523"><ele>2797.0</ele></trkpt><trkpt lat="37.65399" lon="-119.05813"><ele>2797.0</ele></trkpt><trkpt lat="37.6539812152778" lon="-119.05806850694461"><ele>2797.0</ele></trkpt><trkpt lat="37.65397226280847" lon="-119.0580058396493"><ele>2797.0</ele></trkpt><trkpt lat="37.65396" lon="-119.05791999999997"><ele>2797.0</ele></trkpt><trkpt lat="37.65396" lon="-119.05791999999997"><ele>2797.0</ele></trkpt><trkpt lat="37.65393" lon="-119.05779999999999"><ele>2797.0</ele></trkpt><trkpt lat="37.65393" lon="-119.05779999999999"><ele>2797.0</ele></trkpt><trkpt lat="37.653999992129656" lon="-119.05779883346452"><ele>2797.0</ele></trkpt><trkpt lat="37.653999992129656" lon="-119.05779883346452"><ele>2797.0</ele></trkpt><trkpt lat="37.65423270940083" lon="-119.0577949548433"><ele>2798.0</ele></trkpt></trkseg></trk></gpx>