<?xml version="1.0"?>
<gpx xmlns="http://www.topografix.com/GPX/1/1" xmlns:gpxx="http://www.garmin.com/xmlschemas/GpxExtensions/v3" creator="CALTOPO" version="1.1"><metadata><name><![CDATA[Tuolumne Meadows-Happy Isles]]></name></metadata><wpt lat="37.74457064206137" lon="-119.50069908519548"><name>Camp 1</name></wpt><wpt lat="37.76786206790264" lon="-119.48920870171345"><name>Clouds Rest Summit</name></wpt><wpt lat="37.87340024834185" lon="-119.38284377151186"><name>Cathedral Lakes Trailhead </name></wpt><wpt lat="37.735362461923664" lon="-119.566474880514"><name>Happy Isles Trailhead Parking</name></wpt><trk><name>Tuolumne Meadows-Happy Isles</name><trkseg><trkpt lat="37.873404382924114" lon="-119.38289064914551"><ele>2612.0</ele></trkpt><trkpt lat="37.8734" lon="-119.38288999999997"><ele>2612.0</ele></trkpt><trkpt lat="37.87328" lon="-119.38283999999999"><ele>2612.0</ele></trkpt><trkpt lat="37.87317" lon="-119.38287000000003"><ele>2612.0</ele></trkpt><trkpt lat="37.87292255757076" lon="-119.38303675468057"><ele>2612.0</ele></trkpt><trkpt lat="37.87292567334859" lon="-119.38303465515827"><ele>2612.0</ele></trkpt><trkpt lat="37.87271" lon="-119.38317999999998"><ele>2614.0</ele></trkpt><trkpt lat="37.87251" lon="-119.3834"><ele>2615.0</ele></trkpt><trkpt lat="37.87238" lon="-119.38359000000003"><ele>2616.0</ele></trkpt><trkpt lat="37.87205" lon="-119.38382000000001"><ele>2618.7661365249032</ele></trkpt><trkpt lat="37.87205" lon="-119.38382000000001"><ele>2618.7661365249032</ele></trkpt><trkpt lat="37.872" lon="-119.38387"><ele>2619.0</ele></trkpt><trkpt lat="37.87197" lon="-119.38396"><ele>2619.809318116705</ele></trkpt><trkpt lat="37.87184" lon="-119.38416000000001"><ele>2622.0</ele></trkpt><trkpt lat="37.87176" lon="-119.38423999999998"><ele>2624.0</ele></trkpt><trkpt lat="37.8716" lon="-119.38427999999999"><ele>2627.0</ele></trkpt><trkpt lat="37.87152" lon="-119.38441"><ele>2630.0</ele></trkpt><trkpt lat="37.87139" lon="-119.38441999999998"><ele>2631.9927911124696</ele></trkpt><trkpt lat="37.87116" lon="-119.38454000000002"><ele>2636.0</ele></trkpt><trkpt lat="37.87098" lon="-119.38459999999998"><ele>2639.1146488883533</ele></trkpt><trkpt lat="37.87085" lon="-119.38503000000003"><ele>2646.8536299318075</ele></trkpt><trkpt lat="37.87075" lon="-119.38506999999998"><ele>2649.0</ele></trkpt><trkpt lat="37.87062" lon="-119.38517999999999"><ele>2651.0</ele></trkpt><trkpt lat="37.87053" lon="-119.38533000000001"><ele>2654.745338143781</ele></trkpt><trkpt lat="37.87043" lon="-119.38542000000001"><ele>2657.648980131373</ele></trkpt><trkpt lat="37.87035" lon="-119.38540999999998"><ele>2659.9141904027992</ele></trkpt><trkpt lat="37.87015" lon="-119.38560000000001"><ele>2667.7180266673677</ele></trkpt><trkpt lat="37.87014" lon="-119.38569999999999"><ele>2669.0</ele></trkpt><trkpt lat="37.87006" lon="-119.38569000000001"><ele>2670.955497803554</ele></trkpt><trkpt lat="37.8699" lon="-119.38585"><ele>2675.960963985722</ele></trkpt><trkpt lat="37.86984" lon="-119.38596999999999"><ele>2678.0</ele></trkpt><trkpt lat="37.86982" lon="-119.38621999999998"><ele>2682.0</ele></trkpt><trkpt lat="37.86992" lon="-119.38646"><ele>2685.0</ele></trkpt><trkpt lat="37.86992" lon="-119.38646"><ele>2685.0</ele></trkpt><trkpt lat="37.8699" lon="-119.38661000000002"><ele>2687.0</ele></trkpt><trkpt lat="37.86984" lon="-119.38671999999997"><ele>2690.438907194813</ele></trkpt><trkpt lat="37.86975" lon="-119.38668000000001"><ele>2693.0394184962415</ele></trkpt><trkpt lat="37.86975" lon="-119.38668000000001"><ele>2693.0394184962415</ele></trkpt><trkpt lat="37.86959" lon="-119.38671999999997"><ele>2696.9344313480187</ele></trkpt><trkpt lat="37.86953" lon="-119.38675999999998"><ele>2698.0</ele></trkpt><trkpt lat="37.86941" lon="-119.38677999999999"><ele>2700.0</ele></trkpt><trkpt lat="37.86931990861352" lon="-119.3867606947029"><ele>2701.810320390854</ele></trkpt><trkpt lat="37.86931990861352" lon="-119.3867606947029"><ele>2701.810320390854</ele></trkpt><trkpt lat="37.86927" lon="-119.38675"><ele>2702.311911111232</ele></trkpt><trkpt lat="37.86916" lon="-119.38679000000002"><ele>2704.1760462233797</ele></trkpt><trkpt lat="37.86907" lon="-119.38695999999999"><ele>2707.092477938368</ele></trkpt><trkpt lat="37.86896" lon="-119.38738999999998"><ele>2714.0</ele></trkpt><trkpt lat="37.86901" lon="-119.38755000000003"><ele>2717.0</ele></trkpt><trkpt lat="37.869" lon="-119.38763"><ele>2718.0</ele></trkpt><trkpt lat="37.86884" lon="-119.38794999999999"><ele>2725.0</ele></trkpt><trkpt lat="37.86869" lon="-119.38809000000003"><ele>2728.7604373348877</ele></trkpt><trkpt lat="37.86863" lon="-119.38821999999999"><ele>2730.834604163617</ele></trkpt><trkpt lat="37.868625647482475" lon="-119.38836363307831"><ele>2733.0</ele></trkpt><trkpt lat="37.86862443229765" lon="-119.38840373418265"><ele>2733.5310947174953</ele></trkpt><trkpt lat="37.86862" lon="-119.38855000000001"><ele>2736.0</ele></trkpt><trkpt lat="37.86859" lon="-119.38868000000002"><ele>2738.0</ele></trkpt><trkpt lat="37.86854" lon="-119.3888"><ele>2740.0</ele></trkpt><trkpt lat="37.86843" lon="-119.38891999999998"><ele>2742.4412408885546</ele></trkpt><trkpt lat="37.86826" lon="-119.38929999999999"><ele>2748.1505244444124</ele></trkpt><trkpt lat="37.86805" lon="-119.38959999999997"><ele>2754.0</ele></trkpt><trkpt lat="37.86798" lon="-119.38977999999997"><ele>2757.285705981776</ele></trkpt><trkpt lat="37.86798" lon="-119.39004999999997"><ele>2760.0</ele></trkpt><trkpt lat="37.86795" lon="-119.39015"><ele>2761.0</ele></trkpt><trkpt lat="37.86781" lon="-119.39033"><ele>2765.0</ele></trkpt><trkpt lat="37.86778" lon="-119.39049999999997"><ele>2766.16024718823</ele></trkpt><trkpt lat="37.8677" lon="-119.39076999999997"><ele>2770.0</ele></trkpt><trkpt lat="37.86771" lon="-119.39139"><ele>2774.1240894783778</ele></trkpt><trkpt lat="37.8676" lon="-119.39174000000003"><ele>2778.0</ele></trkpt><trkpt lat="37.86765" lon="-119.39202999999998"><ele>2779.0</ele></trkpt><trkpt lat="37.86763" lon="-119.39213999999998"><ele>2780.0</ele></trkpt><trkpt lat="37.86744" lon="-119.39260000000002"><ele>2783.1641742568463</ele></trkpt><trkpt lat="37.86742" lon="-119.39272"><ele>2784.0</ele></trkpt><trkpt lat="37.86744" lon="-119.39297999999997"><ele>2785.0</ele></trkpt><trkpt lat="37.86729" lon="-119.39353"><ele>2786.013815092538</ele></trkpt><trkpt lat="37.86714" lon="-119.39429000000001"><ele>2787.0</ele></trkpt><trkpt lat="37.86696" lon="-119.39465999999999"><ele>2786.0</ele></trkpt><trkpt lat="37.86688" lon="-119.39476000000002"><ele>2785.0</ele></trkpt><trkpt lat="37.86686" lon="-119.39492999999999"><ele>2784.281703320741</ele></trkpt><trkpt lat="37.86707" lon="-119.39553000000001"><ele>2784.996723041437</ele></trkpt><trkpt lat="37.86705" lon="-119.39566000000002"><ele>2784.0</ele></trkpt><trkpt lat="37.8671" lon="-119.39594"><ele>2783.0</ele></trkpt><trkpt lat="37.86703" lon="-119.39630999999997"><ele>2780.631959559396</ele></trkpt><trkpt lat="37.86698" lon="-119.39643000000001"><ele>2778.8185921681634</ele></trkpt><trkpt lat="37.86681" lon="-119.39663999999999"><ele>2776.0</ele></trkpt><trkpt lat="37.86615" lon="-119.39729999999997"><ele>2774.0</ele></trkpt><trkpt lat="37.8661" lon="-119.39737000000002"><ele>2774.0</ele></trkpt><trkpt lat="37.86603" lon="-119.39755000000002"><ele>2776.0</ele></trkpt><trkpt lat="37.86586" lon="-119.39760000000001"><ele>2776.0</ele></trkpt><trkpt lat="37.86578" lon="-119.39765"><ele>2776.0</ele></trkpt><trkpt lat="37.86561" lon="-119.39787999999999"><ele>2778.0</ele></trkpt><trkpt lat="37.86535" lon="-119.39803"><ele>2779.542371381469</ele></trkpt><trkpt lat="37.86526" lon="-119.39816000000002"><ele>2780.0</ele></trkpt><trkpt lat="37.86511" lon="-119.39823999999999"><ele>2781.2266411326545</ele></trkpt><trkpt lat="37.86486" lon="-119.39841999999999"><ele>2783.0</ele></trkpt><trkpt lat="37.86468" lon="-119.39853"><ele>2783.0</ele></trkpt><trkpt lat="37.86455" lon="-119.39871"><ele>2783.841030190209</ele></trkpt><trkpt lat="37.86447" lon="-119.39877000000001"><ele>2784.0</ele></trkpt><trkpt lat="37.86429" lon="-119.3988"><ele>2786.0</ele></trkpt><trkpt lat="37.86411" lon="-119.39893999999998"><ele>2787.440475588039</ele></trkpt><trkpt lat="37.86402" lon="-119.39916"><ele>2788.0</ele></trkpt><trkpt lat="37.86391" lon="-119.39934"><ele>2789.549147196114</ele></trkpt><trkpt lat="37.8639" lon="-119.39940999999999"><ele>2790.0</ele></trkpt><trkpt lat="37.8639" lon="-119.39940999999999"><ele>2790.0</ele></trkpt><trkpt lat="37.86388" lon="-119.39956000000001"><ele>2789.7952218514774</ele></trkpt><trkpt lat="37.86378" lon="-119.39965999999998"><ele>2790.0</ele></trkpt><trkpt lat="37.86366" lon="-119.39969000000002"><ele>2791.0</ele></trkpt><trkpt lat="37.86358" lon="-119.39974999999998"><ele>2791.0</ele></trkpt><trkpt lat="37.86348" lon="-119.39999"><ele>2790.0</ele></trkpt><trkpt lat="37.86337" lon="-119.40012999999999"><ele>2789.0</ele></trkpt><trkpt lat="37.86325" lon="-119.40013999999996"><ele>2789.0</ele></trkpt><trkpt lat="37.86314" lon="-119.40034000000003"><ele>2789.0</ele></trkpt><trkpt lat="37.86292" lon="-119.40039000000002"><ele>2790.0</ele></trkpt><trkpt lat="37.86284" lon="-119.40046000000001"><ele>2790.0</ele></trkpt><trkpt lat="37.86278" lon="-119.4008"><ele>2790.0</ele></trkpt><trkpt lat="37.86273" lon="-119.40129000000002"><ele>2789.0</ele></trkpt><trkpt lat="37.86268" lon="-119.40143999999998"><ele>2788.1568636056036</ele></trkpt><trkpt lat="37.86254" lon="-119.40169000000003"><ele>2789.0</ele></trkpt><trkpt lat="37.86246" lon="-119.40202999999997"><ele>2789.0</ele></trkpt><trkpt lat="37.86248" lon="-119.40235000000001"><ele>2786.6503260966892</ele></trkpt><trkpt lat="37.86253" lon="-119.40247999999997"><ele>2786.0</ele></trkpt><trkpt lat="37.86254" lon="-119.40262000000001"><ele>2785.0</ele></trkpt><trkpt lat="37.86259" lon="-119.40278999999998"><ele>2784.4695757627487</ele></trkpt><trkpt lat="37.86257" lon="-119.40331000000003"><ele>2784.650177584961</ele></trkpt><trkpt lat="37.86263" lon="-119.40359000000001"><ele>2784.0</ele></trkpt><trkpt lat="37.86264" lon="-119.40384"><ele>2784.0</ele></trkpt><trkpt lat="37.8626" lon="-119.40395000000001"><ele>2784.8925534395507</ele></trkpt><trkpt lat="37.86244" lon="-119.40415999999999"><ele>2785.0</ele></trkpt><trkpt lat="37.8624" lon="-119.40427"><ele>2786.0</ele></trkpt><trkpt lat="37.86226" lon="-119.40448000000004"><ele>2790.0</ele></trkpt><trkpt lat="37.86206" lon="-119.40457000000004"><ele>2793.0</ele></trkpt><trkpt lat="37.86192" lon="-119.40505000000002"><ele>2797.0165551453947</ele></trkpt><trkpt lat="37.86183" lon="-119.40523999999999"><ele>2799.99441320202</ele></trkpt><trkpt lat="37.86182" lon="-119.40555"><ele>2803.42012544748</ele></trkpt><trkpt lat="37.86176" lon="-119.40578"><ele>2805.0</ele></trkpt><trkpt lat="37.86164" lon="-119.40607999999997"><ele>2809.0</ele></trkpt><trkpt lat="37.86146" lon="-119.40609999999998"><ele>2812.2452428781685</ele></trkpt><trkpt lat="37.86142" lon="-119.40620999999999"><ele>2815.0</ele></trkpt><trkpt lat="37.86124" lon="-119.40616"><ele>2818.883473777678</ele></trkpt><trkpt lat="37.86112" lon="-119.40629000000001"><ele>2822.0</ele></trkpt><trkpt lat="37.86089" lon="-119.40636999999998"><ele>2825.8195868004113</ele></trkpt><trkpt lat="37.86074" lon="-119.40665999999999"><ele>2833.93961630925</ele></trkpt><trkpt lat="37.86067" lon="-119.40665999999999"><ele>2835.0</ele></trkpt><trkpt lat="37.86048" lon="-119.40647000000001"><ele>2840.021301848814</ele></trkpt><trkpt lat="37.86044" lon="-119.40647999999999"><ele>2842.0</ele></trkpt><trkpt lat="37.86041" lon="-119.40656000000001"><ele>2843.1532885264605</ele></trkpt><trkpt lat="37.86038" lon="-119.40654"><ele>2843.969106065697</ele></trkpt><trkpt lat="37.86029" lon="-119.40625999999997"><ele>2845.6517845743547</ele></trkpt><trkpt lat="37.8602" lon="-119.40618999999998"><ele>2847.0</ele></trkpt><trkpt lat="37.86014" lon="-119.40607999999997"><ele>2847.090914659202</ele></trkpt><trkpt lat="37.86012" lon="-119.40595000000002"><ele>2849.245207889568</ele></trkpt><trkpt lat="37.86003" lon="-119.40582"><ele>2852.022382181112</ele></trkpt><trkpt lat="37.85997" lon="-119.40566999999999"><ele>2854.1256863437593</ele></trkpt><trkpt lat="37.85992" lon="-119.40564999999998"><ele>2857.0</ele></trkpt><trkpt lat="37.8599" lon="-119.40573"><ele>2857.040187034212</ele></trkpt><trkpt lat="37.85988" lon="-119.40573999999998"><ele>2857.4382031597197</ele></trkpt><trkpt lat="37.85983" lon="-119.40566999999999"><ele>2860.0</ele></trkpt><trkpt lat="37.8598" lon="-119.40568000000002"><ele>2861.0</ele></trkpt><trkpt lat="37.85971" lon="-119.40595000000002"><ele>2864.0</ele></trkpt><trkpt lat="37.85969" lon="-119.40607999999997"><ele>2865.0</ele></trkpt><trkpt lat="37.85967" lon="-119.40611000000001"><ele>2865.925871172632</ele></trkpt><trkpt lat="37.85948" lon="-119.40589"><ele>2870.0</ele></trkpt><trkpt lat="37.85929" lon="-119.40602999999999"><ele>2875.0</ele></trkpt><trkpt lat="37.85905" lon="-119.40647000000001"><ele>2883.0</ele></trkpt><trkpt lat="37.85894" lon="-119.40652999999998"><ele>2885.0</ele></trkpt><trkpt lat="37.85888" lon="-119.40649000000002"><ele>2886.1222956658344</ele></trkpt><trkpt lat="37.85879" lon="-119.40661999999998"><ele>2888.9287863250665</ele></trkpt><trkpt lat="37.85867" lon="-119.40672999999998"><ele>2891.385394292985</ele></trkpt><trkpt lat="37.85852" lon="-119.40677"><ele>2894.715445432812</ele></trkpt><trkpt lat="37.85847" lon="-119.40687000000003"><ele>2896.0</ele></trkpt><trkpt lat="37.85807" lon="-119.40737000000001"><ele>2903.2774421107024</ele></trkpt><trkpt lat="37.85797" lon="-119.40762999999998"><ele>2904.0</ele></trkpt><trkpt lat="37.85751" lon="-119.40818999999999"><ele>2909.3321448490024</ele></trkpt><trkpt lat="37.85751" lon="-119.40818999999999"><ele>2909.3321448490024</ele></trkpt><trkpt lat="37.85739" lon="-119.40848"><ele>2910.0</ele></trkpt><trkpt lat="37.857" lon="-119.40904999999998"><ele>2913.4353163540363</ele></trkpt><trkpt lat="37.85663" lon="-119.40938"><ele>2915.0</ele></trkpt><trkpt lat="37.85656" lon="-119.40953000000002"><ele>2916.0</ele></trkpt><trkpt lat="37.85647" lon="-119.40981999999997"><ele>2917.0</ele></trkpt><trkpt lat="37.85629" lon="-119.40999"><ele>2917.0</ele></trkpt><trkpt lat="37.8562" lon="-119.41025000000002"><ele>2917.0</ele></trkpt><trkpt lat="37.85596" lon="-119.41048999999998"><ele>2918.0</ele></trkpt><trkpt lat="37.85576" lon="-119.41079000000002"><ele>2919.0</ele></trkpt><trkpt lat="37.8554" lon="-119.41113999999999"><ele>2918.0</ele></trkpt><trkpt lat="37.85529" lon="-119.41120000000001"><ele>2918.0</ele></trkpt><trkpt lat="37.85529" lon="-119.41134"><ele>2916.449399131977</ele></trkpt><trkpt lat="37.85525" lon="-119.41145"><ele>2915.0</ele></trkpt><trkpt lat="37.85481" lon="-119.41221000000002"><ele>2914.0</ele></trkpt><trkpt lat="37.85461" lon="-119.41235"><ele>2914.0</ele></trkpt><trkpt lat="37.85446" lon="-119.41253"><ele>2914.0</ele></trkpt><trkpt lat="37.85405" lon="-119.41286000000002"><ele>2915.0</ele></trkpt><trkpt lat="37.85346" lon="-119.41311999999999"><ele>2917.0</ele></trkpt><trkpt lat="37.85322" lon="-119.41325999999998"><ele>2915.0</ele></trkpt><trkpt lat="37.85247" lon="-119.41384"><ele>2910.0</ele></trkpt><trkpt lat="37.85224" lon="-119.41386"><ele>2908.0</ele></trkpt><trkpt lat="37.85213" lon="-119.41394000000003"><ele>2907.0</ele></trkpt><trkpt lat="37.85172" lon="-119.41456"><ele>2899.0</ele></trkpt><trkpt lat="37.85156" lon="-119.41487999999998"><ele>2896.3507364549846</ele></trkpt><trkpt lat="37.85156" lon="-119.41487999999998"><ele>2896.3507364549846</ele></trkpt><trkpt lat="37.85156" lon="-119.41487999999998"><ele>2896.3507364549846</ele></trkpt><trkpt lat="37.85145" lon="-119.41496000000001"><ele>2895.0</ele></trkpt><trkpt lat="37.85122" lon="-119.41500000000002"><ele>2892.0</ele></trkpt><trkpt lat="37.85108" lon="-119.41498000000001"><ele>2889.1470298469067</ele></trkpt><trkpt lat="37.85091" lon="-119.41485"><ele>2887.0</ele></trkpt><trkpt lat="37.85084" lon="-119.41487000000001"><ele>2886.0</ele></trkpt><trkpt lat="37.85073" lon="-119.41482000000002"><ele>2886.0</ele></trkpt><trkpt lat="37.85062" lon="-119.41482000000002"><ele>2885.0</ele></trkpt><trkpt lat="37.85025" lon="-119.41489000000001"><ele>2883.0</ele></trkpt><trkpt lat="37.84992" lon="-119.41505000000001"><ele>2881.0</ele></trkpt><trkpt lat="37.84982" lon="-119.41514999999998"><ele>2879.0</ele></trkpt><trkpt lat="37.84949" lon="-119.41523000000001"><ele>2877.0</ele></trkpt><trkpt lat="37.84923" lon="-119.41521999999998"><ele>2876.0</ele></trkpt><trkpt lat="37.8488" lon="-119.41530999999998"><ele>2873.17699665474</ele></trkpt><trkpt lat="37.84873" lon="-119.4153"><ele>2873.0</ele></trkpt><trkpt lat="37.84851" lon="-119.4151"><ele>2875.0</ele></trkpt><trkpt lat="37.84843" lon="-119.41494999999998"><ele>2876.3520268346133</ele></trkpt><trkpt lat="37.84829" lon="-119.41485"><ele>2878.133173333481</ele></trkpt><trkpt lat="37.84821" lon="-119.41473000000002"><ele>2879.0</ele></trkpt><trkpt lat="37.84801" lon="-119.41453000000001"><ele>2879.0</ele></trkpt><trkpt lat="37.84782" lon="-119.41428000000002"><ele>2879.0</ele></trkpt><trkpt lat="37.84772" lon="-119.41426000000001"><ele>2878.629166221712</ele></trkpt><trkpt lat="37.84766" lon="-119.41417000000001"><ele>2879.2472820229555</ele></trkpt><trkpt lat="37.84756" lon="-119.41384"><ele>2880.080726452499</ele></trkpt><trkpt lat="37.84757" lon="-119.41370999999998"><ele>2881.0</ele></trkpt><trkpt lat="37.8475" lon="-119.41359"><ele>2881.0</ele></trkpt><trkpt lat="37.84738" lon="-119.4135"><ele>2881.0</ele></trkpt><trkpt lat="37.84703" lon="-119.41347999999999"><ele>2882.0</ele></trkpt><trkpt lat="37.84638" lon="-119.41318999999999"><ele>2884.0</ele></trkpt><trkpt lat="37.84624" lon="-119.41309999999999"><ele>2884.0</ele></trkpt><trkpt lat="37.84603" lon="-119.41302999999999"><ele>2886.0</ele></trkpt><trkpt lat="37.84595" lon="-119.41296"><ele>2887.0</ele></trkpt><trkpt lat="37.84566" lon="-119.41291999999999"><ele>2888.0</ele></trkpt><trkpt lat="37.8453" lon="-119.41304000000002"><ele>2889.0</ele></trkpt><trkpt lat="37.84501" lon="-119.41320999999999"><ele>2890.0</ele></trkpt><trkpt lat="37.84486" lon="-119.41322000000002"><ele>2890.9473763667047</ele></trkpt><trkpt lat="37.8447" lon="-119.41329999999999"><ele>2892.38991079852</ele></trkpt><trkpt lat="37.84454" lon="-119.41345999999999"><ele>2895.0</ele></trkpt><trkpt lat="37.8445" lon="-119.41347999999999"><ele>2895.9798008892685</ele></trkpt><trkpt lat="37.84416" lon="-119.41347999999999"><ele>2897.985018587393</ele></trkpt><trkpt lat="37.84383" lon="-119.4137"><ele>2903.0</ele></trkpt><trkpt lat="37.84363" lon="-119.41374000000002"><ele>2905.0</ele></trkpt><trkpt lat="37.8435" lon="-119.41372999999999"><ele>2907.139755585281</ele></trkpt><trkpt lat="37.84324" lon="-119.41388999999998"><ele>2911.0</ele></trkpt><trkpt lat="37.8431" lon="-119.41386"><ele>2913.0</ele></trkpt><trkpt lat="37.84293" lon="-119.41386"><ele>2915.0</ele></trkpt><trkpt lat="37.84283" lon="-119.41376000000002"><ele>2917.0</ele></trkpt><trkpt lat="37.84255" lon="-119.41368"><ele>2919.2719800639898</ele></trkpt><trkpt lat="37.84243" lon="-119.41361"><ele>2921.0</ele></trkpt><trkpt lat="37.84223" lon="-119.41358000000002"><ele>2922.0</ele></trkpt><trkpt lat="37.84205" lon="-119.41347999999999"><ele>2924.0</ele></trkpt><trkpt lat="37.84185" lon="-119.41347000000002"><ele>2925.0</ele></trkpt><trkpt lat="37.84185" lon="-119.41347000000002"><ele>2925.0</ele></trkpt><trkpt lat="37.84185" lon="-119.41347000000002"><ele>2925.0</ele></trkpt><trkpt lat="37.84158" lon="-119.41341999999997"><ele>2927.0</ele></trkpt><trkpt lat="37.84116" lon="-119.41323999999997"><ele>2928.164611557033</ele></trkpt><trkpt lat="37.84105174785727" lon="-119.413156729121"><ele>2929.0</ele></trkpt><trkpt lat="37.84105174785727" lon="-119.413156729121"><ele>2929.0</ele></trkpt><trkpt lat="37.84103" lon="-119.41314"><ele>2929.0</ele></trkpt><trkpt lat="37.84086836201773" lon="-119.41292949472074"><ele>2931.0</ele></trkpt><trkpt lat="37.84086" lon="-119.41293999999999"><ele>2931.0</ele></trkpt><trkpt lat="37.84071" lon="-119.41314"><ele>2929.8249493334442</ele></trkpt><trkpt lat="37.84016" lon="-119.41372999999999"><ele>2927.0</ele></trkpt><trkpt lat="37.84016" lon="-119.41372999999999"><ele>2927.0</ele></trkpt><trkpt lat="37.84002" lon="-119.41385000000002"><ele>2926.111970978155</ele></trkpt><trkpt lat="37.83967" lon="-119.41406"><ele>2925.0</ele></trkpt><trkpt lat="37.83962" lon="-119.41413"><ele>2925.0</ele></trkpt><trkpt lat="37.83954711591989" lon="-119.41412551482586"><ele>2925.0</ele></trkpt><trkpt lat="37.83954714435792" lon="-119.41412551655833"><ele>2925.0</ele></trkpt><trkpt lat="37.83897" lon="-119.41408999999999"><ele>2925.0</ele></trkpt><trkpt lat="37.83866" lon="-119.41411"><ele>2925.0</ele></trkpt><trkpt lat="37.83849" lon="-119.41404999999997"><ele>2925.0</ele></trkpt><trkpt lat="37.83836" lon="-119.41411"><ele>2924.7969623202825</ele></trkpt><trkpt lat="37.83811" lon="-119.41471000000001"><ele>2925.0</ele></trkpt><trkpt lat="37.83812" lon="-119.41493000000003"><ele>2925.0</ele></trkpt><trkpt lat="37.83811990823031" lon="-119.41492796125578"><ele>2925.0</ele></trkpt><trkpt lat="37.8379" lon="-119.41484000000003"><ele>2926.0</ele></trkpt><trkpt lat="37.83775" lon="-119.41469999999998"><ele>2927.0</ele></trkpt><trkpt lat="37.83757" lon="-119.41449999999998"><ele>2927.6232114438703</ele></trkpt><trkpt lat="37.837565190732754" lon="-119.4144911213528"><ele>2927.515886837732</ele></trkpt><trkpt lat="37.837587047237406" lon="-119.41451894135395"><ele>2927.1460973471403</ele></trkpt><trkpt lat="37.83757" lon="-119.41449999999998"><ele>2927.6232114438703</ele></trkpt><trkpt lat="37.83731" lon="-119.41402"><ele>2928.0</ele></trkpt><trkpt lat="37.83713" lon="-119.41350999999997"><ele>2934.0</ele></trkpt><trkpt lat="37.83712988333041" lon="-119.41350966533497"><ele>2934.0</ele></trkpt><trkpt lat="37.83704" lon="-119.41356000000002"><ele>2934.5713378677633</ele></trkpt><trkpt lat="37.83661" lon="-119.41368999999997"><ele>2939.0</ele></trkpt><trkpt lat="37.83641" lon="-119.41385000000002"><ele>2940.444288186214</ele></trkpt><trkpt lat="37.83619" lon="-119.4142"><ele>2945.8235539876678</ele></trkpt><trkpt lat="37.83615" lon="-119.41433"><ele>2948.0</ele></trkpt><trkpt lat="37.83603" lon="-119.41455000000002"><ele>2950.88885269923</ele></trkpt><trkpt lat="37.83575" lon="-119.41487000000001"><ele>2956.0</ele></trkpt><trkpt lat="37.83561" lon="-119.41489000000001"><ele>2957.810259539634</ele></trkpt><trkpt lat="37.83524" lon="-119.41514999999998"><ele>2958.054267698452</ele></trkpt><trkpt lat="37.83504585317702" lon="-119.41526776118769"><ele>2959.0</ele></trkpt><trkpt lat="37.83500459381473" lon="-119.41529278772077"><ele>2959.0</ele></trkpt><trkpt lat="37.83463" lon="-119.41552000000001"><ele>2958.0</ele></trkpt><trkpt lat="37.83402" lon="-119.41577000000001"><ele>2957.272461205384</ele></trkpt><trkpt lat="37.83364" lon="-119.41588000000002"><ele>2957.0</ele></trkpt><trkpt lat="37.83329" lon="-119.41607999999997"><ele>2958.0</ele></trkpt><trkpt lat="37.83312" lon="-119.4162"><ele>2959.0</ele></trkpt><trkpt lat="37.83299" lon="-119.41618"><ele>2959.0</ele></trkpt><trkpt lat="37.8327" lon="-119.41633000000002"><ele>2959.4017574050918</ele></trkpt><trkpt lat="37.83242" lon="-119.41638"><ele>2960.0</ele></trkpt><trkpt lat="37.83161" lon="-119.41676999999999"><ele>2964.0</ele></trkpt><trkpt lat="37.83129" lon="-119.41681"><ele>2965.0</ele></trkpt><trkpt lat="37.83117" lon="-119.41691000000003"><ele>2965.0</ele></trkpt><trkpt lat="37.83098" lon="-119.41691000000003"><ele>2966.869784890674</ele></trkpt><trkpt lat="37.83062" lon="-119.41712999999999"><ele>2970.0</ele></trkpt><trkpt lat="37.83038" lon="-119.41715999999997"><ele>2969.5206293314695</ele></trkpt><trkpt lat="37.8302" lon="-119.41730000000001"><ele>2972.0451022232883</ele></trkpt><trkpt lat="37.82999" lon="-119.41730999999999"><ele>2973.5111359991133</ele></trkpt><trkpt lat="37.82968" lon="-119.41741999999999"><ele>2977.6375075555407</ele></trkpt><trkpt lat="37.82939" lon="-119.41745000000003"><ele>2979.035608890932</ele></trkpt><trkpt lat="37.82934" lon="-119.41744"><ele>2979.4430469526633</ele></trkpt><trkpt lat="37.82918" lon="-119.41750000000002"><ele>2981.365777778905</ele></trkpt><trkpt lat="37.82888" lon="-119.41746999999998"><ele>2980.0</ele></trkpt><trkpt lat="37.82876" lon="-119.41753"><ele>2980.7639394893945</ele></trkpt><trkpt lat="37.82842" lon="-119.41757000000001"><ele>2983.256028446369</ele></trkpt><trkpt lat="37.82834" lon="-119.41754000000003"><ele>2982.229912890587</ele></trkpt><trkpt lat="37.82813" lon="-119.41751999999997"><ele>2982.297845331952</ele></trkpt><trkpt lat="37.82781" lon="-119.41755"><ele>2986.6959466673434</ele></trkpt><trkpt lat="37.82768" lon="-119.41753"><ele>2987.9344871165276</ele></trkpt><trkpt lat="37.82759" lon="-119.41757000000001"><ele>2989.6280142231844</ele></trkpt><trkpt lat="37.82745" lon="-119.41750000000002"><ele>2990.365777778905</ele></trkpt><trkpt lat="37.82731" lon="-119.41755"><ele>2992.6959466673434</ele></trkpt><trkpt lat="37.82716" lon="-119.41751999999997"><ele>2993.297845331952</ele></trkpt><trkpt lat="37.8267" lon="-119.41751999999997"><ele>2997.0</ele></trkpt><trkpt lat="37.82666" lon="-119.41744"><ele>2996.904334081337</ele></trkpt><trkpt lat="37.82629" lon="-119.41721999999999"><ele>2995.3168319994584</ele></trkpt><trkpt lat="37.82617" lon="-119.41724999999997"><ele>2996.0</ele></trkpt><trkpt lat="37.82574" lon="-119.41715999999997"><ele>3003.0</ele></trkpt><trkpt lat="37.82563" lon="-119.41721999999999"><ele>3005.6336639989167</ele></trkpt><trkpt lat="37.82549" lon="-119.41723999999999"><ele>3008.9514501806298</ele></trkpt><trkpt lat="37.82536" lon="-119.4171"><ele>3010.0</ele></trkpt><trkpt lat="37.82532" lon="-119.41709000000003"><ele>3010.974355229104</ele></trkpt><trkpt lat="37.82525" lon="-119.41712000000001"><ele>3012.0626540198177</ele></trkpt><trkpt lat="37.82509" lon="-119.41712999999999"><ele>3015.1225279993378</ele></trkpt><trkpt lat="37.82482" lon="-119.41712000000001"><ele>3019.8163815396065</ele></trkpt><trkpt lat="37.8246" lon="-119.41714000000002"><ele>3021.0</ele></trkpt><trkpt lat="37.82448" lon="-119.4171"><ele>3021.0</ele></trkpt><trkpt lat="37.82418" lon="-119.41719"><ele>3024.9370336336933</ele></trkpt><trkpt lat="37.82407" lon="-119.41719"><ele>3026.0</ele></trkpt><trkpt lat="37.8239" lon="-119.41724999999997"><ele>3028.0</ele></trkpt><trkpt lat="37.82357" lon="-119.41724999999997"><ele>3031.0</ele></trkpt><trkpt lat="37.82336" lon="-119.41730000000001"><ele>3031.0</ele></trkpt><trkpt lat="37.8228" lon="-119.41764"><ele>3029.0</ele></trkpt><trkpt lat="37.8228" lon="-119.41764"><ele>3029.0</ele></trkpt><trkpt lat="37.82256" lon="-119.41778"><ele>3029.0</ele></trkpt><trkpt lat="37.8224" lon="-119.41782"><ele>3028.0</ele></trkpt><trkpt lat="37.82223" lon="-119.41793999999999"><ele>3028.0</ele></trkpt><trkpt lat="37.82204" lon="-119.41802999999999"><ele>3027.0</ele></trkpt><trkpt lat="37.82193" lon="-119.41813000000002"><ele>3025.0282422974706</ele></trkpt><trkpt lat="37.82157" lon="-119.41835000000003"><ele>3020.7723211296297</ele></trkpt><trkpt lat="37.82152" lon="-119.41838999999999"><ele>3019.8393079526722</ele></trkpt><trkpt lat="37.8213" lon="-119.41872999999998"><ele>3016.0</ele></trkpt><trkpt lat="37.82082" lon="-119.41917000000001"><ele>3012.1934186676517</ele></trkpt><trkpt lat="37.82057" lon="-119.41935000000001"><ele>3010.7922935262322</ele></trkpt><trkpt lat="37.8202" lon="-119.41946999999999"><ele>3008.1680916611754</ele></trkpt><trkpt lat="37.82011" lon="-119.41955000000002"><ele>3007.0</ele></trkpt><trkpt lat="37.81993" lon="-119.41962000000001"><ele>3007.0</ele></trkpt><trkpt lat="37.81955" lon="-119.41989000000001"><ele>3004.0</ele></trkpt><trkpt lat="37.81931" lon="-119.42003"><ele>3004.124551587385</ele></trkpt><trkpt lat="37.81924" lon="-119.42007999999998"><ele>3004.0</ele></trkpt><trkpt lat="37.81909" lon="-119.42029000000002"><ele>3004.0</ele></trkpt><trkpt lat="37.8189" lon="-119.42047000000002"><ele>3002.0</ele></trkpt><trkpt lat="37.81869" lon="-119.42059999999998"><ele>2998.7361733685148</ele></trkpt><trkpt lat="37.81854" lon="-119.42066"><ele>2997.0</ele></trkpt><trkpt lat="37.81786" lon="-119.42113999999998"><ele>2995.9149507575717</ele></trkpt><trkpt lat="37.81768" lon="-119.42120999999997"><ele>2995.0</ele></trkpt><trkpt lat="37.81756" lon="-119.42129"><ele>2993.0</ele></trkpt><trkpt lat="37.8175" lon="-119.42138999999997"><ele>2993.8878484530405</ele></trkpt><trkpt lat="37.8175" lon="-119.42138999999997"><ele>2993.8878484530405</ele></trkpt><trkpt lat="37.8175" lon="-119.42142000000001"><ele>2994.034533192882</ele></trkpt><trkpt lat="37.81738" lon="-119.42149999999998"><ele>2994.0</ele></trkpt><trkpt lat="37.81722" lon="-119.42174"><ele>2996.12267784914</ele></trkpt><trkpt lat="37.81702" lon="-119.42196000000001"><ele>2997.0</ele></trkpt><trkpt lat="37.81688" lon="-119.42219999999998"><ele>2999.0</ele></trkpt><trkpt lat="37.81685" lon="-119.42221"><ele>2999.0</ele></trkpt><trkpt lat="37.81674" lon="-119.42237"><ele>2997.8416462615132</ele></trkpt><trkpt lat="37.81663" lon="-119.42279000000002"><ele>2993.3523752670735</ele></trkpt><trkpt lat="37.81649" lon="-119.42284999999998"><ele>2991.0</ele></trkpt><trkpt lat="37.81646" lon="-119.423"><ele>2989.0</ele></trkpt><trkpt lat="37.81647" lon="-119.42318999999998"><ele>2986.9533513464767</ele></trkpt><trkpt lat="37.81641" lon="-119.42318"><ele>2986.0</ele></trkpt><trkpt lat="37.81632" lon="-119.42322999999999"><ele>2984.441619518409</ele></trkpt><trkpt lat="37.8162" lon="-119.42326000000003"><ele>2982.985317805782</ele></trkpt><trkpt lat="37.81618" lon="-119.42316"><ele>2981.113485847711</ele></trkpt><trkpt lat="37.81614" lon="-119.42313999999999"><ele>2979.654568583239</ele></trkpt><trkpt lat="37.81604" lon="-119.42324000000002"><ele>2978.5464504230767</ele></trkpt><trkpt lat="37.81607" lon="-119.42336"><ele>2977.1702707255963</ele></trkpt><trkpt lat="37.81636" lon="-119.42367999999999"><ele>2974.7842772377803</ele></trkpt><trkpt lat="37.81643" lon="-119.42381"><ele>2972.313911666591</ele></trkpt><trkpt lat="37.81645" lon="-119.42395999999997"><ele>2969.576401779428</ele></trkpt><trkpt lat="37.81652" lon="-119.42410000000001"><ele>2967.9150428338908</ele></trkpt><trkpt lat="37.81651" lon="-119.42412999999999"><ele>2966.9270091326907</ele></trkpt><trkpt lat="37.81644" lon="-119.42412000000002"><ele>2965.119861332234</ele></trkpt><trkpt lat="37.81646" lon="-119.42422999999997"><ele>2962.323520936072</ele></trkpt><trkpt lat="37.81644" lon="-119.42425000000003"><ele>2962.0</ele></trkpt><trkpt lat="37.81639" lon="-119.42424"><ele>2961.0</ele></trkpt><trkpt lat="37.81641" lon="-119.42437000000001"><ele>2959.1753477289167</ele></trkpt><trkpt lat="37.81634" lon="-119.42451"><ele>2957.0</ele></trkpt><trkpt lat="37.81624" lon="-119.42464999999999"><ele>2954.3450378477573</ele></trkpt><trkpt lat="37.81616" lon="-119.42462999999998"><ele>2953.0</ele></trkpt><trkpt lat="37.8161" lon="-119.42464999999999"><ele>2953.0</ele></trkpt><trkpt lat="37.81598" lon="-119.42475999999999"><ele>2951.0</ele></trkpt><trkpt lat="37.81589" lon="-119.42476999999997"><ele>2947.9478742110214</ele></trkpt><trkpt lat="37.81586" lon="-119.42484999999999"><ele>2946.9277490694076</ele></trkpt><trkpt lat="37.81571" lon="-119.42482999999999"><ele>2943.1078332639304</ele></trkpt><trkpt lat="37.81562" lon="-119.42489"><ele>2941.7695208713412</ele></trkpt><trkpt lat="37.81543" lon="-119.42512999999997"><ele>2938.028300115855</ele></trkpt><trkpt lat="37.81535" lon="-119.42516999999998"><ele>2937.0</ele></trkpt><trkpt lat="37.81506" lon="-119.42566"><ele>2932.7338340785354</ele></trkpt><trkpt lat="37.81487" lon="-119.42577"><ele>2931.0</ele></trkpt><trkpt lat="37.81457" lon="-119.42606999999998"><ele>2929.0</ele></trkpt><trkpt lat="37.81439" lon="-119.42606"><ele>2929.0</ele></trkpt><trkpt lat="37.81434" lon="-119.42608999999999"><ele>2928.0808353761768</ele></trkpt><trkpt lat="37.81412" lon="-119.42635000000001"><ele>2925.28163745068</ele></trkpt><trkpt lat="37.81393" lon="-119.42644999999999"><ele>2922.0</ele></trkpt><trkpt lat="37.81385" lon="-119.42656"><ele>2920.0</ele></trkpt><trkpt lat="37.81364" lon="-119.42669000000001"><ele>2917.0</ele></trkpt><trkpt lat="37.81354" lon="-119.42692999999997"><ele>2913.2201936505257</ele></trkpt><trkpt lat="37.81352" lon="-119.42707999999999"><ele>2912.0</ele></trkpt><trkpt lat="37.81347" lon="-119.42719999999997"><ele>2912.0</ele></trkpt><trkpt lat="37.81342" lon="-119.42759000000001"><ele>2908.0</ele></trkpt><trkpt lat="37.81297" lon="-119.42826000000002"><ele>2903.0</ele></trkpt><trkpt lat="37.81275" lon="-119.42863999999997"><ele>2902.0</ele></trkpt><trkpt lat="37.81268" lon="-119.42869999999999"><ele>2901.0</ele></trkpt><trkpt lat="37.81258" lon="-119.42876000000001"><ele>2901.0</ele></trkpt><trkpt lat="37.81248" lon="-119.42878000000002"><ele>2901.0</ele></trkpt><trkpt lat="37.81209" lon="-119.42892999999998"><ele>2900.0</ele></trkpt><trkpt lat="37.81198" lon="-119.42901999999998"><ele>2899.0</ele></trkpt><trkpt lat="37.81182" lon="-119.42905999999999"><ele>2898.0</ele></trkpt><trkpt lat="37.81164" lon="-119.42917999999997"><ele>2896.0</ele></trkpt><trkpt lat="37.81101" lon="-119.42946999999998"><ele>2892.963040050603</ele></trkpt><trkpt lat="37.81048" lon="-119.42957000000001"><ele>2890.0</ele></trkpt><trkpt lat="37.81027" lon="-119.42955"><ele>2888.0</ele></trkpt><trkpt lat="37.80994" lon="-119.42971"><ele>2885.6069795554504</ele></trkpt><trkpt lat="37.80964" lon="-119.42978"><ele>2884.0085284095258</ele></trkpt><trkpt lat="37.80954" lon="-119.42982999999998"><ele>2883.0</ele></trkpt><trkpt lat="37.80914" lon="-119.4298"><ele>2881.284995413371</ele></trkpt><trkpt lat="37.80865" lon="-119.42964"><ele>2876.0</ele></trkpt><trkpt lat="37.80852" lon="-119.42966000000001"><ele>2875.0</ele></trkpt><trkpt lat="37.80833" lon="-119.42975000000001"><ele>2872.0</ele></trkpt><trkpt lat="37.80805" lon="-119.42978"><ele>2870.0</ele></trkpt><trkpt lat="37.80793" lon="-119.42973999999998"><ele>2869.0</ele></trkpt><trkpt lat="37.80714" lon="-119.42973999999998"><ele>2863.0</ele></trkpt><trkpt lat="37.80682" lon="-119.42982"><ele>2861.0</ele></trkpt><trkpt lat="37.80618" lon="-119.42987"><ele>2859.0</ele></trkpt><trkpt lat="37.80606" lon="-119.42991999999998"><ele>2857.686996817318</ele></trkpt><trkpt lat="37.80591" lon="-119.42993999999999"><ele>2857.0</ele></trkpt><trkpt lat="37.80567" lon="-119.42991999999998"><ele>2856.0</ele></trkpt><trkpt lat="37.80558" lon="-119.42988000000003"><ele>2856.0</ele></trkpt><trkpt lat="37.80544" lon="-119.42989"><ele>2855.2670504264534</ele></trkpt><trkpt lat="37.80544" lon="-119.42989"><ele>2855.2670504264534</ele></trkpt><trkpt lat="37.80508" lon="-119.42989"><ele>2852.0</ele></trkpt><trkpt lat="37.80486" lon="-119.43006000000003"><ele>2848.0</ele></trkpt><trkpt lat="37.80431" lon="-119.43009"><ele>2847.1023040004075</ele></trkpt><trkpt lat="37.80423" lon="-119.43011999999999"><ele>2847.0</ele></trkpt><trkpt lat="37.80305" lon="-119.43020999999999"><ele>2843.0</ele></trkpt><trkpt lat="37.80305" lon="-119.43020999999999"><ele>2843.0</ele></trkpt><trkpt lat="37.80242" lon="-119.43032"><ele>2842.0</ele></trkpt><trkpt lat="37.80223" lon="-119.43041"><ele>2842.015384888742</ele></trkpt><trkpt lat="37.80198" lon="-119.43043"><ele>2842.0</ele></trkpt><trkpt lat="37.80167" lon="-119.43034"><ele>2841.0</ele></trkpt><trkpt lat="37.80124" lon="-119.43029999999999"><ele>2840.8890133327805</ele></trkpt><trkpt lat="37.80102" lon="-119.43024000000003"><ele>2840.0</ele></trkpt><trkpt lat="37.80027" lon="-119.43018000000001"><ele>2840.0</ele></trkpt><trkpt lat="37.79948" lon="-119.42984000000001"><ele>2841.0</ele></trkpt><trkpt lat="37.79917" lon="-119.42977000000002"><ele>2841.0</ele></trkpt><trkpt lat="37.79901" lon="-119.42966999999999"><ele>2840.0</ele></trkpt><trkpt lat="37.79873" lon="-119.42939000000001"><ele>2839.0</ele></trkpt><trkpt lat="37.79843" lon="-119.42919"><ele>2838.3222771315054</ele></trkpt><trkpt lat="37.79813" lon="-119.42908999999997"><ele>2838.4989262209274</ele></trkpt><trkpt lat="37.79768" lon="-119.42910999999998"><ele>2840.0</ele></trkpt><trkpt lat="37.79719" lon="-119.42903000000001"><ele>2843.702723556198</ele></trkpt><trkpt lat="37.79698" lon="-119.42887000000002"><ele>2841.2461831122637</ele></trkpt><trkpt lat="37.79666" lon="-119.42880000000002"><ele>2841.0</ele></trkpt><trkpt lat="37.79618" lon="-119.42898000000002"><ele>2837.4389685021124</ele></trkpt><trkpt lat="37.79586" lon="-119.42912999999999"><ele>2837.0</ele></trkpt><trkpt lat="37.79573" lon="-119.42928999999998"><ele>2837.0</ele></trkpt><trkpt lat="37.79547" lon="-119.42986000000002"><ele>2837.2323830723763</ele></trkpt><trkpt lat="37.7954" lon="-119.43015000000003"><ele>2837.0</ele></trkpt><trkpt lat="37.79529" lon="-119.43047000000001"><ele>2837.0</ele></trkpt><trkpt lat="37.79513" lon="-119.43119000000002"><ele>2837.0</ele></trkpt><trkpt lat="37.79488" lon="-119.43176"><ele>2837.9299448886886</ele></trkpt><trkpt lat="37.79477" lon="-119.43232999999998"><ele>2838.0</ele></trkpt><trkpt lat="37.79477" lon="-119.43232999999998"><ele>2838.0</ele></trkpt><trkpt lat="37.79477" lon="-119.43232999999998"><ele>2838.0</ele></trkpt><trkpt lat="37.79469" lon="-119.43250999999998"><ele>2837.2310122530907</ele></trkpt><trkpt lat="37.79456" lon="-119.43263999999999"><ele>2837.0</ele></trkpt><trkpt lat="37.79448" lon="-119.43264999999997"><ele>2837.344325722039</ele></trkpt><trkpt lat="37.79425" lon="-119.43261000000001"><ele>2838.0</ele></trkpt><trkpt lat="37.7942" lon="-119.43263999999999"><ele>2838.0</ele></trkpt><trkpt lat="37.79413" lon="-119.43273999999997"><ele>2838.0</ele></trkpt><trkpt lat="37.79405" lon="-119.43295"><ele>2837.486660471186</ele></trkpt><trkpt lat="37.794" lon="-119.43299000000002"><ele>2838.0</ele></trkpt><trkpt lat="37.79348" lon="-119.43315000000001"><ele>2839.0</ele></trkpt><trkpt lat="37.79348" lon="-119.43315000000001"><ele>2839.0</ele></trkpt><trkpt lat="37.79297" lon="-119.43288999999999"><ele>2839.0</ele></trkpt><trkpt lat="37.79281" lon="-119.43270000000001"><ele>2839.0</ele></trkpt><trkpt lat="37.79271" lon="-119.43243999999999"><ele>2839.0</ele></trkpt><trkpt lat="37.79251" lon="-119.43225999999999"><ele>2839.0</ele></trkpt><trkpt lat="37.7924" lon="-119.43219999999997"><ele>2839.0</ele></trkpt><trkpt lat="37.79193" lon="-119.43231000000003"><ele>2841.0</ele></trkpt><trkpt lat="37.7918" lon="-119.4323"><ele>2842.205731038004</ele></trkpt><trkpt lat="37.79158" lon="-119.43234999999999"><ele>2842.0</ele></trkpt><trkpt lat="37.79138" lon="-119.43257"><ele>2841.0</ele></trkpt><trkpt lat="37.79124" lon="-119.43252999999999"><ele>2839.8145457771607</ele></trkpt><trkpt lat="37.79113" lon="-119.43258000000003"><ele>2839.0</ele></trkpt><trkpt lat="37.79113" lon="-119.43275"><ele>2838.0</ele></trkpt><trkpt lat="37.79109" lon="-119.43276000000003"><ele>2837.430876819234</ele></trkpt><trkpt lat="37.79107" lon="-119.43279999999999"><ele>2836.898182405077</ele></trkpt><trkpt lat="37.79108" lon="-119.43286"><ele>2835.8709363697217</ele></trkpt><trkpt lat="37.79094" lon="-119.43293"><ele>2833.0</ele></trkpt><trkpt lat="37.79087" lon="-119.43302"><ele>2832.9492607340217</ele></trkpt><trkpt lat="37.79059" lon="-119.43351000000001"><ele>2832.0</ele></trkpt><trkpt lat="37.79026" lon="-119.43387999999999"><ele>2835.0</ele></trkpt><trkpt lat="37.79023" lon="-119.43403999999998"><ele>2838.1856462210417</ele></trkpt><trkpt lat="37.79004" lon="-119.43425000000002"><ele>2843.9999406151373</ele></trkpt><trkpt lat="37.78996" lon="-119.43444999999997"><ele>2847.0</ele></trkpt><trkpt lat="37.78974" lon="-119.43459000000001"><ele>2847.8175040003844</ele></trkpt><trkpt lat="37.78963" lon="-119.43479000000002"><ele>2852.0</ele></trkpt><trkpt lat="37.78951" lon="-119.43486000000001"><ele>2852.0</ele></trkpt><trkpt lat="37.7894" lon="-119.43489"><ele>2850.2601717282087</ele></trkpt><trkpt lat="37.78932" lon="-119.43511999999998"><ele>2848.763310816379</ele></trkpt><trkpt lat="37.78929" lon="-119.43528000000003"><ele>2847.0</ele></trkpt><trkpt lat="37.78927" lon="-119.43533000000002"><ele>2847.0</ele></trkpt><trkpt lat="37.78915" lon="-119.43537000000003"><ele>2846.0</ele></trkpt><trkpt lat="37.78899" lon="-119.43536"><ele>2843.355390376772</ele></trkpt><trkpt lat="37.7889" lon="-119.43531999999999"><ele>2843.0</ele></trkpt><trkpt lat="37.78873" lon="-119.43531999999999"><ele>2841.878576111482</ele></trkpt><trkpt lat="37.78864" lon="-119.43537000000003"><ele>2843.0</ele></trkpt><trkpt lat="37.78855" lon="-119.43546000000003"><ele>2846.3136525791483</ele></trkpt><trkpt lat="37.78839" lon="-119.43549999999999"><ele>2849.459161200314</ele></trkpt><trkpt lat="37.78808" lon="-119.43538999999998"><ele>2852.058282174743</ele></trkpt><trkpt lat="37.78808" lon="-119.43538999999998"><ele>2852.058282174743</ele></trkpt><trkpt lat="37.78797" lon="-119.43538999999998"><ele>2854.1685819430277</ele></trkpt><trkpt lat="37.78788" lon="-119.43534"><ele>2854.770037333481</ele></trkpt><trkpt lat="37.78765" lon="-119.43527"><ele>2858.476762159043</ele></trkpt><trkpt lat="37.78755" lon="-119.43529000000001"><ele>2860.9080772689204</ele></trkpt><trkpt lat="37.78741" lon="-119.43524000000002"><ele>2861.1096995561384</ele></trkpt><trkpt lat="37.78699" lon="-119.43527"><ele>2865.0</ele></trkpt><trkpt lat="37.78688" lon="-119.43520000000001"><ele>2864.0</ele></trkpt><trkpt lat="37.78672" lon="-119.43522999999999"><ele>2864.7217727019615</ele></trkpt><trkpt lat="37.7865" lon="-119.43524000000002"><ele>2866.1096995561384</ele></trkpt><trkpt lat="37.78644" lon="-119.43533000000002"><ele>2868.088835126785</ele></trkpt><trkpt lat="37.78638" lon="-119.43534999999997"><ele>2869.2360711097717</ele></trkpt><trkpt lat="37.78631" lon="-119.43534999999997"><ele>2870.968074908548</ele></trkpt><trkpt lat="37.78606" lon="-119.43524000000002"><ele>2873.0768405517824</ele></trkpt><trkpt lat="37.78593" lon="-119.43534"><ele>2875.8542993762626</ele></trkpt><trkpt lat="37.78583" lon="-119.43534999999997"><ele>2878.2360711097717</ele></trkpt><trkpt lat="37.78561" lon="-119.43525"><ele>2882.0</ele></trkpt><trkpt lat="37.78544" lon="-119.43527"><ele>2884.1325559072575</ele></trkpt><trkpt lat="37.78522" lon="-119.43520999999998"><ele>2887.166565819225</ele></trkpt><trkpt lat="37.78512" lon="-119.43520999999998"><ele>2890.0</ele></trkpt><trkpt lat="37.78505" lon="-119.43529000000001"><ele>2891.4398684450425</ele></trkpt><trkpt lat="37.78498" lon="-119.43531000000002"><ele>2892.6146382739726</ele></trkpt><trkpt lat="37.78482" lon="-119.43529000000001"><ele>2894.0</ele></trkpt><trkpt lat="37.78473" lon="-119.43534"><ele>2896.770037333481</ele></trkpt><trkpt lat="37.78463" lon="-119.43529000000001"><ele>2897.011084619284</ele></trkpt><trkpt lat="37.78452" lon="-119.43537000000003"><ele>2900.0</ele></trkpt><trkpt lat="37.78434" lon="-119.43536"><ele>2902.0</ele></trkpt><trkpt lat="37.78425" lon="-119.43540000000002"><ele>2904.0</ele></trkpt><trkpt lat="37.78414" lon="-119.43549000000002"><ele>2906.760544001125</ele></trkpt><trkpt lat="37.78405" lon="-119.43549999999999"><ele>2907.22657777695</ele></trkpt><trkpt lat="37.78396" lon="-119.43547000000001"><ele>2908.0</ele></trkpt><trkpt lat="37.78384" lon="-119.43540000000002"><ele>2910.0</ele></trkpt><trkpt lat="37.78368" lon="-119.43547999999998"><ele>2913.0</ele></trkpt><trkpt lat="37.78345" lon="-119.43555000000003"><ele>2914.0</ele></trkpt><trkpt lat="37.78338" lon="-119.43560000000002"><ele>2914.886915556621</ele></trkpt><trkpt lat="37.7833" lon="-119.43581"><ele>2918.0</ele></trkpt><trkpt lat="37.78322" lon="-119.43588999999997"><ele>2919.4018951100297</ele></trkpt><trkpt lat="37.78309" lon="-119.43596000000002"><ele>2920.0</ele></trkpt><trkpt lat="37.78299" lon="-119.43608"><ele>2922.0</ele></trkpt><trkpt lat="37.78251" lon="-119.43626"><ele>2922.0</ele></trkpt><trkpt lat="37.78245" lon="-119.43633"><ele>2922.0</ele></trkpt><trkpt lat="37.78237" lon="-119.43635"><ele>2921.0</ele></trkpt><trkpt lat="37.78224" lon="-119.43644"><ele>2921.0</ele></trkpt><trkpt lat="37.78189" lon="-119.43680999999998"><ele>2922.0</ele></trkpt><trkpt lat="37.78183" lon="-119.43698999999998"><ele>2921.955911927757</ele></trkpt><trkpt lat="37.78172" lon="-119.43721"><ele>2922.0</ele></trkpt><trkpt lat="37.78168" lon="-119.43738000000002"><ele>2922.0196197378013</ele></trkpt><trkpt lat="37.78152" lon="-119.43761999999998"><ele>2920.5994554421595</ele></trkpt><trkpt lat="37.7814" lon="-119.43786"><ele>2918.4050228507313</ele></trkpt><trkpt lat="37.78139" lon="-119.43810000000002"><ele>2917.5583197070177</ele></trkpt><trkpt lat="37.78129" lon="-119.43835999999999"><ele>2915.0</ele></trkpt><trkpt lat="37.78118" lon="-119.43884000000003"><ele>2914.540719302371</ele></trkpt><trkpt lat="37.78113" lon="-119.43896000000001"><ele>2915.0</ele></trkpt><trkpt lat="37.781" lon="-119.43961999999999"><ele>2918.0</ele></trkpt><trkpt lat="37.78087" lon="-119.44002"><ele>2919.0</ele></trkpt><trkpt lat="37.78081" lon="-119.44033999999999"><ele>2919.0</ele></trkpt><trkpt lat="37.7806" lon="-119.4411"><ele>2922.0</ele></trkpt><trkpt lat="37.78059" lon="-119.44130000000001"><ele>2924.3954127351335</ele></trkpt><trkpt lat="37.78053" lon="-119.44163000000003"><ele>2926.9255170899505</ele></trkpt><trkpt lat="37.78044" lon="-119.44195000000002"><ele>2931.7421091712145</ele></trkpt><trkpt lat="37.78036" lon="-119.44209999999998"><ele>2932.845122099065</ele></trkpt><trkpt lat="37.78038" lon="-119.44223999999997"><ele>2936.1229890415634</ele></trkpt><trkpt lat="37.78031" lon="-119.44232"><ele>2938.2881877114924</ele></trkpt><trkpt lat="37.78024" lon="-119.44231000000002"><ele>2937.0</ele></trkpt><trkpt lat="37.78016" lon="-119.44244000000003"><ele>2938.259521320593</ele></trkpt><trkpt lat="37.77985" lon="-119.44274000000001"><ele>2939.0</ele></trkpt><trkpt lat="37.77971" lon="-119.44316000000003"><ele>2943.0</ele></trkpt><trkpt lat="37.77955" lon="-119.44335999999998"><ele>2944.0</ele></trkpt><trkpt lat="37.77955" lon="-119.44335999999998"><ele>2944.0</ele></trkpt><trkpt lat="37.77947" lon="-119.44343000000003"><ele>2945.0</ele></trkpt><trkpt lat="37.77942" lon="-119.44344999999998"><ele>2945.788836213283</ele></trkpt><trkpt lat="37.77916" lon="-119.44346999999999"><ele>2947.0</ele></trkpt><trkpt lat="37.77897" lon="-119.44355000000002"><ele>2951.2955158048408</ele></trkpt><trkpt lat="37.77885" lon="-119.44358"><ele>2954.0</ele></trkpt><trkpt lat="37.77868" lon="-119.44357000000002"><ele>2956.274571798276</ele></trkpt><trkpt lat="37.7785" lon="-119.44362000000001"><ele>2959.8168716577147</ele></trkpt><trkpt lat="37.7784" lon="-119.44369"><ele>2961.0</ele></trkpt><trkpt lat="37.77831" lon="-119.44369"><ele>2961.685614498332</ele></trkpt><trkpt lat="37.77767" lon="-119.44407000000001"><ele>2963.0</ele></trkpt><trkpt lat="37.77757" lon="-119.44409000000002"><ele>2962.0</ele></trkpt><trkpt lat="37.77736" lon="-119.44389999999999"><ele>2960.6949511105195</ele></trkpt><trkpt lat="37.77732" lon="-119.44391999999999"><ele>2960.0</ele></trkpt><trkpt lat="37.77715" lon="-119.44409000000002"><ele>2958.9181498456746</ele></trkpt><trkpt lat="37.7768" lon="-119.44425999999999"><ele>2954.0</ele></trkpt><trkpt lat="37.7765" lon="-119.44425000000001"><ele>2948.5956375412625</ele></trkpt><trkpt lat="37.7764" lon="-119.44432"><ele>2947.0</ele></trkpt><trkpt lat="37.77627" lon="-119.44427999999999"><ele>2944.0</ele></trkpt><trkpt lat="37.77609" lon="-119.44439999999997"><ele>2940.9980481077127</ele></trkpt><trkpt lat="37.77608" lon="-119.44445999999999"><ele>2940.171830841407</ele></trkpt><trkpt lat="37.77595" lon="-119.44465000000002"><ele>2938.1645526736975</ele></trkpt><trkpt lat="37.7758" lon="-119.44468999999998"><ele>2936.0</ele></trkpt><trkpt lat="37.77574" lon="-119.44481999999999"><ele>2936.0</ele></trkpt><trkpt lat="37.77563" lon="-119.44481999999999"><ele>2934.0</ele></trkpt><trkpt lat="37.77551" lon="-119.44502"><ele>2931.0</ele></trkpt><trkpt lat="37.77544" lon="-119.44509"><ele>2929.0</ele></trkpt><trkpt lat="37.77517" lon="-119.44522"><ele>2922.8256567764533</ele></trkpt><trkpt lat="37.77503" lon="-119.44522999999998"><ele>2918.0</ele></trkpt><trkpt lat="37.77501" lon="-119.44518"><ele>2917.0</ele></trkpt><trkpt lat="37.77497" lon="-119.44515000000001"><ele>2916.019481873489</ele></trkpt><trkpt lat="37.7749" lon="-119.44517000000002"><ele>2913.256097232923</ele></trkpt><trkpt lat="37.7748" lon="-119.445"><ele>2911.3600997123867</ele></trkpt><trkpt lat="37.7746" lon="-119.44495"><ele>2905.568128598854</ele></trkpt><trkpt lat="37.77457" lon="-119.44490000000002"><ele>2904.0</ele></trkpt><trkpt lat="37.77453" lon="-119.44490000000002"><ele>2902.4409462474287</ele></trkpt><trkpt lat="37.77452" lon="-119.44483000000002"><ele>2902.0</ele></trkpt><trkpt lat="37.77446" lon="-119.44479000000001"><ele>2900.3137678001076</ele></trkpt><trkpt lat="37.77441" lon="-119.44486"><ele>2898.3657855894417</ele></trkpt><trkpt lat="37.7744" lon="-119.44513"><ele>2895.776189384982</ele></trkpt><trkpt lat="37.77436" lon="-119.44515999999999"><ele>2894.417805371806</ele></trkpt><trkpt lat="37.77431" lon="-119.44511"><ele>2893.0</ele></trkpt><trkpt lat="37.77429" lon="-119.44506999999999"><ele>2893.0</ele></trkpt><trkpt lat="37.77424" lon="-119.44506999999999"><ele>2891.342660980299</ele></trkpt><trkpt lat="37.77421" lon="-119.44499000000002"><ele>2890.5738766789436</ele></trkpt><trkpt lat="37.77418" lon="-119.44499000000002"><ele>2888.9039824470233</ele></trkpt><trkpt lat="37.77417" lon="-119.44493"><ele>2889.2154987249523</ele></trkpt><trkpt lat="37.77412" lon="-119.44492000000002"><ele>2886.2675280775875</ele></trkpt><trkpt lat="37.77407" lon="-119.44502999999997"><ele>2884.3195594213903</ele></trkpt><trkpt lat="37.77404" lon="-119.44502999999997"><ele>2883.0</ele></trkpt><trkpt lat="37.77391" lon="-119.44484"><ele>2878.9432787939154</ele></trkpt><trkpt lat="37.7738" lon="-119.445"><ele>2875.0</ele></trkpt><trkpt lat="37.77375" lon="-119.44502999999997"><ele>2872.6478994587983</ele></trkpt><trkpt lat="37.77364" lon="-119.44497000000001"><ele>2869.4249822250304</ele></trkpt><trkpt lat="37.77363" lon="-119.44488999999999"><ele>2868.3775212224573</ele></trkpt><trkpt lat="37.77358" lon="-119.44484"><ele>2866.7159989086526</ele></trkpt><trkpt lat="37.7735" lon="-119.44493"><ele>2864.0</ele></trkpt><trkpt lat="37.77343" lon="-119.4452"><ele>2859.3063944899477</ele></trkpt><trkpt lat="37.7734" lon="-119.44522999999998"><ele>2857.816971791908</ele></trkpt><trkpt lat="37.77326" lon="-119.44501000000002"><ele>2854.5627449620515</ele></trkpt><trkpt lat="37.77322" lon="-119.44501000000002"><ele>2853.2043973095715</ele></trkpt><trkpt lat="37.77316" lon="-119.44518"><ele>2848.435288310684</ele></trkpt><trkpt lat="37.77314" lon="-119.44529999999997"><ele>2846.029418416454</ele></trkpt><trkpt lat="37.77323" lon="-119.44569999999999"><ele>2839.3326546382295</ele></trkpt><trkpt lat="37.77306" lon="-119.44564000000003"><ele>2834.8202895605086</ele></trkpt><trkpt lat="37.77301" lon="-119.44558999999998"><ele>2834.4488659418435</ele></trkpt><trkpt lat="37.77297" lon="-119.44558999999998"><ele>2833.25344882215</ele></trkpt><trkpt lat="37.77294" lon="-119.44563"><ele>2831.4741185534704</ele></trkpt><trkpt lat="37.77299" lon="-119.44583"><ele>2827.0044528497383</ele></trkpt><trkpt lat="37.77299" lon="-119.44612000000001"><ele>2821.54446929651</ele></trkpt><trkpt lat="37.77296" lon="-119.44621000000001"><ele>2818.956464603363</ele></trkpt><trkpt lat="37.77262" lon="-119.44664"><ele>2811.0</ele></trkpt><trkpt lat="37.77251" lon="-119.44686000000002"><ele>2809.0</ele></trkpt><trkpt lat="37.77239" lon="-119.44691"><ele>2807.0</ele></trkpt><trkpt lat="37.77226" lon="-119.44702999999998"><ele>2804.827345818738</ele></trkpt><trkpt lat="37.7721" lon="-119.44709999999998"><ele>2801.0</ele></trkpt><trkpt lat="37.77193" lon="-119.44725"><ele>2798.0857454306465</ele></trkpt><trkpt lat="37.77181" lon="-119.44740999999999"><ele>2795.3462648489513</ele></trkpt><trkpt lat="37.77173" lon="-119.44747999999998"><ele>2793.3568562082946</ele></trkpt><trkpt lat="37.77166" lon="-119.44761"><ele>2791.8233167226426</ele></trkpt><trkpt lat="37.77148" lon="-119.44774999999998"><ele>2786.0728386546634</ele></trkpt><trkpt lat="37.77124" lon="-119.44801999999999"><ele>2779.4677831921726</ele></trkpt><trkpt lat="37.77106" lon="-119.44804999999997"><ele>2774.0</ele></trkpt><trkpt lat="37.77091" lon="-119.44830999999999"><ele>2770.0119847543538</ele></trkpt><trkpt lat="37.77082" lon="-119.44837999999999"><ele>2767.7058729771525</ele></trkpt><trkpt lat="37.77071" lon="-119.44861000000003"><ele>2764.0</ele></trkpt><trkpt lat="37.77071" lon="-119.44861000000003"><ele>2764.0</ele></trkpt><trkpt lat="37.77065" lon="-119.44873999999999"><ele>2762.93853457598</ele></trkpt><trkpt lat="37.7706" lon="-119.44873999999999"><ele>2760.8029557719983</ele></trkpt><trkpt lat="37.77058" lon="-119.4486"><ele>2758.556273147464</ele></trkpt><trkpt lat="37.77056" lon="-119.44855999999999"><ele>2757.4601741451434</ele></trkpt><trkpt lat="37.77052" lon="-119.44855999999999"><ele>2756.016363454874</ele></trkpt><trkpt lat="37.7704" lon="-119.44866000000002"><ele>2751.94410341233</ele></trkpt><trkpt lat="37.77037" lon="-119.44876"><ele>2750.5053228028146</ele></trkpt><trkpt lat="37.77029" lon="-119.44882999999999"><ele>2746.458901291713</ele></trkpt><trkpt lat="37.7702" lon="-119.44902000000002"><ele>2742.152834005654</ele></trkpt><trkpt lat="37.77011" lon="-119.44903"><ele>2740.0</ele></trkpt><trkpt lat="37.77004" lon="-119.44909999999999"><ele>2738.0</ele></trkpt><trkpt lat="37.77004" lon="-119.44916"><ele>2737.7198414411396</ele></trkpt><trkpt lat="37.76995" lon="-119.44925"><ele>2735.4137920942158</ele></trkpt><trkpt lat="37.76997" lon="-119.44939"><ele>2734.2682963083</ele></trkpt><trkpt lat="37.76995" lon="-119.44948"><ele>2732.848640597868</ele></trkpt><trkpt lat="37.76991" lon="-119.44943999999998"><ele>2731.1710902486466</ele></trkpt><trkpt lat="37.76986" lon="-119.44942000000003"><ele>2730.0058619398183</ele></trkpt><trkpt lat="37.76984" lon="-119.44945999999999"><ele>2728.942209006452</ele></trkpt><trkpt lat="37.76982" lon="-119.44943"><ele>2728.89689074382</ele></trkpt><trkpt lat="37.76979" lon="-119.44943"><ele>2727.9921096347016</ele></trkpt><trkpt lat="37.76972" lon="-119.44959"><ele>2723.131829333026</ele></trkpt><trkpt lat="37.76974" lon="-119.44966999999997"><ele>2723.0</ele></trkpt><trkpt lat="37.76972" lon="-119.44979999999998"><ele>2719.853917548433</ele></trkpt><trkpt lat="37.76962" lon="-119.44996000000003"><ele>2716.958333073184</ele></trkpt><trkpt lat="37.76958" lon="-119.44997999999998"><ele>2714.6174923007734</ele></trkpt><trkpt lat="37.76956" lon="-119.44990000000001"><ele>2713.4209862146527</ele></trkpt><trkpt lat="37.76954" lon="-119.44990000000001"><ele>2712.241871235892</ele></trkpt><trkpt lat="37.76949" lon="-119.45001000000002"><ele>2710.2940851766616</ele></trkpt><trkpt lat="37.76943" lon="-119.45002"><ele>2707.7567445375025</ele></trkpt><trkpt lat="37.76935" lon="-119.45020999999997"><ele>2703.04029481858</ele></trkpt><trkpt lat="37.76935" lon="-119.45015000000001"><ele>2703.04029481858</ele></trkpt><trkpt lat="37.76932" lon="-119.45015000000001"><ele>2701.2716274876148</ele></trkpt><trkpt lat="37.76919" lon="-119.45055000000002"><ele>2693.6074106860906</ele></trkpt><trkpt lat="37.76912" lon="-119.45064000000002"><ele>2690.0</ele></trkpt><trkpt lat="37.76903" lon="-119.45086000000003"><ele>2686.174546962604</ele></trkpt><trkpt lat="37.76894" lon="-119.45096999999998"><ele>2683.0</ele></trkpt><trkpt lat="37.76891" lon="-119.45089999999999"><ele>2682.0</ele></trkpt><trkpt lat="37.76893" lon="-119.45083"><ele>2682.2790174987167</ele></trkpt><trkpt lat="37.7689" lon="-119.45080999999999"><ele>2680.510360216722</ele></trkpt><trkpt lat="37.76881" lon="-119.45096999999998"><ele>2677.204392665997</ele></trkpt><trkpt lat="37.76871" lon="-119.45107000000002"><ele>2674.308880744502</ele></trkpt><trkpt lat="37.76867" lon="-119.45114999999998"><ele>2672.0</ele></trkpt><trkpt lat="37.76863" lon="-119.45114999999998"><ele>2671.0</ele></trkpt><trkpt lat="37.76861" lon="-119.45092999999997"><ele>2670.0</ele></trkpt><trkpt lat="37.76856" lon="-119.45091000000002"><ele>2668.179094113881</ele></trkpt><trkpt lat="37.7685" lon="-119.45094"><ele>2666.726633656955</ele></trkpt><trkpt lat="37.76849" lon="-119.45104000000003"><ele>2665.7070354237712</ele></trkpt><trkpt lat="37.7684" lon="-119.45114999999998"><ele>2662.014141504951</ele></trkpt><trkpt lat="37.76818" lon="-119.45134000000002"><ele>2656.424081779085</ele></trkpt><trkpt lat="37.76792" lon="-119.45139"><ele>2653.0</ele></trkpt><trkpt lat="37.76748" lon="-119.45190000000002"><ele>2644.90187842173</ele></trkpt><trkpt lat="37.7673" lon="-119.452"><ele>2641.33195743247</ele></trkpt><trkpt lat="37.76721" lon="-119.45213999999999"><ele>2640.0</ele></trkpt><trkpt lat="37.76707" lon="-119.45217000000002"><ele>2637.663099144558</ele></trkpt><trkpt lat="37.76695" lon="-119.45224999999999"><ele>2634.5491757914424</ele></trkpt><trkpt lat="37.76686" lon="-119.45240999999999"><ele>2632.2433481551707</ele></trkpt><trkpt lat="37.76661" lon="-119.45260999999999"><ele>2626.3082205038463</ele></trkpt><trkpt lat="37.76643" lon="-119.45260999999999"><ele>2623.0</ele></trkpt><trkpt lat="37.76634" lon="-119.45274"><ele>2621.587581573054</ele></trkpt><trkpt lat="37.76611" lon="-119.45288"><ele>2617.028368955478</ele></trkpt><trkpt lat="37.76596" lon="-119.45301"><ele>2614.0</ele></trkpt><trkpt lat="37.76553" lon="-119.45312000000001"><ele>2607.8978576758022</ele></trkpt><trkpt lat="37.76521" lon="-119.45294999999999"><ele>2602.5444800006226</ele></trkpt><trkpt lat="37.76508020291223" lon="-119.45301489854387"><ele>2601.5199886430055</ele></trkpt><trkpt lat="37.765162743584696" lon="-119.45297362822248"><ele>2602.0</ele></trkpt><trkpt lat="37.76507" lon="-119.45301999999998"><ele>2601.4848855049804</ele></trkpt><trkpt lat="37.76429" lon="-119.45298000000003"><ele>2598.0</ele></trkpt><trkpt lat="37.76389" lon="-119.45312000000001"><ele>2595.0</ele></trkpt><trkpt lat="37.76372" lon="-119.45312000000001"><ele>2594.0</ele></trkpt><trkpt lat="37.76306" lon="-119.45306"><ele>2590.0</ele></trkpt><trkpt lat="37.7629" lon="-119.45283999999998"><ele>2587.0</ele></trkpt><trkpt lat="37.76281" lon="-119.45281999999997"><ele>2589.5122128557414</ele></trkpt><trkpt lat="37.76268" lon="-119.45301999999998"><ele>2590.0</ele></trkpt><trkpt lat="37.76193" lon="-119.45350000000002"><ele>2589.0</ele></trkpt><trkpt lat="37.76151" lon="-119.45397000000003"><ele>2586.0</ele></trkpt><trkpt lat="37.76134" lon="-119.45407999999998"><ele>2586.0</ele></trkpt><trkpt lat="37.76124" lon="-119.45445999999998"><ele>2584.0</ele></trkpt><trkpt lat="37.76114" lon="-119.45472000000001"><ele>2583.0</ele></trkpt><trkpt lat="37.76104" lon="-119.45490000000001"><ele>2583.0</ele></trkpt><trkpt lat="37.76093" lon="-119.4554"><ele>2582.0</ele></trkpt><trkpt lat="37.76095" lon="-119.45562000000001"><ele>2581.0</ele></trkpt><trkpt lat="37.76092" lon="-119.45605"><ele>2580.0</ele></trkpt><trkpt lat="37.76097" lon="-119.45621"><ele>2579.9873765636007</ele></trkpt><trkpt lat="37.76092" lon="-119.45639"><ele>2580.0</ele></trkpt><trkpt lat="37.76092" lon="-119.45668"><ele>2580.286119111348</ele></trkpt><trkpt lat="37.761" lon="-119.45686"><ele>2580.0</ele></trkpt><trkpt lat="37.76101" lon="-119.45713"><ele>2579.0</ele></trkpt><trkpt lat="37.76113" lon="-119.45753000000002"><ele>2575.5477203596383</ele></trkpt><trkpt lat="37.76121" lon="-119.45871"><ele>2572.0</ele></trkpt><trkpt lat="37.7612" lon="-119.45910000000003"><ele>2571.393357349466</ele></trkpt><trkpt lat="37.76123" lon="-119.45929999999998"><ele>2570.652812635526</ele></trkpt><trkpt lat="37.76117" lon="-119.45954"><ele>2570.346962092005</ele></trkpt><trkpt lat="37.76104" lon="-119.45976000000002"><ele>2568.0</ele></trkpt><trkpt lat="37.76106" lon="-119.45996000000002"><ele>2566.9021144688677</ele></trkpt><trkpt lat="37.76098" lon="-119.46012000000002"><ele>2564.242912727522</ele></trkpt><trkpt lat="37.76088" lon="-119.46019999999999"><ele>2562.0</ele></trkpt><trkpt lat="37.76082" lon="-119.46035"><ele>2560.0</ele></trkpt><trkpt lat="37.76074" lon="-119.46062"><ele>2556.462215663865</ele></trkpt><trkpt lat="37.76058" lon="-119.46100999999999"><ele>2550.923651287414</ele></trkpt><trkpt lat="37.76015" lon="-119.46176000000003"><ele>2533.0</ele></trkpt><trkpt lat="37.76012" lon="-119.46206999999998"><ele>2530.0</ele></trkpt><trkpt lat="37.76016" lon="-119.4622"><ele>2530.0</ele></trkpt><trkpt lat="37.76008" lon="-119.46233000000001"><ele>2528.0</ele></trkpt><trkpt lat="37.76001" lon="-119.46251999999998"><ele>2526.0</ele></trkpt><trkpt lat="37.75997" lon="-119.46272999999997"><ele>2525.0</ele></trkpt><trkpt lat="37.75985" lon="-119.46289999999999"><ele>2522.998164616525</ele></trkpt><trkpt lat="37.75975" lon="-119.46329000000003"><ele>2521.0</ele></trkpt><trkpt lat="37.7596" lon="-119.46359999999999"><ele>2519.0</ele></trkpt><trkpt lat="37.75948" lon="-119.46379000000002"><ele>2516.0</ele></trkpt><trkpt lat="37.7594" lon="-119.46388000000002"><ele>2515.0</ele></trkpt><trkpt lat="37.75916" lon="-119.46404999999999"><ele>2510.324222350493</ele></trkpt><trkpt lat="37.75901" lon="-119.46449999999999"><ele>2506.6247722969674</ele></trkpt><trkpt lat="37.75902" lon="-119.46456999999998"><ele>2507.0</ele></trkpt><trkpt lat="37.75895" lon="-119.46465999999998"><ele>2504.945271747187</ele></trkpt><trkpt lat="37.75885" lon="-119.4651"><ele>2500.348142666951</ele></trkpt><trkpt lat="37.75882" lon="-119.46533"><ele>2498.0</ele></trkpt><trkpt lat="37.75882" lon="-119.46533"><ele>2498.0</ele></trkpt><trkpt lat="37.75877" lon="-119.46550000000002"><ele>2498.0</ele></trkpt><trkpt lat="37.75878" lon="-119.4656"><ele>2497.0</ele></trkpt><trkpt lat="37.75884" lon="-119.46571"><ele>2497.0</ele></trkpt><trkpt lat="37.75886" lon="-119.46587999999997"><ele>2496.0</ele></trkpt><trkpt lat="37.75883" lon="-119.46608000000003"><ele>2495.642129776068</ele></trkpt><trkpt lat="37.75887" lon="-119.46638999999999"><ele>2495.0</ele></trkpt><trkpt lat="37.75897" lon="-119.46672999999998"><ele>2494.0</ele></trkpt><trkpt lat="37.75897" lon="-119.46686999999997"><ele>2494.0</ele></trkpt><trkpt lat="37.75892" lon="-119.46717999999998"><ele>2496.93307627094</ele></trkpt><trkpt lat="37.75883" lon="-119.4674"><ele>2497.8716014660895</ele></trkpt><trkpt lat="37.75883" lon="-119.46749"><ele>2497.0</ele></trkpt><trkpt lat="37.75877" lon="-119.46762999999999"><ele>2495.0</ele></trkpt><trkpt lat="37.75883" lon="-119.46798999999999"><ele>2494.0</ele></trkpt><trkpt lat="37.75888" lon="-119.46812"><ele>2494.818962689489</ele></trkpt><trkpt lat="37.75888" lon="-119.46827000000002"><ele>2494.818962689489</ele></trkpt><trkpt lat="37.75882" lon="-119.46837"><ele>2493.2821294609457</ele></trkpt><trkpt lat="37.7588" lon="-119.46861999999999"><ele>2492.0</ele></trkpt><trkpt lat="37.75885" lon="-119.46872000000002"><ele>2493.0505457166582</ele></trkpt><trkpt lat="37.75887" lon="-119.46911"><ele>2491.2294902857393</ele></trkpt><trkpt lat="37.75894" lon="-119.46929"><ele>2491.0</ele></trkpt><trkpt lat="37.75896" lon="-119.46944000000002"><ele>2490.0</ele></trkpt><trkpt lat="37.75891" lon="-119.46985000000001"><ele>2486.0</ele></trkpt><trkpt lat="37.75893" lon="-119.47018000000003"><ele>2484.0</ele></trkpt><trkpt lat="37.7589" lon="-119.47030000000001"><ele>2482.9979077354074</ele></trkpt><trkpt lat="37.75889" lon="-119.47046999999998"><ele>2480.021770139747</ele></trkpt><trkpt lat="37.75895" lon="-119.47069999999997"><ele>2478.316216507265</ele></trkpt><trkpt lat="37.75895" lon="-119.47099000000003"><ele>2475.945271747187</ele></trkpt><trkpt lat="37.75893" lon="-119.47107"><ele>2475.0</ele></trkpt><trkpt lat="37.75898" lon="-119.47131000000002"><ele>2472.973219811312</ele></trkpt><trkpt lat="37.75898" lon="-119.47188"><ele>2469.0</ele></trkpt><trkpt lat="37.75902" lon="-119.47217"><ele>2468.0</ele></trkpt><trkpt lat="37.7591" lon="-119.47234000000003"><ele>2469.0</ele></trkpt><trkpt lat="37.75911" lon="-119.47246000000001"><ele>2469.0</ele></trkpt><trkpt lat="37.75906" lon="-119.47253"><ele>2468.0</ele></trkpt><trkpt lat="37.75899" lon="-119.47273000000001"><ele>2468.0</ele></trkpt><trkpt lat="37.75898" lon="-119.47293000000002"><ele>2468.0</ele></trkpt><trkpt lat="37.75901" lon="-119.47330999999997"><ele>2468.0</ele></trkpt><trkpt lat="37.75894" lon="-119.47370999999998"><ele>2467.0</ele></trkpt><trkpt lat="37.75893" lon="-119.47402999999997"><ele>2467.0</ele></trkpt><trkpt lat="37.75886" lon="-119.47431"><ele>2466.0</ele></trkpt><trkpt lat="37.75887" lon="-119.47444000000002"><ele>2466.0</ele></trkpt><trkpt lat="37.75885" lon="-119.47458"><ele>2465.512532448336</ele></trkpt><trkpt lat="37.7587" lon="-119.47510999999997"><ele>2463.0</ele></trkpt><trkpt lat="37.75871" lon="-119.47525999999999"><ele>2463.0</ele></trkpt><trkpt lat="37.75865" lon="-119.47570999999999"><ele>2462.0</ele></trkpt><trkpt lat="37.75857" lon="-119.47595000000001"><ele>2461.5453552212566</ele></trkpt><trkpt lat="37.75858" lon="-119.47611"><ele>2462.0</ele></trkpt><trkpt lat="37.75849" lon="-119.47615000000002"><ele>2460.0</ele></trkpt><trkpt lat="37.7584" lon="-119.47625"><ele>2459.0</ele></trkpt><trkpt lat="37.75824" lon="-119.47653000000003"><ele>2457.0</ele></trkpt><trkpt lat="37.75795" lon="-119.47726"><ele>2453.998995334065</ele></trkpt><trkpt lat="37.75788" lon="-119.47734000000003"><ele>2452.0</ele></trkpt><trkpt lat="37.75784" lon="-119.47759000000002"><ele>2450.514259474352</ele></trkpt><trkpt lat="37.75777" lon="-119.47780999999998"><ele>2448.0</ele></trkpt><trkpt lat="37.75764" lon="-119.47805"><ele>2446.5797747132005</ele></trkpt><trkpt lat="37.75746" lon="-119.47830999999996"><ele>2444.0</ele></trkpt><trkpt lat="37.75742" lon="-119.47861"><ele>2442.0</ele></trkpt><trkpt lat="37.757390006016855" lon="-119.47869999641165"><ele>2441.0</ele></trkpt><trkpt lat="37.757390006016855" lon="-119.47869999641165"><ele>2441.0</ele></trkpt><trkpt lat="37.75739" lon="-119.4787"><ele>2441.0</ele></trkpt><trkpt lat="37.7573" lon="-119.47879999999998"><ele>2440.847164445091</ele></trkpt><trkpt lat="37.7571" lon="-119.47886"><ele>2439.0</ele></trkpt><trkpt lat="37.75693" lon="-119.47897999999998"><ele>2437.0</ele></trkpt><trkpt lat="37.75675" lon="-119.47922"><ele>2433.07203339263</ele></trkpt><trkpt lat="37.75664" lon="-119.47920999999997"><ele>2429.8366081251015</ele></trkpt><trkpt lat="37.75647" lon="-119.47901999999999"><ele>2425.758417768404</ele></trkpt><trkpt lat="37.75632" lon="-119.47899999999998"><ele>2423.4825945221864</ele></trkpt><trkpt lat="37.75632" lon="-119.47899999999998"><ele>2423.4825945221864</ele></trkpt><trkpt lat="37.75632" lon="-119.47899999999998"><ele>2423.4825945221864</ele></trkpt><trkpt lat="37.75634" lon="-119.47911999999997"><ele>2422.0</ele></trkpt><trkpt lat="37.75644" lon="-119.47929999999997"><ele>2422.990058405325</ele></trkpt><trkpt lat="37.75643" lon="-119.47937999999999"><ele>2422.0732285386493</ele></trkpt><trkpt lat="37.75641" lon="-119.47953999999999"><ele>2422.0</ele></trkpt><trkpt lat="37.75632" lon="-119.47964999999999"><ele>2419.9166281223297</ele></trkpt><trkpt lat="37.75623" lon="-119.47987999999998"><ele>2419.6115629412234</ele></trkpt><trkpt lat="37.75596" lon="-119.48012"><ele>2415.466100587765</ele></trkpt><trkpt lat="37.75555" lon="-119.48014999999998"><ele>2410.5607962909226</ele></trkpt><trkpt lat="37.75538" lon="-119.48036000000002"><ele>2408.928290780339</ele></trkpt><trkpt lat="37.75521" lon="-119.48048"><ele>2406.487941902131</ele></trkpt><trkpt lat="37.75514" lon="-119.48059999999998"><ele>2405.361841440201</ele></trkpt><trkpt lat="37.75487" lon="-119.48081000000002"><ele>2403.0</ele></trkpt><trkpt lat="37.75406" lon="-119.48189000000002"><ele>2399.0</ele></trkpt><trkpt lat="37.75384" lon="-119.48230000000001"><ele>2398.0</ele></trkpt><trkpt lat="37.75357" lon="-119.48255"><ele>2397.0</ele></trkpt><trkpt lat="37.75343" lon="-119.48257999999998"><ele>2396.0</ele></trkpt><trkpt lat="37.75334" lon="-119.48264"><ele>2395.0</ele></trkpt><trkpt lat="37.75334" lon="-119.48264"><ele>2395.0</ele></trkpt><trkpt lat="37.75302" lon="-119.48288000000002"><ele>2394.0</ele></trkpt><trkpt lat="37.7527" lon="-119.483"><ele>2394.0</ele></trkpt><trkpt lat="37.75261" lon="-119.48298"><ele>2394.0</ele></trkpt><trkpt lat="37.75253" lon="-119.48291"><ele>2394.3072817777283</ele></trkpt><trkpt lat="37.75242" lon="-119.48273"><ele>2393.036389298737</ele></trkpt><trkpt lat="37.75225" lon="-119.48257000000001"><ele>2391.0</ele></trkpt><trkpt lat="37.75195" lon="-119.48257000000001"><ele>2390.0</ele></trkpt><trkpt lat="37.75184" lon="-119.48252000000002"><ele>2389.0</ele></trkpt><trkpt lat="37.75167" lon="-119.48252000000002"><ele>2388.0</ele></trkpt><trkpt lat="37.75143" lon="-119.48277000000002"><ele>2388.0</ele></trkpt><trkpt lat="37.75133" lon="-119.48277000000002"><ele>2388.0</ele></trkpt><trkpt lat="37.7511" lon="-119.48264"><ele>2387.0256413523593</ele></trkpt><trkpt lat="37.75095" lon="-119.48268000000002"><ele>2384.984165885061</ele></trkpt><trkpt lat="37.75063" lon="-119.48288000000002"><ele>2380.0</ele></trkpt><trkpt lat="37.75043" lon="-119.48313000000002"><ele>2378.0</ele></trkpt><trkpt lat="37.75011" lon="-119.48370999999997"><ele>2377.8822693359107</ele></trkpt><trkpt lat="37.74975" lon="-119.48414000000002"><ele>2375.9901269550337</ele></trkpt><trkpt lat="37.7497" lon="-119.48428000000001"><ele>2374.0</ele></trkpt><trkpt lat="37.74961" lon="-119.48473999999999"><ele>2367.0</ele></trkpt><trkpt lat="37.74942" lon="-119.48491999999999"><ele>2362.0</ele></trkpt><trkpt lat="37.74929" lon="-119.48516000000001"><ele>2358.0</ele></trkpt><trkpt lat="37.74924" lon="-119.48536000000001"><ele>2354.0</ele></trkpt><trkpt lat="37.74916" lon="-119.48549000000003"><ele>2352.0</ele></trkpt><trkpt lat="37.74896" lon="-119.48647"><ele>2341.0</ele></trkpt><trkpt lat="37.74882" lon="-119.48687999999999"><ele>2339.8937807457755</ele></trkpt><trkpt lat="37.74881" lon="-119.48708999999997"><ele>2339.0</ele></trkpt><trkpt lat="37.74883" lon="-119.4873"><ele>2339.0</ele></trkpt><trkpt lat="37.74883" lon="-119.4873"><ele>2339.0</ele></trkpt><trkpt lat="37.74887" lon="-119.48770000000002"><ele>2336.0</ele></trkpt><trkpt lat="37.74883" lon="-119.48784999999998"><ele>2335.0</ele></trkpt><trkpt lat="37.74884" lon="-119.488"><ele>2333.971215317026</ele></trkpt><trkpt lat="37.74878" lon="-119.48831999999999"><ele>2331.0</ele></trkpt><trkpt lat="37.74877" lon="-119.48870999999997"><ele>2326.007690668106</ele></trkpt><trkpt lat="37.74867" lon="-119.48892000000001"><ele>2324.0</ele></trkpt><trkpt lat="37.74863" lon="-119.48909000000003"><ele>2322.0</ele></trkpt><trkpt lat="37.74849" lon="-119.48927000000003"><ele>2319.0</ele></trkpt><trkpt lat="37.74828" lon="-119.48968000000002"><ele>2313.995468994103</ele></trkpt><trkpt lat="37.74814" lon="-119.48986000000002"><ele>2313.09455155254</ele></trkpt><trkpt lat="37.74805" lon="-119.49029999999999"><ele>2310.484108286877</ele></trkpt><trkpt lat="37.74803" lon="-119.49053000000004"><ele>2309.0</ele></trkpt><trkpt lat="37.74792" lon="-119.49092999999999"><ele>2306.106888953911</ele></trkpt><trkpt lat="37.74765" lon="-119.49131999999997"><ele>2301.0</ele></trkpt><trkpt lat="37.74748" lon="-119.49146999999999"><ele>2299.0</ele></trkpt><trkpt lat="37.74738" lon="-119.49166000000002"><ele>2297.0</ele></trkpt><trkpt lat="37.74737" lon="-119.49216999999999"><ele>2294.535602616953</ele></trkpt><trkpt lat="37.74731" lon="-119.49237"><ele>2296.852670593187</ele></trkpt><trkpt lat="37.74696" lon="-119.49265000000003"><ele>2293.6972233686274</ele></trkpt><trkpt lat="37.74686" lon="-119.49275"><ele>2292.511336646474</ele></trkpt><trkpt lat="37.74642" lon="-119.49301000000003"><ele>2287.154014626469</ele></trkpt><trkpt lat="37.74629" lon="-119.49317000000002"><ele>2285.6209738495054</ele></trkpt><trkpt lat="37.74619" lon="-119.49324999999999"><ele>2284.0</ele></trkpt><trkpt lat="37.74619" lon="-119.49342999999999"><ele>2282.0</ele></trkpt><trkpt lat="37.74613" lon="-119.49349000000001"><ele>2281.2317420695267</ele></trkpt><trkpt lat="37.74603" lon="-119.49372"><ele>2278.4126479197294</ele></trkpt><trkpt lat="37.74602" lon="-119.49385999999998"><ele>2278.8232778795063</ele></trkpt><trkpt lat="37.74597" lon="-119.49400000000003"><ele>2278.0</ele></trkpt><trkpt lat="37.74569" lon="-119.49427000000003"><ele>2278.0400634872512</ele></trkpt><trkpt lat="37.74561" lon="-119.49430999999998"><ele>2276.990192716342</ele></trkpt><trkpt lat="37.74537" lon="-119.49466000000001"><ele>2276.1452691042</ele></trkpt><trkpt lat="37.74516" lon="-119.49518999999998"><ele>2270.0</ele></trkpt><trkpt lat="37.74507" lon="-119.49534"><ele>2267.0</ele></trkpt><trkpt lat="37.74477" lon="-119.49562000000003"><ele>2263.0</ele></trkpt><trkpt lat="37.74439" lon="-119.49619000000001"><ele>2257.0</ele></trkpt><trkpt lat="37.7442" lon="-119.49655000000001"><ele>2254.0</ele></trkpt><trkpt lat="37.74372" lon="-119.49707000000001"><ele>2246.270283959806</ele></trkpt><trkpt lat="37.74368" lon="-119.49730999999997"><ele>2243.199593237944</ele></trkpt><trkpt lat="37.74375" lon="-119.49752999999998"><ele>2240.0</ele></trkpt><trkpt lat="37.74382" lon="-119.49761999999998"><ele>2240.1263909082018</ele></trkpt><trkpt lat="37.74387" lon="-119.49781000000002"><ele>2239.1105682048947</ele></trkpt><trkpt lat="37.74384" lon="-119.49808999999999"><ele>2238.34250992164</ele></trkpt><trkpt lat="37.74377" lon="-119.49844999999999"><ele>2238.019705610025</ele></trkpt><trkpt lat="37.74392" lon="-119.49905000000001"><ele>2234.1213819146915</ele></trkpt><trkpt lat="37.74415" lon="-119.49941999999999"><ele>2229.0</ele></trkpt><trkpt lat="37.74427" lon="-119.49975999999998"><ele>2226.0</ele></trkpt><trkpt lat="37.74427" lon="-119.49997000000002"><ele>2224.0</ele></trkpt><trkpt lat="37.74433" lon="-119.50018999999998"><ele>2222.0</ele></trkpt><trkpt lat="37.74433" lon="-119.50033000000002"><ele>2221.0</ele></trkpt><trkpt lat="37.744510699694935" lon="-119.5006191195119"><ele>2217.0</ele></trkpt><trkpt lat="37.744547483517266" lon="-119.5006779735512"><ele>2217.0099820554346</ele></trkpt><trkpt lat="37.74458" lon="-119.50072999999998"><ele>2217.0</ele></trkpt><trkpt lat="37.74436" lon="-119.50166000000002"><ele>2208.9889549277723</ele></trkpt><trkpt lat="37.7442" lon="-119.50185999999997"><ele>2207.5592566076666</ele></trkpt><trkpt lat="37.74375" lon="-119.50223"><ele>2202.1056333934876</ele></trkpt><trkpt lat="37.74357" lon="-119.50252"><ele>2199.0</ele></trkpt><trkpt lat="37.74362" lon="-119.50265000000002"><ele>2196.5990172844113</ele></trkpt><trkpt lat="37.74354" lon="-119.50274000000002"><ele>2193.1623004432768</ele></trkpt><trkpt lat="37.74365" lon="-119.50297999999998"><ele>2188.977489778772</ele></trkpt><trkpt lat="37.74379" lon="-119.50302999999997"><ele>2189.0</ele></trkpt><trkpt lat="37.744" lon="-119.50315"><ele>2189.0</ele></trkpt><trkpt lat="37.74439" lon="-119.50319999999999"><ele>2189.9331204951022</ele></trkpt><trkpt lat="37.74442" lon="-119.50329999999997"><ele>2192.0</ele></trkpt><trkpt lat="37.74434" lon="-119.50337999999999"><ele>2190.8102415222675</ele></trkpt><trkpt lat="37.74421" lon="-119.50369999999998"><ele>2191.0</ele></trkpt><trkpt lat="37.74421" lon="-119.50369999999998"><ele>2191.0</ele></trkpt><trkpt lat="37.74421" lon="-119.50369999999998"><ele>2191.0</ele></trkpt><trkpt lat="37.74457" lon="-119.50360999999998"><ele>2198.1398408414148</ele></trkpt><trkpt lat="37.74495" lon="-119.50378"><ele>2204.0</ele></trkpt><trkpt lat="37.74536" lon="-119.50365999999997"><ele>2211.6593688668627</ele></trkpt><trkpt lat="37.74551" lon="-119.50356999999997"><ele>2214.396920042709</ele></trkpt><trkpt lat="37.74571" lon="-119.5034"><ele>2219.329456973498</ele></trkpt><trkpt lat="37.74592" lon="-119.50328999999999"><ele>2223.9626472101227</ele></trkpt><trkpt lat="37.74626" lon="-119.50301000000002"><ele>2231.0</ele></trkpt><trkpt lat="37.74645" lon="-119.50292000000002"><ele>2235.166261535138</ele></trkpt><trkpt lat="37.74682" lon="-119.50256999999999"><ele>2241.997719653312</ele></trkpt><trkpt lat="37.74686" lon="-119.50260000000003"><ele>2243.3306388985366</ele></trkpt><trkpt lat="37.74695" lon="-119.50292999999999"><ele>2245.635032337159</ele></trkpt><trkpt lat="37.74704" lon="-119.50315999999998"><ele>2247.9643327404715</ele></trkpt><trkpt lat="37.74716" lon="-119.50382000000002"><ele>2251.0119754448533</ele></trkpt><trkpt lat="37.74747" lon="-119.50440000000003"><ele>2258.056356984412</ele></trkpt><trkpt lat="37.74756" lon="-119.50445000000002"><ele>2260.0</ele></trkpt><trkpt lat="37.74769" lon="-119.50464999999997"><ele>2263.8874902325824</ele></trkpt><trkpt lat="37.74797" lon="-119.50488999999999"><ele>2268.0</ele></trkpt><trkpt lat="37.7483" lon="-119.50506999999999"><ele>2271.0</ele></trkpt><trkpt lat="37.7485" lon="-119.50511"><ele>2274.0</ele></trkpt><trkpt lat="37.74864" lon="-119.50518"><ele>2276.0</ele></trkpt><trkpt lat="37.74876" lon="-119.50527"><ele>2278.0</ele></trkpt><trkpt lat="37.74914" lon="-119.50575000000003"><ele>2286.743547964761</ele></trkpt><trkpt lat="37.74924" lon="-119.50574"><ele>2288.391645283318</ele></trkpt><trkpt lat="37.74939" lon="-119.50594000000001"><ele>2291.0</ele></trkpt><trkpt lat="37.74944" lon="-119.50594000000001"><ele>2292.380115937985</ele></trkpt><trkpt lat="37.75033" lon="-119.50558000000001"><ele>2310.8491452541202</ele></trkpt><trkpt lat="37.75076" lon="-119.50533000000001"><ele>2320.0</ele></trkpt><trkpt lat="37.75106" lon="-119.50531999999998"><ele>2326.07441422157</ele></trkpt><trkpt lat="37.75122" lon="-119.50527999999997"><ele>2328.210279109422</ele></trkpt><trkpt lat="37.75132" lon="-119.50530000000003"><ele>2330.314361026013</ele></trkpt><trkpt lat="37.75146" lon="-119.50529"><ele>2333.676312889438</ele></trkpt><trkpt lat="37.75152" lon="-119.50524999999999"><ele>2334.0</ele></trkpt><trkpt lat="37.75165" lon="-119.50526000000002"><ele>2338.1811742491864</ele></trkpt><trkpt lat="37.75198" lon="-119.5052"><ele>2345.5348147172504</ele></trkpt><trkpt lat="37.75257" lon="-119.50479000000001"><ele>2361.9235245743885</ele></trkpt><trkpt lat="37.75271" lon="-119.50463000000002"><ele>2364.0477146292105</ele></trkpt><trkpt lat="37.75308" lon="-119.50432999999998"><ele>2373.9383471533656</ele></trkpt><trkpt lat="37.75322" lon="-119.50414"><ele>2378.1903222203255</ele></trkpt><trkpt lat="37.75334" lon="-119.50412"><ele>2382.2634561359882</ele></trkpt><trkpt lat="37.75334" lon="-119.50412"><ele>2382.2634561359882</ele></trkpt><trkpt lat="37.75351" lon="-119.50407999999999"><ele>2387.0</ele></trkpt><trkpt lat="37.75358" lon="-119.50401999999997"><ele>2389.0</ele></trkpt><trkpt lat="37.75372" lon="-119.50380999999999"><ele>2390.46544546313</ele></trkpt><trkpt lat="37.75384" lon="-119.50376"><ele>2393.0</ele></trkpt><trkpt lat="37.75412" lon="-119.50356999999997"><ele>2399.123977300794</ele></trkpt><trkpt lat="37.75441" lon="-119.50326000000001"><ele>2405.332740701735</ele></trkpt><trkpt lat="37.75453" lon="-119.50306999999998"><ele>2408.534778545649</ele></trkpt><trkpt lat="37.75457" lon="-119.50306999999998"><ele>2409.7637401521206</ele></trkpt><trkpt lat="37.75465" lon="-119.50319999999999"><ele>2412.4792475253344</ele></trkpt><trkpt lat="37.75476" lon="-119.50350000000003"><ele>2415.9630784876645</ele></trkpt><trkpt lat="37.75515" lon="-119.50416000000001"><ele>2428.0</ele></trkpt><trkpt lat="37.75526" lon="-119.50428"><ele>2431.2640985203097</ele></trkpt><trkpt lat="37.7554" lon="-119.50414"><ele>2435.687377117574</ele></trkpt><trkpt lat="37.75542" lon="-119.50403"><ele>2436.038066454336</ele></trkpt><trkpt lat="37.75565" lon="-119.5034"><ele>2445.423519903794</ele></trkpt><trkpt lat="37.7557" lon="-119.50310999999999"><ele>2449.370754433796</ele></trkpt><trkpt lat="37.7557" lon="-119.50290000000001"><ele>2450.370754433796</ele></trkpt><trkpt lat="37.75577" lon="-119.50275999999997"><ele>2453.496886126697</ele></trkpt><trkpt lat="37.755834430049134" lon="-119.50244590351048"><ele>2458.907034842651</ele></trkpt><trkpt lat="37.755828331357044" lon="-119.5024756346761"><ele>2457.93521569483</ele></trkpt><trkpt lat="37.75585" lon="-119.50236999999998"><ele>2460.0861672499527</ele></trkpt><trkpt lat="37.75596" lon="-119.50200999999998"><ele>2466.127279514847</ele></trkpt><trkpt lat="37.75601" lon="-119.50149999999996"><ele>2472.6117850203245</ele></trkpt><trkpt lat="37.75612" lon="-119.50112000000001"><ele>2481.1276031490415</ele></trkpt><trkpt lat="37.75609" lon="-119.50063999999998"><ele>2485.388645928353</ele></trkpt><trkpt lat="37.75617" lon="-119.49986000000001"><ele>2495.0748564023525</ele></trkpt><trkpt lat="37.75616" lon="-119.49970000000002"><ele>2497.485405592248</ele></trkpt><trkpt lat="37.7562" lon="-119.49918000000002"><ele>2506.8432093132287</ele></trkpt><trkpt lat="37.75624" lon="-119.49921999999998"><ele>2508.242461491033</ele></trkpt><trkpt lat="37.7563" lon="-119.49937999999997"><ele>2509.0</ele></trkpt><trkpt lat="37.75645" lon="-119.49959999999999"><ele>2512.5795114468783</ele></trkpt><trkpt lat="37.75646" lon="-119.49957"><ele>2513.3201892055563</ele></trkpt><trkpt lat="37.75645" lon="-119.49932000000001"><ele>2517.388547598209</ele></trkpt><trkpt lat="37.7565" lon="-119.49939999999998"><ele>2518.526777850464</ele></trkpt><trkpt lat="37.75686" lon="-119.50027999999998"><ele>2527.0</ele></trkpt><trkpt lat="37.75692" lon="-119.50033000000002"><ele>2528.9089705908336</ele></trkpt><trkpt lat="37.75698" lon="-119.50058999999999"><ele>2530.0</ele></trkpt><trkpt lat="37.75708" lon="-119.50076999999999"><ele>2533.694440066768</ele></trkpt><trkpt lat="37.7571" lon="-119.50054"><ele>2536.8941300492734</ele></trkpt><trkpt lat="37.75708" lon="-119.50031000000001"><ele>2537.715213686228</ele></trkpt><trkpt lat="37.75704" lon="-119.50022000000001"><ele>2536.7447600957744</ele></trkpt><trkpt lat="37.75704" lon="-119.50011999999998"><ele>2538.3573819212615</ele></trkpt><trkpt lat="37.75713" lon="-119.49981000000002"><ele>2544.662505187094</ele></trkpt><trkpt lat="37.75716" lon="-119.4998"><ele>2545.506815689143</ele></trkpt><trkpt lat="37.75722" lon="-119.49988000000002"><ele>2548.415595795028</ele></trkpt><trkpt lat="37.75725" lon="-119.5"><ele>2548.736012917012</ele></trkpt><trkpt lat="37.75731" lon="-119.50009999999997"><ele>2550.414739096448</ele></trkpt><trkpt lat="37.75737" lon="-119.50024000000002"><ele>2552.809532120824</ele></trkpt><trkpt lat="37.75742" lon="-119.50056000000001"><ele>2553.7568351738155</ele></trkpt><trkpt lat="37.75745" lon="-119.50062000000003"><ele>2554.9817025327948</ele></trkpt><trkpt lat="37.75748" lon="-119.50061"><ele>2556.4191146631765</ele></trkpt><trkpt lat="37.75748" lon="-119.50029"><ele>2558.293601470068</ele></trkpt><trkpt lat="37.75751" lon="-119.50007"><ele>2562.0619856920093</ele></trkpt><trkpt lat="37.75747" lon="-119.49941000000001"><ele>2569.7041402198374</ele></trkpt><trkpt lat="37.75748" lon="-119.49937999999997"><ele>2570.513699747201</ele></trkpt><trkpt lat="37.75772" lon="-119.49982"><ele>2576.548297071631</ele></trkpt><trkpt lat="37.75807" lon="-119.50072999999998"><ele>2588.918912236035</ele></trkpt><trkpt lat="37.7581" lon="-119.50094000000001"><ele>2590.99227627888</ele></trkpt><trkpt lat="37.75814" lon="-119.50092999999998"><ele>2593.1982200294733</ele></trkpt><trkpt lat="37.75817" lon="-119.50083000000001"><ele>2594.9666200317442</ele></trkpt><trkpt lat="37.75825" lon="-119.50027999999998"><ele>2602.6823568679392</ele></trkpt><trkpt lat="37.75825" lon="-119.49991999999997"><ele>2606.86780511671</ele></trkpt><trkpt lat="37.75829" lon="-119.49991999999997"><ele>2609.6407945030546</ele></trkpt><trkpt lat="37.75867" lon="-119.50090999999998"><ele>2619.4400589410216</ele></trkpt><trkpt lat="37.75872" lon="-119.50108999999998"><ele>2621.387413788587</ele></trkpt><trkpt lat="37.75876" lon="-119.50112000000001"><ele>2623.4905982017517</ele></trkpt><trkpt lat="37.75884" lon="-119.5009"><ele>2626.548557996284</ele></trkpt><trkpt lat="37.75883" lon="-119.50006000000002"><ele>2637.0517320636122</ele></trkpt><trkpt lat="37.75924" lon="-119.50076999999999"><ele>2647.038859837713</ele></trkpt><trkpt lat="37.75937" lon="-119.50108"><ele>2650.7032080944628</ele></trkpt><trkpt lat="37.7594" lon="-119.50103000000001"><ele>2652.4716374985874</ele></trkpt><trkpt lat="37.75941" lon="-119.50076999999999"><ele>2655.0611141249537</ele></trkpt><trkpt lat="37.75939" lon="-119.50063"><ele>2655.882160950452</ele></trkpt><trkpt lat="37.75922" lon="-119.5"><ele>2661.9799325979916</ele></trkpt><trkpt lat="37.75911" lon="-119.49934999999999"><ele>2669.3768499717116</ele></trkpt><trkpt lat="37.7589" lon="-119.49851999999998"><ele>2680.82646240294</ele></trkpt><trkpt lat="37.75882" lon="-119.49786"><ele>2690.2821294609457</ele></trkpt><trkpt lat="37.75884" lon="-119.49774000000002"><ele>2693.461073551327</ele></trkpt><trkpt lat="37.75882" lon="-119.49748999999997"><ele>2694.2341769825453</ele></trkpt><trkpt lat="37.75879" lon="-119.49739999999997"><ele>2694.5137139223516</ele></trkpt><trkpt lat="37.7588" lon="-119.49718000000001"><ele>2697.1031856909394</ele></trkpt><trkpt lat="37.75876" lon="-119.49705"><ele>2698.0</ele></trkpt><trkpt lat="37.75872" lon="-119.49662999999998"><ele>2704.7395491612674</ele></trkpt><trkpt lat="37.75861" lon="-119.4959"><ele>2712.993168874127</ele></trkpt><trkpt lat="37.75834" lon="-119.49531000000002"><ele>2720.992855912641</ele></trkpt><trkpt lat="37.75819" lon="-119.49517000000003"><ele>2722.949870220851</ele></trkpt><trkpt lat="37.75814" lon="-119.49507"><ele>2725.0</ele></trkpt><trkpt lat="37.7581" lon="-119.49491999999998"><ele>2728.0</ele></trkpt><trkpt lat="37.75811" lon="-119.49484999999999"><ele>2729.0</ele></trkpt><trkpt lat="37.75823" lon="-119.49473"><ele>2732.0</ele></trkpt><trkpt lat="37.75871" lon="-119.49464999999998"><ele>2739.0</ele></trkpt><trkpt lat="37.75911" lon="-119.49448999999998"><ele>2746.1356030138404</ele></trkpt><trkpt lat="37.75924" lon="-119.49455"><ele>2749.0400222986937</ele></trkpt><trkpt lat="37.75942" lon="-119.49477999999999"><ele>2754.0</ele></trkpt><trkpt lat="37.75952" lon="-119.49481000000003"><ele>2757.545362284407</ele></trkpt><trkpt lat="37.75975" lon="-119.49448999999998"><ele>2765.0</ele></trkpt><trkpt lat="37.76027" lon="-119.49355000000003"><ele>2775.7564021851867</ele></trkpt><trkpt lat="37.76042" lon="-119.49340999999998"><ele>2778.016873276572</ele></trkpt><trkpt lat="37.76118" lon="-119.49286000000001"><ele>2791.7960596196353</ele></trkpt><trkpt lat="37.76162" lon="-119.49270000000001"><ele>2799.2771903057583</ele></trkpt><trkpt lat="37.7619" lon="-119.49252999999999"><ele>2802.0172124444507</ele></trkpt><trkpt lat="37.76224" lon="-119.49239999999998"><ele>2807.9587733321823</ele></trkpt><trkpt lat="37.76291" lon="-119.49203999999997"><ele>2820.069505368664</ele></trkpt><trkpt lat="37.76314" lon="-119.49185999999997"><ele>2823.7465258969723</ele></trkpt><trkpt lat="37.76361" lon="-119.49135999999999"><ele>2834.318505390985</ele></trkpt><trkpt lat="37.76399" lon="-119.49085000000002"><ele>2845.7373017527166</ele></trkpt><trkpt lat="37.76408" lon="-119.49068"><ele>2848.3554078321904</ele></trkpt><trkpt lat="37.764165021544976" lon="-119.4901698713345"><ele>2854.367548847571</ele></trkpt><trkpt lat="37.764167692393556" lon="-119.49015384626199"><ele>2854.86679927968</ele></trkpt><trkpt lat="37.7642" lon="-119.48996"><ele>2858.0</ele></trkpt><trkpt lat="37.76426" lon="-119.48973999999998"><ele>2861.9666706845164</ele></trkpt><trkpt lat="37.76427" lon="-119.48955999999998"><ele>2863.5561860445887</ele></trkpt><trkpt lat="37.7644" lon="-119.48919000000001"><ele>2868.219892978668</ele></trkpt><trkpt lat="37.76445" lon="-119.48918000000003"><ele>2870.167476154864</ele></trkpt><trkpt lat="37.76467" lon="-119.48959000000002"><ele>2877.1364166443473</ele></trkpt><trkpt lat="37.7649" lon="-119.49013000000002"><ele>2884.695814419538</ele></trkpt><trkpt lat="37.76494" lon="-119.49013000000002"><ele>2886.053896745667</ele></trkpt><trkpt lat="37.76499" lon="-119.49002999999999"><ele>2888.5110070021324</ele></trkpt><trkpt lat="37.76521" lon="-119.48923000000002"><ele>2897.2195066588256</ele></trkpt><trkpt lat="37.76526" lon="-119.48915999999997"><ele>2898.918601250276</ele></trkpt><trkpt lat="37.76528" lon="-119.48919999999998"><ele>2900.0976479910314</ele></trkpt><trkpt lat="37.76544" lon="-119.49020000000002"><ele>2909.228625786048</ele></trkpt><trkpt lat="37.7655" lon="-119.49036999999998"><ele>2911.0909604295107</ele></trkpt><trkpt lat="37.7655" lon="-119.49059999999997"><ele>2911.0671831928194</ele></trkpt><trkpt lat="37.76555" lon="-119.49077999999997"><ele>2914.0148102119565</ele></trkpt><trkpt lat="37.76558" lon="-119.49124999999998"><ele>2919.0</ele></trkpt><trkpt lat="37.76561" lon="-119.49140999999997"><ele>2921.551965262741</ele></trkpt><trkpt lat="37.76565" lon="-119.49151"><ele>2923.0</ele></trkpt><trkpt lat="37.76584" lon="-119.49151999999998"><ele>2930.10528760873</ele></trkpt><trkpt lat="37.76601" lon="-119.49142"><ele>2936.1330722738057</ele></trkpt><trkpt lat="37.76627" lon="-119.49106"><ele>2943.225707626895</ele></trkpt><trkpt lat="37.7663" lon="-119.49099999999999"><ele>2945.0</ele></trkpt><trkpt lat="37.76629" lon="-119.49086999999997"><ele>2944.639923069626</ele></trkpt><trkpt lat="37.76642" lon="-119.49068999999997"><ele>2950.303839325905</ele></trkpt><trkpt lat="37.7664" lon="-119.49059999999997"><ele>2950.1157041400884</ele></trkpt><trkpt lat="37.76641" lon="-119.49053000000004"><ele>2951.7143068276346</ele></trkpt><trkpt lat="37.76648" lon="-119.49047000000002"><ele>2953.99773409156</ele></trkpt><trkpt lat="37.76649969643517" lon="-119.49039121425932"><ele>2955.0022060237825</ele></trkpt><trkpt lat="37.76649479113773" lon="-119.4904108354591"><ele>2954.713022477925</ele></trkpt><trkpt lat="37.76652" lon="-119.49031000000002"><ele>2956.1991686876863</ele></trkpt><trkpt lat="37.76655" lon="-119.49029999999999"><ele>2957.0</ele></trkpt><trkpt lat="37.7666" lon="-119.49032999999997"><ele>2958.9154379181564</ele></trkpt><trkpt lat="37.76665" lon="-119.49022000000002"><ele>2961.9502523921374</ele></trkpt><trkpt lat="37.7667" lon="-119.49018999999998"><ele>2963.8107816334814</ele></trkpt><trkpt lat="37.7667" lon="-119.49013000000002"><ele>2964.6736737738224</ele></trkpt><trkpt lat="37.76676" lon="-119.49009000000001"><ele>2968.801156589231</ele></trkpt><trkpt lat="37.76679" lon="-119.48987"><ele>2973.1165977884084</ele></trkpt><trkpt lat="37.76685" lon="-119.48978"><ele>2978.7029972884093</ele></trkpt><trkpt lat="37.7669" lon="-119.48975999999999"><ele>2981.601492974907</ele></trkpt><trkpt lat="37.76705" lon="-119.48982000000001"><ele>2986.1235580979974</ele></trkpt><trkpt lat="37.7671" lon="-119.48966000000001"><ele>2996.149290097229</ele></trkpt><trkpt lat="37.76729" lon="-119.48962"><ele>3008.1920886933804</ele></trkpt><trkpt lat="37.76761" lon="-119.48939000000001"><ele>3023.145612572028</ele></trkpt><trkpt lat="37.7677" lon="-119.48939000000001"><ele>3024.3173937769607</ele></trkpt><trkpt lat="37.76776" lon="-119.48928999999998"><ele>3026.0</ele></trkpt><trkpt lat="37.767839311796656" lon="-119.48925949546282"><ele>3026.0</ele></trkpt><trkpt lat="37.767842016008856" lon="-119.48925845539145"><ele>3025.9242868726014</ele></trkpt><trkpt lat="37.76776" lon="-119.48928999999998"><ele>3026.0</ele></trkpt><trkpt lat="37.7677" lon="-119.48939000000001"><ele>3024.3173937769607</ele></trkpt><trkpt lat="37.76761" lon="-119.48939000000001"><ele>3023.145612572028</ele></trkpt><trkpt lat="37.76729" lon="-119.48962"><ele>3008.1920886933804</ele></trkpt><trkpt lat="37.7671" lon="-119.48966000000001"><ele>2996.149290097229</ele></trkpt><trkpt lat="37.76705" lon="-119.48982000000001"><ele>2986.1235580979974</ele></trkpt><trkpt lat="37.7669" lon="-119.48975999999999"><ele>2981.601492974907</ele></trkpt><trkpt lat="37.76685" lon="-119.48978"><ele>2978.7029972884093</ele></trkpt><trkpt lat="37.76679" lon="-119.48987"><ele>2973.1165977884084</ele></trkpt><trkpt lat="37.76676" lon="-119.49009000000001"><ele>2968.801156589231</ele></trkpt><trkpt lat="37.7667" lon="-119.49013000000002"><ele>2964.6736737738224</ele></trkpt><trkpt lat="37.7667" lon="-119.49018999999998"><ele>2963.8107816334814</ele></trkpt><trkpt lat="37.76665" lon="-119.49022000000002"><ele>2961.9502523921374</ele></trkpt><trkpt lat="37.7666" lon="-119.49032999999997"><ele>2958.9154379181564</ele></trkpt><trkpt lat="37.76655" lon="-119.49029999999999"><ele>2957.0</ele></trkpt><trkpt lat="37.76652" lon="-119.49031000000002"><ele>2956.1991686876863</ele></trkpt><trkpt lat="37.76648" lon="-119.49047000000002"><ele>2953.99773409156</ele></trkpt><trkpt lat="37.76641" lon="-119.49053000000004"><ele>2951.7143068276346</ele></trkpt><trkpt lat="37.7664" lon="-119.49059999999997"><ele>2950.1157041400884</ele></trkpt><trkpt lat="37.76642" lon="-119.49068999999997"><ele>2950.303839325905</ele></trkpt><trkpt lat="37.76629" lon="-119.49086999999997"><ele>2944.639923069626</ele></trkpt><trkpt lat="37.7663" lon="-119.49099999999999"><ele>2945.0</ele></trkpt><trkpt lat="37.76627" lon="-119.49106"><ele>2943.225707626895</ele></trkpt><trkpt lat="37.76601" lon="-119.49142"><ele>2936.1330722738057</ele></trkpt><trkpt lat="37.76584" lon="-119.49151999999998"><ele>2930.10528760873</ele></trkpt><trkpt lat="37.76565" lon="-119.49151"><ele>2923.0</ele></trkpt><trkpt lat="37.76561" lon="-119.49140999999997"><ele>2921.551965262741</ele></trkpt><trkpt lat="37.76558" lon="-119.49124999999998"><ele>2919.0</ele></trkpt><trkpt lat="37.76555" lon="-119.49077999999997"><ele>2914.0148102119565</ele></trkpt><trkpt lat="37.7655" lon="-119.49059999999997"><ele>2911.0671831928194</ele></trkpt><trkpt lat="37.7655" lon="-119.49036999999998"><ele>2911.0909604295107</ele></trkpt><trkpt lat="37.76544" lon="-119.49020000000002"><ele>2909.228625786048</ele></trkpt><trkpt lat="37.76528" lon="-119.48919999999998"><ele>2900.0976479910314</ele></trkpt><trkpt lat="37.76526" lon="-119.48915999999997"><ele>2898.918601250276</ele></trkpt><trkpt lat="37.76521" lon="-119.48923000000002"><ele>2897.2195066588256</ele></trkpt><trkpt lat="37.76499" lon="-119.49002999999999"><ele>2888.5110070021324</ele></trkpt><trkpt lat="37.76494" lon="-119.49013000000002"><ele>2886.053896745667</ele></trkpt><trkpt lat="37.7649" lon="-119.49013000000002"><ele>2884.695814419538</ele></trkpt><trkpt lat="37.76467" lon="-119.48959000000002"><ele>2877.1364166443473</ele></trkpt><trkpt lat="37.76445" lon="-119.48918000000003"><ele>2870.167476154864</ele></trkpt><trkpt lat="37.7644" lon="-119.48919000000001"><ele>2868.219892978668</ele></trkpt><trkpt lat="37.76427" lon="-119.48955999999998"><ele>2863.5561860445887</ele></trkpt><trkpt lat="37.76426" lon="-119.48973999999998"><ele>2861.9666706845164</ele></trkpt><trkpt lat="37.7642" lon="-119.48996"><ele>2858.0</ele></trkpt><trkpt lat="37.764167692393556" lon="-119.49015384626199"><ele>2854.86679927968</ele></trkpt><trkpt lat="37.764165021544976" lon="-119.4901698713345"><ele>2854.367548847571</ele></trkpt><trkpt lat="37.76408" lon="-119.49068"><ele>2848.3554078321904</ele></trkpt><trkpt lat="37.76399" lon="-119.49085000000002"><ele>2845.7373017527166</ele></trkpt><trkpt lat="37.76361" lon="-119.49135999999999"><ele>2834.318505390985</ele></trkpt><trkpt lat="37.76314" lon="-119.49185999999997"><ele>2823.7465258969723</ele></trkpt><trkpt lat="37.76291" lon="-119.49203999999997"><ele>2820.069505368664</ele></trkpt><trkpt lat="37.76224" lon="-119.49239999999998"><ele>2807.9587733321823</ele></trkpt><trkpt lat="37.7619" lon="-119.49252999999999"><ele>2802.0172124444507</ele></trkpt><trkpt lat="37.76162" lon="-119.49270000000001"><ele>2799.2771903057583</ele></trkpt><trkpt lat="37.76118" lon="-119.49286000000001"><ele>2791.7960596196353</ele></trkpt><trkpt lat="37.76042" lon="-119.49340999999998"><ele>2778.016873276572</ele></trkpt><trkpt lat="37.76027" lon="-119.49355000000003"><ele>2775.7564021851867</ele></trkpt><trkpt lat="37.75975" lon="-119.49448999999998"><ele>2765.0</ele></trkpt><trkpt lat="37.75952" lon="-119.49481000000003"><ele>2757.545362284407</ele></trkpt><trkpt lat="37.75942" lon="-119.49477999999999"><ele>2754.0</ele></trkpt><trkpt lat="37.75924" lon="-119.49455"><ele>2749.0400222986937</ele></trkpt><trkpt lat="37.75911" lon="-119.49448999999998"><ele>2746.1356030138404</ele></trkpt><trkpt lat="37.75871" lon="-119.49464999999998"><ele>2739.0</ele></trkpt><trkpt lat="37.75823" lon="-119.49473"><ele>2732.0</ele></trkpt><trkpt lat="37.75811" lon="-119.49484999999999"><ele>2729.0</ele></trkpt><trkpt lat="37.7581" lon="-119.49491999999998"><ele>2728.0</ele></trkpt><trkpt lat="37.75814" lon="-119.49507"><ele>2725.0</ele></trkpt><trkpt lat="37.75819" lon="-119.49517000000003"><ele>2722.949870220851</ele></trkpt><trkpt lat="37.75834" lon="-119.49531000000002"><ele>2720.992855912641</ele></trkpt><trkpt lat="37.75861" lon="-119.4959"><ele>2712.993168874127</ele></trkpt><trkpt lat="37.75872" lon="-119.49662999999998"><ele>2704.7395491612674</ele></trkpt><trkpt lat="37.75876" lon="-119.49705"><ele>2698.0</ele></trkpt><trkpt lat="37.7588" lon="-119.49718000000001"><ele>2697.1031856909394</ele></trkpt><trkpt lat="37.75879" lon="-119.49739999999997"><ele>2694.5137139223516</ele></trkpt><trkpt lat="37.75882" lon="-119.49748999999997"><ele>2694.2341769825453</ele></trkpt><trkpt lat="37.75884" lon="-119.49774000000002"><ele>2693.461073551327</ele></trkpt><trkpt lat="37.75882" lon="-119.49786"><ele>2690.2821294609457</ele></trkpt><trkpt lat="37.7589" lon="-119.49851999999998"><ele>2680.82646240294</ele></trkpt><trkpt lat="37.75911" lon="-119.49934999999999"><ele>2669.3768499717116</ele></trkpt><trkpt lat="37.75922" lon="-119.5"><ele>2661.9799325979916</ele></trkpt><trkpt lat="37.75939" lon="-119.50063"><ele>2655.882160950452</ele></trkpt><trkpt lat="37.75941" lon="-119.50076999999999"><ele>2655.0611141249537</ele></trkpt><trkpt lat="37.7594" lon="-119.50103000000001"><ele>2652.4716374985874</ele></trkpt><trkpt lat="37.75937" lon="-119.50108"><ele>2650.7032080944628</ele></trkpt><trkpt lat="37.75924" lon="-119.50076999999999"><ele>2647.038859837713</ele></trkpt><trkpt lat="37.75883" lon="-119.50006000000002"><ele>2637.0517320636122</ele></trkpt><trkpt lat="37.75884" lon="-119.5009"><ele>2626.548557996284</ele></trkpt><trkpt lat="37.75876" lon="-119.50112000000001"><ele>2623.4905982017517</ele></trkpt><trkpt lat="37.75872" lon="-119.50108999999998"><ele>2621.387413788587</ele></trkpt><trkpt lat="37.75867" lon="-119.50090999999998"><ele>2619.4400589410216</ele></trkpt><trkpt lat="37.75829" lon="-119.49991999999997"><ele>2609.6407945030546</ele></trkpt><trkpt lat="37.75825" lon="-119.49991999999997"><ele>2606.86780511671</ele></trkpt><trkpt lat="37.75825" lon="-119.50027999999998"><ele>2602.6823568679392</ele></trkpt><trkpt lat="37.75817" lon="-119.50083000000001"><ele>2594.9666200317442</ele></trkpt><trkpt lat="37.75814" lon="-119.50092999999998"><ele>2593.1982200294733</ele></trkpt><trkpt lat="37.7581" lon="-119.50094000000001"><ele>2590.99227627888</ele></trkpt><trkpt lat="37.75807" lon="-119.50072999999998"><ele>2588.918912236035</ele></trkpt><trkpt lat="37.75772" lon="-119.49982"><ele>2576.548297071631</ele></trkpt><trkpt lat="37.75748" lon="-119.49937999999997"><ele>2570.513699747201</ele></trkpt><trkpt lat="37.75747" lon="-119.49941000000001"><ele>2569.7041402198374</ele></trkpt><trkpt lat="37.75751" lon="-119.50007"><ele>2562.0619856920093</ele></trkpt><trkpt lat="37.75748" lon="-119.50029"><ele>2558.293601470068</ele></trkpt><trkpt lat="37.75748" lon="-119.50061"><ele>2556.4191146631765</ele></trkpt><trkpt lat="37.75745" lon="-119.50062000000003"><ele>2554.9817025327948</ele></trkpt><trkpt lat="37.75742" lon="-119.50056000000001"><ele>2553.7568351738155</ele></trkpt><trkpt lat="37.75737" lon="-119.50024000000002"><ele>2552.809532120824</ele></trkpt><trkpt lat="37.75731" lon="-119.50009999999997"><ele>2550.414739096448</ele></trkpt><trkpt lat="37.75725" lon="-119.5"><ele>2548.736012917012</ele></trkpt><trkpt lat="37.75722" lon="-119.49988000000002"><ele>2548.415595795028</ele></trkpt><trkpt lat="37.75716" lon="-119.4998"><ele>2545.506815689143</ele></trkpt><trkpt lat="37.75713" lon="-119.49981000000002"><ele>2544.662505187094</ele></trkpt><trkpt lat="37.75704" lon="-119.50011999999998"><ele>2538.3573819212615</ele></trkpt><trkpt lat="37.75704" lon="-119.50022000000001"><ele>2536.7447600957744</ele></trkpt><trkpt lat="37.75708" lon="-119.50031000000001"><ele>2537.715213686228</ele></trkpt><trkpt lat="37.7571" lon="-119.50054"><ele>2536.8941300492734</ele></trkpt><trkpt lat="37.75708" lon="-119.50076999999999"><ele>2533.694440066768</ele></trkpt><trkpt lat="37.75698" lon="-119.50058999999999"><ele>2530.0</ele></trkpt><trkpt lat="37.75692" lon="-119.50033000000002"><ele>2528.9089705908336</ele></trkpt><trkpt lat="37.75686" lon="-119.50027999999998"><ele>2527.0</ele></trkpt><trkpt lat="37.7565" lon="-119.49939999999998"><ele>2518.526777850464</ele></trkpt><trkpt lat="37.75645" lon="-119.49932000000001"><ele>2517.388547598209</ele></trkpt><trkpt lat="37.75646" lon="-119.49957"><ele>2513.3201892055563</ele></trkpt><trkpt lat="37.75645" lon="-119.49959999999999"><ele>2512.5795114468783</ele></trkpt><trkpt lat="37.7563" lon="-119.49937999999997"><ele>2509.0</ele></trkpt><trkpt lat="37.75624" lon="-119.49921999999998"><ele>2508.242461491033</ele></trkpt><trkpt lat="37.7562" lon="-119.49918000000002"><ele>2506.8432093132287</ele></trkpt><trkpt lat="37.75616" lon="-119.49970000000002"><ele>2497.485405592248</ele></trkpt><trkpt lat="37.75617" lon="-119.49986000000001"><ele>2495.0748564023525</ele></trkpt><trkpt lat="37.75609" lon="-119.50063999999998"><ele>2485.388645928353</ele></trkpt><trkpt lat="37.75612" lon="-119.50112000000001"><ele>2481.1276031490415</ele></trkpt><trkpt lat="37.75601" lon="-119.50149999999996"><ele>2472.6117850203245</ele></trkpt><trkpt lat="37.75596" lon="-119.50200999999998"><ele>2466.127279514847</ele></trkpt><trkpt lat="37.75585" lon="-119.50236999999998"><ele>2460.0861672499527</ele></trkpt><trkpt lat="37.75577" lon="-119.50275999999997"><ele>2453.496886126697</ele></trkpt><trkpt lat="37.7557" lon="-119.50290000000001"><ele>2450.370754433796</ele></trkpt><trkpt lat="37.7557" lon="-119.50310999999999"><ele>2449.370754433796</ele></trkpt><trkpt lat="37.75565" lon="-119.5034"><ele>2445.423519903794</ele></trkpt><trkpt lat="37.75542" lon="-119.50403"><ele>2436.038066454336</ele></trkpt><trkpt lat="37.7554" lon="-119.50414"><ele>2435.687377117574</ele></trkpt><trkpt lat="37.75526" lon="-119.50428"><ele>2431.2640985203097</ele></trkpt><trkpt lat="37.75515" lon="-119.50416000000001"><ele>2428.0</ele></trkpt><trkpt lat="37.75476" lon="-119.50350000000003"><ele>2415.9630784876645</ele></trkpt><trkpt lat="37.75465" lon="-119.50319999999999"><ele>2412.4792475253344</ele></trkpt><trkpt lat="37.75457" lon="-119.50306999999998"><ele>2409.7637401521206</ele></trkpt><trkpt lat="37.75453" lon="-119.50306999999998"><ele>2408.534778545649</ele></trkpt><trkpt lat="37.75441" lon="-119.50326000000001"><ele>2405.332740701735</ele></trkpt><trkpt lat="37.75412" lon="-119.50356999999997"><ele>2399.123977300794</ele></trkpt><trkpt lat="37.75384" lon="-119.50376"><ele>2393.0</ele></trkpt><trkpt lat="37.75372" lon="-119.50380999999999"><ele>2390.46544546313</ele></trkpt><trkpt lat="37.75358" lon="-119.50401999999997"><ele>2389.0</ele></trkpt><trkpt lat="37.75351" lon="-119.50407999999999"><ele>2387.0</ele></trkpt><trkpt lat="37.75334" lon="-119.50412"><ele>2382.2634561359882</ele></trkpt><trkpt lat="37.75334" lon="-119.50412"><ele>2382.2634561359882</ele></trkpt><trkpt lat="37.75322" lon="-119.50414"><ele>2378.1903222203255</ele></trkpt><trkpt lat="37.75308" lon="-119.50432999999998"><ele>2373.9383471533656</ele></trkpt><trkpt lat="37.75271" lon="-119.50463000000002"><ele>2364.0477146292105</ele></trkpt><trkpt lat="37.75257" lon="-119.50479000000001"><ele>2361.9235245743885</ele></trkpt><trkpt lat="37.75198" lon="-119.5052"><ele>2345.5348147172504</ele></trkpt><trkpt lat="37.75165" lon="-119.50526000000002"><ele>2338.1811742491864</ele></trkpt><trkpt lat="37.75152" lon="-119.50524999999999"><ele>2334.0</ele></trkpt><trkpt lat="37.75146" lon="-119.50529"><ele>2333.676312889438</ele></trkpt><trkpt lat="37.75132" lon="-119.50530000000003"><ele>2330.314361026013</ele></trkpt><trkpt lat="37.75122" lon="-119.50527999999997"><ele>2328.210279109422</ele></trkpt><trkpt lat="37.75106" lon="-119.50531999999998"><ele>2326.07441422157</ele></trkpt><trkpt lat="37.75076" lon="-119.50533000000001"><ele>2320.0</ele></trkpt><trkpt lat="37.75033" lon="-119.50558000000001"><ele>2310.8491452541202</ele></trkpt><trkpt lat="37.74944" lon="-119.50594000000001"><ele>2292.380115937985</ele></trkpt><trkpt lat="37.74939" lon="-119.50594000000001"><ele>2291.0</ele></trkpt><trkpt lat="37.74924" lon="-119.50574"><ele>2288.391645283318</ele></trkpt><trkpt lat="37.74914" lon="-119.50575000000003"><ele>2286.743547964761</ele></trkpt><trkpt lat="37.74876" lon="-119.50527"><ele>2278.0</ele></trkpt><trkpt lat="37.74864" lon="-119.50518"><ele>2276.0</ele></trkpt><trkpt lat="37.7485" lon="-119.50511"><ele>2274.0</ele></trkpt><trkpt lat="37.7483" lon="-119.50506999999999"><ele>2271.0</ele></trkpt><trkpt lat="37.74797" lon="-119.50488999999999"><ele>2268.0</ele></trkpt><trkpt lat="37.74769" lon="-119.50464999999997"><ele>2263.8874902325824</ele></trkpt><trkpt lat="37.74756" lon="-119.50445000000002"><ele>2260.0</ele></trkpt><trkpt lat="37.74747" lon="-119.50440000000003"><ele>2258.056356984412</ele></trkpt><trkpt lat="37.74716" lon="-119.50382000000002"><ele>2251.0119754448533</ele></trkpt><trkpt lat="37.74704" lon="-119.50315999999998"><ele>2247.9643327404715</ele></trkpt><trkpt lat="37.74695" lon="-119.50292999999999"><ele>2245.635032337159</ele></trkpt><trkpt lat="37.74686" lon="-119.50260000000003"><ele>2243.3306388985366</ele></trkpt><trkpt lat="37.74682" lon="-119.50256999999999"><ele>2241.997719653312</ele></trkpt><trkpt lat="37.74645" lon="-119.50292000000002"><ele>2235.166261535138</ele></trkpt><trkpt lat="37.74626" lon="-119.50301000000002"><ele>2231.0</ele></trkpt><trkpt lat="37.74592" lon="-119.50328999999999"><ele>2223.9626472101227</ele></trkpt><trkpt lat="37.74571" lon="-119.5034"><ele>2219.329456973498</ele></trkpt><trkpt lat="37.74551" lon="-119.50356999999997"><ele>2214.396920042709</ele></trkpt><trkpt lat="37.74536" lon="-119.50365999999997"><ele>2211.6593688668627</ele></trkpt><trkpt lat="37.74495" lon="-119.50378"><ele>2204.0</ele></trkpt><trkpt lat="37.74457" lon="-119.50360999999998"><ele>2198.1398408414148</ele></trkpt><trkpt lat="37.74421" lon="-119.50369999999998"><ele>2191.0</ele></trkpt><trkpt lat="37.74421" lon="-119.50369999999998"><ele>2191.0</ele></trkpt><trkpt lat="37.74409" lon="-119.50378999999998"><ele>2189.0</ele></trkpt><trkpt lat="37.744" lon="-119.50401"><ele>2186.7536387153687</ele></trkpt><trkpt lat="37.74401" lon="-119.50436000000002"><ele>2183.0</ele></trkpt><trkpt lat="37.74396" lon="-119.50495000000001"><ele>2178.0</ele></trkpt><trkpt lat="37.74392" lon="-119.50506999999999"><ele>2176.6007150033756</ele></trkpt><trkpt lat="37.74374" lon="-119.50535000000002"><ele>2172.0</ele></trkpt><trkpt lat="37.74371" lon="-119.50542000000002"><ele>2171.765564379964</ele></trkpt><trkpt lat="37.74369" lon="-119.50576999999998"><ele>2167.0</ele></trkpt><trkpt lat="37.74378" lon="-119.50603999999998"><ele>2167.0</ele></trkpt><trkpt lat="37.74372" lon="-119.50657000000001"><ele>2167.0</ele></trkpt><trkpt lat="37.74392" lon="-119.50697000000002"><ele>2167.085625322933</ele></trkpt><trkpt lat="37.74431" lon="-119.50760000000002"><ele>2163.0</ele></trkpt><trkpt lat="37.74431" lon="-119.50765000000001"><ele>2162.3675610801806</ele></trkpt><trkpt lat="37.74425" lon="-119.50772999999998"><ele>2160.3094128272423</ele></trkpt><trkpt lat="37.74424" lon="-119.50781999999998"><ele>2159.0</ele></trkpt><trkpt lat="37.74429" lon="-119.5079"><ele>2159.5948122404225</ele></trkpt><trkpt lat="37.7443" lon="-119.50808999999998"><ele>2156.0</ele></trkpt><trkpt lat="37.74442" lon="-119.50849"><ele>2153.0</ele></trkpt><trkpt lat="37.74439" lon="-119.50851999999998"><ele>2152.9501360443637</ele></trkpt><trkpt lat="37.74431" lon="-119.50844000000001"><ele>2151.5431611748036</ele></trkpt><trkpt lat="37.74427" lon="-119.50844999999998"><ele>2150.6847471147776</ele></trkpt><trkpt lat="37.74425" lon="-119.50871000000001"><ele>2146.5060351435095</ele></trkpt><trkpt lat="37.74432" lon="-119.50905999999998"><ele>2143.397201634296</ele></trkpt><trkpt lat="37.74445" lon="-119.50927999999999"><ele>2144.0</ele></trkpt><trkpt lat="37.74445" lon="-119.50927999999999"><ele>2144.0</ele></trkpt><trkpt lat="37.7445" lon="-119.50939"><ele>2143.2399576772004</ele></trkpt><trkpt lat="37.74452" lon="-119.50961999999998"><ele>2141.0</ele></trkpt><trkpt lat="37.74457" lon="-119.50977999999998"><ele>2140.0</ele></trkpt><trkpt lat="37.74458" lon="-119.50991999999997"><ele>2139.0</ele></trkpt><trkpt lat="37.74466" lon="-119.51008999999999"><ele>2139.0</ele></trkpt><trkpt lat="37.74479" lon="-119.51069000000001"><ele>2138.331370169297</ele></trkpt><trkpt lat="37.74489" lon="-119.51148999999998"><ele>2136.0861084953667</ele></trkpt><trkpt lat="37.74496" lon="-119.51168000000001"><ele>2135.185102873979</ele></trkpt><trkpt lat="37.74499" lon="-119.51209"><ele>2132.0</ele></trkpt><trkpt lat="37.74508" lon="-119.51251000000002"><ele>2131.911868880604</ele></trkpt><trkpt lat="37.74507" lon="-119.51273000000003"><ele>2129.833487149328</ele></trkpt><trkpt lat="37.74507" lon="-119.51273000000003"><ele>2129.833487149328</ele></trkpt><trkpt lat="37.745" lon="-119.51279"><ele>2128.0</ele></trkpt><trkpt lat="37.74488" lon="-119.51283000000001"><ele>2126.0</ele></trkpt><trkpt lat="37.74462" lon="-119.51281"><ele>2122.3122581727803</ele></trkpt><trkpt lat="37.74447" lon="-119.51265999999998"><ele>2119.4718843474984</ele></trkpt><trkpt lat="37.74412" lon="-119.51222000000001"><ele>2112.0</ele></trkpt><trkpt lat="37.74408" lon="-119.51222000000001"><ele>2110.486996246502</ele></trkpt><trkpt lat="37.74407" lon="-119.51237000000003"><ele>2109.8976417332888</ele></trkpt><trkpt lat="37.74404" lon="-119.51240000000001"><ele>2108.1261670134713</ele></trkpt><trkpt lat="37.74401" lon="-119.51238000000001"><ele>2107.361516332254</ele></trkpt><trkpt lat="37.74385" lon="-119.51209"><ele>2104.3525808253326</ele></trkpt><trkpt lat="37.74375" lon="-119.51198"><ele>2102.0</ele></trkpt><trkpt lat="37.7437" lon="-119.51210000000003"><ele>2099.0915807466954</ele></trkpt><trkpt lat="37.74366" lon="-119.51274000000001"><ele>2095.0</ele></trkpt><trkpt lat="37.74352" lon="-119.51294000000001"><ele>2091.9007081009804</ele></trkpt><trkpt lat="37.74348" lon="-119.51294000000001"><ele>2091.0</ele></trkpt><trkpt lat="37.74342" lon="-119.51291000000003"><ele>2090.0</ele></trkpt><trkpt lat="37.74338" lon="-119.51283000000001"><ele>2089.0</ele></trkpt><trkpt lat="37.74337" lon="-119.51274999999998"><ele>2088.643023725599</ele></trkpt><trkpt lat="37.74329" lon="-119.51247999999998"><ele>2085.0</ele></trkpt><trkpt lat="37.74316" lon="-119.51222999999999"><ele>2082.266714407131</ele></trkpt><trkpt lat="37.74311" lon="-119.51216999999997"><ele>2080.5291210013993</ele></trkpt><trkpt lat="37.74292" lon="-119.51210000000003"><ele>2078.0</ele></trkpt><trkpt lat="37.74268" lon="-119.51180999999997"><ele>2074.0</ele></trkpt><trkpt lat="37.74258" lon="-119.51175999999998"><ele>2071.81678888019</ele></trkpt><trkpt lat="37.74254" lon="-119.51184999999998"><ele>2070.0</ele></trkpt><trkpt lat="37.74254" lon="-119.51198999999997"><ele>2069.0</ele></trkpt><trkpt lat="37.7426" lon="-119.51228000000003"><ele>2067.149101450752</ele></trkpt><trkpt lat="37.74261" lon="-119.51263"><ele>2063.85273735784</ele></trkpt><trkpt lat="37.74258" lon="-119.51270999999997"><ele>2062.044609883651</ele></trkpt><trkpt lat="37.74248" lon="-119.51261999999997"><ele>2059.1912870667875</ele></trkpt><trkpt lat="37.74249" lon="-119.51274000000001"><ele>2057.5894519952344</ele></trkpt><trkpt lat="37.74248" lon="-119.51279"><ele>2057.1912870667875</ele></trkpt><trkpt lat="37.74244" lon="-119.51279"><ele>2055.6322742304765</ele></trkpt><trkpt lat="37.74232" lon="-119.51261999999997"><ele>2049.9335329355636</ele></trkpt><trkpt lat="37.74219" lon="-119.51249000000001"><ele>2047.100407982245</ele></trkpt><trkpt lat="37.74215" lon="-119.51225"><ele>2045.0</ele></trkpt><trkpt lat="37.74195" lon="-119.51180999999997"><ele>2040.449131619443</ele></trkpt><trkpt lat="37.74154" lon="-119.51119"><ele>2031.0</ele></trkpt><trkpt lat="37.74149" lon="-119.51116999999999"><ele>2030.0</ele></trkpt><trkpt lat="37.74143" lon="-119.51117999999997"><ele>2029.0</ele></trkpt><trkpt lat="37.74129" lon="-119.51153"><ele>2027.0</ele></trkpt><trkpt lat="37.74125" lon="-119.51168000000001"><ele>2024.0</ele></trkpt><trkpt lat="37.74123" lon="-119.51198999999997"><ele>2021.524182524532</ele></trkpt><trkpt lat="37.74113" lon="-119.51198999999997"><ele>2019.6308679021895</ele></trkpt><trkpt lat="37.74107" lon="-119.51213999999999"><ele>2017.1768406961962</ele></trkpt><trkpt lat="37.74106" lon="-119.51249000000001"><ele>2015.0</ele></trkpt><trkpt lat="37.741" lon="-119.51249000000001"><ele>2014.0</ele></trkpt><trkpt lat="37.74096" lon="-119.51243999999997"><ele>2013.6122513171285</ele></trkpt><trkpt lat="37.74083" lon="-119.51220999999998"><ele>2011.0</ele></trkpt><trkpt lat="37.74078" lon="-119.51219000000003"><ele>2010.0</ele></trkpt><trkpt lat="37.74075" lon="-119.51220999999998"><ele>2009.2363449465483</ele></trkpt><trkpt lat="37.74066" lon="-119.51246000000003"><ele>2005.9323958232999</ele></trkpt><trkpt lat="37.74056" lon="-119.51287000000002"><ele>1997.0027421298555</ele></trkpt><trkpt lat="37.74059" lon="-119.51297999999997"><ele>1996.0</ele></trkpt><trkpt lat="37.7407" lon="-119.51312999999999"><ele>1994.2761490658168</ele></trkpt><trkpt lat="37.74074" lon="-119.51323000000002"><ele>1993.0</ele></trkpt><trkpt lat="37.74075" lon="-119.51346000000001"><ele>1990.0</ele></trkpt><trkpt lat="37.74087" lon="-119.51409000000001"><ele>1986.30828714557</ele></trkpt><trkpt lat="37.74087" lon="-119.51425999999998"><ele>1986.30828714557</ele></trkpt><trkpt lat="37.74083" lon="-119.51445999999999"><ele>1985.0</ele></trkpt><trkpt lat="37.74075" lon="-119.51461"><ele>1984.0</ele></trkpt><trkpt lat="37.74057" lon="-119.51481999999999"><ele>1980.6284531466663</ele></trkpt><trkpt lat="37.74051" lon="-119.51488"><ele>1980.0</ele></trkpt><trkpt lat="37.74037" lon="-119.51488"><ele>1976.3344966882662</ele></trkpt><trkpt lat="37.74033" lon="-119.51492999999999"><ele>1975.0</ele></trkpt><trkpt lat="37.74027" lon="-119.51510999999999"><ele>1973.0</ele></trkpt><trkpt lat="37.74027" lon="-119.51522999999997"><ele>1972.0</ele></trkpt><trkpt lat="37.74023" lon="-119.51528000000002"><ele>1971.4470606504005</ele></trkpt><trkpt lat="37.74001" lon="-119.51540999999997"><ele>1969.4368384291245</ele></trkpt><trkpt lat="37.73993" lon="-119.51551"><ele>1968.0</ele></trkpt><trkpt lat="37.73989" lon="-119.51551999999998"><ele>1968.0</ele></trkpt><trkpt lat="37.73984" lon="-119.51549"><ele>1967.0</ele></trkpt><trkpt lat="37.73976" lon="-119.51522999999997"><ele>1964.0</ele></trkpt><trkpt lat="37.7397" lon="-119.51517000000001"><ele>1964.0</ele></trkpt><trkpt lat="37.73957" lon="-119.51515"><ele>1963.0</ele></trkpt><trkpt lat="37.73946" lon="-119.51517999999999"><ele>1962.0</ele></trkpt><trkpt lat="37.7392" lon="-119.51512000000002"><ele>1960.0</ele></trkpt><trkpt lat="37.73902366886311" lon="-119.51512000000002"><ele>1959.0</ele></trkpt><trkpt lat="37.73899554596596" lon="-119.51512000000002"><ele>1959.0</ele></trkpt><trkpt lat="37.73898" lon="-119.51512000000002"><ele>1959.0</ele></trkpt><trkpt lat="37.73861" lon="-119.51479"><ele>1956.0</ele></trkpt><trkpt lat="37.73835" lon="-119.51452"><ele>1953.825489777606</ele></trkpt><trkpt lat="37.7381" lon="-119.51438000000002"><ele>1950.0202313462994</ele></trkpt><trkpt lat="37.73801" lon="-119.51438999999999"><ele>1949.5856054033495</ele></trkpt><trkpt lat="37.73783" lon="-119.5145"><ele>1948.0</ele></trkpt><trkpt lat="37.73771" lon="-119.51459999999997"><ele>1946.0</ele></trkpt><trkpt lat="37.73755" lon="-119.51483999999999"><ele>1942.0</ele></trkpt><trkpt lat="37.73748" lon="-119.51490999999999"><ele>1941.0008071106859</ele></trkpt><trkpt lat="37.73711" lon="-119.51495999999997"><ele>1938.3309759991243</ele></trkpt><trkpt lat="37.73698" lon="-119.51495999999997"><ele>1937.3309759991243</ele></trkpt><trkpt lat="37.7368" lon="-119.51492000000002"><ele>1936.0</ele></trkpt><trkpt lat="37.7366" lon="-119.51495"><ele>1933.864942222368</ele></trkpt><trkpt lat="37.73649" lon="-119.51490999999999"><ele>1931.0008071106859</ele></trkpt><trkpt lat="37.73623" lon="-119.51499000000001"><ele>1926.5972808878869</ele></trkpt><trkpt lat="37.73619" lon="-119.51497"><ele>1923.9007450814847</ele></trkpt><trkpt lat="37.73619" lon="-119.51488"><ele>1922.1137417401187</ele></trkpt><trkpt lat="37.73623" lon="-119.51476000000002"><ele>1920.0089428836857</ele></trkpt><trkpt lat="37.73622" lon="-119.5147"><ele>1918.0597143403234</ele></trkpt><trkpt lat="37.73597" lon="-119.51474999999999"><ele>1913.7933873544316</ele></trkpt><trkpt lat="37.73597" lon="-119.51474999999999"><ele>1913.7933873544316</ele></trkpt><trkpt lat="37.73582" lon="-119.51486"><ele>1910.3779343278147</ele></trkpt><trkpt lat="37.73576" lon="-119.51486"><ele>1907.670638222713</ele></trkpt><trkpt lat="37.73577" lon="-119.51454000000001"><ele>1902.9420205963552</ele></trkpt><trkpt lat="37.7358" lon="-119.51441999999997"><ele>1901.606551730591</ele></trkpt><trkpt lat="37.73579" lon="-119.51441"><ele>1900.9394300840795</ele></trkpt><trkpt lat="37.73574" lon="-119.51443"><ele>1900.0</ele></trkpt><trkpt lat="37.73568" lon="-119.51441"><ele>1898.69911822211</ele></trkpt><trkpt lat="37.7356" lon="-119.51441999999997"><ele>1896.1227016438404</ele></trkpt><trkpt lat="37.73538" lon="-119.51463000000001"><ele>1891.741182271058</ele></trkpt><trkpt lat="37.73541" lon="-119.51454999999999"><ele>1891.6479160031752</ele></trkpt><trkpt lat="37.73539" lon="-119.51450999999997"><ele>1889.7274075523019</ele></trkpt><trkpt lat="37.73545" lon="-119.51411000000002"><ele>1884.9728436956557</ele></trkpt><trkpt lat="37.73544" lon="-119.51405"><ele>1883.946454555526</ele></trkpt><trkpt lat="37.73538" lon="-119.51402000000002"><ele>1882.0</ele></trkpt><trkpt lat="37.73522" lon="-119.51425999999998"><ele>1878.0</ele></trkpt><trkpt lat="37.73513" lon="-119.51452"><ele>1876.8336147646628</ele></trkpt><trkpt lat="37.73505" lon="-119.51456000000002"><ele>1874.0219198251143</ele></trkpt><trkpt lat="37.73494" lon="-119.51456999999999"><ele>1871.1323395087504</ele></trkpt><trkpt lat="37.73494" lon="-119.51456999999999"><ele>1871.1323395087504</ele></trkpt><trkpt lat="37.73494" lon="-119.51456999999999"><ele>1871.1323395087504</ele></trkpt><trkpt lat="37.73468" lon="-119.51486"><ele>1869.0</ele></trkpt><trkpt lat="37.73453" lon="-119.51499000000001"><ele>1868.0</ele></trkpt><trkpt lat="37.734529997452206" lon="-119.51499000077013"><ele>1868.0</ele></trkpt><trkpt lat="37.734529997452206" lon="-119.51499000077013"><ele>1868.0</ele></trkpt><trkpt lat="37.73447" lon="-119.51513999999997"><ele>1868.0</ele></trkpt><trkpt lat="37.73422" lon="-119.51605"><ele>1867.0</ele></trkpt><trkpt lat="37.73422" lon="-119.51605"><ele>1867.0</ele></trkpt><trkpt lat="37.73422" lon="-119.51605"><ele>1867.0</ele></trkpt><trkpt lat="37.73405" lon="-119.51634999999999"><ele>1867.0</ele></trkpt><trkpt lat="37.73402" lon="-119.51670999999999"><ele>1867.0</ele></trkpt><trkpt lat="37.73382" lon="-119.51731999999998"><ele>1867.0</ele></trkpt><trkpt lat="37.73375" lon="-119.51767999999998"><ele>1867.0</ele></trkpt><trkpt lat="37.73354" lon="-119.51818000000003"><ele>1867.0</ele></trkpt><trkpt lat="37.73346" lon="-119.51884999999999"><ele>1867.0</ele></trkpt><trkpt lat="37.73342" lon="-119.51902999999999"><ele>1866.0</ele></trkpt><trkpt lat="37.73333" lon="-119.51925"><ele>1866.0</ele></trkpt><trkpt lat="37.73322" lon="-119.51938999999999"><ele>1866.890867843646</ele></trkpt><trkpt lat="37.7327" lon="-119.51965999999999"><ele>1867.0</ele></trkpt><trkpt lat="37.73251" lon="-119.51992999999999"><ele>1867.9497635550797</ele></trkpt><trkpt lat="37.73185" lon="-119.52076999999997"><ele>1875.0</ele></trkpt><trkpt lat="37.73185" lon="-119.52076999999997"><ele>1875.0</ele></trkpt><trkpt lat="37.73185" lon="-119.52076999999997"><ele>1875.0</ele></trkpt><trkpt lat="37.73152" lon="-119.52134000000001"><ele>1872.0</ele></trkpt><trkpt lat="37.731490678956725" lon="-119.52142551970957"><ele>1871.0</ele></trkpt><trkpt lat="37.731490678956725" lon="-119.52142551970957"><ele>1871.0</ele></trkpt><trkpt lat="37.7314" lon="-119.52169000000004"><ele>1870.2494236044586</ele></trkpt><trkpt lat="37.73106" lon="-119.52226000000002"><ele>1867.6354012936472</ele></trkpt><trkpt lat="37.73096" lon="-119.52244999999999"><ele>1867.0</ele></trkpt><trkpt lat="37.73082" lon="-119.52282000000002"><ele>1865.6602221595376</ele></trkpt><trkpt lat="37.7307" lon="-119.52296999999999"><ele>1865.0</ele></trkpt><trkpt lat="37.7307" lon="-119.52296999999999"><ele>1865.0</ele></trkpt><trkpt lat="37.7307" lon="-119.52296999999999"><ele>1865.0</ele></trkpt><trkpt lat="37.73059" lon="-119.52325000000002"><ele>1865.0</ele></trkpt><trkpt lat="37.73038" lon="-119.52402000000001"><ele>1864.1459686290473</ele></trkpt><trkpt lat="37.73026" lon="-119.52435000000003"><ele>1863.0702785594071</ele></trkpt><trkpt lat="37.73013" lon="-119.52453000000003"><ele>1862.4148559868336</ele></trkpt><trkpt lat="37.73011" lon="-119.52462000000003"><ele>1862.0</ele></trkpt><trkpt lat="37.7301" lon="-119.52476000000001"><ele>1862.0</ele></trkpt><trkpt lat="37.7301" lon="-119.52476000000001"><ele>1862.0</ele></trkpt><trkpt lat="37.7301" lon="-119.52476000000001"><ele>1862.0</ele></trkpt><trkpt lat="37.73017" lon="-119.52519999999998"><ele>1863.0</ele></trkpt><trkpt lat="37.7302" lon="-119.52570000000003"><ele>1864.0</ele></trkpt><trkpt lat="37.73016" lon="-119.52591999999999"><ele>1864.2675949381407</ele></trkpt><trkpt lat="37.73006" lon="-119.52616"><ele>1866.5789604736492</ele></trkpt><trkpt lat="37.72989" lon="-119.52636000000001"><ele>1868.166409881481</ele></trkpt><trkpt lat="37.72986" lon="-119.5265"><ele>1869.571576643868</ele></trkpt><trkpt lat="37.72977" lon="-119.52668"><ele>1871.105631601461</ele></trkpt><trkpt lat="37.72959" lon="-119.52693"><ele>1874.7692304104567</ele></trkpt><trkpt lat="37.72928" lon="-119.52728000000002"><ele>1878.654389400596</ele></trkpt><trkpt lat="37.72909" lon="-119.52762000000001"><ele>1882.4636998330243</ele></trkpt><trkpt lat="37.72887" lon="-119.52774999999997"><ele>1885.1708052381873</ele></trkpt><trkpt lat="37.72869" lon="-119.52796999999998"><ele>1885.0</ele></trkpt><trkpt lat="37.72848" lon="-119.52812"><ele>1884.3815196454525</ele></trkpt><trkpt lat="37.72847874828451" lon="-119.52812337963178"><ele>1884.2340098880231</ele></trkpt><trkpt lat="37.72847902585538" lon="-119.52812263019223"><ele>1884.2667205259204</ele></trkpt><trkpt lat="37.72838" lon="-119.52839"><ele>1880.2984599806368</ele></trkpt><trkpt lat="37.72828" lon="-119.52848"><ele>1879.0</ele></trkpt><trkpt lat="37.72819" lon="-119.52863000000002"><ele>1878.0411572577343</ele></trkpt><trkpt lat="37.72784" lon="-119.52879999999999"><ele>1870.158453872893</ele></trkpt><trkpt lat="37.72757" lon="-119.52877000000001"><ele>1866.0436207111977</ele></trkpt><trkpt lat="37.72741" lon="-119.52885000000003"><ele>1864.0</ele></trkpt><trkpt lat="37.72725" lon="-119.529"><ele>1858.3575999997556</ele></trkpt><trkpt lat="37.72718" lon="-119.529"><ele>1859.1460858713597</ele></trkpt><trkpt lat="37.72717" lon="-119.52904999999998"><ele>1858.0273690498855</ele></trkpt><trkpt lat="37.72744" lon="-119.52909999999997"><ele>1855.0</ele></trkpt><trkpt lat="37.72744" lon="-119.52918"><ele>1855.825213302146</ele></trkpt><trkpt lat="37.72715" lon="-119.52939000000003"><ele>1848.8238227032125</ele></trkpt><trkpt lat="37.72708" lon="-119.52953000000002"><ele>1848.1443776476942</ele></trkpt><trkpt lat="37.72689" lon="-119.52958000000001"><ele>1844.6723591117188</ele></trkpt><trkpt lat="37.72649" lon="-119.52994000000001"><ele>1838.5149165214195</ele></trkpt><trkpt lat="37.72631" lon="-119.52999999999997"><ele>1836.0</ele></trkpt><trkpt lat="37.7263" lon="-119.53005000000002"><ele>1835.3139805755702</ele></trkpt><trkpt lat="37.72631" lon="-119.53008999999997"><ele>1834.6703598313034</ele></trkpt><trkpt lat="37.72643" lon="-119.53012000000001"><ele>1833.0</ele></trkpt><trkpt lat="37.72645" lon="-119.53014999999999"><ele>1832.7637155554257</ele></trkpt><trkpt lat="37.72648" lon="-119.53021999999999"><ele>1832.3462746609002</ele></trkpt><trkpt lat="37.72648" lon="-119.53032999999999"><ele>1831.0</ele></trkpt><trkpt lat="37.72656" lon="-119.53044"><ele>1830.0450705536828</ele></trkpt><trkpt lat="37.72654" lon="-119.53046"><ele>1829.0</ele></trkpt><trkpt lat="37.72633" lon="-119.53037"><ele>1825.508066561073</ele></trkpt><trkpt lat="37.72614" lon="-119.53037999999998"><ele>1822.9691284239716</ele></trkpt><trkpt lat="37.72614" lon="-119.53037999999998"><ele>1822.9691284239716</ele></trkpt><trkpt lat="37.72614" lon="-119.53046999999998"><ele>1823.0</ele></trkpt><trkpt lat="37.72625" lon="-119.53050999999999"><ele>1821.9864995558746</ele></trkpt><trkpt lat="37.72636" lon="-119.53070000000002"><ele>1818.646917196411</ele></trkpt><trkpt lat="37.72635" lon="-119.53071999999997"><ele>1819.0986772590688</ele></trkpt><trkpt lat="37.72631" lon="-119.53070000000002"><ele>1814.7476724942364</ele></trkpt><trkpt lat="37.72633" lon="-119.53078"><ele>1817.0510018240689</ele></trkpt><trkpt lat="37.72629" lon="-119.5308"><ele>1812.4393018104988</ele></trkpt><trkpt lat="37.72624" lon="-119.53070000000002"><ele>1810.205150295049</ele></trkpt><trkpt lat="37.72621" lon="-119.53071999999997"><ele>1807.637303198222</ele></trkpt><trkpt lat="37.72627" lon="-119.53089999999997"><ele>1803.0</ele></trkpt><trkpt lat="37.72622" lon="-119.53113000000002"><ele>1797.0049391265848</ele></trkpt><trkpt lat="37.72626" lon="-119.53125"><ele>1792.5</ele></trkpt><trkpt lat="37.72626" lon="-119.53125"><ele>1792.5</ele></trkpt><trkpt lat="37.72627" lon="-119.53134"><ele>1790.2973775025168</ele></trkpt><trkpt lat="37.72625" lon="-119.53183000000001"><ele>1782.3733830406973</ele></trkpt><trkpt lat="37.72628" lon="-119.53195"><ele>1782.3324457643998</ele></trkpt><trkpt lat="37.72633" lon="-119.53205000000003"><ele>1780.7253643376753</ele></trkpt><trkpt lat="37.72632" lon="-119.53213"><ele>1777.1421292189639</ele></trkpt><trkpt lat="37.72636" lon="-119.53210999999999"><ele>1776.812900625175</ele></trkpt><trkpt lat="37.72638" lon="-119.53222"><ele>1775.9939607663118</ele></trkpt><trkpt lat="37.72631" lon="-119.53232000000003"><ele>1769.6343857762404</ele></trkpt><trkpt lat="37.72644" lon="-119.53242"><ele>1766.974047999829</ele></trkpt><trkpt lat="37.72643" lon="-119.53244000000001"><ele>1766.041980443988</ele></trkpt><trkpt lat="37.72636" lon="-119.53246999999999"><ele>1764.1775218169425</ele></trkpt><trkpt lat="37.72636" lon="-119.53250000000003"><ele>1763.2457777764648</ele></trkpt><trkpt lat="37.7264" lon="-119.53255999999999"><ele>1761.0</ele></trkpt><trkpt lat="37.7265" lon="-119.53262000000001"><ele>1758.1780762020499</ele></trkpt><trkpt lat="37.7265" lon="-119.53266000000002"><ele>1757.4141157939598</ele></trkpt><trkpt lat="37.72641" lon="-119.53273000000002"><ele>1750.7487762053497</ele></trkpt><trkpt lat="37.72639" lon="-119.53277000000003"><ele>1748.6915994510034</ele></trkpt><trkpt lat="37.72644" lon="-119.53282000000002"><ele>1747.322114305105</ele></trkpt><trkpt lat="37.72651" lon="-119.53280999999998"><ele>1748.7987306667492</ele></trkpt><trkpt lat="37.72655" lon="-119.53287"><ele>1747.473305895459</ele></trkpt><trkpt lat="37.72641" lon="-119.53294"><ele>1740.7402915558778</ele></trkpt><trkpt lat="37.72642" lon="-119.53298999999998"><ele>1738.4101226669736</ele></trkpt><trkpt lat="37.72646" lon="-119.53301999999996"><ele>1738.0120213348418</ele></trkpt><trkpt lat="37.72645" lon="-119.53304000000003"><ele>1736.6585853840224</ele></trkpt><trkpt lat="37.72639" lon="-119.53304000000003"><ele>1735.1233014273457</ele></trkpt><trkpt lat="37.72638" lon="-119.53310999999997"><ele>1731.718215413897</ele></trkpt><trkpt lat="37.72644" lon="-119.53314"><ele>1731.4134740374564</ele></trkpt><trkpt lat="37.72635" lon="-119.53318999999999"><ele>1727.0894471118227</ele></trkpt><trkpt lat="37.72639" lon="-119.53327000000002"><ele>1723.3611768884584</ele></trkpt><trkpt lat="37.72629" lon="-119.53332"><ele>1718.1822220925242</ele></trkpt><trkpt lat="37.72628" lon="-119.53334999999998"><ele>1716.472120218837</ele></trkpt><trkpt lat="37.72633" lon="-119.53348"><ele>1710.1489351112396</ele></trkpt><trkpt lat="37.72622" lon="-119.53345999999999"><ele>1710.0262582355638</ele></trkpt><trkpt lat="37.72622" lon="-119.53349000000003"><ele>1708.1113317053414</ele></trkpt><trkpt lat="37.72632" lon="-119.53359"><ele>1702.8961919993162</ele></trkpt><trkpt lat="37.72622" lon="-119.53358000000003"><ele>1702.854984886013</ele></trkpt><trkpt lat="37.72618" lon="-119.53361000000001"><ele>1700.0</ele></trkpt><trkpt lat="37.7262" lon="-119.53366"><ele>1697.5234184209257</ele></trkpt><trkpt lat="37.72631" lon="-119.53368"><ele>1697.2537920000032</ele></trkpt><trkpt lat="37.72632" lon="-119.53370999999999"><ele>1695.85569066694</ele></trkpt><trkpt lat="37.7263" lon="-119.53373999999997"><ele>1693.9151786696166</ele></trkpt><trkpt lat="37.72613" lon="-119.53375"><ele>1691.9831111114472</ele></trkpt><trkpt lat="37.72612" lon="-119.53379999999999"><ele>1689.2337471843784</ele></trkpt><trkpt lat="37.72618" lon="-119.53390999999999"><ele>1685.0</ele></trkpt><trkpt lat="37.72625" lon="-119.53394000000003"><ele>1683.273827551864</ele></trkpt><trkpt lat="37.7263" lon="-119.53393"><ele>1682.602947555948</ele></trkpt><trkpt lat="37.72643" lon="-119.53397000000001"><ele>1678.8954718769496</ele></trkpt><trkpt lat="37.72648" lon="-119.53406999999999"><ele>1677.0</ele></trkpt><trkpt lat="37.72652" lon="-119.53431999999998"><ele>1673.0</ele></trkpt><trkpt lat="37.72655" lon="-119.53442999999999"><ele>1673.0</ele></trkpt><trkpt lat="37.72661" lon="-119.53451000000001"><ele>1671.0</ele></trkpt><trkpt lat="37.72665" lon="-119.53467"><ele>1667.116447999142</ele></trkpt><trkpt lat="37.72679" lon="-119.53480000000002"><ele>1664.0354992034038</ele></trkpt><trkpt lat="37.72681" lon="-119.53485"><ele>1661.9429540336087</ele></trkpt><trkpt lat="37.72676" lon="-119.53494"><ele>1658.0</ele></trkpt><trkpt lat="37.72672" lon="-119.53489000000002"><ele>1658.930141237951</ele></trkpt><trkpt lat="37.72669" lon="-119.53489000000002"><ele>1657.9618095733713</ele></trkpt><trkpt lat="37.72667" lon="-119.53490999999997"><ele>1656.931637335103</ele></trkpt><trkpt lat="37.72671" lon="-119.53496000000001"><ele>1656.5402561026397</ele></trkpt><trkpt lat="37.7267" lon="-119.53498000000002"><ele>1655.338801776059</ele></trkpt><trkpt lat="37.72659" lon="-119.53496999999999"><ele>1654.0</ele></trkpt><trkpt lat="37.72654" lon="-119.53505000000001"><ele>1650.0</ele></trkpt><trkpt lat="37.7265" lon="-119.53501"><ele>1651.0</ele></trkpt><trkpt lat="37.72628" lon="-119.53503"><ele>1646.1485832174553</ele></trkpt><trkpt lat="37.72628" lon="-119.53512999999998"><ele>1645.0</ele></trkpt><trkpt lat="37.72622" lon="-119.53512999999998"><ele>1644.7056195563637</ele></trkpt><trkpt lat="37.72621" lon="-119.53517999999997"><ele>1643.0</ele></trkpt><trkpt lat="37.72627" lon="-119.53523999999999"><ele>1642.0</ele></trkpt><trkpt lat="37.72625" lon="-119.53526999999997"><ele>1642.0</ele></trkpt><trkpt lat="37.72619" lon="-119.53526999999997"><ele>1640.0400087898597</ele></trkpt><trkpt lat="37.7261" lon="-119.53530999999998"><ele>1637.9872803094513</ele></trkpt><trkpt lat="37.72606" lon="-119.53539"><ele>1635.1613530954346</ele></trkpt><trkpt lat="37.72611" lon="-119.53557"><ele>1632.173407999333</ele></trkpt><trkpt lat="37.72619" lon="-119.53564"><ele>1630.2360740592003</ele></trkpt><trkpt lat="37.72637" lon="-119.53562"><ele>1628.8220638980567</ele></trkpt><trkpt lat="37.72643" lon="-119.53564"><ele>1628.5465176881567</ele></trkpt><trkpt lat="37.72653" lon="-119.53577000000001"><ele>1626.0</ele></trkpt><trkpt lat="37.72655" lon="-119.53589"><ele>1625.0</ele></trkpt><trkpt lat="37.7265" lon="-119.53610000000003"><ele>1621.0</ele></trkpt><trkpt lat="37.72659" lon="-119.53613999999999"><ele>1618.676792765524</ele></trkpt><trkpt lat="37.72664" lon="-119.53619000000003"><ele>1618.2161096381335</ele></trkpt><trkpt lat="37.72667" lon="-119.53625"><ele>1617.762936118224</ele></trkpt><trkpt lat="37.72667" lon="-119.53638999999998"><ele>1615.0</ele></trkpt><trkpt lat="37.72662" lon="-119.53667000000002"><ele>1611.0</ele></trkpt><trkpt lat="37.72658" lon="-119.53676999999999"><ele>1609.4283260302948</ele></trkpt><trkpt lat="37.72659" lon="-119.53687000000002"><ele>1609.8276386391371</ele></trkpt><trkpt lat="37.72655" lon="-119.53700000000003"><ele>1609.2497842889088</ele></trkpt><trkpt lat="37.72644" lon="-119.53721999999999"><ele>1610.0</ele></trkpt><trkpt lat="37.72644" lon="-119.53732000000002"><ele>1610.0</ele></trkpt><trkpt lat="37.72656" lon="-119.53746999999998"><ele>1611.0</ele></trkpt><trkpt lat="37.72713" lon="-119.53784000000002"><ele>1613.0</ele></trkpt><trkpt lat="37.72736" lon="-119.53787999999997"><ele>1614.0</ele></trkpt><trkpt lat="37.72749" lon="-119.53795000000002"><ele>1614.0</ele></trkpt><trkpt lat="37.72765" lon="-119.53791999999999"><ele>1611.813248558237</ele></trkpt><trkpt lat="37.72774" lon="-119.53802000000002"><ele>1609.995132443495</ele></trkpt><trkpt lat="37.72777" lon="-119.53811999999999"><ele>1608.1190540664575</ele></trkpt><trkpt lat="37.72774" lon="-119.53825"><ele>1604.5745481598015</ele></trkpt><trkpt lat="37.72764" lon="-119.53836999999999"><ele>1602.683950222563</ele></trkpt><trkpt lat="37.72734" lon="-119.53859999999997"><ele>1595.965173334349</ele></trkpt><trkpt lat="37.72696" lon="-119.53908999999999"><ele>1587.582280401712</ele></trkpt><trkpt lat="37.7268" lon="-119.5392"><ele>1584.8026012826313</ele></trkpt><trkpt lat="37.72673243043174" lon="-119.53926756956827"><ele>1583.6663719077646</ele></trkpt><trkpt lat="37.72670585856935" lon="-119.53929414145978"><ele>1583.2129509753017</ele></trkpt><trkpt lat="37.72666" lon="-119.53933999999998"><ele>1582.526525773108</ele></trkpt><trkpt lat="37.72657" lon="-119.53957000000003"><ele>1582.2665656654917</ele></trkpt><trkpt lat="37.72659" lon="-119.53998999999999"><ele>1579.1582444990054</ele></trkpt><trkpt lat="37.72657" lon="-119.54011000000003"><ele>1579.7364688263774</ele></trkpt><trkpt lat="37.72652" lon="-119.54021"><ele>1578.9803281524964</ele></trkpt><trkpt lat="37.72652" lon="-119.54021"><ele>1578.9803281524964</ele></trkpt><trkpt lat="37.72632" lon="-119.54038000000003"><ele>1580.0699857887812</ele></trkpt><trkpt lat="37.72632" lon="-119.54038000000003"><ele>1580.0699857887812</ele></trkpt><trkpt lat="37.7263" lon="-119.54070000000002"><ele>1583.0</ele></trkpt><trkpt lat="37.72625" lon="-119.54083000000003"><ele>1581.0396408871748</ele></trkpt><trkpt lat="37.72617" lon="-119.54088000000002"><ele>1579.709471999202</ele></trkpt><trkpt lat="37.72616" lon="-119.54093999999998"><ele>1578.4644409674156</ele></trkpt><trkpt lat="37.72621" lon="-119.54107999999997"><ele>1574.7325905146072</ele></trkpt><trkpt lat="37.7262" lon="-119.54124000000002"><ele>1573.1516993101686</ele></trkpt><trkpt lat="37.726260000003684" lon="-119.54148000001476"><ele>1571.6164242066443</ele></trkpt><trkpt lat="37.726260000003684" lon="-119.54148000001476"><ele>1571.6164242066443</ele></trkpt><trkpt lat="37.72627" lon="-119.54151999999999"><ele>1571.0272116642445</ele></trkpt><trkpt lat="37.72644" lon="-119.54183"><ele>1565.010582583025</ele></trkpt><trkpt lat="37.72651" lon="-119.54176999999999"><ele>1561.8860815744847</ele></trkpt><trkpt lat="37.72652" lon="-119.54164000000003"><ele>1560.2968668285757</ele></trkpt><trkpt lat="37.72655" lon="-119.54164000000003"><ele>1559.1539532965762</ele></trkpt><trkpt lat="37.72663" lon="-119.54173000000003"><ele>1557.982177073078</ele></trkpt><trkpt lat="37.72676" lon="-119.54160999999999"><ele>1555.1556889992207</ele></trkpt><trkpt lat="37.7268" lon="-119.54160999999999"><ele>1554.0</ele></trkpt><trkpt lat="37.72687" lon="-119.54173000000003"><ele>1553.7057633750392</ele></trkpt><trkpt lat="37.72698" lon="-119.54183999999998"><ele>1551.005742833116</ele></trkpt><trkpt lat="37.72714" lon="-119.54212000000001"><ele>1546.078716444783</ele></trkpt><trkpt lat="37.72714" lon="-119.54212000000001"><ele>1546.078716444783</ele></trkpt><trkpt lat="37.72714" lon="-119.54212000000001"><ele>1546.078716444783</ele></trkpt><trkpt lat="37.7273" lon="-119.54282999999998"><ele>1540.0</ele></trkpt><trkpt lat="37.72723" lon="-119.54305"><ele>1539.4624163508415</ele></trkpt><trkpt lat="37.72733" lon="-119.54329000000001"><ele>1537.830089661974</ele></trkpt><trkpt lat="37.72724" lon="-119.54327"><ele>1540.0</ele></trkpt><trkpt lat="37.72718" lon="-119.54317000000003"><ele>1542.4035078412242</ele></trkpt><trkpt lat="37.72708" lon="-119.54309"><ele>1545.3007139489055</ele></trkpt><trkpt lat="37.72705" lon="-119.54300999999998"><ele>1547.0</ele></trkpt><trkpt lat="37.72695" lon="-119.54291"><ele>1550.9605573900044</ele></trkpt><trkpt lat="37.72695" lon="-119.54291"><ele>1550.9605573900044</ele></trkpt><trkpt lat="37.72683" lon="-119.54281000000003"><ele>1554.8991630351254</ele></trkpt><trkpt lat="37.72663" lon="-119.54278"><ele>1528.9785535675474</ele></trkpt><trkpt lat="37.72662" lon="-119.54282999999998"><ele>1528.2376003037207</ele></trkpt><trkpt lat="37.72666" lon="-119.54290000000003"><ele>1521.6185008818284</ele></trkpt><trkpt lat="37.7266" lon="-119.54304000000002"><ele>1518.6293219765648</ele></trkpt><trkpt lat="37.72665" lon="-119.54345"><ele>1496.9387911101803</ele></trkpt><trkpt lat="37.72664" lon="-119.54401999999999"><ele>1486.084825993284</ele></trkpt><trkpt lat="37.72661" lon="-119.54413999999997"><ele>1484.7763909567147</ele></trkpt><trkpt lat="37.72661" lon="-119.54424"><ele>1481.115311955814</ele></trkpt><trkpt lat="37.7267" lon="-119.54444999999998"><ele>1469.3354133339599</ele></trkpt><trkpt lat="37.72669" lon="-119.54455000000002"><ele>1467.0</ele></trkpt><trkpt lat="37.72666" lon="-119.54462000000001"><ele>1466.4211807553106</ele></trkpt><trkpt lat="37.72668" lon="-119.54467"><ele>1464.0718751473207</ele></trkpt><trkpt lat="37.72675" lon="-119.54470000000003"><ele>1458.6845688875765</ele></trkpt><trkpt lat="37.72675" lon="-119.54484000000002"><ele>1454.530650896102</ele></trkpt><trkpt lat="37.72682" lon="-119.54494"><ele>1449.3614039318636</ele></trkpt><trkpt lat="37.72686" lon="-119.54509000000002"><ele>1446.7727696048096</ele></trkpt><trkpt lat="37.72682" lon="-119.54520000000002"><ele>1447.7657334624469</ele></trkpt><trkpt lat="37.72686" lon="-119.54524000000004"><ele>1445.3010078240186</ele></trkpt><trkpt lat="37.72683" lon="-119.54529000000002"><ele>1443.2197461682372</ele></trkpt><trkpt lat="37.72686" lon="-119.54539999999997"><ele>1438.0622044457123</ele></trkpt><trkpt lat="37.72675" lon="-119.54557999999997"><ele>1431.4185021016747</ele></trkpt><trkpt lat="37.7268" lon="-119.54556000000002"><ele>1430.4838174686581</ele></trkpt><trkpt lat="37.72686" lon="-119.54559"><ele>1427.4710807166994</ele></trkpt><trkpt lat="37.7268" lon="-119.54565000000002"><ele>1426.328603241804</ele></trkpt><trkpt lat="37.72673" lon="-119.54586999999998"><ele>1416.0819556233473</ele></trkpt><trkpt lat="37.72662" lon="-119.54599000000002"><ele>1416.537138079293</ele></trkpt><trkpt lat="37.72655" lon="-119.54602"><ele>1418.6973323272541</ele></trkpt><trkpt lat="37.72638" lon="-119.54624999999999"><ele>1414.9951993967406</ele></trkpt><trkpt lat="37.72638" lon="-119.54624999999999"><ele>1414.9951993967406</ele></trkpt><trkpt lat="37.72633" lon="-119.54635000000002"><ele>1414.892795697327</ele></trkpt><trkpt lat="37.72629" lon="-119.54663"><ele>1407.5495275474777</ele></trkpt><trkpt lat="37.72624719570822" lon="-119.54674006819903"><ele>1406.1258231421473</ele></trkpt><trkpt lat="37.72622" lon="-119.54681"><ele>1406.3153240459872</ele></trkpt><trkpt lat="37.72623" lon="-119.54703999999998"><ele>1402.2429826863427</ele></trkpt><trkpt lat="37.72629" lon="-119.54743000000002"><ele>1396.84878590703</ele></trkpt><trkpt lat="37.72628" lon="-119.54766000000001"><ele>1396.1765694916248</ele></trkpt><trkpt lat="37.72621" lon="-119.54779000000002"><ele>1398.0</ele></trkpt><trkpt lat="37.72621" lon="-119.54784999999998"><ele>1398.0</ele></trkpt><trkpt lat="37.72627" lon="-119.54795999999999"><ele>1396.0</ele></trkpt><trkpt lat="37.72622" lon="-119.54867999999999"><ele>1385.9787032590295</ele></trkpt><trkpt lat="37.72622" lon="-119.54867999999999"><ele>1385.9787032590295</ele></trkpt><trkpt lat="37.72625" lon="-119.54883000000001"><ele>1384.0</ele></trkpt><trkpt lat="37.72621" lon="-119.54924"><ele>1379.0</ele></trkpt><trkpt lat="37.72623" lon="-119.54930000000002"><ele>1378.0</ele></trkpt><trkpt lat="37.72622" lon="-119.54937000000001"><ele>1376.974525269843</ele></trkpt><trkpt lat="37.72614" lon="-119.54943000000003"><ele>1376.2505919989198</ele></trkpt><trkpt lat="37.72606" lon="-119.5496"><ele>1372.5972561267677</ele></trkpt><trkpt lat="37.72596" lon="-119.54994999999997"><ele>1369.0</ele></trkpt><trkpt lat="37.72604" lon="-119.55038000000002"><ele>1363.5886047898505</ele></trkpt><trkpt lat="37.72606" lon="-119.55060000000003"><ele>1361.1253029028885</ele></trkpt><trkpt lat="37.72604" lon="-119.55084"><ele>1358.579085001722</ele></trkpt><trkpt lat="37.72601" lon="-119.55088999999998"><ele>1358.0</ele></trkpt><trkpt lat="37.726" lon="-119.55101000000002"><ele>1357.9114051044098</ele></trkpt><trkpt lat="37.72594" lon="-119.55120999999997"><ele>1356.6280247399427</ele></trkpt><trkpt lat="37.7259" lon="-119.55126000000001"><ele>1355.9664106657729</ele></trkpt><trkpt lat="37.72586" lon="-119.55129"><ele>1355.0</ele></trkpt><trkpt lat="37.72576" lon="-119.55126000000001"><ele>1353.9664106657729</ele></trkpt><trkpt lat="37.72571" lon="-119.55126999999999"><ele>1353.0</ele></trkpt><trkpt lat="37.72566" lon="-119.55132000000003"><ele>1352.0</ele></trkpt><trkpt lat="37.72569" lon="-119.55138"><ele>1351.0</ele></trkpt><trkpt lat="37.72574" lon="-119.55142999999998"><ele>1350.0</ele></trkpt><trkpt lat="37.72589" lon="-119.55151000000001"><ele>1349.0</ele></trkpt><trkpt lat="37.72589" lon="-119.55151000000001"><ele>1349.0</ele></trkpt><trkpt lat="37.72615" lon="-119.55164000000002"><ele>1347.0977595280856</ele></trkpt><trkpt lat="37.72615" lon="-119.55164000000002"><ele>1347.0977595280856</ele></trkpt><trkpt lat="37.72626" lon="-119.55173000000002"><ele>1351.0</ele></trkpt><trkpt lat="37.72635" lon="-119.55192999999997"><ele>1355.1770139680978</ele></trkpt><trkpt lat="37.72632" lon="-119.55212"><ele>1358.0</ele></trkpt><trkpt lat="37.7263" lon="-119.55263000000002"><ele>1361.0</ele></trkpt><trkpt lat="37.72626" lon="-119.55294000000004"><ele>1358.5091060533323</ele></trkpt><trkpt lat="37.72623" lon="-119.553"><ele>1357.6159377731383</ele></trkpt><trkpt lat="37.72622" lon="-119.55322000000001"><ele>1355.0433963346973</ele></trkpt><trkpt lat="37.72622" lon="-119.55322000000001"><ele>1355.0433963346973</ele></trkpt><trkpt lat="37.72622" lon="-119.55340999999999"><ele>1352.0472810816505</ele></trkpt><trkpt lat="37.72624" lon="-119.55354"><ele>1349.7107093329541</ele></trkpt><trkpt lat="37.72647" lon="-119.55425000000002"><ele>1336.622311109677</ele></trkpt><trkpt lat="37.72647" lon="-119.55466000000001"><ele>1330.0</ele></trkpt><trkpt lat="37.72635" lon="-119.55497000000003"><ele>1324.6398947216212</ele></trkpt><trkpt lat="37.72619" lon="-119.55514"><ele>1320.2214416628037</ele></trkpt><trkpt lat="37.72607" lon="-119.55538000000001"><ele>1315.967942967168</ele></trkpt><trkpt lat="37.72604" lon="-119.55574999999999"><ele>1310.1381594431587</ele></trkpt><trkpt lat="37.72627" lon="-119.55626000000001"><ele>1299.9495217776857</ele></trkpt><trkpt lat="37.7263" lon="-119.55638999999996"><ele>1298.0</ele></trkpt><trkpt lat="37.72628" lon="-119.55650000000003"><ele>1298.1322326327895</ele></trkpt><trkpt lat="37.72622" lon="-119.55667"><ele>1300.1845884439535</ele></trkpt><trkpt lat="37.72621" lon="-119.55680000000001"><ele>1302.437512975186</ele></trkpt><trkpt lat="37.72631" lon="-119.55714"><ele>1303.3093835605432</ele></trkpt><trkpt lat="37.72644" lon="-119.55728999999997"><ele>1300.9369102421313</ele></trkpt><trkpt lat="37.72655" lon="-119.55749000000003"><ele>1300.0397007954307</ele></trkpt><trkpt lat="37.72654" lon="-119.55764999999997"><ele>1295.1708266683854</ele></trkpt><trkpt lat="37.72665" lon="-119.55797999999999"><ele>1290.79800336975</ele></trkpt><trkpt lat="37.72659" lon="-119.55815999999999"><ele>1286.7942363863822</ele></trkpt><trkpt lat="37.72663" lon="-119.55822"><ele>1285.3983033206314</ele></trkpt><trkpt lat="37.72672" lon="-119.55824999999999"><ele>1286.3105784840425</ele></trkpt><trkpt lat="37.72681" lon="-119.55833999999999"><ele>1286.0</ele></trkpt><trkpt lat="37.7268" lon="-119.55853000000002"><ele>1287.3610326475464</ele></trkpt><trkpt lat="37.72686" lon="-119.55858"><ele>1287.0</ele></trkpt><trkpt lat="37.7269" lon="-119.55858"><ele>1286.906647440046</ele></trkpt><trkpt lat="37.72697" lon="-119.55847"><ele>1285.7381777008995</ele></trkpt><trkpt lat="37.7273" lon="-119.55847"><ele>1280.3230242229267</ele></trkpt><trkpt lat="37.72743" lon="-119.5584"><ele>1277.7482839659065</ele></trkpt><trkpt lat="37.72795" lon="-119.55835000000002"><ele>1267.5657735845605</ele></trkpt><trkpt lat="37.72819" lon="-119.55824999999999"><ele>1263.9184176271567</ele></trkpt><trkpt lat="37.72841" lon="-119.55821000000003"><ele>1259.0681105174297</ele></trkpt><trkpt lat="37.72857" lon="-119.55813999999998"><ele>1256.5061635170132</ele></trkpt><trkpt lat="37.7287" lon="-119.55815000000001"><ele>1252.7152902912349</ele></trkpt><trkpt lat="37.729" lon="-119.55793"><ele>1247.0</ele></trkpt><trkpt lat="37.72908" lon="-119.55790999999999"><ele>1245.0</ele></trkpt><trkpt lat="37.72939" lon="-119.55790999999999"><ele>1240.2327010604283</ele></trkpt><trkpt lat="37.72957" lon="-119.55784"><ele>1240.0</ele></trkpt><trkpt lat="37.72976" lon="-119.55781999999999"><ele>1240.0</ele></trkpt><trkpt lat="37.72992" lon="-119.55791999999997"><ele>1239.0</ele></trkpt><trkpt lat="37.73052" lon="-119.55797000000001"><ele>1238.0</ele></trkpt><trkpt lat="37.7308" lon="-119.55815999999999"><ele>1234.0</ele></trkpt><trkpt lat="37.73094" lon="-119.55829"><ele>1231.3446648889221</ele></trkpt><trkpt lat="37.73117" lon="-119.55838"><ele>1230.0</ele></trkpt><trkpt lat="37.73117" lon="-119.55838"><ele>1230.0</ele></trkpt><trkpt lat="37.73117" lon="-119.55838"><ele>1230.0</ele></trkpt><trkpt lat="37.73166" lon="-119.55827999999997"><ele>1228.8920898089548</ele></trkpt><trkpt lat="37.73175824376075" lon="-119.55822955050121"><ele>1228.0</ele></trkpt><trkpt lat="37.73176243264865" lon="-119.55822739967715"><ele>1228.0</ele></trkpt><trkpt lat="37.7324" lon="-119.55790000000002"><ele>1227.0</ele></trkpt><trkpt lat="37.73282" lon="-119.55777999999998"><ele>1227.9242395255715</ele></trkpt><trkpt lat="37.73282" lon="-119.55777999999998"><ele>1227.9242395255715</ele></trkpt><trkpt lat="37.73265" lon="-119.55804"><ele>1229.0</ele></trkpt><trkpt lat="37.73261" lon="-119.55818"><ele>1227.2121106275981</ele></trkpt><trkpt lat="37.73261" lon="-119.55818"><ele>1227.2121106275981</ele></trkpt><trkpt lat="37.73253" lon="-119.55876"><ele>1228.5589226670563</ele></trkpt><trkpt lat="37.73253" lon="-119.55876"><ele>1228.5589226670563</ele></trkpt><trkpt lat="37.73249" lon="-119.55912000000001"><ele>1227.317684591263</ele></trkpt><trkpt lat="37.7325" lon="-119.55932000000001"><ele>1227.0</ele></trkpt><trkpt lat="37.7325" lon="-119.55932000000001"><ele>1227.0</ele></trkpt><trkpt lat="37.73235" lon="-119.55953999999997"><ele>1227.0</ele></trkpt><trkpt lat="37.73235" lon="-119.55953999999997"><ele>1227.0</ele></trkpt><trkpt lat="37.73236" lon="-119.55975000000001"><ele>1227.0</ele></trkpt><trkpt lat="37.73236" lon="-119.55975000000001"><ele>1227.0</ele></trkpt><trkpt lat="37.73236486102188" lon="-119.5598764011774"><ele>1227.0</ele></trkpt><trkpt lat="37.73236486102188" lon="-119.5598764011774"><ele>1227.0</ele></trkpt><trkpt lat="37.73237" lon="-119.56001000000003"><ele>1227.0</ele></trkpt><trkpt lat="37.73243" lon="-119.56031000000002"><ele>1226.0452922160014</ele></trkpt><trkpt lat="37.73253" lon="-119.56064000000003"><ele>1226.0</ele></trkpt><trkpt lat="37.73262" lon="-119.56087000000002"><ele>1226.8760433546881</ele></trkpt><trkpt lat="37.73283" lon="-119.56121000000002"><ele>1225.0</ele></trkpt><trkpt lat="37.73283" lon="-119.56121000000002"><ele>1225.0</ele></trkpt><trkpt lat="37.7329" lon="-119.56133999999997"><ele>1225.0</ele></trkpt><trkpt lat="37.7329" lon="-119.56133999999997"><ele>1225.0</ele></trkpt><trkpt lat="37.73295" lon="-119.56142999999997"><ele>1225.0</ele></trkpt><trkpt lat="37.73295" lon="-119.56142999999997"><ele>1225.0</ele></trkpt><trkpt lat="37.73295" lon="-119.56142999999997"><ele>1225.0</ele></trkpt><trkpt lat="37.73326" lon="-119.56173999999999"><ele>1224.0</ele></trkpt><trkpt lat="37.73378834356412" lon="-119.56246046849651"><ele>1223.0</ele></trkpt><trkpt lat="37.73379914775903" lon="-119.56247520143575"><ele>1223.0</ele></trkpt><trkpt lat="37.73381" lon="-119.56249000000003"><ele>1222.7381436638534</ele></trkpt><trkpt lat="37.73424" lon="-119.56321000000003"><ele>1221.0</ele></trkpt><trkpt lat="37.73447" lon="-119.56375000000003"><ele>1220.0</ele></trkpt><trkpt lat="37.73473" lon="-119.56448999999998"><ele>1218.0</ele></trkpt><trkpt lat="37.73482" lon="-119.56483000000003"><ele>1218.0</ele></trkpt><trkpt lat="37.73491" lon="-119.56504000000001"><ele>1218.0</ele></trkpt><trkpt lat="37.73491" lon="-119.56504000000001"><ele>1218.0</ele></trkpt><trkpt lat="37.73491" lon="-119.56504000000001"><ele>1218.0</ele></trkpt><trkpt lat="37.73517" lon="-119.56542000000002"><ele>1217.0</ele></trkpt><trkpt lat="37.73558064540624" lon="-119.5657179192163"><ele>1217.0</ele></trkpt><trkpt lat="37.73558835617554" lon="-119.56572351311598"><ele>1217.0</ele></trkpt><trkpt lat="37.73568" lon="-119.56578999999999"><ele>1216.6253518030826</ele></trkpt><trkpt lat="37.73573" lon="-119.56578000000002"><ele>1217.0</ele></trkpt><trkpt lat="37.73573" lon="-119.56578000000002"><ele>1217.0</ele></trkpt><trkpt lat="37.73542" lon="-119.56637999999998"><ele>1218.0</ele></trkpt><trkpt lat="37.73542" lon="-119.56637999999998"><ele>1218.0</ele></trkpt><trkpt lat="37.73536476755075" lon="-119.56648174547934"><ele>1218.0</ele></trkpt></trkseg></trk></gpx>