<?xml version="1.0"?>
<gpx xmlns="http://www.topografix.com/GPX/1/1" xmlns:gpxx="http://www.garmin.com/xmlschemas/GpxExtensions/v3" creator="CALTOPO" version="1.1"><metadata><name><![CDATA[Tuolumne Meadows-Agnew Meadows]]></name></metadata><wpt lat="37.72186302299422" lon="-119.16045328892554"><name>Camp</name></wpt><wpt lat="37.87796265543593" lon="-119.33871049587428"><name>Lyell Canyon Trailhead</name></wpt><wpt lat="37.76102454319945" lon="-119.2486638684953"><name>Donohue Pass</name></wpt><wpt lat="37.6509801746548" lon="-119.03726815577903"><name>Mammoth Mountain Inn</name></wpt><trk><name>Tuolumne Meadows-Agnew Meadows</name><trkseg><trkpt lat="37.87796078799068" lon="-119.33871118807252"><ele>2646.0</ele></trkpt><trkpt lat="37.877876103059364" lon="-119.33865754389223"><ele>2645.0</ele></trkpt><trkpt lat="37.87774060696678" lon="-119.33858244203981"><ele>2644.0</ele></trkpt><trkpt lat="37.87756276796698" lon="-119.33848588251527"><ele>2643.0</ele></trkpt><trkpt lat="37.87756529984715" lon="-119.3384788836587"><ele>2643.0</ele></trkpt><trkpt lat="37.87755" lon="-119.33847000000003"><ele>2642.7974906770773</ele></trkpt><trkpt lat="37.87716" lon="-119.33838000000003"><ele>2640.3888614380767</ele></trkpt><trkpt lat="37.877155074885906" lon="-119.33838511573276"><ele>2640.742418852909</ele></trkpt><trkpt lat="37.87688" lon="-119.33796000000001"><ele>2642.0</ele></trkpt><trkpt lat="37.8767915644336" lon="-119.33789757489433"><ele>2642.0</ele></trkpt><trkpt lat="37.876781334066386" lon="-119.33789035342488"><ele>2642.0</ele></trkpt><trkpt lat="37.87671" lon="-119.33784000000003"><ele>2643.0</ele></trkpt><trkpt lat="37.87656" lon="-119.33758999999998"><ele>2644.7852385486076</ele></trkpt><trkpt lat="37.87656" lon="-119.33758999999998"><ele>2644.7852385486076</ele></trkpt><trkpt lat="37.87656" lon="-119.33758999999998"><ele>2644.7852385486076</ele></trkpt><trkpt lat="37.87639" lon="-119.33706999999998"><ele>2647.0</ele></trkpt><trkpt lat="37.87639" lon="-119.33706999999998"><ele>2647.0</ele></trkpt><trkpt lat="37.87639" lon="-119.33706999999998"><ele>2647.0</ele></trkpt><trkpt lat="37.87621" lon="-119.33684"><ele>2648.0</ele></trkpt><trkpt lat="37.87604" lon="-119.3365"><ele>2646.0</ele></trkpt><trkpt lat="37.87602" lon="-119.33632"><ele>2645.376903420314</ele></trkpt><trkpt lat="37.87603" lon="-119.33562999999998"><ele>2647.0</ele></trkpt><trkpt lat="37.87599" lon="-119.33544999999998"><ele>2647.0</ele></trkpt><trkpt lat="37.87599" lon="-119.33544999999998"><ele>2647.0</ele></trkpt><trkpt lat="37.87599" lon="-119.33544999999998"><ele>2647.0</ele></trkpt><trkpt lat="37.87593" lon="-119.33533999999997"><ele>2647.0</ele></trkpt><trkpt lat="37.87593" lon="-119.33533999999997"><ele>2647.0</ele></trkpt><trkpt lat="37.87579" lon="-119.33528999999999"><ele>2646.18180247146</ele></trkpt><trkpt lat="37.87579" lon="-119.33528999999999"><ele>2646.18180247146</ele></trkpt><trkpt lat="37.87574" lon="-119.33524"><ele>2647.0</ele></trkpt><trkpt lat="37.87572" lon="-119.33510999999999"><ele>2648.0</ele></trkpt><trkpt lat="37.87568" lon="-119.33449999999999"><ele>2650.0</ele></trkpt><trkpt lat="37.8757" lon="-119.33418"><ele>2651.0</ele></trkpt><trkpt lat="37.87567" lon="-119.33407"><ele>2652.0</ele></trkpt><trkpt lat="37.87567" lon="-119.33407"><ele>2652.0</ele></trkpt><trkpt lat="37.87567" lon="-119.33407"><ele>2652.0</ele></trkpt><trkpt lat="37.87537" lon="-119.33364"><ele>2652.0</ele></trkpt><trkpt lat="37.87517" lon="-119.33350000000002"><ele>2652.0</ele></trkpt><trkpt lat="37.87517" lon="-119.33350000000002"><ele>2652.0</ele></trkpt><trkpt lat="37.87485" lon="-119.33332000000001"><ele>2652.2117191503226</ele></trkpt><trkpt lat="37.87485" lon="-119.33332000000001"><ele>2652.2117191503226</ele></trkpt><trkpt lat="37.87467" lon="-119.33329000000003"><ele>2653.0</ele></trkpt><trkpt lat="37.87434" lon="-119.33335"><ele>2654.0</ele></trkpt><trkpt lat="37.87422" lon="-119.33328"><ele>2654.0597262251877</ele></trkpt><trkpt lat="37.87397" lon="-119.33301"><ele>2654.0</ele></trkpt><trkpt lat="37.8737" lon="-119.33287999999999"><ele>2656.212049778085</ele></trkpt><trkpt lat="37.87332" lon="-119.33260999999999"><ele>2656.0</ele></trkpt><trkpt lat="37.87312" lon="-119.33251000000001"><ele>2657.4552995543927</ele></trkpt><trkpt lat="37.87299" lon="-119.33251999999999"><ele>2659.0</ele></trkpt><trkpt lat="37.87284" lon="-119.33257000000003"><ele>2659.340903112665</ele></trkpt><trkpt lat="37.8727" lon="-119.33254999999997"><ele>2658.4088355544955</ele></trkpt><trkpt lat="37.87233" lon="-119.33238"><ele>2657.4862613338046</ele></trkpt><trkpt lat="37.87213" lon="-119.33221000000003"><ele>2658.0</ele></trkpt><trkpt lat="37.87201" lon="-119.33213999999998"><ele>2657.0</ele></trkpt><trkpt lat="37.87181" lon="-119.33211"><ele>2655.0</ele></trkpt><trkpt lat="37.87168" lon="-119.33212000000003"><ele>2654.1471206620336</ele></trkpt><trkpt lat="37.87133" lon="-119.33222999999998"><ele>2649.0</ele></trkpt><trkpt lat="37.87094" lon="-119.33253000000002"><ele>2645.2191596589537</ele></trkpt><trkpt lat="37.87042" lon="-119.33281999999997"><ele>2643.0</ele></trkpt><trkpt lat="37.87012" lon="-119.33281"><ele>2642.0</ele></trkpt><trkpt lat="37.86998" lon="-119.33272"><ele>2639.6685902224854</ele></trkpt><trkpt lat="37.86984" lon="-119.33272999999997"><ele>2640.0</ele></trkpt><trkpt lat="37.86984" lon="-119.33272999999997"><ele>2640.0</ele></trkpt><trkpt lat="37.86977" lon="-119.33294999999998"><ele>2639.53187442695</ele></trkpt><trkpt lat="37.86954" lon="-119.33296999999999"><ele>2640.0177457779646</ele></trkpt><trkpt lat="37.86954" lon="-119.33296999999999"><ele>2640.0177457779646</ele></trkpt><trkpt lat="37.86946" lon="-119.33296999999999"><ele>2640.0</ele></trkpt><trkpt lat="37.86946" lon="-119.33296999999999"><ele>2640.0</ele></trkpt><trkpt lat="37.86946" lon="-119.33296999999999"><ele>2640.0</ele></trkpt><trkpt lat="37.8693" lon="-119.33307000000002"><ele>2640.0</ele></trkpt><trkpt lat="37.86886" lon="-119.33350000000002"><ele>2640.0</ele></trkpt><trkpt lat="37.86886" lon="-119.33350000000002"><ele>2640.0</ele></trkpt><trkpt lat="37.86875" lon="-119.33362"><ele>2640.0</ele></trkpt><trkpt lat="37.86875" lon="-119.33362"><ele>2640.0</ele></trkpt><trkpt lat="37.86847" lon="-119.33366999999998"><ele>2641.0</ele></trkpt><trkpt lat="37.86816" lon="-119.33357999999998"><ele>2643.410314666573</ele></trkpt><trkpt lat="37.86806" lon="-119.33350000000002"><ele>2642.0</ele></trkpt><trkpt lat="37.86806" lon="-119.33350000000002"><ele>2642.0</ele></trkpt><trkpt lat="37.86776" lon="-119.33308999999997"><ele>2644.0</ele></trkpt><trkpt lat="37.86769" lon="-119.33287999999999"><ele>2644.0</ele></trkpt><trkpt lat="37.86767" lon="-119.33257000000003"><ele>2644.0</ele></trkpt><trkpt lat="37.86773" lon="-119.33143000000001"><ele>2642.04428515397</ele></trkpt><trkpt lat="37.8678" lon="-119.33118000000002"><ele>2643.0</ele></trkpt><trkpt lat="37.868" lon="-119.33071000000001"><ele>2644.0</ele></trkpt><trkpt lat="37.86801" lon="-119.33053000000001"><ele>2644.0</ele></trkpt><trkpt lat="37.8679" lon="-119.33008000000001"><ele>2644.0059324856634</ele></trkpt><trkpt lat="37.8679" lon="-119.32965999999999"><ele>2647.0</ele></trkpt><trkpt lat="37.86787" lon="-119.32956000000001"><ele>2647.220513014123</ele></trkpt><trkpt lat="37.86791" lon="-119.32940000000002"><ele>2647.0</ele></trkpt><trkpt lat="37.86789" lon="-119.32927000000001"><ele>2647.0</ele></trkpt><trkpt lat="37.86798" lon="-119.32905"><ele>2646.787845152525</ele></trkpt><trkpt lat="37.86799" lon="-119.32893000000001"><ele>2646.0</ele></trkpt><trkpt lat="37.86788" lon="-119.32844"><ele>2647.0</ele></trkpt><trkpt lat="37.86788" lon="-119.32826999999997"><ele>2647.0</ele></trkpt><trkpt lat="37.86793" lon="-119.32806"><ele>2647.0</ele></trkpt><trkpt lat="37.86786" lon="-119.32709999999997"><ele>2648.0</ele></trkpt><trkpt lat="37.86791" lon="-119.32691999999997"><ele>2648.0</ele></trkpt><trkpt lat="37.86798" lon="-119.32619999999997"><ele>2647.0</ele></trkpt><trkpt lat="37.86791" lon="-119.32598999999999"><ele>2647.0</ele></trkpt><trkpt lat="37.86756" lon="-119.32524000000001"><ele>2650.0</ele></trkpt><trkpt lat="37.86724" lon="-119.32448"><ele>2653.0</ele></trkpt><trkpt lat="37.86726" lon="-119.32416999999998"><ele>2653.310458534998</ele></trkpt><trkpt lat="37.86731" lon="-119.32398"><ele>2655.0</ele></trkpt><trkpt lat="37.86726" lon="-119.32366000000002"><ele>2654.0</ele></trkpt><trkpt lat="37.86719" lon="-119.32339999999999"><ele>2654.012071111705</ele></trkpt><trkpt lat="37.8669" lon="-119.32312000000002"><ele>2656.0</ele></trkpt><trkpt lat="37.8669" lon="-119.32312000000002"><ele>2656.0</ele></trkpt><trkpt lat="37.86664" lon="-119.32292000000001"><ele>2656.767589473857</ele></trkpt><trkpt lat="37.86655" lon="-119.32272"><ele>2657.0</ele></trkpt><trkpt lat="37.86655" lon="-119.32272"><ele>2657.0</ele></trkpt><trkpt lat="37.86665" lon="-119.32261"><ele>2656.0</ele></trkpt><trkpt lat="37.86665" lon="-119.32261"><ele>2656.0</ele></trkpt><trkpt lat="37.86669" lon="-119.32244000000003"><ele>2657.0</ele></trkpt><trkpt lat="37.86668" lon="-119.32200999999998"><ele>2657.0</ele></trkpt><trkpt lat="37.86673" lon="-119.32175999999998"><ele>2658.0</ele></trkpt><trkpt lat="37.86679" lon="-119.32157999999998"><ele>2658.0</ele></trkpt><trkpt lat="37.8668" lon="-119.32116000000002"><ele>2659.0</ele></trkpt><trkpt lat="37.8667" lon="-119.32094000000001"><ele>2660.0</ele></trkpt><trkpt lat="37.86667" lon="-119.32069000000001"><ele>2661.0</ele></trkpt><trkpt lat="37.86676" lon="-119.31966"><ele>2660.0</ele></trkpt><trkpt lat="37.86673" lon="-119.31939"><ele>2660.0</ele></trkpt><trkpt lat="37.86666" lon="-119.31918999999999"><ele>2661.0</ele></trkpt><trkpt lat="37.86652" lon="-119.31857000000002"><ele>2661.0</ele></trkpt><trkpt lat="37.86649" lon="-119.31813"><ele>2662.0</ele></trkpt><trkpt lat="37.86642" lon="-119.31781000000001"><ele>2662.0</ele></trkpt><trkpt lat="37.86636" lon="-119.31727000000001"><ele>2661.309223111719</ele></trkpt><trkpt lat="37.86629" lon="-119.31687999999997"><ele>2660.873154583181</ele></trkpt><trkpt lat="37.86621" lon="-119.31621999999999"><ele>2659.0</ele></trkpt><trkpt lat="37.86624" lon="-119.31581"><ele>2659.0</ele></trkpt><trkpt lat="37.86621" lon="-119.31570999999997"><ele>2659.471388387831</ele></trkpt><trkpt lat="37.86622" lon="-119.31549999999999"><ele>2659.0</ele></trkpt><trkpt lat="37.86603" lon="-119.31441999999998"><ele>2659.0</ele></trkpt><trkpt lat="37.86604" lon="-119.31421999999998"><ele>2659.8428986347917</ele></trkpt><trkpt lat="37.86609" lon="-119.3141"><ele>2659.0</ele></trkpt><trkpt lat="37.86609" lon="-119.31375000000003"><ele>2660.0</ele></trkpt><trkpt lat="37.86605" lon="-119.31337000000002"><ele>2661.0</ele></trkpt><trkpt lat="37.866" lon="-119.31321000000003"><ele>2662.0</ele></trkpt><trkpt lat="37.86595" lon="-119.31315999999998"><ele>2663.0</ele></trkpt><trkpt lat="37.8659" lon="-119.31292000000002"><ele>2663.0</ele></trkpt><trkpt lat="37.86581" lon="-119.31284"><ele>2664.912103325618</ele></trkpt><trkpt lat="37.86585" lon="-119.31238000000002"><ele>2663.0</ele></trkpt><trkpt lat="37.86607" lon="-119.31198999999998"><ele>2664.0</ele></trkpt><trkpt lat="37.86615" lon="-119.31173999999999"><ele>2664.0</ele></trkpt><trkpt lat="37.86616" lon="-119.31159000000002"><ele>2664.0</ele></trkpt><trkpt lat="37.86613" lon="-119.31151999999997"><ele>2664.16922292685</ele></trkpt><trkpt lat="37.86613" lon="-119.31151999999997"><ele>2664.16922292685</ele></trkpt><trkpt lat="37.86606" lon="-119.31142"><ele>2664.428272123443</ele></trkpt><trkpt lat="37.86595" lon="-119.31135"><ele>2664.4172266670503</ele></trkpt><trkpt lat="37.86588" lon="-119.31121000000002"><ele>2665.0</ele></trkpt><trkpt lat="37.86571" lon="-119.31052999999997"><ele>2666.0</ele></trkpt><trkpt lat="37.86564" lon="-119.31038000000001"><ele>2666.0</ele></trkpt><trkpt lat="37.86559" lon="-119.31002000000001"><ele>2667.0</ele></trkpt><trkpt lat="37.86548" lon="-119.30970000000002"><ele>2668.4534442760173</ele></trkpt><trkpt lat="37.86553" lon="-119.30950999999999"><ele>2668.0</ele></trkpt><trkpt lat="37.865760642950576" lon="-119.30927081471793"><ele>2668.0</ele></trkpt><trkpt lat="37.86580460637566" lon="-119.30919929084041"><ele>2668.0</ele></trkpt><trkpt lat="37.86586" lon="-119.30883"><ele>2669.0</ele></trkpt><trkpt lat="37.8659" lon="-119.30871000000002"><ele>2669.0</ele></trkpt><trkpt lat="37.86597" lon="-119.30833999999999"><ele>2669.056734563783</ele></trkpt><trkpt lat="37.86594" lon="-119.30788999999999"><ele>2670.0</ele></trkpt><trkpt lat="37.86579" lon="-119.30745000000002"><ele>2671.0</ele></trkpt><trkpt lat="37.86581" lon="-119.30719999999997"><ele>2671.991922820827</ele></trkpt><trkpt lat="37.86575" lon="-119.30709999999999"><ele>2673.0</ele></trkpt><trkpt lat="37.86563" lon="-119.30662000000001"><ele>2676.0</ele></trkpt><trkpt lat="37.86554" lon="-119.30644999999998"><ele>2676.0606755553745</ele></trkpt><trkpt lat="37.8654" lon="-119.30626000000001"><ele>2675.1219380066286</ele></trkpt><trkpt lat="37.86513" lon="-119.30604"><ele>2677.5057591222494</ele></trkpt><trkpt lat="37.86474" lon="-119.30552999999998"><ele>2681.0</ele></trkpt><trkpt lat="37.86464" lon="-119.30525999999998"><ele>2681.0</ele></trkpt><trkpt lat="37.86446" lon="-119.30507999999998"><ele>2682.0</ele></trkpt><trkpt lat="37.86429" lon="-119.30478"><ele>2682.0</ele></trkpt><trkpt lat="37.86421" lon="-119.30469"><ele>2682.0325246286957</ele></trkpt><trkpt lat="37.86377" lon="-119.30389000000002"><ele>2683.0</ele></trkpt><trkpt lat="37.8635" lon="-119.30354999999997"><ele>2683.977885226278</ele></trkpt><trkpt lat="37.86305" lon="-119.30294000000004"><ele>2684.0</ele></trkpt><trkpt lat="37.86228921881308" lon="-119.30209112835985"><ele>2687.0</ele></trkpt><trkpt lat="37.86228921881308" lon="-119.30209112835985"><ele>2687.0</ele></trkpt><trkpt lat="37.8621" lon="-119.30187999999998"><ele>2686.03281520004</ele></trkpt><trkpt lat="37.86196" lon="-119.30178999999998"><ele>2686.0</ele></trkpt><trkpt lat="37.86188" lon="-119.30165"><ele>2686.606439552067</ele></trkpt><trkpt lat="37.86161" lon="-119.30142000000001"><ele>2686.0</ele></trkpt><trkpt lat="37.86136" lon="-119.30128000000002"><ele>2686.0</ele></trkpt><trkpt lat="37.86128" lon="-119.30119000000002"><ele>2686.0</ele></trkpt><trkpt lat="37.8609" lon="-119.30090999999999"><ele>2686.0</ele></trkpt><trkpt lat="37.86064" lon="-119.30065000000002"><ele>2687.0</ele></trkpt><trkpt lat="37.86049" lon="-119.30056000000002"><ele>2687.0</ele></trkpt><trkpt lat="37.86028" lon="-119.30032"><ele>2686.0</ele></trkpt><trkpt lat="37.85906" lon="-119.29966000000002"><ele>2686.0</ele></trkpt><trkpt lat="37.85876" lon="-119.29957000000002"><ele>2686.0</ele></trkpt><trkpt lat="37.85863" lon="-119.29942"><ele>2687.0</ele></trkpt><trkpt lat="37.8584" lon="-119.29933"><ele>2686.0</ele></trkpt><trkpt lat="37.85832" lon="-119.29922999999997"><ele>2687.0</ele></trkpt><trkpt lat="37.85751" lon="-119.29858000000002"><ele>2689.0</ele></trkpt><trkpt lat="37.85751" lon="-119.29858000000002"><ele>2689.0</ele></trkpt><trkpt lat="37.85712" lon="-119.29840000000002"><ele>2687.0</ele></trkpt><trkpt lat="37.85698" lon="-119.29822000000001"><ele>2688.3841713611037</ele></trkpt><trkpt lat="37.85684" lon="-119.29795999999999"><ele>2687.927401999927</ele></trkpt><trkpt lat="37.85666" lon="-119.29781000000003"><ele>2687.0</ele></trkpt><trkpt lat="37.85641" lon="-119.29768999999999"><ele>2687.0</ele></trkpt><trkpt lat="37.85619" lon="-119.29750000000001"><ele>2687.0</ele></trkpt><trkpt lat="37.85602" lon="-119.29728999999998"><ele>2687.0</ele></trkpt><trkpt lat="37.85554" lon="-119.29694999999998"><ele>2687.0</ele></trkpt><trkpt lat="37.85552" lon="-119.29687999999999"><ele>2687.0</ele></trkpt><trkpt lat="37.85541" lon="-119.29678000000001"><ele>2687.0</ele></trkpt><trkpt lat="37.85535" lon="-119.29676"><ele>2687.0</ele></trkpt><trkpt lat="37.85508" lon="-119.29655000000002"><ele>2688.0</ele></trkpt><trkpt lat="37.8549" lon="-119.29635000000002"><ele>2689.0</ele></trkpt><trkpt lat="37.85438" lon="-119.29592000000002"><ele>2690.0260700069607</ele></trkpt><trkpt lat="37.85428" lon="-119.29581000000002"><ele>2690.197132192373</ele></trkpt><trkpt lat="37.85418" lon="-119.29577999999998"><ele>2691.0</ele></trkpt><trkpt lat="37.85415" lon="-119.29568999999998"><ele>2690.0</ele></trkpt><trkpt lat="37.85408" lon="-119.29563000000002"><ele>2690.8267892538142</ele></trkpt><trkpt lat="37.85405" lon="-119.29550999999998"><ele>2690.122477382446</ele></trkpt><trkpt lat="37.85374" lon="-119.29511000000002"><ele>2691.0</ele></trkpt><trkpt lat="37.85373" lon="-119.29500999999999"><ele>2690.0</ele></trkpt><trkpt lat="37.85368" lon="-119.29498000000001"><ele>2690.395969565958</ele></trkpt><trkpt lat="37.85357" lon="-119.29482999999999"><ele>2691.0</ele></trkpt><trkpt lat="37.85337" lon="-119.29467"><ele>2691.0</ele></trkpt><trkpt lat="37.85324" lon="-119.29451"><ele>2691.2255799165578</ele></trkpt><trkpt lat="37.8529" lon="-119.29415"><ele>2692.0</ele></trkpt><trkpt lat="37.85261" lon="-119.29390000000001"><ele>2692.0</ele></trkpt><trkpt lat="37.85228" lon="-119.29349000000002"><ele>2692.0</ele></trkpt><trkpt lat="37.85217" lon="-119.29345999999998"><ele>2692.0</ele></trkpt><trkpt lat="37.85201" lon="-119.29327"><ele>2692.7976828953397</ele></trkpt><trkpt lat="37.85197" lon="-119.29317000000003"><ele>2692.0543845916814</ele></trkpt><trkpt lat="37.85195" lon="-119.29291999999998"><ele>2692.0</ele></trkpt><trkpt lat="37.85191" lon="-119.29278999999997"><ele>2692.0</ele></trkpt><trkpt lat="37.8516" lon="-119.2921"><ele>2694.0489580174967</ele></trkpt><trkpt lat="37.85147" lon="-119.29187000000002"><ele>2693.0</ele></trkpt><trkpt lat="37.85134" lon="-119.29174"><ele>2691.7660632787947</ele></trkpt><trkpt lat="37.85128" lon="-119.29161999999997"><ele>2691.0</ele></trkpt><trkpt lat="37.85114" lon="-119.29158999999999"><ele>2690.0</ele></trkpt><trkpt lat="37.85105" lon="-119.29154"><ele>2690.12740875536</ele></trkpt><trkpt lat="37.85099" lon="-119.29140999999998"><ele>2690.0</ele></trkpt><trkpt lat="37.85083" lon="-119.29122000000001"><ele>2692.0</ele></trkpt><trkpt lat="37.85052" lon="-119.29101000000003"><ele>2695.0</ele></trkpt><trkpt lat="37.85024" lon="-119.29098999999997"><ele>2695.0</ele></trkpt><trkpt lat="37.84998" lon="-119.29089999999997"><ele>2695.0</ele></trkpt><trkpt lat="37.84957" lon="-119.29059000000001"><ele>2696.0</ele></trkpt><trkpt lat="37.84914" lon="-119.28994"><ele>2693.0</ele></trkpt><trkpt lat="37.84845" lon="-119.28987999999998"><ele>2696.0</ele></trkpt><trkpt lat="37.84815" lon="-119.28955000000002"><ele>2693.0</ele></trkpt><trkpt lat="37.84815" lon="-119.28955000000002"><ele>2693.0</ele></trkpt><trkpt lat="37.84804" lon="-119.28942999999998"><ele>2693.0</ele></trkpt><trkpt lat="37.84771" lon="-119.28933"><ele>2691.0</ele></trkpt><trkpt lat="37.84754" lon="-119.28924999999998"><ele>2691.0</ele></trkpt><trkpt lat="37.84733" lon="-119.28904999999997"><ele>2690.1619022209197</ele></trkpt><trkpt lat="37.84724" lon="-119.28890000000001"><ele>2690.0</ele></trkpt><trkpt lat="37.84697" lon="-119.28867000000002"><ele>2691.0</ele></trkpt><trkpt lat="37.84668" lon="-119.28831000000002"><ele>2691.0</ele></trkpt><trkpt lat="37.84657" lon="-119.28822000000002"><ele>2692.0</ele></trkpt><trkpt lat="37.84655" lon="-119.28816"><ele>2692.0</ele></trkpt><trkpt lat="37.84622" lon="-119.28789"><ele>2691.0</ele></trkpt><trkpt lat="37.84599" lon="-119.28757000000002"><ele>2692.0</ele></trkpt><trkpt lat="37.8458" lon="-119.28739999999999"><ele>2692.8593977462087</ele></trkpt><trkpt lat="37.84569" lon="-119.28733999999997"><ele>2694.0</ele></trkpt><trkpt lat="37.84557" lon="-119.28730000000002"><ele>2694.0</ele></trkpt><trkpt lat="37.84528" lon="-119.28730000000002"><ele>2694.508653177054</ele></trkpt><trkpt lat="37.8451" lon="-119.28732000000002"><ele>2695.5380586679094</ele></trkpt><trkpt lat="37.84486" lon="-119.28739999999999"><ele>2698.0</ele></trkpt><trkpt lat="37.84455" lon="-119.28730000000002"><ele>2698.0</ele></trkpt><trkpt lat="37.84443" lon="-119.28719999999998"><ele>2696.0</ele></trkpt><trkpt lat="37.84417" lon="-119.28709000000003"><ele>2696.0</ele></trkpt><trkpt lat="37.84404" lon="-119.28694999999999"><ele>2696.0</ele></trkpt><trkpt lat="37.84387" lon="-119.28688"><ele>2696.0</ele></trkpt><trkpt lat="37.8437" lon="-119.28664000000003"><ele>2694.0</ele></trkpt><trkpt lat="37.84347" lon="-119.28642000000002"><ele>2692.0126678524334</ele></trkpt><trkpt lat="37.84324" lon="-119.28643"><ele>2693.061052444391</ele></trkpt><trkpt lat="37.84306" lon="-119.28634"><ele>2694.0</ele></trkpt><trkpt lat="37.84283" lon="-119.28631000000001"><ele>2697.0</ele></trkpt><trkpt lat="37.84276" lon="-119.28622999999999"><ele>2695.0</ele></trkpt><trkpt lat="37.84239" lon="-119.28620999999998"><ele>2693.1369090665667</ele></trkpt><trkpt lat="37.84222" lon="-119.28616"><ele>2695.0</ele></trkpt><trkpt lat="37.84204" lon="-119.28619000000003"><ele>2694.0</ele></trkpt><trkpt lat="37.84147" lon="-119.28589"><ele>2694.895228444133</ele></trkpt><trkpt lat="37.84127" lon="-119.28583000000003"><ele>2694.0990257794037</ele></trkpt><trkpt lat="37.84093" lon="-119.28588000000002"><ele>2695.4291946673766</ele></trkpt><trkpt lat="37.84079" lon="-119.2858"><ele>2695.7009244440123</ele></trkpt><trkpt lat="37.84052" lon="-119.28577000000001"><ele>2696.0</ele></trkpt><trkpt lat="37.84016" lon="-119.28566000000001"><ele>2694.1764515563846</ele></trkpt><trkpt lat="37.84016" lon="-119.28566000000001"><ele>2694.1764515563846</ele></trkpt><trkpt lat="37.83995" lon="-119.28553999999997"><ele>2694.0</ele></trkpt><trkpt lat="37.83974" lon="-119.28535"><ele>2694.0</ele></trkpt><trkpt lat="37.83959" lon="-119.28532000000001"><ele>2694.3147643984753</ele></trkpt><trkpt lat="37.8394" lon="-119.28537"><ele>2693.6614720001817</ele></trkpt><trkpt lat="37.83925" lon="-119.28528"><ele>2693.0</ele></trkpt><trkpt lat="37.83896" lon="-119.28526"><ele>2693.0</ele></trkpt><trkpt lat="37.83853" lon="-119.28508"><ele>2693.146492443979</ele></trkpt><trkpt lat="37.83823" lon="-119.28508"><ele>2694.0300653490103</ele></trkpt><trkpt lat="37.83806" lon="-119.28503999999998"><ele>2695.0</ele></trkpt><trkpt lat="37.83798" lon="-119.28496999999999"><ele>2694.9587075570075</ele></trkpt><trkpt lat="37.83773" lon="-119.28492"><ele>2695.68995200051</ele></trkpt><trkpt lat="37.83766" lon="-119.28485"><ele>2695.0</ele></trkpt><trkpt lat="37.83746" lon="-119.28483"><ele>2694.318780557943</ele></trkpt><trkpt lat="37.83732" lon="-119.28471000000002"><ele>2694.0</ele></trkpt><trkpt lat="37.83723" lon="-119.28458"><ele>2694.0</ele></trkpt><trkpt lat="37.83699" lon="-119.28447"><ele>2695.0</ele></trkpt><trkpt lat="37.83673" lon="-119.28409999999997"><ele>2694.0</ele></trkpt><trkpt lat="37.83645" lon="-119.28415000000001"><ele>2694.0</ele></trkpt><trkpt lat="37.83624" lon="-119.28415999999999"><ele>2693.0991250720863</ele></trkpt><trkpt lat="37.83604" lon="-119.28390000000002"><ele>2694.0</ele></trkpt><trkpt lat="37.83558" lon="-119.28361999999998"><ele>2697.0</ele></trkpt><trkpt lat="37.8355" lon="-119.28352999999998"><ele>2697.0</ele></trkpt><trkpt lat="37.83538" lon="-119.28354000000002"><ele>2696.2330923655663</ele></trkpt><trkpt lat="37.83523" lon="-119.28361999999998"><ele>2697.0</ele></trkpt><trkpt lat="37.83512" lon="-119.28361999999998"><ele>2697.0</ele></trkpt><trkpt lat="37.835" lon="-119.28354999999999"><ele>2698.0</ele></trkpt><trkpt lat="37.83447" lon="-119.28341999999998"><ele>2697.80197270607</ele></trkpt><trkpt lat="37.83381" lon="-119.28292999999996"><ele>2697.0</ele></trkpt><trkpt lat="37.83352" lon="-119.28282000000002"><ele>2697.0</ele></trkpt><trkpt lat="37.83274" lon="-119.28233999999998"><ele>2696.0</ele></trkpt><trkpt lat="37.83246" lon="-119.28221000000002"><ele>2697.0</ele></trkpt><trkpt lat="37.83205" lon="-119.28179"><ele>2697.0</ele></trkpt><trkpt lat="37.83174" lon="-119.28161"><ele>2699.0</ele></trkpt><trkpt lat="37.83158" lon="-119.28163999999998"><ele>2700.0</ele></trkpt><trkpt lat="37.83143" lon="-119.28186"><ele>2700.0</ele></trkpt><trkpt lat="37.83134" lon="-119.28205000000003"><ele>2700.2164768064295</ele></trkpt><trkpt lat="37.83123" lon="-119.28213"><ele>2700.6665280000307</ele></trkpt><trkpt lat="37.83117" lon="-119.28222"><ele>2701.0</ele></trkpt><trkpt lat="37.83096" lon="-119.28224999999998"><ele>2703.0494960715437</ele></trkpt><trkpt lat="37.8308" lon="-119.28217000000001"><ele>2703.0</ele></trkpt><trkpt lat="37.83065" lon="-119.28187000000003"><ele>2701.265260148918</ele></trkpt><trkpt lat="37.83045" lon="-119.28165000000001"><ele>2702.0</ele></trkpt><trkpt lat="37.83025" lon="-119.28152"><ele>2701.218353027012</ele></trkpt><trkpt lat="37.83011" lon="-119.28149000000002"><ele>2701.0</ele></trkpt><trkpt lat="37.82983" lon="-119.28133000000003"><ele>2701.0</ele></trkpt><trkpt lat="37.82958" lon="-119.28125999999997"><ele>2701.6635641496905</ele></trkpt><trkpt lat="37.82939" lon="-119.28102999999999"><ele>2701.0</ele></trkpt><trkpt lat="37.82909" lon="-119.28088000000002"><ele>2701.0</ele></trkpt><trkpt lat="37.82884" lon="-119.28050999999999"><ele>2701.0</ele></trkpt><trkpt lat="37.82837" lon="-119.28026999999997"><ele>2701.0</ele></trkpt><trkpt lat="37.82811" lon="-119.28025000000002"><ele>2702.018342667425</ele></trkpt><trkpt lat="37.82802" lon="-119.28021000000001"><ele>2702.0</ele></trkpt><trkpt lat="37.82793" lon="-119.28026"><ele>2702.518211555667</ele></trkpt><trkpt lat="37.82781" lon="-119.28028"><ele>2703.479006092357</ele></trkpt><trkpt lat="37.82761" lon="-119.28021000000001"><ele>2704.0</ele></trkpt><trkpt lat="37.82748" lon="-119.28008"><ele>2704.0</ele></trkpt><trkpt lat="37.82728" lon="-119.27981999999997"><ele>2704.0</ele></trkpt><trkpt lat="37.82716" lon="-119.27976999999998"><ele>2704.0</ele></trkpt><trkpt lat="37.8271" lon="-119.27958999999998"><ele>2704.0</ele></trkpt><trkpt lat="37.82677" lon="-119.27936999999997"><ele>2705.0241388593518</ele></trkpt><trkpt lat="37.82659" lon="-119.27929"><ele>2706.0</ele></trkpt><trkpt lat="37.82639" lon="-119.27924999999999"><ele>2706.908869208587</ele></trkpt><trkpt lat="37.82621" lon="-119.27929"><ele>2708.312935111113</ele></trkpt><trkpt lat="37.8257" lon="-119.27963"><ele>2713.0</ele></trkpt><trkpt lat="37.82551" lon="-119.27966000000004"><ele>2714.0</ele></trkpt><trkpt lat="37.82551" lon="-119.27966000000004"><ele>2714.0</ele></trkpt><trkpt lat="37.82551" lon="-119.27966000000004"><ele>2714.0</ele></trkpt><trkpt lat="37.82533" lon="-119.27936999999997"><ele>2713.041205332149</ele></trkpt><trkpt lat="37.82501" lon="-119.27909"><ele>2709.255466753617</ele></trkpt><trkpt lat="37.82493" lon="-119.27895000000001"><ele>2711.975466346368</ele></trkpt><trkpt lat="37.82486" lon="-119.27864"><ele>2709.0</ele></trkpt><trkpt lat="37.82491" lon="-119.27849000000003"><ele>2709.0</ele></trkpt><trkpt lat="37.82503" lon="-119.27836000000002"><ele>2708.0</ele></trkpt><trkpt lat="37.82503" lon="-119.27813000000003"><ele>2708.0</ele></trkpt><trkpt lat="37.82494" lon="-119.27792"><ele>2707.0</ele></trkpt><trkpt lat="37.82471" lon="-119.2776"><ele>2706.0</ele></trkpt><trkpt lat="37.82424" lon="-119.27735000000001"><ele>2706.0</ele></trkpt><trkpt lat="37.82362" lon="-119.27720999999997"><ele>2706.0</ele></trkpt><trkpt lat="37.82323" lon="-119.27720999999997"><ele>2707.0</ele></trkpt><trkpt lat="37.82289" lon="-119.27702999999997"><ele>2707.0</ele></trkpt><trkpt lat="37.8228" lon="-119.27702"><ele>2707.0</ele></trkpt><trkpt lat="37.8228" lon="-119.27702"><ele>2707.0</ele></trkpt><trkpt lat="37.82248" lon="-119.27697"><ele>2708.0</ele></trkpt><trkpt lat="37.82216" lon="-119.27683999999999"><ele>2708.0</ele></trkpt><trkpt lat="37.82198" lon="-119.27679999999998"><ele>2708.0</ele></trkpt><trkpt lat="37.82187" lon="-119.27681000000001"><ele>2708.0</ele></trkpt><trkpt lat="37.82168" lon="-119.27674999999999"><ele>2708.0</ele></trkpt><trkpt lat="37.82121" lon="-119.27629000000002"><ele>2709.0</ele></trkpt><trkpt lat="37.82106" lon="-119.27624000000003"><ele>2710.1726328907534</ele></trkpt><trkpt lat="37.82053" lon="-119.27573999999998"><ele>2709.0</ele></trkpt><trkpt lat="37.82051" lon="-119.2756"><ele>2710.9125138594154</ele></trkpt><trkpt lat="37.82038" lon="-119.27544"><ele>2712.371121375262</ele></trkpt><trkpt lat="37.82029" lon="-119.27526999999998"><ele>2712.0</ele></trkpt><trkpt lat="37.82006" lon="-119.27501999999998"><ele>2712.0</ele></trkpt><trkpt lat="37.81989" lon="-119.27492999999998"><ele>2712.0</ele></trkpt><trkpt lat="37.81965" lon="-119.27487000000002"><ele>2712.0</ele></trkpt><trkpt lat="37.81949" lon="-119.27479"><ele>2712.0</ele></trkpt><trkpt lat="37.81904" lon="-119.27447999999998"><ele>2712.0</ele></trkpt><trkpt lat="37.81894" lon="-119.27447000000001"><ele>2712.0</ele></trkpt><trkpt lat="37.81888" lon="-119.27440000000001"><ele>2712.0</ele></trkpt><trkpt lat="37.81879" lon="-119.27436999999998"><ele>2713.0</ele></trkpt><trkpt lat="37.81845" lon="-119.27398"><ele>2715.0</ele></trkpt><trkpt lat="37.81835" lon="-119.27391"><ele>2715.0</ele></trkpt><trkpt lat="37.81802" lon="-119.27393000000001"><ele>2716.82972643396</ele></trkpt><trkpt lat="37.81791" lon="-119.27391"><ele>2717.1355093233287</ele></trkpt><trkpt lat="37.81775" lon="-119.27382999999998"><ele>2720.0</ele></trkpt><trkpt lat="37.81727" lon="-119.27339999999998"><ele>2717.838632412482</ele></trkpt><trkpt lat="37.81698" lon="-119.27323999999999"><ele>2715.0</ele></trkpt><trkpt lat="37.81681" lon="-119.2731"><ele>2715.0</ele></trkpt><trkpt lat="37.81655" lon="-119.27253000000002"><ele>2715.1006194395477</ele></trkpt><trkpt lat="37.81642" lon="-119.27237000000002"><ele>2715.0</ele></trkpt><trkpt lat="37.81593" lon="-119.27206999999999"><ele>2715.0</ele></trkpt><trkpt lat="37.81576" lon="-119.27204"><ele>2715.4384462228045</ele></trkpt><trkpt lat="37.81531" lon="-119.27184999999997"><ele>2715.0</ele></trkpt><trkpt lat="37.81497" lon="-119.27161000000001"><ele>2716.0</ele></trkpt><trkpt lat="37.81472" lon="-119.27148999999997"><ele>2715.0</ele></trkpt><trkpt lat="37.81443" lon="-119.27130999999997"><ele>2715.4179804436862</ele></trkpt><trkpt lat="37.81433" lon="-119.27118000000002"><ele>2715.0</ele></trkpt><trkpt lat="37.81406" lon="-119.27106000000003"><ele>2715.0</ele></trkpt><trkpt lat="37.81387" lon="-119.27102000000002"><ele>2715.9030008902773</ele></trkpt><trkpt lat="37.8135" lon="-119.27082999999999"><ele>2715.0483591109514</ele></trkpt><trkpt lat="37.81323" lon="-119.27073999999999"><ele>2715.0</ele></trkpt><trkpt lat="37.81288" lon="-119.27051"><ele>2715.0</ele></trkpt><trkpt lat="37.81249" lon="-119.27015"><ele>2715.0</ele></trkpt><trkpt lat="37.8124" lon="-119.27004"><ele>2715.0</ele></trkpt><trkpt lat="37.81236" lon="-119.26992000000001"><ele>2715.0</ele></trkpt><trkpt lat="37.81239" lon="-119.26959"><ele>2715.0</ele></trkpt><trkpt lat="37.81237" lon="-119.26945999999998"><ele>2715.0</ele></trkpt><trkpt lat="37.8122" lon="-119.26904000000002"><ele>2715.9802299402654</ele></trkpt><trkpt lat="37.81229" lon="-119.26835"><ele>2715.0</ele></trkpt><trkpt lat="37.81226" lon="-119.26832000000002"><ele>2715.073880889453</ele></trkpt><trkpt lat="37.81191" lon="-119.26828"><ele>2715.0</ele></trkpt><trkpt lat="37.81175" lon="-119.26821000000001"><ele>2715.0</ele></trkpt><trkpt lat="37.81143" lon="-119.26821000000001"><ele>2715.0</ele></trkpt><trkpt lat="37.81126" lon="-119.26814999999999"><ele>2715.5164811851328</ele></trkpt><trkpt lat="37.81107" lon="-119.26805999999999"><ele>2715.0</ele></trkpt><trkpt lat="37.81093" lon="-119.26796000000002"><ele>2715.0</ele></trkpt><trkpt lat="37.81078" lon="-119.26765999999998"><ele>2715.8254396034395</ele></trkpt><trkpt lat="37.81068" lon="-119.26758000000001"><ele>2715.0</ele></trkpt><trkpt lat="37.81068" lon="-119.26758000000001"><ele>2715.0</ele></trkpt><trkpt lat="37.81036" lon="-119.26728000000003"><ele>2716.0</ele></trkpt><trkpt lat="37.81024" lon="-119.26724000000002"><ele>2716.0</ele></trkpt><trkpt lat="37.81006" lon="-119.26706999999999"><ele>2715.0</ele></trkpt><trkpt lat="37.80997" lon="-119.26704000000001"><ele>2715.799959527653</ele></trkpt><trkpt lat="37.80956" lon="-119.26695000000001"><ele>2717.0</ele></trkpt><trkpt lat="37.80942" lon="-119.267"><ele>2718.0</ele></trkpt><trkpt lat="37.80917" lon="-119.26697999999999"><ele>2719.0</ele></trkpt><trkpt lat="37.80904" lon="-119.26688999999999"><ele>2718.0</ele></trkpt><trkpt lat="37.80832" lon="-119.26665000000003"><ele>2722.0</ele></trkpt><trkpt lat="37.807876744880076" lon="-119.26640066899506"><ele>2722.0</ele></trkpt><trkpt lat="37.80789848757966" lon="-119.26641289916967"><ele>2722.0</ele></trkpt><trkpt lat="37.80784" lon="-119.26638000000003"><ele>2722.1681161001325</ele></trkpt><trkpt lat="37.80757" lon="-119.26634000000001"><ele>2724.075435456033</ele></trkpt><trkpt lat="37.80745" lon="-119.26627000000002"><ele>2725.6169308329763</ele></trkpt><trkpt lat="37.80737" lon="-119.26628"><ele>2726.0026660568665</ele></trkpt><trkpt lat="37.8073" lon="-119.26637"><ele>2728.0</ele></trkpt><trkpt lat="37.80721" lon="-119.26643000000001"><ele>2729.0</ele></trkpt><trkpt lat="37.80713" lon="-119.26645000000002"><ele>2730.0</ele></trkpt><trkpt lat="37.807" lon="-119.26641000000001"><ele>2731.0</ele></trkpt><trkpt lat="37.80656" lon="-119.26619"><ele>2732.8086862224154</ele></trkpt><trkpt lat="37.80647" lon="-119.26607000000001"><ele>2731.0</ele></trkpt><trkpt lat="37.80627" lon="-119.26593000000003"><ele>2730.691808001604</ele></trkpt><trkpt lat="37.80609" lon="-119.26593000000003"><ele>2732.691808001604</ele></trkpt><trkpt lat="37.80598" lon="-119.26583"><ele>2732.027733547436</ele></trkpt><trkpt lat="37.80592" lon="-119.26571999999999"><ele>2732.0</ele></trkpt><trkpt lat="37.80572" lon="-119.2656"><ele>2733.0</ele></trkpt><trkpt lat="37.80561" lon="-119.26557000000003"><ele>2733.974855196371</ele></trkpt><trkpt lat="37.80544" lon="-119.26539000000002"><ele>2733.0</ele></trkpt><trkpt lat="37.80544" lon="-119.26539000000002"><ele>2733.0</ele></trkpt><trkpt lat="37.80538" lon="-119.26531"><ele>2732.0</ele></trkpt><trkpt lat="37.80536" lon="-119.26524"><ele>2732.0</ele></trkpt><trkpt lat="37.80518" lon="-119.26501999999999"><ele>2730.0</ele></trkpt><trkpt lat="37.80464" lon="-119.26459"><ele>2728.223869117303</ele></trkpt><trkpt lat="37.80414" lon="-119.26443999999998"><ele>2730.0</ele></trkpt><trkpt lat="37.80328" lon="-119.26389"><ele>2728.0</ele></trkpt><trkpt lat="37.80305" lon="-119.26389"><ele>2728.184190289164</ele></trkpt><trkpt lat="37.80279" lon="-119.26384000000002"><ele>2728.0</ele></trkpt><trkpt lat="37.80271" lon="-119.26389"><ele>2728.6209173337556</ele></trkpt><trkpt lat="37.80257" lon="-119.26387"><ele>2728.0</ele></trkpt><trkpt lat="37.8025" lon="-119.26381000000003"><ele>2727.8926471131854</ele></trkpt><trkpt lat="37.80235" lon="-119.26377000000002"><ele>2727.0</ele></trkpt><trkpt lat="37.80213" lon="-119.2638"><ele>2729.0</ele></trkpt><trkpt lat="37.80195" lon="-119.26373999999998"><ele>2729.0</ele></trkpt><trkpt lat="37.80178" lon="-119.26360999999997"><ele>2728.0</ele></trkpt><trkpt lat="37.80148" lon="-119.26354000000003"><ele>2729.0</ele></trkpt><trkpt lat="37.80123" lon="-119.26327000000003"><ele>2728.7268231129274</ele></trkpt><trkpt lat="37.80105" lon="-119.26315"><ele>2729.0</ele></trkpt><trkpt lat="37.80059" lon="-119.26309000000003"><ele>2728.338215112686</ele></trkpt><trkpt lat="37.80025" lon="-119.26315"><ele>2728.1344177774154</ele></trkpt><trkpt lat="37.80013" lon="-119.26314000000002"><ele>2728.6683840015903</ele></trkpt><trkpt lat="37.80005" lon="-119.26310000000001"><ele>2728.0</ele></trkpt><trkpt lat="37.8" lon="-119.26292999999998"><ele>2728.0</ele></trkpt><trkpt lat="37.79994" lon="-119.26287000000002"><ele>2728.085472000763</ele></trkpt><trkpt lat="37.79986" lon="-119.26287000000002"><ele>2729.0</ele></trkpt><trkpt lat="37.7997" lon="-119.26278000000002"><ele>2729.0</ele></trkpt><trkpt lat="37.79946" lon="-119.26279"><ele>2731.0</ele></trkpt><trkpt lat="37.79932" lon="-119.26273000000003"><ele>2731.0</ele></trkpt><trkpt lat="37.79904" lon="-119.26267000000001"><ele>2732.0</ele></trkpt><trkpt lat="37.79868" lon="-119.26254"><ele>2733.317275005563</ele></trkpt><trkpt lat="37.79843" lon="-119.26233000000002"><ele>2733.0</ele></trkpt><trkpt lat="37.79825" lon="-119.26224000000002"><ele>2733.0</ele></trkpt><trkpt lat="37.7982" lon="-119.26216"><ele>2733.0029262225144</ele></trkpt><trkpt lat="37.79795" lon="-119.26204000000001"><ele>2733.0</ele></trkpt><trkpt lat="37.79783" lon="-119.26202999999998"><ele>2733.0257105900882</ele></trkpt><trkpt lat="37.79778" lon="-119.26206000000002"><ele>2734.0</ele></trkpt><trkpt lat="37.79749" lon="-119.26209"><ele>2733.2692413970226</ele></trkpt><trkpt lat="37.79684" lon="-119.26231000000001"><ele>2733.9875804451294</ele></trkpt><trkpt lat="37.7966" lon="-119.26236"><ele>2734.0</ele></trkpt><trkpt lat="37.79627" lon="-119.26249999999999"><ele>2733.0</ele></trkpt><trkpt lat="37.7961" lon="-119.26249000000001"><ele>2734.0</ele></trkpt><trkpt lat="37.79584" lon="-119.26255000000003"><ele>2734.0</ele></trkpt><trkpt lat="37.79575" lon="-119.26247999999998"><ele>2733.0</ele></trkpt><trkpt lat="37.79544" lon="-119.26252999999997"><ele>2735.0</ele></trkpt><trkpt lat="37.79527" lon="-119.26258000000001"><ele>2735.5704924454913</ele></trkpt><trkpt lat="37.79518" lon="-119.2627"><ele>2735.129252590239</ele></trkpt><trkpt lat="37.79512" lon="-119.26273000000003"><ele>2735.0</ele></trkpt><trkpt lat="37.79478" lon="-119.26267999999999"><ele>2735.0</ele></trkpt><trkpt lat="37.79406" lon="-119.26264000000003"><ele>2736.0</ele></trkpt><trkpt lat="37.7938" lon="-119.26278000000002"><ele>2734.891168001108</ele></trkpt><trkpt lat="37.79365" lon="-119.26278000000002"><ele>2734.0</ele></trkpt><trkpt lat="37.79353" lon="-119.26287000000002"><ele>2734.0</ele></trkpt><trkpt lat="37.79344" lon="-119.26287000000002"><ele>2733.04375136597</ele></trkpt><trkpt lat="37.79326" lon="-119.26282000000003"><ele>2734.0</ele></trkpt><trkpt lat="37.793" lon="-119.26282000000003"><ele>2733.7553031132556</ele></trkpt><trkpt lat="37.79266" lon="-119.26265999999998"><ele>2734.0</ele></trkpt><trkpt lat="37.79221" lon="-119.26228000000003"><ele>2733.0</ele></trkpt><trkpt lat="37.79212" lon="-119.26213000000001"><ele>2733.0</ele></trkpt><trkpt lat="37.79201" lon="-119.26182"><ele>2733.0</ele></trkpt><trkpt lat="37.79183" lon="-119.26165000000003"><ele>2733.0</ele></trkpt><trkpt lat="37.79128" lon="-119.26159000000001"><ele>2735.0</ele></trkpt><trkpt lat="37.79081" lon="-119.26165000000003"><ele>2735.229351112619</ele></trkpt><trkpt lat="37.79052" lon="-119.26162999999997"><ele>2736.0</ele></trkpt><trkpt lat="37.79047" lon="-119.26164"><ele>2736.0</ele></trkpt><trkpt lat="37.79038" lon="-119.26173"><ele>2737.957621333655</ele></trkpt><trkpt lat="37.79025" lon="-119.26179000000002"><ele>2737.291206292964</ele></trkpt><trkpt lat="37.79021" lon="-119.26184"><ele>2738.111408494413</ele></trkpt><trkpt lat="37.78998" lon="-119.26191"><ele>2740.3462293334305</ele></trkpt><trkpt lat="37.78988" lon="-119.26201000000003"><ele>2743.5694694432905</ele></trkpt><trkpt lat="37.7897" lon="-119.26202"><ele>2744.472600889858</ele></trkpt><trkpt lat="37.78961" lon="-119.26209"><ele>2745.2614391684374</ele></trkpt><trkpt lat="37.78953" lon="-119.26210000000003"><ele>2746.2596196830423</ele></trkpt><trkpt lat="37.78948" lon="-119.26216999999997"><ele>2748.463107554242</ele></trkpt><trkpt lat="37.78939" lon="-119.26222999999999"><ele>2749.259310221765</ele></trkpt><trkpt lat="37.78909" lon="-119.26228000000003"><ele>2751.5894791129977</ele></trkpt><trkpt lat="37.78896" lon="-119.26237000000003"><ele>2754.0</ele></trkpt><trkpt lat="37.78891" lon="-119.26247000000001"><ele>2757.444120889064</ele></trkpt><trkpt lat="37.78892" lon="-119.26264000000003"><ele>2761.970807125485</ele></trkpt><trkpt lat="37.78888" lon="-119.26282000000003"><ele>2764.449448076469</ele></trkpt><trkpt lat="37.78882" lon="-119.2629"><ele>2765.4835733333603</ele></trkpt><trkpt lat="37.78871" lon="-119.26297"><ele>2767.74580977764</ele></trkpt><trkpt lat="37.78831" lon="-119.26306"><ele>2771.0</ele></trkpt><trkpt lat="37.78808" lon="-119.26297999999997"><ele>2772.4584093783924</ele></trkpt><trkpt lat="37.78808" lon="-119.26297999999997"><ele>2772.4584093783924</ele></trkpt><trkpt lat="37.78781" lon="-119.26303000000001"><ele>2778.2729770700516</ele></trkpt><trkpt lat="37.78767" lon="-119.26310999999998"><ele>2781.270282666199</ele></trkpt><trkpt lat="37.78756" lon="-119.26314000000002"><ele>2783.1645492670896</ele></trkpt><trkpt lat="37.78739" lon="-119.26312000000001"><ele>2783.935930094209</ele></trkpt><trkpt lat="37.78703" lon="-119.26314000000002"><ele>2786.8342710209727</ele></trkpt><trkpt lat="37.7869" lon="-119.26310999999998"><ele>2787.4365741061047</ele></trkpt><trkpt lat="37.78671" lon="-119.26315"><ele>2791.084616163614</ele></trkpt><trkpt lat="37.78658" lon="-119.26310999999998"><ele>2792.0</ele></trkpt><trkpt lat="37.78625" lon="-119.26318000000003"><ele>2797.5325191128068</ele></trkpt><trkpt lat="37.78592" lon="-119.26327000000003"><ele>2803.9880087044803</ele></trkpt><trkpt lat="37.78577" lon="-119.26346000000001"><ele>2810.6645791928295</ele></trkpt><trkpt lat="37.78565" lon="-119.26353"><ele>2814.843701333273</ele></trkpt><trkpt lat="37.78545" lon="-119.26359000000002"><ele>2818.0</ele></trkpt><trkpt lat="37.78535" lon="-119.26354000000003"><ele>2818.1759896202834</ele></trkpt><trkpt lat="37.78491" lon="-119.26312000000001"><ele>2822.0</ele></trkpt><trkpt lat="37.78485" lon="-119.26310999999998"><ele>2823.308424779785</ele></trkpt><trkpt lat="37.78482" lon="-119.26328999999998"><ele>2826.939046461662</ele></trkpt><trkpt lat="37.7848" lon="-119.26328999999998"><ele>2827.659117952786</ele></trkpt><trkpt lat="37.78475" lon="-119.26321000000002"><ele>2828.949060926214</ele></trkpt><trkpt lat="37.78467" lon="-119.26296000000002"><ele>2833.0</ele></trkpt><trkpt lat="37.78453" lon="-119.26274000000001"><ele>2837.9490064005367</ele></trkpt><trkpt lat="37.78431" lon="-119.26269000000002"><ele>2843.591711479705</ele></trkpt><trkpt lat="37.7843" lon="-119.26272"><ele>2844.579487983603</ele></trkpt><trkpt lat="37.78435" lon="-119.26279999999997"><ele>2846.44137444484</ele></trkpt><trkpt lat="37.78436" lon="-119.26287000000002"><ele>2849.9510457027445</ele></trkpt><trkpt lat="37.78412" lon="-119.26279"><ele>2852.4206216020043</ele></trkpt><trkpt lat="37.7841" lon="-119.26279999999997"><ele>2853.0</ele></trkpt><trkpt lat="37.78415" lon="-119.26294000000001"><ele>2856.4623272851813</ele></trkpt><trkpt lat="37.78406" lon="-119.26294999999999"><ele>2858.8554477591806</ele></trkpt><trkpt lat="37.78398" lon="-119.26274000000001"><ele>2858.3540860246867</ele></trkpt><trkpt lat="37.78386" lon="-119.26265000000001"><ele>2863.0</ele></trkpt><trkpt lat="37.78382" lon="-119.26297"><ele>2868.0</ele></trkpt><trkpt lat="37.78384" lon="-119.26306999999997"><ele>2871.174244794812</ele></trkpt><trkpt lat="37.78362" lon="-119.26297999999997"><ele>2875.0</ele></trkpt><trkpt lat="37.78354" lon="-119.26297"><ele>2877.223446298296</ele></trkpt><trkpt lat="37.78354" lon="-119.26303000000001"><ele>2878.6792265537224</ele></trkpt><trkpt lat="37.7835" lon="-119.26306"><ele>2880.5983916781843</ele></trkpt><trkpt lat="37.78346" lon="-119.26303999999999"><ele>2881.0001364016416</ele></trkpt><trkpt lat="37.78347" lon="-119.26310999999998"><ele>2882.6975664561614</ele></trkpt><trkpt lat="37.78341" lon="-119.26303999999999"><ele>2882.0</ele></trkpt><trkpt lat="37.78349" lon="-119.26327000000003"><ele>2887.7268231129274</ele></trkpt><trkpt lat="37.78336" lon="-119.26324999999997"><ele>2889.982273565091</ele></trkpt><trkpt lat="37.78338" lon="-119.26337000000001"><ele>2893.3871608893387</ele></trkpt><trkpt lat="37.78337" lon="-119.26339000000002"><ele>2894.3192284456454</ele></trkpt><trkpt lat="37.78319" lon="-119.26333"><ele>2895.9704136671976</ele></trkpt><trkpt lat="37.78314" lon="-119.26336000000003"><ele>2897.8163960419847</ele></trkpt><trkpt lat="37.78313" lon="-119.26341000000002"><ele>2899.119608607042</ele></trkpt><trkpt lat="37.78333" lon="-119.2636"><ele>2903.1059377775528</ele></trkpt><trkpt lat="37.78339" lon="-119.2636"><ele>2902.1059377775528</ele></trkpt><trkpt lat="37.78342" lon="-119.26369999999997"><ele>2904.0</ele></trkpt><trkpt lat="37.78308" lon="-119.26375999999999"><ele>2911.986773222685</ele></trkpt><trkpt lat="37.78289" lon="-119.26382999999998"><ele>2916.0</ele></trkpt><trkpt lat="37.78259" lon="-119.26371"><ele>2922.073828776875</ele></trkpt><trkpt lat="37.78246" lon="-119.26359000000002"><ele>2924.9833963662386</ele></trkpt><trkpt lat="37.78244" lon="-119.26342"><ele>2925.445387331769</ele></trkpt><trkpt lat="37.78238" lon="-119.26335"><ele>2929.3818038018</ele></trkpt><trkpt lat="37.78226" lon="-119.26333999999997"><ele>2933.7765894513577</ele></trkpt><trkpt lat="37.78212" lon="-119.26317"><ele>2940.0318056233227</ele></trkpt><trkpt lat="37.78207" lon="-119.26324"><ele>2941.980093324557</ele></trkpt><trkpt lat="37.78193" lon="-119.26324"><ele>2946.486665675674</ele></trkpt><trkpt lat="37.7818" lon="-119.26333"><ele>2948.900812447071</ele></trkpt><trkpt lat="37.78152" lon="-119.26333999999997"><ele>2953.0</ele></trkpt><trkpt lat="37.78142" lon="-119.26346000000001"><ele>2955.0</ele></trkpt><trkpt lat="37.78119" lon="-119.26354000000003"><ele>2959.0</ele></trkpt><trkpt lat="37.7811" lon="-119.26353"><ele>2961.0</ele></trkpt><trkpt lat="37.78102" lon="-119.26348999999999"><ele>2962.0</ele></trkpt><trkpt lat="37.78092" lon="-119.26339000000002"><ele>2963.790159991011</ele></trkpt><trkpt lat="37.78034" lon="-119.26324"><ele>2958.3287217780016</ele></trkpt><trkpt lat="37.78011" lon="-119.26306"><ele>2957.9401137772948</ele></trkpt><trkpt lat="37.77976" lon="-119.26303000000001"><ele>2956.0</ele></trkpt><trkpt lat="37.77964" lon="-119.26294999999999"><ele>2955.0</ele></trkpt><trkpt lat="37.77931" lon="-119.26297"><ele>2953.74580977764</ele></trkpt><trkpt lat="37.77926" lon="-119.26301999999998"><ele>2954.0</ele></trkpt><trkpt lat="37.77911" lon="-119.26300000000003"><ele>2952.0</ele></trkpt><trkpt lat="37.77908" lon="-119.26292999999998"><ele>2950.8816746664234</ele></trkpt><trkpt lat="37.7791" lon="-119.26279999999997"><ele>2948.9814741739156</ele></trkpt><trkpt lat="37.77889" lon="-119.26251000000002"><ele>2947.0</ele></trkpt><trkpt lat="37.77876" lon="-119.26247999999998"><ele>2946.7715352805944</ele></trkpt><trkpt lat="37.77836" lon="-119.26247999999998"><ele>2945.2389367479072</ele></trkpt><trkpt lat="37.77807" lon="-119.26238000000001"><ele>2943.0</ele></trkpt><trkpt lat="37.778" lon="-119.26238999999998"><ele>2943.0</ele></trkpt><trkpt lat="37.77781" lon="-119.26233000000002"><ele>2943.0</ele></trkpt><trkpt lat="37.77768" lon="-119.26220999999998"><ele>2943.0</ele></trkpt><trkpt lat="37.77768" lon="-119.26220999999998"><ele>2943.0</ele></trkpt><trkpt lat="37.77763" lon="-119.26202"><ele>2942.4114186168717</ele></trkpt><trkpt lat="37.77763" lon="-119.26202"><ele>2942.4114186168717</ele></trkpt><trkpt lat="37.77756" lon="-119.26195999999999"><ele>2943.9373934040664</ele></trkpt><trkpt lat="37.77725" lon="-119.26193"><ele>2945.1339951627247</ele></trkpt><trkpt lat="37.77715" lon="-119.26184999999998"><ele>2948.0</ele></trkpt><trkpt lat="37.7767" lon="-119.26171"><ele>2956.974446222186</ele></trkpt><trkpt lat="37.77646" lon="-119.26156000000003"><ele>2959.0</ele></trkpt><trkpt lat="37.7763" lon="-119.26143000000002"><ele>2962.0</ele></trkpt><trkpt lat="37.77616" lon="-119.26119"><ele>2963.0</ele></trkpt><trkpt lat="37.77605" lon="-119.26114999999999"><ele>2964.0679510775853</ele></trkpt><trkpt lat="37.77581" lon="-119.26089999999999"><ele>2968.065056643969</ele></trkpt><trkpt lat="37.77552" lon="-119.26085999999998"><ele>2969.0</ele></trkpt><trkpt lat="37.77543" lon="-119.26076999999998"><ele>2970.0</ele></trkpt><trkpt lat="37.77519" lon="-119.26062000000002"><ele>2971.0</ele></trkpt><trkpt lat="37.77506" lon="-119.26060999999999"><ele>2973.0</ele></trkpt><trkpt lat="37.77494" lon="-119.26066000000003"><ele>2973.385501528159</ele></trkpt><trkpt lat="37.77463" lon="-119.26062000000002"><ele>2977.0</ele></trkpt><trkpt lat="37.7745" lon="-119.26044999999999"><ele>2982.227754646059</ele></trkpt><trkpt lat="37.77427" lon="-119.26026999999999"><ele>2986.897838588739</ele></trkpt><trkpt lat="37.77411" lon="-119.26022999999998"><ele>2989.0</ele></trkpt><trkpt lat="37.77381" lon="-119.26003000000003"><ele>2992.2681208876893</ele></trkpt><trkpt lat="37.77376" lon="-119.25995999999998"><ele>2994.530357334297</ele></trkpt><trkpt lat="37.77381" lon="-119.25995"><ele>2994.9963911110535</ele></trkpt><trkpt lat="37.7738" lon="-119.25988000000001"><ele>2997.155030890779</ele></trkpt><trkpt lat="37.77389" lon="-119.25986999999998"><ele>2997.724661333952</ele></trkpt><trkpt lat="37.77389" lon="-119.25970999999998"><ele>3000.1280895020077</ele></trkpt><trkpt lat="37.77387" lon="-119.25968999999998"><ele>3000.1132693341933</ele></trkpt><trkpt lat="37.77376" lon="-119.25972999999999"><ele>3002.0</ele></trkpt><trkpt lat="37.77372" lon="-119.25968"><ele>3003.0</ele></trkpt><trkpt lat="37.77364" lon="-119.25952999999998"><ele>3005.9858515967308</ele></trkpt><trkpt lat="37.77359" lon="-119.2593"><ele>3008.0</ele></trkpt><trkpt lat="37.77355" lon="-119.25927000000001"><ele>3007.8937256946047</ele></trkpt><trkpt lat="37.77334" lon="-119.25923999999998"><ele>3008.0</ele></trkpt><trkpt lat="37.77304" lon="-119.25934999999998"><ele>3010.0</ele></trkpt><trkpt lat="37.77293" lon="-119.25934999999998"><ele>3011.0</ele></trkpt><trkpt lat="37.77279" lon="-119.25932"><ele>3013.3565191109665</ele></trkpt><trkpt lat="37.77252" lon="-119.25916999999998"><ele>3020.3470257786103</ele></trkpt><trkpt lat="37.77233" lon="-119.25921"><ele>3024.6217386219823</ele></trkpt><trkpt lat="37.77231" lon="-119.25913000000003"><ele>3027.094529778502</ele></trkpt><trkpt lat="37.77235" lon="-119.25902000000002"><ele>3028.396722897525</ele></trkpt><trkpt lat="37.77233" lon="-119.25898999999998"><ele>3030.004141706042</ele></trkpt><trkpt lat="37.77227" lon="-119.25898000000001"><ele>3032.0</ele></trkpt><trkpt lat="37.77224" lon="-119.25889000000001"><ele>3034.2275734090863</ele></trkpt><trkpt lat="37.77226" lon="-119.25873000000001"><ele>3037.0</ele></trkpt><trkpt lat="37.7722" lon="-119.25862000000001"><ele>3039.998585973647</ele></trkpt><trkpt lat="37.77213" lon="-119.25839000000002"><ele>3045.344258562665</ele></trkpt><trkpt lat="37.77209" lon="-119.25839000000002"><ele>3047.291898841643</ele></trkpt><trkpt lat="37.77207" lon="-119.25844999999998"><ele>3048.058884105823</ele></trkpt><trkpt lat="37.77203" lon="-119.25839000000002"><ele>3049.955861741677</ele></trkpt><trkpt lat="37.772" lon="-119.25844000000001"><ele>3051.4583113031254</ele></trkpt><trkpt lat="37.77196" lon="-119.25837999999999"><ele>3052.2330245047788</ele></trkpt><trkpt lat="37.77196" lon="-119.25832000000003"><ele>3053.0</ele></trkpt><trkpt lat="37.77193" lon="-119.25831"><ele>3053.9148255610103</ele></trkpt><trkpt lat="37.7719" lon="-119.25837999999999"><ele>3055.6203594412655</ele></trkpt><trkpt lat="37.77187" lon="-119.25839000000002"><ele>3056.6914273211733</ele></trkpt><trkpt lat="37.77185" lon="-119.25830000000002"><ele>3057.506849501495</ele></trkpt><trkpt lat="37.77182" lon="-119.25835999999998"><ele>3058.336966712028</ele></trkpt><trkpt lat="37.7718" lon="-119.25833999999998"><ele>3058.9865338784293</ele></trkpt><trkpt lat="37.77179" lon="-119.25817"><ele>3061.0</ele></trkpt><trkpt lat="37.77172" lon="-119.25810999999999"><ele>3064.0</ele></trkpt><trkpt lat="37.77163" lon="-119.25806999999998"><ele>3065.8205083624653</ele></trkpt><trkpt lat="37.77149" lon="-119.25815"><ele>3069.0</ele></trkpt><trkpt lat="37.77147" lon="-119.25815"><ele>3069.972063517198</ele></trkpt><trkpt lat="37.77144" lon="-119.25810000000001"><ele>3070.944879790747</ele></trkpt><trkpt lat="37.77136" lon="-119.25810000000001"><ele>3073.4573594834656</ele></trkpt><trkpt lat="37.77131" lon="-119.25819000000001"><ele>3076.0</ele></trkpt><trkpt lat="37.77109" lon="-119.25819000000001"><ele>3077.988554161783</ele></trkpt><trkpt lat="37.77106" lon="-119.25826"><ele>3078.144481264055</ele></trkpt><trkpt lat="37.771" lon="-119.25826999999998"><ele>3080.0</ele></trkpt><trkpt lat="37.77086" lon="-119.25797999999998"><ele>3084.935855919495</ele></trkpt><trkpt lat="37.77071" lon="-119.25779999999997"><ele>3088.82209249306</ele></trkpt><trkpt lat="37.77071" lon="-119.25779999999997"><ele>3088.82209249306</ele></trkpt><trkpt lat="37.77064" lon="-119.25774999999999"><ele>3089.950934201097</ele></trkpt><trkpt lat="37.77042" lon="-119.25751000000002"><ele>3090.0</ele></trkpt><trkpt lat="37.76998" lon="-119.25722999999999"><ele>3093.0</ele></trkpt><trkpt lat="37.76962" lon="-119.25686000000002"><ele>3093.0</ele></trkpt><trkpt lat="37.76927" lon="-119.25695000000002"><ele>3094.0</ele></trkpt><trkpt lat="37.76876" lon="-119.25698999999997"><ele>3099.7005385797756</ele></trkpt><trkpt lat="37.76867" lon="-119.25695000000002"><ele>3100.806524443906</ele></trkpt><trkpt lat="37.76863" lon="-119.25686999999999"><ele>3102.5347946668044</ele></trkpt><trkpt lat="37.76859" lon="-119.25666999999999"><ele>3105.0</ele></trkpt><trkpt lat="37.76856" lon="-119.25662"><ele>3105.086438732508</ele></trkpt><trkpt lat="37.76825" lon="-119.25659999999999"><ele>3107.0</ele></trkpt><trkpt lat="37.76805695486226" lon="-119.25650767406455"><ele>3109.0</ele></trkpt><trkpt lat="37.76805695486226" lon="-119.25650767406455"><ele>3109.0</ele></trkpt><trkpt lat="37.76802" lon="-119.25648999999999"><ele>3109.0</ele></trkpt><trkpt lat="37.76793" lon="-119.25662"><ele>3107.0</ele></trkpt><trkpt lat="37.76772" lon="-119.25673"><ele>3109.0</ele></trkpt><trkpt lat="37.76723" lon="-119.2568"><ele>3109.011414239112</ele></trkpt><trkpt lat="37.76701" lon="-119.25688000000002"><ele>3110.0</ele></trkpt><trkpt lat="37.76691" lon="-119.25704999999999"><ele>3111.853813332971</ele></trkpt><trkpt lat="37.76669" lon="-119.25731000000002"><ele>3115.977175958938</ele></trkpt><trkpt lat="37.76658" lon="-119.25754999999998"><ele>3121.7773651630614</ele></trkpt><trkpt lat="37.76649" lon="-119.25763999999998"><ele>3124.3498062216677</ele></trkpt><trkpt lat="37.76643" lon="-119.25774999999999"><ele>3127.4761777776293</ele></trkpt><trkpt lat="37.7661" lon="-119.25801000000001"><ele>3135.8533120591724</ele></trkpt><trkpt lat="37.76602" lon="-119.25810999999999"><ele>3139.046286393018</ele></trkpt><trkpt lat="37.76584" lon="-119.25821000000002"><ele>3141.837046348115</ele></trkpt><trkpt lat="37.76584" lon="-119.25823000000003"><ele>3142.845799112227</ele></trkpt><trkpt lat="37.76604" lon="-119.25826"><ele>3146.46381582734</ele></trkpt><trkpt lat="37.766" lon="-119.25833"><ele>3150.0122737782076</ele></trkpt><trkpt lat="37.76597" lon="-119.25832000000003"><ele>3149.0401031123474</ele></trkpt><trkpt lat="37.76583" lon="-119.2584"><ele>3153.2899316665716</ele></trkpt><trkpt lat="37.76585" lon="-119.25844999999998"><ele>3156.7991563850082</ele></trkpt><trkpt lat="37.76598" lon="-119.25848000000002"><ele>3159.3577719377354</ele></trkpt><trkpt lat="37.76576" lon="-119.25864000000001"><ele>3166.301233445294</ele></trkpt><trkpt lat="37.76524" lon="-119.25893000000002"><ele>3180.93632711377</ele></trkpt><trkpt lat="37.76498" lon="-119.25891000000001"><ele>3184.5360960005783</ele></trkpt><trkpt lat="37.76482" lon="-119.25894"><ele>3187.8697335146135</ele></trkpt><trkpt lat="37.76475" lon="-119.25893000000002"><ele>3188.0144979947604</ele></trkpt><trkpt lat="37.76421" lon="-119.25898999999998"><ele>3194.264366221614</ele></trkpt><trkpt lat="37.764" lon="-119.25898000000001"><ele>3194.798332444858</ele></trkpt><trkpt lat="37.7639" lon="-119.25907000000001"><ele>3197.9926364449784</ele></trkpt><trkpt lat="37.76372" lon="-119.25907000000001"><ele>3198.9990209446523</ele></trkpt><trkpt lat="37.76369" lon="-119.25914999999998"><ele>3200.7209066655487</ele></trkpt><trkpt lat="37.76347" lon="-119.25921"><ele>3203.0</ele></trkpt><trkpt lat="37.76321" lon="-119.25905999999998"><ele>3204.0</ele></trkpt><trkpt lat="37.76309" lon="-119.25889000000001"><ele>3203.6064344633014</ele></trkpt><trkpt lat="37.76303" lon="-119.25885"><ele>3204.0</ele></trkpt><trkpt lat="37.76293" lon="-119.25887"><ele>3204.6224668096265</ele></trkpt><trkpt lat="37.7626" lon="-119.25878999999998"><ele>3208.0</ele></trkpt><trkpt lat="37.76227" lon="-119.25887"><ele>3211.0</ele></trkpt><trkpt lat="37.76212" lon="-119.25875000000002"><ele>3213.1728436244575</ele></trkpt><trkpt lat="37.76178" lon="-119.25871999999998"><ele>3215.0</ele></trkpt><trkpt lat="37.7617" lon="-119.25867"><ele>3215.351285332814</ele></trkpt><trkpt lat="37.76171" lon="-119.25858"><ele>3216.642855376005</ele></trkpt><trkpt lat="37.76183" lon="-119.25853000000001"><ele>3216.419472491858</ele></trkpt><trkpt lat="37.76194" lon="-119.25842"><ele>3214.140971695143</ele></trkpt><trkpt lat="37.76201" lon="-119.25828000000001"><ele>3210.446037180574</ele></trkpt><trkpt lat="37.76218" lon="-119.25817"><ele>3207.0495964447036</ele></trkpt><trkpt lat="37.76203" lon="-119.25812000000002"><ele>3204.0</ele></trkpt><trkpt lat="37.76193" lon="-119.25812000000002"><ele>3203.4401202997724</ele></trkpt><trkpt lat="37.76193" lon="-119.25805000000003"><ele>3201.4571911124513</ele></trkpt><trkpt lat="37.76196" lon="-119.25797999999998"><ele>3201.0</ele></trkpt><trkpt lat="37.76224" lon="-119.25788999999997"><ele>3199.0005766217528</ele></trkpt><trkpt lat="37.76231" lon="-119.25788999999997"><ele>3200.0006506661884</ele></trkpt><trkpt lat="37.76235" lon="-119.25783000000001"><ele>3199.204448000528</ele></trkpt><trkpt lat="37.76242" lon="-119.25781999999998"><ele>3197.868474930745</ele></trkpt><trkpt lat="37.76267" lon="-119.25761999999997"><ele>3197.0980609229005</ele></trkpt><trkpt lat="37.76266" lon="-119.25756999999999"><ele>3196.0565034937595</ele></trkpt><trkpt lat="37.76269" lon="-119.25743"><ele>3196.0</ele></trkpt><trkpt lat="37.76261" lon="-119.25734"><ele>3196.440410761345</ele></trkpt><trkpt lat="37.76251" lon="-119.25729000000001"><ele>3196.802710114047</ele></trkpt><trkpt lat="37.76246" lon="-119.25715000000002"><ele>3199.0</ele></trkpt><trkpt lat="37.76235" lon="-119.25704999999999"><ele>3201.462693871518</ele></trkpt><trkpt lat="37.76233" lon="-119.25698999999997"><ele>3203.0</ele></trkpt><trkpt lat="37.76227" lon="-119.25695000000002"><ele>3203.0</ele></trkpt><trkpt lat="37.76225" lon="-119.25691"><ele>3204.0</ele></trkpt><trkpt lat="37.76227" lon="-119.25682999999998"><ele>3206.0</ele></trkpt><trkpt lat="37.7623" lon="-119.2568"><ele>3207.0</ele></trkpt><trkpt lat="37.76239" lon="-119.25686999999999"><ele>3207.5347946668044</ele></trkpt><trkpt lat="37.76238" lon="-119.25675000000001"><ele>3210.248692896013</ele></trkpt><trkpt lat="37.7627" lon="-119.25675999999999"><ele>3214.002149167727</ele></trkpt><trkpt lat="37.76269" lon="-119.25668999999999"><ele>3215.0</ele></trkpt><trkpt lat="37.76276" lon="-119.25657000000001"><ele>3216.2786752400907</ele></trkpt><trkpt lat="37.76279" lon="-119.25641999999999"><ele>3218.658754714143</ele></trkpt><trkpt lat="37.76277" lon="-119.25619"><ele>3222.904681175016</ele></trkpt><trkpt lat="37.7629" lon="-119.25585999999998"><ele>3225.0</ele></trkpt><trkpt lat="37.76295" lon="-119.25558000000001"><ele>3228.0</ele></trkpt><trkpt lat="37.76311" lon="-119.25551000000002"><ele>3229.0</ele></trkpt><trkpt lat="37.7632" lon="-119.25539000000003"><ele>3230.0</ele></trkpt><trkpt lat="37.76323" lon="-119.25527"><ele>3231.0</ele></trkpt><trkpt lat="37.76339" lon="-119.25504000000001"><ele>3233.941916542889</ele></trkpt><trkpt lat="37.76352" lon="-119.25468999999998"><ele>3235.3427552208304</ele></trkpt><trkpt lat="37.76356" lon="-119.25452000000001"><ele>3237.0</ele></trkpt><trkpt lat="37.76366" lon="-119.25440000000003"><ele>3238.384434336541</ele></trkpt><trkpt lat="37.7637" lon="-119.25431000000003"><ele>3240.8007751803693</ele></trkpt><trkpt lat="37.7638" lon="-119.25416999999999"><ele>3243.308981850622</ele></trkpt><trkpt lat="37.7639" lon="-119.25414"><ele>3245.0</ele></trkpt><trkpt lat="37.7641" lon="-119.25425999999999"><ele>3246.0</ele></trkpt><trkpt lat="37.76402" lon="-119.25414999999998"><ele>3247.2422099339437</ele></trkpt><trkpt lat="37.76395" lon="-119.25391000000002"><ele>3252.0</ele></trkpt><trkpt lat="37.76396" lon="-119.25362000000001"><ele>3255.2800579561153</ele></trkpt><trkpt lat="37.76415" lon="-119.25356999999997"><ele>3256.325941334944</ele></trkpt><trkpt lat="37.76415" lon="-119.25347999999997"><ele>3258.520245335065</ele></trkpt><trkpt lat="37.76419" lon="-119.25342"><ele>3260.0</ele></trkpt><trkpt lat="37.76436" lon="-119.25346000000002"><ele>3258.452312888112</ele></trkpt><trkpt lat="37.76448" lon="-119.25333"><ele>3260.510751999449</ele></trkpt><trkpt lat="37.76452" lon="-119.25332000000003"><ele>3260.983612985125</ele></trkpt><trkpt lat="37.76452" lon="-119.25326000000001"><ele>3262.7729884437285</ele></trkpt><trkpt lat="37.76446" lon="-119.25314000000003"><ele>3265.0</ele></trkpt><trkpt lat="37.76454" lon="-119.25314000000003"><ele>3266.0</ele></trkpt><trkpt lat="37.76463" lon="-119.25306999999998"><ele>3267.0</ele></trkpt><trkpt lat="37.76472" lon="-119.25310000000002"><ele>3266.0</ele></trkpt><trkpt lat="37.76473" lon="-119.25301999999999"><ele>3267.0</ele></trkpt><trkpt lat="37.76481" lon="-119.25299000000001"><ele>3267.0</ele></trkpt><trkpt lat="37.76487" lon="-119.25288999999998"><ele>3268.0</ele></trkpt><trkpt lat="37.76499" lon="-119.25283999999999"><ele>3268.998498555273</ele></trkpt><trkpt lat="37.76502" lon="-119.25272999999999"><ele>3269.0</ele></trkpt><trkpt lat="37.76512" lon="-119.25263999999999"><ele>3270.0</ele></trkpt><trkpt lat="37.76519" lon="-119.2525"><ele>3272.1517005379715</ele></trkpt><trkpt lat="37.7654" lon="-119.25243"><ele>3275.0</ele></trkpt><trkpt lat="37.76544" lon="-119.25238000000002"><ele>3276.4155254567013</ele></trkpt><trkpt lat="37.76553" lon="-119.25236999999998"><ele>3278.0</ele></trkpt><trkpt lat="37.76561" lon="-119.25242000000003"><ele>3277.5077118761337</ele></trkpt><trkpt lat="37.76566" lon="-119.25242000000003"><ele>3278.0</ele></trkpt><trkpt lat="37.76582" lon="-119.25218999999998"><ele>3284.0</ele></trkpt><trkpt lat="37.76591" lon="-119.25216999999998"><ele>3286.1020875637378</ele></trkpt><trkpt lat="37.76589" lon="-119.25211999999999"><ele>3286.0</ele></trkpt><trkpt lat="37.76569" lon="-119.25193000000002"><ele>3288.7554808882996</ele></trkpt><trkpt lat="37.76545" lon="-119.25184000000002"><ele>3290.993996373225</ele></trkpt><trkpt lat="37.76534" lon="-119.25184999999999"><ele>3291.672290301082</ele></trkpt><trkpt lat="37.76522" lon="-119.25179000000003"><ele>3293.4394912775606</ele></trkpt><trkpt lat="37.76502" lon="-119.25162"><ele>3297.0</ele></trkpt><trkpt lat="37.76498" lon="-119.25153999999998"><ele>3298.0</ele></trkpt><trkpt lat="37.76481" lon="-119.25151"><ele>3300.0</ele></trkpt><trkpt lat="37.76473" lon="-119.25146999999998"><ele>3300.0</ele></trkpt><trkpt lat="37.76466" lon="-119.25137999999998"><ele>3300.2120087586736</ele></trkpt><trkpt lat="37.7646" lon="-119.25137000000001"><ele>3301.0</ele></trkpt><trkpt lat="37.76453" lon="-119.25143000000003"><ele>3301.0</ele></trkpt><trkpt lat="37.76446" lon="-119.25143000000003"><ele>3301.0</ele></trkpt><trkpt lat="37.76446" lon="-119.25146000000001"><ele>3301.0</ele></trkpt><trkpt lat="37.76438" lon="-119.25148000000002"><ele>3301.0</ele></trkpt><trkpt lat="37.76431" lon="-119.25146000000001"><ele>3302.0</ele></trkpt><trkpt lat="37.7642" lon="-119.25137999999998"><ele>3302.0</ele></trkpt><trkpt lat="37.76401" lon="-119.25132000000002"><ele>3304.0</ele></trkpt><trkpt lat="37.76388" lon="-119.25132000000002"><ele>3305.896272339042</ele></trkpt><trkpt lat="37.76389" lon="-119.25125000000003"><ele>3306.0</ele></trkpt><trkpt lat="37.76385" lon="-119.25123000000002"><ele>3306.0</ele></trkpt><trkpt lat="37.76377" lon="-119.25126999999998"><ele>3307.0</ele></trkpt><trkpt lat="37.76368" lon="-119.25121999999999"><ele>3308.0</ele></trkpt><trkpt lat="37.76362" lon="-119.25126"><ele>3308.7467085342655</ele></trkpt><trkpt lat="37.76333" lon="-119.25132000000002"><ele>3312.0</ele></trkpt><trkpt lat="37.76315" lon="-119.25121999999999"><ele>3315.0</ele></trkpt><trkpt lat="37.76305" lon="-119.25121999999999"><ele>3317.0</ele></trkpt><trkpt lat="37.76299" lon="-119.25125000000003"><ele>3318.0</ele></trkpt><trkpt lat="37.76298" lon="-119.25119999999998"><ele>3319.380708428848</ele></trkpt><trkpt lat="37.76287" lon="-119.25115"><ele>3322.0</ele></trkpt><trkpt lat="37.76281" lon="-119.25117999999998"><ele>3323.362653987201</ele></trkpt><trkpt lat="37.76274" lon="-119.25117"><ele>3324.701614305971</ele></trkpt><trkpt lat="37.76276" lon="-119.25121999999999"><ele>3323.843879111111</ele></trkpt><trkpt lat="37.76272" lon="-119.25121999999999"><ele>3324.6900766553395</ele></trkpt><trkpt lat="37.76266" lon="-119.25117999999998"><ele>3326.251175363565</ele></trkpt><trkpt lat="37.76256" lon="-119.25116000000003"><ele>3328.1598809227726</ele></trkpt><trkpt lat="37.76243" lon="-119.25110000000001"><ele>3331.398457846352</ele></trkpt><trkpt lat="37.76241" lon="-119.25099999999998"><ele>3334.0</ele></trkpt><trkpt lat="37.76238" lon="-119.25099"><ele>3334.484334841071</ele></trkpt><trkpt lat="37.76227" lon="-119.25101999999998"><ele>3336.0568207042334</ele></trkpt><trkpt lat="37.7622" lon="-119.25107000000003"><ele>3337.3936583085997</ele></trkpt><trkpt lat="37.76217" lon="-119.25106"><ele>3338.240290472284</ele></trkpt><trkpt lat="37.76214" lon="-119.25094999999999"><ele>3341.0</ele></trkpt><trkpt lat="37.76206" lon="-119.25088"><ele>3343.7247709389776</ele></trkpt><trkpt lat="37.76204" lon="-119.25080000000003"><ele>3344.903766348958</ele></trkpt><trkpt lat="37.76199" lon="-119.25076999999999"><ele>3345.8512534834445</ele></trkpt><trkpt lat="37.76195" lon="-119.25058000000001"><ele>3349.0</ele></trkpt><trkpt lat="37.76195" lon="-119.25054"><ele>3349.209241759032</ele></trkpt><trkpt lat="37.76199" lon="-119.25045999999998"><ele>3349.0</ele></trkpt><trkpt lat="37.76197" lon="-119.25038999999998"><ele>3349.524682667572</ele></trkpt><trkpt lat="37.76198" lon="-119.25027999999998"><ele>3350.0</ele></trkpt><trkpt lat="37.76197" lon="-119.2502"><ele>3350.398098503811</ele></trkpt><trkpt lat="37.762" lon="-119.25009999999997"><ele>3351.26175621897</ele></trkpt><trkpt lat="37.76197" lon="-119.24973999999997"><ele>3357.0</ele></trkpt><trkpt lat="37.7619" lon="-119.24970000000002"><ele>3360.0</ele></trkpt><trkpt lat="37.76185" lon="-119.24977999999999"><ele>3360.0</ele></trkpt><trkpt lat="37.76174" lon="-119.2498"><ele>3361.588659275323</ele></trkpt><trkpt lat="37.76167" lon="-119.24975"><ele>3363.0</ele></trkpt><trkpt lat="37.76164" lon="-119.24959000000001"><ele>3364.0</ele></trkpt><trkpt lat="37.76166" lon="-119.24946999999997"><ele>3365.399790223222</ele></trkpt><trkpt lat="37.7616" lon="-119.24941000000001"><ele>3366.0</ele></trkpt><trkpt lat="37.76149" lon="-119.24941000000001"><ele>3366.0</ele></trkpt><trkpt lat="37.76128" lon="-119.24901"><ele>3366.0</ele></trkpt><trkpt lat="37.76104" lon="-119.24878000000001"><ele>3366.0</ele></trkpt><trkpt lat="37.76101" lon="-119.24873000000002"><ele>3366.956971950098</ele></trkpt><trkpt lat="37.76102" lon="-119.24867"><ele>3367.6605778496078</ele></trkpt><trkpt lat="37.76102" lon="-119.24867"><ele>3367.6605778496078</ele></trkpt><trkpt lat="37.76101" lon="-119.24862000000002"><ele>3368.0</ele></trkpt><trkpt lat="37.76104" lon="-119.24855000000002"><ele>3369.274897776544</ele></trkpt><trkpt lat="37.761" lon="-119.24849"><ele>3370.0</ele></trkpt><trkpt lat="37.76097" lon="-119.2482"><ele>3370.020443856716</ele></trkpt><trkpt lat="37.76083" lon="-119.24801000000002"><ele>3370.0</ele></trkpt><trkpt lat="37.76078" lon="-119.24802"><ele>3370.0253119999543</ele></trkpt><trkpt lat="37.76049" lon="-119.24797000000001"><ele>3369.6951431119815</ele></trkpt><trkpt lat="37.76033" lon="-119.24797999999998"><ele>3369.161176888738</ele></trkpt><trkpt lat="37.76029" lon="-119.24793999999997"><ele>3369.019197992581</ele></trkpt><trkpt lat="37.76024" lon="-119.24772999999999"><ele>3368.0</ele></trkpt><trkpt lat="37.76015" lon="-119.24754999999999"><ele>3367.0</ele></trkpt><trkpt lat="37.76013" lon="-119.24745000000001"><ele>3366.0</ele></trkpt><trkpt lat="37.76001" lon="-119.2475"><ele>3363.429857591167</ele></trkpt><trkpt lat="37.76" lon="-119.24743000000001"><ele>3362.924868119331</ele></trkpt><trkpt lat="37.76002" lon="-119.24734000000001"><ele>3362.006478883722</ele></trkpt><trkpt lat="37.76011" lon="-119.24718000000001"><ele>3359.8784746676683</ele></trkpt><trkpt lat="37.76012" lon="-119.24707999999998"><ele>3356.218136888463</ele></trkpt><trkpt lat="37.76022" lon="-119.24693000000002"><ele>3355.1841495684203</ele></trkpt><trkpt lat="37.76021" lon="-119.24689999999998"><ele>3355.0</ele></trkpt><trkpt lat="37.76019" lon="-119.24689999999998"><ele>3355.0</ele></trkpt><trkpt lat="37.76021" lon="-119.24682000000001"><ele>3353.1012586676516</ele></trkpt><trkpt lat="37.76018" lon="-119.24676999999997"><ele>3352.0</ele></trkpt><trkpt lat="37.76009" lon="-119.24678"><ele>3350.38283528341</ele></trkpt><trkpt lat="37.75998" lon="-119.24685"><ele>3350.6614136043936</ele></trkpt><trkpt lat="37.75995" lon="-119.24682999999999"><ele>3349.0</ele></trkpt><trkpt lat="37.75996" lon="-119.24671000000001"><ele>3347.987002858451</ele></trkpt><trkpt lat="37.75991" lon="-119.24671999999998"><ele>3347.4409208879806</ele></trkpt><trkpt lat="37.75981" lon="-119.24679000000003"><ele>3345.893209236388</ele></trkpt><trkpt lat="37.7597" lon="-119.24693000000002"><ele>3344.155970979482</ele></trkpt><trkpt lat="37.75966" lon="-119.24691999999999"><ele>3343.7615964445285</ele></trkpt><trkpt lat="37.75963" lon="-119.24675000000002"><ele>3341.8437903990844</ele></trkpt><trkpt lat="37.75963" lon="-119.24667999999997"><ele>3340.589321418329</ele></trkpt><trkpt lat="37.75973" lon="-119.2464"><ele>3338.0</ele></trkpt><trkpt lat="37.75977" lon="-119.24635"><ele>3338.197671111673</ele></trkpt><trkpt lat="37.75987" lon="-119.24608"><ele>3335.0</ele></trkpt><trkpt lat="37.75988" lon="-119.24599999999998"><ele>3335.0</ele></trkpt><trkpt lat="37.75996" lon="-119.24589000000003"><ele>3334.0</ele></trkpt><trkpt lat="37.76028" lon="-119.24565000000001"><ele>3332.0</ele></trkpt><trkpt lat="37.76029" lon="-119.24561"><ele>3331.711171556264</ele></trkpt><trkpt lat="37.76029" lon="-119.24561"><ele>3331.711171556264</ele></trkpt><trkpt lat="37.76019" lon="-119.24553000000003"><ele>3329.0405365731567</ele></trkpt><trkpt lat="37.76027" lon="-119.24518999999998"><ele>3324.137752887793</ele></trkpt><trkpt lat="37.76055" lon="-119.24504000000002"><ele>3322.1472462234087</ele></trkpt><trkpt lat="37.76063" lon="-119.24487999999997"><ele>3320.0</ele></trkpt><trkpt lat="37.76077" lon="-119.24477999999999"><ele>3318.0</ele></trkpt><trkpt lat="37.76097" lon="-119.24468999999999"><ele>3316.8360639996827</ele></trkpt><trkpt lat="37.76108" lon="-119.24459000000002"><ele>3315.0</ele></trkpt><trkpt lat="37.76132" lon="-119.24448999999998"><ele>3311.3363482343484</ele></trkpt><trkpt lat="37.76147" lon="-119.24433999999997"><ele>3308.5248817764223</ele></trkpt><trkpt lat="37.76163" lon="-119.24412999999998"><ele>3305.7381724435836</ele></trkpt><trkpt lat="37.76186" lon="-119.24405000000002"><ele>3304.0099022225477</ele></trkpt><trkpt lat="37.76192" lon="-119.24399"><ele>3302.231208793965</ele></trkpt><trkpt lat="37.76193" lon="-119.24394000000001"><ele>3300.0</ele></trkpt><trkpt lat="37.76187" lon="-119.2439"><ele>3300.0</ele></trkpt><trkpt lat="37.76181" lon="-119.24376999999998"><ele>3297.0</ele></trkpt><trkpt lat="37.76172" lon="-119.24376000000001"><ele>3295.727273081895</ele></trkpt><trkpt lat="37.76163" lon="-119.24367999999998"><ele>3293.7106085832693</ele></trkpt><trkpt lat="37.76169" lon="-119.24346000000003"><ele>3290.0</ele></trkpt><trkpt lat="37.76164" lon="-119.24333999999999"><ele>3288.0</ele></trkpt><trkpt lat="37.76156" lon="-119.24331000000001"><ele>3287.5234026671387</ele></trkpt><trkpt lat="37.76153" lon="-119.24324999999999"><ele>3286.0</ele></trkpt><trkpt lat="37.76154" lon="-119.24322000000001"><ele>3285.5830670548125</ele></trkpt><trkpt lat="37.76167" lon="-119.24320999999998"><ele>3284.0</ele></trkpt><trkpt lat="37.76171" lon="-119.24308000000002"><ele>3281.874402631948</ele></trkpt><trkpt lat="37.7618" lon="-119.24306000000001"><ele>3281.0</ele></trkpt><trkpt lat="37.76187" lon="-119.243"><ele>3280.0</ele></trkpt><trkpt lat="37.76201" lon="-119.24273"><ele>3275.0</ele></trkpt><trkpt lat="37.76246" lon="-119.24263000000002"><ele>3270.0</ele></trkpt><trkpt lat="37.76273" lon="-119.24259"><ele>3267.0</ele></trkpt><trkpt lat="37.76282" lon="-119.24261999999999"><ele>3266.3670719997026</ele></trkpt><trkpt lat="37.76286" lon="-119.24255"><ele>3265.0</ele></trkpt><trkpt lat="37.7629" lon="-119.24255"><ele>3264.2898443460645</ele></trkpt><trkpt lat="37.76296" lon="-119.24248"><ele>3262.0</ele></trkpt><trkpt lat="37.7631" lon="-119.24248999999998"><ele>3260.1800656218684</ele></trkpt><trkpt lat="37.76333" lon="-119.24245000000002"><ele>3257.4444977790117</ele></trkpt><trkpt lat="37.76345" lon="-119.24234000000001"><ele>3255.249350127268</ele></trkpt><trkpt lat="37.76373" lon="-119.24225000000001"><ele>3251.3669872649625</ele></trkpt><trkpt lat="37.76398" lon="-119.24205"><ele>3246.0</ele></trkpt><trkpt lat="37.76429" lon="-119.24192"><ele>3241.74470755551</ele></trkpt><trkpt lat="37.7644" lon="-119.24183"><ele>3239.0</ele></trkpt><trkpt lat="37.76444" lon="-119.24173000000002"><ele>3236.890065778978</ele></trkpt><trkpt lat="37.76483" lon="-119.24151999999998"><ele>3233.6725298692472</ele></trkpt><trkpt lat="37.76505" lon="-119.24133"><ele>3227.2487146672793</ele></trkpt><trkpt lat="37.76499" lon="-119.24110999999999"><ele>3222.995971555356</ele></trkpt><trkpt lat="37.76488" lon="-119.24099999999999"><ele>3219.0</ele></trkpt><trkpt lat="37.76495" lon="-119.24083999999999"><ele>3217.790707324217</ele></trkpt><trkpt lat="37.7649" lon="-119.24077"><ele>3216.0</ele></trkpt><trkpt lat="37.76478" lon="-119.24072000000001"><ele>3214.8206542227417</ele></trkpt><trkpt lat="37.76478" lon="-119.24062000000004"><ele>3213.0</ele></trkpt><trkpt lat="37.76471" lon="-119.24056999999999"><ele>3212.0</ele></trkpt><trkpt lat="37.76466" lon="-119.24047999999999"><ele>3210.0</ele></trkpt><trkpt lat="37.76459" lon="-119.24045000000001"><ele>3209.0</ele></trkpt><trkpt lat="37.76441" lon="-119.24029999999999"><ele>3207.8565302138068</ele></trkpt><trkpt lat="37.76439" lon="-119.24018999999998"><ele>3206.0</ele></trkpt><trkpt lat="37.76449" lon="-119.23984999999999"><ele>3203.3806434404414</ele></trkpt><trkpt lat="37.76448" lon="-119.23959000000002"><ele>3201.0</ele></trkpt><trkpt lat="37.76441" lon="-119.23946999999998"><ele>3200.0</ele></trkpt><trkpt lat="37.76419" lon="-119.23928999999998"><ele>3199.0</ele></trkpt><trkpt lat="37.7641" lon="-119.23910999999998"><ele>3199.0</ele></trkpt><trkpt lat="37.76396" lon="-119.23892999999998"><ele>3199.7187530566007</ele></trkpt><trkpt lat="37.76384" lon="-119.23852"><ele>3199.0</ele></trkpt><trkpt lat="37.76383" lon="-119.23836"><ele>3198.8366826665588</ele></trkpt><trkpt lat="37.76386" lon="-119.2382"><ele>3197.0</ele></trkpt><trkpt lat="37.76392" lon="-119.23807"><ele>3197.0</ele></trkpt><trkpt lat="37.76395" lon="-119.23791"><ele>3196.0</ele></trkpt><trkpt lat="37.76401" lon="-119.23775"><ele>3195.315124315972</ele></trkpt><trkpt lat="37.764" lon="-119.23766"><ele>3195.0</ele></trkpt><trkpt lat="37.76407" lon="-119.23744999999997"><ele>3194.0</ele></trkpt><trkpt lat="37.76408" lon="-119.23726999999997"><ele>3193.0</ele></trkpt><trkpt lat="37.76402" lon="-119.2371"><ele>3193.021151703876</ele></trkpt><trkpt lat="37.76393" lon="-119.23699999999997"><ele>3194.0</ele></trkpt><trkpt lat="37.76385" lon="-119.23683"><ele>3194.108511790675</ele></trkpt><trkpt lat="37.76372" lon="-119.23675000000003"><ele>3195.0</ele></trkpt><trkpt lat="37.76365" lon="-119.23657000000003"><ele>3195.0</ele></trkpt><trkpt lat="37.76357" lon="-119.23645999999997"><ele>3195.0</ele></trkpt><trkpt lat="37.76356" lon="-119.23639000000003"><ele>3194.0</ele></trkpt><trkpt lat="37.76354522120446" lon="-119.23638261060222"><ele>3194.0</ele></trkpt><trkpt lat="37.7636019330977" lon="-119.23650390799509"><ele>3195.0</ele></trkpt><trkpt lat="37.76357" lon="-119.23645999999997"><ele>3195.0</ele></trkpt><trkpt lat="37.76356" lon="-119.23639000000003"><ele>3194.0</ele></trkpt><trkpt lat="37.76348" lon="-119.23635000000002"><ele>3194.015281829983</ele></trkpt><trkpt lat="37.76346" lon="-119.23613"><ele>3193.0</ele></trkpt><trkpt lat="37.76327" lon="-119.23579000000001"><ele>3192.394955424592</ele></trkpt><trkpt lat="37.76324" lon="-119.23554999999999"><ele>3191.0</ele></trkpt><trkpt lat="37.7632" lon="-119.23548"><ele>3191.0</ele></trkpt><trkpt lat="37.7632" lon="-119.23536999999999"><ele>3190.235698319607</ele></trkpt><trkpt lat="37.76323" lon="-119.23531000000003"><ele>3189.9250012655557</ele></trkpt><trkpt lat="37.76325" lon="-119.23512"><ele>3189.4260298758745</ele></trkpt><trkpt lat="37.76324" lon="-119.23500000000001"><ele>3188.0</ele></trkpt><trkpt lat="37.76319" lon="-119.23489000000001"><ele>3187.0</ele></trkpt><trkpt lat="37.76319" lon="-119.23469"><ele>3187.0</ele></trkpt><trkpt lat="37.76326" lon="-119.23441000000003"><ele>3184.0</ele></trkpt><trkpt lat="37.76329" lon="-119.23424"><ele>3183.0</ele></trkpt><trkpt lat="37.76328" lon="-119.23410999999999"><ele>3183.0</ele></trkpt><trkpt lat="37.76331" lon="-119.23399"><ele>3182.0</ele></trkpt><trkpt lat="37.76325" lon="-119.23390999999998"><ele>3181.0</ele></trkpt><trkpt lat="37.76323" lon="-119.23378000000002"><ele>3178.54309837358</ele></trkpt><trkpt lat="37.76302" lon="-119.23358000000002"><ele>3176.0</ele></trkpt><trkpt lat="37.76294" lon="-119.23333000000002"><ele>3174.0638201169504</ele></trkpt><trkpt lat="37.76288" lon="-119.23324000000002"><ele>3173.0</ele></trkpt><trkpt lat="37.76289" lon="-119.23313999999999"><ele>3172.0882436466272</ele></trkpt><trkpt lat="37.76275" lon="-119.233"><ele>3172.0</ele></trkpt><trkpt lat="37.76266" lon="-119.23288000000002"><ele>3171.0</ele></trkpt><trkpt lat="37.76259" lon="-119.23268999999999"><ele>3170.805338472167</ele></trkpt><trkpt lat="37.76245" lon="-119.23257999999998"><ele>3169.4691591104493</ele></trkpt><trkpt lat="37.76232" lon="-119.23237"><ele>3169.808771755381</ele></trkpt><trkpt lat="37.7623" lon="-119.23229000000003"><ele>3170.0</ele></trkpt><trkpt lat="37.76217" lon="-119.23212000000001"><ele>3169.0</ele></trkpt><trkpt lat="37.76209" lon="-119.23187000000001"><ele>3167.0</ele></trkpt><trkpt lat="37.76211" lon="-119.23172"><ele>3165.5260561854025</ele></trkpt><trkpt lat="37.762" lon="-119.23163"><ele>3165.26175621897</ele></trkpt><trkpt lat="37.76197" lon="-119.23148000000003"><ele>3165.0</ele></trkpt><trkpt lat="37.76187" lon="-119.23136"><ele>3165.0</ele></trkpt><trkpt lat="37.7617" lon="-119.23124000000001"><ele>3164.0522594415065</ele></trkpt><trkpt lat="37.76165" lon="-119.23115000000001"><ele>3164.0</ele></trkpt><trkpt lat="37.76159" lon="-119.23111"><ele>3164.0</ele></trkpt><trkpt lat="37.76153" lon="-119.23095999999998"><ele>3164.9406335893295</ele></trkpt><trkpt lat="37.76112" lon="-119.23048"><ele>3164.0826098638613</ele></trkpt><trkpt lat="37.76113" lon="-119.2301"><ele>3162.0</ele></trkpt><trkpt lat="37.76118" lon="-119.23007000000001"><ele>3161.696673364712</ele></trkpt><trkpt lat="37.7611" lon="-119.22982000000002"><ele>3160.0</ele></trkpt><trkpt lat="37.7611" lon="-119.22974999999997"><ele>3160.0</ele></trkpt><trkpt lat="37.76105" lon="-119.22962999999999"><ele>3158.0</ele></trkpt><trkpt lat="37.76105" lon="-119.22946000000002"><ele>3157.3126973800345</ele></trkpt><trkpt lat="37.76109" lon="-119.22937000000002"><ele>3157.0</ele></trkpt><trkpt lat="37.76113" lon="-119.22915"><ele>3156.0</ele></trkpt><trkpt lat="37.76113" lon="-119.22908999999999"><ele>3155.4522796403617</ele></trkpt><trkpt lat="37.76108" lon="-119.22902999999997"><ele>3155.0271679982543</ele></trkpt><trkpt lat="37.76107" lon="-119.22897"><ele>3154.2309653339908</ele></trkpt><trkpt lat="37.76115" lon="-119.22887000000003"><ele>3154.0</ele></trkpt><trkpt lat="37.76126" lon="-119.22843999999998"><ele>3155.0</ele></trkpt><trkpt lat="37.76109" lon="-119.22818999999998"><ele>3155.0</ele></trkpt><trkpt lat="37.7608" lon="-119.22800999999998"><ele>3153.491300125402</ele></trkpt><trkpt lat="37.76078" lon="-119.22791999999998"><ele>3153.0</ele></trkpt><trkpt lat="37.76068" lon="-119.22787"><ele>3150.8949899335394</ele></trkpt><trkpt lat="37.76064" lon="-119.22788000000003"><ele>3150.4332835567184</ele></trkpt><trkpt lat="37.76062" lon="-119.22784000000001"><ele>3149.7364800773503</ele></trkpt><trkpt lat="37.76056" lon="-119.22778"><ele>3148.0</ele></trkpt><trkpt lat="37.76049" lon="-119.2278"><ele>3147.0</ele></trkpt><trkpt lat="37.76037" lon="-119.22791000000001"><ele>3145.6512413732708</ele></trkpt><trkpt lat="37.76033" lon="-119.22791000000001"><ele>3145.0</ele></trkpt><trkpt lat="37.76032" lon="-119.22784000000001"><ele>3145.0</ele></trkpt><trkpt lat="37.76024" lon="-119.22771999999998"><ele>3146.0</ele></trkpt><trkpt lat="37.76027" lon="-119.22755999999998"><ele>3145.2435978148133</ele></trkpt><trkpt lat="37.76027" lon="-119.22732000000002"><ele>3144.7463087578376</ele></trkpt><trkpt lat="37.76016" lon="-119.22694999999999"><ele>3144.339159686623</ele></trkpt><trkpt lat="37.76006" lon="-119.22683"><ele>3144.311203237158</ele></trkpt><trkpt lat="37.75981" lon="-119.2267"><ele>3146.0</ele></trkpt><trkpt lat="37.75973" lon="-119.22662000000003"><ele>3145.053898983874</ele></trkpt><trkpt lat="37.75963" lon="-119.22631999999999"><ele>3145.0</ele></trkpt><trkpt lat="37.75956" lon="-119.22627999999997"><ele>3144.8806587542867</ele></trkpt><trkpt lat="37.75957" lon="-119.22613999999999"><ele>3143.0</ele></trkpt><trkpt lat="37.75949" lon="-119.22599000000002"><ele>3142.0</ele></trkpt><trkpt lat="37.75948" lon="-119.22588000000002"><ele>3141.0</ele></trkpt><trkpt lat="37.75928" lon="-119.22577999999999"><ele>3138.0</ele></trkpt><trkpt lat="37.75917" lon="-119.22566"><ele>3137.0</ele></trkpt><trkpt lat="37.7591" lon="-119.22566999999998"><ele>3135.0</ele></trkpt><trkpt lat="37.75902" lon="-119.22557"><ele>3133.055798912633</ele></trkpt><trkpt lat="37.75896" lon="-119.22559000000001"><ele>3133.0</ele></trkpt><trkpt lat="37.75893" lon="-119.22564999999997"><ele>3133.389102827825</ele></trkpt><trkpt lat="37.75865" lon="-119.22582"><ele>3131.1123655006263</ele></trkpt><trkpt lat="37.75836" lon="-119.22570999999999"><ele>3128.0</ele></trkpt><trkpt lat="37.75832" lon="-119.22564999999997"><ele>3127.0</ele></trkpt><trkpt lat="37.75808" lon="-119.22557999999998"><ele>3123.0</ele></trkpt><trkpt lat="37.75804" lon="-119.22552000000002"><ele>3121.4493120005354</ele></trkpt><trkpt lat="37.75782" lon="-119.22564999999997"><ele>3120.0</ele></trkpt><trkpt lat="37.75764" lon="-119.22566999999998"><ele>3118.845945806885</ele></trkpt><trkpt lat="37.75757" lon="-119.22564999999997"><ele>3117.3040191706996</ele></trkpt><trkpt lat="37.75723" lon="-119.22545000000002"><ele>3115.1042187010016</ele></trkpt><trkpt lat="37.75702" lon="-119.22559000000001"><ele>3114.7630273882555</ele></trkpt><trkpt lat="37.75683" lon="-119.22555999999997"><ele>3111.3134471094236</ele></trkpt><trkpt lat="37.75671" lon="-119.22550000000001"><ele>3108.0</ele></trkpt><trkpt lat="37.75668" lon="-119.22539"><ele>3106.474294913057</ele></trkpt><trkpt lat="37.75665" lon="-119.22536000000002"><ele>3105.368589008227</ele></trkpt><trkpt lat="37.75657" lon="-119.22545000000002"><ele>3104.0</ele></trkpt><trkpt lat="37.75648" lon="-119.22545000000002"><ele>3103.0</ele></trkpt><trkpt lat="37.75643" lon="-119.22537999999997"><ele>3103.0</ele></trkpt><trkpt lat="37.75641" lon="-119.22525999999999"><ele>3101.4804330483066</ele></trkpt><trkpt lat="37.7563" lon="-119.22525000000002"><ele>3100.0</ele></trkpt><trkpt lat="37.75604" lon="-119.22512999999998"><ele>3099.0</ele></trkpt><trkpt lat="37.75587" lon="-119.22492"><ele>3098.0</ele></trkpt><trkpt lat="37.7556" lon="-119.22442999999998"><ele>3096.0</ele></trkpt><trkpt lat="37.75546" lon="-119.22435999999999"><ele>3096.0</ele></trkpt><trkpt lat="37.75531" lon="-119.22417000000002"><ele>3097.0</ele></trkpt><trkpt lat="37.75518" lon="-119.22408999999999"><ele>3098.0</ele></trkpt><trkpt lat="37.7551" lon="-119.22397999999998"><ele>3097.0</ele></trkpt><trkpt lat="37.75502" lon="-119.22379999999998"><ele>3096.0</ele></trkpt><trkpt lat="37.75488" lon="-119.22363000000001"><ele>3097.6310719992034</ele></trkpt><trkpt lat="37.75488" lon="-119.22363000000001"><ele>3097.6310719992034</ele></trkpt><trkpt lat="37.75482" lon="-119.22354000000001"><ele>3097.0</ele></trkpt><trkpt lat="37.75473" lon="-119.22354000000001"><ele>3096.0</ele></trkpt><trkpt lat="37.75461" lon="-119.22345999999999"><ele>3097.0</ele></trkpt><trkpt lat="37.75447" lon="-119.22343000000001"><ele>3097.0</ele></trkpt><trkpt lat="37.7542" lon="-119.22345000000001"><ele>3097.0</ele></trkpt><trkpt lat="37.75411" lon="-119.22341"><ele>3097.0407028539726</ele></trkpt><trkpt lat="37.75409" lon="-119.22336999999999"><ele>3097.0</ele></trkpt><trkpt lat="37.7541" lon="-119.22327999999999"><ele>3096.114504636695</ele></trkpt><trkpt lat="37.754" lon="-119.22312999999997"><ele>3094.845257109411</ele></trkpt><trkpt lat="37.75382" lon="-119.22315000000003"><ele>3095.444279069793</ele></trkpt><trkpt lat="37.75362" lon="-119.22302000000002"><ele>3097.2325201258063</ele></trkpt><trkpt lat="37.75356" lon="-119.22287"><ele>3097.011461576333</ele></trkpt><trkpt lat="37.7534" lon="-119.22276"><ele>3093.0</ele></trkpt><trkpt lat="37.75334" lon="-119.22262999999998"><ele>3092.0</ele></trkpt><trkpt lat="37.75334" lon="-119.22262999999998"><ele>3092.0</ele></trkpt><trkpt lat="37.75327" lon="-119.22258"><ele>3091.077612457137</ele></trkpt><trkpt lat="37.75325" lon="-119.22262999999998"><ele>3091.733859982437</ele></trkpt><trkpt lat="37.75322" lon="-119.22262"><ele>3091.0</ele></trkpt><trkpt lat="37.75319" lon="-119.22253999999998"><ele>3090.6631295930993</ele></trkpt><trkpt lat="37.75321" lon="-119.22249999999997"><ele>3090.6008949112147</ele></trkpt><trkpt lat="37.75318" lon="-119.22246999999999"><ele>3090.0</ele></trkpt><trkpt lat="37.75313" lon="-119.22251"><ele>3089.8854793161154</ele></trkpt><trkpt lat="37.75311" lon="-119.22258"><ele>3089.307651861643</ele></trkpt><trkpt lat="37.75305" lon="-119.22258999999997"><ele>3088.2518874914927</ele></trkpt><trkpt lat="37.75301" lon="-119.22262999999998"><ele>3087.9560091278213</ele></trkpt><trkpt lat="37.75298" lon="-119.22253999999998"><ele>3088.0189032433846</ele></trkpt><trkpt lat="37.75292" lon="-119.22255000000001"><ele>3087.0</ele></trkpt><trkpt lat="37.75285" lon="-119.22249999999997"><ele>3086.3815648723394</ele></trkpt><trkpt lat="37.7528" lon="-119.22240999999997"><ele>3086.0</ele></trkpt><trkpt lat="37.75279" lon="-119.22226"><ele>3086.0</ele></trkpt><trkpt lat="37.75253" lon="-119.2219"><ele>3085.0</ele></trkpt><trkpt lat="37.75248" lon="-119.22185999999999"><ele>3083.88094933331</ele></trkpt><trkpt lat="37.75247" lon="-119.22152"><ele>3084.0</ele></trkpt><trkpt lat="37.75245" lon="-119.22149000000002"><ele>3083.0</ele></trkpt><trkpt lat="37.75239" lon="-119.22147999999999"><ele>3083.1716657769866</ele></trkpt><trkpt lat="37.75239" lon="-119.22143"><ele>3082.116004190162</ele></trkpt><trkpt lat="37.7523" lon="-119.22134"><ele>3083.0237239339367</ele></trkpt><trkpt lat="37.75229" lon="-119.22126000000003"><ele>3082.837845336646</ele></trkpt><trkpt lat="37.75225" lon="-119.22123999999997"><ele>3081.9708244056897</ele></trkpt><trkpt lat="37.75214" lon="-119.22093999999998"><ele>3080.0</ele></trkpt><trkpt lat="37.75207" lon="-119.22093999999998"><ele>3079.0023758741086</ele></trkpt><trkpt lat="37.75203" lon="-119.22091"><ele>3078.0</ele></trkpt><trkpt lat="37.75203" lon="-119.22078999999997"><ele>3077.0</ele></trkpt><trkpt lat="37.752" lon="-119.22073"><ele>3075.2191324443556</ele></trkpt><trkpt lat="37.75197" lon="-119.22077999999999"><ele>3076.7690051824266</ele></trkpt><trkpt lat="37.75194" lon="-119.22077999999999"><ele>3076.54930133326</ele></trkpt><trkpt lat="37.75186" lon="-119.22068000000002"><ele>3074.0</ele></trkpt><trkpt lat="37.75174" lon="-119.2208"><ele>3072.977152827026</ele></trkpt><trkpt lat="37.75168" lon="-119.2208"><ele>3071.698911428859</ele></trkpt><trkpt lat="37.75158" lon="-119.22073999999998"><ele>3070.0</ele></trkpt><trkpt lat="37.75142" lon="-119.22075000000001"><ele>3069.0</ele></trkpt><trkpt lat="37.75119" lon="-119.22046"><ele>3067.0</ele></trkpt><trkpt lat="37.75115" lon="-119.22044"><ele>3066.4229944942585</ele></trkpt><trkpt lat="37.75104" lon="-119.22045000000003"><ele>3065.0</ele></trkpt><trkpt lat="37.75093" lon="-119.22037999999998"><ele>3064.0</ele></trkpt><trkpt lat="37.75077" lon="-119.22017"><ele>3063.0263077273025</ele></trkpt><trkpt lat="37.75072" lon="-119.22019999999998"><ele>3063.914814676682</ele></trkpt><trkpt lat="37.75055" lon="-119.22010999999998"><ele>3061.0</ele></trkpt><trkpt lat="37.75052" lon="-119.22003999999998"><ele>3060.107639069561</ele></trkpt><trkpt lat="37.75037" lon="-119.21991000000003"><ele>3058.206763200462</ele></trkpt><trkpt lat="37.75018" lon="-119.22005000000001"><ele>3057.524557640963</ele></trkpt><trkpt lat="37.75013" lon="-119.22003000000001"><ele>3057.0</ele></trkpt><trkpt lat="37.75006" lon="-119.22005999999999"><ele>3057.0</ele></trkpt><trkpt lat="37.74986" lon="-119.22008"><ele>3057.0</ele></trkpt><trkpt lat="37.74976" lon="-119.22023999999999"><ele>3057.0</ele></trkpt><trkpt lat="37.74971" lon="-119.22037999999998"><ele>3057.0</ele></trkpt><trkpt lat="37.74966" lon="-119.22042999999996"><ele>3057.359234120697</ele></trkpt><trkpt lat="37.74959" lon="-119.22044"><ele>3057.0</ele></trkpt><trkpt lat="37.74939109760452" lon="-119.22030739840301"><ele>3057.0</ele></trkpt><trkpt lat="37.74939109760452" lon="-119.22030739840301"><ele>3057.0</ele></trkpt><trkpt lat="37.74929" lon="-119.22023999999999"><ele>3057.0</ele></trkpt><trkpt lat="37.74916" lon="-119.22005000000001"><ele>3055.0584975884117</ele></trkpt><trkpt lat="37.74909" lon="-119.21983"><ele>3055.0</ele></trkpt><trkpt lat="37.74892" lon="-119.21951999999999"><ele>3053.0</ele></trkpt><trkpt lat="37.74893" lon="-119.21945"><ele>3052.855608721339</ele></trkpt><trkpt lat="37.74906" lon="-119.21922"><ele>3050.8480320009403</ele></trkpt><trkpt lat="37.74907" lon="-119.21897999999999"><ele>3047.0</ele></trkpt><trkpt lat="37.74906" lon="-119.21895"><ele>3046.9966475227493</ele></trkpt><trkpt lat="37.74895" lon="-119.21895999999998"><ele>3046.0</ele></trkpt><trkpt lat="37.74891" lon="-119.21893"><ele>3045.89693402776</ele></trkpt><trkpt lat="37.74891" lon="-119.21884999999997"><ele>3043.938925475805</ele></trkpt><trkpt lat="37.74894" lon="-119.21866999999997"><ele>3043.0</ele></trkpt><trkpt lat="37.74889" lon="-119.21855"><ele>3041.0</ele></trkpt><trkpt lat="37.74884" lon="-119.21848"><ele>3040.0</ele></trkpt><trkpt lat="37.74877" lon="-119.21846"><ele>3039.0416411654933</ele></trkpt><trkpt lat="37.74871" lon="-119.21839999999997"><ele>3039.0</ele></trkpt><trkpt lat="37.7483" lon="-119.21820000000002"><ele>3034.0</ele></trkpt><trkpt lat="37.74806" lon="-119.21803"><ele>3032.0</ele></trkpt><trkpt lat="37.74802" lon="-119.21796"><ele>3031.127776000183</ele></trkpt><trkpt lat="37.74804" lon="-119.21782000000002"><ele>3029.951461278421</ele></trkpt><trkpt lat="37.74783" lon="-119.21742999999998"><ele>3025.0</ele></trkpt><trkpt lat="37.74781" lon="-119.21733999999998"><ele>3024.233681776561</ele></trkpt><trkpt lat="37.74782" lon="-119.21726000000001"><ele>3023.5493467681135</ele></trkpt><trkpt lat="37.74786" lon="-119.21717000000001"><ele>3022.0</ele></trkpt><trkpt lat="37.74781" lon="-119.21699999999998"><ele>3020.8032399051335</ele></trkpt><trkpt lat="37.74775" lon="-119.21690999999998"><ele>3020.19422933273</ele></trkpt><trkpt lat="37.74774" lon="-119.21677"><ele>3019.0</ele></trkpt><trkpt lat="37.74768" lon="-119.21658000000002"><ele>3017.277305885674</ele></trkpt><trkpt lat="37.74766" lon="-119.21640000000002"><ele>3014.5189710371196</ele></trkpt><trkpt lat="37.74767" lon="-119.21609000000001"><ele>3009.998553704892</ele></trkpt><trkpt lat="37.74758" lon="-119.21595000000002"><ele>3007.0</ele></trkpt><trkpt lat="37.74752" lon="-119.21578"><ele>3004.0</ele></trkpt><trkpt lat="37.74748" lon="-119.21578999999997"><ele>3004.998644876676</ele></trkpt><trkpt lat="37.74747" lon="-119.21573999999998"><ele>3004.0</ele></trkpt><trkpt lat="37.74744" lon="-119.21573999999998"><ele>3004.668277333025</ele></trkpt><trkpt lat="37.74741" lon="-119.21571"><ele>3004.0684957448784</ele></trkpt><trkpt lat="37.74735" lon="-119.21573000000001"><ele>3005.8323177171465</ele></trkpt><trkpt lat="37.74729" lon="-119.21573000000001"><ele>3006.0</ele></trkpt><trkpt lat="37.74722" lon="-119.21566999999999"><ele>3007.0</ele></trkpt><trkpt lat="37.74719" lon="-119.21554000000003"><ele>3008.0</ele></trkpt><trkpt lat="37.74711" lon="-119.21545000000003"><ele>3009.9349189586937</ele></trkpt><trkpt lat="37.74688" lon="-119.21526"><ele>3009.29865600029</ele></trkpt><trkpt lat="37.74679" lon="-119.21526"><ele>3008.29865600029</ele></trkpt><trkpt lat="37.74675" lon="-119.21519999999998"><ele>3007.0</ele></trkpt><trkpt lat="37.74674" lon="-119.21506999999997"><ele>3005.5875276882407</ele></trkpt><trkpt lat="37.74677" lon="-119.21487000000002"><ele>3003.0</ele></trkpt><trkpt lat="37.74676" lon="-119.21479999999997"><ele>3001.0</ele></trkpt><trkpt lat="37.74672" lon="-119.21478000000002"><ele>3000.073740305184</ele></trkpt><trkpt lat="37.74597" lon="-119.21542"><ele>2991.0</ele></trkpt><trkpt lat="37.74588" lon="-119.21557000000001"><ele>2991.8911878035206</ele></trkpt><trkpt lat="37.74581" lon="-119.21562"><ele>2991.075871999841</ele></trkpt><trkpt lat="37.74574" lon="-119.21560999999997"><ele>2989.7350602827846</ele></trkpt><trkpt lat="37.74561" lon="-119.21575999999999"><ele>2989.2595196678303</ele></trkpt><trkpt lat="37.74555" lon="-119.21578"><ele>2987.1229757983238</ele></trkpt><trkpt lat="37.74551" lon="-119.21573999999998"><ele>2985.7655114028603</ele></trkpt><trkpt lat="37.74551" lon="-119.21559000000002"><ele>2982.7655114028603</ele></trkpt><trkpt lat="37.74558" lon="-119.21542999999997"><ele>2982.0</ele></trkpt><trkpt lat="37.74559" lon="-119.21526"><ele>2979.0</ele></trkpt><trkpt lat="37.74567" lon="-119.21506999999997"><ele>2977.5526408468395</ele></trkpt><trkpt lat="37.74567" lon="-119.21485999999999"><ele>2974.724259503598</ele></trkpt><trkpt lat="37.74574" lon="-119.21473000000003"><ele>2972.192205417336</ele></trkpt><trkpt lat="37.74581" lon="-119.21467999999999"><ele>2972.2686968888156</ele></trkpt><trkpt lat="37.74586" lon="-119.21454"><ele>2971.0</ele></trkpt><trkpt lat="37.74586" lon="-119.21447999999998"><ele>2970.968468079943</ele></trkpt><trkpt lat="37.74581" lon="-119.21443999999997"><ele>2969.0</ele></trkpt><trkpt lat="37.74573" lon="-119.21446000000003"><ele>2969.0042822919872</ele></trkpt><trkpt lat="37.74564" lon="-119.21438999999998"><ele>2965.0</ele></trkpt><trkpt lat="37.74563" lon="-119.21443999999997"><ele>2964.8515056622305</ele></trkpt><trkpt lat="37.74557" lon="-119.21447"><ele>2963.6382762994026</ele></trkpt><trkpt lat="37.74549" lon="-119.21449000000001"><ele>2962.0</ele></trkpt><trkpt lat="37.74543" lon="-119.21447"><ele>2961.0</ele></trkpt><trkpt lat="37.74538" lon="-119.21449999999999"><ele>2961.0913188314817</ele></trkpt><trkpt lat="37.74523" lon="-119.21487000000002"><ele>2964.0</ele></trkpt><trkpt lat="37.74517" lon="-119.21487000000002"><ele>2962.0896814554967</ele></trkpt><trkpt lat="37.74503" lon="-119.21492999999998"><ele>2961.0</ele></trkpt><trkpt lat="37.74488" lon="-119.21510999999998"><ele>2957.747900165028</ele></trkpt><trkpt lat="37.74475" lon="-119.21518000000003"><ele>2957.0</ele></trkpt><trkpt lat="37.74471" lon="-119.21510999999998"><ele>2955.7346690895665</ele></trkpt><trkpt lat="37.74472" lon="-119.21497999999997"><ele>2955.595842121145</ele></trkpt><trkpt lat="37.74479" lon="-119.21483999999998"><ele>2954.0</ele></trkpt><trkpt lat="37.7448" lon="-119.21473000000003"><ele>2953.0</ele></trkpt><trkpt lat="37.74478" lon="-119.21456999999998"><ele>2953.9632814876527</ele></trkpt><trkpt lat="37.74484" lon="-119.21416999999997"><ele>2951.0</ele></trkpt><trkpt lat="37.74471" lon="-119.21388000000002"><ele>2947.0</ele></trkpt><trkpt lat="37.74471" lon="-119.21379999999999"><ele>2947.0</ele></trkpt><trkpt lat="37.74475" lon="-119.21377000000001"><ele>2946.022410389466</ele></trkpt><trkpt lat="37.74478" lon="-119.21365000000003"><ele>2946.0</ele></trkpt><trkpt lat="37.74471" lon="-119.21356000000003"><ele>2947.0</ele></trkpt><trkpt lat="37.74466" lon="-119.21357"><ele>2947.0</ele></trkpt><trkpt lat="37.74462" lon="-119.21352000000002"><ele>2947.0</ele></trkpt><trkpt lat="37.74456" lon="-119.2133"><ele>2945.0</ele></trkpt><trkpt lat="37.74439" lon="-119.21317999999997"><ele>2944.0</ele></trkpt><trkpt lat="37.7443" lon="-119.21292"><ele>2944.412165503243</ele></trkpt><trkpt lat="37.74426" lon="-119.21290999999997"><ele>2945.7062446594978</ele></trkpt><trkpt lat="37.7442" lon="-119.21285"><ele>2944.9931753334768</ele></trkpt><trkpt lat="37.74409" lon="-119.21260999999998"><ele>2939.0</ele></trkpt><trkpt lat="37.74401" lon="-119.21257000000003"><ele>2939.0</ele></trkpt><trkpt lat="37.74384" lon="-119.2124"><ele>2936.012995555997</ele></trkpt><trkpt lat="37.74373" lon="-119.21238"><ele>2935.08092799969</ele></trkpt><trkpt lat="37.74374" lon="-119.21231"><ele>2932.818691556342</ele></trkpt><trkpt lat="37.74396" lon="-119.21213"><ele>2931.4532904787948</ele></trkpt><trkpt lat="37.744" lon="-119.21204999999998"><ele>2930.0</ele></trkpt><trkpt lat="37.74397" lon="-119.21199000000001"><ele>2930.0</ele></trkpt><trkpt lat="37.74388" lon="-119.21190999999999"><ele>2929.0</ele></trkpt><trkpt lat="37.74386" lon="-119.21183000000002"><ele>2928.0</ele></trkpt><trkpt lat="37.74386" lon="-119.21172999999999"><ele>2929.0</ele></trkpt><trkpt lat="37.74389" lon="-119.21158000000003"><ele>2930.798225779552</ele></trkpt><trkpt lat="37.74385" lon="-119.21148"><ele>2931.0</ele></trkpt><trkpt lat="37.74388" lon="-119.21134"><ele>2932.7294210699233</ele></trkpt><trkpt lat="37.7438" lon="-119.21112"><ele>2933.0</ele></trkpt><trkpt lat="37.7438" lon="-119.21112"><ele>2933.0</ele></trkpt><trkpt lat="37.7438" lon="-119.21112"><ele>2933.0</ele></trkpt><trkpt lat="37.7437" lon="-119.21096999999997"><ele>2933.336265314695</ele></trkpt><trkpt lat="37.74366" lon="-119.21096"><ele>2934.0</ele></trkpt><trkpt lat="37.74366" lon="-119.21109999999999"><ele>2936.428604444489</ele></trkpt><trkpt lat="37.74369" lon="-119.21122000000003"><ele>2938.0</ele></trkpt><trkpt lat="37.74366" lon="-119.21129000000002"><ele>2939.0</ele></trkpt><trkpt lat="37.74356" lon="-119.21132"><ele>2939.0</ele></trkpt><trkpt lat="37.74349" lon="-119.21116999999998"><ele>2939.2211156200397</ele></trkpt><trkpt lat="37.74336" lon="-119.21105"><ele>2939.0</ele></trkpt><trkpt lat="37.7433" lon="-119.21091000000001"><ele>2936.297073540126</ele></trkpt><trkpt lat="37.74324" lon="-119.21087999999997"><ele>2937.0</ele></trkpt><trkpt lat="37.74311" lon="-119.21087999999997"><ele>2937.0</ele></trkpt><trkpt lat="37.74294" lon="-119.21071999999998"><ele>2938.0</ele></trkpt><trkpt lat="37.74288" lon="-119.21071999999998"><ele>2938.7193208881654</ele></trkpt><trkpt lat="37.74282" lon="-119.21066000000002"><ele>2938.0</ele></trkpt><trkpt lat="37.7426" lon="-119.2106"><ele>2938.1269155554473</ele></trkpt><trkpt lat="37.74245" lon="-119.21051999999997"><ele>2938.0</ele></trkpt><trkpt lat="37.74235" lon="-119.21042"><ele>2937.738307555672</ele></trkpt><trkpt lat="37.74235" lon="-119.21042"><ele>2937.738307555672</ele></trkpt><trkpt lat="37.74233" lon="-119.21033999999997"><ele>2937.0</ele></trkpt><trkpt lat="37.74233" lon="-119.21033999999997"><ele>2937.0</ele></trkpt><trkpt lat="37.74222" lon="-119.20994999999999"><ele>2938.0</ele></trkpt><trkpt lat="37.7423" lon="-119.20965999999999"><ele>2941.1864557886356</ele></trkpt><trkpt lat="37.74257" lon="-119.20938000000001"><ele>2939.0</ele></trkpt><trkpt lat="37.7426" lon="-119.20920999999998"><ele>2939.0</ele></trkpt><trkpt lat="37.74241" lon="-119.20879000000002"><ele>2942.0</ele></trkpt><trkpt lat="37.74239" lon="-119.20870000000002"><ele>2942.1127860210836</ele></trkpt><trkpt lat="37.74235" lon="-119.20865000000003"><ele>2943.0</ele></trkpt><trkpt lat="37.74211" lon="-119.20865000000003"><ele>2947.0</ele></trkpt><trkpt lat="37.74197650647419" lon="-119.20844975849292"><ele>2949.481590723619</ele></trkpt><trkpt lat="37.74197650647419" lon="-119.20844975849292"><ele>2949.481590723619</ele></trkpt><trkpt lat="37.74183" lon="-119.20823000000001"><ele>2951.0374016965916</ele></trkpt><trkpt lat="37.7418" lon="-119.20814999999999"><ele>2952.0453905356567</ele></trkpt><trkpt lat="37.7416" lon="-119.20787999999999"><ele>2957.0</ele></trkpt><trkpt lat="37.74152" lon="-119.20789000000002"><ele>2959.0</ele></trkpt><trkpt lat="37.7415" lon="-119.20785000000001"><ele>2959.0</ele></trkpt><trkpt lat="37.74148" lon="-119.20778999999999"><ele>2960.0</ele></trkpt><trkpt lat="37.74148" lon="-119.20762000000002"><ele>2962.0</ele></trkpt><trkpt lat="37.74146" lon="-119.20754"><ele>2963.4416246785786</ele></trkpt><trkpt lat="37.74134" lon="-119.20754"><ele>2965.0</ele></trkpt><trkpt lat="37.74131" lon="-119.20749999999998"><ele>2966.34355555661</ele></trkpt><trkpt lat="37.74132" lon="-119.20742000000001"><ele>2968.0</ele></trkpt><trkpt lat="37.74124" lon="-119.20739000000003"><ele>2969.0</ele></trkpt><trkpt lat="37.74125" lon="-119.20731999999998"><ele>2970.0</ele></trkpt><trkpt lat="37.74121" lon="-119.20724000000001"><ele>2970.654481038451</ele></trkpt><trkpt lat="37.74107" lon="-119.20718999999997"><ele>2972.9801317633965</ele></trkpt><trkpt lat="37.74099" lon="-119.20709"><ele>2975.4509404446</ele></trkpt><trkpt lat="37.74099" lon="-119.20686999999998"><ele>2978.703683556523</ele></trkpt><trkpt lat="37.74093" lon="-119.20686"><ele>2979.155737457797</ele></trkpt><trkpt lat="37.74085" lon="-119.20670000000001"><ele>2982.0</ele></trkpt><trkpt lat="37.74076" lon="-119.20661999999999"><ele>2984.3545280005783</ele></trkpt><trkpt lat="37.74066" lon="-119.20646999999997"><ele>2986.345034668222</ele></trkpt><trkpt lat="37.74056" lon="-119.20643000000001"><ele>2988.0</ele></trkpt><trkpt lat="37.74051" lon="-119.20636000000002"><ele>2989.0</ele></trkpt><trkpt lat="37.74046" lon="-119.20625000000001"><ele>2989.0</ele></trkpt><trkpt lat="37.7405" lon="-119.20618000000002"><ele>2990.0</ele></trkpt><trkpt lat="37.74046" lon="-119.20605999999998"><ele>2991.4524195566773</ele></trkpt><trkpt lat="37.74048" lon="-119.20596999999998"><ele>2993.0</ele></trkpt><trkpt lat="37.74038" lon="-119.20586000000003"><ele>2994.0</ele></trkpt><trkpt lat="37.74038" lon="-119.20578999999998"><ele>2994.0</ele></trkpt><trkpt lat="37.74044" lon="-119.20569999999998"><ele>2995.0</ele></trkpt><trkpt lat="37.74047" lon="-119.20556999999997"><ele>2995.211789924177</ele></trkpt><trkpt lat="37.74044" lon="-119.20537000000002"><ele>2997.0</ele></trkpt><trkpt lat="37.74045" lon="-119.20523000000003"><ele>2999.0</ele></trkpt><trkpt lat="37.74043" lon="-119.20515"><ele>3000.0</ele></trkpt><trkpt lat="37.74046" lon="-119.20510999999999"><ele>3001.0</ele></trkpt><trkpt lat="37.7405" lon="-119.20513"><ele>3001.0</ele></trkpt><trkpt lat="37.74055" lon="-119.20510000000002"><ele>3001.0</ele></trkpt><trkpt lat="37.7406" lon="-119.20501999999999"><ele>3002.0</ele></trkpt><trkpt lat="37.74064" lon="-119.20479999999998"><ele>3003.1726755565032</ele></trkpt><trkpt lat="37.7406" lon="-119.20474999999999"><ele>3005.0</ele></trkpt><trkpt lat="37.74061" lon="-119.20452999999998"><ele>3006.0</ele></trkpt><trkpt lat="37.74059" lon="-119.20434999999998"><ele>3007.0</ele></trkpt><trkpt lat="37.74061" lon="-119.20427999999998"><ele>3007.0</ele></trkpt><trkpt lat="37.74074" lon="-119.20420999999999"><ele>3008.0</ele></trkpt><trkpt lat="37.74078" lon="-119.20413000000002"><ele>3008.998281484816</ele></trkpt><trkpt lat="37.74067" lon="-119.20405"><ele>3010.0</ele></trkpt><trkpt lat="37.74058" lon="-119.20375999999999"><ele>3012.921640314061</ele></trkpt><trkpt lat="37.74057" lon="-119.20362999999998"><ele>3014.0</ele></trkpt><trkpt lat="37.74053" lon="-119.20353999999998"><ele>3014.921962882818</ele></trkpt><trkpt lat="37.74038" lon="-119.20344"><ele>3017.0</ele></trkpt><trkpt lat="37.74038" lon="-119.20325000000003"><ele>3020.2319945443624</ele></trkpt><trkpt lat="37.74016" lon="-119.20301"><ele>3025.0</ele></trkpt><trkpt lat="37.74012" lon="-119.20287000000002"><ele>3026.1171946660616</ele></trkpt><trkpt lat="37.74022" lon="-119.20263999999997"><ele>3029.0</ele></trkpt><trkpt lat="37.74023" lon="-119.20249000000001"><ele>3031.0</ele></trkpt><trkpt lat="37.7402" lon="-119.20235000000002"><ele>3033.1765767689794</ele></trkpt><trkpt lat="37.74022" lon="-119.20222000000001"><ele>3035.4106132034267</ele></trkpt><trkpt lat="37.74034" lon="-119.20202999999998"><ele>3038.264032000676</ele></trkpt><trkpt lat="37.74033" lon="-119.20188999999999"><ele>3040.891003359403</ele></trkpt><trkpt lat="37.74039" lon="-119.20179999999999"><ele>3042.9625756644746</ele></trkpt><trkpt lat="37.74041" lon="-119.20173999999997"><ele>3043.0</ele></trkpt><trkpt lat="37.74037" lon="-119.20166"><ele>3045.5072817779146</ele></trkpt><trkpt lat="37.74037" lon="-119.20166"><ele>3045.5072817779146</ele></trkpt><trkpt lat="37.74025" lon="-119.20157"><ele>3048.0</ele></trkpt><trkpt lat="37.74021" lon="-119.20150999999998"><ele>3049.2054606538672</ele></trkpt><trkpt lat="37.74022" lon="-119.20132999999998"><ele>3051.0</ele></trkpt><trkpt lat="37.7401" lon="-119.20127000000002"><ele>3053.0</ele></trkpt><trkpt lat="37.74006" lon="-119.20119"><ele>3055.0</ele></trkpt><trkpt lat="37.74009" lon="-119.2011"><ele>3056.0</ele></trkpt><trkpt lat="37.74006" lon="-119.20100000000002"><ele>3056.686299644109</ele></trkpt><trkpt lat="37.74008" lon="-119.20089999999999"><ele>3057.0</ele></trkpt><trkpt lat="37.74015" lon="-119.20069999999998"><ele>3058.0</ele></trkpt><trkpt lat="37.74026" lon="-119.20056999999997"><ele>3058.0</ele></trkpt><trkpt lat="37.74031" lon="-119.20044999999999"><ele>3059.0</ele></trkpt><trkpt lat="37.74028" lon="-119.20017000000001"><ele>3062.9463146659546</ele></trkpt><trkpt lat="37.74021" lon="-119.19997000000001"><ele>3064.5872530676425</ele></trkpt><trkpt lat="37.74025" lon="-119.19975"><ele>3067.0</ele></trkpt><trkpt lat="37.74023" lon="-119.19970999999998"><ele>3067.0</ele></trkpt><trkpt lat="37.74016" lon="-119.19970999999998"><ele>3068.3289346285355</ele></trkpt><trkpt lat="37.74014" lon="-119.19965000000002"><ele>3069.180071109906</ele></trkpt><trkpt lat="37.74016" lon="-119.19961"><ele>3070.0</ele></trkpt><trkpt lat="37.74009" lon="-119.19954999999999"><ele>3071.5539405691425</ele></trkpt><trkpt lat="37.74008" lon="-119.19939999999997"><ele>3074.0</ele></trkpt><trkpt lat="37.73992" lon="-119.19934"><ele>3076.8797859129836</ele></trkpt><trkpt lat="37.73976" lon="-119.19914"><ele>3079.0</ele></trkpt><trkpt lat="37.73966" lon="-119.19907999999998"><ele>3080.9999842140865</ele></trkpt><trkpt lat="37.73962" lon="-119.19898"><ele>3082.0</ele></trkpt><trkpt lat="37.73971" lon="-119.19878"><ele>3082.03867241121</ele></trkpt><trkpt lat="37.73969" lon="-119.19866999999999"><ele>3082.0</ele></trkpt><trkpt lat="37.73973" lon="-119.19857999999999"><ele>3081.0</ele></trkpt><trkpt lat="37.73975" lon="-119.19837000000001"><ele>3081.579397350644</ele></trkpt><trkpt lat="37.73979" lon="-119.19830999999999"><ele>3082.0</ele></trkpt><trkpt lat="37.73978" lon="-119.19815"><ele>3083.0</ele></trkpt><trkpt lat="37.73965" lon="-119.19798000000003"><ele>3085.0</ele></trkpt><trkpt lat="37.73962" lon="-119.19788"><ele>3085.0</ele></trkpt><trkpt lat="37.73958" lon="-119.19783000000001"><ele>3085.001272746326</ele></trkpt><trkpt lat="37.73952" lon="-119.19783000000001"><ele>3087.0004460487917</ele></trkpt><trkpt lat="37.73939" lon="-119.19763"><ele>3089.0</ele></trkpt><trkpt lat="37.73938" lon="-119.19752"><ele>3088.2778382122588</ele></trkpt><trkpt lat="37.73934" lon="-119.19743"><ele>3088.5488257821066</ele></trkpt><trkpt lat="37.73925" lon="-119.19741999999997"><ele>3089.161965228617</ele></trkpt><trkpt lat="37.73921" lon="-119.19735000000003"><ele>3090.0</ele></trkpt><trkpt lat="37.73923" lon="-119.19711000000001"><ele>3089.15236595931</ele></trkpt><trkpt lat="37.73916" lon="-119.19686999999999"><ele>3086.606053228399</ele></trkpt><trkpt lat="37.73917" lon="-119.19678999999996"><ele>3086.0</ele></trkpt><trkpt lat="37.7392" lon="-119.19677000000001"><ele>3086.0</ele></trkpt><trkpt lat="37.73923" lon="-119.19670000000002"><ele>3086.0</ele></trkpt><trkpt lat="37.73919" lon="-119.19661000000002"><ele>3086.0</ele></trkpt><trkpt lat="37.73915" lon="-119.19659000000001"><ele>3086.0117737140495</ele></trkpt><trkpt lat="37.73905" lon="-119.19646"><ele>3085.0</ele></trkpt><trkpt lat="37.73898" lon="-119.19641999999999"><ele>3084.3431081156828</ele></trkpt><trkpt lat="37.73906" lon="-119.19628"><ele>3083.4913890319194</ele></trkpt><trkpt lat="37.73906" lon="-119.19621999999998"><ele>3082.0</ele></trkpt><trkpt lat="37.73898" lon="-119.19614000000001"><ele>3080.279973129176</ele></trkpt><trkpt lat="37.73886" lon="-119.19614999999999"><ele>3082.0</ele></trkpt><trkpt lat="37.73884" lon="-119.19612999999998"><ele>3082.475287596736</ele></trkpt><trkpt lat="37.73877" lon="-119.19596000000001"><ele>3085.0</ele></trkpt><trkpt lat="37.73859" lon="-119.19574"><ele>3090.022620809776</ele></trkpt><trkpt lat="37.73846" lon="-119.19572"><ele>3093.0</ele></trkpt><trkpt lat="37.73839" lon="-119.19565"><ele>3094.0</ele></trkpt><trkpt lat="37.73827" lon="-119.19563"><ele>3096.0</ele></trkpt><trkpt lat="37.738" lon="-119.19545"><ele>3100.914257777855</ele></trkpt><trkpt lat="37.73784" lon="-119.19537000000003"><ele>3103.7335917007836</ele></trkpt><trkpt lat="37.73767" lon="-119.1952"><ele>3104.43489777809</ele></trkpt><trkpt lat="37.73751" lon="-119.19510000000002"><ele>3104.0</ele></trkpt><trkpt lat="37.73738" lon="-119.19491"><ele>3101.9489625631877</ele></trkpt><trkpt lat="37.73722" lon="-119.19484"><ele>3103.0</ele></trkpt><trkpt lat="37.73719" lon="-119.19474000000002"><ele>3103.0</ele></trkpt><trkpt lat="37.7371" lon="-119.19472999999999"><ele>3104.0</ele></trkpt><trkpt lat="37.7371" lon="-119.19472999999999"><ele>3104.0</ele></trkpt><trkpt lat="37.73707716400204" lon="-119.19471925364803"><ele>3104.2024416466174</ele></trkpt><trkpt lat="37.737100000000005" lon="-119.19472999999999"><ele>3104.0</ele></trkpt><trkpt lat="37.73693" lon="-119.19465000000002"><ele>3106.0</ele></trkpt><trkpt lat="37.73674" lon="-119.1945"><ele>3108.250680142089</ele></trkpt><trkpt lat="37.73669" lon="-119.19441"><ele>3110.0</ele></trkpt><trkpt lat="37.73649" lon="-119.19423999999998"><ele>3109.0577719484713</ele></trkpt><trkpt lat="37.73638" lon="-119.19403999999997"><ele>3109.0</ele></trkpt><trkpt lat="37.73611" lon="-119.19376999999997"><ele>3110.0</ele></trkpt><trkpt lat="37.73602" lon="-119.19361000000004"><ele>3109.0</ele></trkpt><trkpt lat="37.73606" lon="-119.19344000000001"><ele>3109.0</ele></trkpt><trkpt lat="37.73597" lon="-119.19330000000002"><ele>3110.0</ele></trkpt><trkpt lat="37.73597" lon="-119.19330000000002"><ele>3110.0</ele></trkpt><trkpt lat="37.73587" lon="-119.19317999999998"><ele>3110.0</ele></trkpt><trkpt lat="37.73579" lon="-119.19303000000002"><ele>3111.0</ele></trkpt><trkpt lat="37.73565" lon="-119.19298000000003"><ele>3111.0</ele></trkpt><trkpt lat="37.7355" lon="-119.19281999999998"><ele>3112.0</ele></trkpt><trkpt lat="37.73533" lon="-119.19280000000003"><ele>3112.0</ele></trkpt><trkpt lat="37.73508" lon="-119.19256999999999"><ele>3113.0</ele></trkpt><trkpt lat="37.73499" lon="-119.19254999999998"><ele>3113.0</ele></trkpt><trkpt lat="37.73496" lon="-119.19258000000002"><ele>3113.3531968987395</ele></trkpt><trkpt lat="37.73487" lon="-119.19259"><ele>3113.800081777852</ele></trkpt><trkpt lat="37.73473" lon="-119.19254000000001"><ele>3113.0</ele></trkpt><trkpt lat="37.7345" lon="-119.19256999999999"><ele>3114.0</ele></trkpt><trkpt lat="37.73413" lon="-119.19234"><ele>3115.0</ele></trkpt><trkpt lat="37.73408" lon="-119.19235000000003"><ele>3115.0</ele></trkpt><trkpt lat="37.73398" lon="-119.19223999999997"><ele>3116.0</ele></trkpt><trkpt lat="37.7339" lon="-119.19227999999998"><ele>3115.7187736960204</ele></trkpt><trkpt lat="37.73383" lon="-119.19238000000001"><ele>3114.0</ele></trkpt><trkpt lat="37.73375" lon="-119.19234"><ele>3114.0</ele></trkpt><trkpt lat="37.73365" lon="-119.19236000000001"><ele>3114.081304889638</ele></trkpt><trkpt lat="37.73346" lon="-119.19241"><ele>3113.411473777145</ele></trkpt><trkpt lat="37.73338" lon="-119.19247999999999"><ele>3113.0</ele></trkpt><trkpt lat="37.73332" lon="-119.19247999999999"><ele>3112.0</ele></trkpt><trkpt lat="37.73323" lon="-119.19236999999998"><ele>3112.4526613340713</ele></trkpt><trkpt lat="37.73317" lon="-119.19225"><ele>3113.0</ele></trkpt><trkpt lat="37.73307" lon="-119.19213000000002"><ele>3113.0</ele></trkpt><trkpt lat="37.73292" lon="-119.19164"><ele>3110.913366961726</ele></trkpt><trkpt lat="37.73285" lon="-119.19151"><ele>3110.0</ele></trkpt><trkpt lat="37.7328" lon="-119.19119999999998"><ele>3109.0</ele></trkpt><trkpt lat="37.73267" lon="-119.19079999999997"><ele>3107.0</ele></trkpt><trkpt lat="37.73266" lon="-119.19070999999997"><ele>3107.403886133603</ele></trkpt><trkpt lat="37.73267" lon="-119.19055000000003"><ele>3109.0</ele></trkpt><trkpt lat="37.73272" lon="-119.19040999999999"><ele>3109.0064679355323</ele></trkpt><trkpt lat="37.73271" lon="-119.19033999999999"><ele>3109.0</ele></trkpt><trkpt lat="37.73252" lon="-119.19006000000002"><ele>3108.3265667736114</ele></trkpt><trkpt lat="37.73245" lon="-119.18959999999998"><ele>3108.0</ele></trkpt><trkpt lat="37.73239" lon="-119.18952000000002"><ele>3107.0</ele></trkpt><trkpt lat="37.73236" lon="-119.18935999999997"><ele>3107.0</ele></trkpt><trkpt lat="37.73226" lon="-119.18907999999999"><ele>3105.9420783305013</ele></trkpt><trkpt lat="37.73216" lon="-119.18896000000001"><ele>3103.0329283103347</ele></trkpt><trkpt lat="37.73223" lon="-119.18878000000001"><ele>3103.0</ele></trkpt><trkpt lat="37.73219" lon="-119.18839000000003"><ele>3103.0</ele></trkpt><trkpt lat="37.73223" lon="-119.18815000000001"><ele>3103.2579047908484</ele></trkpt><trkpt lat="37.73223" lon="-119.18799000000001"><ele>3104.642426931174</ele></trkpt><trkpt lat="37.7322" lon="-119.18790999999999"><ele>3104.0</ele></trkpt><trkpt lat="37.7322" lon="-119.18768"><ele>3104.4036952358288</ele></trkpt><trkpt lat="37.73236" lon="-119.18731000000002"><ele>3102.866468003943</ele></trkpt><trkpt lat="37.73235" lon="-119.18702000000002"><ele>3103.178691160364</ele></trkpt><trkpt lat="37.7323" lon="-119.18666999999999"><ele>3100.631085049036</ele></trkpt><trkpt lat="37.73227" lon="-119.1866"><ele>3100.1823132527234</ele></trkpt><trkpt lat="37.73213" lon="-119.18641000000002"><ele>3102.0553613667507</ele></trkpt><trkpt lat="37.73212" lon="-119.18637999999999"><ele>3102.0</ele></trkpt><trkpt lat="37.73217" lon="-119.18626"><ele>3103.0</ele></trkpt><trkpt lat="37.73218" lon="-119.18612000000002"><ele>3104.0584077094495</ele></trkpt><trkpt lat="37.73211" lon="-119.18612000000002"><ele>3103.661071325352</ele></trkpt><trkpt lat="37.73206" lon="-119.18608"><ele>3104.0</ele></trkpt><trkpt lat="37.73198" lon="-119.18591000000004"><ele>3104.0</ele></trkpt><trkpt lat="37.73172" lon="-119.18549000000002"><ele>3103.0</ele></trkpt><trkpt lat="37.73167" lon="-119.18537000000003"><ele>3103.0</ele></trkpt><trkpt lat="37.73154" lon="-119.18522999999999"><ele>3101.0</ele></trkpt><trkpt lat="37.73151" lon="-119.18507999999997"><ele>3101.0</ele></trkpt><trkpt lat="37.73151" lon="-119.18489999999997"><ele>3101.0</ele></trkpt><trkpt lat="37.73143" lon="-119.18477000000001"><ele>3100.0</ele></trkpt><trkpt lat="37.73137" lon="-119.18432000000001"><ele>3098.4816631115973</ele></trkpt><trkpt lat="37.73137" lon="-119.18416000000002"><ele>3099.0</ele></trkpt><trkpt lat="37.73134" lon="-119.18403999999998"><ele>3098.0</ele></trkpt><trkpt lat="37.73129" lon="-119.18351000000001"><ele>3097.7676386330277</ele></trkpt><trkpt lat="37.73135" lon="-119.18333000000001"><ele>3099.0</ele></trkpt><trkpt lat="37.73142" lon="-119.18324999999999"><ele>3097.796533074935</ele></trkpt><trkpt lat="37.73142" lon="-119.18295999999998"><ele>3096.5720690023154</ele></trkpt><trkpt lat="37.73151" lon="-119.18276000000003"><ele>3096.0</ele></trkpt><trkpt lat="37.73149" lon="-119.18273999999997"><ele>3096.0</ele></trkpt><trkpt lat="37.73148" lon="-119.18257"><ele>3095.0</ele></trkpt><trkpt lat="37.7315" lon="-119.18221"><ele>3093.057020444423</ele></trkpt><trkpt lat="37.73159" lon="-119.18196"><ele>3092.4452566895634</ele></trkpt><trkpt lat="37.73167" lon="-119.18146999999999"><ele>3090.638937026364</ele></trkpt><trkpt lat="37.73161" lon="-119.18110000000001"><ele>3092.0</ele></trkpt><trkpt lat="37.73154" lon="-119.18088999999998"><ele>3093.229251421827</ele></trkpt><trkpt lat="37.73146" lon="-119.18074000000001"><ele>3094.0</ele></trkpt><trkpt lat="37.73129" lon="-119.18045000000001"><ele>3094.740713281151</ele></trkpt><trkpt lat="37.73111" lon="-119.18022000000002"><ele>3092.110145772079</ele></trkpt><trkpt lat="37.7308" lon="-119.17969"><ele>3085.3429756055853</ele></trkpt><trkpt lat="37.7308" lon="-119.17969"><ele>3085.3429756055853</ele></trkpt><trkpt lat="37.73051" lon="-119.17925000000002"><ele>3081.9784802134873</ele></trkpt><trkpt lat="37.73029" lon="-119.17883"><ele>3080.9154684798236</ele></trkpt><trkpt lat="37.73015" lon="-119.17831999999999"><ele>3081.5933431703597</ele></trkpt><trkpt lat="37.73008" lon="-119.17818"><ele>3080.8695998651756</ele></trkpt><trkpt lat="37.73013" lon="-119.17804000000001"><ele>3082.0</ele></trkpt><trkpt lat="37.7301" lon="-119.17788000000002"><ele>3080.264394667931</ele></trkpt><trkpt lat="37.73013" lon="-119.17781000000002"><ele>3080.0008953520028</ele></trkpt><trkpt lat="37.73026" lon="-119.17779000000002"><ele>3080.0700906678103</ele></trkpt><trkpt lat="37.73039" lon="-119.17786000000001"><ele>3079.0</ele></trkpt><trkpt lat="37.7306" lon="-119.17784"><ele>3077.400259555783</ele></trkpt><trkpt lat="37.73061" lon="-119.17763000000002"><ele>3076.613550223876</ele></trkpt><trkpt lat="37.73065" lon="-119.17745000000002"><ele>3075.0</ele></trkpt><trkpt lat="37.73069" lon="-119.17737999999997"><ele>3073.397229129663</ele></trkpt><trkpt lat="37.73078" lon="-119.17732000000001"><ele>3072.929666887856</ele></trkpt><trkpt lat="37.7307" lon="-119.17710999999997"><ele>3071.0</ele></trkpt><trkpt lat="37.73077" lon="-119.17683"><ele>3068.126603655517</ele></trkpt><trkpt lat="37.73073" lon="-119.17659000000003"><ele>3067.769609875977</ele></trkpt><trkpt lat="37.73072" lon="-119.17624999999998"><ele>3065.054268810981</ele></trkpt><trkpt lat="37.73068" lon="-119.17614000000003"><ele>3062.823369447142</ele></trkpt><trkpt lat="37.73067" lon="-119.17602999999997"><ele>3062.2341215983033</ele></trkpt><trkpt lat="37.73068" lon="-119.17590000000001"><ele>3061.823369447142</ele></trkpt><trkpt lat="37.73074" lon="-119.17569000000003"><ele>3061.0</ele></trkpt><trkpt lat="37.73068" lon="-119.17552999999998"><ele>3059.0</ele></trkpt><trkpt lat="37.73062" lon="-119.17518000000001"><ele>3057.162575135672</ele></trkpt><trkpt lat="37.7307" lon="-119.17502999999999"><ele>3058.000829661114</ele></trkpt><trkpt lat="37.73063" lon="-119.17475000000002"><ele>3055.877131002024</ele></trkpt><trkpt lat="37.73053" lon="-119.17421999999999"><ele>3051.9846600852907</ele></trkpt><trkpt lat="37.73052" lon="-119.17410000000001"><ele>3051.0409753760955</ele></trkpt><trkpt lat="37.73055" lon="-119.17399"><ele>3050.1631536316127</ele></trkpt><trkpt lat="37.73055" lon="-119.17389000000003"><ele>3050.1631536316127</ele></trkpt><trkpt lat="37.73048" lon="-119.17372999999998"><ele>3048.038427611813</ele></trkpt><trkpt lat="37.73038" lon="-119.17359999999996"><ele>3046.0</ele></trkpt><trkpt lat="37.73033" lon="-119.17356999999998"><ele>3045.0</ele></trkpt><trkpt lat="37.7303" lon="-119.17365000000001"><ele>3044.0</ele></trkpt><trkpt lat="37.73032" lon="-119.17386999999997"><ele>3043.0</ele></trkpt><trkpt lat="37.73029" lon="-119.17390999999998"><ele>3042.8427623491734</ele></trkpt><trkpt lat="37.73027" lon="-119.17385000000002"><ele>3042.0</ele></trkpt><trkpt lat="37.73" lon="-119.17347000000001"><ele>3036.0</ele></trkpt><trkpt lat="37.7298" lon="-119.17277999999999"><ele>3028.9823047844966</ele></trkpt><trkpt lat="37.72968" lon="-119.17253"><ele>3026.05724375832</ele></trkpt><trkpt lat="37.72965" lon="-119.17250000000001"><ele>3026.0</ele></trkpt><trkpt lat="37.72967" lon="-119.17295000000001"><ele>3021.6615940147144</ele></trkpt><trkpt lat="37.72966" lon="-119.17297000000002"><ele>3022.1623086384498</ele></trkpt><trkpt lat="37.72945" lon="-119.17266999999998"><ele>3017.1868239014075</ele></trkpt><trkpt lat="37.72928" lon="-119.17219"><ele>3011.329445006326</ele></trkpt><trkpt lat="37.72921" lon="-119.17208"><ele>3010.0</ele></trkpt><trkpt lat="37.72911" lon="-119.17196000000001"><ele>3007.743950822281</ele></trkpt><trkpt lat="37.72892" lon="-119.17192"><ele>3005.0</ele></trkpt><trkpt lat="37.72865" lon="-119.17147"><ele>3000.2076878156513</ele></trkpt><trkpt lat="37.7285" lon="-119.17129"><ele>2998.4626613012215</ele></trkpt><trkpt lat="37.7285" lon="-119.17129"><ele>2998.4626613012215</ele></trkpt><trkpt lat="37.7284" lon="-119.17108000000002"><ele>2997.0</ele></trkpt><trkpt lat="37.72834" lon="-119.17106000000001"><ele>2997.0</ele></trkpt><trkpt lat="37.72828" lon="-119.17095999999998"><ele>2997.0</ele></trkpt><trkpt lat="37.72819" lon="-119.17088000000001"><ele>2997.0</ele></trkpt><trkpt lat="37.72808" lon="-119.17066"><ele>2999.0</ele></trkpt><trkpt lat="37.72797" lon="-119.17057999999997"><ele>2999.0</ele></trkpt><trkpt lat="37.72778" lon="-119.17030999999997"><ele>2998.0</ele></trkpt><trkpt lat="37.72779" lon="-119.17007999999998"><ele>2999.0</ele></trkpt><trkpt lat="37.72774" lon="-119.16985"><ele>2998.4351592464786</ele></trkpt><trkpt lat="37.72752" lon="-119.16961000000003"><ele>2997.854460446164</ele></trkpt><trkpt lat="37.7274" lon="-119.16958999999997"><ele>2997.0</ele></trkpt><trkpt lat="37.7274" lon="-119.16958999999997"><ele>2997.0</ele></trkpt><trkpt lat="37.72728" lon="-119.16952000000003"><ele>2996.6806910219784</ele></trkpt><trkpt lat="37.72728" lon="-119.16952000000003"><ele>2996.6806910219784</ele></trkpt><trkpt lat="37.72716" lon="-119.16935000000001"><ele>2998.0</ele></trkpt><trkpt lat="37.72714" lon="-119.16924"><ele>2998.0</ele></trkpt><trkpt lat="37.727125024205385" lon="-119.16921413271842"><ele>2998.0</ele></trkpt><trkpt lat="37.72703" lon="-119.16904999999997"><ele>2998.0</ele></trkpt><trkpt lat="37.72696" lon="-119.16886999999997"><ele>2998.0</ele></trkpt><trkpt lat="37.72666" lon="-119.16847000000001"><ele>3002.965230272774</ele></trkpt><trkpt lat="37.72656" lon="-119.16826000000003"><ele>3005.059992963448</ele></trkpt><trkpt lat="37.726518848247984" lon="-119.1682353089488"><ele>3005.3647297564894</ele></trkpt><trkpt lat="37.726518848247984" lon="-119.1682353089488"><ele>3005.3647297564894</ele></trkpt><trkpt lat="37.72651" lon="-119.16823"><ele>3005.8860815744847</ele></trkpt><trkpt lat="37.72649" lon="-119.16838999999999"><ele>3007.0645108316094</ele></trkpt><trkpt lat="37.72644" lon="-119.16843"><ele>3008.010582583025</ele></trkpt><trkpt lat="37.72642" lon="-119.16840000000002"><ele>3009.1890107300133</ele></trkpt><trkpt lat="37.72642" lon="-119.16817000000003"><ele>3010.1890107300133</ele></trkpt><trkpt lat="37.7264" lon="-119.16816"><ele>3011.0</ele></trkpt><trkpt lat="37.7263" lon="-119.16827"><ele>3013.2595729082823</ele></trkpt><trkpt lat="37.72629" lon="-119.16818"><ele>3013.84878590703</ele></trkpt><trkpt lat="37.72611" lon="-119.16795000000002"><ele>3017.0</ele></trkpt><trkpt lat="37.72609" lon="-119.16795000000002"><ele>3017.0</ele></trkpt><trkpt lat="37.72605" lon="-119.16807"><ele>3019.0</ele></trkpt><trkpt lat="37.72593" lon="-119.16793999999999"><ele>3021.0</ele></trkpt><trkpt lat="37.72592999753142" lon="-119.16793999761222"><ele>3021.0</ele></trkpt><trkpt lat="37.72592999753142" lon="-119.16793999761222"><ele>3021.0</ele></trkpt><trkpt lat="37.7259" lon="-119.16786000000002"><ele>3021.0</ele></trkpt><trkpt lat="37.72571" lon="-119.16773999999998"><ele>3025.0</ele></trkpt><trkpt lat="37.72571" lon="-119.16773999999998"><ele>3025.0</ele></trkpt><trkpt lat="37.72571" lon="-119.16773999999998"><ele>3025.0</ele></trkpt><trkpt lat="37.72573" lon="-119.16766000000001"><ele>3026.0</ele></trkpt><trkpt lat="37.72561" lon="-119.16741999999999"><ele>3027.0</ele></trkpt><trkpt lat="37.72547" lon="-119.16726"><ele>3023.891202313553</ele></trkpt><trkpt lat="37.72513" lon="-119.16667000000001"><ele>3021.0</ele></trkpt><trkpt lat="37.72482" lon="-119.16654"><ele>3017.782090666704</ele></trkpt><trkpt lat="37.7247" lon="-119.16642000000002"><ele>3017.101034119649</ele></trkpt><trkpt lat="37.72465" lon="-119.16622999999998"><ele>3015.160365650173</ele></trkpt><trkpt lat="37.72463" lon="-119.16601000000003"><ele>3013.657040866092</ele></trkpt><trkpt lat="37.72457" lon="-119.16583000000003"><ele>3013.192237947136</ele></trkpt><trkpt lat="37.72445" lon="-119.16566"><ele>3011.2025137823066</ele></trkpt><trkpt lat="37.72436" lon="-119.16543999999999"><ele>3010.5654051806778</ele></trkpt><trkpt lat="37.72424" lon="-119.1653"><ele>3011.9977790108887</ele></trkpt><trkpt lat="37.72419" lon="-119.16521"><ele>3011.9161825504652</ele></trkpt><trkpt lat="37.72407" lon="-119.16485"><ele>3012.6598889844113</ele></trkpt><trkpt lat="37.72399" lon="-119.16476"><ele>3013.3656620960683</ele></trkpt><trkpt lat="37.72388" lon="-119.16449999999998"><ele>3014.846798554063</ele></trkpt><trkpt lat="37.72384" lon="-119.16417000000001"><ele>3017.0</ele></trkpt><trkpt lat="37.72389" lon="-119.16394000000003"><ele>3014.544682711737</ele></trkpt><trkpt lat="37.72384" lon="-119.16385000000002"><ele>3017.0</ele></trkpt><trkpt lat="37.72378" lon="-119.16381000000001"><ele>3018.7387324385345</ele></trkpt><trkpt lat="37.72372" lon="-119.1637"><ele>3019.6888630288113</ele></trkpt><trkpt lat="37.72372" lon="-119.16358000000002"><ele>3019.0</ele></trkpt><trkpt lat="37.72365" lon="-119.16334999999998"><ele>3021.0467191127022</ele></trkpt><trkpt lat="37.72364" lon="-119.16320000000002"><ele>3023.0</ele></trkpt><trkpt lat="37.72374" lon="-119.16309999999999"><ele>3025.0</ele></trkpt><trkpt lat="37.72374" lon="-119.16305999999997"><ele>3025.3976640012115</ele></trkpt><trkpt lat="37.72359" lon="-119.16293999999999"><ele>3027.990730865762</ele></trkpt><trkpt lat="37.72355" lon="-119.16287999999997"><ele>3028.5581350350817</ele></trkpt><trkpt lat="37.72347" lon="-119.16284999999999"><ele>3029.0006779275814</ele></trkpt><trkpt lat="37.72301" lon="-119.16210999999998"><ele>3032.0</ele></trkpt><trkpt lat="37.7226" lon="-119.16182000000003"><ele>3030.0</ele></trkpt><trkpt lat="37.72247" lon="-119.16181"><ele>3030.0</ele></trkpt><trkpt lat="37.72236" lon="-119.16174999999998"><ele>3030.0</ele></trkpt><trkpt lat="37.72231" lon="-119.16156999999998"><ele>3029.6507573779672</ele></trkpt><trkpt lat="37.72219" lon="-119.16134999999997"><ele>3029.618099783969</ele></trkpt><trkpt lat="37.72199" lon="-119.16075999999998"><ele>3029.7969965767115</ele></trkpt><trkpt lat="37.7218814650482" lon="-119.16048866262048"><ele>3027.0928111736366</ele></trkpt><trkpt lat="37.72188655927591" lon="-119.16050139798637"><ele>3027.0</ele></trkpt><trkpt lat="37.72199" lon="-119.16075999999998"><ele>3029.7969965767115</ele></trkpt><trkpt lat="37.72219" lon="-119.16134999999997"><ele>3029.618099783969</ele></trkpt><trkpt lat="37.72231" lon="-119.16156999999998"><ele>3029.6507573779672</ele></trkpt><trkpt lat="37.72236" lon="-119.16174999999998"><ele>3030.0</ele></trkpt><trkpt lat="37.72247" lon="-119.16181"><ele>3030.0</ele></trkpt><trkpt lat="37.7226" lon="-119.16182000000003"><ele>3030.0</ele></trkpt><trkpt lat="37.72301" lon="-119.16210999999998"><ele>3032.0</ele></trkpt><trkpt lat="37.72347" lon="-119.16284999999999"><ele>3029.0006779275814</ele></trkpt><trkpt lat="37.72355" lon="-119.16287999999997"><ele>3028.5581350350817</ele></trkpt><trkpt lat="37.72359" lon="-119.16293999999999"><ele>3027.990730865762</ele></trkpt><trkpt lat="37.72374" lon="-119.16305999999997"><ele>3025.3976640012115</ele></trkpt><trkpt lat="37.72374" lon="-119.16309999999999"><ele>3025.0</ele></trkpt><trkpt lat="37.72364" lon="-119.16320000000002"><ele>3023.0</ele></trkpt><trkpt lat="37.72365" lon="-119.16334999999998"><ele>3021.0467191127022</ele></trkpt><trkpt lat="37.72372" lon="-119.16358000000002"><ele>3019.0</ele></trkpt><trkpt lat="37.72372" lon="-119.1637"><ele>3019.6888630288113</ele></trkpt><trkpt lat="37.72378" lon="-119.16381000000001"><ele>3018.7387324385345</ele></trkpt><trkpt lat="37.72384" lon="-119.16385000000002"><ele>3017.0</ele></trkpt><trkpt lat="37.72389" lon="-119.16394000000003"><ele>3014.544682711737</ele></trkpt><trkpt lat="37.72384" lon="-119.16417000000001"><ele>3017.0</ele></trkpt><trkpt lat="37.72388" lon="-119.16449999999998"><ele>3014.846798554063</ele></trkpt><trkpt lat="37.72399" lon="-119.16476"><ele>3013.3656620960683</ele></trkpt><trkpt lat="37.72407" lon="-119.16485"><ele>3012.6598889844113</ele></trkpt><trkpt lat="37.72419" lon="-119.16521"><ele>3011.9161825504652</ele></trkpt><trkpt lat="37.72424" lon="-119.1653"><ele>3011.9977790108887</ele></trkpt><trkpt lat="37.72436" lon="-119.16543999999999"><ele>3010.5654051806778</ele></trkpt><trkpt lat="37.72445" lon="-119.16566"><ele>3011.2025137823066</ele></trkpt><trkpt lat="37.72457" lon="-119.16583000000003"><ele>3013.192237947136</ele></trkpt><trkpt lat="37.72463" lon="-119.16601000000003"><ele>3013.657040866092</ele></trkpt><trkpt lat="37.72465" lon="-119.16622999999998"><ele>3015.160365650173</ele></trkpt><trkpt lat="37.7247" lon="-119.16642000000002"><ele>3017.101034119649</ele></trkpt><trkpt lat="37.72482" lon="-119.16654"><ele>3017.782090666704</ele></trkpt><trkpt lat="37.72513" lon="-119.16667000000001"><ele>3021.0</ele></trkpt><trkpt lat="37.72547" lon="-119.16726"><ele>3023.891202313553</ele></trkpt><trkpt lat="37.72561" lon="-119.16741999999999"><ele>3027.0</ele></trkpt><trkpt lat="37.72573" lon="-119.16766000000001"><ele>3026.0</ele></trkpt><trkpt lat="37.72571" lon="-119.16773999999998"><ele>3025.0</ele></trkpt><trkpt lat="37.72571" lon="-119.16773999999998"><ele>3025.0</ele></trkpt><trkpt lat="37.72571" lon="-119.16773999999998"><ele>3025.0</ele></trkpt><trkpt lat="37.7259" lon="-119.16786000000002"><ele>3021.0</ele></trkpt><trkpt lat="37.72592999753142" lon="-119.16793999761222"><ele>3021.0</ele></trkpt><trkpt lat="37.72592999753142" lon="-119.16793999761222"><ele>3021.0</ele></trkpt><trkpt lat="37.72593" lon="-119.16793999999999"><ele>3021.0</ele></trkpt><trkpt lat="37.72605" lon="-119.16807"><ele>3019.0</ele></trkpt><trkpt lat="37.72609" lon="-119.16795000000002"><ele>3017.0</ele></trkpt><trkpt lat="37.72611" lon="-119.16795000000002"><ele>3017.0</ele></trkpt><trkpt lat="37.72629" lon="-119.16818"><ele>3013.84878590703</ele></trkpt><trkpt lat="37.7263" lon="-119.16827"><ele>3013.2595729082823</ele></trkpt><trkpt lat="37.7264" lon="-119.16816"><ele>3011.0</ele></trkpt><trkpt lat="37.72642" lon="-119.16817000000003"><ele>3010.1890107300133</ele></trkpt><trkpt lat="37.72642" lon="-119.16840000000002"><ele>3009.1890107300133</ele></trkpt><trkpt lat="37.72644" lon="-119.16843"><ele>3008.010582583025</ele></trkpt><trkpt lat="37.72649" lon="-119.16838999999999"><ele>3007.0645108316094</ele></trkpt><trkpt lat="37.72651" lon="-119.16823"><ele>3005.8860815744847</ele></trkpt><trkpt lat="37.726518848247984" lon="-119.1682353089488"><ele>3005.3647297564894</ele></trkpt><trkpt lat="37.726518848247984" lon="-119.1682353089488"><ele>3005.3647297564894</ele></trkpt><trkpt lat="37.72656" lon="-119.16826000000003"><ele>3005.059992963448</ele></trkpt><trkpt lat="37.72666" lon="-119.16847000000001"><ele>3002.965230272774</ele></trkpt><trkpt lat="37.72696" lon="-119.16886999999997"><ele>2998.0</ele></trkpt><trkpt lat="37.72703" lon="-119.16904999999997"><ele>2998.0</ele></trkpt><trkpt lat="37.727125024205385" lon="-119.16921413271842"><ele>2998.0</ele></trkpt><trkpt lat="37.72714" lon="-119.16924"><ele>2998.0</ele></trkpt><trkpt lat="37.72716" lon="-119.16935000000001"><ele>2998.0</ele></trkpt><trkpt lat="37.72728" lon="-119.16952000000003"><ele>2996.6806910219784</ele></trkpt><trkpt lat="37.72728" lon="-119.16952000000003"><ele>2996.6806910219784</ele></trkpt><trkpt lat="37.7274" lon="-119.16958999999997"><ele>2997.0</ele></trkpt><trkpt lat="37.7274" lon="-119.16958999999997"><ele>2997.0</ele></trkpt><trkpt lat="37.72752" lon="-119.16961000000003"><ele>2997.854460446164</ele></trkpt><trkpt lat="37.72774" lon="-119.16985"><ele>2998.4351592464786</ele></trkpt><trkpt lat="37.72779" lon="-119.17007999999998"><ele>2999.0</ele></trkpt><trkpt lat="37.72778" lon="-119.17030999999997"><ele>2998.0</ele></trkpt><trkpt lat="37.72797" lon="-119.17057999999997"><ele>2999.0</ele></trkpt><trkpt lat="37.72808" lon="-119.17066"><ele>2999.0</ele></trkpt><trkpt lat="37.72819" lon="-119.17088000000001"><ele>2997.0</ele></trkpt><trkpt lat="37.72828" lon="-119.17095999999998"><ele>2997.0</ele></trkpt><trkpt lat="37.72834" lon="-119.17106000000001"><ele>2997.0</ele></trkpt><trkpt lat="37.7284" lon="-119.17108000000002"><ele>2997.0</ele></trkpt><trkpt lat="37.7285" lon="-119.17129"><ele>2998.4626613012215</ele></trkpt><trkpt lat="37.7285" lon="-119.17129"><ele>2998.4626613012215</ele></trkpt><trkpt lat="37.72869" lon="-119.17106000000001"><ele>2998.7515513542103</ele></trkpt><trkpt lat="37.7288" lon="-119.17086999999998"><ele>3000.0</ele></trkpt><trkpt lat="37.72887" lon="-119.17061999999999"><ele>3000.0</ele></trkpt><trkpt lat="37.72893" lon="-119.17059"><ele>3000.525770667009</ele></trkpt><trkpt lat="37.72896" lon="-119.17052000000001"><ele>3001.0</ele></trkpt><trkpt lat="37.72883" lon="-119.17002000000002"><ele>3002.8138719312847</ele></trkpt><trkpt lat="37.72892" lon="-119.16964999999999"><ele>3002.116973657161</ele></trkpt><trkpt lat="37.72874" lon="-119.16915"><ele>2998.7960395246046</ele></trkpt><trkpt lat="37.72877" lon="-119.16906"><ele>3000.0</ele></trkpt><trkpt lat="37.72882" lon="-119.16904"><ele>3001.0</ele></trkpt><trkpt lat="37.72881" lon="-119.16892000000001"><ele>3000.635405758396</ele></trkpt><trkpt lat="37.72885" lon="-119.16868999999997"><ele>3000.020488923295</ele></trkpt><trkpt lat="37.72892" lon="-119.16854999999998"><ele>3003.053208977126</ele></trkpt><trkpt lat="37.72908" lon="-119.16832999999997"><ele>3003.312246100192</ele></trkpt><trkpt lat="37.72921" lon="-119.16825"><ele>3004.097043023975</ele></trkpt><trkpt lat="37.72923" lon="-119.16820000000001"><ele>3003.471886106367</ele></trkpt><trkpt lat="37.72938" lon="-119.16802999999999"><ele>3001.221123554744</ele></trkpt><trkpt lat="37.72947" lon="-119.16799000000003"><ele>3000.3569884458557</ele></trkpt><trkpt lat="37.72975" lon="-119.16778999999997"><ele>2997.0591137464667</ele></trkpt><trkpt lat="37.72977" lon="-119.16762"><ele>2995.0</ele></trkpt><trkpt lat="37.72974" lon="-119.16742999999997"><ele>2994.434419574216</ele></trkpt><trkpt lat="37.72978" lon="-119.16733999999997"><ele>2995.0512759148437</ele></trkpt><trkpt lat="37.73012" lon="-119.16723999999999"><ele>2996.89614442701</ele></trkpt><trkpt lat="37.73019" lon="-119.16719999999998"><ele>2997.053796082552</ele></trkpt><trkpt lat="37.73021" lon="-119.16715999999997"><ele>2996.087097091623</ele></trkpt><trkpt lat="37.73012" lon="-119.16692999999998"><ele>2995.0351644889697</ele></trkpt><trkpt lat="37.73012" lon="-119.16687999999999"><ele>2996.0</ele></trkpt><trkpt lat="37.73027" lon="-119.16658999999999"><ele>2998.7765324953943</ele></trkpt><trkpt lat="37.73037" lon="-119.16651000000002"><ele>2997.383989334572</ele></trkpt><trkpt lat="37.73046" lon="-119.16631999999998"><ele>2993.544795417512</ele></trkpt><trkpt lat="37.73059" lon="-119.16628000000003"><ele>2995.330424891785</ele></trkpt><trkpt lat="37.73069" lon="-119.16613000000001"><ele>2995.08732315246</ele></trkpt><trkpt lat="37.73093" lon="-119.16593"><ele>2993.0</ele></trkpt><trkpt lat="37.73095" lon="-119.16588000000002"><ele>2993.0</ele></trkpt><trkpt lat="37.7312" lon="-119.16593"><ele>2994.3540302230977</ele></trkpt><trkpt lat="37.73126" lon="-119.16586999999998"><ele>2995.0</ele></trkpt><trkpt lat="37.73147" lon="-119.16584"><ele>2996.0</ele></trkpt><trkpt lat="37.73178" lon="-119.16593"><ele>2999.7730246736182</ele></trkpt><trkpt lat="37.73181" lon="-119.16588999999999"><ele>3000.0</ele></trkpt><trkpt lat="37.73177" lon="-119.16583000000003"><ele>3001.0</ele></trkpt><trkpt lat="37.73179" lon="-119.16580999999996"><ele>3001.230375183746</ele></trkpt><trkpt lat="37.7323" lon="-119.16552999999999"><ele>3002.0</ele></trkpt><trkpt lat="37.73251" lon="-119.16559000000001"><ele>3003.0</ele></trkpt><trkpt lat="37.73262" lon="-119.16556000000003"><ele>3003.0</ele></trkpt><trkpt lat="37.73283" lon="-119.16525999999999"><ele>3005.0</ele></trkpt><trkpt lat="37.73298" lon="-119.16514999999998"><ele>3005.0033955550753</ele></trkpt><trkpt lat="37.73299" lon="-119.16494999999998"><ele>3003.0</ele></trkpt><trkpt lat="37.73305" lon="-119.16474"><ele>3001.0</ele></trkpt><trkpt lat="37.73305" lon="-119.16438"><ele>2998.4773536715657</ele></trkpt><trkpt lat="37.73297" lon="-119.16402"><ele>2995.763222238049</ele></trkpt><trkpt lat="37.73285" lon="-119.16383000000002"><ele>2994.4869368900545</ele></trkpt><trkpt lat="37.73282" lon="-119.16374000000002"><ele>2993.0</ele></trkpt><trkpt lat="37.73268" lon="-119.16356000000002"><ele>2989.0</ele></trkpt><trkpt lat="37.73241" lon="-119.16338000000002"><ele>2984.7644448056817</ele></trkpt><trkpt lat="37.73227" lon="-119.16311999999999"><ele>2981.0</ele></trkpt><trkpt lat="37.73226" lon="-119.16291999999999"><ele>2980.0778631102294</ele></trkpt><trkpt lat="37.73177" lon="-119.16254000000004"><ele>2973.0</ele></trkpt><trkpt lat="37.7316" lon="-119.16228000000001"><ele>2970.0</ele></trkpt><trkpt lat="37.73144" lon="-119.16226"><ele>2966.8742045173335</ele></trkpt><trkpt lat="37.73124" lon="-119.16209000000003"><ele>2961.821375919506</ele></trkpt><trkpt lat="37.73114" lon="-119.16203999999999"><ele>2959.0</ele></trkpt><trkpt lat="37.73105" lon="-119.16203000000002"><ele>2957.0</ele></trkpt><trkpt lat="37.73098" lon="-119.16196000000002"><ele>2955.0</ele></trkpt><trkpt lat="37.73094" lon="-119.16173000000003"><ele>2953.1438414175063</ele></trkpt><trkpt lat="37.73086" lon="-119.16151000000002"><ele>2950.42984431237</ele></trkpt><trkpt lat="37.73082" lon="-119.16147000000001"><ele>2949.0728476680815</ele></trkpt><trkpt lat="37.73079" lon="-119.16160000000002"><ele>2947.3051010221243</ele></trkpt><trkpt lat="37.73074" lon="-119.16160000000002"><ele>2945.3588582016528</ele></trkpt><trkpt lat="37.73064" lon="-119.16145"><ele>2941.46637853235</ele></trkpt><trkpt lat="37.73049" lon="-119.16129999999998"><ele>2938.0</ele></trkpt><trkpt lat="37.73037" lon="-119.16106000000002"><ele>2936.336494369042</ele></trkpt><trkpt lat="37.72986" lon="-119.16034000000002"><ele>2926.0802693100313</ele></trkpt><trkpt lat="37.72979" lon="-119.15999999999997"><ele>2925.38062261045</ele></trkpt><trkpt lat="37.72978746613191" lon="-119.15994678877007"><ele>2925.2313167639077</ele></trkpt><trkpt lat="37.72978705163787" lon="-119.1599380843877"><ele>2925.2068930845708</ele></trkpt><trkpt lat="37.72977" lon="-119.15958"><ele>2925.0</ele></trkpt><trkpt lat="37.72989" lon="-119.15921000000003"><ele>2922.403402471402</ele></trkpt><trkpt lat="37.72989" lon="-119.15921000000003"><ele>2922.403402471402</ele></trkpt><trkpt lat="37.72989" lon="-119.15921000000003"><ele>2922.403402471402</ele></trkpt><trkpt lat="37.72983" lon="-119.15917000000002"><ele>2921.23248463172</ele></trkpt><trkpt lat="37.72966" lon="-119.15893"><ele>2919.0</ele></trkpt><trkpt lat="37.7296" lon="-119.15888999999999"><ele>2918.266250666231</ele></trkpt><trkpt lat="37.72959" lon="-119.15868999999998"><ele>2917.0</ele></trkpt><trkpt lat="37.72943" lon="-119.15840000000003"><ele>2912.263668060682</ele></trkpt><trkpt lat="37.72932" lon="-119.15832"><ele>2909.6863926313818</ele></trkpt><trkpt lat="37.72927" lon="-119.15832"><ele>2908.0</ele></trkpt><trkpt lat="37.72922" lon="-119.15814"><ele>2907.544926247157</ele></trkpt><trkpt lat="37.72913" lon="-119.15810999999997"><ele>2904.5338624077394</ele></trkpt><trkpt lat="37.7289" lon="-119.15780000000001"><ele>2900.0</ele></trkpt><trkpt lat="37.72872" lon="-119.15771000000001"><ele>2896.332311907783</ele></trkpt><trkpt lat="37.72872" lon="-119.15771000000001"><ele>2896.332311907783</ele></trkpt><trkpt lat="37.72853" lon="-119.15751"><ele>2893.006354211007</ele></trkpt><trkpt lat="37.72843" lon="-119.15733999999998"><ele>2890.244608907029</ele></trkpt><trkpt lat="37.72838" lon="-119.15731"><ele>2889.555985656204</ele></trkpt><trkpt lat="37.72836" lon="-119.15731"><ele>2889.0440507019375</ele></trkpt><trkpt lat="37.72835" lon="-119.15733999999998"><ele>2887.514309640313</ele></trkpt><trkpt lat="37.72839" lon="-119.15744999999998"><ele>2887.8876896053553</ele></trkpt><trkpt lat="37.72835" lon="-119.15749"><ele>2886.0114231482703</ele></trkpt><trkpt lat="37.72825" lon="-119.15746999999999"><ele>2883.63848207891</ele></trkpt><trkpt lat="37.72815" lon="-119.15737000000001"><ele>2882.0</ele></trkpt><trkpt lat="37.72811" lon="-119.15726999999998"><ele>2882.0</ele></trkpt><trkpt lat="37.72811" lon="-119.15712000000002"><ele>2882.0</ele></trkpt><trkpt lat="37.72814" lon="-119.15704"><ele>2883.0</ele></trkpt><trkpt lat="37.72813" lon="-119.15686"><ele>2882.1922420513984</ele></trkpt><trkpt lat="37.72819" lon="-119.15667000000002"><ele>2883.0</ele></trkpt><trkpt lat="37.72819" lon="-119.15659"><ele>2882.103112200275</ele></trkpt><trkpt lat="37.72784" lon="-119.15623"><ele>2879.0</ele></trkpt><trkpt lat="37.72769" lon="-119.15618999999998"><ele>2878.717684587449</ele></trkpt><trkpt lat="37.72746" lon="-119.15605"><ele>2875.0</ele></trkpt><trkpt lat="37.72743" lon="-119.15598"><ele>2875.0</ele></trkpt><trkpt lat="37.72741" lon="-119.15580999999997"><ele>2874.376645824097</ele></trkpt><trkpt lat="37.72733" lon="-119.15573999999998"><ele>2875.0</ele></trkpt><trkpt lat="37.72697" lon="-119.15564999999998"><ele>2870.7878054098387</ele></trkpt><trkpt lat="37.72671" lon="-119.15564999999998"><ele>2867.0</ele></trkpt><trkpt lat="37.72662" lon="-119.15562999999997"><ele>2865.862704853893</ele></trkpt><trkpt lat="37.72655" lon="-119.15555999999998"><ele>2865.4345267422887</ele></trkpt><trkpt lat="37.7263" lon="-119.15517"><ele>2865.765946915668</ele></trkpt><trkpt lat="37.72623" lon="-119.15499"><ele>2866.2999140628517</ele></trkpt><trkpt lat="37.72595" lon="-119.15462000000002"><ele>2867.0861745845414</ele></trkpt><trkpt lat="37.72585" lon="-119.15431999999998"><ele>2869.0</ele></trkpt><trkpt lat="37.72557" lon="-119.15397000000002"><ele>2865.0162858565245</ele></trkpt><trkpt lat="37.72547" lon="-119.15388999999999"><ele>2863.8360189851373</ele></trkpt><trkpt lat="37.72535" lon="-119.15372000000002"><ele>2862.923383839489</ele></trkpt><trkpt lat="37.72531" lon="-119.15357"><ele>2862.801165926132</ele></trkpt><trkpt lat="37.7248" lon="-119.15287000000001"><ele>2853.359366418794</ele></trkpt><trkpt lat="37.7247" lon="-119.15274999999997"><ele>2851.4673593509942</ele></trkpt><trkpt lat="37.72448" lon="-119.15258"><ele>2847.0</ele></trkpt><trkpt lat="37.7242" lon="-119.15229999999997"><ele>2842.0</ele></trkpt><trkpt lat="37.7241" lon="-119.15223000000003"><ele>2840.012962538736</ele></trkpt><trkpt lat="37.72396" lon="-119.15222"><ele>2836.8667542785406</ele></trkpt><trkpt lat="37.72384" lon="-119.15204"><ele>2835.9932591077622</ele></trkpt><trkpt lat="37.72351" lon="-119.15170999999998"><ele>2831.576919269415</ele></trkpt><trkpt lat="37.72337" lon="-119.15143"><ele>2831.4581282229988</ele></trkpt><trkpt lat="37.72318" lon="-119.15134"><ele>2829.0</ele></trkpt><trkpt lat="37.72286" lon="-119.15087"><ele>2829.0275246003685</ele></trkpt><trkpt lat="37.72269" lon="-119.15075999999999"><ele>2828.6343295718216</ele></trkpt><trkpt lat="37.72253" lon="-119.15069"><ele>2827.0</ele></trkpt><trkpt lat="37.72244" lon="-119.15061000000003"><ele>2827.0</ele></trkpt><trkpt lat="37.72235502509875" lon="-119.1505095751167"><ele>2827.0</ele></trkpt><trkpt lat="37.72234553361543" lon="-119.15049835781451"><ele>2826.95209301008</ele></trkpt><trkpt lat="37.72222" lon="-119.15035"><ele>2827.0</ele></trkpt><trkpt lat="37.72218" lon="-119.15026999999998"><ele>2828.4548657783307</ele></trkpt><trkpt lat="37.7221" lon="-119.15021999999999"><ele>2829.0</ele></trkpt><trkpt lat="37.72204" lon="-119.15007000000003"><ele>2829.0</ele></trkpt><trkpt lat="37.72168" lon="-119.14949999999999"><ele>2820.1807637836837</ele></trkpt><trkpt lat="37.72145" lon="-119.14897000000002"><ele>2814.9992721739936</ele></trkpt><trkpt lat="37.72145" lon="-119.14855"><ele>2808.981459915638</ele></trkpt><trkpt lat="37.72144" lon="-119.14848999999998"><ele>2807.7515187745325</ele></trkpt><trkpt lat="37.72137" lon="-119.14837999999997"><ele>2805.2680668029934</ele></trkpt><trkpt lat="37.72135" lon="-119.14828999999997"><ele>2804.024264251461</ele></trkpt><trkpt lat="37.72141" lon="-119.14807000000002"><ele>2804.0</ele></trkpt><trkpt lat="37.72141" lon="-119.14801"><ele>2803.138385220608</ele></trkpt><trkpt lat="37.72132" lon="-119.14785"><ele>2799.3221986908466</ele></trkpt><trkpt lat="37.72123" lon="-119.14760999999999"><ele>2794.0196411050856</ele></trkpt><trkpt lat="37.72136" lon="-119.14738999999997"><ele>2790.3274062210694</ele></trkpt><trkpt lat="37.72145" lon="-119.14706000000001"><ele>2788.9307101505306</ele></trkpt><trkpt lat="37.72152" lon="-119.14702999999997"><ele>2788.0</ele></trkpt><trkpt lat="37.72156" lon="-119.14693999999997"><ele>2786.0</ele></trkpt><trkpt lat="37.72144" lon="-119.14679999999998"><ele>2784.8314133328386</ele></trkpt><trkpt lat="37.72141" lon="-119.14672000000002"><ele>2783.0</ele></trkpt><trkpt lat="37.72139" lon="-119.14661999999998"><ele>2782.0</ele></trkpt><trkpt lat="37.72138" lon="-119.14634999999998"><ele>2780.0</ele></trkpt><trkpt lat="37.72129" lon="-119.14611000000002"><ele>2778.0</ele></trkpt><trkpt lat="37.72129" lon="-119.14611000000002"><ele>2778.0</ele></trkpt><trkpt lat="37.72129" lon="-119.14611000000002"><ele>2778.0</ele></trkpt><trkpt lat="37.72141" lon="-119.14562999999998"><ele>2776.0</ele></trkpt><trkpt lat="37.72171" lon="-119.14528999999999"><ele>2776.0</ele></trkpt><trkpt lat="37.72173" lon="-119.14522"><ele>2776.0</ele></trkpt><trkpt lat="37.72173" lon="-119.14507000000003"><ele>2776.0</ele></trkpt><trkpt lat="37.72141" lon="-119.14477"><ele>2771.6247627213597</ele></trkpt><trkpt lat="37.72124" lon="-119.14454"><ele>2768.0</ele></trkpt><trkpt lat="37.72111" lon="-119.14434"><ele>2766.0</ele></trkpt><trkpt lat="37.72083" lon="-119.14371"><ele>2764.547475784436</ele></trkpt><trkpt lat="37.72083" lon="-119.14346"><ele>2766.07975174077</ele></trkpt><trkpt lat="37.72085" lon="-119.14339999999999"><ele>2765.239786663732</ele></trkpt><trkpt lat="37.7209" lon="-119.14333999999997"><ele>2765.3368013124555</ele></trkpt><trkpt lat="37.721" lon="-119.14328999999998"><ele>2765.0</ele></trkpt><trkpt lat="37.72104" lon="-119.14323000000002"><ele>2765.8253740202636</ele></trkpt><trkpt lat="37.72108" lon="-119.14303000000001"><ele>2767.0248837229456</ele></trkpt><trkpt lat="37.72111" lon="-119.14296000000002"><ele>2765.993668688902</ele></trkpt><trkpt lat="37.72126" lon="-119.14283999999998"><ele>2764.282037332654</ele></trkpt><trkpt lat="37.72128" lon="-119.14276000000001"><ele>2763.5346652669477</ele></trkpt><trkpt lat="37.72127" lon="-119.14267000000001"><ele>2763.241054893345</ele></trkpt><trkpt lat="37.7212" lon="-119.14258000000001"><ele>2762.0</ele></trkpt><trkpt lat="37.72114" lon="-119.14255000000003"><ele>2761.0</ele></trkpt><trkpt lat="37.72098" lon="-119.14256"><ele>2758.222670542088</ele></trkpt><trkpt lat="37.72088" lon="-119.14252999999997"><ele>2757.0657803331205</ele></trkpt><trkpt lat="37.72078" lon="-119.14246000000003"><ele>2755.934196019545</ele></trkpt><trkpt lat="37.72068" lon="-119.14229"><ele>2756.615262493491</ele></trkpt><trkpt lat="37.72058" lon="-119.14183000000003"><ele>2754.723583139479</ele></trkpt><trkpt lat="37.72044" lon="-119.14148999999998"><ele>2755.300603492581</ele></trkpt><trkpt lat="37.72041" lon="-119.14146"><ele>2755.0</ele></trkpt><trkpt lat="37.72025" lon="-119.14164"><ele>2754.538453222268</ele></trkpt><trkpt lat="37.72016" lon="-119.14168000000001"><ele>2753.21736947353</ele></trkpt><trkpt lat="37.72006" lon="-119.14181000000002"><ele>2752.3431343423017</ele></trkpt><trkpt lat="37.72001" lon="-119.14179999999999"><ele>2751.0</ele></trkpt><trkpt lat="37.71999" lon="-119.14166"><ele>2749.0</ele></trkpt><trkpt lat="37.71987" lon="-119.14141999999998"><ele>2745.0</ele></trkpt><trkpt lat="37.71961" lon="-119.14150999999998"><ele>2741.0</ele></trkpt><trkpt lat="37.71954" lon="-119.14161000000001"><ele>2740.45058934018</ele></trkpt><trkpt lat="37.71943" lon="-119.14166999999998"><ele>2740.0</ele></trkpt><trkpt lat="37.71928" lon="-119.14159000000001"><ele>2736.0</ele></trkpt><trkpt lat="37.71897" lon="-119.14156000000003"><ele>2729.3702862206846</ele></trkpt><trkpt lat="37.71896" lon="-119.14150999999998"><ele>2730.0</ele></trkpt><trkpt lat="37.71911" lon="-119.14125999999999"><ele>2728.7655148585327</ele></trkpt><trkpt lat="37.71918" lon="-119.14098000000001"><ele>2726.385392563103</ele></trkpt><trkpt lat="37.71916" lon="-119.14085"><ele>2725.0625946428627</ele></trkpt><trkpt lat="37.71915" lon="-119.14084000000003"><ele>2724.5130789275922</ele></trkpt><trkpt lat="37.71904" lon="-119.14103999999998"><ele>2720.9956058538673</ele></trkpt><trkpt lat="37.71891" lon="-119.14116000000001"><ele>2718.992246201256</ele></trkpt><trkpt lat="37.71889" lon="-119.14114999999998"><ele>2718.081172540231</ele></trkpt><trkpt lat="37.71893" lon="-119.14096999999998"><ele>2715.645742949564</ele></trkpt><trkpt lat="37.71892" lon="-119.14089999999999"><ele>2714.0</ele></trkpt><trkpt lat="37.71884" lon="-119.14075000000003"><ele>2714.119022220373</ele></trkpt><trkpt lat="37.718740206355555" lon="-119.14063970176142"><ele>2714.3302600290626</ele></trkpt><trkpt lat="37.718740206355555" lon="-119.14063970176142"><ele>2714.3302600290626</ele></trkpt><trkpt lat="37.71865" lon="-119.14053999999999"><ele>2712.0</ele></trkpt><trkpt lat="37.71859" lon="-119.14044000000001"><ele>2712.0</ele></trkpt><trkpt lat="37.71859" lon="-119.14044000000001"><ele>2712.0</ele></trkpt><trkpt lat="37.71855" lon="-119.14037000000002"><ele>2711.0</ele></trkpt><trkpt lat="37.71848" lon="-119.14004"><ele>2707.000153908506</ele></trkpt><trkpt lat="37.71834" lon="-119.13967000000002"><ele>2702.863793677937</ele></trkpt><trkpt lat="37.71832" lon="-119.13936999999999"><ele>2700.573750708252</ele></trkpt><trkpt lat="37.71814" lon="-119.13929999999999"><ele>2695.6844533870376</ele></trkpt><trkpt lat="37.71806" lon="-119.13923"><ele>2695.2446698472645</ele></trkpt><trkpt lat="37.71803" lon="-119.13916"><ele>2695.595120100793</ele></trkpt><trkpt lat="37.71791" lon="-119.13905"><ele>2691.418685428798</ele></trkpt><trkpt lat="37.71787" lon="-119.13896"><ele>2690.6011692965403</ele></trkpt><trkpt lat="37.71783" lon="-119.13871"><ele>2691.7055175453424</ele></trkpt><trkpt lat="37.71778" lon="-119.13863000000003"><ele>2688.7597902044654</ele></trkpt><trkpt lat="37.71776" lon="-119.13851"><ele>2688.878406914953</ele></trkpt><trkpt lat="37.71773" lon="-119.13812000000001"><ele>2686.6281297020614</ele></trkpt><trkpt lat="37.71769" lon="-119.1379"><ele>2681.9482558329373</ele></trkpt><trkpt lat="37.71757" lon="-119.13764000000003"><ele>2679.387757079676</ele></trkpt><trkpt lat="37.71752" lon="-119.13760000000002"><ele>2677.406527558448</ele></trkpt><trkpt lat="37.71741" lon="-119.13760000000002"><ele>2675.9227576623985</ele></trkpt><trkpt lat="37.7173" lon="-119.13746000000003"><ele>2674.0</ele></trkpt><trkpt lat="37.71699" lon="-119.13731000000001"><ele>2669.434641777072</ele></trkpt><trkpt lat="37.71661" lon="-119.13727"><ele>2664.248085790329</ele></trkpt><trkpt lat="37.71614" lon="-119.13688000000002"><ele>2658.4740942209028</ele></trkpt><trkpt lat="37.71568" lon="-119.13644"><ele>2653.0</ele></trkpt><trkpt lat="37.71542" lon="-119.13614999999999"><ele>2649.7237210720778</ele></trkpt><trkpt lat="37.71522" lon="-119.13605000000001"><ele>2647.154897776898</ele></trkpt><trkpt lat="37.71498" lon="-119.13605000000001"><ele>2645.0</ele></trkpt><trkpt lat="37.71473" lon="-119.13599999999997"><ele>2644.0</ele></trkpt><trkpt lat="37.71454" lon="-119.13574"><ele>2644.0</ele></trkpt><trkpt lat="37.71454" lon="-119.13574"><ele>2644.0</ele></trkpt><trkpt lat="37.71445" lon="-119.13562000000002"><ele>2643.1124946375853</ele></trkpt><trkpt lat="37.7143" lon="-119.13549"><ele>2641.742051422596</ele></trkpt><trkpt lat="37.7141517915158" lon="-119.13547306188752"><ele>2639.000456938577</ele></trkpt><trkpt lat="37.71417401879719" lon="-119.13547560212646"><ele>2638.9481912324945</ele></trkpt><trkpt lat="37.71395" lon="-119.13544999999999"><ele>2638.0</ele></trkpt><trkpt lat="37.71387" lon="-119.13539000000003"><ele>2637.374444411359</ele></trkpt><trkpt lat="37.71367" lon="-119.13539000000003"><ele>2636.6278005465865</ele></trkpt><trkpt lat="37.71361" lon="-119.13535000000002"><ele>2636.0</ele></trkpt><trkpt lat="37.71336" lon="-119.13504999999998"><ele>2631.3653484974056</ele></trkpt><trkpt lat="37.71321" lon="-119.13497999999998"><ele>2629.5287055820227</ele></trkpt><trkpt lat="37.71299" lon="-119.13481999999999"><ele>2627.0</ele></trkpt><trkpt lat="37.71268" lon="-119.13443000000001"><ele>2625.1996537740624</ele></trkpt><trkpt lat="37.71242" lon="-119.13380000000001"><ele>2625.0123646518673</ele></trkpt><trkpt lat="37.71217" lon="-119.13355000000001"><ele>2625.0</ele></trkpt><trkpt lat="37.71215" lon="-119.13333"><ele>2625.0</ele></trkpt><trkpt lat="37.71209" lon="-119.13319000000001"><ele>2624.0</ele></trkpt><trkpt lat="37.71208" lon="-119.13299999999998"><ele>2625.283363636051</ele></trkpt><trkpt lat="37.71204" lon="-119.13290999999998"><ele>2625.797590767262</ele></trkpt><trkpt lat="37.7118" lon="-119.13256999999999"><ele>2626.155659081259</ele></trkpt><trkpt lat="37.7117" lon="-119.13252"><ele>2626.0</ele></trkpt><trkpt lat="37.71159" lon="-119.13241"><ele>2626.074452770494</ele></trkpt><trkpt lat="37.71121" lon="-119.13216999999997"><ele>2621.993005260782</ele></trkpt><trkpt lat="37.71095" lon="-119.13195000000002"><ele>2622.0896955464486</ele></trkpt><trkpt lat="37.71078" lon="-119.13184999999999"><ele>2622.0</ele></trkpt><trkpt lat="37.71064" lon="-119.13171"><ele>2621.0</ele></trkpt><trkpt lat="37.71037" lon="-119.13116000000002"><ele>2621.224975178018</ele></trkpt><trkpt lat="37.71027" lon="-119.13108999999997"><ele>2619.0</ele></trkpt><trkpt lat="37.71022" lon="-119.13080000000002"><ele>2615.0</ele></trkpt><trkpt lat="37.71032" lon="-119.13058999999998"><ele>2613.5609972662946</ele></trkpt><trkpt lat="37.71043" lon="-119.13042000000002"><ele>2613.3555083447022</ele></trkpt><trkpt lat="37.71058" lon="-119.13040000000001"><ele>2612.5360177783296</ele></trkpt><trkpt lat="37.71079" lon="-119.13022000000001"><ele>2610.0</ele></trkpt><trkpt lat="37.71076" lon="-119.13015999999999"><ele>2609.0</ele></trkpt><trkpt lat="37.71063" lon="-119.1302"><ele>2607.640036079955</ele></trkpt><trkpt lat="37.71055" lon="-119.13017000000002"><ele>2606.0</ele></trkpt><trkpt lat="37.7106" lon="-119.13006999999999"><ele>2604.15690311091</ele></trkpt><trkpt lat="37.71053" lon="-119.12955"><ele>2599.0</ele></trkpt><trkpt lat="37.71038" lon="-119.12921"><ele>2597.0</ele></trkpt><trkpt lat="37.71018" lon="-119.12892"><ele>2594.0</ele></trkpt><trkpt lat="37.71014" lon="-119.12876"><ele>2593.676010074094</ele></trkpt><trkpt lat="37.70992" lon="-119.12853000000001"><ele>2589.0</ele></trkpt><trkpt lat="37.70981" lon="-119.12826000000001"><ele>2586.85091059188</ele></trkpt><trkpt lat="37.70976" lon="-119.12799000000001"><ele>2583.2908555101603</ele></trkpt><trkpt lat="37.7097" lon="-119.12781999999999"><ele>2582.0</ele></trkpt><trkpt lat="37.70957" lon="-119.12765999999999"><ele>2581.0</ele></trkpt><trkpt lat="37.70931" lon="-119.12756999999999"><ele>2580.0</ele></trkpt><trkpt lat="37.709" lon="-119.12720999999999"><ele>2580.0</ele></trkpt><trkpt lat="37.70876" lon="-119.12670000000003"><ele>2579.383102511987</ele></trkpt><trkpt lat="37.70866" lon="-119.12661000000003"><ele>2578.9539154036356</ele></trkpt><trkpt lat="37.70821" lon="-119.12641000000002"><ele>2575.0</ele></trkpt><trkpt lat="37.70798" lon="-119.12621000000001"><ele>2574.0</ele></trkpt><trkpt lat="37.70746" lon="-119.12590999999998"><ele>2570.9438378949685</ele></trkpt><trkpt lat="37.70705" lon="-119.12558000000001"><ele>2571.0</ele></trkpt><trkpt lat="37.70671" lon="-119.1252"><ele>2567.0</ele></trkpt><trkpt lat="37.70662" lon="-119.12513000000001"><ele>2565.0</ele></trkpt><trkpt lat="37.7064" lon="-119.12509"><ele>2562.9279182218015</ele></trkpt><trkpt lat="37.70617" lon="-119.12491"><ele>2564.132243804168</ele></trkpt><trkpt lat="37.70531" lon="-119.12396000000001"><ele>2573.654333825135</ele></trkpt><trkpt lat="37.7052" lon="-119.12373000000002"><ele>2573.209156770623</ele></trkpt><trkpt lat="37.70514" lon="-119.12315000000001"><ele>2572.143683306873</ele></trkpt><trkpt lat="37.70514" lon="-119.12301000000002"><ele>2572.143683306873</ele></trkpt><trkpt lat="37.70509" lon="-119.12290000000002"><ele>2571.0</ele></trkpt><trkpt lat="37.70511" lon="-119.12270999999998"><ele>2573.90271509342</ele></trkpt><trkpt lat="37.70504" lon="-119.12257"><ele>2574.528368603421</ele></trkpt><trkpt lat="37.70484" lon="-119.12239"><ele>2575.357606357592</ele></trkpt><trkpt lat="37.70475" lon="-119.12234999999998"><ele>2573.792170525063</ele></trkpt><trkpt lat="37.70468" lon="-119.12225000000001"><ele>2576.0134301488015</ele></trkpt><trkpt lat="37.70387" lon="-119.12148000000002"><ele>2577.055753284096</ele></trkpt><trkpt lat="37.70372" lon="-119.12131"><ele>2578.0</ele></trkpt><trkpt lat="37.70353" lon="-119.12103000000002"><ele>2579.0</ele></trkpt><trkpt lat="37.70333" lon="-119.12085000000002"><ele>2578.0</ele></trkpt><trkpt lat="37.70324" lon="-119.12071000000003"><ele>2575.2658297906446</ele></trkpt><trkpt lat="37.70296" lon="-119.12058999999999"><ele>2571.9050012422294</ele></trkpt><trkpt lat="37.70246" lon="-119.12031000000002"><ele>2563.2825352586806</ele></trkpt><trkpt lat="37.70202" lon="-119.12017000000003"><ele>2556.0</ele></trkpt><trkpt lat="37.70187" lon="-119.12004000000002"><ele>2555.0</ele></trkpt><trkpt lat="37.7017" lon="-119.11999000000003"><ele>2551.5169798098505</ele></trkpt><trkpt lat="37.70121" lon="-119.11966000000001"><ele>2543.655220299959</ele></trkpt><trkpt lat="37.70121" lon="-119.11966000000001"><ele>2543.655220299959</ele></trkpt><trkpt lat="37.70066" lon="-119.11928"><ele>2541.180040351796</ele></trkpt><trkpt lat="37.70053" lon="-119.11899"><ele>2544.0</ele></trkpt><trkpt lat="37.70047" lon="-119.11894000000001"><ele>2543.036865302531</ele></trkpt><trkpt lat="37.70039" lon="-119.11860999999999"><ele>2545.0</ele></trkpt><trkpt lat="37.7003" lon="-119.11856999999998"><ele>2544.0</ele></trkpt><trkpt lat="37.70029" lon="-119.11847999999998"><ele>2543.4663096461445</ele></trkpt><trkpt lat="37.70022" lon="-119.11838999999998"><ele>2541.7152762218316</ele></trkpt><trkpt lat="37.70007" lon="-119.11838999999998"><ele>2542.0838776093087</ele></trkpt><trkpt lat="37.69988" lon="-119.11815999999999"><ele>2538.282023529945</ele></trkpt><trkpt lat="37.69965" lon="-119.11817000000002"><ele>2533.0</ele></trkpt><trkpt lat="37.69953" lon="-119.11813000000001"><ele>2530.0</ele></trkpt><trkpt lat="37.69946" lon="-119.11815999999999"><ele>2529.0640873237</ele></trkpt><trkpt lat="37.69941" lon="-119.11811999999998"><ele>2527.4777456194274</ele></trkpt><trkpt lat="37.69938" lon="-119.11797000000001"><ele>2525.8670704681426</ele></trkpt><trkpt lat="37.69921" lon="-119.11770999999999"><ele>2523.735247660267</ele></trkpt><trkpt lat="37.69921" lon="-119.1173"><ele>2522.8540987242013</ele></trkpt><trkpt lat="37.69912" lon="-119.11705999999998"><ele>2518.6215138310326</ele></trkpt><trkpt lat="37.69887" lon="-119.11678999999998"><ele>2513.9546432272114</ele></trkpt><trkpt lat="37.69874" lon="-119.11671000000001"><ele>2510.635520331096</ele></trkpt><trkpt lat="37.6984" lon="-119.11637000000002"><ele>2506.145548686385</ele></trkpt><trkpt lat="37.69833" lon="-119.11633999999998"><ele>2504.7140883930474</ele></trkpt><trkpt lat="37.69831" lon="-119.11635000000001"><ele>2504.0</ele></trkpt><trkpt lat="37.69846" lon="-119.11651999999998"><ele>2502.3188657783903</ele></trkpt><trkpt lat="37.6986" lon="-119.11684000000002"><ele>2499.9556650866684</ele></trkpt><trkpt lat="37.69872" lon="-119.11703"><ele>2498.993308637291</ele></trkpt><trkpt lat="37.69875" lon="-119.11732999999998"><ele>2496.760290302336</ele></trkpt><trkpt lat="37.69872" lon="-119.11775"><ele>2494.996575518981</ele></trkpt><trkpt lat="37.69868" lon="-119.11779999999999"><ele>2494.3334577777423</ele></trkpt><trkpt lat="37.69847" lon="-119.11791"><ele>2491.123459220382</ele></trkpt><trkpt lat="37.6984" lon="-119.118"><ele>2489.7044737719552</ele></trkpt><trkpt lat="37.69835" lon="-119.11802"><ele>2488.1175881128684</ele></trkpt><trkpt lat="37.69799" lon="-119.11810000000003"><ele>2484.313519882264</ele></trkpt><trkpt lat="37.69794" lon="-119.11813000000001"><ele>2483.7646087324247</ele></trkpt><trkpt lat="37.69791" lon="-119.11811999999998"><ele>2482.0702817451556</ele></trkpt><trkpt lat="37.69791" lon="-119.11797999999999"><ele>2480.0</ele></trkpt><trkpt lat="37.69798" lon="-119.11774000000003"><ele>2477.0</ele></trkpt><trkpt lat="37.69798" lon="-119.11759"><ele>2476.4079872127622</ele></trkpt><trkpt lat="37.69778" lon="-119.11732"><ele>2473.0</ele></trkpt><trkpt lat="37.6973" lon="-119.11682000000002"><ele>2469.0</ele></trkpt><trkpt lat="37.6973" lon="-119.11682000000002"><ele>2469.0</ele></trkpt><trkpt lat="37.69729" lon="-119.11664999999999"><ele>2469.0</ele></trkpt><trkpt lat="37.69718" lon="-119.11642999999998"><ele>2468.0</ele></trkpt><trkpt lat="37.69718" lon="-119.11615"><ele>2468.0</ele></trkpt><trkpt lat="37.697" lon="-119.11588999999998"><ele>2467.0</ele></trkpt><trkpt lat="37.69673" lon="-119.11556999999999"><ele>2466.464850580816</ele></trkpt><trkpt lat="37.69662" lon="-119.11552"><ele>2466.0</ele></trkpt><trkpt lat="37.69652" lon="-119.11543"><ele>2465.484595525563</ele></trkpt><trkpt lat="37.69592" lon="-119.11446000000001"><ele>2464.0</ele></trkpt><trkpt lat="37.69553" lon="-119.11421999999999"><ele>2463.0</ele></trkpt><trkpt lat="37.69529" lon="-119.11397"><ele>2463.0</ele></trkpt><trkpt lat="37.69516" lon="-119.11376999999999"><ele>2462.0</ele></trkpt><trkpt lat="37.69516" lon="-119.11376999999999"><ele>2462.0</ele></trkpt><trkpt lat="37.6948" lon="-119.11322000000001"><ele>2464.0</ele></trkpt><trkpt lat="37.69457" lon="-119.11295000000001"><ele>2465.0</ele></trkpt><trkpt lat="37.6944" lon="-119.11288000000002"><ele>2465.0</ele></trkpt><trkpt lat="37.69419" lon="-119.11286000000001"><ele>2463.0</ele></trkpt><trkpt lat="37.69407" lon="-119.11280999999997"><ele>2463.0</ele></trkpt><trkpt lat="37.6939" lon="-119.11270999999999"><ele>2462.0</ele></trkpt><trkpt lat="37.69352" lon="-119.11238000000003"><ele>2463.186804000004</ele></trkpt><trkpt lat="37.69338" lon="-119.11232000000001"><ele>2463.0</ele></trkpt><trkpt lat="37.69323" lon="-119.1123"><ele>2463.0</ele></trkpt><trkpt lat="37.69302" lon="-119.11212"><ele>2464.0</ele></trkpt><trkpt lat="37.69258" lon="-119.11187000000001"><ele>2462.0</ele></trkpt><trkpt lat="37.69224" lon="-119.11162000000002"><ele>2459.213567741774</ele></trkpt><trkpt lat="37.69192" lon="-119.11133999999998"><ele>2459.138945556155</ele></trkpt><trkpt lat="37.69173" lon="-119.11108000000002"><ele>2459.0</ele></trkpt><trkpt lat="37.69161" lon="-119.11095"><ele>2458.0</ele></trkpt><trkpt lat="37.6914" lon="-119.11079000000001"><ele>2455.0</ele></trkpt><trkpt lat="37.69123" lon="-119.11072000000001"><ele>2452.0</ele></trkpt><trkpt lat="37.69107" lon="-119.11052999999998"><ele>2452.0</ele></trkpt><trkpt lat="37.69104" lon="-119.11038000000002"><ele>2452.3103934444107</ele></trkpt><trkpt lat="37.69096" lon="-119.11020000000002"><ele>2453.0</ele></trkpt><trkpt lat="37.690941677546135" lon="-119.11018032032734"><ele>2453.0</ele></trkpt><trkpt lat="37.6909300857601" lon="-119.1101678698385"><ele>2453.0</ele></trkpt><trkpt lat="37.69069" lon="-119.10991000000001"><ele>2454.403214002466</ele></trkpt><trkpt lat="37.69017" lon="-119.10948000000002"><ele>2452.0</ele></trkpt><trkpt lat="37.69" lon="-119.10932000000003"><ele>2452.0</ele></trkpt><trkpt lat="37.68985" lon="-119.10913"><ele>2452.0</ele></trkpt><trkpt lat="37.68962" lon="-119.10899"><ele>2452.0</ele></trkpt><trkpt lat="37.68944" lon="-119.10876999999999"><ele>2452.0</ele></trkpt><trkpt lat="37.68925" lon="-119.10869000000002"><ele>2452.0</ele></trkpt><trkpt lat="37.68906" lon="-119.10849999999999"><ele>2450.0</ele></trkpt><trkpt lat="37.68863" lon="-119.1078"><ele>2451.0</ele></trkpt><trkpt lat="37.68844" lon="-119.10766000000001"><ele>2450.0</ele></trkpt><trkpt lat="37.68828" lon="-119.10750000000002"><ele>2450.0</ele></trkpt><trkpt lat="37.68819" lon="-119.10735999999997"><ele>2449.8625314743304</ele></trkpt><trkpt lat="37.68806" lon="-119.10723000000002"><ele>2448.3901204997983</ele></trkpt><trkpt lat="37.68794" lon="-119.10705000000002"><ele>2448.0</ele></trkpt><trkpt lat="37.68786" lon="-119.10699"><ele>2447.449055999983</ele></trkpt><trkpt lat="37.68764" lon="-119.10678999999999"><ele>2447.0</ele></trkpt><trkpt lat="37.68753" lon="-119.10658999999998"><ele>2447.0</ele></trkpt><trkpt lat="37.68743" lon="-119.10626000000002"><ele>2449.0328511909856</ele></trkpt><trkpt lat="37.68735" lon="-119.10613000000001"><ele>2449.1893991600036</ele></trkpt><trkpt lat="37.68724" lon="-119.10604999999998"><ele>2448.344885521003</ele></trkpt><trkpt lat="37.68724" lon="-119.10604999999998"><ele>2448.344885521003</ele></trkpt><trkpt lat="37.68698" lon="-119.10561000000001"><ele>2452.761717332527</ele></trkpt><trkpt lat="37.68685" lon="-119.10513000000003"><ele>2459.9250025917154</ele></trkpt><trkpt lat="37.68684" lon="-119.10495000000003"><ele>2463.0006143896526</ele></trkpt><trkpt lat="37.68681" lon="-119.10485"><ele>2464.100610602004</ele></trkpt><trkpt lat="37.68668" lon="-119.10464000000002"><ele>2466.8725990780094</ele></trkpt><trkpt lat="37.68633" lon="-119.10419999999999"><ele>2470.0</ele></trkpt><trkpt lat="37.68613" lon="-119.10381999999998"><ele>2474.783368818774</ele></trkpt><trkpt lat="37.68594" lon="-119.10365999999999"><ele>2474.7555434918745</ele></trkpt><trkpt lat="37.68578" lon="-119.10339999999997"><ele>2476.681077776942</ele></trkpt><trkpt lat="37.68571" lon="-119.10325"><ele>2477.943959257903</ele></trkpt><trkpt lat="37.68557" lon="-119.10312999999996"><ele>2476.8732729037292</ele></trkpt><trkpt lat="37.68543" lon="-119.10277000000002"><ele>2482.033524815338</ele></trkpt><trkpt lat="37.68529" lon="-119.10259000000002"><ele>2483.0233357404513</ele></trkpt><trkpt lat="37.68526" lon="-119.10244"><ele>2485.4179123694666</ele></trkpt><trkpt lat="37.68515" lon="-119.10223000000002"><ele>2486.0830311025493</ele></trkpt><trkpt lat="37.68507" lon="-119.10214000000002"><ele>2486.5230744459027</ele></trkpt><trkpt lat="37.68498" lon="-119.10192"><ele>2488.519027781673</ele></trkpt><trkpt lat="37.68479" lon="-119.10158000000001"><ele>2491.3451746410633</ele></trkpt><trkpt lat="37.68453" lon="-119.10127999999997"><ele>2493.684081772636</ele></trkpt><trkpt lat="37.68437" lon="-119.10115000000002"><ele>2492.949286407284</ele></trkpt><trkpt lat="37.6843" lon="-119.10102"><ele>2494.0</ele></trkpt><trkpt lat="37.68412" lon="-119.10084999999998"><ele>2493.74085614644</ele></trkpt><trkpt lat="37.68382" lon="-119.10043000000002"><ele>2495.2155618359575</ele></trkpt><trkpt lat="37.68382" lon="-119.10043000000002"><ele>2495.2155618359575</ele></trkpt><trkpt lat="37.68367" lon="-119.10023000000001"><ele>2496.819552434068</ele></trkpt><trkpt lat="37.68351" lon="-119.09986000000004"><ele>2501.956801007036</ele></trkpt><trkpt lat="37.68333" lon="-119.09956999999997"><ele>2506.246119112242</ele></trkpt><trkpt lat="37.68318" lon="-119.09914000000003"><ele>2511.2264286937707</ele></trkpt><trkpt lat="37.683081283318366" lon="-119.09893598552463"><ele>2512.0</ele></trkpt><trkpt lat="37.683081840755726" lon="-119.09893713749102"><ele>2512.0</ele></trkpt><trkpt lat="37.68303" lon="-119.09883000000002"><ele>2512.0</ele></trkpt><trkpt lat="37.68273" lon="-119.09839999999997"><ele>2513.772071112413</ele></trkpt><trkpt lat="37.68263" lon="-119.09805"><ele>2515.4051471035928</ele></trkpt><trkpt lat="37.68269" lon="-119.09793000000002"><ele>2516.980002561114</ele></trkpt><trkpt lat="37.68266" lon="-119.09782999999999"><ele>2518.0577058528675</ele></trkpt><trkpt lat="37.6825" lon="-119.09761000000003"><ele>2520.0</ele></trkpt><trkpt lat="37.6825" lon="-119.09761000000003"><ele>2520.0</ele></trkpt><trkpt lat="37.68256" lon="-119.09753"><ele>2521.283087130636</ele></trkpt><trkpt lat="37.68259" lon="-119.09743000000003"><ele>2522.978473013465</ele></trkpt><trkpt lat="37.68255" lon="-119.09730000000002"><ele>2523.024843881154</ele></trkpt><trkpt lat="37.68244" lon="-119.09719999999999"><ele>2524.0</ele></trkpt><trkpt lat="37.68238" lon="-119.09699"><ele>2525.33002760835</ele></trkpt><trkpt lat="37.6823" lon="-119.09694000000002"><ele>2525.9948786509544</ele></trkpt><trkpt lat="37.68223" lon="-119.09694000000002"><ele>2526.0</ele></trkpt><trkpt lat="37.68211" lon="-119.09683999999999"><ele>2526.0</ele></trkpt><trkpt lat="37.68189" lon="-119.09658000000002"><ele>2527.0</ele></trkpt><trkpt lat="37.68169" lon="-119.09613000000002"><ele>2527.052094925195</ele></trkpt><trkpt lat="37.68153" lon="-119.09566000000001"><ele>2528.8023678186164</ele></trkpt><trkpt lat="37.68142" lon="-119.09553"><ele>2528.0801065819087</ele></trkpt><trkpt lat="37.68071" lon="-119.09431000000001"><ele>2532.1308102247417</ele></trkpt><trkpt lat="37.68065" lon="-119.09402999999998"><ele>2532.8112374786288</ele></trkpt><trkpt lat="37.68029" lon="-119.09309999999999"><ele>2530.0</ele></trkpt><trkpt lat="37.68003" lon="-119.09190000000001"><ele>2527.2100633069567</ele></trkpt><trkpt lat="37.67997" lon="-119.09180000000003"><ele>2527.0</ele></trkpt><trkpt lat="37.67997" lon="-119.09180000000003"><ele>2527.0</ele></trkpt><trkpt lat="37.67992" lon="-119.09162000000003"><ele>2526.825379209593</ele></trkpt><trkpt lat="37.6799" lon="-119.09145999999998"><ele>2526.6476904153824</ele></trkpt><trkpt lat="37.67983" lon="-119.09033999999997"><ele>2526.5257821362466</ele></trkpt><trkpt lat="37.67986" lon="-119.09015"><ele>2526.2923137769103</ele></trkpt><trkpt lat="37.67993" lon="-119.09003000000001"><ele>2526.506575390386</ele></trkpt><trkpt lat="37.68006" lon="-119.08992999999998"><ele>2527.0</ele></trkpt><trkpt lat="37.68018" lon="-119.08976999999999"><ele>2526.170621189327</ele></trkpt><trkpt lat="37.6801938637062" lon="-119.08967434042717"><ele>2526.0</ele></trkpt><trkpt lat="37.68019712892822" lon="-119.0896518104613"><ele>2526.3999716280014</ele></trkpt><trkpt lat="37.68028" lon="-119.08907999999997"><ele>2528.0</ele></trkpt><trkpt lat="37.68028" lon="-119.08907999999997"><ele>2528.0</ele></trkpt><trkpt lat="37.68028" lon="-119.08907999999997"><ele>2528.0</ele></trkpt><trkpt lat="37.68035" lon="-119.08879999999999"><ele>2528.0</ele></trkpt><trkpt lat="37.68042" lon="-119.08865000000003"><ele>2528.155004443135</ele></trkpt><trkpt lat="37.68043" lon="-119.08857"><ele>2529.1434492673725</ele></trkpt><trkpt lat="37.6804" lon="-119.08823999999998"><ele>2529.909994482994</ele></trkpt><trkpt lat="37.68053" lon="-119.08796000000001"><ele>2529.1755820378817</ele></trkpt><trkpt lat="37.6805" lon="-119.08765"><ele>2530.0</ele></trkpt><trkpt lat="37.68065" lon="-119.0872"><ele>2530.780886559825</ele></trkpt><trkpt lat="37.68071" lon="-119.08688999999998"><ele>2531.0</ele></trkpt><trkpt lat="37.68071263263287" lon="-119.086883606463"><ele>2531.0</ele></trkpt><trkpt lat="37.680709998138184" lon="-119.08689000961942"><ele>2531.0</ele></trkpt><trkpt lat="37.68071" lon="-119.08688999999998"><ele>2531.0</ele></trkpt><trkpt lat="37.68078" lon="-119.08672000000001"><ele>2531.0</ele></trkpt><trkpt lat="37.68075" lon="-119.08645999999999"><ele>2531.0649758982217</ele></trkpt><trkpt lat="37.6809" lon="-119.08613000000003"><ele>2532.0</ele></trkpt><trkpt lat="37.68099" lon="-119.08605999999997"><ele>2532.713815581813</ele></trkpt><trkpt lat="37.68127" lon="-119.08605999999997"><ele>2534.0</ele></trkpt><trkpt lat="37.68134" lon="-119.08600999999999"><ele>2535.0</ele></trkpt><trkpt lat="37.68143" lon="-119.08600999999999"><ele>2535.0</ele></trkpt><trkpt lat="37.6816" lon="-119.08609999999999"><ele>2534.0</ele></trkpt><trkpt lat="37.6816" lon="-119.08609999999999"><ele>2534.0</ele></trkpt><trkpt lat="37.68166" lon="-119.08613000000003"><ele>2534.0</ele></trkpt><trkpt lat="37.68166" lon="-119.08613000000003"><ele>2534.0</ele></trkpt><trkpt lat="37.6818" lon="-119.08611000000002"><ele>2533.5295435171574</ele></trkpt><trkpt lat="37.681861379487145" lon="-119.08611306823178"><ele>2534.0</ele></trkpt><trkpt lat="37.681861379487145" lon="-119.08611306823178"><ele>2534.0</ele></trkpt><trkpt lat="37.682" lon="-119.08612"><ele>2534.0</ele></trkpt><trkpt lat="37.68223" lon="-119.08594"><ele>2536.0</ele></trkpt><trkpt lat="37.68237" lon="-119.08571999999998"><ele>2537.0</ele></trkpt><trkpt lat="37.68255" lon="-119.08521999999999"><ele>2539.0</ele></trkpt><trkpt lat="37.68283" lon="-119.08483000000001"><ele>2541.0</ele></trkpt><trkpt lat="37.68284638692965" lon="-119.08470709802765"><ele>2542.0</ele></trkpt><trkpt lat="37.682848059658156" lon="-119.0846945525638"><ele>2542.1210641604976</ele></trkpt><trkpt lat="37.68285" lon="-119.08467999999999"><ele>2542.4692460012093</ele></trkpt><trkpt lat="37.68284869669124" lon="-119.08468255635762"><ele>2542.3202135604524</ele></trkpt><trkpt lat="37.68245" lon="-119.08442000000002"><ele>2543.0</ele></trkpt><trkpt lat="37.68212664099953" lon="-119.08401777295063"><ele>2543.764148145914</ele></trkpt><trkpt lat="37.68213544295378" lon="-119.08402872147133"><ele>2543.657155611614</ele></trkpt><trkpt lat="37.68204" lon="-119.08391"><ele>2544.0</ele></trkpt><trkpt lat="37.68203" lon="-119.08362999999997"><ele>2544.073330698535</ele></trkpt><trkpt lat="37.68198" lon="-119.08341000000001"><ele>2545.0</ele></trkpt><trkpt lat="37.68189" lon="-119.08311000000003"><ele>2545.0</ele></trkpt><trkpt lat="37.68171" lon="-119.08231999999998"><ele>2544.0</ele></trkpt><trkpt lat="37.68169" lon="-119.08137999999997"><ele>2544.0500924426633</ele></trkpt><trkpt lat="37.68165" lon="-119.08116000000001"><ele>2544.0</ele></trkpt><trkpt lat="37.68159" lon="-119.08103"><ele>2544.0</ele></trkpt><trkpt lat="37.68112" lon="-119.0806"><ele>2544.0</ele></trkpt><trkpt lat="37.68112" lon="-119.0806"><ele>2544.0</ele></trkpt><trkpt lat="37.68118" lon="-119.08042"><ele>2544.0</ele></trkpt><trkpt lat="37.68118" lon="-119.08042"><ele>2544.0</ele></trkpt><trkpt lat="37.68118" lon="-119.08042"><ele>2544.0</ele></trkpt><trkpt lat="37.68118" lon="-119.08022"><ele>2545.021040651224</ele></trkpt><trkpt lat="37.68112" lon="-119.07983999999999"><ele>2547.0</ele></trkpt><trkpt lat="37.68092" lon="-119.07938000000001"><ele>2548.0</ele></trkpt><trkpt lat="37.68043" lon="-119.07909999999998"><ele>2547.0</ele></trkpt><trkpt lat="37.67938" lon="-119.07807000000003"><ele>2544.0</ele></trkpt><trkpt lat="37.67915" lon="-119.07772999999997"><ele>2542.0309603371006</ele></trkpt><trkpt lat="37.67906" lon="-119.0777"><ele>2542.0</ele></trkpt><trkpt lat="37.67876" lon="-119.07771000000002"><ele>2538.5199539680034</ele></trkpt><trkpt lat="37.67861" lon="-119.07769000000002"><ele>2537.0</ele></trkpt><trkpt lat="37.67843" lon="-119.07760999999999"><ele>2536.6866900686573</ele></trkpt><trkpt lat="37.67826" lon="-119.07749000000001"><ele>2536.0</ele></trkpt><trkpt lat="37.67783" lon="-119.07673"><ele>2537.0</ele></trkpt><trkpt lat="37.67729" lon="-119.07610999999997"><ele>2542.0</ele></trkpt><trkpt lat="37.67716" lon="-119.07589999999999"><ele>2543.0</ele></trkpt><trkpt lat="37.67664" lon="-119.07532000000003"><ele>2546.0</ele></trkpt><trkpt lat="37.67633" lon="-119.07488000000001"><ele>2549.0</ele></trkpt><trkpt lat="37.67624" lon="-119.07468"><ele>2551.0</ele></trkpt><trkpt lat="37.67618" lon="-119.07436999999999"><ele>2552.651239111554</ele></trkpt><trkpt lat="37.67613" lon="-119.07423"><ele>2553.175712000113</ele></trkpt><trkpt lat="37.67561" lon="-119.07346999999999"><ele>2558.0</ele></trkpt><trkpt lat="37.67528" lon="-119.07267999999999"><ele>2564.160234207869</ele></trkpt><trkpt lat="37.675100980805134" lon="-119.07249202984542"><ele>2566.9306884519756</ele></trkpt><trkpt lat="37.67511931506573" lon="-119.0725112805469"><ele>2566.0</ele></trkpt><trkpt lat="37.67488" lon="-119.07226000000003"><ele>2569.0</ele></trkpt><trkpt lat="37.67474" lon="-119.07189"><ele>2572.0</ele></trkpt><trkpt lat="37.6745" lon="-119.07159000000001"><ele>2575.0</ele></trkpt><trkpt lat="37.67426" lon="-119.07119999999998"><ele>2578.0</ele></trkpt><trkpt lat="37.67422" lon="-119.07114000000001"><ele>2578.8385543454274</ele></trkpt><trkpt lat="37.67383" lon="-119.07087999999999"><ele>2582.0</ele></trkpt><trkpt lat="37.67368" lon="-119.07067999999998"><ele>2584.0</ele></trkpt><trkpt lat="37.67352" lon="-119.07008000000002"><ele>2588.0</ele></trkpt><trkpt lat="37.67345" lon="-119.06992000000002"><ele>2589.0</ele></trkpt><trkpt lat="37.67334" lon="-119.06981999999999"><ele>2590.0</ele></trkpt><trkpt lat="37.67334" lon="-119.06981999999999"><ele>2590.0</ele></trkpt><trkpt lat="37.67314" lon="-119.06972999999999"><ele>2592.0</ele></trkpt><trkpt lat="37.67287" lon="-119.06968999999998"><ele>2594.0</ele></trkpt><trkpt lat="37.67243" lon="-119.06975999999997"><ele>2598.0</ele></trkpt><trkpt lat="37.67234" lon="-119.06974000000002"><ele>2599.0</ele></trkpt><trkpt lat="37.67215" lon="-119.06963999999999"><ele>2600.0</ele></trkpt><trkpt lat="37.67193" lon="-119.06941999999998"><ele>2601.0</ele></trkpt><trkpt lat="37.67183" lon="-119.06939"><ele>2602.0</ele></trkpt><trkpt lat="37.67168" lon="-119.06939"><ele>2603.0</ele></trkpt><trkpt lat="37.6715" lon="-119.06943999999999"><ele>2604.0</ele></trkpt><trkpt lat="37.67131" lon="-119.06943000000001"><ele>2604.017968649393</ele></trkpt><trkpt lat="37.67112" lon="-119.06954999999999"><ele>2606.0</ele></trkpt><trkpt lat="37.67103" lon="-119.06957"><ele>2606.0</ele></trkpt><trkpt lat="37.67094" lon="-119.06956000000002"><ele>2607.0</ele></trkpt><trkpt lat="37.67076" lon="-119.06948"><ele>2608.0</ele></trkpt><trkpt lat="37.67059" lon="-119.06945999999999"><ele>2609.0</ele></trkpt><trkpt lat="37.67024" lon="-119.06959"><ele>2611.0</ele></trkpt><trkpt lat="37.67007" lon="-119.06961000000001"><ele>2612.0</ele></trkpt><trkpt lat="37.66973" lon="-119.06981999999999"><ele>2613.0</ele></trkpt><trkpt lat="37.66973" lon="-119.06981999999999"><ele>2613.0</ele></trkpt><trkpt lat="37.66962" lon="-119.06986999999998"><ele>2613.0</ele></trkpt><trkpt lat="37.66943" lon="-119.06981999999999"><ele>2614.0</ele></trkpt><trkpt lat="37.66943" lon="-119.06981999999999"><ele>2614.0</ele></trkpt><trkpt lat="37.66862" lon="-119.06939999999997"><ele>2616.0</ele></trkpt><trkpt lat="37.66847" lon="-119.0693"><ele>2617.0</ele></trkpt><trkpt lat="37.66835" lon="-119.06914999999998"><ele>2617.0</ele></trkpt><trkpt lat="37.66803" lon="-119.06900999999999"><ele>2616.0</ele></trkpt><trkpt lat="37.66772" lon="-119.06879000000004"><ele>2616.50582353957</ele></trkpt><trkpt lat="37.66715" lon="-119.06817999999998"><ele>2623.0</ele></trkpt><trkpt lat="37.66669" lon="-119.06785000000002"><ele>2629.0</ele></trkpt><trkpt lat="37.66663" lon="-119.06777999999997"><ele>2630.0</ele></trkpt><trkpt lat="37.66655" lon="-119.06754999999998"><ele>2632.0</ele></trkpt><trkpt lat="37.66643" lon="-119.06736999999998"><ele>2634.0</ele></trkpt><trkpt lat="37.66643" lon="-119.06736999999998"><ele>2634.0</ele></trkpt><trkpt lat="37.6661" lon="-119.06725"><ele>2638.0</ele></trkpt><trkpt lat="37.66577" lon="-119.06704000000002"><ele>2641.0</ele></trkpt><trkpt lat="37.66568" lon="-119.06690000000003"><ele>2642.0</ele></trkpt><trkpt lat="37.66533" lon="-119.06612000000001"><ele>2648.0</ele></trkpt><trkpt lat="37.66519" lon="-119.06591000000003"><ele>2650.0</ele></trkpt><trkpt lat="37.66496" lon="-119.06561999999997"><ele>2654.0</ele></trkpt><trkpt lat="37.66463" lon="-119.06527"><ele>2658.0</ele></trkpt><trkpt lat="37.66433" lon="-119.06513000000001"><ele>2661.0</ele></trkpt><trkpt lat="37.66386" lon="-119.06502"><ele>2664.0</ele></trkpt><trkpt lat="37.66326" lon="-119.06466999999998"><ele>2669.0</ele></trkpt><trkpt lat="37.66254" lon="-119.06443000000002"><ele>2677.0</ele></trkpt><trkpt lat="37.66195" lon="-119.0641"><ele>2682.2000248134136</ele></trkpt><trkpt lat="37.66174" lon="-119.06401"><ele>2685.0</ele></trkpt><trkpt lat="37.66153" lon="-119.06394"><ele>2687.0</ele></trkpt><trkpt lat="37.66139" lon="-119.06393000000003"><ele>2689.0</ele></trkpt><trkpt lat="37.661" lon="-119.06398999999999"><ele>2693.0</ele></trkpt><trkpt lat="37.66058" lon="-119.06432000000001"><ele>2696.9977440235048</ele></trkpt><trkpt lat="37.66027" lon="-119.06443999999999"><ele>2700.058198525418</ele></trkpt><trkpt lat="37.6598" lon="-119.06474000000003"><ele>2705.0</ele></trkpt><trkpt lat="37.65944" lon="-119.06488999999999"><ele>2708.0</ele></trkpt><trkpt lat="37.65922" lon="-119.06495000000001"><ele>2711.0</ele></trkpt><trkpt lat="37.65843" lon="-119.06504999999999"><ele>2719.0</ele></trkpt><trkpt lat="37.65788" lon="-119.06502"><ele>2725.0</ele></trkpt><trkpt lat="37.65769" lon="-119.06497000000002"><ele>2726.0</ele></trkpt><trkpt lat="37.65735" lon="-119.06468000000001"><ele>2729.0</ele></trkpt><trkpt lat="37.65723" lon="-119.06453999999997"><ele>2730.0</ele></trkpt><trkpt lat="37.65719545417176" lon="-119.064461486754"><ele>2731.0</ele></trkpt><trkpt lat="37.65720603096837" lon="-119.06448552489655"><ele>2731.0</ele></trkpt><trkpt lat="37.65712" lon="-119.06429000000003"><ele>2732.0</ele></trkpt><trkpt lat="37.65707" lon="-119.06421999999998"><ele>2732.0</ele></trkpt><trkpt lat="37.65648" lon="-119.06401"><ele>2738.0</ele></trkpt><trkpt lat="37.656" lon="-119.06371000000001"><ele>2742.0</ele></trkpt><trkpt lat="37.65568" lon="-119.06360999999998"><ele>2745.0</ele></trkpt><trkpt lat="37.65554" lon="-119.06353999999999"><ele>2747.0</ele></trkpt><trkpt lat="37.6554" lon="-119.06344000000001"><ele>2748.0</ele></trkpt><trkpt lat="37.65446" lon="-119.06311"><ele>2757.0</ele></trkpt><trkpt lat="37.65376" lon="-119.06281000000001"><ele>2763.0</ele></trkpt><trkpt lat="37.65363" lon="-119.06272999999999"><ele>2764.0</ele></trkpt><trkpt lat="37.6534" lon="-119.06239"><ele>2767.0</ele></trkpt><trkpt lat="37.65326" lon="-119.06212"><ele>2769.0</ele></trkpt><trkpt lat="37.65322" lon="-119.06193999999999"><ele>2770.099242317045</ele></trkpt><trkpt lat="37.65323" lon="-119.06142"><ele>2774.0</ele></trkpt><trkpt lat="37.65318" lon="-119.06024000000002"><ele>2781.0</ele></trkpt><trkpt lat="37.6532" lon="-119.05993000000001"><ele>2783.0</ele></trkpt><trkpt lat="37.65327" lon="-119.05965000000003"><ele>2785.0</ele></trkpt><trkpt lat="37.65352" lon="-119.05899"><ele>2790.0</ele></trkpt><trkpt lat="37.65359" lon="-119.05885999999998"><ele>2791.0</ele></trkpt><trkpt lat="37.65383" lon="-119.05865"><ele>2793.0</ele></trkpt><trkpt lat="37.65383" lon="-119.05865"><ele>2793.0</ele></trkpt><trkpt lat="37.65397" lon="-119.05827"><ele>2796.0</ele></trkpt><trkpt lat="37.65398672187354" lon="-119.05815294688523"><ele>2797.0</ele></trkpt><trkpt lat="37.65398672187354" lon="-119.05815294688523"><ele>2797.0</ele></trkpt><trkpt lat="37.65399" lon="-119.05813"><ele>2797.0</ele></trkpt><trkpt lat="37.65396" lon="-119.05791999999997"><ele>2797.0</ele></trkpt><trkpt lat="37.65396" lon="-119.05791999999997"><ele>2797.0</ele></trkpt><trkpt lat="37.65393" lon="-119.05779999999999"><ele>2797.0</ele></trkpt><trkpt lat="37.65393" lon="-119.05779999999999"><ele>2797.0</ele></trkpt><trkpt lat="37.65351" lon="-119.05700999999999"><ele>2794.0</ele></trkpt><trkpt lat="37.65351" lon="-119.05700999999999"><ele>2794.0</ele></trkpt><trkpt lat="37.65344" lon="-119.05680000000001"><ele>2793.0</ele></trkpt><trkpt lat="37.6534" lon="-119.05655000000002"><ele>2792.876568889711</ele></trkpt><trkpt lat="37.65339" lon="-119.05626999999998"><ele>2791.0</ele></trkpt><trkpt lat="37.65343" lon="-119.05563999999998"><ele>2787.0</ele></trkpt><trkpt lat="37.65339" lon="-119.05518999999998"><ele>2784.0</ele></trkpt><trkpt lat="37.65334" lon="-119.05500999999998"><ele>2783.0</ele></trkpt><trkpt lat="37.65318" lon="-119.05459000000002"><ele>2779.0</ele></trkpt><trkpt lat="37.65302" lon="-119.05434000000002"><ele>2777.120790304616</ele></trkpt><trkpt lat="37.65281" lon="-119.0541"><ele>2775.759554643184</ele></trkpt><trkpt lat="37.65263" lon="-119.05394999999999"><ele>2774.0</ele></trkpt><trkpt lat="37.65229" lon="-119.05374"><ele>2771.0</ele></trkpt><trkpt lat="37.65208" lon="-119.05354"><ele>2769.0</ele></trkpt><trkpt lat="37.65193" lon="-119.05327999999997"><ele>2768.0</ele></trkpt><trkpt lat="37.65183" lon="-119.05295000000001"><ele>2766.0</ele></trkpt><trkpt lat="37.65178" lon="-119.05267000000003"><ele>2765.0</ele></trkpt><trkpt lat="37.65173" lon="-119.05191000000002"><ele>2763.1197604669237</ele></trkpt><trkpt lat="37.65167" lon="-119.05169000000001"><ele>2762.0</ele></trkpt><trkpt lat="37.65121" lon="-119.05063000000001"><ele>2759.5863410396632</ele></trkpt><trkpt lat="37.65043" lon="-119.04868999999997"><ele>2764.0</ele></trkpt><trkpt lat="37.65039" lon="-119.04843"><ele>2765.372644314707</ele></trkpt><trkpt lat="37.65039" lon="-119.04820000000001"><ele>2767.0</ele></trkpt><trkpt lat="37.65042" lon="-119.04802999999998"><ele>2767.169586653377</ele></trkpt><trkpt lat="37.65049" lon="-119.04784999999998"><ele>2768.0</ele></trkpt><trkpt lat="37.65049" lon="-119.04784999999998"><ele>2768.0</ele></trkpt><trkpt lat="37.65119" lon="-119.04694"><ele>2762.0</ele></trkpt><trkpt lat="37.65126" lon="-119.04678999999999"><ele>2761.0</ele></trkpt><trkpt lat="37.65131" lon="-119.04647999999997"><ele>2760.0</ele></trkpt><trkpt lat="37.65119" lon="-119.04565000000002"><ele>2756.0</ele></trkpt><trkpt lat="37.65116363001263" lon="-119.04551155756633"><ele>2756.0</ele></trkpt><trkpt lat="37.65116800667516" lon="-119.04553453468861"><ele>2756.0</ele></trkpt><trkpt lat="37.65071" lon="-119.04313000000002"><ele>2749.0</ele></trkpt><trkpt lat="37.65069" lon="-119.04269"><ele>2747.0</ele></trkpt><trkpt lat="37.65074" lon="-119.04237999999998"><ele>2745.5067057767883</ele></trkpt><trkpt lat="37.65076" lon="-119.04174999999998"><ele>2740.2252509988507</ele></trkpt><trkpt lat="37.65074" lon="-119.04164000000003"><ele>2740.0</ele></trkpt><trkpt lat="37.65033" lon="-119.04046"><ele>2730.006155111377</ele></trkpt><trkpt lat="37.65027" lon="-119.04016000000001"><ele>2728.0</ele></trkpt><trkpt lat="37.65026" lon="-119.03962999999999"><ele>2723.347416888457</ele></trkpt><trkpt lat="37.65026" lon="-119.03962999999999"><ele>2723.347416888457</ele></trkpt><trkpt lat="37.650276511702444" lon="-119.03920069573655"><ele>2720.3403881182894</ele></trkpt><trkpt lat="37.650276511702444" lon="-119.03920069573655"><ele>2720.3403881182894</ele></trkpt><trkpt lat="37.65028" lon="-119.03911"><ele>2720.0</ele></trkpt><trkpt lat="37.65037" lon="-119.03859"><ele>2716.0</ele></trkpt><trkpt lat="37.65043" lon="-119.03840000000002"><ele>2715.0</ele></trkpt><trkpt lat="37.650662026624694" lon="-119.037864553943"><ele>2712.0</ele></trkpt><trkpt lat="37.650662026624694" lon="-119.037864553943"><ele>2712.0</ele></trkpt><trkpt lat="37.65066883078832" lon="-119.03784883642419"><ele>2712.0</ele></trkpt><trkpt lat="37.65066883078832" lon="-119.03784883642419"><ele>2712.0</ele></trkpt><trkpt lat="37.65069" lon="-119.0378"><ele>2712.0</ele></trkpt><trkpt lat="37.65095220688805" lon="-119.0372930666831"><ele>2711.0</ele></trkpt></trkseg></trk></gpx>