<?xml version="1.0"?>
<gpx xmlns="http://www.topografix.com/GPX/1/1" xmlns:gpxx="http://www.garmin.com/xmlschemas/GpxExtensions/v3" creator="CALTOPO" version="1.1"><metadata><name><![CDATA[VVR-Ducks]]></name></metadata><wpt lat="37.435256306018196" lon="-118.74710102298553"><name>Little Lakes and Mono Pass Trailhead</name></wpt><wpt lat="37.4416124545651" lon="-118.91947019850274"><name>Camp</name></wpt><wpt lat="37.47001" lon="-118.9231"><name>Silver Pass High Point</name></wpt><wpt lat="37.59120708412986" lon="-118.98912876841474"><name>Duck Pass Trailhead</name></wpt><trk><name>VVR-Ducks</name><trkseg><trkpt lat="37.43523902746927" lon="-118.74712281088011"><ele>3116.0</ele></trkpt><trkpt lat="37.43523999999999" lon="-118.74711000000002"><ele>3116.0</ele></trkpt><trkpt lat="37.43524" lon="-118.74711000000002"><ele>3116.0</ele></trkpt><trkpt lat="37.43524" lon="-118.74711000000002"><ele>3116.0</ele></trkpt><trkpt lat="37.43524" lon="-118.74711000000002"><ele>3116.0</ele></trkpt><trkpt lat="37.43519" lon="-118.74718999999999"><ele>3116.0</ele></trkpt><trkpt lat="37.43512647946514" lon="-118.74723962541782"><ele>3116.0</ele></trkpt><trkpt lat="37.43512353468678" lon="-118.74724192611393"><ele>3116.075551859569</ele></trkpt><trkpt lat="37.43487" lon="-118.74743999999998"><ele>3118.0</ele></trkpt><trkpt lat="37.434768637696884" lon="-118.74750680697252"><ele>3119.0</ele></trkpt><trkpt lat="37.434768637696884" lon="-118.74750680697252"><ele>3119.0</ele></trkpt><trkpt lat="37.43399" lon="-118.74802"><ele>3129.336423111148</ele></trkpt><trkpt lat="37.43323" lon="-118.74829999999997"><ele>3132.385368887335</ele></trkpt><trkpt lat="37.43274" lon="-118.74858"><ele>3133.4343146672472</ele></trkpt><trkpt lat="37.43193" lon="-118.74928999999997"><ele>3138.7034907527222</ele></trkpt><trkpt lat="37.43126" lon="-118.74946"><ele>3139.9425665754825</ele></trkpt><trkpt lat="37.4305" lon="-118.74995000000001"><ele>3155.0</ele></trkpt><trkpt lat="37.43025" lon="-118.75033000000002"><ele>3162.9923500684376</ele></trkpt><trkpt lat="37.42954" lon="-118.75044000000003"><ele>3174.0</ele></trkpt><trkpt lat="37.42918" lon="-118.75092000000001"><ele>3178.0</ele></trkpt><trkpt lat="37.42908" lon="-118.75101999999998"><ele>3179.0</ele></trkpt><trkpt lat="37.42908" lon="-118.75101999999998"><ele>3179.0</ele></trkpt><trkpt lat="37.42893" lon="-118.75128999999998"><ele>3180.0</ele></trkpt><trkpt lat="37.4287" lon="-118.75155999999998"><ele>3184.8748459183817</ele></trkpt><trkpt lat="37.42862" lon="-118.75175999999999"><ele>3188.0</ele></trkpt><trkpt lat="37.42923" lon="-118.75166999999999"><ele>3195.404453668344</ele></trkpt><trkpt lat="37.4293" lon="-118.7518"><ele>3197.497191111557</ele></trkpt><trkpt lat="37.42917467276291" lon="-118.75196347030925"><ele>3200.0779186687446</ele></trkpt><trkpt lat="37.42917467276291" lon="-118.75196347030925"><ele>3200.0779186687446</ele></trkpt><trkpt lat="37.42907" lon="-118.75209999999998"><ele>3202.7557821372357</ele></trkpt><trkpt lat="37.42892" lon="-118.75220999999999"><ele>3205.89283605696</ele></trkpt><trkpt lat="37.4287" lon="-118.75221999999997"><ele>3209.0</ele></trkpt><trkpt lat="37.42865" lon="-118.75225"><ele>3209.4141889301413</ele></trkpt><trkpt lat="37.4286" lon="-118.75236999999998"><ele>3211.0</ele></trkpt><trkpt lat="37.42852" lon="-118.75241"><ele>3211.925251555629</ele></trkpt><trkpt lat="37.42834" lon="-118.75257999999997"><ele>3214.0</ele></trkpt><trkpt lat="37.42824" lon="-118.75270999999998"><ele>3214.7452975430997</ele></trkpt><trkpt lat="37.42798" lon="-118.75275999999997"><ele>3214.2364337760955</ele></trkpt><trkpt lat="37.42793" lon="-118.75279"><ele>3214.0</ele></trkpt><trkpt lat="37.42788" lon="-118.75277"><ele>3214.0</ele></trkpt><trkpt lat="37.42783" lon="-118.75279999999998"><ele>3215.0</ele></trkpt><trkpt lat="37.42778" lon="-118.75292999999999"><ele>3217.0</ele></trkpt><trkpt lat="37.42765" lon="-118.75290999999999"><ele>3215.0448952063234</ele></trkpt><trkpt lat="37.42713" lon="-118.75311999999997"><ele>3221.3185031395406</ele></trkpt><trkpt lat="37.42698" lon="-118.75333"><ele>3222.0</ele></trkpt><trkpt lat="37.42682" lon="-118.75347"><ele>3224.3248319998384</ele></trkpt><trkpt lat="37.42648" lon="-118.75387"><ele>3231.9661831115372</ele></trkpt><trkpt lat="37.42643" lon="-118.75400000000002"><ele>3231.602154845372</ele></trkpt><trkpt lat="37.42643" lon="-118.75413000000003"><ele>3233.083061334677</ele></trkpt><trkpt lat="37.42637" lon="-118.75427000000002"><ele>3236.688620480709</ele></trkpt><trkpt lat="37.4269" lon="-118.75394"><ele>3241.1839564032853</ele></trkpt><trkpt lat="37.42689" lon="-118.75407000000001"><ele>3243.2868586676195</ele></trkpt><trkpt lat="37.42669" lon="-118.75422000000003"><ele>3247.2385761615087</ele></trkpt><trkpt lat="37.42631" lon="-118.75458000000003"><ele>3251.638616496922</ele></trkpt><trkpt lat="37.42625" lon="-118.75470999999999"><ele>3255.147574995227</ele></trkpt><trkpt lat="37.42607" lon="-118.75485000000003"><ele>3255.8099688055486</ele></trkpt><trkpt lat="37.42595" lon="-118.75504999999998"><ele>3258.958168887999</ele></trkpt><trkpt lat="37.42545" lon="-118.75533000000001"><ele>3263.0071146674454</ele></trkpt><trkpt lat="37.42533" lon="-118.75549000000001"><ele>3267.4636551118456</ele></trkpt><trkpt lat="37.42553" lon="-118.75545"><ele>3269.599519999698</ele></trkpt><trkpt lat="37.42561" lon="-118.75545999999997"><ele>3274.546682176646</ele></trkpt><trkpt lat="37.42533" lon="-118.75569999999999"><ele>3277.250364443753</ele></trkpt><trkpt lat="37.42524" lon="-118.75587999999999"><ele>3280.916297521729</ele></trkpt><trkpt lat="37.42514" lon="-118.75596999999999"><ele>3280.7497838740455</ele></trkpt><trkpt lat="37.42506" lon="-118.75611000000004"><ele>3284.357749335468</ele></trkpt><trkpt lat="37.42488" lon="-118.75619"><ele>3283.086019556038</ele></trkpt><trkpt lat="37.42469" lon="-118.75635999999997"><ele>3286.0085937771946</ele></trkpt><trkpt lat="37.4244" lon="-118.75650999999999"><ele>3288.4738083283883</ele></trkpt><trkpt lat="37.42417" lon="-118.7568"><ele>3296.016432100821</ele></trkpt><trkpt lat="37.42374" lon="-118.75709999999998"><ele>3298.0</ele></trkpt><trkpt lat="37.42368" lon="-118.75727999999998"><ele>3302.883701332845</ele></trkpt><trkpt lat="37.42357" lon="-118.75745"><ele>3305.6189701208596</ele></trkpt><trkpt lat="37.42335" lon="-118.75756999999999"><ele>3305.0</ele></trkpt><trkpt lat="37.42323" lon="-118.75770999999997"><ele>3305.815768007189</ele></trkpt><trkpt lat="37.42282" lon="-118.75785000000002"><ele>3303.338502989497</ele></trkpt><trkpt lat="37.42271" lon="-118.75797"><ele>3304.3412701892667</ele></trkpt><trkpt lat="37.42253" lon="-118.75804"><ele>3302.2232451050395</ele></trkpt><trkpt lat="37.42253" lon="-118.75804"><ele>3302.2232451050395</ele></trkpt><trkpt lat="37.4214" lon="-118.75875000000002"><ele>3309.390666667372</ele></trkpt><trkpt lat="37.4214" lon="-118.75885"><ele>3312.5820484524593</ele></trkpt><trkpt lat="37.42167" lon="-118.75884000000002"><ele>3314.5849706674926</ele></trkpt><trkpt lat="37.42175" lon="-118.75891000000001"><ele>3316.0</ele></trkpt><trkpt lat="37.42184" lon="-118.75913000000003"><ele>3317.0</ele></trkpt><trkpt lat="37.42175" lon="-118.75972000000002"><ele>3321.9867785829556</ele></trkpt><trkpt lat="37.42161" lon="-118.75991999999997"><ele>3324.9166186652146</ele></trkpt><trkpt lat="37.4216" lon="-118.75997999999998"><ele>3325.712821332738</ele></trkpt><trkpt lat="37.42174" lon="-118.76003000000003"><ele>3328.407103779713</ele></trkpt><trkpt lat="37.42197" lon="-118.75999000000002"><ele>3331.899065149541</ele></trkpt><trkpt lat="37.42184" lon="-118.76022"><ele>3334.923076220028</ele></trkpt><trkpt lat="37.42176" lon="-118.76026999999999"><ele>3335.2278008889407</ele></trkpt><trkpt lat="37.42163" lon="-118.76042999999999"><ele>3339.3177568088054</ele></trkpt><trkpt lat="37.42155" lon="-118.76045999999997"><ele>3339.0824426654726</ele></trkpt><trkpt lat="37.42142" lon="-118.76066000000003"><ele>3343.0057646548375</ele></trkpt><trkpt lat="37.42133" lon="-118.76071000000002"><ele>3344.4976101025577</ele></trkpt><trkpt lat="37.42119" lon="-118.76065"><ele>3342.8376267328413</ele></trkpt><trkpt lat="37.42113" lon="-118.76065"><ele>3346.4226566825614</ele></trkpt><trkpt lat="37.42108" lon="-118.76060000000001"><ele>3343.74398537437</ele></trkpt><trkpt lat="37.42096" lon="-118.76053000000002"><ele>3346.3446791120805</ele></trkpt><trkpt lat="37.42078" lon="-118.76048000000003"><ele>3347.0145102241077</ele></trkpt><trkpt lat="37.42036" lon="-118.76096999999999"><ele>3350.9103507493837</ele></trkpt><trkpt lat="37.42031" lon="-118.76116999999999"><ele>3350.558632542359</ele></trkpt><trkpt lat="37.42032777342047" lon="-118.76126775381255"><ele>3352.0</ele></trkpt><trkpt lat="37.42033" lon="-118.76128"><ele>3352.0</ele></trkpt><trkpt lat="37.42029" lon="-118.76139999999998"><ele>3352.9220810535503</ele></trkpt><trkpt lat="37.42017" lon="-118.76153999999997"><ele>3353.4140906650573</ele></trkpt><trkpt lat="37.42007" lon="-118.76177000000001"><ele>3354.3845863919705</ele></trkpt><trkpt lat="37.41977" lon="-118.76204000000001"><ele>3353.5588570498007</ele></trkpt><trkpt lat="37.41969" lon="-118.76220999999998"><ele>3353.08642706275</ele></trkpt><trkpt lat="37.41969" lon="-118.76220999999998"><ele>3353.08642706275</ele></trkpt><trkpt lat="37.4196" lon="-118.76242000000002"><ele>3354.8880601547266</ele></trkpt><trkpt lat="37.41905" lon="-118.76282000000003"><ele>3359.066414223518</ele></trkpt><trkpt lat="37.4187" lon="-118.76301999999998"><ele>3361.9965587844285</ele></trkpt><trkpt lat="37.41866" lon="-118.76309000000003"><ele>3362.0</ele></trkpt><trkpt lat="37.4186" lon="-118.76337000000001"><ele>3362.0</ele></trkpt><trkpt lat="37.41855" lon="-118.76351999999997"><ele>3360.1926279570907</ele></trkpt><trkpt lat="37.41853" lon="-118.76369"><ele>3359.019061623141</ele></trkpt><trkpt lat="37.41865" lon="-118.76418000000001"><ele>3361.48044428937</ele></trkpt><trkpt lat="37.41866" lon="-118.76443999999998"><ele>3365.3649744517074</ele></trkpt><trkpt lat="37.41866" lon="-118.76443999999998"><ele>3365.3649744517074</ele></trkpt><trkpt lat="37.41869" lon="-118.76564000000002"><ele>3384.1988846842883</ele></trkpt><trkpt lat="37.41855" lon="-118.76583"><ele>3386.1926279570907</ele></trkpt><trkpt lat="37.4186" lon="-118.76600000000002"><ele>3389.391700719949</ele></trkpt><trkpt lat="37.41912" lon="-118.76566000000003"><ele>3398.2685526396044</ele></trkpt><trkpt lat="37.41916" lon="-118.76585"><ele>3402.270955327283</ele></trkpt><trkpt lat="37.41906" lon="-118.76614000000001"><ele>3405.1186753641814</ele></trkpt><trkpt lat="37.41953" lon="-118.76569999999998"><ele>3415.9819044708274</ele></trkpt><trkpt lat="37.41933" lon="-118.76636000000002"><ele>3424.9635712762088</ele></trkpt><trkpt lat="37.41961" lon="-118.76614999999998"><ele>3432.6477543693036</ele></trkpt><trkpt lat="37.4194" lon="-118.76682"><ele>3440.0694868564606</ele></trkpt><trkpt lat="37.42003" lon="-118.76609000000002"><ele>3453.4968659547158</ele></trkpt><trkpt lat="37.4199" lon="-118.76657999999998"><ele>3459.7041947385296</ele></trkpt><trkpt lat="37.41992" lon="-118.76702999999998"><ele>3466.6939430888415</ele></trkpt><trkpt lat="37.41956" lon="-118.76785000000001"><ele>3477.718991412342</ele></trkpt><trkpt lat="37.42016" lon="-118.76742000000002"><ele>3491.8134702051902</ele></trkpt><trkpt lat="37.42036" lon="-118.76711"><ele>3495.396583738271</ele></trkpt><trkpt lat="37.42034" lon="-118.76747"><ele>3503.2280841507018</ele></trkpt><trkpt lat="37.4198" lon="-118.76853"><ele>3516.619931645566</ele></trkpt><trkpt lat="37.42014" lon="-118.76836000000003"><ele>3525.7412815135904</ele></trkpt><trkpt lat="37.41949" lon="-118.76953000000003"><ele>3540.8539361910075</ele></trkpt><trkpt lat="37.41922" lon="-118.77053999999998"><ele>3557.351771917194</ele></trkpt><trkpt lat="37.41909" lon="-118.77143999999998"><ele>3570.6665681055747</ele></trkpt><trkpt lat="37.41874" lon="-118.77166999999997"><ele>3570.847831315361</ele></trkpt><trkpt lat="37.41858" lon="-118.77249999999998"><ele>3577.9912016697604</ele></trkpt><trkpt lat="37.41866" lon="-118.77267999999998"><ele>3579.0</ele></trkpt><trkpt lat="37.41885" lon="-118.77267999999998"><ele>3582.4242808902636</ele></trkpt><trkpt lat="37.41907" lon="-118.77276"><ele>3585.491009523284</ele></trkpt><trkpt lat="37.41958" lon="-118.77271999999999"><ele>3594.560145778116</ele></trkpt><trkpt lat="37.42003" lon="-118.77289000000002"><ele>3595.275143109262</ele></trkpt><trkpt lat="37.42064" lon="-118.77334000000002"><ele>3591.6660515544936</ele></trkpt><trkpt lat="37.42088" lon="-118.77334000000002"><ele>3597.5813025915995</ele></trkpt><trkpt lat="37.42147" lon="-118.77350000000001"><ele>3609.6337475895216</ele></trkpt><trkpt lat="37.42193" lon="-118.77377000000001"><ele>3621.5298407897353</ele></trkpt><trkpt lat="37.42198" lon="-118.77389"><ele>3624.9816683878907</ele></trkpt><trkpt lat="37.42223" lon="-118.77390000000003"><ele>3629.4318400016055</ele></trkpt><trkpt lat="37.42229" lon="-118.77373999999998"><ele>3625.975299554877</ele></trkpt><trkpt lat="37.42253" lon="-118.77371"><ele>3626.0</ele></trkpt><trkpt lat="37.42253" lon="-118.77371"><ele>3626.0</ele></trkpt><trkpt lat="37.42276" lon="-118.77368999999999"><ele>3626.0</ele></trkpt><trkpt lat="37.42297" lon="-118.77359000000001"><ele>3627.0</ele></trkpt><trkpt lat="37.42315" lon="-118.77372000000003"><ele>3630.1159709642307</ele></trkpt><trkpt lat="37.42326" lon="-118.77366"><ele>3633.6809122033874</ele></trkpt><trkpt lat="37.4233" lon="-118.77377999999999"><ele>3635.987718254745</ele></trkpt><trkpt lat="37.42343" lon="-118.77382"><ele>3639.388498608006</ele></trkpt><trkpt lat="37.42366" lon="-118.77381000000003"><ele>3643.286632973235</ele></trkpt><trkpt lat="37.42411" lon="-118.77355"><ele>3653.576882098336</ele></trkpt><trkpt lat="37.4244" lon="-118.77312"><ele>3662.4742349293083</ele></trkpt><trkpt lat="37.42472" lon="-118.77291000000002"><ele>3666.0744503239566</ele></trkpt><trkpt lat="37.4252" lon="-118.77283"><ele>3671.238275063547</ele></trkpt><trkpt lat="37.42531" lon="-118.77278999999999"><ele>3671.963061180362</ele></trkpt><trkpt lat="37.42549" lon="-118.77264000000002"><ele>3671.0</ele></trkpt><trkpt lat="37.42549" lon="-118.77264000000002"><ele>3671.0</ele></trkpt><trkpt lat="37.42567" lon="-118.77240999999998"><ele>3669.0021456983413</ele></trkpt><trkpt lat="37.42593" lon="-118.7722"><ele>3668.0</ele></trkpt><trkpt lat="37.42614" lon="-118.77190000000002"><ele>3665.5476951051396</ele></trkpt><trkpt lat="37.42662" lon="-118.77165000000002"><ele>3659.5742400009185</ele></trkpt><trkpt lat="37.42677" lon="-118.77161999999998"><ele>3658.176138665527</ele></trkpt><trkpt lat="37.42711" lon="-118.77145000000002"><ele>3652.2535644457676</ele></trkpt><trkpt lat="37.42742" lon="-118.77134000000001"><ele>3648.12719288934</ele></trkpt><trkpt lat="37.42808" lon="-118.77098000000001"><ele>3637.349976889789</ele></trkpt><trkpt lat="37.42827" lon="-118.77091000000001"><ele>3635.0877404455096</ele></trkpt><trkpt lat="37.42828423784896" lon="-118.77090728802875"><ele>3635.402348861428</ele></trkpt><trkpt lat="37.42830924340428" lon="-118.77090252507435"><ele>3635.739383660257</ele></trkpt><trkpt lat="37.42848" lon="-118.77087"><ele>3634.223605333362</ele></trkpt><trkpt lat="37.4287" lon="-118.77073999999999"><ele>3632.1651662220247</ele></trkpt><trkpt lat="37.42888" lon="-118.77070000000003"><ele>3631.0</ele></trkpt><trkpt lat="37.42907" lon="-118.77061000000003"><ele>3629.524808855019</ele></trkpt><trkpt lat="37.42923" lon="-118.77061000000003"><ele>3628.176556468429</ele></trkpt><trkpt lat="37.42942" lon="-118.77048000000002"><ele>3627.0</ele></trkpt><trkpt lat="37.42961" lon="-118.77046000000001"><ele>3626.0</ele></trkpt><trkpt lat="37.42977" lon="-118.77037000000001"><ele>3624.9697626937286</ele></trkpt><trkpt lat="37.43002" lon="-118.77035999999998"><ele>3625.0</ele></trkpt><trkpt lat="37.43075" lon="-118.77010999999999"><ele>3623.0</ele></trkpt><trkpt lat="37.43105" lon="-118.77012000000002"><ele>3623.1986715365206</ele></trkpt><trkpt lat="37.43183" lon="-118.77001000000001"><ele>3623.144700445235</ele></trkpt><trkpt lat="37.43235" lon="-118.76972999999998"><ele>3623.0</ele></trkpt><trkpt lat="37.43273" lon="-118.76945"><ele>3623.0</ele></trkpt><trkpt lat="37.43301" lon="-118.76940000000002"><ele>3623.0</ele></trkpt><trkpt lat="37.43333" lon="-118.76941"><ele>3623.0</ele></trkpt><trkpt lat="37.4335" lon="-118.76938000000001"><ele>3623.0</ele></trkpt><trkpt lat="37.43384" lon="-118.76920000000001"><ele>3623.6833776764015</ele></trkpt><trkpt lat="37.43434" lon="-118.76900999999998"><ele>3625.5413226657547</ele></trkpt><trkpt lat="37.4345" lon="-118.76891"><ele>3624.9061680829327</ele></trkpt><trkpt lat="37.43465" lon="-118.76889"><ele>3625.94969529454</ele></trkpt><trkpt lat="37.43506" lon="-118.76848999999999"><ele>3618.0</ele></trkpt><trkpt lat="37.43518" lon="-118.76844"><ele>3616.0</ele></trkpt><trkpt lat="37.43527" lon="-118.76845000000003"><ele>3616.4434311129153</ele></trkpt><trkpt lat="37.43542" lon="-118.76832999999999"><ele>3612.969089469674</ele></trkpt><trkpt lat="37.43557" lon="-118.76835"><ele>3611.7830933332443</ele></trkpt><trkpt lat="37.43576" lon="-118.76830999999999"><ele>3608.0</ele></trkpt><trkpt lat="37.43597" lon="-118.76835"><ele>3606.0</ele></trkpt><trkpt lat="37.43623" lon="-118.76832999999999"><ele>3601.0</ele></trkpt><trkpt lat="37.43648" lon="-118.76835"><ele>3596.4534338979906</ele></trkpt><trkpt lat="37.43659" lon="-118.76830000000001"><ele>3593.5201396252332</ele></trkpt><trkpt lat="37.43685" lon="-118.76832999999999"><ele>3588.0</ele></trkpt><trkpt lat="37.43696" lon="-118.76839000000001"><ele>3586.2631609438395</ele></trkpt><trkpt lat="37.437" lon="-118.76837"><ele>3585.0421128408916</ele></trkpt><trkpt lat="37.43713" lon="-118.76842999999997"><ele>3583.0</ele></trkpt><trkpt lat="37.43733" lon="-118.76857999999999"><ele>3578.690223313868</ele></trkpt><trkpt lat="37.43746" lon="-118.76859999999999"><ele>3575.060120696202</ele></trkpt><trkpt lat="37.43751" lon="-118.76866000000001"><ele>3574.02887395235</ele></trkpt><trkpt lat="37.43758" lon="-118.76864"><ele>3572.0169372819364</ele></trkpt><trkpt lat="37.43765" lon="-118.76868000000002"><ele>3570.0</ele></trkpt><trkpt lat="37.43766" lon="-118.76872000000003"><ele>3570.008468662719</ele></trkpt><trkpt lat="37.43773" lon="-118.76872000000003"><ele>3568.212942134589</ele></trkpt><trkpt lat="37.43803" lon="-118.76899000000003"><ele>3559.0</ele></trkpt><trkpt lat="37.43807" lon="-118.76899000000003"><ele>3558.0</ele></trkpt><trkpt lat="37.43813" lon="-118.76905999999997"><ele>3555.735535468906</ele></trkpt><trkpt lat="37.43825" lon="-118.76907"><ele>3552.0</ele></trkpt><trkpt lat="37.43834" lon="-118.76911999999999"><ele>3550.0</ele></trkpt><trkpt lat="37.4385" lon="-118.76929999999999"><ele>3547.018822580576</ele></trkpt><trkpt lat="37.43865" lon="-118.76940000000002"><ele>3545.0</ele></trkpt><trkpt lat="37.439" lon="-118.76953000000003"><ele>3542.0</ele></trkpt><trkpt lat="37.43934" lon="-118.76961"><ele>3541.0</ele></trkpt><trkpt lat="37.43964" lon="-118.76977"><ele>3541.0</ele></trkpt><trkpt lat="37.43979" lon="-118.76986999999997"><ele>3541.0</ele></trkpt><trkpt lat="37.43997" lon="-118.77012000000002"><ele>3545.271072000731</ele></trkpt><trkpt lat="37.43997" lon="-118.77012000000002"><ele>3545.271072000731</ele></trkpt><trkpt lat="37.44003" lon="-118.77017999999998"><ele>3547.0672746663913</ele></trkpt><trkpt lat="37.44034" lon="-118.77024"><ele>3550.997187409501</ele></trkpt><trkpt lat="37.44116" lon="-118.77076"><ele>3561.0</ele></trkpt><trkpt lat="37.44125" lon="-118.77079000000003"><ele>3561.0</ele></trkpt><trkpt lat="37.44148" lon="-118.77105"><ele>3562.0</ele></trkpt><trkpt lat="37.44158" lon="-118.77124000000003"><ele>3559.1267253610886</ele></trkpt><trkpt lat="37.44164" lon="-118.7713"><ele>3557.9252678768053</ele></trkpt><trkpt lat="37.44184" lon="-118.77143000000001"><ele>3555.0</ele></trkpt><trkpt lat="37.44203" lon="-118.77143999999998"><ele>3555.0</ele></trkpt><trkpt lat="37.44228" lon="-118.77169000000004"><ele>3551.5616248869337</ele></trkpt><trkpt lat="37.44246" lon="-118.77172999999999"><ele>3551.6974897780456</ele></trkpt><trkpt lat="37.4427" lon="-118.77206000000001"><ele>3546.0</ele></trkpt><trkpt lat="37.44297" lon="-118.77224000000001"><ele>3543.9297671108507</ele></trkpt><trkpt lat="37.44322" lon="-118.77244999999999"><ele>3541.0</ele></trkpt><trkpt lat="37.44337" lon="-118.77262999999999"><ele>3538.0</ele></trkpt><trkpt lat="37.44358" lon="-118.77321999999998"><ele>3525.25845688954</ele></trkpt><trkpt lat="37.44368" lon="-118.77337"><ele>3522.267950222362</ele></trkpt><trkpt lat="37.44404" lon="-118.77377000000001"><ele>3514.626599110663</ele></trkpt><trkpt lat="37.44409" lon="-118.77386000000001"><ele>3512.484915528882</ele></trkpt><trkpt lat="37.44408" lon="-118.77390000000003"><ele>3511.073866291903</ele></trkpt><trkpt lat="37.44382" lon="-118.77384999999998"><ele>3508.898328889627</ele></trkpt><trkpt lat="37.44366" lon="-118.77379000000002"><ele>3507.694531554822</ele></trkpt><trkpt lat="37.44356" lon="-118.77379000000002"><ele>3506.694531554822</ele></trkpt><trkpt lat="37.44346" lon="-118.77382999999998"><ele>3505.8303964450024</ele></trkpt><trkpt lat="37.44332" lon="-118.77393000000001"><ele>3502.0</ele></trkpt><trkpt lat="37.443" lon="-118.774"><ele>3499.0</ele></trkpt><trkpt lat="37.44277" lon="-118.77391"><ele>3498.6512236798635</ele></trkpt><trkpt lat="37.44269" lon="-118.77382999999998"><ele>3498.0</ele></trkpt><trkpt lat="37.4426" lon="-118.77379000000002"><ele>3497.0</ele></trkpt><trkpt lat="37.44266" lon="-118.77391999999998"><ele>3496.0985010600043</ele></trkpt><trkpt lat="37.44269" lon="-118.77416"><ele>3493.0</ele></trkpt><trkpt lat="37.44264" lon="-118.77444000000003"><ele>3488.988589992752</ele></trkpt><trkpt lat="37.44265" lon="-118.7749"><ele>3482.9847817338887</ele></trkpt><trkpt lat="37.4426" lon="-118.77517"><ele>3479.7731594621578</ele></trkpt><trkpt lat="37.44267" lon="-118.77534000000003"><ele>3478.0</ele></trkpt><trkpt lat="37.44266" lon="-118.77542"><ele>3477.0</ele></trkpt><trkpt lat="37.44257" lon="-118.77544999999998"><ele>3477.0</ele></trkpt><trkpt lat="37.44241" lon="-118.77534000000003"><ele>3474.480571195483</ele></trkpt><trkpt lat="37.44233" lon="-118.77515"><ele>3472.784811252728</ele></trkpt><trkpt lat="37.44219" lon="-118.77434"><ele>3469.594365925066</ele></trkpt><trkpt lat="37.44205" lon="-118.77402999999998"><ele>3466.681167079338</ele></trkpt><trkpt lat="37.44208" lon="-118.77440999999999"><ele>3464.1105937957764</ele></trkpt><trkpt lat="37.44205" lon="-118.77461"><ele>3462.349690994248</ele></trkpt><trkpt lat="37.44202" lon="-118.77462000000003"><ele>3461.0</ele></trkpt><trkpt lat="37.442" lon="-118.77440999999999"><ele>3459.5316277473003</ele></trkpt><trkpt lat="37.44194" lon="-118.77424000000002"><ele>3458.6160649871454</ele></trkpt><trkpt lat="37.44191" lon="-118.77451000000002"><ele>3454.264307860285</ele></trkpt><trkpt lat="37.44185" lon="-118.77474000000001"><ele>3451.6103570349514</ele></trkpt><trkpt lat="37.44187" lon="-118.77487000000002"><ele>3452.5685780346394</ele></trkpt><trkpt lat="37.44178" lon="-118.77524"><ele>3445.0600080112504</ele></trkpt><trkpt lat="37.44177" lon="-118.77539999999999"><ele>3441.914632236585</ele></trkpt><trkpt lat="37.44171" lon="-118.77564999999998"><ele>3436.4002789435494</ele></trkpt><trkpt lat="37.44171" lon="-118.77584000000002"><ele>3433.3928419314325</ele></trkpt><trkpt lat="37.44168" lon="-118.77588000000003"><ele>3431.63194783777</ele></trkpt><trkpt lat="37.44155" lon="-118.77584999999999"><ele>3429.0</ele></trkpt><trkpt lat="37.44133" lon="-118.77589"><ele>3426.0</ele></trkpt><trkpt lat="37.44133" lon="-118.77589"><ele>3426.0</ele></trkpt><trkpt lat="37.44133" lon="-118.77589"><ele>3426.0</ele></trkpt><trkpt lat="37.44136" lon="-118.77593999999999"><ele>3425.4972693333402</ele></trkpt><trkpt lat="37.44136" lon="-118.77600999999999"><ele>3425.0</ele></trkpt><trkpt lat="37.44125" lon="-118.77616999999998"><ele>3422.0</ele></trkpt><trkpt lat="37.44144" lon="-118.77645999999999"><ele>3416.6647661738625</ele></trkpt><trkpt lat="37.44143" lon="-118.7765"><ele>3415.382547139421</ele></trkpt><trkpt lat="37.44139" lon="-118.7765"><ele>3414.7657621400176</ele></trkpt><trkpt lat="37.4414" lon="-118.77660000000003"><ele>3412.1455689665613</ele></trkpt><trkpt lat="37.44126" lon="-118.77672999999999"><ele>3409.0</ele></trkpt><trkpt lat="37.44135" lon="-118.77683000000002"><ele>3406.277110355753</ele></trkpt><trkpt lat="37.4415" lon="-118.77687000000003"><ele>3404.1561279986054</ele></trkpt><trkpt lat="37.44149" lon="-118.77693999999997"><ele>3403.0</ele></trkpt><trkpt lat="37.44137" lon="-118.77701000000002"><ele>3401.6316551100463</ele></trkpt><trkpt lat="37.441455204867125" lon="-118.77716491794024"><ele>3398.411955817137</ele></trkpt><trkpt lat="37.441455204867125" lon="-118.77716491794024"><ele>3398.411955817137</ele></trkpt><trkpt lat="37.44148" lon="-118.77720999999997"><ele>3397.3849307930464</ele></trkpt><trkpt lat="37.44161" lon="-118.77719000000002"><ele>3396.0</ele></trkpt><trkpt lat="37.4416" lon="-118.77724"><ele>3394.918433654361</ele></trkpt><trkpt lat="37.44157" lon="-118.77729"><ele>3393.9268313340926</ele></trkpt><trkpt lat="37.4416" lon="-118.77733999999998"><ele>3392.3002031673336</ele></trkpt><trkpt lat="37.44181" lon="-118.77724999999998"><ele>3388.1843504379503</ele></trkpt><trkpt lat="37.44187" lon="-118.77715"><ele>3389.0231203823228</ele></trkpt><trkpt lat="37.44203" lon="-118.77710000000002"><ele>3388.0</ele></trkpt><trkpt lat="37.44208" lon="-118.77714000000003"><ele>3388.0</ele></trkpt><trkpt lat="37.44221" lon="-118.77731"><ele>3388.482243162838</ele></trkpt><trkpt lat="37.44227" lon="-118.77733"><ele>3389.1889811336478</ele></trkpt><trkpt lat="37.4423" lon="-118.77738999999997"><ele>3389.946274127811</ele></trkpt><trkpt lat="37.44235" lon="-118.77756"><ele>3387.9585564605222</ele></trkpt><trkpt lat="37.44238" lon="-118.77798000000001"><ele>3384.719660628587</ele></trkpt><trkpt lat="37.44241" lon="-118.77805999999998"><ele>3384.843188830452</ele></trkpt><trkpt lat="37.44242" lon="-118.77819"><ele>3383.043204252861</ele></trkpt><trkpt lat="37.44241" lon="-118.77828"><ele>3380.480571195483</ele></trkpt><trkpt lat="37.44238" lon="-118.77834000000001"><ele>3378.467176812226</ele></trkpt><trkpt lat="37.44241" lon="-118.77867000000003"><ele>3375.480571195483</ele></trkpt><trkpt lat="37.44239" lon="-118.77890000000002"><ele>3374.0</ele></trkpt><trkpt lat="37.44243" lon="-118.77909999999997"><ele>3373.0</ele></trkpt><trkpt lat="37.44249" lon="-118.77924000000002"><ele>3372.7061226652004</ele></trkpt><trkpt lat="37.4426" lon="-118.77936"><ele>3370.1137173334137</ele></trkpt><trkpt lat="37.44271" lon="-118.77936"><ele>3369.1137173334137</ele></trkpt><trkpt lat="37.44281" lon="-118.77948000000004"><ele>3366.5213119979016</ele></trkpt><trkpt lat="37.44284" lon="-118.77949999999998"><ele>3366.58924444532</ele></trkpt><trkpt lat="37.44285" lon="-118.77957000000004"><ele>3365.533845773295</ele></trkpt><trkpt lat="37.44272" lon="-118.77960999999999"><ele>3363.462872888893</ele></trkpt><trkpt lat="37.44276" lon="-118.77966000000004"><ele>3362.0</ele></trkpt><trkpt lat="37.44286" lon="-118.77967999999998"><ele>3362.285117651968</ele></trkpt><trkpt lat="37.44298" lon="-118.77983"><ele>3360.951032863838</ele></trkpt><trkpt lat="37.44298" lon="-118.77985999999999"><ele>3360.0</ele></trkpt><trkpt lat="37.44292" lon="-118.77985000000001"><ele>3359.4161588437855</ele></trkpt><trkpt lat="37.4429" lon="-118.77983"><ele>3359.050895614457</ele></trkpt><trkpt lat="37.44283" lon="-118.77987000000002"><ele>3356.345994665753</ele></trkpt><trkpt lat="37.44286" lon="-118.77996000000002"><ele>3354.1356591488616</ele></trkpt><trkpt lat="37.443" lon="-118.78007000000002"><ele>3354.0</ele></trkpt><trkpt lat="37.44312" lon="-118.78008999999997"><ele>3354.0932515566237</ele></trkpt><trkpt lat="37.44323" lon="-118.78035"><ele>3347.976373333484</ele></trkpt><trkpt lat="37.44334" lon="-118.78041999999999"><ele>3346.78328583017</ele></trkpt><trkpt lat="37.44334" lon="-118.78046"><ele>3345.8500017775223</ele></trkpt><trkpt lat="37.44321" lon="-118.78044"><ele>3344.7820693333633</ele></trkpt><trkpt lat="37.44314" lon="-118.78046"><ele>3343.8500017775223</ele></trkpt><trkpt lat="37.44314" lon="-118.78048000000001"><ele>3342.9179342212155</ele></trkpt><trkpt lat="37.44342" lon="-118.78066999999999"><ele>3340.77984774742</ele></trkpt><trkpt lat="37.44356" lon="-118.78084000000001"><ele>3336.1407182216644</ele></trkpt><trkpt lat="37.44369" lon="-118.78087"><ele>3335.0</ele></trkpt><trkpt lat="37.44367" lon="-118.78091"><ele>3333.878481777385</ele></trkpt><trkpt lat="37.44341" lon="-118.78098"><ele>3328.6162453331053</ele></trkpt><trkpt lat="37.44339" lon="-118.78100999999998"><ele>3327.2181440009736</ele></trkpt><trkpt lat="37.44341" lon="-118.78105"><ele>3325.354008888826</ele></trkpt><trkpt lat="37.44355" lon="-118.78116"><ele>3320.6943792720126</ele></trkpt><trkpt lat="37.44379" lon="-118.78123"><ele>3317.0</ele></trkpt><trkpt lat="37.44397" lon="-118.78123"><ele>3314.9165073330514</ele></trkpt><trkpt lat="37.44406" lon="-118.78116"><ele>3312.668260363862</ele></trkpt><trkpt lat="37.44407" lon="-118.78118999999998"><ele>3311.0812770742923</ele></trkpt><trkpt lat="37.44401" lon="-118.78132"><ele>3311.0</ele></trkpt><trkpt lat="37.44402" lon="-118.78134999999997"><ele>3311.0</ele></trkpt><trkpt lat="37.44405" lon="-118.78136"><ele>3310.0</ele></trkpt><trkpt lat="37.44414" lon="-118.78124000000003"><ele>3307.4993671099655</ele></trkpt><trkpt lat="37.44417" lon="-118.78125"><ele>3306.2447731960565</ele></trkpt><trkpt lat="37.44416" lon="-118.78152"><ele>3304.798423938453</ele></trkpt><trkpt lat="37.44424" lon="-118.7815"><ele>3303.063325237594</ele></trkpt><trkpt lat="37.4443" lon="-118.78136"><ele>3300.580639757216</ele></trkpt><trkpt lat="37.44433" lon="-118.78134"><ele>3299.9709744137194</ele></trkpt><trkpt lat="37.44462" lon="-118.78134"><ele>3295.668769574562</ele></trkpt><trkpt lat="37.44474" lon="-118.78127999999998"><ele>3294.909981803582</ele></trkpt><trkpt lat="37.4449222823157" lon="-118.78127040619393"><ele>3292.0823357682675</ele></trkpt><trkpt lat="37.444930000000014" lon="-118.78127"><ele>3292.1012657778338</ele></trkpt><trkpt lat="37.44518" lon="-118.78141"><ele>3288.9685321141833</ele></trkpt><trkpt lat="37.44523" lon="-118.78140000000002"><ele>3287.990683073178</ele></trkpt><trkpt lat="37.44549" lon="-118.78111999999999"><ele>3281.7288533803076</ele></trkpt><trkpt lat="37.44551" lon="-118.78111999999999"><ele>3280.5548642855138</ele></trkpt><trkpt lat="37.44547" lon="-118.78136"><ele>3278.0</ele></trkpt><trkpt lat="37.44546" lon="-118.78142000000003"><ele>3278.0</ele></trkpt><trkpt lat="37.44548" lon="-118.78143"><ele>3276.960573145654</ele></trkpt><trkpt lat="37.44564" lon="-118.78111999999999"><ele>3273.9239275101572</ele></trkpt><trkpt lat="37.44567" lon="-118.78111000000001"><ele>3273.0</ele></trkpt><trkpt lat="37.44571" lon="-118.78120000000001"><ele>3270.8149560652673</ele></trkpt><trkpt lat="37.4457" lon="-118.78134"><ele>3269.337249701811</ele></trkpt><trkpt lat="37.44566" lon="-118.78143"><ele>3268.483502776969</ele></trkpt><trkpt lat="37.44566" lon="-118.78156000000001"><ele>3267.0</ele></trkpt><trkpt lat="37.4457" lon="-118.78156999999999"><ele>3266.4019522182643</ele></trkpt><trkpt lat="37.4458" lon="-118.78141"><ele>3264.5319871231914</ele></trkpt><trkpt lat="37.44582" lon="-118.78132"><ele>3264.3579931631684</ele></trkpt><trkpt lat="37.44585" lon="-118.78138000000001"><ele>3263.0</ele></trkpt><trkpt lat="37.44592" lon="-118.78138999999999"><ele>3261.488018652424</ele></trkpt><trkpt lat="37.44596" lon="-118.78127999999998"><ele>3261.0</ele></trkpt><trkpt lat="37.44596" lon="-118.78120999999999"><ele>3261.0</ele></trkpt><trkpt lat="37.446" lon="-118.78118999999998"><ele>3259.9645491807632</ele></trkpt><trkpt lat="37.44606" lon="-118.78134"><ele>3257.27004115656</ele></trkpt><trkpt lat="37.44607" lon="-118.78145"><ele>3255.712657777127</ele></trkpt><trkpt lat="37.446" lon="-118.78174000000001"><ele>3253.156567753134</ele></trkpt><trkpt lat="37.44602" lon="-118.78178000000003"><ele>3251.7454376577734</ele></trkpt><trkpt lat="37.44605" lon="-118.78178000000003"><ele>3250.904723362166</ele></trkpt><trkpt lat="37.44612" lon="-118.78169000000003"><ele>3250.394853968679</ele></trkpt><trkpt lat="37.44615" lon="-118.78169000000003"><ele>3249.9938844409926</ele></trkpt><trkpt lat="37.44616" lon="-118.78185000000002"><ele>3248.0</ele></trkpt><trkpt lat="37.44617" lon="-118.78187000000003"><ele>3248.0</ele></trkpt><trkpt lat="37.44624" lon="-118.78186"><ele>3247.0</ele></trkpt><trkpt lat="37.44627" lon="-118.78178000000003"><ele>3245.9430460799485</ele></trkpt><trkpt lat="37.44634" lon="-118.78187000000003"><ele>3243.834040030837</ele></trkpt><trkpt lat="37.44641" lon="-118.78176000000002"><ele>3241.725030137226</ele></trkpt><trkpt lat="37.44647" lon="-118.78138000000001"><ele>3237.2030185982585</ele></trkpt><trkpt lat="37.44653" lon="-118.78120999999999"><ele>3234.6810042336583</ele></trkpt><trkpt lat="37.44676" lon="-118.781"><ele>3231.0</ele></trkpt><trkpt lat="37.44679" lon="-118.781"><ele>3230.2866084669645</ele></trkpt><trkpt lat="37.44679" lon="-118.78107999999997"><ele>3228.955907556694</ele></trkpt><trkpt lat="37.44686" lon="-118.78107999999997"><ele>3227.0</ele></trkpt><trkpt lat="37.44699" lon="-118.78086000000002"><ele>3224.0</ele></trkpt><trkpt lat="37.44707" lon="-118.78077000000002"><ele>3221.396002829731</ele></trkpt><trkpt lat="37.44709" lon="-118.7808"><ele>3219.813587289769</ele></trkpt><trkpt lat="37.44706" lon="-118.78116999999997"><ele>3218.433927185459</ele></trkpt><trkpt lat="37.44707" lon="-118.78120999999999"><ele>3217.9827478453517</ele></trkpt><trkpt lat="37.44709" lon="-118.78120999999999"><ele>3217.0</ele></trkpt><trkpt lat="37.44721" lon="-118.78109999999998"><ele>3214.0</ele></trkpt><trkpt lat="37.44745" lon="-118.781"><ele>3211.0</ele></trkpt><trkpt lat="37.44768" lon="-118.78082999999998"><ele>3208.6756423679485</ele></trkpt><trkpt lat="37.44788" lon="-118.78062999999997"><ele>3205.9589917987205</ele></trkpt><trkpt lat="37.44793" lon="-118.78084000000001"><ele>3202.499867167324</ele></trkpt><trkpt lat="37.44792" lon="-118.78105"><ele>3200.086880741641</ele></trkpt><trkpt lat="37.44803" lon="-118.78091999999998"><ele>3198.0</ele></trkpt><trkpt lat="37.44805" lon="-118.78093000000001"><ele>3197.431279205683</ele></trkpt><trkpt lat="37.44805" lon="-118.78124000000003"><ele>3193.4556981455535</ele></trkpt><trkpt lat="37.44808" lon="-118.78125"><ele>3192.7048323178906</ele></trkpt><trkpt lat="37.44831" lon="-118.78109999999998"><ele>3189.0</ele></trkpt><trkpt lat="37.44832" lon="-118.78129999999999"><ele>3185.426312098828</ele></trkpt><trkpt lat="37.44834" lon="-118.78134"><ele>3185.0</ele></trkpt><trkpt lat="37.44844" lon="-118.78133000000003"><ele>3185.133596049329</ele></trkpt><trkpt lat="37.44844" lon="-118.78133000000003"><ele>3185.133596049329</ele></trkpt><trkpt lat="37.44844" lon="-118.78133000000003"><ele>3185.133596049329</ele></trkpt><trkpt lat="37.44847" lon="-118.78138000000001"><ele>3186.198982419446</ele></trkpt><trkpt lat="37.4485" lon="-118.78178000000003"><ele>3183.29357943777</ele></trkpt><trkpt lat="37.44854" lon="-118.78334999999998"><ele>3171.359329399162</ele></trkpt><trkpt lat="37.44861" lon="-118.78417999999999"><ele>3164.0</ele></trkpt><trkpt lat="37.44861" lon="-118.78417999999999"><ele>3164.0</ele></trkpt><trkpt lat="37.44866" lon="-118.78438"><ele>3162.352335769683</ele></trkpt><trkpt lat="37.44869" lon="-118.78474"><ele>3157.1133941505104</ele></trkpt><trkpt lat="37.44874" lon="-118.7849"><ele>3155.931004444603</ele></trkpt><trkpt lat="37.44911" lon="-118.78570000000002"><ele>3147.416587862652</ele></trkpt><trkpt lat="37.44918" lon="-118.78595999999999"><ele>3142.9425749248553</ele></trkpt><trkpt lat="37.44936" lon="-118.78631000000001"><ele>3140.6641237875447</ele></trkpt><trkpt lat="37.44941" lon="-118.78654"><ele>3137.501464888919</ele></trkpt><trkpt lat="37.44957" lon="-118.78676999999999"><ele>3133.0</ele></trkpt><trkpt lat="37.44974" lon="-118.78696000000002"><ele>3129.9459711717795</ele></trkpt><trkpt lat="37.44972" lon="-118.78701999999998"><ele>3129.0</ele></trkpt><trkpt lat="37.44958" lon="-118.78703000000002"><ele>3128.6658097770996</ele></trkpt><trkpt lat="37.44943" lon="-118.78701999999998"><ele>3126.6849013422616</ele></trkpt><trkpt lat="37.44934" lon="-118.78697"><ele>3125.462012444157</ele></trkpt><trkpt lat="37.44942" lon="-118.78721000000002"><ele>3121.2772017763928</ele></trkpt><trkpt lat="37.44965" lon="-118.78746000000001"><ele>3119.0</ele></trkpt><trkpt lat="37.44969" lon="-118.78755999999998"><ele>3117.9660195559263</ele></trkpt><trkpt lat="37.44961" lon="-118.78760999999997"><ele>3116.6358506679535</ele></trkpt><trkpt lat="37.44942" lon="-118.78754000000004"><ele>3114.0</ele></trkpt><trkpt lat="37.44926" lon="-118.78742"><ele>3111.5736375786364</ele></trkpt><trkpt lat="37.44889" lon="-118.78696000000002"><ele>3106.7818476278335</ele></trkpt><trkpt lat="37.44866" lon="-118.78672"><ele>3103.425429139323</ele></trkpt><trkpt lat="37.4486" lon="-118.78673000000003"><ele>3102.0</ele></trkpt><trkpt lat="37.44869" lon="-118.78697"><ele>3100.0</ele></trkpt><trkpt lat="37.4488" lon="-118.78757000000002"><ele>3092.2852990120455</ele></trkpt><trkpt lat="37.44876" lon="-118.78755999999998"><ele>3092.0</ele></trkpt><trkpt lat="37.44859" lon="-118.78739999999999"><ele>3089.0</ele></trkpt><trkpt lat="37.44865" lon="-118.78760999999997"><ele>3087.765316464007</ele></trkpt><trkpt lat="37.44865" lon="-118.78760999999997"><ele>3087.765316464007</ele></trkpt><trkpt lat="37.44865" lon="-118.78760999999997"><ele>3087.765316464007</ele></trkpt><trkpt lat="37.44822" lon="-118.78754000000004"><ele>3078.8980871089734</ele></trkpt><trkpt lat="37.44822" lon="-118.78754000000004"><ele>3078.8980871089734</ele></trkpt><trkpt lat="37.44822" lon="-118.78754000000004"><ele>3078.8980871089734</ele></trkpt><trkpt lat="37.44826" lon="-118.78775999999999"><ele>3077.0</ele></trkpt><trkpt lat="37.44837" lon="-118.78796999999997"><ele>3075.3288078270853</ele></trkpt><trkpt lat="37.44836" lon="-118.78825999999998"><ele>3070.8305257099964</ele></trkpt><trkpt lat="37.44849" lon="-118.78874000000002"><ele>3069.983719652967</ele></trkpt><trkpt lat="37.44849717394483" lon="-118.7887426084414"><ele>3069.9696300660216</ele></trkpt><trkpt lat="37.44849" lon="-118.78879999999998"><ele>3069.0</ele></trkpt><trkpt lat="37.44859" lon="-118.78888999999998"><ele>3068.2391960472773</ele></trkpt><trkpt lat="37.44859" lon="-118.78893"><ele>3068.0</ele></trkpt><trkpt lat="37.44859" lon="-118.78893"><ele>3068.0</ele></trkpt><trkpt lat="37.44859" lon="-118.78893"><ele>3068.0</ele></trkpt><trkpt lat="37.44846" lon="-118.78888999999998"><ele>3068.0</ele></trkpt><trkpt lat="37.44836" lon="-118.78897999999998"><ele>3066.5854384418276</ele></trkpt><trkpt lat="37.44838" lon="-118.78915999999998"><ele>3064.3668933080285</ele></trkpt><trkpt lat="37.4486" lon="-118.78967"><ele>3058.0</ele></trkpt><trkpt lat="37.44882" lon="-118.79007999999999"><ele>3054.3913219846295</ele></trkpt><trkpt lat="37.44887" lon="-118.79012999999998"><ele>3053.7423146657484</ele></trkpt><trkpt lat="37.4489" lon="-118.79036000000002"><ele>3051.0</ele></trkpt><trkpt lat="37.44894" lon="-118.79041000000001"><ele>3050.0</ele></trkpt><trkpt lat="37.44901" lon="-118.79041999999998"><ele>3050.0</ele></trkpt><trkpt lat="37.44911" lon="-118.79079000000002"><ele>3046.7682856414467</ele></trkpt><trkpt lat="37.44911" lon="-118.79083000000003"><ele>3046.0</ele></trkpt><trkpt lat="37.44908" lon="-118.79086000000001"><ele>3046.0</ele></trkpt><trkpt lat="37.44909" lon="-118.79104000000001"><ele>3044.0</ele></trkpt><trkpt lat="37.44916" lon="-118.79125999999997"><ele>3041.861643021565</ele></trkpt><trkpt lat="37.44918" lon="-118.79143999999997"><ele>3039.0</ele></trkpt><trkpt lat="37.449" lon="-118.79156"><ele>3036.0</ele></trkpt><trkpt lat="37.44896" lon="-118.79176000000001"><ele>3033.9629513602704</ele></trkpt><trkpt lat="37.44889" lon="-118.7919"><ele>3031.9572164437723</ele></trkpt><trkpt lat="37.44885" lon="-118.79214999999999"><ele>3028.0</ele></trkpt><trkpt lat="37.44886" lon="-118.79237999999998"><ele>3024.0313213157306</ele></trkpt><trkpt lat="37.44889" lon="-118.79251"><ele>3022.0</ele></trkpt><trkpt lat="37.44899" lon="-118.79271"><ele>3020.0</ele></trkpt><trkpt lat="37.44909" lon="-118.79278999999997"><ele>3019.2303537791595</ele></trkpt><trkpt lat="37.44907" lon="-118.79287999999997"><ele>3018.441096623322</ele></trkpt><trkpt lat="37.44901" lon="-118.79296999999997"><ele>3017.7559389104076</ele></trkpt><trkpt lat="37.44909" lon="-118.79323999999997"><ele>3015.0</ele></trkpt><trkpt lat="37.44921" lon="-118.79338999999999"><ele>3015.0</ele></trkpt><trkpt lat="37.4492" lon="-118.79350999999997"><ele>3014.0514946822077</ele></trkpt><trkpt lat="37.44911" lon="-118.79368"><ele>3013.0</ele></trkpt><trkpt lat="37.44898" lon="-118.7937"><ele>3011.0</ele></trkpt><trkpt lat="37.44889" lon="-118.79377"><ele>3010.85380140692</ele></trkpt><trkpt lat="37.44881" lon="-118.79390999999998"><ele>3009.0</ele></trkpt><trkpt lat="37.44877" lon="-118.79406"><ele>3008.773881126678</ele></trkpt><trkpt lat="37.44876" lon="-118.79419999999999"><ele>3009.0</ele></trkpt><trkpt lat="37.44868" lon="-118.79433"><ele>3009.781586705128</ele></trkpt><trkpt lat="37.44862" lon="-118.79431999999997"><ele>3009.0</ele></trkpt><trkpt lat="37.44851" lon="-118.79437000000001"><ele>3008.7295838602204</ele></trkpt><trkpt lat="37.44839" lon="-118.79446999999999"><ele>3008.0</ele></trkpt><trkpt lat="37.44829" lon="-118.79462999999998"><ele>3007.8236324880004</ele></trkpt><trkpt lat="37.44819" lon="-118.79473000000002"><ele>3007.137404224512</ele></trkpt><trkpt lat="37.44802" lon="-118.79502000000002"><ele>3004.4554953710654</ele></trkpt><trkpt lat="37.44794" lon="-118.79505"><ele>3003.9938664869405</ele></trkpt><trkpt lat="37.44792" lon="-118.79502000000002"><ele>3003.913119258359</ele></trkpt><trkpt lat="37.44791" lon="-118.79491999999999"><ele>3004.326105758548</ele></trkpt><trkpt lat="37.44789" lon="-118.79487"><ele>3003.0</ele></trkpt><trkpt lat="37.44786" lon="-118.79487"><ele>3001.391039453447</ele></trkpt><trkpt lat="37.44774" lon="-118.79536999999999"><ele>2994.3468883205205</ele></trkpt><trkpt lat="37.44768" lon="-118.79545000000002"><ele>2993.0</ele></trkpt><trkpt lat="37.44752" lon="-118.7955"><ele>2990.404605479232</ele></trkpt><trkpt lat="37.44721" lon="-118.79586999999998"><ele>2986.0725013556603</ele></trkpt><trkpt lat="37.44723" lon="-118.79602"><ele>2983.823664222538</ele></trkpt><trkpt lat="37.44715" lon="-118.79602999999997"><ele>2982.0</ele></trkpt><trkpt lat="37.44705" lon="-118.79622"><ele>2979.0</ele></trkpt><trkpt lat="37.4469" lon="-118.79631999999998"><ele>2977.0381467621773</ele></trkpt><trkpt lat="37.44678" lon="-118.79644000000002"><ele>2976.0</ele></trkpt><trkpt lat="37.44663" lon="-118.79671000000002"><ele>2975.0</ele></trkpt><trkpt lat="37.44656" lon="-118.79676999999998"><ele>2973.080004006624</ele></trkpt><trkpt lat="37.44655" lon="-118.79683"><ele>2974.0</ele></trkpt><trkpt lat="37.44649" lon="-118.7969"><ele>2973.0</ele></trkpt><trkpt lat="37.44644" lon="-118.79707000000002"><ele>2972.0</ele></trkpt><trkpt lat="37.44644" lon="-118.79718000000003"><ele>2972.035975277424</ele></trkpt><trkpt lat="37.44639" lon="-118.79730999999998"><ele>2971.4757860359437</ele></trkpt><trkpt lat="37.44634" lon="-118.79737999999998"><ele>2971.7323984407653</ele></trkpt><trkpt lat="37.44624" lon="-118.79736000000003"><ele>2970.0</ele></trkpt><trkpt lat="37.44607" lon="-118.79748000000001"><ele>2968.0</ele></trkpt><trkpt lat="37.44586" lon="-118.79770000000002"><ele>2966.0</ele></trkpt><trkpt lat="37.44576" lon="-118.79786999999999"><ele>2966.0617899721055</ele></trkpt><trkpt lat="37.44558" lon="-118.79804000000001"><ele>2962.0</ele></trkpt><trkpt lat="37.44553" lon="-118.79816"><ele>2961.6191251259297</ele></trkpt><trkpt lat="37.44549" lon="-118.79847000000001"><ele>2959.2711466196924</ele></trkpt><trkpt lat="37.44538" lon="-118.79880000000003"><ele>2957.0</ele></trkpt><trkpt lat="37.445206768132884" lon="-118.79905737305972"><ele>2955.0</ele></trkpt><trkpt lat="37.44519764346118" lon="-118.79907093001839"><ele>2955.0530483430225</ele></trkpt><trkpt lat="37.44503" lon="-118.79931999999997"><ele>2952.0</ele></trkpt><trkpt lat="37.44484" lon="-118.79980999999998"><ele>2948.1166718322784</ele></trkpt><trkpt lat="37.44475" lon="-118.79985999999997"><ele>2947.0</ele></trkpt><trkpt lat="37.44462" lon="-118.79984999999999"><ele>2946.0</ele></trkpt><trkpt lat="37.44448" lon="-118.80007"><ele>2944.9851053524762</ele></trkpt><trkpt lat="37.44432" lon="-118.80024000000003"><ele>2943.0</ele></trkpt><trkpt lat="37.44426" lon="-118.80034"><ele>2943.0</ele></trkpt><trkpt lat="37.44423" lon="-118.80052"><ele>2942.0</ele></trkpt><trkpt lat="37.44424" lon="-118.80078000000003"><ele>2942.0</ele></trkpt><trkpt lat="37.44418" lon="-118.80099999999999"><ele>2941.3755442909896</ele></trkpt><trkpt lat="37.44417" lon="-118.80120999999997"><ele>2940.7885601371527</ele></trkpt><trkpt lat="37.44411" lon="-118.80133000000001"><ele>2940.825825465215</ele></trkpt><trkpt lat="37.44395" lon="-118.80155000000002"><ele>2939.8615986009804</ele></trkpt><trkpt lat="37.4439" lon="-118.80169000000001"><ele>2939.0</ele></trkpt><trkpt lat="37.44388" lon="-118.80219999999997"><ele>2939.0</ele></trkpt><trkpt lat="37.4438" lon="-118.80246"><ele>2937.0702016372234</ele></trkpt><trkpt lat="37.44371" lon="-118.80315000000002"><ele>2936.0</ele></trkpt><trkpt lat="37.44379" lon="-118.80365999999998"><ele>2936.0</ele></trkpt><trkpt lat="37.44376" lon="-118.80401"><ele>2936.0</ele></trkpt><trkpt lat="37.44372" lon="-118.80419999999998"><ele>2935.3743544630706</ele></trkpt><trkpt lat="37.44369" lon="-118.80477000000002"><ele>2935.0</ele></trkpt><trkpt lat="37.44377" lon="-118.80500999999998"><ele>2934.0</ele></trkpt><trkpt lat="37.44381" lon="-118.80520999999999"><ele>2937.0</ele></trkpt><trkpt lat="37.44381" lon="-118.80520999999999"><ele>2937.0</ele></trkpt><trkpt lat="37.44381" lon="-118.80520999999999"><ele>2937.0</ele></trkpt><trkpt lat="37.44388" lon="-118.80538999999999"><ele>2937.0</ele></trkpt><trkpt lat="37.44391" lon="-118.80559"><ele>2937.0</ele></trkpt><trkpt lat="37.44412" lon="-118.80615"><ele>2936.0</ele></trkpt><trkpt lat="37.44412" lon="-118.80615"><ele>2936.0</ele></trkpt><trkpt lat="37.44425" lon="-118.80641000000003"><ele>2933.7461626488257</ele></trkpt><trkpt lat="37.44427" lon="-118.80674999999997"><ele>2932.0</ele></trkpt><trkpt lat="37.44423" lon="-118.80707000000001"><ele>2930.0</ele></trkpt><trkpt lat="37.44408" lon="-118.80743000000001"><ele>2926.9569031102583</ele></trkpt><trkpt lat="37.44403" lon="-118.80772999999999"><ele>2924.0</ele></trkpt><trkpt lat="37.4441" lon="-118.80793"><ele>2922.0</ele></trkpt><trkpt lat="37.44409" lon="-118.80806000000001"><ele>2921.09268973954</ele></trkpt><trkpt lat="37.44401" lon="-118.80842000000001"><ele>2918.0</ele></trkpt><trkpt lat="37.44403" lon="-118.80853000000002"><ele>2918.0</ele></trkpt><trkpt lat="37.44391" lon="-118.80880000000002"><ele>2914.0</ele></trkpt><trkpt lat="37.4439" lon="-118.80914000000001"><ele>2910.0</ele></trkpt><trkpt lat="37.44375" lon="-118.80929000000003"><ele>2907.135296564549</ele></trkpt><trkpt lat="37.44373" lon="-118.80939000000001"><ele>2906.0</ele></trkpt><trkpt lat="37.44373" lon="-118.80957000000001"><ele>2905.0</ele></trkpt><trkpt lat="37.44384" lon="-118.81016"><ele>2902.305099730406</ele></trkpt><trkpt lat="37.44382" lon="-118.81037000000003"><ele>2899.9568965314093</ele></trkpt><trkpt lat="37.44371" lon="-118.81067000000002"><ele>2897.0</ele></trkpt><trkpt lat="37.44365" lon="-118.81106"><ele>2896.0</ele></trkpt><trkpt lat="37.44356" lon="-118.81115"><ele>2894.582075626846</ele></trkpt><trkpt lat="37.44353" lon="-118.81124999999997"><ele>2893.9470781537893</ele></trkpt><trkpt lat="37.44368" lon="-118.81169"><ele>2890.0</ele></trkpt><trkpt lat="37.44369" lon="-118.81178"><ele>2890.0</ele></trkpt><trkpt lat="37.4436" lon="-118.81211000000002"><ele>2888.669406887144</ele></trkpt><trkpt lat="37.44363" lon="-118.81223"><ele>2887.0</ele></trkpt><trkpt lat="37.44372" lon="-118.81232"><ele>2887.0</ele></trkpt><trkpt lat="37.44379" lon="-118.81243999999998"><ele>2887.4832204654813</ele></trkpt><trkpt lat="37.44383" lon="-118.81261999999998"><ele>2886.831145621836</ele></trkpt><trkpt lat="37.44378" lon="-118.81311"><ele>2879.896239373833</ele></trkpt><trkpt lat="37.44378" lon="-118.81331"><ele>2878.0</ele></trkpt><trkpt lat="37.44384" lon="-118.81346000000002"><ele>2877.025700136568</ele></trkpt><trkpt lat="37.44382" lon="-118.81362000000001"><ele>2876.1176858493764</ele></trkpt><trkpt lat="37.44384" lon="-118.81389999999999"><ele>2875.433048889041</ele></trkpt><trkpt lat="37.44395" lon="-118.81435999999997"><ele>2874.0</ele></trkpt><trkpt lat="37.44391" lon="-118.815"><ele>2868.526999702677</ele></trkpt><trkpt lat="37.44394" lon="-118.81524000000002"><ele>2866.0</ele></trkpt><trkpt lat="37.44395" lon="-118.81579999999997"><ele>2861.0</ele></trkpt><trkpt lat="37.44392" lon="-118.81642"><ele>2858.0</ele></trkpt><trkpt lat="37.44395" lon="-118.81650000000002"><ele>2857.0</ele></trkpt><trkpt lat="37.44393" lon="-118.81671"><ele>2855.0</ele></trkpt><trkpt lat="37.44396" lon="-118.81682"><ele>2854.0</ele></trkpt><trkpt lat="37.44397" lon="-118.81709999999998"><ele>2853.0</ele></trkpt><trkpt lat="37.44391" lon="-118.81732999999997"><ele>2850.8029779282997</ele></trkpt><trkpt lat="37.44375" lon="-118.8177"><ele>2847.0460296952033</ele></trkpt><trkpt lat="37.44383" lon="-118.81804999999997"><ele>2843.8360476522553</ele></trkpt><trkpt lat="37.44384" lon="-118.81828999999999"><ele>2843.0</ele></trkpt><trkpt lat="37.44387" lon="-118.81843000000003"><ele>2842.3197475536726</ele></trkpt><trkpt lat="37.44404" lon="-118.81870000000004"><ele>2843.0</ele></trkpt><trkpt lat="37.44417" lon="-118.81882000000002"><ele>2844.0</ele></trkpt><trkpt lat="37.44432" lon="-118.81905"><ele>2844.0</ele></trkpt><trkpt lat="37.44432" lon="-118.81905"><ele>2844.0</ele></trkpt><trkpt lat="37.44432" lon="-118.81905"><ele>2844.0</ele></trkpt><trkpt lat="37.44431" lon="-118.81943999999999"><ele>2843.0</ele></trkpt><trkpt lat="37.44422" lon="-118.81988999999999"><ele>2841.8005794168284</ele></trkpt><trkpt lat="37.44422" lon="-118.82060999999999"><ele>2841.0</ele></trkpt><trkpt lat="37.44418" lon="-118.82080000000002"><ele>2840.0</ele></trkpt><trkpt lat="37.44408" lon="-118.82096000000001"><ele>2840.0</ele></trkpt><trkpt lat="37.4441" lon="-118.82117"><ele>2839.119644455526</ele></trkpt><trkpt lat="37.44385" lon="-118.82195999999999"><ele>2836.0</ele></trkpt><trkpt lat="37.44392" lon="-118.82236999999998"><ele>2837.0</ele></trkpt><trkpt lat="37.44371" lon="-118.82272999999998"><ele>2836.0</ele></trkpt><trkpt lat="37.44353" lon="-118.82355000000001"><ele>2834.0642033655104</ele></trkpt><trkpt lat="37.44341" lon="-118.82382999999999"><ele>2833.0</ele></trkpt><trkpt lat="37.44333" lon="-118.82421"><ele>2830.0230362195434</ele></trkpt><trkpt lat="37.44314" lon="-118.82469000000003"><ele>2831.1375794159294</ele></trkpt><trkpt lat="37.44286" lon="-118.82501000000002"><ele>2829.2955514377268</ele></trkpt><trkpt lat="37.44263" lon="-118.82519000000002"><ele>2827.829748531524</ele></trkpt><trkpt lat="37.44212" lon="-118.82578000000001"><ele>2824.4584652949125</ele></trkpt><trkpt lat="37.44166" lon="-118.82609000000002"><ele>2820.0</ele></trkpt><trkpt lat="37.44152" lon="-118.82623000000001"><ele>2819.0448816765647</ele></trkpt><trkpt lat="37.44123" lon="-118.82634999999999"><ele>2816.0</ele></trkpt><trkpt lat="37.44097" lon="-118.82666"><ele>2815.2164806165856</ele></trkpt><trkpt lat="37.4408" lon="-118.82670000000002"><ele>2812.981229208638</ele></trkpt><trkpt lat="37.4407" lon="-118.82659000000001"><ele>2811.0</ele></trkpt><trkpt lat="37.44067" lon="-118.82643999999999"><ele>2811.0</ele></trkpt><trkpt lat="37.4405" lon="-118.82632999999998"><ele>2808.370673507452</ele></trkpt><trkpt lat="37.44036" lon="-118.8263"><ele>2805.0844971786246</ele></trkpt><trkpt lat="37.4402" lon="-118.82646"><ele>2801.0</ele></trkpt><trkpt lat="37.44014" lon="-118.82663000000002"><ele>2800.240332668647</ele></trkpt><trkpt lat="37.43997" lon="-118.82672000000002"><ele>2798.0</ele></trkpt><trkpt lat="37.43997" lon="-118.82672000000002"><ele>2798.0</ele></trkpt><trkpt lat="37.43983" lon="-118.82679000000002"><ele>2797.316576145707</ele></trkpt><trkpt lat="37.43962" lon="-118.82706000000002"><ele>2794.6235833247856</ele></trkpt><trkpt lat="37.43916" lon="-118.82769000000002"><ele>2788.0</ele></trkpt><trkpt lat="37.43896" lon="-118.82783"><ele>2787.0</ele></trkpt><trkpt lat="37.43887" lon="-118.82798000000003"><ele>2786.0</ele></trkpt><trkpt lat="37.43882" lon="-118.82812000000001"><ele>2786.0</ele></trkpt><trkpt lat="37.43882" lon="-118.82812000000001"><ele>2786.0</ele></trkpt><trkpt lat="37.43882" lon="-118.82821999999999"><ele>2786.0</ele></trkpt><trkpt lat="37.43885" lon="-118.82830999999999"><ele>2787.5819924898524</ele></trkpt><trkpt lat="37.43884" lon="-118.82835"><ele>2787.9991053067033</ele></trkpt><trkpt lat="37.43865" lon="-118.82841000000002"><ele>2785.0</ele></trkpt><trkpt lat="37.43861" lon="-118.82848000000001"><ele>2785.0193379146285</ele></trkpt><trkpt lat="37.43859" lon="-118.82864999999998"><ele>2786.9755331227443</ele></trkpt><trkpt lat="37.43844" lon="-118.82891000000001"><ele>2789.0</ele></trkpt><trkpt lat="37.43827" lon="-118.82907999999998"><ele>2789.4848140370227</ele></trkpt><trkpt lat="37.43808" lon="-118.82918999999998"><ele>2788.0437281916993</ele></trkpt><trkpt lat="37.43773" lon="-118.8295"><ele>2787.4562137191056</ele></trkpt><trkpt lat="37.43764" lon="-118.82969000000003"><ele>2788.2191663044955</ele></trkpt><trkpt lat="37.43761" lon="-118.82979"><ele>2788.0</ele></trkpt><trkpt lat="37.43766" lon="-118.82992999999999"><ele>2789.420072468659</ele></trkpt><trkpt lat="37.43765" lon="-118.83002999999997"><ele>2789.0</ele></trkpt><trkpt lat="37.43761" lon="-118.83010000000002"><ele>2789.0</ele></trkpt><trkpt lat="37.43751" lon="-118.83015"><ele>2788.0</ele></trkpt><trkpt lat="37.43732" lon="-118.83049"><ele>2785.0</ele></trkpt><trkpt lat="37.43727" lon="-118.83064000000002"><ele>2783.0</ele></trkpt><trkpt lat="37.43728" lon="-118.83073999999999"><ele>2783.0</ele></trkpt><trkpt lat="37.43717" lon="-118.83094"><ele>2781.918899346143</ele></trkpt><trkpt lat="37.43701" lon="-118.83107000000001"><ele>2780.0</ele></trkpt><trkpt lat="37.43695" lon="-118.83121"><ele>2780.0</ele></trkpt><trkpt lat="37.43682" lon="-118.83139"><ele>2779.0</ele></trkpt><trkpt lat="37.43667" lon="-118.83145000000002"><ele>2778.0</ele></trkpt><trkpt lat="37.43658" lon="-118.83155"><ele>2776.9172608811864</ele></trkpt><trkpt lat="37.43595" lon="-118.83231"><ele>2770.0</ele></trkpt><trkpt lat="37.43584" lon="-118.83254"><ele>2768.8940620054623</ele></trkpt><trkpt lat="37.43583" lon="-118.83267000000001"><ele>2769.084675443517</ele></trkpt><trkpt lat="37.43577" lon="-118.83278999999999"><ele>2768.97614923951</ele></trkpt><trkpt lat="37.43553" lon="-118.83314000000001"><ele>2767.0</ele></trkpt><trkpt lat="37.43514" lon="-118.83361000000002"><ele>2766.0</ele></trkpt><trkpt lat="37.43501" lon="-118.83388000000002"><ele>2765.0</ele></trkpt><trkpt lat="37.43488" lon="-118.83425999999997"><ele>2761.0</ele></trkpt><trkpt lat="37.43481" lon="-118.83434"><ele>2759.4057905972004</ele></trkpt><trkpt lat="37.43462" lon="-118.8347"><ele>2756.0</ele></trkpt><trkpt lat="37.43442" lon="-118.83499"><ele>2752.725368275185</ele></trkpt><trkpt lat="37.43428" lon="-118.83524999999997"><ele>2752.0</ele></trkpt><trkpt lat="37.4342" lon="-118.83542999999997"><ele>2751.0</ele></trkpt><trkpt lat="37.43416" lon="-118.83562"><ele>2751.0</ele></trkpt><trkpt lat="37.43408" lon="-118.83564999999999"><ele>2750.0</ele></trkpt><trkpt lat="37.43394" lon="-118.83585"><ele>2748.0</ele></trkpt><trkpt lat="37.43386" lon="-118.83612"><ele>2747.0</ele></trkpt><trkpt lat="37.43386" lon="-118.83645000000001"><ele>2746.0</ele></trkpt><trkpt lat="37.43376" lon="-118.83688999999998"><ele>2746.0</ele></trkpt><trkpt lat="37.43357" lon="-118.83733000000001"><ele>2746.1911608810506</ele></trkpt><trkpt lat="37.43343559083192" lon="-118.83782563380731"><ele>2744.0</ele></trkpt><trkpt lat="37.43338198382467" lon="-118.83799430386966"><ele>2743.5947929769754</ele></trkpt><trkpt lat="37.43318" lon="-118.83852999999999"><ele>2740.0</ele></trkpt><trkpt lat="37.43311" lon="-118.83892000000003"><ele>2743.0</ele></trkpt><trkpt lat="37.43314" lon="-118.83906999999999"><ele>2743.0</ele></trkpt><trkpt lat="37.43309" lon="-118.8392"><ele>2742.4583102948964</ele></trkpt><trkpt lat="37.43301" lon="-118.83927"><ele>2741.0</ele></trkpt><trkpt lat="37.43298" lon="-118.83943999999997"><ele>2741.0</ele></trkpt><trkpt lat="37.43292" lon="-118.83952"><ele>2740.0</ele></trkpt><trkpt lat="37.43287" lon="-118.83983999999998"><ele>2738.5465906113386</ele></trkpt><trkpt lat="37.43269" lon="-118.84028999999998"><ele>2734.5599271163887</ele></trkpt><trkpt lat="37.43263" lon="-118.84057999999999"><ele>2733.0</ele></trkpt><trkpt lat="37.43261" lon="-118.84105"><ele>2733.0</ele></trkpt><trkpt lat="37.43258" lon="-118.84125"><ele>2732.526654465124</ele></trkpt><trkpt lat="37.43249" lon="-118.84152"><ele>2729.0</ele></trkpt><trkpt lat="37.43244" lon="-118.84189000000003"><ele>2727.0</ele></trkpt><trkpt lat="37.43237" lon="-118.84207000000004"><ele>2726.5084614886314</ele></trkpt><trkpt lat="37.43227" lon="-118.84242999999998"><ele>2726.0</ele></trkpt><trkpt lat="37.43221" lon="-118.84271000000001"><ele>2724.0</ele></trkpt><trkpt lat="37.43219" lon="-118.84294999999997"><ele>2722.637878783047</ele></trkpt><trkpt lat="37.43208" lon="-118.84318000000002"><ele>2720.1820918247104</ele></trkpt><trkpt lat="37.43205" lon="-118.84356000000002"><ele>2718.0</ele></trkpt><trkpt lat="37.43198" lon="-118.84382"><ele>2716.0</ele></trkpt><trkpt lat="37.43187" lon="-118.84411999999998"><ele>2714.0</ele></trkpt><trkpt lat="37.43166" lon="-118.84433999999999"><ele>2712.092586868099</ele></trkpt><trkpt lat="37.43152" lon="-118.84454"><ele>2711.6544107044447</ele></trkpt><trkpt lat="37.43148" lon="-118.84485000000001"><ele>2711.9688753932714</ele></trkpt><trkpt lat="37.43089" lon="-118.84618"><ele>2713.0</ele></trkpt><trkpt lat="37.4307" lon="-118.84672999999998"><ele>2709.1921159997582</ele></trkpt><trkpt lat="37.43049" lon="-118.84719000000001"><ele>2712.0</ele></trkpt><trkpt lat="37.43049" lon="-118.84733"><ele>2711.867685355246</ele></trkpt><trkpt lat="37.43045" lon="-118.84740999999997"><ele>2711.0</ele></trkpt><trkpt lat="37.4303" lon="-118.84749"><ele>2709.7170398011804</ele></trkpt><trkpt lat="37.43004" lon="-118.84794"><ele>2706.0</ele></trkpt><trkpt lat="37.42999" lon="-118.84825999999998"><ele>2704.523942021653</ele></trkpt><trkpt lat="37.42968" lon="-118.84951000000001"><ele>2691.3309195842594</ele></trkpt><trkpt lat="37.42968" lon="-118.84987000000001"><ele>2688.3309195842594</ele></trkpt><trkpt lat="37.42957" lon="-118.8501"><ele>2685.0</ele></trkpt><trkpt lat="37.42957" lon="-118.8501"><ele>2685.0</ele></trkpt><trkpt lat="37.42955" lon="-118.85014000000001"><ele>2684.701610017568</ele></trkpt><trkpt lat="37.42938" lon="-118.85023000000001"><ele>2680.0</ele></trkpt><trkpt lat="37.42925" lon="-118.85050999999999"><ele>2677.0</ele></trkpt><trkpt lat="37.42912" lon="-118.85057999999998"><ele>2675.0</ele></trkpt><trkpt lat="37.42899" lon="-118.85073"><ele>2674.8370433337986</ele></trkpt><trkpt lat="37.42852" lon="-118.85138999999998"><ele>2670.7969061798635</ele></trkpt><trkpt lat="37.42852" lon="-118.85176999999999"><ele>2668.2544717639685</ele></trkpt><trkpt lat="37.42852" lon="-118.85176999999999"><ele>2668.2544717639685</ele></trkpt><trkpt lat="37.42852" lon="-118.85176999999999"><ele>2668.2544717639685</ele></trkpt><trkpt lat="37.42837" lon="-118.85203000000001"><ele>2665.0</ele></trkpt><trkpt lat="37.42793" lon="-118.85255000000001"><ele>2657.921330480791</ele></trkpt><trkpt lat="37.42736" lon="-118.85338000000002"><ele>2648.1790787857026</ele></trkpt><trkpt lat="37.42725" lon="-118.85345000000001"><ele>2645.0</ele></trkpt><trkpt lat="37.42707" lon="-118.8535"><ele>2642.0</ele></trkpt><trkpt lat="37.42698" lon="-118.85379"><ele>2640.0</ele></trkpt><trkpt lat="37.4269" lon="-118.85396000000003"><ele>2640.0</ele></trkpt><trkpt lat="37.4266" lon="-118.85435000000001"><ele>2637.0</ele></trkpt><trkpt lat="37.42644" lon="-118.85450000000003"><ele>2635.0</ele></trkpt><trkpt lat="37.42634" lon="-118.85485"><ele>2631.3205530252308</ele></trkpt><trkpt lat="37.42623" lon="-118.85496"><ele>2629.0879484045117</ele></trkpt><trkpt lat="37.42621" lon="-118.85510999999997"><ele>2628.0</ele></trkpt><trkpt lat="37.42594" lon="-118.85590000000002"><ele>2618.7696268511927</ele></trkpt><trkpt lat="37.42562" lon="-118.85649000000001"><ele>2612.0</ele></trkpt><trkpt lat="37.42494" lon="-118.85726"><ele>2605.0</ele></trkpt><trkpt lat="37.42469" lon="-118.85735999999997"><ele>2603.0</ele></trkpt><trkpt lat="37.42454" lon="-118.85747000000003"><ele>2601.0</ele></trkpt><trkpt lat="37.42454" lon="-118.85747000000003"><ele>2601.0</ele></trkpt><trkpt lat="37.42454" lon="-118.85747000000003"><ele>2601.0</ele></trkpt><trkpt lat="37.42418" lon="-118.85791"><ele>2599.0</ele></trkpt><trkpt lat="37.42417" lon="-118.85816"><ele>2600.0</ele></trkpt><trkpt lat="37.4243" lon="-118.85876000000002"><ele>2606.1178436832292</ele></trkpt><trkpt lat="37.4244" lon="-118.85899999999998"><ele>2609.0</ele></trkpt><trkpt lat="37.42456" lon="-118.85923000000003"><ele>2612.08468081753</ele></trkpt><trkpt lat="37.42458" lon="-118.85942"><ele>2614.9544654738447</ele></trkpt><trkpt lat="37.42449" lon="-118.85964000000001"><ele>2615.0</ele></trkpt><trkpt lat="37.42436" lon="-118.85964000000001"><ele>2613.1269192025065</ele></trkpt><trkpt lat="37.42433" lon="-118.85967"><ele>2612.3664332292974</ele></trkpt><trkpt lat="37.42427" lon="-118.85967"><ele>2611.938734274304</ele></trkpt><trkpt lat="37.42416" lon="-118.85964000000001"><ele>2610.2054506670684</ele></trkpt><trkpt lat="37.42404" lon="-118.85966000000002"><ele>2609.0</ele></trkpt><trkpt lat="37.424" lon="-118.85962"><ele>2608.0</ele></trkpt><trkpt lat="37.42388" lon="-118.85962"><ele>2607.0</ele></trkpt><trkpt lat="37.4238" lon="-118.85968000000003"><ele>2606.2646306939423</ele></trkpt><trkpt lat="37.42383" lon="-118.85980999999998"><ele>2608.0</ele></trkpt><trkpt lat="37.4238" lon="-118.85986000000003"><ele>2607.2646306939423</ele></trkpt><trkpt lat="37.4238" lon="-118.85994"><ele>2607.4017505962474</ele></trkpt><trkpt lat="37.42384" lon="-118.86014999999998"><ele>2609.989589344484</ele></trkpt><trkpt lat="37.42382" lon="-118.86027000000001"><ele>2611.0</ele></trkpt><trkpt lat="37.42353" lon="-118.86077999999998"><ele>2608.0</ele></trkpt><trkpt lat="37.42351" lon="-118.86086"><ele>2608.0</ele></trkpt><trkpt lat="37.42344" lon="-118.86091999999996"><ele>2606.0</ele></trkpt><trkpt lat="37.42342" lon="-118.86103000000003"><ele>2605.0</ele></trkpt><trkpt lat="37.42335" lon="-118.86111"><ele>2604.0</ele></trkpt><trkpt lat="37.42334" lon="-118.86136999999997"><ele>2605.0</ele></trkpt><trkpt lat="37.42338" lon="-118.86156"><ele>2606.618075605482</ele></trkpt><trkpt lat="37.42328" lon="-118.86189999999999"><ele>2607.0</ele></trkpt><trkpt lat="37.42314" lon="-118.86208999999997"><ele>2605.0</ele></trkpt><trkpt lat="37.42309" lon="-118.86234000000002"><ele>2604.6002968251705</ele></trkpt><trkpt lat="37.42302" lon="-118.86239999999998"><ele>2601.578438191622</ele></trkpt><trkpt lat="37.42298" lon="-118.86248999999998"><ele>2601.003643599168</ele></trkpt><trkpt lat="37.42282" lon="-118.86262999999997"><ele>2598.0</ele></trkpt><trkpt lat="37.42278" lon="-118.86270999999999"><ele>2597.408951010555</ele></trkpt><trkpt lat="37.42267" lon="-118.86304000000001"><ele>2595.0</ele></trkpt><trkpt lat="37.42267" lon="-118.86327"><ele>2594.0</ele></trkpt><trkpt lat="37.42263" lon="-118.86340999999999"><ele>2592.6459698380086</ele></trkpt><trkpt lat="37.42259" lon="-118.86376000000001"><ele>2591.259453708306</ele></trkpt><trkpt lat="37.42253" lon="-118.86387000000002"><ele>2590.0</ele></trkpt><trkpt lat="37.42253" lon="-118.86387000000002"><ele>2590.0</ele></trkpt><trkpt lat="37.42239" lon="-118.86405000000002"><ele>2586.869514243009</ele></trkpt><trkpt lat="37.42228" lon="-118.86415"><ele>2584.0</ele></trkpt><trkpt lat="37.4221" lon="-118.86455000000001"><ele>2580.5056175366044</ele></trkpt><trkpt lat="37.42184" lon="-118.86477000000002"><ele>2578.0</ele></trkpt><trkpt lat="37.42162" lon="-118.86511999999999"><ele>2576.0</ele></trkpt><trkpt lat="37.42158" lon="-118.86538999999999"><ele>2576.0</ele></trkpt><trkpt lat="37.42108" lon="-118.86662000000001"><ele>2568.0</ele></trkpt><trkpt lat="37.42098" lon="-118.86674"><ele>2566.7832699809223</ele></trkpt><trkpt lat="37.4208" lon="-118.86703"><ele>2564.0</ele></trkpt><trkpt lat="37.42074" lon="-118.86745000000002"><ele>2563.0</ele></trkpt><trkpt lat="37.42052" lon="-118.86824999999999"><ele>2560.0</ele></trkpt><trkpt lat="37.42051" lon="-118.86847"><ele>2560.0</ele></trkpt><trkpt lat="37.42056" lon="-118.86867000000001"><ele>2561.1669218196234</ele></trkpt><trkpt lat="37.42051" lon="-118.87095999999997"><ele>2559.0</ele></trkpt><trkpt lat="37.42043" lon="-118.87189000000001"><ele>2553.5092627629638</ele></trkpt><trkpt lat="37.42044" lon="-118.87207000000001"><ele>2554.0</ele></trkpt><trkpt lat="37.42044" lon="-118.87207000000001"><ele>2554.0</ele></trkpt><trkpt lat="37.42046" lon="-118.87305000000003"><ele>2551.0</ele></trkpt><trkpt lat="37.42075" lon="-118.87394999999998"><ele>2544.0</ele></trkpt><trkpt lat="37.42082" lon="-118.87495999999999"><ele>2539.0</ele></trkpt><trkpt lat="37.42072" lon="-118.87547999999998"><ele>2538.0</ele></trkpt><trkpt lat="37.42068" lon="-118.87666000000002"><ele>2536.17923665978</ele></trkpt><trkpt lat="37.42064" lon="-118.87682999999998"><ele>2536.0</ele></trkpt><trkpt lat="37.42065" lon="-118.87696"><ele>2536.0</ele></trkpt><trkpt lat="37.42068" lon="-118.87703999999997"><ele>2536.1605558984625</ele></trkpt><trkpt lat="37.4208" lon="-118.87714"><ele>2538.0</ele></trkpt><trkpt lat="37.42089" lon="-118.87734999999998"><ele>2537.0</ele></trkpt><trkpt lat="37.42082" lon="-118.87761999999998"><ele>2535.394443431869</ele></trkpt><trkpt lat="37.42084" lon="-118.87779999999998"><ele>2536.0</ele></trkpt><trkpt lat="37.42076" lon="-118.87797999999998"><ele>2535.796233488631</ele></trkpt><trkpt lat="37.42085" lon="-118.87847"><ele>2534.0391678651454</ele></trkpt><trkpt lat="37.42103" lon="-118.87876"><ele>2535.0</ele></trkpt><trkpt lat="37.42109" lon="-118.87904000000003"><ele>2535.0</ele></trkpt><trkpt lat="37.42123" lon="-118.87934000000001"><ele>2534.840382561667</ele></trkpt><trkpt lat="37.42121" lon="-118.87966"><ele>2535.0</ele></trkpt><trkpt lat="37.42111" lon="-118.88006999999999"><ele>2533.0</ele></trkpt><trkpt lat="37.42105" lon="-118.88053000000002"><ele>2533.0</ele></trkpt><trkpt lat="37.42114" lon="-118.88162"><ele>2535.547694222536</ele></trkpt><trkpt lat="37.42131" lon="-118.88261"><ele>2535.0</ele></trkpt><trkpt lat="37.42141" lon="-118.88295"><ele>2535.0</ele></trkpt><trkpt lat="37.42142" lon="-118.88337000000001"><ele>2534.0</ele></trkpt><trkpt lat="37.42125" lon="-118.88416000000001"><ele>2532.626960273832</ele></trkpt><trkpt lat="37.42122" lon="-118.88452000000001"><ele>2531.0</ele></trkpt><trkpt lat="37.42115" lon="-118.88488999999998"><ele>2531.0</ele></trkpt><trkpt lat="37.42099" lon="-118.88529"><ele>2532.0</ele></trkpt><trkpt lat="37.42073" lon="-118.88557000000003"><ele>2531.0</ele></trkpt><trkpt lat="37.42018" lon="-118.88662"><ele>2525.0</ele></trkpt><trkpt lat="37.42013" lon="-118.88707999999997"><ele>2521.094641264528</ele></trkpt><trkpt lat="37.42013" lon="-118.88738999999998"><ele>2521.0</ele></trkpt><trkpt lat="37.42006" lon="-118.88765000000001"><ele>2519.7977912779897</ele></trkpt><trkpt lat="37.42015" lon="-118.88815999999997"><ele>2516.078950142488</ele></trkpt><trkpt lat="37.42003" lon="-118.88853"><ele>2514.0374063979834</ele></trkpt><trkpt lat="37.41983" lon="-118.88871"><ele>2509.0</ele></trkpt><trkpt lat="37.41954" lon="-118.8888"><ele>2506.0</ele></trkpt><trkpt lat="37.41937" lon="-118.88896999999997"><ele>2505.0</ele></trkpt><trkpt lat="37.41932" lon="-118.88947999999999"><ele>2500.3751701209694</ele></trkpt><trkpt lat="37.41919" lon="-118.88976000000002"><ele>2499.0</ele></trkpt><trkpt lat="37.41904" lon="-118.88995999999997"><ele>2498.0</ele></trkpt><trkpt lat="37.41902" lon="-118.89022999999997"><ele>2497.8165871768156</ele></trkpt><trkpt lat="37.41912" lon="-118.89055000000002"><ele>2498.0</ele></trkpt><trkpt lat="37.41913" lon="-118.89080999999999"><ele>2498.0</ele></trkpt><trkpt lat="37.41907" lon="-118.89119"><ele>2496.705462642014</ele></trkpt><trkpt lat="37.41861" lon="-118.89264000000003"><ele>2491.0</ele></trkpt><trkpt lat="37.41861" lon="-118.89288999999997"><ele>2491.0</ele></trkpt><trkpt lat="37.41852" lon="-118.89317"><ele>2490.0</ele></trkpt><trkpt lat="37.4185" lon="-118.89404000000002"><ele>2488.0</ele></trkpt><trkpt lat="37.4185" lon="-118.89404000000002"><ele>2488.0</ele></trkpt><trkpt lat="37.4185" lon="-118.89417000000003"><ele>2488.5701166290537</ele></trkpt><trkpt lat="37.41834" lon="-118.89453000000003"><ele>2488.895807372415</ele></trkpt><trkpt lat="37.41804" lon="-118.89492999999999"><ele>2488.0</ele></trkpt><trkpt lat="37.41783" lon="-118.89525000000003"><ele>2487.0</ele></trkpt><trkpt lat="37.41771" lon="-118.89553999999998"><ele>2486.9031117837876</ele></trkpt><trkpt lat="37.41768" lon="-118.89615000000003"><ele>2486.738354252719</ele></trkpt><trkpt lat="37.41756" lon="-118.89639"><ele>2486.101470641792</ele></trkpt><trkpt lat="37.41757" lon="-118.89666999999997"><ele>2486.0</ele></trkpt><trkpt lat="37.41728" lon="-118.89724999999999"><ele>2483.643901023891</ele></trkpt><trkpt lat="37.41724" lon="-118.89747999999997"><ele>2484.0</ele></trkpt><trkpt lat="37.41723" lon="-118.89882"><ele>2486.0928247074835</ele></trkpt><trkpt lat="37.41717" lon="-118.89958000000001"><ele>2491.0</ele></trkpt><trkpt lat="37.4173" lon="-118.90013999999996"><ele>2496.8453344218433</ele></trkpt><trkpt lat="37.41727" lon="-118.90061000000003"><ele>2501.5844485252865</ele></trkpt><trkpt lat="37.41729" lon="-118.90097000000003"><ele>2505.258561011404</ele></trkpt><trkpt lat="37.41725" lon="-118.90118999999999"><ele>2506.4872654792853</ele></trkpt><trkpt lat="37.41732" lon="-118.90154999999999"><ele>2511.018881481141</ele></trkpt><trkpt lat="37.41727" lon="-118.90201000000002"><ele>2515.8755815355107</ele></trkpt><trkpt lat="37.4173" lon="-118.90204"><ele>2517.8745149358588</ele></trkpt><trkpt lat="37.41752" lon="-118.9017"><ele>2523.7543693128973</ele></trkpt><trkpt lat="37.41763" lon="-118.90145999999999"><ele>2526.367610313464</ele></trkpt><trkpt lat="37.41767" lon="-118.90157999999997"><ele>2530.5560057535768</ele></trkpt><trkpt lat="37.41767" lon="-118.90172000000001"><ele>2532.5560057535768</ele></trkpt><trkpt lat="37.41756" lon="-118.90231"><ele>2537.101470641792</ele></trkpt><trkpt lat="37.41755" lon="-118.90278"><ele>2544.842357469664</ele></trkpt><trkpt lat="37.41746" lon="-118.90319"><ele>2547.833374557196</ele></trkpt><trkpt lat="37.41746" lon="-118.90359000000001"><ele>2552.233719676733</ele></trkpt><trkpt lat="37.41741" lon="-118.90368999999998"><ele>2553.384088905528</ele></trkpt><trkpt lat="37.4173" lon="-118.90381000000002"><ele>2553.8453344218433</ele></trkpt><trkpt lat="37.41725" lon="-118.90436999999997"><ele>2559.911468146369</ele></trkpt><trkpt lat="37.41719" lon="-118.90453000000002"><ele>2560.531597384408</ele></trkpt><trkpt lat="37.41719" lon="-118.90462000000002"><ele>2562.0</ele></trkpt><trkpt lat="37.41723" lon="-118.90465"><ele>2563.7379221823066</ele></trkpt><trkpt lat="37.41731" lon="-118.90460999999999"><ele>2566.0</ele></trkpt><trkpt lat="37.41734" lon="-118.90445"><ele>2566.0967549388897</ele></trkpt><trkpt lat="37.41741" lon="-118.90439000000003"><ele>2567.7945795051937</ele></trkpt><trkpt lat="37.41746" lon="-118.90440000000001"><ele>2569.233719676733</ele></trkpt><trkpt lat="37.4175" lon="-118.90472999999997"><ele>2571.320469658357</ele></trkpt><trkpt lat="37.41754" lon="-118.90478999999999"><ele>2572.322876506514</ele></trkpt><trkpt lat="37.41777" lon="-118.90501"><ele>2575.0</ele></trkpt><trkpt lat="37.41778" lon="-118.90521000000001"><ele>2577.0</ele></trkpt><trkpt lat="37.41784" lon="-118.90550999999999"><ele>2579.0</ele></trkpt><trkpt lat="37.41799" lon="-118.90578"><ele>2582.0</ele></trkpt><trkpt lat="37.41802602732896" lon="-118.90588808198686"><ele>2583.735775544444</ele></trkpt><trkpt lat="37.41813548723621" lon="-118.9060604733748"><ele>2585.9275580190706</ele></trkpt><trkpt lat="37.41836" lon="-118.90618999999998"><ele>2587.0</ele></trkpt><trkpt lat="37.41851" lon="-118.90622000000002"><ele>2586.0</ele></trkpt><trkpt lat="37.41855" lon="-118.90627"><ele>2586.0</ele></trkpt><trkpt lat="37.41855" lon="-118.90640000000002"><ele>2584.0</ele></trkpt><trkpt lat="37.4186" lon="-118.9065"><ele>2583.0</ele></trkpt><trkpt lat="37.41863" lon="-118.90674999999999"><ele>2581.0</ele></trkpt><trkpt lat="37.41869" lon="-118.90690999999998"><ele>2580.0</ele></trkpt><trkpt lat="37.41869" lon="-118.90697999999998"><ele>2579.0</ele></trkpt><trkpt lat="37.41874" lon="-118.90708999999998"><ele>2578.15856052701</ele></trkpt><trkpt lat="37.41874" lon="-118.90715"><ele>2577.8866383975355</ele></trkpt><trkpt lat="37.41899" lon="-118.90760999999998"><ele>2577.239109834099</ele></trkpt><trkpt lat="37.41914" lon="-118.90778999999998"><ele>2577.0</ele></trkpt><trkpt lat="37.41918" lon="-118.90827999999999"><ele>2576.0</ele></trkpt><trkpt lat="37.41924" lon="-118.90843999999998"><ele>2574.0</ele></trkpt><trkpt lat="37.41927" lon="-118.90845000000002"><ele>2573.558775294572</ele></trkpt><trkpt lat="37.4193" lon="-118.90841999999998"><ele>2572.7984082791954</ele></trkpt><trkpt lat="37.41938" lon="-118.90854000000002"><ele>2570.0</ele></trkpt><trkpt lat="37.41945" lon="-118.90855999999997"><ele>2567.954017828014</ele></trkpt><trkpt lat="37.41963" lon="-118.90872999999999"><ele>2562.0</ele></trkpt><trkpt lat="37.41991" lon="-118.90863000000002"><ele>2561.0</ele></trkpt><trkpt lat="37.42008" lon="-118.90863999999999"><ele>2561.0</ele></trkpt><trkpt lat="37.42043" lon="-118.90886"><ele>2557.0</ele></trkpt><trkpt lat="37.42062" lon="-118.90891999999997"><ele>2555.0</ele></trkpt><trkpt lat="37.42111" lon="-118.90921000000003"><ele>2549.8621248575464</ele></trkpt><trkpt lat="37.4216" lon="-118.90976"><ele>2541.0</ele></trkpt><trkpt lat="37.42193" lon="-118.90999"><ele>2540.3144782227464</ele></trkpt><trkpt lat="37.42222" lon="-118.91047000000003"><ele>2536.0</ele></trkpt><trkpt lat="37.422217767391544" lon="-118.91046222676619"><ele>2536.0</ele></trkpt><trkpt lat="37.42188" lon="-118.91061000000002"><ele>2532.420383999124</ele></trkpt><trkpt lat="37.42141" lon="-118.91064"><ele>2528.0003529738633</ele></trkpt><trkpt lat="37.42121" lon="-118.9108"><ele>2527.0</ele></trkpt><trkpt lat="37.42098" lon="-118.91102999999998"><ele>2526.0</ele></trkpt><trkpt lat="37.42081" lon="-118.91102999999998"><ele>2525.0</ele></trkpt><trkpt lat="37.42069" lon="-118.91098"><ele>2526.0</ele></trkpt><trkpt lat="37.42053" lon="-118.91107"><ele>2525.0</ele></trkpt><trkpt lat="37.42017" lon="-118.91102999999998"><ele>2525.8856129937876</ele></trkpt><trkpt lat="37.41971" lon="-118.91138000000001"><ele>2518.0</ele></trkpt><trkpt lat="37.41959" lon="-118.91140000000001"><ele>2517.0</ele></trkpt><trkpt lat="37.41951" lon="-118.91142000000002"><ele>2516.0</ele></trkpt><trkpt lat="37.41949" lon="-118.91147000000001"><ele>2516.0</ele></trkpt><trkpt lat="37.41939" lon="-118.91149000000001"><ele>2516.0</ele></trkpt><trkpt lat="37.41919" lon="-118.91147000000001"><ele>2512.0</ele></trkpt><trkpt lat="37.41904" lon="-118.91165999999998"><ele>2507.0</ele></trkpt><trkpt lat="37.41906" lon="-118.91176000000002"><ele>2506.1186753641814</ele></trkpt><trkpt lat="37.41903" lon="-118.91181"><ele>2505.0</ele></trkpt><trkpt lat="37.41898" lon="-118.91179999999997"><ele>2504.4243799392134</ele></trkpt><trkpt lat="37.4189" lon="-118.9117"><ele>2502.7300895322114</ele></trkpt><trkpt lat="37.41886" lon="-118.91169000000002"><ele>2501.945245115295</ele></trkpt><trkpt lat="37.41883" lon="-118.91174999999998"><ele>2499.7329946786003</ele></trkpt><trkpt lat="37.41884" lon="-118.91183000000001"><ele>2499.6451119058765</ele></trkpt><trkpt lat="37.41881" lon="-118.91194000000002"><ele>2496.8869103724137</ele></trkpt><trkpt lat="37.41883" lon="-118.91214000000002"><ele>2493.666828082201</ele></trkpt><trkpt lat="37.41882" lon="-118.91228000000001"><ele>2491.0212226558615</ele></trkpt><trkpt lat="37.41887" lon="-118.91239000000002"><ele>2490.96973192133</ele></trkpt><trkpt lat="37.41884" lon="-118.91241000000002"><ele>2490.0</ele></trkpt><trkpt lat="37.41872" lon="-118.91235"><ele>2488.442951048982</ele></trkpt><trkpt lat="37.41853" lon="-118.91215"><ele>2487.0</ele></trkpt><trkpt lat="37.41835" lon="-118.91212999999999"><ele>2484.266532738775</ele></trkpt><trkpt lat="37.41826" lon="-118.91206"><ele>2483.0</ele></trkpt><trkpt lat="37.41814" lon="-118.91194999999999"><ele>2481.0</ele></trkpt><trkpt lat="37.41804" lon="-118.91174999999998"><ele>2480.0</ele></trkpt><trkpt lat="37.41798" lon="-118.91167999999999"><ele>2479.8869606149533</ele></trkpt><trkpt lat="37.41771" lon="-118.91156999999998"><ele>2475.969106352594</ele></trkpt><trkpt lat="37.41772" lon="-118.91167000000002"><ele>2474.5005006184256</ele></trkpt><trkpt lat="37.41781" lon="-118.91183000000001"><ele>2473.9001649819465</ele></trkpt><trkpt lat="37.41795" lon="-118.91226"><ele>2469.9857742749155</ele></trkpt><trkpt lat="37.41793" lon="-118.91228000000001"><ele>2469.0</ele></trkpt><trkpt lat="37.41783" lon="-118.91219999999998"><ele>2466.96227372756</ele></trkpt><trkpt lat="37.41782" lon="-118.91239999999999"><ele>2465.35765982233</ele></trkpt><trkpt lat="37.41779" lon="-118.91244"><ele>2464.0</ele></trkpt><trkpt lat="37.41774" lon="-118.91246000000001"><ele>2463.0</ele></trkpt><trkpt lat="37.41756" lon="-118.91239000000002"><ele>2459.04732302094</ele></trkpt><trkpt lat="37.41736" lon="-118.91221999999999"><ele>2455.0</ele></trkpt><trkpt lat="37.41733" lon="-118.91223000000002"><ele>2453.9696007421944</ele></trkpt><trkpt lat="37.41735" lon="-118.91250000000002"><ele>2452.0</ele></trkpt><trkpt lat="37.41726" lon="-118.91251999999997"><ele>2450.0</ele></trkpt><trkpt lat="37.41719" lon="-118.91248999999999"><ele>2448.0758080510195</ele></trkpt><trkpt lat="37.41714" lon="-118.91255999999998"><ele>2447.2084705809057</ele></trkpt><trkpt lat="37.41709" lon="-118.91257000000002"><ele>2446.482430385841</ele></trkpt><trkpt lat="37.41691" lon="-118.91255999999998"><ele>2444.0</ele></trkpt><trkpt lat="37.41682" lon="-118.91280999999998"><ele>2442.965776933064</ele></trkpt><trkpt lat="37.41669" lon="-118.91296"><ele>2441.9477003477514</ele></trkpt><trkpt lat="37.41664" lon="-118.91296999999997"><ele>2441.0</ele></trkpt><trkpt lat="37.41648" lon="-118.91309000000001"><ele>2439.844007110689</ele></trkpt><trkpt lat="37.41615" lon="-118.91325"><ele>2438.0</ele></trkpt><trkpt lat="37.41607" lon="-118.91332"><ele>2436.0</ele></trkpt><trkpt lat="37.41574" lon="-118.91368"><ele>2429.0</ele></trkpt><trkpt lat="37.41567" lon="-118.91383000000002"><ele>2428.0</ele></trkpt><trkpt lat="37.41562" lon="-118.91395"><ele>2427.0</ele></trkpt><trkpt lat="37.41555" lon="-118.91458999999998"><ele>2425.0</ele></trkpt><trkpt lat="37.41556" lon="-118.91491000000002"><ele>2424.025859554298</ele></trkpt><trkpt lat="37.41546" lon="-118.91500000000002"><ele>2422.979844882166</ele></trkpt><trkpt lat="37.4155" lon="-118.91509000000002"><ele>2420.4923517802554</ele></trkpt><trkpt lat="37.41556" lon="-118.91511000000003"><ele>2420.0</ele></trkpt><trkpt lat="37.41571" lon="-118.91529000000003"><ele>2420.0</ele></trkpt><trkpt lat="37.41576" lon="-118.91553999999996"><ele>2420.0</ele></trkpt><trkpt lat="37.41561" lon="-118.91602"><ele>2420.0</ele></trkpt><trkpt lat="37.41561" lon="-118.91602"><ele>2420.0</ele></trkpt><trkpt lat="37.41545" lon="-118.91643999999997"><ele>2419.081414045564</ele></trkpt><trkpt lat="37.4152" lon="-118.9169"><ele>2418.0</ele></trkpt><trkpt lat="37.41514" lon="-118.91751999999997"><ele>2417.0</ele></trkpt><trkpt lat="37.41502" lon="-118.91790000000003"><ele>2414.3612071469593</ele></trkpt><trkpt lat="37.415" lon="-118.91836999999998"><ele>2413.9140219341216</ele></trkpt><trkpt lat="37.41455" lon="-118.91935000000001"><ele>2414.0</ele></trkpt><trkpt lat="37.41447" lon="-118.91962000000001"><ele>2412.890800889337</ele></trkpt><trkpt lat="37.41452" lon="-118.92050999999998"><ele>2412.0</ele></trkpt><trkpt lat="37.41448" lon="-118.92081000000002"><ele>2412.959013296666</ele></trkpt><trkpt lat="37.41453" lon="-118.92126999999999"><ele>2414.567735796548</ele></trkpt><trkpt lat="37.41451" lon="-118.92142999999999"><ele>2416.8519784882637</ele></trkpt><trkpt lat="37.41438" lon="-118.92160999999999"><ele>2417.616865479208</ele></trkpt><trkpt lat="37.41435" lon="-118.92192"><ele>2416.252329380769</ele></trkpt><trkpt lat="37.4144" lon="-118.92223999999999"><ele>2415.0</ele></trkpt><trkpt lat="37.41414" lon="-118.92295999999999"><ele>2410.4288353547454</ele></trkpt><trkpt lat="37.41399" lon="-118.92318999999998"><ele>2410.0</ele></trkpt><trkpt lat="37.41375" lon="-118.92329999999998"><ele>2410.0</ele></trkpt><trkpt lat="37.41341" lon="-118.92374999999998"><ele>2407.9790122448603</ele></trkpt><trkpt lat="37.41308" lon="-118.92376999999999"><ele>2401.233913742006</ele></trkpt><trkpt lat="37.41286" lon="-118.92408999999998"><ele>2399.0</ele></trkpt><trkpt lat="37.41268" lon="-118.92448999999999"><ele>2395.7643607333302</ele></trkpt><trkpt lat="37.41259555628971" lon="-118.92458148068613"><ele>2394.3021914693527</ele></trkpt><trkpt lat="37.41260466551565" lon="-118.92457161238235"><ele>2394.843979072577</ele></trkpt><trkpt lat="37.41268" lon="-118.92448999999999"><ele>2395.7643607333302</ele></trkpt><trkpt lat="37.41286" lon="-118.92408999999998"><ele>2399.0</ele></trkpt><trkpt lat="37.41308" lon="-118.92376999999999"><ele>2401.233913742006</ele></trkpt><trkpt lat="37.41341" lon="-118.92374999999998"><ele>2407.9790122448603</ele></trkpt><trkpt lat="37.41375" lon="-118.92329999999998"><ele>2410.0</ele></trkpt><trkpt lat="37.41399" lon="-118.92318999999998"><ele>2410.0</ele></trkpt><trkpt lat="37.41414" lon="-118.92295999999999"><ele>2410.4288353547454</ele></trkpt><trkpt lat="37.4144" lon="-118.92223999999999"><ele>2415.0</ele></trkpt><trkpt lat="37.41435" lon="-118.92192"><ele>2416.252329380769</ele></trkpt><trkpt lat="37.41438" lon="-118.92160999999999"><ele>2417.616865479208</ele></trkpt><trkpt lat="37.41451" lon="-118.92142999999999"><ele>2416.8519784882637</ele></trkpt><trkpt lat="37.41453" lon="-118.92126999999999"><ele>2414.567735796548</ele></trkpt><trkpt lat="37.41448" lon="-118.92081000000002"><ele>2412.959013296666</ele></trkpt><trkpt lat="37.41452" lon="-118.92050999999998"><ele>2412.0</ele></trkpt><trkpt lat="37.41447" lon="-118.91962000000001"><ele>2412.890800889337</ele></trkpt><trkpt lat="37.41455" lon="-118.91935000000001"><ele>2414.0</ele></trkpt><trkpt lat="37.415" lon="-118.91836999999998"><ele>2413.9140219341216</ele></trkpt><trkpt lat="37.41502" lon="-118.91790000000003"><ele>2414.3612071469593</ele></trkpt><trkpt lat="37.41514" lon="-118.91751999999997"><ele>2417.0</ele></trkpt><trkpt lat="37.4152" lon="-118.9169"><ele>2418.0</ele></trkpt><trkpt lat="37.41545" lon="-118.91643999999997"><ele>2419.081414045564</ele></trkpt><trkpt lat="37.41561" lon="-118.91602"><ele>2420.0</ele></trkpt><trkpt lat="37.41561" lon="-118.91602"><ele>2420.0</ele></trkpt><trkpt lat="37.41576" lon="-118.91553999999996"><ele>2420.0</ele></trkpt><trkpt lat="37.41571" lon="-118.91529000000003"><ele>2420.0</ele></trkpt><trkpt lat="37.41556" lon="-118.91511000000003"><ele>2420.0</ele></trkpt><trkpt lat="37.4155" lon="-118.91509000000002"><ele>2420.4923517802554</ele></trkpt><trkpt lat="37.41546" lon="-118.91500000000002"><ele>2422.979844882166</ele></trkpt><trkpt lat="37.41556" lon="-118.91491000000002"><ele>2424.025859554298</ele></trkpt><trkpt lat="37.41555" lon="-118.91458999999998"><ele>2425.0</ele></trkpt><trkpt lat="37.41562" lon="-118.91395"><ele>2427.0</ele></trkpt><trkpt lat="37.41567" lon="-118.91383000000002"><ele>2428.0</ele></trkpt><trkpt lat="37.41574" lon="-118.91368"><ele>2429.0</ele></trkpt><trkpt lat="37.41607" lon="-118.91332"><ele>2436.0</ele></trkpt><trkpt lat="37.41615" lon="-118.91325"><ele>2438.0</ele></trkpt><trkpt lat="37.41648" lon="-118.91309000000001"><ele>2439.844007110689</ele></trkpt><trkpt lat="37.41664" lon="-118.91296999999997"><ele>2441.0</ele></trkpt><trkpt lat="37.41669" lon="-118.91296"><ele>2441.9477003477514</ele></trkpt><trkpt lat="37.41682" lon="-118.91280999999998"><ele>2442.965776933064</ele></trkpt><trkpt lat="37.41691" lon="-118.91255999999998"><ele>2444.0</ele></trkpt><trkpt lat="37.41709" lon="-118.91257000000002"><ele>2446.482430385841</ele></trkpt><trkpt lat="37.41714" lon="-118.91255999999998"><ele>2447.2084705809057</ele></trkpt><trkpt lat="37.41719" lon="-118.91248999999999"><ele>2448.0758080510195</ele></trkpt><trkpt lat="37.41726" lon="-118.91251999999997"><ele>2450.0</ele></trkpt><trkpt lat="37.41735" lon="-118.91250000000002"><ele>2452.0</ele></trkpt><trkpt lat="37.41733" lon="-118.91223000000002"><ele>2453.9696007421944</ele></trkpt><trkpt lat="37.41736" lon="-118.91221999999999"><ele>2455.0</ele></trkpt><trkpt lat="37.41756" lon="-118.91239000000002"><ele>2459.04732302094</ele></trkpt><trkpt lat="37.41774" lon="-118.91246000000001"><ele>2463.0</ele></trkpt><trkpt lat="37.41779" lon="-118.91244"><ele>2464.0</ele></trkpt><trkpt lat="37.41782" lon="-118.91239999999999"><ele>2465.35765982233</ele></trkpt><trkpt lat="37.41783" lon="-118.91219999999998"><ele>2466.96227372756</ele></trkpt><trkpt lat="37.41793" lon="-118.91228000000001"><ele>2469.0</ele></trkpt><trkpt lat="37.41795" lon="-118.91226"><ele>2469.9857742749155</ele></trkpt><trkpt lat="37.41781" lon="-118.91183000000001"><ele>2473.9001649819465</ele></trkpt><trkpt lat="37.41772" lon="-118.91167000000002"><ele>2474.5005006184256</ele></trkpt><trkpt lat="37.41771" lon="-118.91156999999998"><ele>2475.969106352594</ele></trkpt><trkpt lat="37.41798" lon="-118.91167999999999"><ele>2479.8869606149533</ele></trkpt><trkpt lat="37.41804" lon="-118.91174999999998"><ele>2480.0</ele></trkpt><trkpt lat="37.41814" lon="-118.91194999999999"><ele>2481.0</ele></trkpt><trkpt lat="37.41826" lon="-118.91206"><ele>2483.0</ele></trkpt><trkpt lat="37.41835" lon="-118.91212999999999"><ele>2484.266532738775</ele></trkpt><trkpt lat="37.41853" lon="-118.91215"><ele>2487.0</ele></trkpt><trkpt lat="37.41872" lon="-118.91235"><ele>2488.442951048982</ele></trkpt><trkpt lat="37.41884" lon="-118.91241000000002"><ele>2490.0</ele></trkpt><trkpt lat="37.41887" lon="-118.91239000000002"><ele>2490.96973192133</ele></trkpt><trkpt lat="37.41882" lon="-118.91228000000001"><ele>2491.0212226558615</ele></trkpt><trkpt lat="37.41883" lon="-118.91214000000002"><ele>2493.666828082201</ele></trkpt><trkpt lat="37.41881" lon="-118.91194000000002"><ele>2496.8869103724137</ele></trkpt><trkpt lat="37.41884" lon="-118.91183000000001"><ele>2499.6451119058765</ele></trkpt><trkpt lat="37.41883" lon="-118.91174999999998"><ele>2499.7329946786003</ele></trkpt><trkpt lat="37.41886" lon="-118.91169000000002"><ele>2501.945245115295</ele></trkpt><trkpt lat="37.4189" lon="-118.9117"><ele>2502.7300895322114</ele></trkpt><trkpt lat="37.41898" lon="-118.91179999999997"><ele>2504.4243799392134</ele></trkpt><trkpt lat="37.41903" lon="-118.91181"><ele>2505.0</ele></trkpt><trkpt lat="37.41906" lon="-118.91176000000002"><ele>2506.1186753641814</ele></trkpt><trkpt lat="37.41904" lon="-118.91165999999998"><ele>2507.0</ele></trkpt><trkpt lat="37.41919" lon="-118.91147000000001"><ele>2512.0</ele></trkpt><trkpt lat="37.41939" lon="-118.91149000000001"><ele>2516.0</ele></trkpt><trkpt lat="37.41949" lon="-118.91147000000001"><ele>2516.0</ele></trkpt><trkpt lat="37.41951" lon="-118.91142000000002"><ele>2516.0</ele></trkpt><trkpt lat="37.41959" lon="-118.91140000000001"><ele>2517.0</ele></trkpt><trkpt lat="37.41971" lon="-118.91138000000001"><ele>2518.0</ele></trkpt><trkpt lat="37.42017" lon="-118.91102999999998"><ele>2525.8856129937876</ele></trkpt><trkpt lat="37.42053" lon="-118.91107"><ele>2525.0</ele></trkpt><trkpt lat="37.42069" lon="-118.91098"><ele>2526.0</ele></trkpt><trkpt lat="37.42081" lon="-118.91102999999998"><ele>2525.0</ele></trkpt><trkpt lat="37.42098" lon="-118.91102999999998"><ele>2526.0</ele></trkpt><trkpt lat="37.42121" lon="-118.9108"><ele>2527.0</ele></trkpt><trkpt lat="37.42141" lon="-118.91064"><ele>2528.0003529738633</ele></trkpt><trkpt lat="37.42188" lon="-118.91061000000002"><ele>2532.420383999124</ele></trkpt><trkpt lat="37.422217767391544" lon="-118.91046222676619"><ele>2536.0</ele></trkpt><trkpt lat="37.422217767391544" lon="-118.91046222676619"><ele>2536.0</ele></trkpt><trkpt lat="37.42236" lon="-118.91039999999998"><ele>2536.0</ele></trkpt><trkpt lat="37.42253" lon="-118.91035999999997"><ele>2537.0</ele></trkpt><trkpt lat="37.42253" lon="-118.91035999999997"><ele>2537.0</ele></trkpt><trkpt lat="37.42259" lon="-118.91032000000001"><ele>2537.0</ele></trkpt><trkpt lat="37.42273" lon="-118.91035999999997"><ele>2537.0338242540433</ele></trkpt><trkpt lat="37.4228" lon="-118.91034000000002"><ele>2538.0</ele></trkpt><trkpt lat="37.42286" lon="-118.91026999999997"><ele>2540.0</ele></trkpt><trkpt lat="37.42334" lon="-118.91003999999998"><ele>2546.9843093338422</ele></trkpt><trkpt lat="37.42359" lon="-118.91002000000003"><ele>2549.837659452021</ele></trkpt><trkpt lat="37.42374" lon="-118.90996000000001"><ele>2552.4562653442845</ele></trkpt><trkpt lat="37.42396" lon="-118.90990999999997"><ele>2556.042748445645</ele></trkpt><trkpt lat="37.42408" lon="-118.90985"><ele>2558.0</ele></trkpt><trkpt lat="37.42418" lon="-118.90989000000002"><ele>2559.549809820906</ele></trkpt><trkpt lat="37.42426" lon="-118.90987999999999"><ele>2560.4408497782424</ele></trkpt><trkpt lat="37.4244" lon="-118.90980000000002"><ele>2562.0</ele></trkpt><trkpt lat="37.4244" lon="-118.90978000000001"><ele>2562.1011875546537</ele></trkpt><trkpt lat="37.42427" lon="-118.90980000000002"><ele>2563.1691199988127</ele></trkpt><trkpt lat="37.42424" lon="-118.90978000000001"><ele>2564.1011875546537</ele></trkpt><trkpt lat="37.42425" lon="-118.90975000000003"><ele>2565.0</ele></trkpt><trkpt lat="37.42429" lon="-118.90975000000003"><ele>2564.4992888867855</ele></trkpt><trkpt lat="37.42444" lon="-118.90960999999999"><ele>2569.0</ele></trkpt><trkpt lat="37.42457" lon="-118.90956"><ele>2572.0</ele></trkpt><trkpt lat="37.42468" lon="-118.90953999999999"><ele>2573.905480131507</ele></trkpt><trkpt lat="37.42484" lon="-118.90958999999998"><ele>2575.9558293344453</ele></trkpt><trkpt lat="37.42499" lon="-118.90957000000003"><ele>2576.985184452962</ele></trkpt><trkpt lat="37.425" lon="-118.90953000000002"><ele>2578.921672194614</ele></trkpt><trkpt lat="37.42484" lon="-118.90942999999999"><ele>2579.5855976973253</ele></trkpt><trkpt lat="37.42478" lon="-118.90931999999998"><ele>2581.538741333876</ele></trkpt><trkpt lat="37.4247" lon="-118.90927999999997"><ele>2582.4028764460236</ele></trkpt><trkpt lat="37.4247" lon="-118.90924000000001"><ele>2583.2670115549117</ele></trkpt><trkpt lat="37.42496" lon="-118.90922"><ele>2588.199079110753</ele></trkpt><trkpt lat="37.42505" lon="-118.90915999999999"><ele>2589.995281778276</ele></trkpt><trkpt lat="37.42508" lon="-118.90917999999999"><ele>2590.0</ele></trkpt><trkpt lat="37.42512" lon="-118.90915999999999"><ele>2590.9987078321965</ele></trkpt><trkpt lat="37.42535" lon="-118.90922999999998"><ele>2598.30806766694</ele></trkpt><trkpt lat="37.42536" lon="-118.9092"><ele>2597.51412363981</ele></trkpt><trkpt lat="37.42527" lon="-118.90911"><ele>2597.3254506667145</ele></trkpt><trkpt lat="37.42538" lon="-118.90913999999998"><ele>2598.983861969784</ele></trkpt><trkpt lat="37.4254" lon="-118.90912000000003"><ele>2601.157535664737</ele></trkpt><trkpt lat="37.42534" lon="-118.90906000000001"><ele>2601.5304426071357</ele></trkpt><trkpt lat="37.4254" lon="-118.90904999999998"><ele>2603.279188998509</ele></trkpt><trkpt lat="37.42551" lon="-118.90911"><ele>2608.0</ele></trkpt><trkpt lat="37.42553" lon="-118.90908999999999"><ele>2608.7864223290235</ele></trkpt><trkpt lat="37.42549" lon="-118.90897000000001"><ele>2608.849923554808</ele></trkpt><trkpt lat="37.42561" lon="-118.90899999999999"><ele>2612.7655622807324</ele></trkpt><trkpt lat="37.42568" lon="-118.90915000000001"><ele>2615.5890003275126</ele></trkpt><trkpt lat="37.4258" lon="-118.90926000000002"><ele>2615.7546444940103</ele></trkpt><trkpt lat="37.42596" lon="-118.90929"><ele>2617.9368426664732</ele></trkpt><trkpt lat="37.42601" lon="-118.90933000000001"><ele>2617.0694163741696</ele></trkpt><trkpt lat="37.42607" lon="-118.90931"><ele>2618.478288835535</ele></trkpt><trkpt lat="37.42615" lon="-118.90938"><ele>2619.3840831722614</ele></trkpt><trkpt lat="37.42614" lon="-118.90967999999998"><ele>2621.0</ele></trkpt><trkpt lat="37.42622" lon="-118.90996000000001"><ele>2623.278427137062</ele></trkpt><trkpt lat="37.42629" lon="-118.90971000000002"><ele>2625.386332532391</ele></trkpt><trkpt lat="37.4263" lon="-118.90957000000003"><ele>2625.9731764756143</ele></trkpt><trkpt lat="37.42641" lon="-118.90954999999997"><ele>2629.4284650031477</ele></trkpt><trkpt lat="37.42641" lon="-118.90965"><ele>2630.0</ele></trkpt><trkpt lat="37.42645" lon="-118.90965"><ele>2631.7400638873437</ele></trkpt><trkpt lat="37.42647" lon="-118.90956"><ele>2631.6134657496623</ele></trkpt><trkpt lat="37.4265" lon="-118.90953999999999"><ele>2632.0</ele></trkpt><trkpt lat="37.42653" lon="-118.90958"><ele>2633.0</ele></trkpt><trkpt lat="37.42655" lon="-118.90969999999999"><ele>2634.0</ele></trkpt><trkpt lat="37.42699" lon="-118.90992"><ele>2638.0</ele></trkpt><trkpt lat="37.42712" lon="-118.90994"><ele>2639.0946464128792</ele></trkpt><trkpt lat="37.42732" lon="-118.90987999999999"><ele>2640.0</ele></trkpt><trkpt lat="37.42747" lon="-118.90994"><ele>2640.3655412867665</ele></trkpt><trkpt lat="37.42806" lon="-118.91030999999998"><ele>2641.70253691867</ele></trkpt><trkpt lat="37.42828" lon="-118.91039"><ele>2643.1698211580515</ele></trkpt><trkpt lat="37.42833" lon="-118.91046"><ele>2643.47222852015</ele></trkpt><trkpt lat="37.42879" lon="-118.91050999999999"><ele>2647.0</ele></trkpt><trkpt lat="37.42887" lon="-118.91043000000002"><ele>2646.8089919988997</ele></trkpt><trkpt lat="37.429" lon="-118.91041999999999"><ele>2647.0</ele></trkpt><trkpt lat="37.42914" lon="-118.91038000000003"><ele>2647.139160887338</ele></trkpt><trkpt lat="37.42928" lon="-118.91041000000001"><ele>2646.741059554275</ele></trkpt><trkpt lat="37.42939" lon="-118.91039"><ele>2647.209819599083</ele></trkpt><trkpt lat="37.42972" lon="-118.91050000000001"><ele>2653.0</ele></trkpt><trkpt lat="37.42992" lon="-118.91037"><ele>2655.8358266783634</ele></trkpt><trkpt lat="37.42983" lon="-118.91030999999998"><ele>2657.347615891705</ele></trkpt><trkpt lat="37.42999" lon="-118.91021999999998"><ele>2660.5957013340667</ele></trkpt><trkpt lat="37.42998" lon="-118.91016000000002"><ele>2662.0</ele></trkpt><trkpt lat="37.43002" lon="-118.91012"><ele>2664.0</ele></trkpt><trkpt lat="37.43009" lon="-118.91017999999997"><ele>2661.919672892429</ele></trkpt><trkpt lat="37.43014" lon="-118.91014999999999"><ele>2662.5773539977004</ele></trkpt><trkpt lat="37.43039" lon="-118.90998000000002"><ele>2662.780511999037</ele></trkpt><trkpt lat="37.4305" lon="-118.90981999999997"><ele>2666.2370524457656</ele></trkpt><trkpt lat="37.43058" lon="-118.90976"><ele>2669.0049742984434</ele></trkpt><trkpt lat="37.43073" lon="-118.90969999999999"><ele>2672.0</ele></trkpt><trkpt lat="37.43079" lon="-118.90972999999997"><ele>2674.0</ele></trkpt><trkpt lat="37.43083" lon="-118.90980000000002"><ele>2674.8215427752584</ele></trkpt><trkpt lat="37.4309" lon="-118.90983"><ele>2675.983902874194</ele></trkpt><trkpt lat="37.43102" lon="-118.90976"><ele>2677.0</ele></trkpt><trkpt lat="37.43109" lon="-118.90960999999999"><ele>2680.0</ele></trkpt><trkpt lat="37.43116" lon="-118.90953000000002"><ele>2681.0</ele></trkpt><trkpt lat="37.43145" lon="-118.90933000000001"><ele>2683.072707554791</ele></trkpt><trkpt lat="37.43167" lon="-118.90927999999997"><ele>2686.0</ele></trkpt><trkpt lat="37.43201" lon="-118.90913"><ele>2691.029058697988</ele></trkpt><trkpt lat="37.43235" lon="-118.90911"><ele>2695.0</ele></trkpt><trkpt lat="37.43257" lon="-118.90897000000001"><ele>2697.849923554808</ele></trkpt><trkpt lat="37.432677090410934" lon="-118.90894528682827"><ele>2698.0016408334486</ele></trkpt><trkpt lat="37.43275464996351" lon="-118.90893503182332"><ele>2699.0</ele></trkpt><trkpt lat="37.43281" lon="-118.90893"><ele>2700.0180079179695</ele></trkpt><trkpt lat="37.43295" lon="-118.90897999999999"><ele>2700.532838744929</ele></trkpt><trkpt lat="37.43301" lon="-118.90897000000001"><ele>2701.0</ele></trkpt><trkpt lat="37.4334" lon="-118.90863999999999"><ele>2705.0</ele></trkpt><trkpt lat="37.43363" lon="-118.90861999999998"><ele>2706.0</ele></trkpt><trkpt lat="37.43378" lon="-118.90846999999997"><ele>2706.0</ele></trkpt><trkpt lat="37.43407" lon="-118.90827000000002"><ele>2705.0</ele></trkpt><trkpt lat="37.4343" lon="-118.90818000000002"><ele>2703.842149003741</ele></trkpt><trkpt lat="37.43438" lon="-118.90809999999999"><ele>2704.0</ele></trkpt><trkpt lat="37.43457" lon="-118.90800000000002"><ele>2704.0</ele></trkpt><trkpt lat="37.43474" lon="-118.90796"><ele>2704.0</ele></trkpt><trkpt lat="37.43487" lon="-118.90785"><ele>2705.9966751233264</ele></trkpt><trkpt lat="37.43505" lon="-118.90789000000001"><ele>2704.0</ele></trkpt><trkpt lat="37.43532" lon="-118.90774999999996"><ele>2705.7060444462113</ele></trkpt><trkpt lat="37.43545" lon="-118.90774999999996"><ele>2704.0</ele></trkpt><trkpt lat="37.43558" lon="-118.90764999999999"><ele>2704.7453787169416</ele></trkpt><trkpt lat="37.43572" lon="-118.90762000000001"><ele>2704.76448355522</ele></trkpt><trkpt lat="37.43593" lon="-118.90751"><ele>2704.0</ele></trkpt><trkpt lat="37.4362" lon="-118.90750000000003"><ele>2705.9917265651425</ele></trkpt><trkpt lat="37.4363" lon="-118.90746000000001"><ele>2707.0</ele></trkpt><trkpt lat="37.43644" lon="-118.90744999999998"><ele>2708.05034502243</ele></trkpt><trkpt lat="37.43704" lon="-118.90766000000002"><ele>2709.9003484430723</ele></trkpt><trkpt lat="37.43716" lon="-118.90776"><ele>2711.492304463448</ele></trkpt><trkpt lat="37.43728" lon="-118.90780000000001"><ele>2713.7510009151883</ele></trkpt><trkpt lat="37.43737" lon="-118.90778999999998"><ele>2715.9458538136296</ele></trkpt><trkpt lat="37.4377" lon="-118.90746000000001"><ele>2721.0</ele></trkpt><trkpt lat="37.43799" lon="-118.90744999999998"><ele>2723.0</ele></trkpt><trkpt lat="37.43811" lon="-118.90737000000001"><ele>2725.0</ele></trkpt><trkpt lat="37.43833" lon="-118.90735000000001"><ele>2729.0</ele></trkpt><trkpt lat="37.438440707828136" lon="-118.9074284180449"><ele>2731.0</ele></trkpt><trkpt lat="37.438440707828136" lon="-118.9074284180449"><ele>2731.0</ele></trkpt><trkpt lat="37.43857" lon="-118.90751999999998"><ele>2733.948373802516</ele></trkpt><trkpt lat="37.43874" lon="-118.90771000000001"><ele>2735.067751297727</ele></trkpt><trkpt lat="37.43876" lon="-118.90778999999998"><ele>2736.1580906659365</ele></trkpt><trkpt lat="37.43863" lon="-118.90809999999999"><ele>2741.6051377775148</ele></trkpt><trkpt lat="37.43863" lon="-118.90814"><ele>2743.0806722170673</ele></trkpt><trkpt lat="37.4389" lon="-118.90813000000003"><ele>2752.0064782258123</ele></trkpt><trkpt lat="37.43899" lon="-118.90809000000002"><ele>2753.7772980791324</ele></trkpt><trkpt lat="37.43904" lon="-118.90813000000003"><ele>2756.0021897445467</ele></trkpt><trkpt lat="37.4389" lon="-118.90821"><ele>2755.7315093330108</ele></trkpt><trkpt lat="37.43889" lon="-118.90825000000001"><ele>2757.4675273587927</ele></trkpt><trkpt lat="37.43908" lon="-118.90827000000002"><ele>2762.0666683721606</ele></trkpt><trkpt lat="37.43919" lon="-118.90823"><ele>2763.318649015441</ele></trkpt><trkpt lat="37.43924" lon="-118.90827000000002"><ele>2765.527712000534</ele></trkpt><trkpt lat="37.4391" lon="-118.90843999999998"><ele>2768.0</ele></trkpt><trkpt lat="37.43918" lon="-118.90859999999998"><ele>2771.9900541262555</ele></trkpt><trkpt lat="37.43919" lon="-118.90868"><ele>2773.8103230292104</ele></trkpt><trkpt lat="37.43915" lon="-118.90897000000001"><ele>2779.150076445192</ele></trkpt><trkpt lat="37.43897" lon="-118.90936999999997"><ele>2783.4490773568664</ele></trkpt><trkpt lat="37.43882" lon="-118.90951000000001"><ele>2784.83806403253</ele></trkpt><trkpt lat="37.4388" lon="-118.90969000000001"><ele>2788.878671707255</ele></trkpt><trkpt lat="37.43872" lon="-118.90976"><ele>2789.9667448890395</ele></trkpt><trkpt lat="37.43874" lon="-118.90978999999999"><ele>2791.7296924442053</ele></trkpt><trkpt lat="37.43877" lon="-118.90978000000001"><ele>2791.7273886562325</ele></trkpt><trkpt lat="37.43878" lon="-118.90981"><ele>2793.4202867972353</ele></trkpt><trkpt lat="37.43873" lon="-118.90987999999999"><ele>2797.0399600369856</ele></trkpt><trkpt lat="37.43865" lon="-118.90990999999997"><ele>2797.2055402884353</ele></trkpt><trkpt lat="37.43864" lon="-118.90998000000002"><ele>2799.417828025762</ele></trkpt><trkpt lat="37.43866" lon="-118.91002000000003"><ele>2801.1458757789833</ele></trkpt><trkpt lat="37.43855" lon="-118.91017"><ele>2803.9900063616224</ele></trkpt><trkpt lat="37.4384" lon="-118.91047000000003"><ele>2807.111784968525</ele></trkpt><trkpt lat="37.43824" lon="-118.91066000000001"><ele>2808.90978488978</ele></trkpt><trkpt lat="37.43806" lon="-118.91071"><ele>2810.239953777753</ele></trkpt><trkpt lat="37.43803" lon="-118.91077000000001"><ele>2813.0865983417925</ele></trkpt><trkpt lat="37.43816" lon="-118.91080999999997"><ele>2815.9230465048604</ele></trkpt><trkpt lat="37.4381" lon="-118.91089999999997"><ele>2823.426025710518</ele></trkpt><trkpt lat="37.43793" lon="-118.91097000000002"><ele>2827.713664001785</ele></trkpt><trkpt lat="37.43781" lon="-118.91097000000002"><ele>2830.046484686779</ele></trkpt><trkpt lat="37.43778" lon="-118.91098999999997"><ele>2831.6581921006486</ele></trkpt><trkpt lat="37.43798" lon="-118.91115000000002"><ele>2839.353525111812</ele></trkpt><trkpt lat="37.43807" lon="-118.91115000000002"><ele>2839.7454400015995</ele></trkpt><trkpt lat="37.43807" lon="-118.91118"><ele>2842.2501703723538</ele></trkpt><trkpt lat="37.43792" lon="-118.91122999999999"><ele>2844.50269636743</ele></trkpt><trkpt lat="37.43784" lon="-118.91119000000003"><ele>2843.3662429242395</ele></trkpt><trkpt lat="37.43779" lon="-118.91120000000001"><ele>2845.766948022414</ele></trkpt><trkpt lat="37.43798" lon="-118.91137000000003"><ele>2850.9973465770618</ele></trkpt><trkpt lat="37.43803" lon="-118.91138000000001"><ele>2851.464216888882</ele></trkpt><trkpt lat="37.43807" lon="-118.91136"><ele>2851.2749948669225</ele></trkpt><trkpt lat="37.43808" lon="-118.91142000000002"><ele>2855.6581338369288</ele></trkpt><trkpt lat="37.43801" lon="-118.91147999999998"><ele>2857.2491093315184</ele></trkpt><trkpt lat="37.43787" lon="-118.91149000000001"><ele>2858.593031073916</ele></trkpt><trkpt lat="37.43755" lon="-118.91133000000002"><ele>2864.8075284810257</ele></trkpt><trkpt lat="37.4375" lon="-118.91133000000002"><ele>2866.8464421476237</ele></trkpt><trkpt lat="37.43749" lon="-118.91136"><ele>2868.0</ele></trkpt><trkpt lat="37.43751" lon="-118.91140999999999"><ele>2868.9705066599668</ele></trkpt><trkpt lat="37.43772" lon="-118.91173000000003"><ele>2877.930575322919</ele></trkpt><trkpt lat="37.43765" lon="-118.91178000000002"><ele>2881.918077550161</ele></trkpt><trkpt lat="37.43755" lon="-118.91172"><ele>2882.2406039986663</ele></trkpt><trkpt lat="37.43753" lon="-118.91176000000002"><ele>2884.1651027477164</ele></trkpt><trkpt lat="37.43764" lon="-118.91201000000001"><ele>2888.408332100599</ele></trkpt><trkpt lat="37.43752" lon="-118.91219000000001"><ele>2892.0</ele></trkpt><trkpt lat="37.43757" lon="-118.91232000000002"><ele>2893.0</ele></trkpt><trkpt lat="37.43767" lon="-118.91237000000001"><ele>2894.0</ele></trkpt><trkpt lat="37.43774" lon="-118.91259000000002"><ele>2898.5348015655436</ele></trkpt><trkpt lat="37.43794" lon="-118.91275999999999"><ele>2902.8895589401945</ele></trkpt><trkpt lat="37.43806" lon="-118.91278"><ele>2904.754323840307</ele></trkpt><trkpt lat="37.43819" lon="-118.91273999999999"><ele>2905.9668028838173</ele></trkpt><trkpt lat="37.43828" lon="-118.91268000000002"><ele>2906.0033308332413</ele></trkpt><trkpt lat="37.43834" lon="-118.91268000000002"><ele>2907.6100750965356</ele></trkpt><trkpt lat="37.43852" lon="-118.91255000000001"><ele>2910.1535324699516</ele></trkpt><trkpt lat="37.43858" lon="-118.91257000000002"><ele>2911.6766970250756</ele></trkpt><trkpt lat="37.4386" lon="-118.91262999999998"><ele>2913.569016822614</ele></trkpt><trkpt lat="37.43899" lon="-118.91230999999999"><ele>2915.5970231582487</ele></trkpt><trkpt lat="37.43912" lon="-118.91226"><ele>2915.2986157887663</ele></trkpt><trkpt lat="37.43932" lon="-118.91228000000001"><ele>2916.4072568900883</ele></trkpt><trkpt lat="37.43947" lon="-118.91221000000002"><ele>2916.132648925941</ele></trkpt><trkpt lat="37.43986" lon="-118.91236000000004"><ele>2920.135527112987</ele></trkpt><trkpt lat="37.43997" lon="-118.91246000000001"><ele>2921.795864889864</ele></trkpt><trkpt lat="37.43997" lon="-118.91246000000001"><ele>2921.795864889864</ele></trkpt><trkpt lat="37.44007" lon="-118.91254000000004"><ele>2922.5867908566056</ele></trkpt><trkpt lat="37.44011" lon="-118.91266000000002"><ele>2924.116540445015</ele></trkpt><trkpt lat="37.44026" lon="-118.91275000000002"><ele>2925.0</ele></trkpt><trkpt lat="37.44031" lon="-118.91309999999999"><ele>2925.9173990276336</ele></trkpt><trkpt lat="37.44033" lon="-118.91349000000002"><ele>2926.9204688021955</ele></trkpt><trkpt lat="37.44052" lon="-118.91397999999998"><ele>2926.455415688455</ele></trkpt><trkpt lat="37.4406" lon="-118.91433"><ele>2927.759769331664</ele></trkpt><trkpt lat="37.44092" lon="-118.91521"><ele>2926.998974532866</ele></trkpt><trkpt lat="37.44137" lon="-118.91591"><ele>2927.0</ele></trkpt><trkpt lat="37.44139" lon="-118.91602"><ele>2928.0</ele></trkpt><trkpt lat="37.44139" lon="-118.91602"><ele>2928.0</ele></trkpt><trkpt lat="37.44153" lon="-118.91658000000001"><ele>2929.835976439209</ele></trkpt><trkpt lat="37.4415" lon="-118.91737999999998"><ele>2936.0844835545868</ele></trkpt><trkpt lat="37.44167" lon="-118.91775999999999"><ele>2939.0</ele></trkpt><trkpt lat="37.44167" lon="-118.91791"><ele>2939.0</ele></trkpt><trkpt lat="37.44152" lon="-118.91831000000002"><ele>2939.0</ele></trkpt><trkpt lat="37.44149" lon="-118.91854000000001"><ele>2938.069260143551</ele></trkpt><trkpt lat="37.44158" lon="-118.91872000000001"><ele>2938.4669902217574</ele></trkpt><trkpt lat="37.44162" lon="-118.91903000000002"><ele>2940.0</ele></trkpt><trkpt lat="37.44162" lon="-118.91922999999997"><ele>2941.889838228002</ele></trkpt><trkpt lat="37.44156" lon="-118.91943000000003"><ele>2942.411621471867</ele></trkpt><trkpt lat="37.44166" lon="-118.91952000000003"><ele>2940.9155926257836</ele></trkpt><trkpt lat="37.44182" lon="-118.91952000000003"><ele>2941.6929144302862</ele></trkpt><trkpt lat="37.44194" lon="-118.91966000000002"><ele>2944.8930534329265</ele></trkpt><trkpt lat="37.44208" lon="-118.91970000000003"><ele>2947.1105937957764</ele></trkpt><trkpt lat="37.44221" lon="-118.91984000000002"><ele>2950.7411807533354</ele></trkpt><trkpt lat="37.4423" lon="-118.91998999999998"><ele>2953.023902570829</ele></trkpt><trkpt lat="37.44231" lon="-118.92012"><ele>2954.0</ele></trkpt><trkpt lat="37.44223" lon="-118.92025999999998"><ele>2955.0</ele></trkpt><trkpt lat="37.44228" lon="-118.92043999999999"><ele>2956.0</ele></trkpt><trkpt lat="37.44228" lon="-118.92052999999999"><ele>2955.8671994607557</ele></trkpt><trkpt lat="37.44217" lon="-118.92068"><ele>2955.0</ele></trkpt><trkpt lat="37.44218" lon="-118.92083000000002"><ele>2956.0</ele></trkpt><trkpt lat="37.44225" lon="-118.92093"><ele>2957.0</ele></trkpt><trkpt lat="37.44231" lon="-118.92099999999999"><ele>2958.0</ele></trkpt><trkpt lat="37.44244" lon="-118.92102999999997"><ele>2960.0</ele></trkpt><trkpt lat="37.44262" lon="-118.92128000000002"><ele>2963.806964930147</ele></trkpt><trkpt lat="37.44276" lon="-118.92138999999997"><ele>2965.0245799683034</ele></trkpt><trkpt lat="37.44291" lon="-118.92156999999997"><ele>2968.8894203201685</ele></trkpt><trkpt lat="37.44309" lon="-118.92187999999999"><ele>2972.799683555495</ele></trkpt><trkpt lat="37.44317" lon="-118.92192"><ele>2975.0</ele></trkpt><trkpt lat="37.44325" lon="-118.92176999999998"><ele>2976.786353699863</ele></trkpt><trkpt lat="37.4433" lon="-118.92180000000002"><ele>2978.669733067335</ele></trkpt><trkpt lat="37.44346" lon="-118.92205999999999"><ele>2981.11288581416</ele></trkpt><trkpt lat="37.44371" lon="-118.92221999999998"><ele>2987.7873739153147</ele></trkpt><trkpt lat="37.44393" lon="-118.92253"><ele>2991.97252483878</ele></trkpt><trkpt lat="37.44403" lon="-118.92289"><ele>2993.0</ele></trkpt><trkpt lat="37.44423" lon="-118.92322000000001"><ele>2997.0</ele></trkpt><trkpt lat="37.4443" lon="-118.92326000000003"><ele>2998.0</ele></trkpt><trkpt lat="37.44447" lon="-118.92320000000001"><ele>2999.0</ele></trkpt><trkpt lat="37.44476" lon="-118.92324000000002"><ele>3002.819722665008</ele></trkpt><trkpt lat="37.44522" lon="-118.92320999999998"><ele>3011.091992419979</ele></trkpt><trkpt lat="37.44536" lon="-118.92326000000003"><ele>3013.0</ele></trkpt><trkpt lat="37.44571" lon="-118.92329000000001"><ele>3014.4895537770353</ele></trkpt><trkpt lat="37.44606" lon="-118.92318"><ele>3018.0</ele></trkpt><trkpt lat="37.44616" lon="-118.92322000000001"><ele>3019.0</ele></trkpt><trkpt lat="37.44634" lon="-118.92320000000001"><ele>3020.683857777156</ele></trkpt><trkpt lat="37.44643" lon="-118.92311000000001"><ele>3022.0</ele></trkpt><trkpt lat="37.44651" lon="-118.92309999999998"><ele>3022.344195556827</ele></trkpt><trkpt lat="37.4466" lon="-118.92302999999998"><ele>3025.0</ele></trkpt><trkpt lat="37.44672" lon="-118.92289"><ele>3027.1309048892</ele></trkpt><trkpt lat="37.44681" lon="-118.92270000000002"><ele>3030.99646038046</ele></trkpt><trkpt lat="37.44672" lon="-118.92261000000002"><ele>3033.0</ele></trkpt><trkpt lat="37.44656" lon="-118.92257000000001"><ele>3036.0</ele></trkpt><trkpt lat="37.44635" lon="-118.92245000000003"><ele>3038.726216632756</ele></trkpt><trkpt lat="37.44628" lon="-118.92236000000003"><ele>3040.0</ele></trkpt><trkpt lat="37.44629" lon="-118.9223"><ele>3042.0</ele></trkpt><trkpt lat="37.44642" lon="-118.92223999999999"><ele>3043.423100444954</ele></trkpt><trkpt lat="37.44649" lon="-118.92216000000002"><ele>3046.15137066599</ele></trkpt><trkpt lat="37.44664" lon="-118.92214000000001"><ele>3048.083438221365</ele></trkpt><trkpt lat="37.44681" lon="-118.92203999999998"><ele>3052.5616253683115</ele></trkpt><trkpt lat="37.44681" lon="-118.92189000000002"><ele>3055.0</ele></trkpt><trkpt lat="37.44669" lon="-118.92180000000002"><ele>3056.949221700037</ele></trkpt><trkpt lat="37.44666" lon="-118.92174"><ele>3058.036212954046</ele></trkpt><trkpt lat="37.4467" lon="-118.92156"><ele>3062.1133973328397</ele></trkpt><trkpt lat="37.44693" lon="-118.92144000000002"><ele>3065.0</ele></trkpt><trkpt lat="37.44721" lon="-118.92079999999999"><ele>3075.8898450355737</ele></trkpt><trkpt lat="37.4476" lon="-118.92016000000001"><ele>3087.3581262212247</ele></trkpt><trkpt lat="37.44765" lon="-118.92012"><ele>3089.014176358265</ele></trkpt><trkpt lat="37.44771" lon="-118.92009999999999"><ele>3090.0</ele></trkpt><trkpt lat="37.44827" lon="-118.92024000000004"><ele>3091.0</ele></trkpt><trkpt lat="37.44845" lon="-118.92021"><ele>3090.0</ele></trkpt><trkpt lat="37.44915" lon="-118.91994"><ele>3095.0</ele></trkpt><trkpt lat="37.44941" lon="-118.91991999999999"><ele>3096.0</ele></trkpt><trkpt lat="37.44948" lon="-118.91989000000001"><ele>3096.9410382215865</ele></trkpt><trkpt lat="37.44958" lon="-118.91975000000002"><ele>3099.0</ele></trkpt><trkpt lat="37.44983" lon="-118.91975000000002"><ele>3099.0</ele></trkpt><trkpt lat="37.44995" lon="-118.91982999999999"><ele>3098.0</ele></trkpt><trkpt lat="37.45004" lon="-118.91993000000002"><ele>3097.027819874705</ele></trkpt><trkpt lat="37.45022" lon="-118.91996"><ele>3098.0</ele></trkpt><trkpt lat="37.45033" lon="-118.91989000000001"><ele>3101.0</ele></trkpt><trkpt lat="37.45048" lon="-118.91987"><ele>3101.8731057774276</ele></trkpt><trkpt lat="37.45071" lon="-118.91964999999999"><ele>3106.0872069793268</ele></trkpt><trkpt lat="37.45075" lon="-118.91957000000002"><ele>3107.0</ele></trkpt><trkpt lat="37.45091" lon="-118.91961000000003"><ele>3108.433674223721</ele></trkpt><trkpt lat="37.4513" lon="-118.91962000000001"><ele>3112.0</ele></trkpt><trkpt lat="37.45141" lon="-118.91957000000002"><ele>3113.0</ele></trkpt><trkpt lat="37.45151" lon="-118.91949999999997"><ele>3114.1163555569947</ele></trkpt><trkpt lat="37.45165" lon="-118.91928999999999"><ele>3117.903064888902</ele></trkpt><trkpt lat="37.45176" lon="-118.91922999999997"><ele>3120.0</ele></trkpt><trkpt lat="37.45184" lon="-118.91915"><ele>3121.0</ele></trkpt><trkpt lat="37.45187" lon="-118.91901999999999"><ele>3124.789587808773</ele></trkpt><trkpt lat="37.45207" lon="-118.91895999999997"><ele>3125.0</ele></trkpt><trkpt lat="37.45216" lon="-118.91904999999997"><ele>3126.0</ele></trkpt><trkpt lat="37.45224" lon="-118.91908000000001"><ele>3127.0</ele></trkpt><trkpt lat="37.45236" lon="-118.91901999999999"><ele>3128.0</ele></trkpt><trkpt lat="37.45258" lon="-118.91916000000003"><ele>3129.979595098607</ele></trkpt><trkpt lat="37.45262" lon="-118.91922"><ele>3130.8181485626847</ele></trkpt><trkpt lat="37.45269" lon="-118.91926999999998"><ele>3132.0</ele></trkpt><trkpt lat="37.45274" lon="-118.91935000000001"><ele>3133.0</ele></trkpt><trkpt lat="37.45302" lon="-118.91949"><ele>3137.0</ele></trkpt><trkpt lat="37.45311" lon="-118.91949"><ele>3138.0</ele></trkpt><trkpt lat="37.45329" lon="-118.91930000000002"><ele>3141.0</ele></trkpt><trkpt lat="37.45334" lon="-118.91928000000001"><ele>3141.6309013343416</ele></trkpt><trkpt lat="37.45358" lon="-118.91930000000002"><ele>3144.0</ele></trkpt><trkpt lat="37.45375" lon="-118.91926000000001"><ele>3146.0</ele></trkpt><trkpt lat="37.45383" lon="-118.91919000000001"><ele>3147.0</ele></trkpt><trkpt lat="37.45387" lon="-118.91924"><ele>3148.0</ele></trkpt><trkpt lat="37.454" lon="-118.91922999999997"><ele>3149.83185386844</ele></trkpt><trkpt lat="37.45427" lon="-118.91912000000002"><ele>3152.0</ele></trkpt><trkpt lat="37.45441" lon="-118.91915"><ele>3153.0</ele></trkpt><trkpt lat="37.45457" lon="-118.91908999999998"><ele>3154.0</ele></trkpt><trkpt lat="37.45469" lon="-118.91908999999998"><ele>3154.0</ele></trkpt><trkpt lat="37.45499" lon="-118.91915"><ele>3153.0</ele></trkpt><trkpt lat="37.45515" lon="-118.91910999999999"><ele>3154.708327110391</ele></trkpt><trkpt lat="37.45522" lon="-118.91913"><ele>3155.0</ele></trkpt><trkpt lat="37.45526" lon="-118.91919999999999"><ele>3156.0</ele></trkpt><trkpt lat="37.45535" lon="-118.91926000000001"><ele>3157.0</ele></trkpt><trkpt lat="37.45539" lon="-118.91925000000003"><ele>3157.0</ele></trkpt><trkpt lat="37.45548" lon="-118.91922"><ele>3157.7177787106484</ele></trkpt><trkpt lat="37.45548" lon="-118.91922"><ele>3157.7177787106484</ele></trkpt><trkpt lat="37.45548" lon="-118.91922"><ele>3157.7177787106484</ele></trkpt><trkpt lat="37.45557" lon="-118.91910000000001"><ele>3159.0</ele></trkpt><trkpt lat="37.45577" lon="-118.91894000000002"><ele>3161.0</ele></trkpt><trkpt lat="37.45601" lon="-118.91889000000003"><ele>3163.0</ele></trkpt><trkpt lat="37.45625" lon="-118.91889000000003"><ele>3165.0</ele></trkpt><trkpt lat="37.45637" lon="-118.91886"><ele>3166.0</ele></trkpt><trkpt lat="37.45651" lon="-118.91877999999997"><ele>3167.0614641426064</ele></trkpt><trkpt lat="37.45671" lon="-118.91876000000002"><ele>3168.0</ele></trkpt><trkpt lat="37.45685" lon="-118.91863000000001"><ele>3169.3387057785876</ele></trkpt><trkpt lat="37.45713" lon="-118.9185"><ele>3169.0</ele></trkpt><trkpt lat="37.45725" lon="-118.91847000000001"><ele>3170.8821653341874</ele></trkpt><trkpt lat="37.45742" lon="-118.9185"><ele>3171.0</ele></trkpt><trkpt lat="37.45742" lon="-118.9185"><ele>3171.0</ele></trkpt><trkpt lat="37.45766" lon="-118.91852"><ele>3173.148958681764</ele></trkpt><trkpt lat="37.45785" lon="-118.91843"><ele>3173.0180302225053</ele></trkpt><trkpt lat="37.45797" lon="-118.91845999999998"><ele>3174.0</ele></trkpt><trkpt lat="37.45809" lon="-118.91845"><ele>3175.0</ele></trkpt><trkpt lat="37.45809537160086" lon="-118.91845107432016"><ele>3175.0</ele></trkpt><trkpt lat="37.45816132563319" lon="-118.91846426511438"><ele>3175.6664858018935</ele></trkpt><trkpt lat="37.45829" lon="-118.91849000000002"><ele>3176.8142328900285</ele></trkpt><trkpt lat="37.45867" lon="-118.91868999999997"><ele>3180.134908442851</ele></trkpt><trkpt lat="37.45909" lon="-118.91881999999998"><ele>3183.0</ele></trkpt><trkpt lat="37.45922" lon="-118.91886"><ele>3183.0</ele></trkpt><trkpt lat="37.45983" lon="-118.91890999999998"><ele>3183.0</ele></trkpt><trkpt lat="37.45998" lon="-118.91898000000003"><ele>3182.0</ele></trkpt><trkpt lat="37.46029" lon="-118.91917999999998"><ele>3182.0</ele></trkpt><trkpt lat="37.46039" lon="-118.91930000000002"><ele>3181.0</ele></trkpt><trkpt lat="37.46061" lon="-118.91946000000002"><ele>3181.0</ele></trkpt><trkpt lat="37.46083" lon="-118.91953000000001"><ele>3180.0</ele></trkpt><trkpt lat="37.46106" lon="-118.91949999999997"><ele>3180.1163555569947</ele></trkpt><trkpt lat="37.46121" lon="-118.91940999999997"><ele>3180.0</ele></trkpt><trkpt lat="37.46129" lon="-118.91940999999997"><ele>3180.0</ele></trkpt><trkpt lat="37.46178" lon="-118.91948000000002"><ele>3182.0</ele></trkpt><trkpt lat="37.46191" lon="-118.91946999999999"><ele>3182.2218619640917</ele></trkpt><trkpt lat="37.46208" lon="-118.91949"><ele>3183.0</ele></trkpt><trkpt lat="37.46236" lon="-118.91958999999997"><ele>3184.6424922049046</ele></trkpt><trkpt lat="37.4628" lon="-118.91961000000003"><ele>3188.0</ele></trkpt><trkpt lat="37.46314" lon="-118.91951"><ele>3192.0</ele></trkpt><trkpt lat="37.46321" lon="-118.91952000000003"><ele>3193.0</ele></trkpt><trkpt lat="37.46335" lon="-118.9196"><ele>3194.0</ele></trkpt><trkpt lat="37.46346" lon="-118.91957000000002"><ele>3194.854119110387</ele></trkpt><trkpt lat="37.4636" lon="-118.91958"><ele>3196.0</ele></trkpt><trkpt lat="37.46373" lon="-118.91967"><ele>3196.015427344051</ele></trkpt><trkpt lat="37.46377" lon="-118.91973999999999"><ele>3196.4281633216888</ele></trkpt><trkpt lat="37.46388" lon="-118.92009999999999"><ele>3196.8866855837405</ele></trkpt><trkpt lat="37.46391" lon="-118.92034999999998"><ele>3196.648102393374</ele></trkpt><trkpt lat="37.46406" lon="-118.92059999999998"><ele>3201.0</ele></trkpt><trkpt lat="37.46416" lon="-118.92099999999999"><ele>3201.0</ele></trkpt><trkpt lat="37.46431" lon="-118.92111999999997"><ele>3203.0</ele></trkpt><trkpt lat="37.4644" lon="-118.92126999999999"><ele>3204.6342911579886</ele></trkpt><trkpt lat="37.4644" lon="-118.92126999999999"><ele>3204.6342911579886</ele></trkpt><trkpt lat="37.4644" lon="-118.92126999999999"><ele>3204.6342911579886</ele></trkpt><trkpt lat="37.46467" lon="-118.92129999999997"><ele>3212.018862560064</ele></trkpt><trkpt lat="37.46486" lon="-118.92122999999998"><ele>3212.5074879988097</ele></trkpt><trkpt lat="37.465" lon="-118.92126999999999"><ele>3214.3716231109574</ele></trkpt><trkpt lat="37.46516" lon="-118.92124000000001"><ele>3216.974609974706</ele></trkpt><trkpt lat="37.46521" lon="-118.92129999999997"><ele>3217.769724443089</ele></trkpt><trkpt lat="37.46536" lon="-118.92137000000002"><ele>3218.0319608906284</ele></trkpt><trkpt lat="37.46541" lon="-118.92140999999998"><ele>3218.074794681044</ele></trkpt><trkpt lat="37.46545" lon="-118.92173000000003"><ele>3220.0</ele></trkpt><trkpt lat="37.46561" lon="-118.92196999999999"><ele>3224.9939875556156</ele></trkpt><trkpt lat="37.46565" lon="-118.92210999999998"><ele>3227.609237033274</ele></trkpt><trkpt lat="37.46608" lon="-118.92257999999998"><ele>3238.397093865439</ele></trkpt><trkpt lat="37.46632" lon="-118.92268999999999"><ele>3241.6165608908764</ele></trkpt><trkpt lat="37.46645" lon="-118.92282"><ele>3244.9150640267894</ele></trkpt><trkpt lat="37.46646" lon="-118.92288000000002"><ele>3246.2534793613686</ele></trkpt><trkpt lat="37.4666" lon="-118.92299000000003"><ele>3249.2163530146017</ele></trkpt><trkpt lat="37.46689" lon="-118.92311000000001"><ele>3255.075421242761</ele></trkpt><trkpt lat="37.46704" lon="-118.92307"><ele>3257.0</ele></trkpt><trkpt lat="37.46727" lon="-118.92320000000001"><ele>3261.2944099389665</ele></trkpt><trkpt lat="37.46735" lon="-118.92320999999998"><ele>3262.4916632757745</ele></trkpt><trkpt lat="37.46754" lon="-118.92313000000001"><ele>3265.0</ele></trkpt><trkpt lat="37.46763733575863" lon="-118.92313000000001"><ele>3266.526950260023</ele></trkpt><trkpt lat="37.46771000000001" lon="-118.92313000000001"><ele>3267.0413248925656</ele></trkpt><trkpt lat="37.46771" lon="-118.92313000000001"><ele>3267.0413248925656</ele></trkpt><trkpt lat="37.46771" lon="-118.92313000000001"><ele>3267.0413248925656</ele></trkpt><trkpt lat="37.46787" lon="-118.92325"><ele>3268.4579555734213</ele></trkpt><trkpt lat="37.468" lon="-118.92327999999998"><ele>3269.79454450123</ele></trkpt><trkpt lat="37.46812" lon="-118.92329000000001"><ele>3271.0</ele></trkpt><trkpt lat="37.46835" lon="-118.92318"><ele>3274.0</ele></trkpt><trkpt lat="37.46859" lon="-118.92320000000001"><ele>3276.299379687133</ele></trkpt><trkpt lat="37.46862" lon="-118.92324000000002"><ele>3276.1633776258195</ele></trkpt><trkpt lat="37.46865" lon="-118.92320999999998"><ele>3277.9693675677922</ele></trkpt><trkpt lat="37.46864" lon="-118.92311000000001"><ele>3278.9236879286022</ele></trkpt><trkpt lat="37.46855" lon="-118.92266000000001"><ele>3284.863071825978</ele></trkpt><trkpt lat="37.46855" lon="-118.92259000000001"><ele>3285.0099694527908</ele></trkpt><trkpt lat="37.46876" lon="-118.92273999999998"><ele>3290.050966235983</ele></trkpt><trkpt lat="37.46902" lon="-118.92300999999998"><ele>3296.686413113028</ele></trkpt><trkpt lat="37.46928" lon="-118.92341999999996"><ele>3304.9530985616148</ele></trkpt><trkpt lat="37.46936" lon="-118.92359999999996"><ele>3308.6505509205163</ele></trkpt><trkpt lat="37.46939" lon="-118.92374999999998"><ele>3310.3906678160515</ele></trkpt><trkpt lat="37.46941" lon="-118.92374999999998"><ele>3311.5344612011686</ele></trkpt><trkpt lat="37.4695" lon="-118.92338999999998"><ele>3316.0</ele></trkpt><trkpt lat="37.46976" lon="-118.92316"><ele>3322.137888127938</ele></trkpt><trkpt lat="37.469989333684296" lon="-118.92310119649119"><ele>3324.0</ele></trkpt><trkpt lat="37.47001541314359" lon="-118.92309450945038"><ele>3324.0</ele></trkpt><trkpt lat="37.47015" lon="-118.92306000000002"><ele>3322.7614569262187</ele></trkpt><trkpt lat="37.47021" lon="-118.92308000000003"><ele>3321.4387072827667</ele></trkpt><trkpt lat="37.47029" lon="-118.92318"><ele>3321.1252711503766</ele></trkpt><trkpt lat="37.4703" lon="-118.92316"><ele>3320.069612384928</ele></trkpt><trkpt lat="37.47026" lon="-118.92302999999998"><ele>3319.0</ele></trkpt><trkpt lat="37.47026" lon="-118.92295999999999"><ele>3318.502763621509</ele></trkpt><trkpt lat="37.47029" lon="-118.92293999999998"><ele>3317.7411964833736</ele></trkpt><trkpt lat="37.4704" lon="-118.92311000000001"><ele>3315.0</ele></trkpt><trkpt lat="37.4705" lon="-118.92284000000001"><ele>3312.189135554858</ele></trkpt><trkpt lat="37.47047" lon="-118.92266999999998"><ele>3311.682254590361</ele></trkpt><trkpt lat="37.47049" lon="-118.92264"><ele>3311.0</ele></trkpt><trkpt lat="37.47052" lon="-118.92264"><ele>3310.402606642361</ele></trkpt><trkpt lat="37.4706" lon="-118.92270000000002"><ele>3310.0</ele></trkpt><trkpt lat="37.47059" lon="-118.92250999999999"><ele>3308.1598115549423</ele></trkpt><trkpt lat="37.47063" lon="-118.92248000000001"><ele>3307.5916351701644</ele></trkpt><trkpt lat="37.47079" lon="-118.92255"><ele>3306.0</ele></trkpt><trkpt lat="37.47073" lon="-118.92241000000001"><ele>3305.0</ele></trkpt><trkpt lat="37.47075" lon="-118.92237999999998"><ele>3304.0740436295323</ele></trkpt><trkpt lat="37.47078" lon="-118.92237999999998"><ele>3303.9688331168145</ele></trkpt><trkpt lat="37.47092" lon="-118.92248000000001"><ele>3302.0</ele></trkpt><trkpt lat="37.47107" lon="-118.92253"><ele>3300.0</ele></trkpt><trkpt lat="37.47111" lon="-118.92257999999998"><ele>3299.5914208889008</ele></trkpt><trkpt lat="37.47123" lon="-118.92254000000003"><ele>3298.0</ele></trkpt><trkpt lat="37.47126" lon="-118.92255"><ele>3297.7834779601544</ele></trkpt><trkpt lat="37.47132" lon="-118.92271"><ele>3297.1250687970587</ele></trkpt><trkpt lat="37.47154" lon="-118.92288000000002"><ele>3295.0</ele></trkpt><trkpt lat="37.47207" lon="-118.92302000000001"><ele>3288.0</ele></trkpt><trkpt lat="37.47247" lon="-118.92309"><ele>3287.0</ele></trkpt><trkpt lat="37.47262" lon="-118.92326000000003"><ele>3286.067471767657</ele></trkpt><trkpt lat="37.47263" lon="-118.92333000000002"><ele>3286.0</ele></trkpt><trkpt lat="37.47257" lon="-118.92343"><ele>3284.965080888476</ele></trkpt><trkpt lat="37.47258" lon="-118.92358999999999"><ele>3282.8659209855987</ele></trkpt><trkpt lat="37.47267" lon="-118.92362000000003"><ele>3281.109108365759</ele></trkpt><trkpt lat="37.47285" lon="-118.92359999999996"><ele>3278.442926738544</ele></trkpt><trkpt lat="37.47303" lon="-118.92365000000001"><ele>3277.7559426219073</ele></trkpt><trkpt lat="37.47316" lon="-118.9239"><ele>3276.0</ele></trkpt><trkpt lat="37.47316" lon="-118.92406"><ele>3274.129865780173</ele></trkpt><trkpt lat="37.47313" lon="-118.92417"><ele>3273.4909359936332</ele></trkpt><trkpt lat="37.47315" lon="-118.92421999999999"><ele>3273.0</ele></trkpt><trkpt lat="37.47333" lon="-118.92428999999998"><ele>3272.9125900500435</ele></trkpt><trkpt lat="37.47337" lon="-118.92434000000003"><ele>3272.0</ele></trkpt><trkpt lat="37.47336" lon="-118.92437999999999"><ele>3272.0</ele></trkpt><trkpt lat="37.47309" lon="-118.92464000000001"><ele>3265.0</ele></trkpt><trkpt lat="37.47286" lon="-118.92491000000001"><ele>3260.0</ele></trkpt><trkpt lat="37.47275" lon="-118.92498"><ele>3256.9215781462703</ele></trkpt><trkpt lat="37.47276" lon="-118.92502000000002"><ele>3256.0</ele></trkpt><trkpt lat="37.47279" lon="-118.92502999999999"><ele>3256.023400881725</ele></trkpt><trkpt lat="37.47278" lon="-118.92507999999998"><ele>3256.0</ele></trkpt><trkpt lat="37.47258" lon="-118.92512999999997"><ele>3251.72718199715</ele></trkpt><trkpt lat="37.47253" lon="-118.92498999999998"><ele>3249.7911472078413</ele></trkpt><trkpt lat="37.47229" lon="-118.92530999999997"><ele>3244.6982075553387</ele></trkpt><trkpt lat="37.47226" lon="-118.92539"><ele>3243.936593281105</ele></trkpt><trkpt lat="37.47214" lon="-118.92554000000001"><ele>3240.0</ele></trkpt><trkpt lat="37.4721" lon="-118.92563999999999"><ele>3238.541329089552</ele></trkpt><trkpt lat="37.47208" lon="-118.92588"><ele>3235.8650312489194</ele></trkpt><trkpt lat="37.47214" lon="-118.92611999999997"><ele>3233.0</ele></trkpt><trkpt lat="37.47235" lon="-118.92632000000003"><ele>3231.8408565789546</ele></trkpt><trkpt lat="37.47255" lon="-118.92660000000001"><ele>3226.258809712708</ele></trkpt><trkpt lat="37.47263" lon="-118.92667"><ele>3225.6434129777144</ele></trkpt><trkpt lat="37.47263" lon="-118.92671000000001"><ele>3225.0</ele></trkpt><trkpt lat="37.47239" lon="-118.92671999999999"><ele>3222.845279936806</ele></trkpt><trkpt lat="37.47229" lon="-118.92669999999998"><ele>3221.3993995472565</ele></trkpt><trkpt lat="37.47231" lon="-118.92682000000002"><ele>3219.1273825354874</ele></trkpt><trkpt lat="37.4724" lon="-118.92696999999998"><ele>3217.155753276433</ele></trkpt><trkpt lat="37.4724" lon="-118.92701"><ele>3217.0</ele></trkpt><trkpt lat="37.47215" lon="-118.92692"><ele>3215.477346986532</ele></trkpt><trkpt lat="37.47217" lon="-118.92701"><ele>3214.0</ele></trkpt><trkpt lat="37.47237" lon="-118.92719999999997"><ele>3210.107016479358</ele></trkpt><trkpt lat="37.47236" lon="-118.92725000000002"><ele>3209.9401777768508</ele></trkpt><trkpt lat="37.47227" lon="-118.92727000000002"><ele>3208.0042481172127</ele></trkpt><trkpt lat="37.47228" lon="-118.9273"><ele>3208.0</ele></trkpt><trkpt lat="37.47246" lon="-118.92737"><ele>3206.7917449153683</ele></trkpt><trkpt lat="37.4725" lon="-118.92758000000003"><ele>3203.574023720477</ele></trkpt><trkpt lat="37.47259" lon="-118.92779000000002"><ele>3202.0</ele></trkpt><trkpt lat="37.47267" lon="-118.92786000000001"><ele>3202.0120495706797</ele></trkpt><trkpt lat="37.47288" lon="-118.92817000000002"><ele>3204.0</ele></trkpt><trkpt lat="37.47302" lon="-118.92818999999997"><ele>3205.0</ele></trkpt><trkpt lat="37.47335" lon="-118.92838999999998"><ele>3208.0</ele></trkpt><trkpt lat="37.4735" lon="-118.92844000000002"><ele>3208.0</ele></trkpt><trkpt lat="37.47362" lon="-118.92860000000002"><ele>3207.0</ele></trkpt><trkpt lat="37.47368" lon="-118.92878000000002"><ele>3209.0</ele></trkpt><trkpt lat="37.47374" lon="-118.92881999999997"><ele>3209.0</ele></trkpt><trkpt lat="37.47389" lon="-118.92883999999998"><ele>3208.0</ele></trkpt><trkpt lat="37.47402" lon="-118.92889000000002"><ele>3209.0</ele></trkpt><trkpt lat="37.47419" lon="-118.92887000000002"><ele>3210.0</ele></trkpt><trkpt lat="37.47428" lon="-118.92889000000002"><ele>3211.0</ele></trkpt><trkpt lat="37.47436" lon="-118.92894000000001"><ele>3212.0</ele></trkpt><trkpt lat="37.4745" lon="-118.92896999999999"><ele>3212.5275962278247</ele></trkpt><trkpt lat="37.47455" lon="-118.92903000000001"><ele>3212.0</ele></trkpt><trkpt lat="37.47465" lon="-118.92908999999997"><ele>3212.0</ele></trkpt><trkpt lat="37.47469" lon="-118.92916000000002"><ele>3211.026767280481</ele></trkpt><trkpt lat="37.47472" lon="-118.92917"><ele>3210.608687950298</ele></trkpt><trkpt lat="37.47486" lon="-118.92910999999998"><ele>3209.0</ele></trkpt><trkpt lat="37.47486" lon="-118.92910999999998"><ele>3209.0</ele></trkpt><trkpt lat="37.47489" lon="-118.92917"><ele>3208.0</ele></trkpt><trkpt lat="37.47487" lon="-118.92930000000001"><ele>3206.8003195933998</ele></trkpt><trkpt lat="37.47492" lon="-118.92935"><ele>3206.0</ele></trkpt><trkpt lat="37.47502" lon="-118.92943000000002"><ele>3206.0</ele></trkpt><trkpt lat="37.47505922553257" lon="-118.92942128321499"><ele>3206.0</ele></trkpt><trkpt lat="37.47505922553257" lon="-118.92942128321499"><ele>3206.0</ele></trkpt><trkpt lat="37.4752" lon="-118.92939000000001"><ele>3206.0</ele></trkpt><trkpt lat="37.47538" lon="-118.92917999999997"><ele>3204.1519627225393</ele></trkpt><trkpt lat="37.47552" lon="-118.92894000000001"><ele>3201.819530667737</ele></trkpt><trkpt lat="37.47559" lon="-118.92887000000002"><ele>3201.0373888351023</ele></trkpt><trkpt lat="37.47569" lon="-118.92856999999998"><ele>3199.0</ele></trkpt><trkpt lat="37.47581" lon="-118.92842999999999"><ele>3199.0206813030727</ele></trkpt><trkpt lat="37.47584" lon="-118.92833999999999"><ele>3197.880430075367</ele></trkpt><trkpt lat="37.47583" lon="-118.92818"><ele>3195.744604723133</ele></trkpt><trkpt lat="37.47575" lon="-118.92803000000004"><ele>3193.0</ele></trkpt><trkpt lat="37.47579" lon="-118.92795999999998"><ele>3193.224726399407</ele></trkpt><trkpt lat="37.47568" lon="-118.92795000000001"><ele>3191.5219922005026</ele></trkpt><trkpt lat="37.47561" lon="-118.92790000000002"><ele>3190.0</ele></trkpt><trkpt lat="37.47565" lon="-118.92781000000002"><ele>3189.1577137792483</ele></trkpt><trkpt lat="37.47571" lon="-118.92777999999998"><ele>3187.759612443857</ele></trkpt><trkpt lat="37.47572" lon="-118.92775"><ele>3187.0</ele></trkpt><trkpt lat="37.47566" lon="-118.92770000000002"><ele>3186.012827990625</ele></trkpt><trkpt lat="37.47567" lon="-118.92767000000003"><ele>3185.0</ele></trkpt><trkpt lat="37.47606" lon="-118.92761000000002"><ele>3180.8370382227004</ele></trkpt><trkpt lat="37.47606" lon="-118.92758000000003"><ele>3179.483838306073</ele></trkpt><trkpt lat="37.47593" lon="-118.92746"><ele>3176.8465315555222</ele></trkpt><trkpt lat="37.47583" lon="-118.92741999999998"><ele>3175.4188383095798</ele></trkpt><trkpt lat="37.47581" lon="-118.92737999999997"><ele>3174.118261332158</ele></trkpt><trkpt lat="37.47583" lon="-118.92734999999999"><ele>3173.83946795662</ele></trkpt><trkpt lat="37.47596" lon="-118.9273"><ele>3171.0</ele></trkpt><trkpt lat="37.47588" lon="-118.92714999999998"><ele>3168.1958189015586</ele></trkpt><trkpt lat="37.4758" lon="-118.92709000000002"><ele>3168.113441821144</ele></trkpt><trkpt lat="37.47579" lon="-118.92698000000001"><ele>3167.0</ele></trkpt><trkpt lat="37.47567" lon="-118.92689999999999"><ele>3166.0</ele></trkpt><trkpt lat="37.4756" lon="-118.92678000000001"><ele>3165.0</ele></trkpt><trkpt lat="37.47558" lon="-118.92665999999997"><ele>3164.0</ele></trkpt><trkpt lat="37.47546" lon="-118.92647999999997"><ele>3161.175221331883</ele></trkpt><trkpt lat="37.47547" lon="-118.92647"><ele>3161.0</ele></trkpt><trkpt lat="37.47555" lon="-118.92651999999998"><ele>3160.873990440696</ele></trkpt><trkpt lat="37.47563" lon="-118.92651999999998"><ele>3160.0</ele></trkpt><trkpt lat="37.47563" lon="-118.92642000000001"><ele>3158.0</ele></trkpt><trkpt lat="37.4756" lon="-118.92633000000001"><ele>3157.0</ele></trkpt><trkpt lat="37.47562" lon="-118.92628000000002"><ele>3155.964831005879</ele></trkpt><trkpt lat="37.47574" lon="-118.92628000000002"><ele>3154.0</ele></trkpt><trkpt lat="37.47576" lon="-118.92623000000003"><ele>3153.0</ele></trkpt><trkpt lat="37.47576" lon="-118.92615999999998"><ele>3152.0</ele></trkpt><trkpt lat="37.47571" lon="-118.92604"><ele>3152.0</ele></trkpt><trkpt lat="37.47575" lon="-118.92597"><ele>3150.0506123422238</ele></trkpt><trkpt lat="37.47572" lon="-118.92595"><ele>3150.4211836142254</ele></trkpt><trkpt lat="37.47572" lon="-118.92592000000002"><ele>3150.0</ele></trkpt><trkpt lat="37.47584" lon="-118.92588"><ele>3149.0</ele></trkpt><trkpt lat="37.47596" lon="-118.92566999999997"><ele>3148.0</ele></trkpt><trkpt lat="37.47596" lon="-118.92561"><ele>3148.0</ele></trkpt><trkpt lat="37.47589" lon="-118.92548"><ele>3147.6133978859084</ele></trkpt><trkpt lat="37.47593" lon="-118.92536999999999"><ele>3147.0</ele></trkpt><trkpt lat="37.47614" lon="-118.92525999999998"><ele>3146.0</ele></trkpt><trkpt lat="37.47618" lon="-118.92494999999997"><ele>3142.0</ele></trkpt><trkpt lat="37.47624" lon="-118.92487"><ele>3141.0</ele></trkpt><trkpt lat="37.47643" lon="-118.92479000000003"><ele>3138.415512890555</ele></trkpt><trkpt lat="37.47658" lon="-118.92466000000002"><ele>3137.0</ele></trkpt><trkpt lat="37.47662" lon="-118.92457999999999"><ele>3136.0</ele></trkpt><trkpt lat="37.47688" lon="-118.92439999999999"><ele>3134.0</ele></trkpt><trkpt lat="37.47709" lon="-118.92434000000003"><ele>3133.0</ele></trkpt><trkpt lat="37.47726" lon="-118.92422999999997"><ele>3132.0</ele></trkpt><trkpt lat="37.47754" lon="-118.92417"><ele>3132.0</ele></trkpt><trkpt lat="37.47762" lon="-118.92417999999998"><ele>3132.0</ele></trkpt><trkpt lat="37.47773" lon="-118.92425000000003"><ele>3131.0</ele></trkpt><trkpt lat="37.47784" lon="-118.92426"><ele>3131.0</ele></trkpt><trkpt lat="37.47837" lon="-118.92462"><ele>3127.8685305308636</ele></trkpt><trkpt lat="37.47845" lon="-118.92471999999998"><ele>3126.0</ele></trkpt><trkpt lat="37.47844" lon="-118.9248"><ele>3125.0</ele></trkpt><trkpt lat="37.47823" lon="-118.92500000000001"><ele>3119.797777777072</ele></trkpt><trkpt lat="37.47821" lon="-118.92505"><ele>3117.8204446331592</ele></trkpt><trkpt lat="37.47825" lon="-118.92507999999998"><ele>3117.0</ele></trkpt><trkpt lat="37.47846" lon="-118.92498999999998"><ele>3113.9863278819953</ele></trkpt><trkpt lat="37.4786" lon="-118.92497000000003"><ele>3110.806909521226</ele></trkpt><trkpt lat="37.47868" lon="-118.92507"><ele>3109.5024257861874</ele></trkpt><trkpt lat="37.4787" lon="-118.92534"><ele>3106.1126746777445</ele></trkpt><trkpt lat="37.47878" lon="-118.92543"><ele>3106.9542556089546</ele></trkpt><trkpt lat="37.4789" lon="-118.92547000000002"><ele>3106.7519854633138</ele></trkpt><trkpt lat="37.47926" lon="-118.92644999999999"><ele>3096.2226775076338</ele></trkpt><trkpt lat="37.47929" lon="-118.92662000000001"><ele>3093.3003057772294</ele></trkpt><trkpt lat="37.47938" lon="-118.92673000000002"><ele>3092.1739342212677</ele></trkpt><trkpt lat="37.47958" lon="-118.92705999999998"><ele>3088.791440296918</ele></trkpt><trkpt lat="37.4796" lon="-118.92725000000002"><ele>3085.908178611674</ele></trkpt><trkpt lat="37.47966" lon="-118.92734000000002"><ele>3087.235413854476</ele></trkpt><trkpt lat="37.47968" lon="-118.92749000000003"><ele>3083.9178194474684</ele></trkpt><trkpt lat="37.47981" lon="-118.92782999999997"><ele>3081.0</ele></trkpt><trkpt lat="37.48009" lon="-118.92822999999999"><ele>3076.8113039077925</ele></trkpt><trkpt lat="37.48022" lon="-118.92851000000002"><ele>3073.0827740212662</ele></trkpt><trkpt lat="37.48022" lon="-118.92858000000001"><ele>3071.0</ele></trkpt><trkpt lat="37.48018" lon="-118.92865999999998"><ele>3069.250460748677</ele></trkpt><trkpt lat="37.48003" lon="-118.92860000000002"><ele>3066.0055927960207</ele></trkpt><trkpt lat="37.48022" lon="-118.92889000000002"><ele>3064.1921936951862</ele></trkpt><trkpt lat="37.48027" lon="-118.92908"><ele>3063.7635719629006</ele></trkpt><trkpt lat="37.48052" lon="-118.92946999999998"><ele>3063.4780019128925</ele></trkpt><trkpt lat="37.48054" lon="-118.92957000000001"><ele>3061.8506981915507</ele></trkpt><trkpt lat="37.48069" lon="-118.92986000000002"><ele>3060.2986511525587</ele></trkpt><trkpt lat="37.48084" lon="-118.93052999999998"><ele>3056.0</ele></trkpt><trkpt lat="37.48099" lon="-118.93083000000001"><ele>3056.059669458482</ele></trkpt><trkpt lat="37.48101" lon="-118.93101000000001"><ele>3052.9338511239134</ele></trkpt><trkpt lat="37.48106" lon="-118.93113"><ele>3052.70710044913</ele></trkpt><trkpt lat="37.48103" lon="-118.93115999999998"><ele>3051.6815187446746</ele></trkpt><trkpt lat="37.48088" lon="-118.93104"><ele>3049.406883863799</ele></trkpt><trkpt lat="37.48087" lon="-118.93110999999999"><ele>3047.571981035505</ele></trkpt><trkpt lat="37.48094" lon="-118.93135999999998"><ele>3046.0</ele></trkpt><trkpt lat="37.48099" lon="-118.93182999999999"><ele>3041.496707555838</ele></trkpt><trkpt lat="37.4811" lon="-118.93200999999999"><ele>3039.0060747882703</ele></trkpt><trkpt lat="37.4811" lon="-118.93207999999998"><ele>3037.991338086902</ele></trkpt><trkpt lat="37.48119" lon="-118.93218999999999"><ele>3036.0</ele></trkpt><trkpt lat="37.48117" lon="-118.93223999999998"><ele>3034.491377166113</ele></trkpt><trkpt lat="37.48052" lon="-118.93196"><ele>3027.996871369705</ele></trkpt><trkpt lat="37.48043" lon="-118.93180000000001"><ele>3026.0</ele></trkpt><trkpt lat="37.48021" lon="-118.93153999999998"><ele>3025.8007993390784</ele></trkpt><trkpt lat="37.48012" lon="-118.93155999999999"><ele>3023.0</ele></trkpt><trkpt lat="37.48018" lon="-118.93162999999998"><ele>3022.8173831114545</ele></trkpt><trkpt lat="37.48031" lon="-118.93192999999997"><ele>3019.661787249148</ele></trkpt><trkpt lat="37.48022" lon="-118.93222000000003"><ele>3013.3763793762773</ele></trkpt><trkpt lat="37.48018" lon="-118.93223"><ele>3011.0273112505674</ele></trkpt><trkpt lat="37.48021" lon="-118.93234999999999"><ele>3011.052063338924</ele></trkpt><trkpt lat="37.4802" lon="-118.93241999999998"><ele>3009.0</ele></trkpt><trkpt lat="37.48018" lon="-118.93246999999997"><ele>3008.0</ele></trkpt><trkpt lat="37.47993" lon="-118.93254999999999"><ele>3005.383435153966</ele></trkpt><trkpt lat="37.47987" lon="-118.93263000000002"><ele>3005.0</ele></trkpt><trkpt lat="37.47991" lon="-118.93272000000002"><ele>3005.0033715739096</ele></trkpt><trkpt lat="37.48003" lon="-118.93281000000002"><ele>3002.6451990722526</ele></trkpt><trkpt lat="37.48022" lon="-118.93282999999997"><ele>2998.95985152881</ele></trkpt><trkpt lat="37.48026" lon="-118.93285000000003"><ele>2997.9718977260814</ele></trkpt><trkpt lat="37.48028" lon="-118.93295"><ele>2996.0</ele></trkpt><trkpt lat="37.48021" lon="-118.93313"><ele>2994.0</ele></trkpt><trkpt lat="37.48021" lon="-118.9332"><ele>2993.0</ele></trkpt><trkpt lat="37.48033" lon="-118.93324000000001"><ele>2990.0</ele></trkpt><trkpt lat="37.48033" lon="-118.93327999999997"><ele>2989.7709309022694</ele></trkpt><trkpt lat="37.48026" lon="-118.93335000000002"><ele>2985.840660011627</ele></trkpt><trkpt lat="37.48036" lon="-118.9334"><ele>2984.3294044435024</ele></trkpt><trkpt lat="37.48053" lon="-118.93357000000003"><ele>2980.236653126744</ele></trkpt><trkpt lat="37.48083" lon="-118.93369000000001"><ele>2975.814424888231</ele></trkpt><trkpt lat="37.48093" lon="-118.93376999999998"><ele>2974.152452155121</ele></trkpt><trkpt lat="37.48136" lon="-118.93447000000003"><ele>2967.0</ele></trkpt><trkpt lat="37.48138" lon="-118.93471999999997"><ele>2965.0935087739927</ele></trkpt><trkpt lat="37.48126" lon="-118.93493999999998"><ele>2961.7592514080397</ele></trkpt><trkpt lat="37.48125" lon="-118.93509"><ele>2960.0</ele></trkpt><trkpt lat="37.48142" lon="-118.93576000000002"><ele>2957.0</ele></trkpt><trkpt lat="37.48138" lon="-118.93587000000002"><ele>2957.0</ele></trkpt><trkpt lat="37.48123" lon="-118.93594999999999"><ele>2956.0</ele></trkpt><trkpt lat="37.48123" lon="-118.93594999999999"><ele>2956.0</ele></trkpt><trkpt lat="37.4812" lon="-118.93597"><ele>2956.0</ele></trkpt><trkpt lat="37.4812" lon="-118.93597"><ele>2956.0</ele></trkpt><trkpt lat="37.48119" lon="-118.93608999999998"><ele>2955.0221738464606</ele></trkpt><trkpt lat="37.48129" lon="-118.93617999999998"><ele>2953.7855815924704</ele></trkpt><trkpt lat="37.4814" lon="-118.93633999999997"><ele>2951.6845262208953</ele></trkpt><trkpt lat="37.48157" lon="-118.93642999999997"><ele>2949.0</ele></trkpt><trkpt lat="37.48163" lon="-118.93642999999997"><ele>2949.0</ele></trkpt><trkpt lat="37.48168" lon="-118.93639000000002"><ele>2948.0</ele></trkpt><trkpt lat="37.48176" lon="-118.93617"><ele>2946.0</ele></trkpt><trkpt lat="37.4819" lon="-118.93606"><ele>2946.0</ele></trkpt><trkpt lat="37.48207" lon="-118.93597999999997"><ele>2944.0926897791214</ele></trkpt><trkpt lat="37.48237" lon="-118.93597"><ele>2945.0</ele></trkpt><trkpt lat="37.48254" lon="-118.93601999999998"><ele>2945.0</ele></trkpt><trkpt lat="37.48298" lon="-118.93626999999998"><ele>2943.0</ele></trkpt><trkpt lat="37.48332" lon="-118.9366"><ele>2939.085988746475</ele></trkpt><trkpt lat="37.48346" lon="-118.93678999999997"><ele>2936.225315074139</ele></trkpt><trkpt lat="37.48368" lon="-118.93686000000002"><ele>2934.0</ele></trkpt><trkpt lat="37.48377" lon="-118.93682999999999"><ele>2934.0</ele></trkpt><trkpt lat="37.48407" lon="-118.93655999999999"><ele>2934.0</ele></trkpt><trkpt lat="37.48451" lon="-118.93657000000002"><ele>2930.596696887631</ele></trkpt><trkpt lat="37.48492" lon="-118.93642999999997"><ele>2924.8788302214816</ele></trkpt><trkpt lat="37.48513" lon="-118.93641000000002"><ele>2920.3050354077805</ele></trkpt><trkpt lat="37.48526" lon="-118.93633"><ele>2917.7116042564976</ele></trkpt><trkpt lat="37.48533" lon="-118.93621000000002"><ele>2916.0</ele></trkpt><trkpt lat="37.48534" lon="-118.93587000000002"><ele>2911.9325181599706</ele></trkpt><trkpt lat="37.48564" lon="-118.93552999999997"><ele>2907.0</ele></trkpt><trkpt lat="37.48578" lon="-118.93545"><ele>2905.0</ele></trkpt><trkpt lat="37.48596" lon="-118.93542000000002"><ele>2901.098970074675</ele></trkpt><trkpt lat="37.48608" lon="-118.93531999999999"><ele>2900.0</ele></trkpt><trkpt lat="37.48625" lon="-118.93534"><ele>2897.0</ele></trkpt><trkpt lat="37.48634" lon="-118.93531000000002"><ele>2896.746875661287</ele></trkpt><trkpt lat="37.48643" lon="-118.93516"><ele>2895.0</ele></trkpt><trkpt lat="37.48678" lon="-118.93513000000002"><ele>2891.253601707022</ele></trkpt><trkpt lat="37.48697" lon="-118.93504999999999"><ele>2889.2003622744232</ele></trkpt><trkpt lat="37.48702" lon="-118.93497000000002"><ele>2888.0</ele></trkpt><trkpt lat="37.48709" lon="-118.93477999999999"><ele>2886.0</ele></trkpt><trkpt lat="37.48725" lon="-118.93457000000001"><ele>2886.0</ele></trkpt><trkpt lat="37.48739" lon="-118.93448000000001"><ele>2886.0</ele></trkpt><trkpt lat="37.48796" lon="-118.93444999999997"><ele>2879.395857779309</ele></trkpt><trkpt lat="37.48796" lon="-118.93450999999999"><ele>2878.5665106557317</ele></trkpt><trkpt lat="37.48786" lon="-118.93471999999997"><ele>2876.0</ele></trkpt><trkpt lat="37.48792" lon="-118.93495999999999"><ele>2874.0</ele></trkpt><trkpt lat="37.48791" lon="-118.93533000000002"><ele>2870.0</ele></trkpt><trkpt lat="37.48795" lon="-118.93547000000001"><ele>2867.5030129691586</ele></trkpt><trkpt lat="37.488" lon="-118.93547000000001"><ele>2865.6074165813916</ele></trkpt><trkpt lat="37.48823" lon="-118.93525999999997"><ele>2861.0</ele></trkpt><trkpt lat="37.4885" lon="-118.93511999999998"><ele>2856.3394442480057</ele></trkpt><trkpt lat="37.48868" lon="-118.93489"><ele>2851.8515849482887</ele></trkpt><trkpt lat="37.48872" lon="-118.93489999999997"><ele>2849.083146016196</ele></trkpt><trkpt lat="37.48872" lon="-118.93516"><ele>2846.4181151445955</ele></trkpt><trkpt lat="37.48874" lon="-118.93524000000002"><ele>2844.822636306286</ele></trkpt><trkpt lat="37.48879" lon="-118.93522000000002"><ele>2843.0</ele></trkpt><trkpt lat="37.489" lon="-118.93453999999997"><ele>2833.97273215279</ele></trkpt><trkpt lat="37.48906" lon="-118.93464"><ele>2830.9899294921197</ele></trkpt><trkpt lat="37.48903" lon="-118.93488000000002"><ele>2830.210723178461</ele></trkpt><trkpt lat="37.48905" lon="-118.93495999999999"><ele>2829.036050133407</ele></trkpt><trkpt lat="37.4891" lon="-118.93495999999999"><ele>2827.6650858917233</ele></trkpt><trkpt lat="37.48945" lon="-118.93367999999998"><ele>2814.0</ele></trkpt><trkpt lat="37.48965" lon="-118.93327999999997"><ele>2808.7334956194754</ele></trkpt><trkpt lat="37.48987" lon="-118.93308000000002"><ele>2804.0</ele></trkpt><trkpt lat="37.48993" lon="-118.93308999999999"><ele>2802.0</ele></trkpt><trkpt lat="37.4899" lon="-118.93324999999999"><ele>2800.035879640124</ele></trkpt><trkpt lat="37.48995" lon="-118.93327999999997"><ele>2798.9355272857215</ele></trkpt><trkpt lat="37.49013" lon="-118.93306999999999"><ele>2795.42740614397</ele></trkpt><trkpt lat="37.4903" lon="-118.93297000000001"><ele>2793.7591310223106</ele></trkpt><trkpt lat="37.49044" lon="-118.93300999999997"><ele>2792.0</ele></trkpt><trkpt lat="37.49059" lon="-118.93291999999997"><ele>2791.699025779497</ele></trkpt><trkpt lat="37.49072" lon="-118.93294000000003"><ele>2789.0</ele></trkpt><trkpt lat="37.49087" lon="-118.93286"><ele>2789.0</ele></trkpt><trkpt lat="37.49103" lon="-118.93284"><ele>2790.0</ele></trkpt><trkpt lat="37.49103" lon="-118.93284"><ele>2790.0</ele></trkpt><trkpt lat="37.49103" lon="-118.93284"><ele>2790.0</ele></trkpt><trkpt lat="37.49146" lon="-118.93294000000003"><ele>2790.0</ele></trkpt><trkpt lat="37.49149" lon="-118.93291999999997"><ele>2789.0</ele></trkpt><trkpt lat="37.49152" lon="-118.93267000000003"><ele>2792.33640412764</ele></trkpt><trkpt lat="37.49174" lon="-118.93221"><ele>2791.0</ele></trkpt><trkpt lat="37.49194" lon="-118.93212"><ele>2792.0</ele></trkpt><trkpt lat="37.49221" lon="-118.93225000000001"><ele>2795.433758404106</ele></trkpt><trkpt lat="37.49229" lon="-118.93236999999999"><ele>2795.0877290443213</ele></trkpt><trkpt lat="37.49229" lon="-118.93236999999999"><ele>2795.0877290443213</ele></trkpt><trkpt lat="37.4926" lon="-118.93290000000002"><ele>2799.2987582626656</ele></trkpt><trkpt lat="37.49274" lon="-118.93290000000002"><ele>2799.5191334186306</ele></trkpt><trkpt lat="37.49289" lon="-118.93286"><ele>2799.4952284437604</ele></trkpt><trkpt lat="37.49289" lon="-118.93286"><ele>2799.4952284437604</ele></trkpt><trkpt lat="37.49302" lon="-118.93293"><ele>2804.0</ele></trkpt><trkpt lat="37.49302" lon="-118.93293"><ele>2804.0</ele></trkpt><trkpt lat="37.49295" lon="-118.93315999999999"><ele>2806.5169890169054</ele></trkpt><trkpt lat="37.49285" lon="-118.93339000000003"><ele>2811.534433220099</ele></trkpt><trkpt lat="37.49277" lon="-118.93348000000003"><ele>2810.1331556042364</ele></trkpt><trkpt lat="37.49269" lon="-118.93369000000001"><ele>2812.5639605592282</ele></trkpt><trkpt lat="37.49266" lon="-118.93384000000003"><ele>2814.173668197356</ele></trkpt><trkpt lat="37.49268" lon="-118.93387999999999"><ele>2816.377919951575</ele></trkpt><trkpt lat="37.4928" lon="-118.93366000000003"><ele>2819.008177731652</ele></trkpt><trkpt lat="37.49353" lon="-118.93291999999997"><ele>2829.098637966439</ele></trkpt><trkpt lat="37.49392" lon="-118.93261000000001"><ele>2835.85483263693</ele></trkpt><trkpt lat="37.49426" lon="-118.93216999999999"><ele>2842.9769910797477</ele></trkpt><trkpt lat="37.49448" lon="-118.93182999999999"><ele>2845.0</ele></trkpt><trkpt lat="37.49466" lon="-118.93164999999999"><ele>2848.586841276381</ele></trkpt><trkpt lat="37.49472" lon="-118.93153000000001"><ele>2848.5187216573395</ele></trkpt><trkpt lat="37.49506" lon="-118.93106999999998"><ele>2853.052173751872</ele></trkpt><trkpt lat="37.49527" lon="-118.93094000000002"><ele>2856.007952288975</ele></trkpt><trkpt lat="37.49538" lon="-118.93079"><ele>2855.772224416205</ele></trkpt><trkpt lat="37.4956" lon="-118.93063999999998"><ele>2857.73156456789</ele></trkpt><trkpt lat="37.49575" lon="-118.93045000000001"><ele>2858.6877532876097</ele></trkpt><trkpt lat="37.49596" lon="-118.93006000000003"><ele>2859.0</ele></trkpt><trkpt lat="37.4962" lon="-118.92982"><ele>2861.0</ele></trkpt><trkpt lat="37.49658" lon="-118.92964999999998"><ele>2867.931011497755</ele></trkpt><trkpt lat="37.49691" lon="-118.92943000000002"><ele>2870.4159178099862</ele></trkpt><trkpt lat="37.49722" lon="-118.92908999999997"><ele>2875.0</ele></trkpt><trkpt lat="37.49761" lon="-118.92872"><ele>2881.0</ele></trkpt><trkpt lat="37.49798" lon="-118.92863"><ele>2887.0504982968364</ele></trkpt><trkpt lat="37.4982" lon="-118.92854999999997"><ele>2890.7900356400423</ele></trkpt><trkpt lat="37.49834" lon="-118.92842999999999"><ele>2892.03282484354</ele></trkpt><trkpt lat="37.49842" lon="-118.92822000000001"><ele>2891.597964878194</ele></trkpt><trkpt lat="37.49858" lon="-118.92806000000002"><ele>2890.9485865769293</ele></trkpt><trkpt lat="37.49864" lon="-118.92795999999998"><ele>2892.2559116575867</ele></trkpt><trkpt lat="37.49874" lon="-118.92766"><ele>2893.0</ele></trkpt><trkpt lat="37.49904" lon="-118.92752999999999"><ele>2893.0</ele></trkpt><trkpt lat="37.49912" lon="-118.92741000000001"><ele>2893.233281987754</ele></trkpt><trkpt lat="37.49917" lon="-118.92727000000002"><ele>2893.0</ele></trkpt><trkpt lat="37.49925" lon="-118.92716000000001"><ele>2893.0763312342747</ele></trkpt><trkpt lat="37.49965" lon="-118.92686000000003"><ele>2893.0</ele></trkpt><trkpt lat="37.49975" lon="-118.92669000000001"><ele>2892.979409468051</ele></trkpt><trkpt lat="37.49999" lon="-118.92646000000002"><ele>2896.0</ele></trkpt><trkpt lat="37.50026" lon="-118.92608000000001"><ele>2893.7285686732066</ele></trkpt><trkpt lat="37.50033" lon="-118.92602"><ele>2894.0</ele></trkpt><trkpt lat="37.50045" lon="-118.92599000000001"><ele>2895.0</ele></trkpt><trkpt lat="37.50056" lon="-118.92588"><ele>2894.2450366017806</ele></trkpt><trkpt lat="37.50058" lon="-118.92574000000002"><ele>2895.0</ele></trkpt><trkpt lat="37.50069" lon="-118.92566"><ele>2895.0</ele></trkpt><trkpt lat="37.50079" lon="-118.9255"><ele>2895.0</ele></trkpt><trkpt lat="37.50083" lon="-118.92539999999997"><ele>2895.0</ele></trkpt><trkpt lat="37.50082" lon="-118.92532"><ele>2895.0</ele></trkpt><trkpt lat="37.5013" lon="-118.92491000000001"><ele>2898.0</ele></trkpt><trkpt lat="37.50134" lon="-118.92479000000003"><ele>2898.0</ele></trkpt><trkpt lat="37.50147" lon="-118.92478"><ele>2900.4966641552746</ele></trkpt><trkpt lat="37.50158164156927" lon="-118.92469228162417"><ele>2904.0</ele></trkpt><trkpt lat="37.50158164156927" lon="-118.92469228162417"><ele>2904.0</ele></trkpt><trkpt lat="37.50175" lon="-118.92455999999999"><ele>2907.0</ele></trkpt><trkpt lat="37.50184" lon="-118.92453999999998"><ele>2908.8192151405638</ele></trkpt><trkpt lat="37.50214" lon="-118.92421999999999"><ele>2910.9784709779215</ele></trkpt><trkpt lat="37.50227" lon="-118.92358999999999"><ele>2912.0</ele></trkpt><trkpt lat="37.50248" lon="-118.92320999999998"><ele>2912.827928312123</ele></trkpt><trkpt lat="37.50255" lon="-118.92313999999999"><ele>2913.0</ele></trkpt><trkpt lat="37.50265" lon="-118.92293999999998"><ele>2915.0</ele></trkpt><trkpt lat="37.50276" lon="-118.92282999999998"><ele>2917.276341656223</ele></trkpt><trkpt lat="37.50278" lon="-118.92277999999999"><ele>2917.4512306842953</ele></trkpt><trkpt lat="37.5028" lon="-118.92279000000002"><ele>2918.0</ele></trkpt><trkpt lat="37.50284" lon="-118.92320999999998"><ele>2922.0</ele></trkpt><trkpt lat="37.50287" lon="-118.92320000000001"><ele>2922.8209901081614</ele></trkpt><trkpt lat="37.50307" lon="-118.92289"><ele>2928.3562520663254</ele></trkpt><trkpt lat="37.50323" lon="-118.92277999999999"><ele>2930.6582885256635</ele></trkpt><trkpt lat="37.50345" lon="-118.92254000000003"><ele>2934.3681078818627</ele></trkpt><trkpt lat="37.50335" lon="-118.92282999999998"><ele>2937.0085927257314</ele></trkpt><trkpt lat="37.50341" lon="-118.92279000000002"><ele>2939.556507238951</ele></trkpt><trkpt lat="37.50353" lon="-118.92259999999999"><ele>2941.863911977038</ele></trkpt><trkpt lat="37.50357" lon="-118.92257999999998"><ele>2943.281647025142</ele></trkpt><trkpt lat="37.50349" lon="-118.92282999999998"><ele>2946.1599950790405</ele></trkpt><trkpt lat="37.50349" lon="-118.923"><ele>2948.156187056812</ele></trkpt><trkpt lat="37.50352" lon="-118.92307"><ele>2949.2376914254005</ele></trkpt><trkpt lat="37.50354" lon="-118.92291999999998"><ele>2950.123230994516</ele></trkpt><trkpt lat="37.50367" lon="-118.92273"><ele>2954.7341110464185</ele></trkpt><trkpt lat="37.50388" lon="-118.92264"><ele>2960.43650133349</ele></trkpt><trkpt lat="37.50379" lon="-118.92273999999998"><ele>2960.9737187514684</ele></trkpt><trkpt lat="37.50373" lon="-118.92284999999998"><ele>2962.258822036907</ele></trkpt><trkpt lat="37.50375" lon="-118.923"><ele>2964.0</ele></trkpt><trkpt lat="37.50384" lon="-118.92320999999998"><ele>2966.720799539238</ele></trkpt><trkpt lat="37.50386" lon="-118.92322000000001"><ele>2967.8957055602223</ele></trkpt><trkpt lat="37.50386" lon="-118.923"><ele>2970.8957055602223</ele></trkpt><trkpt lat="37.50392" lon="-118.92284999999998"><ele>2972.42330020826</ele></trkpt><trkpt lat="37.50394" lon="-118.92284999999998"><ele>2973.002952850179</ele></trkpt><trkpt lat="37.50396" lon="-118.92313000000001"><ele>2975.7702403999865</ele></trkpt><trkpt lat="37.50402" lon="-118.92316"><ele>2979.1616387669355</ele></trkpt><trkpt lat="37.50401" lon="-118.92302999999998"><ele>2979.7075107675046</ele></trkpt><trkpt lat="37.50405" lon="-118.92293999999998"><ele>2982.0114235028373</ele></trkpt><trkpt lat="37.50405" lon="-118.92302000000001"><ele>2982.9890170592257</ele></trkpt><trkpt lat="37.50413" lon="-118.92322999999999"><ele>2985.0427241274156</ele></trkpt><trkpt lat="37.5042" lon="-118.92335000000003"><ele>2987.869156114757</ele></trkpt><trkpt lat="37.50425" lon="-118.92349000000002"><ele>2989.806435925886</ele></trkpt><trkpt lat="37.50426" lon="-118.92347999999998"><ele>2990.7877842523158</ele></trkpt><trkpt lat="37.50423" lon="-118.92316"><ele>2992.8334461219392</ele></trkpt><trkpt lat="37.50427" lon="-118.92302000000001"><ele>2993.9986483973826</ele></trkpt><trkpt lat="37.50431" lon="-118.92302000000001"><ele>2996.3071754945076</ele></trkpt><trkpt lat="37.5043" lon="-118.92311000000001"><ele>2997.7437177039683</ele></trkpt><trkpt lat="37.50444" lon="-118.92362000000003"><ele>3003.968117153272</ele></trkpt><trkpt lat="37.50441" lon="-118.92368999999997"><ele>3006.1517973323353</ele></trkpt><trkpt lat="37.50429" lon="-118.92380000000003"><ele>3008.1562611926347</ele></trkpt><trkpt lat="37.50429" lon="-118.9239"><ele>3010.104376881612</ele></trkpt><trkpt lat="37.50426" lon="-118.92395999999997"><ele>3009.393892126158</ele></trkpt><trkpt lat="37.50401" lon="-118.92415"><ele>3014.5893511115573</ele></trkpt><trkpt lat="37.50384" lon="-118.92442"><ele>3018.1241671713633</ele></trkpt><trkpt lat="37.50388" lon="-118.92444"><ele>3019.167575579964</ele></trkpt><trkpt lat="37.50405" lon="-118.92440999999997"><ele>3022.706229332369</ele></trkpt><trkpt lat="37.5042" lon="-118.92431999999997"><ele>3024.9361384141216</ele></trkpt><trkpt lat="37.50419" lon="-118.92446000000001"><ele>3028.2817003894597</ele></trkpt><trkpt lat="37.50398" lon="-118.92476999999997"><ele>3031.4285936416127</ele></trkpt><trkpt lat="37.50398" lon="-118.92482999999999"><ele>3031.960487475153</ele></trkpt><trkpt lat="37.504" lon="-118.92487"><ele>3034.017262102476</ele></trkpt><trkpt lat="37.50405" lon="-118.92484999999999"><ele>3036.012137331631</ele></trkpt><trkpt lat="37.50454" lon="-118.92462999999998"><ele>3043.993546268017</ele></trkpt><trkpt lat="37.50467" lon="-118.92453"><ele>3047.479664010927</ele></trkpt><trkpt lat="37.5049" lon="-118.92426"><ele>3053.7069751620293</ele></trkpt><trkpt lat="37.50518" lon="-118.92410999999998"><ele>3059.2863746497787</ele></trkpt><trkpt lat="37.50524" lon="-118.92376999999999"><ele>3061.964981287718</ele></trkpt><trkpt lat="37.50531" lon="-118.92365000000001"><ele>3064.0222164012403</ele></trkpt><trkpt lat="37.50543" lon="-118.92353000000003"><ele>3067.1268105246127</ele></trkpt><trkpt lat="37.50596" lon="-118.92257999999998"><ele>3082.525179207325</ele></trkpt><trkpt lat="37.50613" lon="-118.92223999999999"><ele>3088.249584428966</ele></trkpt><trkpt lat="37.50633" lon="-118.92163"><ele>3096.0</ele></trkpt><trkpt lat="37.50636" lon="-118.92187000000001"><ele>3100.7614371590316</ele></trkpt><trkpt lat="37.50636" lon="-118.92241000000001"><ele>3107.7614371590316</ele></trkpt><trkpt lat="37.50632" lon="-118.92261000000002"><ele>3110.3375297824764</ele></trkpt><trkpt lat="37.50626" lon="-118.92361"><ele>3125.310240576975</ele></trkpt><trkpt lat="37.50616" lon="-118.92419999999998"><ele>3132.0119976419955</ele></trkpt><trkpt lat="37.50617" lon="-118.92470000000003"><ele>3139.1326078438815</ele></trkpt><trkpt lat="37.50595" lon="-118.92541"><ele>3147.984727139119</ele></trkpt><trkpt lat="37.50597" lon="-118.92593"><ele>3151.8500592578202</ele></trkpt><trkpt lat="37.50603" lon="-118.92642999999998"><ele>3157.0</ele></trkpt><trkpt lat="37.506053226162656" lon="-118.9264841943795"><ele>3158.0</ele></trkpt><trkpt lat="37.506090000000015" lon="-118.92656999999997"><ele>3158.8997012488544</ele></trkpt><trkpt lat="37.50609" lon="-118.92656999999997"><ele>3158.8997012488544</ele></trkpt><trkpt lat="37.50607" lon="-118.92701999999997"><ele>3157.0</ele></trkpt><trkpt lat="37.50617" lon="-118.92723999999998"><ele>3159.0</ele></trkpt><trkpt lat="37.50616" lon="-118.92752000000002"><ele>3160.0</ele></trkpt><trkpt lat="37.50618" lon="-118.92761999999999"><ele>3162.0</ele></trkpt><trkpt lat="37.50648" lon="-118.92822999999999"><ele>3167.0</ele></trkpt><trkpt lat="37.50655" lon="-118.92831000000001"><ele>3167.4594026673585</ele></trkpt><trkpt lat="37.50707" lon="-118.92871000000002"><ele>3171.0</ele></trkpt><trkpt lat="37.50718" lon="-118.92885000000001"><ele>3172.584254492519</ele></trkpt><trkpt lat="37.50723" lon="-118.9289"><ele>3173.0</ele></trkpt><trkpt lat="37.50737" lon="-118.92892"><ele>3175.0</ele></trkpt><trkpt lat="37.50743" lon="-118.92905999999999"><ele>3177.0</ele></trkpt><trkpt lat="37.50758" lon="-118.92912999999999"><ele>3177.0</ele></trkpt><trkpt lat="37.50789" lon="-118.92934000000002"><ele>3178.0</ele></trkpt><trkpt lat="37.50812" lon="-118.92946"><ele>3178.0</ele></trkpt><trkpt lat="37.50832" lon="-118.92975000000001"><ele>3178.0</ele></trkpt><trkpt lat="37.50856" lon="-118.92982"><ele>3177.0</ele></trkpt><trkpt lat="37.50905" lon="-118.93007"><ele>3174.0</ele></trkpt><trkpt lat="37.50934" lon="-118.93033000000003"><ele>3171.831814855337</ele></trkpt><trkpt lat="37.50944" lon="-118.93043999999998"><ele>3172.787534255538</ele></trkpt><trkpt lat="37.50973" lon="-118.93061999999998"><ele>3171.9710451455653</ele></trkpt><trkpt lat="37.50973" lon="-118.93061999999998"><ele>3171.9710451455653</ele></trkpt><trkpt lat="37.51011" lon="-118.93078000000003"><ele>3171.9605412426054</ele></trkpt><trkpt lat="37.51025" lon="-118.93076000000002"><ele>3171.0</ele></trkpt><trkpt lat="37.51048" lon="-118.93099999999998"><ele>3170.0</ele></trkpt><trkpt lat="37.51064" lon="-118.93108000000001"><ele>3169.3562534332973</ele></trkpt><trkpt lat="37.51087" lon="-118.93106999999998"><ele>3168.0</ele></trkpt><trkpt lat="37.51108" lon="-118.93094000000002"><ele>3167.998492541605</ele></trkpt><trkpt lat="37.51129" lon="-118.93101000000001"><ele>3167.0</ele></trkpt><trkpt lat="37.51148" lon="-118.93097"><ele>3167.3210808040535</ele></trkpt><trkpt lat="37.51162" lon="-118.93101000000001"><ele>3169.0</ele></trkpt><trkpt lat="37.51191" lon="-118.93094000000002"><ele>3168.0</ele></trkpt><trkpt lat="37.51202" lon="-118.93103000000002"><ele>3168.0</ele></trkpt><trkpt lat="37.51206" lon="-118.93126999999998"><ele>3169.376795746178</ele></trkpt><trkpt lat="37.51213" lon="-118.93128999999999"><ele>3168.1680693984567</ele></trkpt><trkpt lat="37.51282" lon="-118.93108999999998"><ele>3165.9832071117125</ele></trkpt><trkpt lat="37.51313" lon="-118.93115"><ele>3164.5923100734344</ele></trkpt><trkpt lat="37.51322" lon="-118.93122"><ele>3164.727118494579</ele></trkpt><trkpt lat="37.5133" lon="-118.93135000000001"><ele>3164.421458457891</ele></trkpt><trkpt lat="37.51337" lon="-118.93138999999996"><ele>3165.5991814602166</ele></trkpt><trkpt lat="37.51347" lon="-118.93159000000003"><ele>3166.0</ele></trkpt><trkpt lat="37.51352" lon="-118.93162000000001"><ele>3165.166618131018</ele></trkpt><trkpt lat="37.51365" lon="-118.93156999999997"><ele>3162.6135857789777</ele></trkpt><trkpt lat="37.51357" lon="-118.93167"><ele>3163.030400209571</ele></trkpt><trkpt lat="37.51358" lon="-118.93173999999999"><ele>3163.0</ele></trkpt><trkpt lat="37.51362" lon="-118.93177000000003"><ele>3161.71259550564</ele></trkpt><trkpt lat="37.51368" lon="-118.93169999999998"><ele>3160.638518701656</ele></trkpt><trkpt lat="37.51371" lon="-118.93173999999999"><ele>3160.0</ele></trkpt><trkpt lat="37.51369" lon="-118.93180999999998"><ele>3160.0</ele></trkpt><trkpt lat="37.51373" lon="-118.93186000000003"><ele>3159.249761784449</ele></trkpt><trkpt lat="37.51383" lon="-118.93178999999998"><ele>3158.0</ele></trkpt><trkpt lat="37.5139" lon="-118.93182000000002"><ele>3158.0</ele></trkpt><trkpt lat="37.51392" lon="-118.93183999999997"><ele>3158.0</ele></trkpt><trkpt lat="37.51391" lon="-118.93198999999998"><ele>3159.0</ele></trkpt><trkpt lat="37.514" lon="-118.93205999999998"><ele>3158.0</ele></trkpt><trkpt lat="37.51418" lon="-118.93205999999998"><ele>3155.0</ele></trkpt><trkpt lat="37.51425" lon="-118.93210999999997"><ele>3155.0</ele></trkpt><trkpt lat="37.51443" lon="-118.93227999999999"><ele>3153.9418758768106</ele></trkpt><trkpt lat="37.51447" lon="-118.93241999999998"><ele>3154.0</ele></trkpt><trkpt lat="37.51464" lon="-118.93266"><ele>3153.6397793945507</ele></trkpt><trkpt lat="37.51469" lon="-118.93268999999998"><ele>3153.0</ele></trkpt><trkpt lat="37.51478" lon="-118.93270000000001"><ele>3152.0</ele></trkpt><trkpt lat="37.51484" lon="-118.93279999999999"><ele>3151.0</ele></trkpt><trkpt lat="37.51498" lon="-118.93293"><ele>3149.1882110119495</ele></trkpt><trkpt lat="37.51509" lon="-118.93293"><ele>3150.0</ele></trkpt><trkpt lat="37.51538" lon="-118.93275"><ele>3149.0</ele></trkpt><trkpt lat="37.51566" lon="-118.93264999999997"><ele>3149.0</ele></trkpt><trkpt lat="37.5158" lon="-118.93264999999997"><ele>3149.0</ele></trkpt><trkpt lat="37.51595" lon="-118.93279999999999"><ele>3148.0</ele></trkpt><trkpt lat="37.51609" lon="-118.93285000000003"><ele>3147.0</ele></trkpt><trkpt lat="37.51617" lon="-118.93279999999999"><ele>3147.0</ele></trkpt><trkpt lat="37.51626" lon="-118.93294000000003"><ele>3147.0</ele></trkpt><trkpt lat="37.51626" lon="-118.93304999999998"><ele>3147.0</ele></trkpt><trkpt lat="37.51613" lon="-118.93345999999997"><ele>3147.0</ele></trkpt><trkpt lat="37.51604" lon="-118.93363999999997"><ele>3147.0</ele></trkpt><trkpt lat="37.51602" lon="-118.93387999999999"><ele>3147.0</ele></trkpt><trkpt lat="37.51598" lon="-118.93396000000001"><ele>3147.0</ele></trkpt><trkpt lat="37.51594" lon="-118.93429000000003"><ele>3148.0</ele></trkpt><trkpt lat="37.51599" lon="-118.93453"><ele>3147.5342030655593</ele></trkpt><trkpt lat="37.5159" lon="-118.93475000000001"><ele>3147.1441057775655</ele></trkpt><trkpt lat="37.51574" lon="-118.93493999999998"><ele>3148.0</ele></trkpt><trkpt lat="37.51578" lon="-118.93510000000003"><ele>3148.0</ele></trkpt><trkpt lat="37.51583" lon="-118.93516999999997"><ele>3148.0</ele></trkpt><trkpt lat="37.51589" lon="-118.93534999999997"><ele>3149.0</ele></trkpt><trkpt lat="37.51589" lon="-118.93578000000002"><ele>3150.386428787133</ele></trkpt><trkpt lat="37.51593" lon="-118.93591000000004"><ele>3152.0</ele></trkpt><trkpt lat="37.51604" lon="-118.93610999999999"><ele>3153.9819138280673</ele></trkpt><trkpt lat="37.51622" lon="-118.93610999999999"><ele>3155.0462022765932</ele></trkpt><trkpt lat="37.51623" lon="-118.93617"><ele>3156.0</ele></trkpt><trkpt lat="37.51611" lon="-118.93659000000002"><ele>3160.5847914982587</ele></trkpt><trkpt lat="37.51609" lon="-118.93675999999999"><ele>3162.4096926376224</ele></trkpt><trkpt lat="37.5161" lon="-118.93689999999998"><ele>3163.9972420297563</ele></trkpt><trkpt lat="37.51614" lon="-118.93702000000002"><ele>3163.7554055726655</ele></trkpt><trkpt lat="37.51628" lon="-118.93721"><ele>3163.1315165446317</ele></trkpt><trkpt lat="37.51647" lon="-118.93738000000002"><ele>3165.0</ele></trkpt><trkpt lat="37.51674" lon="-118.93748"><ele>3167.925057098734</ele></trkpt><trkpt lat="37.51674" lon="-118.93757"><ele>3169.006680889055</ele></trkpt><trkpt lat="37.51658" lon="-118.93767000000003"><ele>3170.6670186677948</ele></trkpt><trkpt lat="37.51654" lon="-118.93772000000001"><ele>3171.0</ele></trkpt><trkpt lat="37.51658" lon="-118.93776000000003"><ele>3171.1720107602832</ele></trkpt><trkpt lat="37.51694" lon="-118.93790999999999"><ele>3175.9039367954088</ele></trkpt><trkpt lat="37.51715" lon="-118.93792000000002"><ele>3177.0</ele></trkpt><trkpt lat="37.51719" lon="-118.93799000000001"><ele>3177.0</ele></trkpt><trkpt lat="37.51719" lon="-118.93799000000001"><ele>3177.0</ele></trkpt><trkpt lat="37.51719" lon="-118.93802"><ele>3177.0</ele></trkpt><trkpt lat="37.51711" lon="-118.93808000000001"><ele>3178.9232665198247</ele></trkpt><trkpt lat="37.51695" lon="-118.93815000000001"><ele>3181.002226686108</ele></trkpt><trkpt lat="37.51678" lon="-118.93817000000001"><ele>3182.0</ele></trkpt><trkpt lat="37.51652" lon="-118.93837000000002"><ele>3186.289383112453</ele></trkpt><trkpt lat="37.51653" lon="-118.93842000000001"><ele>3187.6195520004258</ele></trkpt><trkpt lat="37.51684" lon="-118.93855000000002"><ele>3192.0</ele></trkpt><trkpt lat="37.51695" lon="-118.93856"><ele>3193.144024888985</ele></trkpt><trkpt lat="37.5171" lon="-118.93862999999999"><ele>3195.4062613332644</ele></trkpt><trkpt lat="37.5173" lon="-118.93878000000001"><ele>3198.696127605146</ele></trkpt><trkpt lat="37.51739" lon="-118.93887000000001"><ele>3200.0</ele></trkpt><trkpt lat="37.51746" lon="-118.93903"><ele>3202.004537816496</ele></trkpt><trkpt lat="37.51748" lon="-118.93914999999998"><ele>3203.6400177772157</ele></trkpt><trkpt lat="37.51759" lon="-118.93929000000003"><ele>3206.0</ele></trkpt><trkpt lat="37.51776" lon="-118.93941999999998"><ele>3208.0</ele></trkpt><trkpt lat="37.5178" lon="-118.93966"><ele>3208.0</ele></trkpt><trkpt lat="37.51787" lon="-118.93980999999997"><ele>3209.0</ele></trkpt><trkpt lat="37.51808" lon="-118.93998999999997"><ele>3207.2131448904984</ele></trkpt><trkpt lat="37.51817" lon="-118.94011999999998"><ele>3206.0961745326576</ele></trkpt><trkpt lat="37.51826" lon="-118.94019000000003"><ele>3205.892469332088</ele></trkpt><trkpt lat="37.51829" lon="-118.94019000000003"><ele>3205.220014028717</ele></trkpt><trkpt lat="37.51833" lon="-118.94016999999997"><ele>3204.8018142636865</ele></trkpt><trkpt lat="37.5184" lon="-118.94002"><ele>3203.7044474638637</ele></trkpt><trkpt lat="37.51852" lon="-118.94004000000001"><ele>3201.8829759997316</ele></trkpt><trkpt lat="37.51875" lon="-118.94019000000003"><ele>3199.9678059185117</ele></trkpt><trkpt lat="37.51879" lon="-118.94025999999997"><ele>3199.6302328901365</ele></trkpt><trkpt lat="37.51933" lon="-118.94083"><ele>3197.066307554953</ele></trkpt><trkpt lat="37.5194" lon="-118.94083"><ele>3196.066307554953</ele></trkpt><trkpt lat="37.51949" lon="-118.94072"><ele>3196.0</ele></trkpt><trkpt lat="37.51956" lon="-118.94074"><ele>3195.478034521711</ele></trkpt><trkpt lat="37.52015" lon="-118.94117"><ele>3192.9697954985263</ele></trkpt><trkpt lat="37.52018" lon="-118.94130999999999"><ele>3191.0</ele></trkpt><trkpt lat="37.52045" lon="-118.94186000000002"><ele>3188.61535803043</ele></trkpt><trkpt lat="37.52065" lon="-118.94209999999998"><ele>3191.2995431594104</ele></trkpt><trkpt lat="37.5209" lon="-118.94229999999999"><ele>3195.572579194809</ele></trkpt><trkpt lat="37.5212" lon="-118.94274999999999"><ele>3199.3866055865883</ele></trkpt><trkpt lat="37.52123" lon="-118.94285000000002"><ele>3200.0</ele></trkpt><trkpt lat="37.52122" lon="-118.94295999999997"><ele>3199.0</ele></trkpt><trkpt lat="37.52121" lon="-118.94298000000003"><ele>3198.869045331143</ele></trkpt><trkpt lat="37.52115" lon="-118.94298000000003"><ele>3197.869045331143</ele></trkpt><trkpt lat="37.5212" lon="-118.94310000000002"><ele>3196.0946962667194</ele></trkpt><trkpt lat="37.52129" lon="-118.94316000000003"><ele>3195.454494113919</ele></trkpt><trkpt lat="37.52136" lon="-118.94315"><ele>3195.0</ele></trkpt><trkpt lat="37.52147" lon="-118.94324"><ele>3194.274806051515</ele></trkpt><trkpt lat="37.52158" lon="-118.94344000000001"><ele>3190.4314915551804</ele></trkpt><trkpt lat="37.52155" lon="-118.94352000000003"><ele>3187.157082190782</ele></trkpt><trkpt lat="37.52178" lon="-118.94380000000001"><ele>3184.3922955016606</ele></trkpt><trkpt lat="37.52222" lon="-118.94407999999999"><ele>3184.0</ele></trkpt><trkpt lat="37.52224" lon="-118.94412"><ele>3184.0</ele></trkpt><trkpt lat="37.52232" lon="-118.94414"><ele>3185.0</ele></trkpt><trkpt lat="37.52236" lon="-118.94409000000002"><ele>3185.0</ele></trkpt><trkpt lat="37.52241" lon="-118.94393000000002"><ele>3183.0</ele></trkpt><trkpt lat="37.52245" lon="-118.94391000000002"><ele>3182.0</ele></trkpt><trkpt lat="37.52253" lon="-118.94394"><ele>3181.1921968236566</ele></trkpt><trkpt lat="37.52276" lon="-118.94412999999997"><ele>3179.0</ele></trkpt><trkpt lat="37.52294" lon="-118.94436000000002"><ele>3176.5004518062674</ele></trkpt><trkpt lat="37.52303" lon="-118.94481999999999"><ele>3171.0</ele></trkpt><trkpt lat="37.52311" lon="-118.94488000000001"><ele>3169.3226275546476</ele></trkpt><trkpt lat="37.52365" lon="-118.94506000000001"><ele>3163.974894718995</ele></trkpt><trkpt lat="37.52372" lon="-118.94506999999999"><ele>3163.1250606163253</ele></trkpt><trkpt lat="37.5239" lon="-118.94497000000001"><ele>3161.0</ele></trkpt><trkpt lat="37.52397" lon="-118.94495999999998"><ele>3160.828401452728</ele></trkpt><trkpt lat="37.52416" lon="-118.94506000000001"><ele>3158.385133861855</ele></trkpt><trkpt lat="37.52423" lon="-118.94508000000002"><ele>3157.0005837415765</ele></trkpt><trkpt lat="37.52434" lon="-118.94506000000001"><ele>3154.780182119066</ele></trkpt><trkpt lat="37.5242" lon="-118.94524000000001"><ele>3152.0</ele></trkpt><trkpt lat="37.52406" lon="-118.94527"><ele>3151.0</ele></trkpt><trkpt lat="37.52398" lon="-118.94540999999998"><ele>3148.0</ele></trkpt><trkpt lat="37.52388" lon="-118.94565999999998"><ele>3144.971992889885</ele></trkpt><trkpt lat="37.52399" lon="-118.94558"><ele>3142.8206818634953</ele></trkpt><trkpt lat="37.52409" lon="-118.94555000000003"><ele>3141.5722899075754</ele></trkpt><trkpt lat="37.52424" lon="-118.94558"><ele>3138.613769392442</ele></trkpt><trkpt lat="37.52458" lon="-118.94558"><ele>3132.512962990341</ele></trkpt><trkpt lat="37.52491" lon="-118.94544000000002"><ele>3126.565887141507</ele></trkpt><trkpt lat="37.52494" lon="-118.94540999999998"><ele>3126.840948377805</ele></trkpt><trkpt lat="37.52528" lon="-118.94535000000002"><ele>3120.7671519916894</ele></trkpt><trkpt lat="37.52543" lon="-118.94538"><ele>3119.0</ele></trkpt><trkpt lat="37.5256" lon="-118.94531999999998"><ele>3117.0</ele></trkpt><trkpt lat="37.52565" lon="-118.94531999999998"><ele>3117.142856357619</ele></trkpt><trkpt lat="37.52568" lon="-118.94549999999998"><ele>3116.0</ele></trkpt><trkpt lat="37.52575" lon="-118.94555000000003"><ele>3114.0</ele></trkpt><trkpt lat="37.52579" lon="-118.94551999999999"><ele>3114.0</ele></trkpt><trkpt lat="37.52642" lon="-118.94538999999997"><ele>3105.0</ele></trkpt><trkpt lat="37.52659" lon="-118.94542000000001"><ele>3102.1568035543896</ele></trkpt><trkpt lat="37.52663" lon="-118.94554"><ele>3101.0</ele></trkpt><trkpt lat="37.5266" lon="-118.94562000000002"><ele>3099.8414452575353</ele></trkpt><trkpt lat="37.52621" lon="-118.94599"><ele>3093.0</ele></trkpt><trkpt lat="37.5261" lon="-118.94621000000001"><ele>3090.340135111008</ele></trkpt><trkpt lat="37.52588" lon="-118.94646999999998"><ele>3086.2232568901964</ele></trkpt><trkpt lat="37.52593" lon="-118.94655"><ele>3084.0</ele></trkpt><trkpt lat="37.52646" lon="-118.94652000000002"><ele>3076.152377604507</ele></trkpt><trkpt lat="37.52686" lon="-118.94639000000001"><ele>3069.988074984267</ele></trkpt><trkpt lat="37.52698" lon="-118.94628999999998"><ele>3068.702370170504</ele></trkpt><trkpt lat="37.52715" lon="-118.94621999999998"><ele>3066.5866631818935</ele></trkpt><trkpt lat="37.52715" lon="-118.94621999999998"><ele>3066.5866631818935</ele></trkpt><trkpt lat="37.52734" lon="-118.94614999999999"><ele>3062.683792793192</ele></trkpt><trkpt lat="37.52751" lon="-118.94603000000001"><ele>3059.879995540159</ele></trkpt><trkpt lat="37.52753" lon="-118.94609000000003"><ele>3057.3565286257262</ele></trkpt><trkpt lat="37.52744" lon="-118.94619"><ele>3057.760606770029</ele></trkpt><trkpt lat="37.52732" lon="-118.94643000000002"><ele>3054.8101227548905</ele></trkpt><trkpt lat="37.52723" lon="-118.94670000000002"><ele>3052.0057852257023</ele></trkpt><trkpt lat="37.52715" lon="-118.94682"><ele>3050.0</ele></trkpt><trkpt lat="37.52715" lon="-118.94682"><ele>3050.0</ele></trkpt><trkpt lat="37.52702" lon="-118.94702000000001"><ele>3047.5913991108537</ele></trkpt><trkpt lat="37.52689" lon="-118.94732999999997"><ele>3043.992370194639</ele></trkpt><trkpt lat="37.52678" lon="-118.94750999999997"><ele>3042.3439063719516</ele></trkpt><trkpt lat="37.52672" lon="-118.9477"><ele>3040.9029954703037</ele></trkpt><trkpt lat="37.52636" lon="-118.94821999999999"><ele>3035.0</ele></trkpt><trkpt lat="37.52639" lon="-118.94831999999997"><ele>3034.0</ele></trkpt><trkpt lat="37.52671" lon="-118.94844"><ele>3030.747394927408</ele></trkpt><trkpt lat="37.52715" lon="-118.94848999999999"><ele>3027.0</ele></trkpt><trkpt lat="37.52715" lon="-118.94848999999999"><ele>3027.0</ele></trkpt><trkpt lat="37.5274" lon="-118.94846999999999"><ele>3024.0</ele></trkpt><trkpt lat="37.52749" lon="-118.94848000000002"><ele>3021.879919500826</ele></trkpt><trkpt lat="37.5275" lon="-118.94853"><ele>3021.0</ele></trkpt><trkpt lat="37.5275" lon="-118.94864999999999"><ele>3019.627893333789</ele></trkpt><trkpt lat="37.52737" lon="-118.94903"><ele>3013.7206868623903</ele></trkpt><trkpt lat="37.52727" lon="-118.94915000000003"><ele>3012.5546758924565</ele></trkpt><trkpt lat="37.52727" lon="-118.94915000000003"><ele>3012.5546758924565</ele></trkpt><trkpt lat="37.5273" lon="-118.94929000000002"><ele>3012.0</ele></trkpt><trkpt lat="37.5273" lon="-118.94929000000002"><ele>3012.0</ele></trkpt><trkpt lat="37.52733" lon="-118.94936000000001"><ele>3012.460504889488</ele></trkpt><trkpt lat="37.52749355687326" lon="-118.94944859330633"><ele>3013.0</ele></trkpt><trkpt lat="37.52749355687326" lon="-118.94944859330633"><ele>3013.0</ele></trkpt><trkpt lat="37.52757" lon="-118.94948999999997"><ele>3013.518943998497</ele></trkpt><trkpt lat="37.52772" lon="-118.94954000000001"><ele>3014.664722900263</ele></trkpt><trkpt lat="37.5278" lon="-118.94952999999998"><ele>3015.0</ele></trkpt><trkpt lat="37.52797" lon="-118.94939999999997"><ele>3014.3246399983764</ele></trkpt><trkpt lat="37.52861" lon="-118.94952"><ele>3018.0</ele></trkpt><trkpt lat="37.52884" lon="-118.94972000000001"><ele>3020.0</ele></trkpt><trkpt lat="37.52899" lon="-118.95017000000001"><ele>3026.0</ele></trkpt><trkpt lat="37.52897" lon="-118.95029999999997"><ele>3028.0</ele></trkpt><trkpt lat="37.52897" lon="-118.95029999999997"><ele>3028.0</ele></trkpt><trkpt lat="37.52897" lon="-118.95029999999997"><ele>3028.0</ele></trkpt><trkpt lat="37.52886" lon="-118.95031"><ele>3028.7937817068537</ele></trkpt><trkpt lat="37.52871" lon="-118.95020999999997"><ele>3031.002958267938</ele></trkpt><trkpt lat="37.5286" lon="-118.95005000000003"><ele>3032.0</ele></trkpt><trkpt lat="37.52857" lon="-118.95008999999999"><ele>3032.6197545625682</ele></trkpt><trkpt lat="37.52858" lon="-118.95015999999998"><ele>3033.679743560031</ele></trkpt><trkpt lat="37.52864" lon="-118.95044999999999"><ele>3036.258186666295</ele></trkpt><trkpt lat="37.52844" lon="-118.95031"><ele>3038.0</ele></trkpt><trkpt lat="37.52825" lon="-118.95024999999998"><ele>3040.0</ele></trkpt><trkpt lat="37.52805" lon="-118.95035999999999"><ele>3043.0638826661743</ele></trkpt><trkpt lat="37.52799" lon="-118.95047999999997"><ele>3045.0</ele></trkpt><trkpt lat="37.52801" lon="-118.95060999999998"><ele>3046.0</ele></trkpt><trkpt lat="37.52796" lon="-118.95074"><ele>3047.798968723039</ele></trkpt><trkpt lat="37.52813" lon="-118.95114000000001"><ele>3052.0</ele></trkpt><trkpt lat="37.52814" lon="-118.95140000000004"><ele>3055.7487497993125</ele></trkpt><trkpt lat="37.5281" lon="-118.95152999999999"><ele>3057.0</ele></trkpt><trkpt lat="37.52812" lon="-118.95184"><ele>3060.0</ele></trkpt><trkpt lat="37.52822" lon="-118.95209"><ele>3063.1649896185845</ele></trkpt><trkpt lat="37.52816" lon="-118.95222000000001"><ele>3063.7461653337814</ele></trkpt><trkpt lat="37.52813" lon="-118.95254"><ele>3067.0</ele></trkpt><trkpt lat="37.52815" lon="-118.95272"><ele>3069.0</ele></trkpt><trkpt lat="37.52801" lon="-118.95315"><ele>3071.0</ele></trkpt><trkpt lat="37.52795" lon="-118.95342"><ele>3074.0</ele></trkpt><trkpt lat="37.52797" lon="-118.95355"><ele>3073.473892174661</ele></trkpt><trkpt lat="37.52795" lon="-118.95371999999998"><ele>3075.0</ele></trkpt><trkpt lat="37.52783" lon="-118.95400999999998"><ele>3076.041037484527</ele></trkpt><trkpt lat="37.52782" lon="-118.95420999999999"><ele>3078.3209839012534</ele></trkpt><trkpt lat="37.5277" lon="-118.95474000000002"><ele>3084.6808214703865</ele></trkpt><trkpt lat="37.5277" lon="-118.95505000000003"><ele>3088.241286680568</ele></trkpt><trkpt lat="37.52755" lon="-118.95537000000002"><ele>3092.3397646406665</ele></trkpt><trkpt lat="37.52715" lon="-118.95589999999999"><ele>3100.5340337068774</ele></trkpt><trkpt lat="37.52715" lon="-118.95589999999999"><ele>3100.5340337068774</ele></trkpt><trkpt lat="37.52693" lon="-118.95619999999997"><ele>3106.587064128369</ele></trkpt><trkpt lat="37.52653" lon="-118.95654000000002"><ele>3110.8647426028274</ele></trkpt><trkpt lat="37.52639" lon="-118.95679000000001"><ele>3114.350896976888</ele></trkpt><trkpt lat="37.52622" lon="-118.95718999999997"><ele>3120.7723932590466</ele></trkpt><trkpt lat="37.52608" lon="-118.95740999999998"><ele>3120.410788588226</ele></trkpt><trkpt lat="37.52598" lon="-118.95771000000002"><ele>3123.534512279555</ele></trkpt><trkpt lat="37.52578" lon="-118.95874000000003"><ele>3134.781983297318</ele></trkpt><trkpt lat="37.52566" lon="-118.95916"><ele>3138.9040881455876</ele></trkpt><trkpt lat="37.52555" lon="-118.95942000000002"><ele>3139.8237131768838</ele></trkpt><trkpt lat="37.52543" lon="-118.95979999999997"><ele>3144.2149022826925</ele></trkpt><trkpt lat="37.52541" lon="-118.95996000000002"><ele>3147.0797754861414</ele></trkpt><trkpt lat="37.52541" lon="-118.95996000000002"><ele>3147.0797754861414</ele></trkpt><trkpt lat="37.52537" lon="-118.96021000000002"><ele>3149.0738715352</ele></trkpt><trkpt lat="37.52526" lon="-118.96046999999999"><ele>3151.675142802298</ele></trkpt><trkpt lat="37.5251" lon="-118.96078999999997"><ele>3153.112928976728</ele></trkpt><trkpt lat="37.52479" lon="-118.96127999999999"><ele>3156.580196826253</ele></trkpt><trkpt lat="37.52471" lon="-118.96150999999998"><ele>3159.906488440931</ele></trkpt><trkpt lat="37.52423" lon="-118.96247"><ele>3155.700951984152</ele></trkpt><trkpt lat="37.52418" lon="-118.96275000000003"><ele>3157.3659817040916</ele></trkpt><trkpt lat="37.5242" lon="-118.96320000000003"><ele>3164.0</ele></trkpt><trkpt lat="37.52431" lon="-118.96352000000002"><ele>3169.401862123981</ele></trkpt><trkpt lat="37.5246" lon="-118.96384999999998"><ele>3173.58567863958</ele></trkpt><trkpt lat="37.52501" lon="-118.96409"><ele>3178.0383840709305</ele></trkpt><trkpt lat="37.52532" lon="-118.96419000000003"><ele>3183.3090811499997</ele></trkpt><trkpt lat="37.52564" lon="-118.96437000000003"><ele>3184.022794665303</ele></trkpt><trkpt lat="37.5259" lon="-118.96456"><ele>3183.001649796497</ele></trkpt><trkpt lat="37.52602" lon="-118.96470999999997"><ele>3182.1776462234557</ele></trkpt><trkpt lat="37.52621" lon="-118.96483999999998"><ele>3184.0059555351945</ele></trkpt><trkpt lat="37.52635" lon="-118.96497999999997"><ele>3184.7069012386232</ele></trkpt><trkpt lat="37.52658" lon="-118.96526"><ele>3186.3380767251365</ele></trkpt><trkpt lat="37.52666" lon="-118.96548000000001"><ele>3184.1445728909493</ele></trkpt><trkpt lat="37.5269" lon="-118.96584000000001"><ele>3183.1123807695694</ele></trkpt><trkpt lat="37.52715" lon="-118.96613000000002"><ele>3183.288043670625</ele></trkpt><trkpt lat="37.52715" lon="-118.96613000000002"><ele>3183.288043670625</ele></trkpt><trkpt lat="37.52724" lon="-118.96618000000001"><ele>3184.3864258210315</ele></trkpt><trkpt lat="37.52732" lon="-118.96631000000002"><ele>3184.7197552061757</ele></trkpt><trkpt lat="37.52742" lon="-118.96658000000002"><ele>3184.0</ele></trkpt><trkpt lat="37.52754" lon="-118.96671000000003"><ele>3184.9768673860594</ele></trkpt><trkpt lat="37.52774" lon="-118.96680000000003"><ele>3185.9906447919047</ele></trkpt><trkpt lat="37.52785" lon="-118.96692999999999"><ele>3185.3031896103203</ele></trkpt><trkpt lat="37.52797" lon="-118.96699999999998"><ele>3185.4559111115523</ele></trkpt><trkpt lat="37.5282" lon="-118.96713999999997"><ele>3184.931438222993</ele></trkpt><trkpt lat="37.52851" lon="-118.96726999999998"><ele>3185.8992532866237</ele></trkpt><trkpt lat="37.52884" lon="-118.96757000000002"><ele>3182.534409866781</ele></trkpt><trkpt lat="37.52904" lon="-118.96767"><ele>3181.0</ele></trkpt><trkpt lat="37.52919" lon="-118.96778999999998"><ele>3178.639242667239</ele></trkpt><trkpt lat="37.52963" lon="-118.96820000000002"><ele>3175.5318577764556</ele></trkpt><trkpt lat="37.52983" lon="-118.96832"><ele>3174.939452444203</ele></trkpt><trkpt lat="37.53018" lon="-118.96863000000002"><ele>3173.667474661028</ele></trkpt><trkpt lat="37.53031" lon="-118.96866999999997"><ele>3174.0</ele></trkpt><trkpt lat="37.53067" lon="-118.96893"><ele>3174.5113919996656</ele></trkpt><trkpt lat="37.53079" lon="-118.96895"><ele>3175.5793244442903</ele></trkpt><trkpt lat="37.53089" lon="-118.96902999999998"><ele>3176.0587069623184</ele></trkpt><trkpt lat="37.53096" lon="-118.96913"><ele>3177.0</ele></trkpt><trkpt lat="37.5311" lon="-118.96946000000003"><ele>3174.888841866884</ele></trkpt><trkpt lat="37.53122" lon="-118.96958999999998"><ele>3174.3479608978228</ele></trkpt><trkpt lat="37.53157956440154" lon="-118.96982767816371"><ele>3174.6765574133024</ele></trkpt><trkpt lat="37.53168103311055" lon="-118.96989475043671"><ele>3174.305975189952</ele></trkpt><trkpt lat="37.53181" lon="-118.96998000000002"><ele>3173.5778453322127</ele></trkpt><trkpt lat="37.53284" lon="-118.97016000000002"><ele>3168.0</ele></trkpt><trkpt lat="37.53302" lon="-118.97023000000002"><ele>3167.9270008881576</ele></trkpt><trkpt lat="37.53371" lon="-118.97035"><ele>3166.3345955559053</ele></trkpt><trkpt lat="37.53401" lon="-118.97036000000003"><ele>3165.8685617758892</ele></trkpt><trkpt lat="37.53436" lon="-118.97033999999996"><ele>3164.80062933499</ele></trkpt><trkpt lat="37.53464" lon="-118.97039999999998"><ele>3162.004426667001</ele></trkpt><trkpt lat="37.5348" lon="-118.97041000000002"><ele>3160.6178711806106</ele></trkpt><trkpt lat="37.53491" lon="-118.97039999999998"><ele>3161.004426667001</ele></trkpt><trkpt lat="37.5352" lon="-118.97030000000001"><ele>3161.664764443878</ele></trkpt><trkpt lat="37.53531" lon="-118.97035"><ele>3159.3345955559053</ele></trkpt><trkpt lat="37.53547" lon="-118.97033999999996"><ele>3158.7551257100495</ele></trkpt><trkpt lat="37.5358" lon="-118.97012999999998"><ele>3152.0</ele></trkpt><trkpt lat="37.5361" lon="-118.97012000000001"><ele>3150.0</ele></trkpt><trkpt lat="37.53637" lon="-118.96999"><ele>3146.891875283631</ele></trkpt><trkpt lat="37.53636" lon="-118.9699"><ele>3147.0</ele></trkpt><trkpt lat="37.5364" lon="-118.96978000000001"><ele>3147.0</ele></trkpt><trkpt lat="37.53657" lon="-118.96960999999999"><ele>3146.0</ele></trkpt><trkpt lat="37.53663" lon="-118.96947999999998"><ele>3142.6462517727477</ele></trkpt><trkpt lat="37.53671" lon="-118.96920999999998"><ele>3138.8961087726057</ele></trkpt><trkpt lat="37.53675" lon="-118.96918"><ele>3137.0</ele></trkpt><trkpt lat="37.53677" lon="-118.96922"><ele>3135.997739253424</ele></trkpt><trkpt lat="37.53679" lon="-118.96935000000002"><ele>3133.950032061316</ele></trkpt><trkpt lat="37.53686" lon="-118.96940999999998"><ele>3132.0690215449354</ele></trkpt><trkpt lat="37.53698" lon="-118.96942000000001"><ele>3129.0090346071306</ele></trkpt><trkpt lat="37.53709" lon="-118.96942000000001"><ele>3126.324263111688</ele></trkpt><trkpt lat="37.53751" lon="-118.96928000000003"><ele>3116.975757419935</ele></trkpt><trkpt lat="37.53779" lon="-118.96929999999998"><ele>3110.0</ele></trkpt><trkpt lat="37.53785" lon="-118.96922999999998"><ele>3109.469621332828</ele></trkpt><trkpt lat="37.53796" lon="-118.96922"><ele>3107.0</ele></trkpt><trkpt lat="37.53806" lon="-118.96924999999999"><ele>3104.598311111331</ele></trkpt><trkpt lat="37.53802" lon="-118.96956999999998"><ele>3101.0</ele></trkpt><trkpt lat="37.53805" lon="-118.96962000000002"><ele>3100.4466571636863</ele></trkpt><trkpt lat="37.5381" lon="-118.96962000000002"><ele>3100.0</ele></trkpt><trkpt lat="37.53819" lon="-118.96949000000001"><ele>3095.9139020331204</ele></trkpt><trkpt lat="37.53823" lon="-118.96929"><ele>3093.0</ele></trkpt><trkpt lat="37.53829" lon="-118.96924000000001"><ele>3091.002359117592</ele></trkpt><trkpt lat="37.53832" lon="-118.96913999999998"><ele>3090.273490579799</ele></trkpt><trkpt lat="37.53832" lon="-118.96913999999998"><ele>3090.273490579799</ele></trkpt><trkpt lat="37.53834" lon="-118.96893"><ele>3088.53874562905</ele></trkpt><trkpt lat="37.53845" lon="-118.96875"><ele>3086.5697592273546</ele></trkpt><trkpt lat="37.53853" lon="-118.96847000000002"><ele>3086.931259326637</ele></trkpt><trkpt lat="37.53857" lon="-118.96841999999998"><ele>3086.0</ele></trkpt><trkpt lat="37.5387" lon="-118.96841"><ele>3086.7604640524373</ele></trkpt><trkpt lat="37.53891" lon="-118.96846"><ele>3088.7645934188395</ele></trkpt><trkpt lat="37.53914" lon="-118.96836000000002"><ele>3089.0</ele></trkpt><trkpt lat="37.53936" lon="-118.96820000000002"><ele>3091.0</ele></trkpt><trkpt lat="37.5395" lon="-118.96821"><ele>3092.0</ele></trkpt><trkpt lat="37.53961" lon="-118.96829000000002"><ele>3095.6624462231994</ele></trkpt><trkpt lat="37.53971" lon="-118.96823999999998"><ele>3095.1398795302025</ele></trkpt><trkpt lat="37.53986" lon="-118.96825000000001"><ele>3094.0</ele></trkpt><trkpt lat="37.54015" lon="-118.96818999999999"><ele>3095.0</ele></trkpt><trkpt lat="37.54075" lon="-118.96821"><ele>3098.0</ele></trkpt><trkpt lat="37.54104" lon="-118.96816999999999"><ele>3102.929959111847</ele></trkpt><trkpt lat="37.54126" lon="-118.96809999999999"><ele>3106.0</ele></trkpt><trkpt lat="37.54133" lon="-118.96805"><ele>3107.82573260807</ele></trkpt><trkpt lat="37.54133" lon="-118.96798999999999"><ele>3109.0</ele></trkpt><trkpt lat="37.54124" lon="-118.96785999999997"><ele>3111.3770062229596</ele></trkpt><trkpt lat="37.54126" lon="-118.96784000000002"><ele>3112.3090737764724</ele></trkpt><trkpt lat="37.54133" lon="-118.96785"><ele>3113.9427324671524</ele></trkpt><trkpt lat="37.54134" lon="-118.96780999999999"><ele>3114.930069033522</ele></trkpt><trkpt lat="37.54124" lon="-118.96771999999999"><ele>3115.5900946035804</ele></trkpt><trkpt lat="37.54111" lon="-118.96771000000001"><ele>3117.367512888275</ele></trkpt><trkpt lat="37.54112" lon="-118.96746000000002"><ele>3121.01835733233</ele></trkpt><trkpt lat="37.54106" lon="-118.96735000000001"><ele>3122.799843564485</ele></trkpt><trkpt lat="37.54116" lon="-118.96737999999999"><ele>3124.9096569470844</ele></trkpt><trkpt lat="37.54123" lon="-118.96742999999998"><ele>3126.1741263302974</ele></trkpt><trkpt lat="37.5414" lon="-118.96744000000001"><ele>3127.9875757331283</ele></trkpt><trkpt lat="37.54153" lon="-118.96748000000002"><ele>3131.390125386417</ele></trkpt><trkpt lat="37.5416" lon="-118.96755000000002"><ele>3131.8240533322096</ele></trkpt><trkpt lat="37.54167" lon="-118.96753999999999"><ele>3133.2900871112943</ele></trkpt><trkpt lat="37.54168" lon="-118.96749"><ele>3134.6202560001984</ele></trkpt><trkpt lat="37.54154" lon="-118.96728999999999"><ele>3136.0</ele></trkpt><trkpt lat="37.54157" lon="-118.96726999999998"><ele>3137.614124220796</ele></trkpt><trkpt lat="37.54163" lon="-118.96726999999998"><ele>3139.0</ele></trkpt><trkpt lat="37.54192" lon="-118.96746000000002"><ele>3143.005735316987</ele></trkpt><trkpt lat="37.542" lon="-118.96746000000002"><ele>3146.0002652964595</ele></trkpt><trkpt lat="37.54206" lon="-118.96751999999998"><ele>3147.0</ele></trkpt><trkpt lat="37.54212" lon="-118.96751999999998"><ele>3148.0149952652096</ele></trkpt><trkpt lat="37.54213" lon="-118.96737000000002"><ele>3152.0</ele></trkpt><trkpt lat="37.54218" lon="-118.96737000000002"><ele>3153.0</ele></trkpt><trkpt lat="37.54246" lon="-118.96762999999999"><ele>3156.0</ele></trkpt><trkpt lat="37.5425" lon="-118.96762000000001"><ele>3157.4022242613137</ele></trkpt><trkpt lat="37.5425" lon="-118.96757000000002"><ele>3157.4022242613137</ele></trkpt><trkpt lat="37.54254" lon="-118.96755000000002"><ele>3158.7532545719296</ele></trkpt><trkpt lat="37.54265" lon="-118.96762000000001"><ele>3160.0</ele></trkpt><trkpt lat="37.5427" lon="-118.96758"><ele>3161.0670399165856</ele></trkpt><trkpt lat="37.54269" lon="-118.96721000000002"><ele>3165.8576341937587</ele></trkpt><trkpt lat="37.54275" lon="-118.96712000000002"><ele>3169.013128615105</ele></trkpt><trkpt lat="37.5428" lon="-118.96712000000002"><ele>3171.0302074514116</ele></trkpt><trkpt lat="37.54285" lon="-118.96719999999999"><ele>3171.1316899838266</ele></trkpt><trkpt lat="37.54297" lon="-118.96730000000002"><ele>3173.012779537879</ele></trkpt><trkpt lat="37.54315" lon="-118.96758999999997"><ele>3176.0</ele></trkpt><trkpt lat="37.54322" lon="-118.96762000000001"><ele>3177.4050491059584</ele></trkpt><trkpt lat="37.54329" lon="-118.9676"><ele>3178.4227615945865</ele></trkpt><trkpt lat="37.54336" lon="-118.96762999999999"><ele>3179.0</ele></trkpt><trkpt lat="37.54347" lon="-118.96780999999999"><ele>3180.0</ele></trkpt><trkpt lat="37.54369" lon="-118.96805999999998"><ele>3181.0</ele></trkpt><trkpt lat="37.54376" lon="-118.96829000000002"><ele>3181.0</ele></trkpt><trkpt lat="37.54391" lon="-118.96839999999997"><ele>3182.788817776367</ele></trkpt><trkpt lat="37.54423" lon="-118.96852000000001"><ele>3182.0</ele></trkpt><trkpt lat="37.54435" lon="-118.96846"><ele>3183.585020444356</ele></trkpt><trkpt lat="37.54458" lon="-118.96847000000002"><ele>3183.0</ele></trkpt><trkpt lat="37.54458" lon="-118.96847000000002"><ele>3183.0</ele></trkpt><trkpt lat="37.54466" lon="-118.96841999999998"><ele>3184.8212734307954</ele></trkpt><trkpt lat="37.54469" lon="-118.96836000000002"><ele>3184.0</ele></trkpt><trkpt lat="37.54506" lon="-118.96818000000002"><ele>3182.0599822013573</ele></trkpt><trkpt lat="37.54545" lon="-118.96837"><ele>3181.3907164442353</ele></trkpt><trkpt lat="37.54552" lon="-118.96848"><ele>3182.0472823290634</ele></trkpt><trkpt lat="37.54557" lon="-118.96870999999999"><ele>3183.0</ele></trkpt><trkpt lat="37.54566" lon="-118.96868"><ele>3184.11519695439</ele></trkpt><trkpt lat="37.54572" lon="-118.96875999999997"><ele>3185.5660337768495</ele></trkpt><trkpt lat="37.54587" lon="-118.96879000000001"><ele>3186.9641351117752</ele></trkpt><trkpt lat="37.54623" lon="-118.96879999999999"><ele>3186.795559679674</ele></trkpt><trkpt lat="37.54646" lon="-118.96868"><ele>3188.8377635562792</ele></trkpt><trkpt lat="37.54662" lon="-118.96866999999997"><ele>3189.3717297771946</ele></trkpt><trkpt lat="37.54706" lon="-118.9685"><ele>3188.449155556038</ele></trkpt><trkpt lat="37.54772" lon="-118.96852000000001"><ele>3194.381223111879</ele></trkpt><trkpt lat="37.54801" lon="-118.96865000000003"><ele>3197.8793244473636</ele></trkpt><trkpt lat="37.54817" lon="-118.96866"><ele>3199.579051056411</ele></trkpt><trkpt lat="37.54858" lon="-118.96850999999998"><ele>3204.980774143638</ele></trkpt><trkpt lat="37.54882" lon="-118.96846"><ele>3209.515204018047</ele></trkpt><trkpt lat="37.54945" lon="-118.96803"><ele>3216.4582412331365</ele></trkpt><trkpt lat="37.54951" lon="-118.96803"><ele>3217.5455680000596</ele></trkpt><trkpt lat="37.54954" lon="-118.96805999999998"><ele>3219.8987730251397</ele></trkpt><trkpt lat="37.54978" lon="-118.96776"><ele>3220.962656000629</ele></trkpt><trkpt lat="37.55024" lon="-118.96751"><ele>3224.420972020333</ele></trkpt><trkpt lat="37.55053" lon="-118.96722"><ele>3228.1936849649064</ele></trkpt><trkpt lat="37.55091" lon="-118.96701000000002"><ele>3229.2834557552687</ele></trkpt><trkpt lat="37.55125" lon="-118.96710000000002"><ele>3229.631494127542</ele></trkpt><trkpt lat="37.55136" lon="-118.96717000000001"><ele>3232.933326222934</ele></trkpt><trkpt lat="37.55159" lon="-118.96719999999999"><ele>3236.86476444453</ele></trkpt><trkpt lat="37.55179" lon="-118.96726000000001"><ele>3239.817902716931</ele></trkpt><trkpt lat="37.55191" lon="-118.96735999999999"><ele>3245.32130488893</ele></trkpt><trkpt lat="37.55237" lon="-118.96737999999999"><ele>3249.6983839068153</ele></trkpt><trkpt lat="37.55238" lon="-118.96728999999999"><ele>3250.1450391039252</ele></trkpt><trkpt lat="37.55255" lon="-118.96699000000001"><ele>3253.0</ele></trkpt><trkpt lat="37.55262" lon="-118.96692999999999"><ele>3253.534962156322</ele></trkpt><trkpt lat="37.55285" lon="-118.96647999999999"><ele>3259.0837191222236</ele></trkpt><trkpt lat="37.553" lon="-118.96644000000003"><ele>3265.993165811808</ele></trkpt><trkpt lat="37.55307" lon="-118.96636000000001"><ele>3260.506759301763</ele></trkpt><trkpt lat="37.55315" lon="-118.96623999999997"><ele>3261.4598806011945</ele></trkpt><trkpt lat="37.5532" lon="-118.96605999999997"><ele>3262.828415493443</ele></trkpt><trkpt lat="37.55334" lon="-118.96596999999997"><ele>3264.8560179987508</ele></trkpt><trkpt lat="37.55354" lon="-118.96593999999999"><ele>3268.1445084442385</ele></trkpt><trkpt lat="37.55369279853443" lon="-118.96587208954026"><ele>3267.9796516341157</ele></trkpt><trkpt lat="37.55377251596043" lon="-118.96587641120817"><ele>3269.3644144566524</ele></trkpt><trkpt lat="37.55404" lon="-118.96596"><ele>3274.055654705258</ele></trkpt><trkpt lat="37.55416" lon="-118.96595000000002"><ele>3274.6105422228575</ele></trkpt><trkpt lat="37.55428" lon="-118.96589"><ele>3276.8143395562656</ele></trkpt><trkpt lat="37.5544" lon="-118.96587999999997"><ele>3278.3097778549127</ele></trkpt><trkpt lat="37.55449" lon="-118.96582999999998"><ele>3279.198186220601</ele></trkpt><trkpt lat="37.55453" lon="-118.96564000000001"><ele>3280.5314578507096</ele></trkpt><trkpt lat="37.55458" lon="-118.9656"><ele>3281.1409148219236</ele></trkpt><trkpt lat="37.55495" lon="-118.96546999999998"><ele>3280.0533214563256</ele></trkpt><trkpt lat="37.55505" lon="-118.96545000000003"><ele>3279.2780039940412</ele></trkpt><trkpt lat="37.5551" lon="-118.96548999999999"><ele>3279.1729884445667</ele></trkpt><trkpt lat="37.55513" lon="-118.96546999999998"><ele>3279.8027371019125</ele></trkpt><trkpt lat="37.55517" lon="-118.96542"><ele>3279.064917817712</ele></trkpt><trkpt lat="37.55528" lon="-118.96501999999998"><ele>3278.722811638854</ele></trkpt><trkpt lat="37.55531" lon="-118.96497999999997"><ele>3278.4052657764405</ele></trkpt><trkpt lat="37.55543" lon="-118.96494000000001"><ele>3279.2372767203533</ele></trkpt><trkpt lat="37.55564" lon="-118.96474999999998"><ele>3279.783547753468</ele></trkpt><trkpt lat="37.5558" lon="-118.96452"><ele>3280.15704655461</ele></trkpt><trkpt lat="37.55595" lon="-118.96438"><ele>3278.4472912280917</ele></trkpt><trkpt lat="37.5562" lon="-118.96406000000002"><ele>3276.8608751083484</ele></trkpt><trkpt lat="37.55634" lon="-118.96384999999998"><ele>3276.9830712446023</ele></trkpt><trkpt lat="37.55653" lon="-118.96365000000003"><ele>3278.0</ele></trkpt><trkpt lat="37.55653" lon="-118.96365000000003"><ele>3278.0</ele></trkpt><trkpt lat="37.55653" lon="-118.96365000000003"><ele>3278.0</ele></trkpt><trkpt lat="37.55667" lon="-118.96343000000002"><ele>3275.4469527434953</ele></trkpt><trkpt lat="37.55743" lon="-118.96290999999997"><ele>3277.0111776689337</ele></trkpt><trkpt lat="37.5575524307324" lon="-118.96280045671313"><ele>3278.0</ele></trkpt><trkpt lat="37.55754947943397" lon="-118.9628030973991"><ele>3278.0</ele></trkpt><trkpt lat="37.55762" lon="-118.96274"><ele>3278.0</ele></trkpt><trkpt lat="37.55786" lon="-118.96238"><ele>3276.068732410883</ele></trkpt><trkpt lat="37.558" lon="-118.96224999999998"><ele>3275.6062430549673</ele></trkpt><trkpt lat="37.55809" lon="-118.96221000000003"><ele>3275.3139093345962</ele></trkpt><trkpt lat="37.55821" lon="-118.96221000000003"><ele>3274.0</ele></trkpt><trkpt lat="37.55821" lon="-118.96221000000003"><ele>3274.0</ele></trkpt><trkpt lat="37.55821" lon="-118.96221000000003"><ele>3274.0</ele></trkpt><trkpt lat="37.55831" lon="-118.96228000000002"><ele>3275.0</ele></trkpt><trkpt lat="37.55843" lon="-118.96231999999998"><ele>3276.0</ele></trkpt><trkpt lat="37.55852" lon="-118.96244000000002"><ele>3276.9121677519347</ele></trkpt><trkpt lat="37.55874" lon="-118.96263999999996"><ele>3278.0</ele></trkpt><trkpt lat="37.55874" lon="-118.96263999999996"><ele>3278.0</ele></trkpt><trkpt lat="37.55891" lon="-118.96299999999997"><ele>3275.853488322661</ele></trkpt><trkpt lat="37.55915" lon="-118.96303"><ele>3273.5387982831844</ele></trkpt><trkpt lat="37.55918" lon="-118.9631"><ele>3272.0</ele></trkpt><trkpt lat="37.55906" lon="-118.96321"><ele>3269.082712888252</ele></trkpt><trkpt lat="37.55903" lon="-118.96328"><ele>3267.986899306956</ele></trkpt><trkpt lat="37.55903" lon="-118.96339"><ele>3267.0</ele></trkpt><trkpt lat="37.5590568272651" lon="-118.9635420211689"><ele>3266.0</ele></trkpt><trkpt lat="37.5590765588404" lon="-118.96355770217423"><ele>3265.9016661406854</ele></trkpt><trkpt lat="37.559084227055955" lon="-118.96354332427006"><ele>3265.7390816509724</ele></trkpt><trkpt lat="37.559084227055955" lon="-118.96354332427006"><ele>3265.7390816509724</ele></trkpt><trkpt lat="37.55915" lon="-118.96341999999999"><ele>3264.0</ele></trkpt><trkpt lat="37.55922" lon="-118.96339999999998"><ele>3263.8125316531473</ele></trkpt><trkpt lat="37.55927" lon="-118.96347000000003"><ele>3262.99377150769</ele></trkpt><trkpt lat="37.55927" lon="-118.96359000000001"><ele>3261.0</ele></trkpt><trkpt lat="37.55934" lon="-118.96361000000002"><ele>3260.0</ele></trkpt><trkpt lat="37.55943" lon="-118.96370000000002"><ele>3258.1454057212086</ele></trkpt><trkpt lat="37.55949" lon="-118.96370000000002"><ele>3259.028633144171</ele></trkpt><trkpt lat="37.55951" lon="-118.96374000000003"><ele>3258.382922665216</ele></trkpt><trkpt lat="37.5595" lon="-118.96377999999999"><ele>3257.0</ele></trkpt><trkpt lat="37.55945" lon="-118.96379999999999"><ele>3256.448448582641</ele></trkpt><trkpt lat="37.55943" lon="-118.96388999999999"><ele>3255.0</ele></trkpt><trkpt lat="37.55953" lon="-118.96386000000001"><ele>3253.790517332498</ele></trkpt><trkpt lat="37.5595" lon="-118.96398999999997"><ele>3252.0</ele></trkpt><trkpt lat="37.55969" lon="-118.96424000000002"><ele>3248.0</ele></trkpt><trkpt lat="37.55973" lon="-118.96425999999997"><ele>3247.850833776407</ele></trkpt><trkpt lat="37.55982" lon="-118.96422999999999"><ele>3246.0</ele></trkpt><trkpt lat="37.55985" lon="-118.96418"><ele>3245.088241011924</ele></trkpt><trkpt lat="37.55982" lon="-118.96407999999997"><ele>3244.2235525759756</ele></trkpt><trkpt lat="37.55998" lon="-118.96418"><ele>3242.0</ele></trkpt><trkpt lat="37.56002" lon="-118.96413999999999"><ele>3242.0</ele></trkpt><trkpt lat="37.55992" lon="-118.96404999999999"><ele>3241.0387760201947</ele></trkpt><trkpt lat="37.55991" lon="-118.96398999999997"><ele>3240.4089158592997</ele></trkpt><trkpt lat="37.56012" lon="-118.96373"><ele>3236.8489564443007</ele></trkpt><trkpt lat="37.56044" lon="-118.96365000000003"><ele>3233.59162744785</ele></trkpt><trkpt lat="37.56056" lon="-118.96370999999999"><ele>3231.01619062315</ele></trkpt><trkpt lat="37.56057" lon="-118.96377999999999"><ele>3229.0</ele></trkpt><trkpt lat="37.56054" lon="-118.96383000000003"><ele>3229.1550695709884</ele></trkpt><trkpt lat="37.56072" lon="-118.96388000000002"><ele>3226.0</ele></trkpt><trkpt lat="37.56074" lon="-118.96393"><ele>3225.2097590627313</ele></trkpt><trkpt lat="37.56071" lon="-118.96402"><ele>3223.441048903773</ele></trkpt><trkpt lat="37.56061" lon="-118.96411"><ele>3222.173887850167</ele></trkpt><trkpt lat="37.56055" lon="-118.9642"><ele>3222.0</ele></trkpt><trkpt lat="37.56056" lon="-118.96422999999999"><ele>3221.535922702815</ele></trkpt><trkpt lat="37.56059" lon="-118.96422999999999"><ele>3220.6448631198823</ele></trkpt><trkpt lat="37.56069" lon="-118.96411999999998"><ele>3220.0</ele></trkpt><trkpt lat="37.56072" lon="-118.96415999999999"><ele>3219.3457698163015</ele></trkpt><trkpt lat="37.56072" lon="-118.9642"><ele>3218.9766649832018</ele></trkpt><trkpt lat="37.56061" lon="-118.96438"><ele>3215.0221422206555</ele></trkpt><trkpt lat="37.56052" lon="-118.96436"><ele>3215.327090354542</ele></trkpt><trkpt lat="37.56051" lon="-118.96438999999998"><ele>3214.0907271117903</ele></trkpt><trkpt lat="37.56058" lon="-118.96452999999997"><ele>3211.914755996893</ele></trkpt><trkpt lat="37.56069" lon="-118.96465999999998"><ele>3209.0</ele></trkpt><trkpt lat="37.56091" lon="-118.96458999999999"><ele>3205.8626578965564</ele></trkpt><trkpt lat="37.56103" lon="-118.96437000000003"><ele>3204.022794665303</ele></trkpt><trkpt lat="37.5611" lon="-118.96436"><ele>3204.0</ele></trkpt><trkpt lat="37.56113" lon="-118.96440000000001"><ele>3202.2493866654113</ele></trkpt><trkpt lat="37.56135" lon="-118.96437000000003"><ele>3202.022794665303</ele></trkpt><trkpt lat="37.56135" lon="-118.96438999999998"><ele>3201.0907271117903</ele></trkpt><trkpt lat="37.5613" lon="-118.96443999999997"><ele>3199.521116447635</ele></trkpt><trkpt lat="37.56141" lon="-118.96445"><ele>3197.3020212054253</ele></trkpt><trkpt lat="37.56157" lon="-118.96422000000001"><ele>3196.0</ele></trkpt><trkpt lat="37.56156" lon="-118.96398999999997"><ele>3195.4568111384287</ele></trkpt><trkpt lat="37.56159" lon="-118.96388000000002"><ele>3194.4251657500863</ele></trkpt><trkpt lat="37.56197" lon="-118.96357999999998"><ele>3190.0710229509145</ele></trkpt><trkpt lat="37.562" lon="-118.96359999999999"><ele>3187.519425175941</ele></trkpt><trkpt lat="37.562" lon="-118.96359999999999"><ele>3187.519425175941</ele></trkpt><trkpt lat="37.56192" lon="-118.96370999999999"><ele>3186.799892882089</ele></trkpt><trkpt lat="37.56186" lon="-118.96384999999998"><ele>3187.0</ele></trkpt><trkpt lat="37.562" lon="-118.96370999999999"><ele>3183.1018958915956</ele></trkpt><trkpt lat="37.562" lon="-118.96370999999999"><ele>3183.1018958915956</ele></trkpt><trkpt lat="37.56221" lon="-118.96361000000002"><ele>3180.0</ele></trkpt><trkpt lat="37.56224" lon="-118.96362999999997"><ele>3178.318430574849</ele></trkpt><trkpt lat="37.56213" lon="-118.96371999999997"><ele>3178.779440081621</ele></trkpt><trkpt lat="37.56214" lon="-118.96389999999997"><ele>3178.0</ele></trkpt><trkpt lat="37.56217" lon="-118.96391"><ele>3176.6364743502477</ele></trkpt><trkpt lat="37.56222" lon="-118.96383000000003"><ele>3176.313847061165</ele></trkpt><trkpt lat="37.56228" lon="-118.96388999999999"><ele>3176.0</ele></trkpt><trkpt lat="37.56231177374381" lon="-118.96380103351737"><ele>3174.995317379683</ele></trkpt><trkpt lat="37.56231" lon="-118.96379999999999"><ele>3175.0</ele></trkpt><trkpt lat="37.56231" lon="-118.96364"><ele>3174.9608746497893</ele></trkpt><trkpt lat="37.56235" lon="-118.96357999999998"><ele>3172.74393071793</ele></trkpt><trkpt lat="37.56246" lon="-118.96377999999999"><ele>3167.758084542118</ele></trkpt><trkpt lat="37.56254" lon="-118.96379999999999"><ele>3164.237037050691</ele></trkpt><trkpt lat="37.56262" lon="-118.96389999999997"><ele>3162.0</ele></trkpt><trkpt lat="37.562616738562994" lon="-118.96390064706696"><ele>3162.0619694665074</ele></trkpt><trkpt lat="37.56261" lon="-118.96384"><ele>3162.127095073434</ele></trkpt><trkpt lat="37.56262" lon="-118.96377000000001"><ele>3160.9980301783967</ele></trkpt><trkpt lat="37.56271" lon="-118.96366"><ele>3159.514598065365</ele></trkpt><trkpt lat="37.56303" lon="-118.96373"><ele>3153.0</ele></trkpt><trkpt lat="37.56327" lon="-118.96395999999999"><ele>3148.4298239592317</ele></trkpt><trkpt lat="37.5635" lon="-118.96410000000003"><ele>3145.6057066647336</ele></trkpt><trkpt lat="37.5635" lon="-118.96418"><ele>3144.983662214962</ele></trkpt><trkpt lat="37.56347" lon="-118.96418"><ele>3144.0903151102175</ele></trkpt><trkpt lat="37.56335" lon="-118.96411"><ele>3142.180850249466</ele></trkpt><trkpt lat="37.56325" lon="-118.96410000000003"><ele>3140.7743542818353</ele></trkpt><trkpt lat="37.56318" lon="-118.96402999999998"><ele>3140.9211450465955</ele></trkpt><trkpt lat="37.56306" lon="-118.96402"><ele>3138.333976888098</ele></trkpt><trkpt lat="37.56304" lon="-118.96406000000002"><ele>3136.9396835537627</ele></trkpt><trkpt lat="37.56296" lon="-118.96406999999999"><ele>3137.0</ele></trkpt><trkpt lat="37.56308" lon="-118.96413999999999"><ele>3133.7415715558454</ele></trkpt><trkpt lat="37.56332" lon="-118.96438999999998"><ele>3129.374824280385</ele></trkpt><trkpt lat="37.56343" lon="-118.96456999999998"><ele>3127.7021191120148</ele></trkpt><trkpt lat="37.56325" lon="-118.96445"><ele>3125.049670845704</ele></trkpt><trkpt lat="37.56323" lon="-118.96445"><ele>3125.0</ele></trkpt><trkpt lat="37.56324" lon="-118.96449000000001"><ele>3124.011115902569</ele></trkpt><trkpt lat="37.56354" lon="-118.96485000000001"><ele>3118.6531733325683</ele></trkpt><trkpt lat="37.56375" lon="-118.96505000000002"><ele>3114.3324977769516</ele></trkpt><trkpt lat="37.56395" lon="-118.96515"><ele>3114.0</ele></trkpt><trkpt lat="37.56401" lon="-118.96526"><ele>3114.0</ele></trkpt><trkpt lat="37.5641" lon="-118.96526"><ele>3114.0</ele></trkpt><trkpt lat="37.56426" lon="-118.96542999999997"><ele>3117.5490800533444</ele></trkpt><trkpt lat="37.56435" lon="-118.96562"><ele>3119.8773702566345</ele></trkpt><trkpt lat="37.56448" lon="-118.96578999999997"><ele>3119.0</ele></trkpt><trkpt lat="37.56448" lon="-118.96596908569336"><ele>3116.5</ele></trkpt><trkpt lat="37.56448919407227" lon="-118.96602671647145"><ele>3115.814211077057</ele></trkpt><trkpt lat="37.5647" lon="-118.96641"><ele>3108.9798941861036</ele></trkpt><trkpt lat="37.56473" lon="-118.96668999999997"><ele>3106.0</ele></trkpt><trkpt lat="37.56486" lon="-118.96683000000002"><ele>3103.0</ele></trkpt><trkpt lat="37.56496" lon="-118.96713999999997"><ele>3102.6560189681336</ele></trkpt><trkpt lat="37.56514" lon="-118.9674"><ele>3102.0</ele></trkpt><trkpt lat="37.56526" lon="-118.96767"><ele>3102.0</ele></trkpt><trkpt lat="37.56538" lon="-118.96773999999999"><ele>3101.0</ele></trkpt><trkpt lat="37.56543" lon="-118.96789000000001"><ele>3101.0210951115005</ele></trkpt><trkpt lat="37.56559" lon="-118.96791000000002"><ele>3101.0</ele></trkpt><trkpt lat="37.56572" lon="-118.96800000000002"><ele>3101.147466667928</ele></trkpt><trkpt lat="37.56588" lon="-118.96802000000002"><ele>3101.0</ele></trkpt><trkpt lat="37.56596" lon="-118.96818999999999"><ele>3101.0</ele></trkpt><trkpt lat="37.56593" lon="-118.96834000000001"><ele>3100.0</ele></trkpt><trkpt lat="37.56596" lon="-118.96848999999997"><ele>3099.0</ele></trkpt><trkpt lat="37.56614" lon="-118.96854000000002"><ele>3099.0</ele></trkpt><trkpt lat="37.56625" lon="-118.96870999999999"><ele>3096.3449874952908</ele></trkpt><trkpt lat="37.56625" lon="-118.96870999999999"><ele>3096.3449874952908</ele></trkpt><trkpt lat="37.56625" lon="-118.96870999999999"><ele>3096.3449874952908</ele></trkpt><trkpt lat="37.56631" lon="-118.96888999999999"><ele>3096.0</ele></trkpt><trkpt lat="37.56639" lon="-118.96893999999998"><ele>3097.0</ele></trkpt><trkpt lat="37.56639" lon="-118.96893999999998"><ele>3097.0</ele></trkpt><trkpt lat="37.56639" lon="-118.96893999999998"><ele>3097.0</ele></trkpt><trkpt lat="37.56654" lon="-118.96928000000003"><ele>3098.880082971634</ele></trkpt><trkpt lat="37.56658" lon="-118.96931999999998"><ele>3099.0</ele></trkpt><trkpt lat="37.56671" lon="-118.96927"><ele>3100.7295505712527</ele></trkpt><trkpt lat="37.56664" lon="-118.96946000000003"><ele>3103.0</ele></trkpt><trkpt lat="37.56679" lon="-118.96965999999998"><ele>3106.0</ele></trkpt><trkpt lat="37.56729" lon="-118.97005999999999"><ele>3113.590631368016</ele></trkpt><trkpt lat="37.56754" lon="-118.97019"><ele>3115.0</ele></trkpt><trkpt lat="37.56774" lon="-118.97019"><ele>3114.0</ele></trkpt><trkpt lat="37.56791" lon="-118.97033999999996"><ele>3112.1697752799455</ele></trkpt><trkpt lat="37.56805" lon="-118.97039000000001"><ele>3110.0</ele></trkpt><trkpt lat="37.56829" lon="-118.97059000000002"><ele>3105.509100003168</ele></trkpt><trkpt lat="37.56847" lon="-118.97068000000002"><ele>3103.9257916044444</ele></trkpt><trkpt lat="37.56888" lon="-118.97127999999998"><ele>3093.0</ele></trkpt><trkpt lat="37.56895" lon="-118.97147999999999"><ele>3090.703510835767</ele></trkpt><trkpt lat="37.56898" lon="-118.97149999999999"><ele>3088.984342127118</ele></trkpt><trkpt lat="37.56908" lon="-118.97111999999998"><ele>3087.032970157977</ele></trkpt><trkpt lat="37.56929" lon="-118.97075000000001"><ele>3080.0</ele></trkpt><trkpt lat="37.56935" lon="-118.97060999999997"><ele>3078.0</ele></trkpt><trkpt lat="37.56938" lon="-118.97062"><ele>3078.0</ele></trkpt><trkpt lat="37.56944" lon="-118.97072000000003"><ele>3077.081578929384</ele></trkpt><trkpt lat="37.56954" lon="-118.97131000000002"><ele>3075.0</ele></trkpt><trkpt lat="37.56966" lon="-118.97149000000002"><ele>3073.9664614814055</ele></trkpt><trkpt lat="37.56974" lon="-118.97152"><ele>3072.2053505090457</ele></trkpt><trkpt lat="37.56998" lon="-118.97145"><ele>3067.1425861474127</ele></trkpt><trkpt lat="37.57007" lon="-118.97147999999999"><ele>3065.572410233305</ele></trkpt><trkpt lat="37.57015" lon="-118.97165999999999"><ele>3063.0417768403818</ele></trkpt><trkpt lat="37.57014" lon="-118.97185000000002"><ele>3060.0</ele></trkpt><trkpt lat="37.57017" lon="-118.97188"><ele>3059.0305181033805</ele></trkpt><trkpt lat="37.5704" lon="-118.97162000000003"><ele>3055.4475997798145</ele></trkpt><trkpt lat="37.57046" lon="-118.97158000000002"><ele>3054.0</ele></trkpt><trkpt lat="37.57054" lon="-118.97163999999998"><ele>3053.0</ele></trkpt><trkpt lat="37.5706" lon="-118.97176000000002"><ele>3051.62383288797</ele></trkpt><trkpt lat="37.57067" lon="-118.97183000000001"><ele>3051.0</ele></trkpt><trkpt lat="37.57091" lon="-118.97201999999999"><ele>3048.0</ele></trkpt><trkpt lat="37.57107" lon="-118.97210999999999"><ele>3047.0</ele></trkpt><trkpt lat="37.57124" lon="-118.97234000000003"><ele>3046.976765817464</ele></trkpt><trkpt lat="37.57135" lon="-118.97243000000003"><ele>3047.1640718298927</ele></trkpt><trkpt lat="37.57144" lon="-118.97267999999997"><ele>3046.0</ele></trkpt><trkpt lat="37.57152" lon="-118.97276"><ele>3046.0</ele></trkpt><trkpt lat="37.57182" lon="-118.97287"><ele>3046.0</ele></trkpt><trkpt lat="37.57207" lon="-118.97309000000001"><ele>3046.0</ele></trkpt><trkpt lat="37.57212" lon="-118.9733"><ele>3046.0</ele></trkpt><trkpt lat="37.57234" lon="-118.97359"><ele>3046.832627545584</ele></trkpt><trkpt lat="37.57242" lon="-118.97375999999997"><ele>3046.0</ele></trkpt><trkpt lat="37.57265" lon="-118.97405000000003"><ele>3044.233810988444</ele></trkpt><trkpt lat="37.57287" lon="-118.97415999999998"><ele>3043.0</ele></trkpt><trkpt lat="37.57309" lon="-118.97435000000002"><ele>3042.0</ele></trkpt><trkpt lat="37.57325" lon="-118.97446000000002"><ele>3042.0</ele></trkpt><trkpt lat="37.57334" lon="-118.97446000000002"><ele>3041.794712888077</ele></trkpt><trkpt lat="37.57346" lon="-118.97437000000002"><ele>3038.517039526355</ele></trkpt><trkpt lat="37.57352" lon="-118.97437000000002"><ele>3037.0</ele></trkpt><trkpt lat="37.57376" lon="-118.97476"><ele>3031.882695281878</ele></trkpt><trkpt lat="37.57402" lon="-118.97495000000004"><ele>3029.635505480692</ele></trkpt><trkpt lat="37.57436" lon="-118.97514000000001"><ele>3030.0</ele></trkpt><trkpt lat="37.57452" lon="-118.97528999999997"><ele>3029.0</ele></trkpt><trkpt lat="37.57469" lon="-118.97554000000002"><ele>3027.0</ele></trkpt><trkpt lat="37.5749" lon="-118.97595000000001"><ele>3020.84972034581</ele></trkpt><trkpt lat="37.57503" lon="-118.97638999999998"><ele>3016.3245584411957</ele></trkpt><trkpt lat="37.57529" lon="-118.97694999999999"><ele>3011.0</ele></trkpt><trkpt lat="37.57549080545189" lon="-118.97710838176488"><ele>3011.0</ele></trkpt><trkpt lat="37.57549080545189" lon="-118.97710838176488"><ele>3011.0</ele></trkpt><trkpt lat="37.57573462512182" lon="-118.97730069023692"><ele>3009.0</ele></trkpt><trkpt lat="37.57573462512182" lon="-118.97730069023692"><ele>3009.0</ele></trkpt><trkpt lat="37.576" lon="-118.97751"><ele>3009.0</ele></trkpt><trkpt lat="37.576" lon="-118.97751"><ele>3009.0</ele></trkpt><trkpt lat="37.576" lon="-118.97751"><ele>3009.0</ele></trkpt><trkpt lat="37.57611" lon="-118.97755000000001"><ele>3010.4471525410554</ele></trkpt><trkpt lat="37.57631" lon="-118.97755999999998"><ele>3014.0</ele></trkpt><trkpt lat="37.57645" lon="-118.97762"><ele>3014.0</ele></trkpt><trkpt lat="37.57665" lon="-118.97778"><ele>3013.0714986664243</ele></trkpt><trkpt lat="37.57684" lon="-118.97787"><ele>3011.1228053332306</ele></trkpt><trkpt lat="37.57684" lon="-118.97787"><ele>3011.1228053332306</ele></trkpt><trkpt lat="37.57684" lon="-118.97787"><ele>3011.1228053332306</ele></trkpt><trkpt lat="37.577" lon="-118.97788000000003"><ele>3012.849828389956</ele></trkpt><trkpt lat="37.57715" lon="-118.97786000000002"><ele>3015.6567715564743</ele></trkpt><trkpt lat="37.57737" lon="-118.97779000000003"><ele>3014.3945351121947</ele></trkpt><trkpt lat="37.57737" lon="-118.97779000000003"><ele>3014.3945351121947</ele></trkpt><trkpt lat="37.57737" lon="-118.97779000000003"><ele>3014.3945351121947</ele></trkpt><trkpt lat="37.57764" lon="-118.97779000000003"><ele>3013.3945351121947</ele></trkpt><trkpt lat="37.57787" lon="-118.97784000000001"><ele>3010.781514328335</ele></trkpt><trkpt lat="37.57819" lon="-118.97818000000001"><ele>3008.2217593619216</ele></trkpt><trkpt lat="37.57843" lon="-118.97836999999998"><ele>3007.0</ele></trkpt><trkpt lat="37.57863" lon="-118.97872000000001"><ele>3007.0</ele></trkpt><trkpt lat="37.57887" lon="-118.97897999999998"><ele>3005.0</ele></trkpt><trkpt lat="37.5791" lon="-118.97928000000002"><ele>3004.268733135647</ele></trkpt><trkpt lat="37.57916406065807" lon="-118.97938841034443"><ele>3005.101564117503</ele></trkpt><trkpt lat="37.57919279474778" lon="-118.97943703722626"><ele>3006.579490274191</ele></trkpt><trkpt lat="37.57923" lon="-118.97950000000003"><ele>3007.0</ele></trkpt><trkpt lat="37.57932" lon="-118.97971999999999"><ele>3008.0</ele></trkpt><trkpt lat="37.57941" lon="-118.97985"><ele>3009.0</ele></trkpt><trkpt lat="37.57941" lon="-118.97985"><ele>3009.0</ele></trkpt><trkpt lat="37.57954" lon="-118.97996999999998"><ele>3010.0</ele></trkpt><trkpt lat="37.57979" lon="-118.98007000000001"><ele>3007.0</ele></trkpt><trkpt lat="37.58016" lon="-118.98037999999997"><ele>3008.0972835542634</ele></trkpt><trkpt lat="37.5801980377249" lon="-118.9803372075595"><ele>3008.6215201927016</ele></trkpt><trkpt lat="37.5801980377249" lon="-118.9803372075595"><ele>3008.6215201927016</ele></trkpt><trkpt lat="37.58024" lon="-118.98028999999997"><ele>3009.0</ele></trkpt><trkpt lat="37.58033" lon="-118.98027000000002"><ele>3007.5310797718857</ele></trkpt><trkpt lat="37.58055" lon="-118.98045000000002"><ele>3004.8596940638736</ele></trkpt><trkpt lat="37.58085" lon="-118.98052000000001"><ele>2999.9800883864364</ele></trkpt><trkpt lat="37.58102" lon="-118.98061000000001"><ele>2996.0</ele></trkpt><trkpt lat="37.58121" lon="-118.98068"><ele>2993.813597077614</ele></trkpt><trkpt lat="37.58139" lon="-118.98070999999999"><ele>2991.0</ele></trkpt><trkpt lat="37.58164" lon="-118.98063000000002"><ele>2989.7481280011125</ele></trkpt><trkpt lat="37.58181" lon="-118.98066"><ele>2988.1462293332443</ele></trkpt><trkpt lat="37.58251" lon="-118.98097000000001"><ele>2982.207005955669</ele></trkpt><trkpt lat="37.58276" lon="-118.98104999999998"><ele>2980.0</ele></trkpt><trkpt lat="37.583" lon="-118.98091999999997"><ele>2975.0</ele></trkpt><trkpt lat="37.58325" lon="-118.98084"><ele>2972.0</ele></trkpt><trkpt lat="37.58374" lon="-118.98088000000001"><ele>2967.408182800926</ele></trkpt><trkpt lat="37.58402" lon="-118.98097999999999"><ele>2964.0</ele></trkpt><trkpt lat="37.58402" lon="-118.98097999999999"><ele>2964.0</ele></trkpt><trkpt lat="37.58402" lon="-118.98097999999999"><ele>2964.0</ele></trkpt><trkpt lat="37.58453" lon="-118.98122999999998"><ele>2959.0</ele></trkpt><trkpt lat="37.58507" lon="-118.98139000000003"><ele>2952.133290050271</ele></trkpt><trkpt lat="37.58525" lon="-118.98163999999997"><ele>2950.0</ele></trkpt><trkpt lat="37.58535" lon="-118.98193000000003"><ele>2946.778195878911</ele></trkpt><trkpt lat="37.58535" lon="-118.98193000000003"><ele>2946.778195878911</ele></trkpt><trkpt lat="37.58541" lon="-118.98193000000003"><ele>2946.0</ele></trkpt><trkpt lat="37.58541" lon="-118.98193000000003"><ele>2946.0</ele></trkpt><trkpt lat="37.58563" lon="-118.98190999999997"><ele>2941.91981087174</ele></trkpt><trkpt lat="37.58564" lon="-118.98193000000003"><ele>2942.0</ele></trkpt><trkpt lat="37.58564" lon="-118.98193000000003"><ele>2942.0</ele></trkpt><trkpt lat="37.58591" lon="-118.98230999999998"><ele>2936.0</ele></trkpt><trkpt lat="37.58617" lon="-118.98241999999999"><ele>2932.0</ele></trkpt><trkpt lat="37.5863" lon="-118.98262"><ele>2929.0</ele></trkpt><trkpt lat="37.58648" lon="-118.98274000000004"><ele>2925.0713137304506</ele></trkpt><trkpt lat="37.58681" lon="-118.98283000000004"><ele>2918.1295569079416</ele></trkpt><trkpt lat="37.58706657031082" lon="-118.98303691154098"><ele>2914.0</ele></trkpt><trkpt lat="37.58708644889148" lon="-118.98305294260422"><ele>2913.2119736690074</ele></trkpt><trkpt lat="37.58712" lon="-118.98307999999997"><ele>2913.0</ele></trkpt><trkpt lat="37.58722" lon="-118.98322999999999"><ele>2912.0</ele></trkpt><trkpt lat="37.58724" lon="-118.98342000000002"><ele>2909.368469813105</ele></trkpt><trkpt lat="37.58719" lon="-118.98363999999998"><ele>2907.9786696790957</ele></trkpt><trkpt lat="37.58707" lon="-118.98374999999999"><ele>2906.0</ele></trkpt><trkpt lat="37.58702" lon="-118.9839"><ele>2902.875752373621</ele></trkpt><trkpt lat="37.58701" lon="-118.98419000000001"><ele>2900.0</ele></trkpt><trkpt lat="37.58689" lon="-118.98435"><ele>2898.0</ele></trkpt><trkpt lat="37.58687" lon="-118.98444999999998"><ele>2896.2269688895904</ele></trkpt><trkpt lat="37.58695" lon="-118.98451"><ele>2894.0</ele></trkpt><trkpt lat="37.58717" lon="-118.98449"><ele>2891.108216060073</ele></trkpt><trkpt lat="37.58738" lon="-118.98442999999997"><ele>2889.0</ele></trkpt><trkpt lat="37.58751" lon="-118.98444"><ele>2886.0</ele></trkpt><trkpt lat="37.58755" lon="-118.98451"><ele>2884.409235050083</ele></trkpt><trkpt lat="37.5875" lon="-118.98471"><ele>2882.0</ele></trkpt><trkpt lat="37.58757" lon="-118.98475000000002"><ele>2880.190318064272</ele></trkpt><trkpt lat="37.58774" lon="-118.98473999999999"><ele>2878.5524010910776</ele></trkpt><trkpt lat="37.58797" lon="-118.98439000000002"><ele>2873.272373636719</ele></trkpt><trkpt lat="37.5882" lon="-118.98415"><ele>2869.7802202228677</ele></trkpt><trkpt lat="37.58826" lon="-118.98415"><ele>2867.1937964446843</ele></trkpt><trkpt lat="37.58829" lon="-118.98428000000001"><ele>2864.429440345615</ele></trkpt><trkpt lat="37.5882" lon="-118.98442"><ele>2864.895959427356</ele></trkpt><trkpt lat="37.58824" lon="-118.98444999999998"><ele>2862.597002340015</ele></trkpt><trkpt lat="37.58839" lon="-118.98430000000002"><ele>2859.548248210922</ele></trkpt><trkpt lat="37.58853" lon="-118.98401999999999"><ele>2856.497180201577</ele></trkpt><trkpt lat="37.58862" lon="-118.98397999999997"><ele>2854.021476313472</ele></trkpt><trkpt lat="37.58866" lon="-118.98405000000002"><ele>2852.956412599565</ele></trkpt><trkpt lat="37.58868" lon="-118.98422"><ele>2851.0</ele></trkpt><trkpt lat="37.58861" lon="-118.98459000000003"><ele>2847.8838537535503</ele></trkpt><trkpt lat="37.58861" lon="-118.98473999999999"><ele>2845.7119893333875</ele></trkpt><trkpt lat="37.58865" lon="-118.98477000000003"><ele>2844.0</ele></trkpt><trkpt lat="37.58885" lon="-118.98467"><ele>2839.986975321874</ele></trkpt><trkpt lat="37.58897" lon="-118.98466000000002"><ele>2836.4402595544234</ele></trkpt><trkpt lat="37.58899" lon="-118.98484000000002"><ele>2833.260929465294</ele></trkpt><trkpt lat="37.58888" lon="-118.98511000000002"><ele>2831.0</ele></trkpt><trkpt lat="37.58885" lon="-118.98561999999998"><ele>2827.0</ele></trkpt><trkpt lat="37.5889" lon="-118.98586"><ele>2824.554045410827</ele></trkpt><trkpt lat="37.58887" lon="-118.98609999999996"><ele>2823.105521638889</ele></trkpt><trkpt lat="37.58892" lon="-118.98617000000002"><ele>2821.026128171994</ele></trkpt><trkpt lat="37.58911" lon="-118.98602"><ele>2819.0121379035413</ele></trkpt><trkpt lat="37.58923" lon="-118.98604999999998"><ele>2817.0493853006956</ele></trkpt><trkpt lat="37.58956" lon="-118.98649"><ele>2811.1560782222077</ele></trkpt><trkpt lat="37.58957806115401" lon="-118.98649628214054"><ele>2811.0</ele></trkpt><trkpt lat="37.589637390623075" lon="-118.98651691844998"><ele>2811.0</ele></trkpt><trkpt lat="37.58979" lon="-118.98657000000003"><ele>2809.210728637874</ele></trkpt><trkpt lat="37.5899" lon="-118.98674"><ele>2807.505233777687</ele></trkpt><trkpt lat="37.58992" lon="-118.98687000000001"><ele>2805.446794665884</ele></trkpt><trkpt lat="37.58987" lon="-118.98696999999999"><ele>2802.280776145868</ele></trkpt><trkpt lat="37.58992" lon="-118.9871"><ele>2798.846323723841</ele></trkpt><trkpt lat="37.59031" lon="-118.98759000000001"><ele>2791.3321133753207</ele></trkpt><trkpt lat="37.59055" lon="-118.98801000000003"><ele>2783.806374578271</ele></trkpt><trkpt lat="37.5906" lon="-118.98854"><ele>2776.571885049343</ele></trkpt><trkpt lat="37.59077" lon="-118.98894999999999"><ele>2775.0</ele></trkpt><trkpt lat="37.59077" lon="-118.98894999999999"><ele>2775.0</ele></trkpt><trkpt lat="37.59077" lon="-118.98894999999999"><ele>2775.0</ele></trkpt><trkpt lat="37.59122" lon="-118.98912000000001"><ele>2772.0</ele></trkpt></trkseg></trk></gpx>